attempt_type,case_id,validation_macro_normalized_rmse,selected_on_validation,reason,prior,likelihood,claim_class,probe_method,tone_count,power_status,nuisance_projection,nonnegative_constraint,uses_thz,uses_context,uses_true_past_pollutants,uses_test_for_selection,test_macro_normalized_rmse,validation_thz_gain_over_prior,test_thz_gain_over_prior,test_delta_vs_current_ridge,selected_roles,status
context_prior_alpha,context_prior_alpha_0.01,0.27781314867711004,False,Context alpha candidate using training-fitted preprocessing only.,,,,,,,,,,,,,,,,,,
context_prior_alpha,context_prior_alpha_0.1,0.2778105777421423,False,Context alpha candidate using training-fitted preprocessing only.,,,,,,,,,,,,,,,,,,
context_prior_alpha,context_prior_alpha_1,0.2777862538519907,False,Context alpha candidate using training-fitted preprocessing only.,,,,,,,,,,,,,,,,,,
context_prior_alpha,context_prior_alpha_10,0.2776248390798436,False,Context alpha candidate using training-fitted preprocessing only.,,,,,,,,,,,,,,,,,,
context_prior_alpha,context_prior_alpha_100,0.27734123219562107,True,Context alpha candidate using training-fitted preprocessing only.,,,,,,,,,,,,,,,,,,
context_prior_alpha,context_prior_alpha_1000,0.287972461573794,False,Context alpha candidate using training-fitted preprocessing only.,,,,,,,,,,,,,,,,,,
context_prior_alpha,context_prior_alpha_10000,0.316591049754056,False,Context alpha candidate using training-fitted preprocessing only.,,,,,,,,,,,,,,,,,,
context_prior_alpha,context_prior_alpha_100000,0.338833811616359,False,Context alpha candidate using training-fitted preprocessing only.,,,,,,,,,,,,,,,,,,
prior_control,training_prior_control,0.34893236181340676,,Training-period mean without THz observations.,training_prior,none,non_thz_control,none,0.0,none,False,False,False,False,False,False,0.3474788618078087,0.0,0.0,3.54176569686282e-05,,control
prior_control,context_prior_control,0.27734123219562107,,"Calendar, station, and current-weather Ridge without THz observations.",context_prior,none,non_thz_control,none,0.0,none,False,False,False,True,False,False,0.27556140520088046,0.0,0.0,-0.07188203894995959,,control
prior_control,context_prior_control__nonnegative,0.27464639993514733,,Context-only control with the predeclared nonnegative constraint.,context_prior,none,non_thz_control,none,0.0,none,False,True,False,True,False,False,0.27383430575805523,0.0,0.0,-0.07360913839278482,,control
thz_inversion,training_prior__pilot_power_residual__uniform__k16,0.34892745127537944,,Validation-only case selection; test THz gain over its prior control is 1.27120836e-05.,training_prior,pilot_power_residual,declared_reference_likelihood,uniform,16.0,equal,False,False,True,False,False,False,0.3474661497242257,4.910538027314004e-06,1.271208358299969e-05,2.2705573385628508e-05,best_declared_training_prior,thz_increment_improved
thz_inversion,training_prior__pilot_power_residual__physics_d_optimal__k16,0.349065022818084,,Validation-only case selection; test THz gain over its prior control is 4.49319309e-05.,training_prior,pilot_power_residual,declared_reference_likelihood,physics_d_optimal,16.0,equal,False,False,True,False,False,False,0.3474339298768798,-0.00013266100467723696,4.493193092885983e-05,-9.514273960231634e-06,,thz_increment_improved
thz_inversion,training_prior__pilot_power_residual__prior_d_optimal__k16,0.3490527290493592,,Validation-only case selection; test THz gain over its prior control is 6.78787917e-05.,training_prior,pilot_power_residual,declared_reference_likelihood,prior_d_optimal,16.0,equal,False,False,True,False,False,False,0.34741098301607604,-0.00012036723595243437,6.78787917326451e-05,-3.246113476401691e-05,,thz_increment_improved
thz_inversion,training_prior__pilot_power_residual__bayesian_a_optimal__k16,0.34900730127705293,,Validation-only case selection; test THz gain over its prior control is 7.32893159e-05.,training_prior,pilot_power_residual,declared_reference_likelihood,bayesian_a_optimal,16.0,equal,False,False,True,False,False,False,0.3474055724919356,-7.49394636461731e-05,7.328931587308185e-05,-3.787165890445365e-05,,thz_increment_improved
thz_inversion,training_prior__pilot_power_residual__target_balanced__k16,0.3490690113729163,,Validation-only case selection; test THz gain over its prior control is 8.37166241e-05.,training_prior,pilot_power_residual,declared_reference_likelihood,target_balanced,16.0,equal,False,False,True,False,False,False,0.3473951451836749,-0.0001366495595095385,8.371662413375613e-05,-4.829896716512794e-05,,thz_increment_improved
thz_inversion,training_prior__pilot_power_residual__uniform__k32,0.3490084078037515,,Validation-only case selection; test THz gain over its prior control is 2.15938312e-05.,training_prior,pilot_power_residual,declared_reference_likelihood,uniform,32.0,equal,False,False,True,False,False,False,0.34745726797657683,-7.60459903447197e-05,2.159383123184755e-05,1.3823825736780648e-05,,thz_increment_improved
thz_inversion,training_prior__pilot_power_residual__physics_d_optimal__k32,0.3490411909864179,,Validation-only case selection; test THz gain over its prior control is 8.64796505e-05.,training_prior,pilot_power_residual,declared_reference_likelihood,physics_d_optimal,32.0,equal,False,False,True,False,False,False,0.3473923821573091,-0.00010882917301113793,8.647965049957129e-05,-5.1061993530943095e-05,,thz_increment_improved
thz_inversion,training_prior__pilot_power_residual__prior_d_optimal__k32,0.34904093254292906,,Validation-only case selection; test THz gain over its prior control is 9.04887027e-05.,training_prior,pilot_power_residual,declared_reference_likelihood,prior_d_optimal,32.0,equal,False,False,True,False,False,False,0.3473883731051102,-0.00010857072952230595,9.048870269845466e-05,-5.507104572982646e-05,,thz_increment_improved
thz_inversion,training_prior__pilot_power_residual__bayesian_a_optimal__k32,0.3489723226943399,,Validation-only case selection; test THz gain over its prior control is 7.45613232e-05.,training_prior,pilot_power_residual,declared_reference_likelihood,bayesian_a_optimal,32.0,equal,False,False,True,False,False,False,0.34740430048456655,-3.99608809331653e-05,7.456132324212827e-05,-3.914366627350008e-05,,thz_increment_improved
thz_inversion,training_prior__pilot_power_residual__target_balanced__k32,0.3490057722325209,,Validation-only case selection; test THz gain over its prior control is 8.87239815e-05.,training_prior,pilot_power_residual,declared_reference_likelihood,target_balanced,32.0,equal,False,False,True,False,False,False,0.3473901378263009,-7.341041911412827e-05,8.872398150777672e-05,-5.330632453914852e-05,,thz_increment_improved
thz_inversion,training_prior__pilot_power_residual__uniform__k64,0.34898875832428505,,Validation-only case selection; test THz gain over its prior control is 2.18261548e-05.,training_prior,pilot_power_residual,declared_reference_likelihood,uniform,64.0,equal,False,False,True,False,False,False,0.3474570356530106,-5.639651087829822e-05,2.1826154798065822e-05,1.3591502170562375e-05,,thz_increment_improved
thz_inversion,training_prior__pilot_power_residual__physics_d_optimal__k64,0.3490152837712006,,Validation-only case selection; test THz gain over its prior control is 8.17685243e-05.,training_prior,pilot_power_residual,declared_reference_likelihood,physics_d_optimal,64.0,equal,False,False,True,False,False,False,0.34739709328349355,-8.29219577938578e-05,8.176852431512893e-05,-4.6350867346500735e-05,,thz_increment_improved
thz_inversion,training_prior__pilot_power_residual__prior_d_optimal__k64,0.34897403703425683,,Validation-only case selection; test THz gain over its prior control is 6.45089555e-05.,training_prior,pilot_power_residual,declared_reference_likelihood,prior_d_optimal,64.0,equal,False,False,True,False,False,False,0.34741435285228645,-4.167522085007924e-05,6.450895552223557e-05,-2.909129855360737e-05,,thz_increment_improved
thz_inversion,training_prior__pilot_power_residual__bayesian_a_optimal__k64,0.34897423676276856,,Validation-only case selection; test THz gain over its prior control is 5.40710139e-05.,training_prior,pilot_power_residual,declared_reference_likelihood,bayesian_a_optimal,64.0,equal,False,False,True,False,False,False,0.34742479079386673,-4.187494936180869e-05,5.4071013941947577e-05,-1.865335697331938e-05,,thz_increment_improved
thz_inversion,training_prior__pilot_power_residual__target_balanced__k64,0.3489991052859028,,Validation-only case selection; test THz gain over its prior control is 8.54897703e-05.,training_prior,pilot_power_residual,declared_reference_likelihood,target_balanced,64.0,equal,False,False,True,False,False,False,0.34739337203748394,-6.674347249602253e-05,8.548977032474259e-05,-5.007211335611439e-05,,thz_increment_improved
thz_inversion,training_prior__pilot_power_residual__uniform__k128,0.3489687073926098,,Validation-only case selection; test THz gain over its prior control is 5.72663003e-05.,training_prior,pilot_power_residual,declared_reference_likelihood,uniform,128.0,equal,False,False,True,False,False,False,0.3474215955075058,-3.634557920306758e-05,5.7266300302893924e-05,-2.1848643334265727e-05,,thz_increment_improved
thz_inversion,training_prior__pilot_power_residual__physics_d_optimal__k128,0.3490031146109939,,Validation-only case selection; test THz gain over its prior control is 5.56159418e-05.,training_prior,pilot_power_residual,declared_reference_likelihood,physics_d_optimal,128.0,equal,False,False,True,False,False,False,0.34742324586605006,-7.075279758717024e-05,5.561594175862439e-05,-2.019828478999619e-05,,thz_increment_improved
thz_inversion,training_prior__pilot_power_residual__prior_d_optimal__k128,0.34900275864969293,,Validation-only case selection; test THz gain over its prior control is 5.24259252e-05.,training_prior,pilot_power_residual,declared_reference_likelihood,prior_d_optimal,128.0,equal,False,False,True,False,False,False,0.3474264358825799,-7.039683628617954e-05,5.242592522880507e-05,-1.7008268260176873e-05,,thz_increment_improved
thz_inversion,training_prior__pilot_power_residual__bayesian_a_optimal__k128,0.3490124256587925,,Validation-only case selection; test THz gain over its prior control is 5.58556569e-05.,training_prior,pilot_power_residual,declared_reference_likelihood,bayesian_a_optimal,128.0,equal,False,False,True,False,False,False,0.3474230061509534,-8.006384538572497e-05,5.585565685528593e-05,-2.0437999886657732e-05,,thz_increment_improved
thz_inversion,training_prior__pilot_power_residual__target_balanced__k128,0.34900101453305615,,Validation-only case selection; test THz gain over its prior control is 6.70054556e-05.,training_prior,pilot_power_residual,declared_reference_likelihood,target_balanced,128.0,equal,False,False,True,False,False,False,0.347411856352208,-6.865271964939801e-05,6.700545560067717e-05,-3.158779863204897e-05,,thz_increment_improved
thz_inversion,training_prior__pilot_power_residual__uniform__k256,0.3490090382867184,,Validation-only case selection; test THz gain over its prior control is 4.35341863e-05.,training_prior,pilot_power_residual,declared_reference_likelihood,uniform,256.0,equal,False,False,True,False,False,False,0.3474353276214875,-7.667647331166538e-05,4.3534186321192436e-05,-8.116529352564239e-06,,thz_increment_improved
thz_inversion,training_prior__pilot_power_residual__bayesian_a_optimal_power_unbounded__k32,0.3489723226943399,,Validation-only case selection; test THz gain over its prior control is 7.45613232e-05. The power optimizer found no accepted risk reduction and retained equal power. The weakly bounded optimizer may concentrate nearly all power on one tone and exploit training target correlations rather than spectrally resolve every target.,training_prior,pilot_power_residual,declared_reference_likelihood+correlation_concentrated_power_sensitivity,bayesian_a_optimal_power_unbounded,32.0,fallback_equal_power_unbounded,False,False,True,False,False,False,0.34740430048456655,-3.99608809331653e-05,7.456132324212827e-05,-3.914366627350008e-05,,thz_increment_improved
thz_inversion,training_prior__pilot_power_residual__bayesian_a_optimal_power_bounded_4x__k32,0.3489723226943399,,Validation-only case selection; test THz gain over its prior control is 7.45613232e-05. The power optimizer found no accepted risk reduction and retained equal power.,training_prior,pilot_power_residual,declared_reference_likelihood,bayesian_a_optimal_power_bounded_4x,32.0,fallback_equal_power_bounded_4x,False,False,True,False,False,False,0.34740430048456655,-3.99608809331653e-05,7.456132324212827e-05,-3.914366627350008e-05,,thz_increment_improved
thz_inversion,training_prior__pilot_power_residual__full_offset_background_projected,0.3489774137828309,,Validation-only case selection; test THz gain over its prior control is 7.34525897e-05. Offset and background columns are projected out although the simulator injects neither nuisance.,training_prior,pilot_power_residual,declared_reference_likelihood,full_offset_background_projected,256.0,equal,True,False,True,False,False,False,0.3474054092181023,-4.5051969424170224e-05,7.34525897063687e-05,-3.80349327377405e-05,,thz_increment_improved
thz_inversion,training_prior__coherent_csi_residual__uniform__k16,0.3489240872224732,,Validation-only case selection; test THz gain over its prior control is 2.0441581e-05. The coherent CSI delta-method likelihood is not receiver-validated.,training_prior,coherent_csi_residual,unvalidated_likelihood_sensitivity,uniform,16.0,equal,False,False,True,False,False,False,0.34745842022681517,8.274590933554649e-06,2.044158099351323e-05,1.4976075975114966e-05,best_training_prior_residual_retaining,thz_increment_improved
thz_inversion,training_prior__coherent_csi_residual__physics_d_optimal__k16,0.3491124366826925,,Validation-only case selection; test THz gain over its prior control is 9.66653837e-05. The coherent CSI delta-method likelihood is not receiver-validated.,training_prior,coherent_csi_residual,unvalidated_likelihood_sensitivity,physics_d_optimal,16.0,equal,False,False,True,False,False,False,0.34738219642412344,-0.00018007486928572902,9.666538368524602e-05,-6.124772671661782e-05,,thz_increment_improved
thz_inversion,training_prior__coherent_csi_residual__prior_d_optimal__k16,0.3490916542042188,,Validation-only case selection; test THz gain over its prior control is 0.000134272589. The coherent CSI delta-method likelihood is not receiver-validated.,training_prior,coherent_csi_residual,unvalidated_likelihood_sensitivity,prior_d_optimal,16.0,equal,False,False,True,False,False,False,0.34734458921905964,-0.00015929239081202695,0.00013427258874904036,-9.885493178041216e-05,,thz_increment_improved
thz_inversion,training_prior__coherent_csi_residual__bayesian_a_optimal__k16,0.3490094113049948,,Validation-only case selection; test THz gain over its prior control is 0.000152374073. The coherent CSI delta-method likelihood is not receiver-validated.,training_prior,coherent_csi_residual,unvalidated_likelihood_sensitivity,bayesian_a_optimal,16.0,equal,False,False,True,False,False,False,0.34732648773482094,-7.704949158804375e-05,0.00015237407298773764,-0.00011695641601910944,,thz_increment_improved
thz_inversion,training_prior__coherent_csi_residual__target_balanced__k16,0.3490940894674602,,Validation-only case selection; test THz gain over its prior control is 0.000186781861. The coherent CSI delta-method likelihood is not receiver-validated.,training_prior,coherent_csi_residual,unvalidated_likelihood_sensitivity,target_balanced,16.0,equal,False,False,True,False,False,False,0.3472920799468606,-0.00016172765405342293,0.00018678186094805982,-0.00015136420397943162,,thz_increment_improved
thz_inversion,training_prior__coherent_csi_residual__uniform__k32,0.3490379007416718,,Validation-only case selection; test THz gain over its prior control is 4.86802185e-05. The coherent CSI delta-method likelihood is not receiver-validated.,training_prior,coherent_csi_residual,unvalidated_likelihood_sensitivity,uniform,32.0,equal,False,False,True,False,False,False,0.3474301815892666,-0.00010553892826503652,4.8680218542096476e-05,-1.3262561573468279e-05,,thz_increment_improved
thz_inversion,training_prior__coherent_csi_residual__physics_d_optimal__k32,0.3490649606088254,,Validation-only case selection; test THz gain over its prior control is 0.000165382116. The coherent CSI delta-method likelihood is not receiver-validated.,training_prior,coherent_csi_residual,unvalidated_likelihood_sensitivity,physics_d_optimal,32.0,equal,False,False,True,False,False,False,0.34731347969179027,-0.00013259879541865915,0.0001653821160184088,-0.0001299644590497806,,thz_increment_improved
thz_inversion,training_prior__coherent_csi_residual__prior_d_optimal__k32,0.34906199625645157,,Validation-only case selection; test THz gain over its prior control is 0.000176503291. The coherent CSI delta-method likelihood is not receiver-validated.,training_prior,coherent_csi_residual,unvalidated_likelihood_sensitivity,prior_d_optimal,32.0,equal,False,False,True,False,False,False,0.34730235851672786,-0.00012963444304481264,0.00017650329108082063,-0.00014108563411219244,,thz_increment_improved
thz_inversion,training_prior__coherent_csi_residual__bayesian_a_optimal__k32,0.34894951457903334,,Validation-only case selection; test THz gain over its prior control is 0.000152735315. The coherent CSI delta-method likelihood is not receiver-validated.,training_prior,coherent_csi_residual,unvalidated_likelihood_sensitivity,bayesian_a_optimal,32.0,equal,False,False,True,False,False,False,0.3473261264927811,-1.715276562658241e-05,0.00015273531502757454,-0.00011731765805894634,,thz_increment_improved
thz_inversion,training_prior__coherent_csi_residual__target_balanced__k32,0.3489785963285081,,Validation-only case selection; test THz gain over its prior control is 0.000172465372. The coherent CSI delta-method likelihood is not receiver-validated.,training_prior,coherent_csi_residual,unvalidated_likelihood_sensitivity,target_balanced,32.0,equal,False,False,True,False,False,False,0.3473063964353822,-4.623451510132881e-05,0.00017246537242648907,-0.00013704771545786087,,thz_increment_improved
thz_inversion,training_prior__coherent_csi_residual__uniform__k64,0.3490076104216761,,Validation-only case selection; test THz gain over its prior control is 4.35071585e-05. The coherent CSI delta-method likelihood is not receiver-validated.,training_prior,coherent_csi_residual,unvalidated_likelihood_sensitivity,uniform,64.0,equal,False,False,True,False,False,False,0.34743535464935166,-7.524860826935154e-05,4.3507158457023465e-05,-8.089501488395268e-06,,thz_increment_improved
thz_inversion,training_prior__coherent_csi_residual__physics_d_optimal__k64,0.348998404740541,,Validation-only case selection; test THz gain over its prior control is 0.000150755895. The coherent CSI delta-method likelihood is not receiver-validated.,training_prior,coherent_csi_residual,unvalidated_likelihood_sensitivity,physics_d_optimal,64.0,equal,False,False,True,False,False,False,0.34732810591302216,-6.604292713424664e-05,0.00015075589478652507,-0.00011533823781789687,,thz_increment_improved
thz_inversion,training_prior__coherent_csi_residual__prior_d_optimal__k64,0.34895905655833154,,Validation-only case selection; test THz gain over its prior control is 0.000135385444. The coherent CSI delta-method likelihood is not receiver-validated.,training_prior,coherent_csi_residual,unvalidated_likelihood_sensitivity,prior_d_optimal,64.0,equal,False,False,True,False,False,False,0.34734347636405505,-2.66947449247823e-05,0.00013538544375363282,-9.996778678500462e-05,,thz_increment_improved
thz_inversion,training_prior__coherent_csi_residual__bayesian_a_optimal__k64,0.3489367310038241,,Validation-only case selection; test THz gain over its prior control is 0.000127275876. The coherent CSI delta-method likelihood is not receiver-validated.,training_prior,coherent_csi_residual,unvalidated_likelihood_sensitivity,bayesian_a_optimal,64.0,equal,False,False,True,False,False,False,0.34735158593200205,-4.36919041735262e-06,0.0001272758758066317,-9.185821883800349e-05,,thz_increment_improved
thz_inversion,training_prior__coherent_csi_residual__target_balanced__k64,0.34896840031849835,,Validation-only case selection; test THz gain over its prior control is 0.000159756761. The coherent CSI delta-method likelihood is not receiver-validated.,training_prior,coherent_csi_residual,unvalidated_likelihood_sensitivity,target_balanced,64.0,equal,False,False,True,False,False,False,0.347319105046769,-3.6038505091595674e-05,0.0001597567610396866,-0.00012433910407105842,,thz_increment_improved
thz_inversion,training_prior__coherent_csi_residual__uniform__k128,0.3489668142426376,,Validation-only case selection; test THz gain over its prior control is 0.00010184043. The coherent CSI delta-method likelihood is not receiver-validated.,training_prior,coherent_csi_residual,unvalidated_likelihood_sensitivity,uniform,128.0,equal,False,False,True,False,False,False,0.34737702137780596,-3.445242923083569e-05,0.0001018404300027198,-6.642277303409161e-05,,thz_increment_improved
thz_inversion,training_prior__coherent_csi_residual__physics_d_optimal__k128,0.34899436660358,,Validation-only case selection; test THz gain over its prior control is 0.000123809911. The coherent CSI delta-method likelihood is not receiver-validated.,training_prior,coherent_csi_residual,unvalidated_likelihood_sensitivity,physics_d_optimal,128.0,equal,False,False,True,False,False,False,0.34735505189638566,-6.200479017326455e-05,0.0001238099114230229,-8.839225445439469e-05,,thz_increment_improved
thz_inversion,training_prior__coherent_csi_residual__prior_d_optimal__k128,0.34898540598646455,,Validation-only case selection; test THz gain over its prior control is 0.000123396972. The coherent CSI delta-method likelihood is not receiver-validated.,training_prior,coherent_csi_residual,unvalidated_likelihood_sensitivity,prior_d_optimal,128.0,equal,False,False,True,False,False,False,0.34735546483573604,-5.304417305779241e-05,0.00012339697207264244,-8.797931510401424e-05,,thz_increment_improved
thz_inversion,training_prior__coherent_csi_residual__bayesian_a_optimal__k128,0.3490080037529841,,Validation-only case selection; test THz gain over its prior control is 0.000118207543. The coherent CSI delta-method likelihood is not receiver-validated.,training_prior,coherent_csi_residual,unvalidated_likelihood_sensitivity,bayesian_a_optimal,128.0,equal,False,False,True,False,False,False,0.34736065426529,-7.564193957732002e-05,0.00011820754251867793,-8.278988555004974e-05,,thz_increment_improved
thz_inversion,training_prior__coherent_csi_residual__target_balanced__k128,0.34898878997227656,,Validation-only case selection; test THz gain over its prior control is 0.000131387576. The coherent CSI delta-method likelihood is not receiver-validated.,training_prior,coherent_csi_residual,unvalidated_likelihood_sensitivity,target_balanced,128.0,equal,False,False,True,False,False,False,0.347347474231859,-5.642815886980346e-05,0.00013138757594965966,-9.596991898103147e-05,,thz_increment_improved
thz_inversion,training_prior__coherent_csi_residual__uniform__k256,0.3490051723439131,,Validation-only case selection; test THz gain over its prior control is 9.66496675e-05. The coherent CSI delta-method likelihood is not receiver-validated.,training_prior,coherent_csi_residual,unvalidated_likelihood_sensitivity,uniform,256.0,equal,False,False,True,False,False,False,0.34738221214034254,-7.281053050633979e-05,9.664966746614212e-05,-6.123201049751392e-05,,thz_increment_improved
thz_inversion,training_prior__coherent_csi_residual__bayesian_a_optimal_power_unbounded__k32,0.34895106424416267,,Validation-only case selection; test THz gain over its prior control is 0.000156059075. The coherent CSI delta-method likelihood is not receiver-validated. Power allocation reduced training-prior posterior risk at fixed total power. The weakly bounded optimizer may concentrate nearly all power on one tone and exploit training target correlations rather than spectrally resolve every target.,training_prior,coherent_csi_residual,unvalidated_likelihood_sensitivity+correlation_concentrated_power_sensitivity,bayesian_a_optimal_power_unbounded,32.0,optimized_power_unbounded,False,False,True,False,False,False,0.34732280273299015,-1.870243075591249e-05,0.00015605907481852643,-0.00012064141784989824,,thz_increment_improved
thz_inversion,training_prior__coherent_csi_residual__bayesian_a_optimal_power_bounded_4x__k32,0.34895106424416267,,Validation-only case selection; test THz gain over its prior control is 0.000156059075. The coherent CSI delta-method likelihood is not receiver-validated. Power allocation reduced training-prior posterior risk at fixed total power.,training_prior,coherent_csi_residual,unvalidated_likelihood_sensitivity,bayesian_a_optimal_power_bounded_4x,32.0,optimized_power_bounded_4x,False,False,True,False,False,False,0.34732280273299015,-1.870243075591249e-05,0.00015605907481852643,-0.00012064141784989824,,thz_increment_improved
thz_inversion,training_prior__coherent_csi_residual__full_offset_background_projected,0.3489646018444244,,Validation-only case selection; test THz gain over its prior control is 0.000138361369. The coherent CSI delta-method likelihood is not receiver-validated. Offset and background columns are projected out although the simulator injects neither nuisance.,training_prior,coherent_csi_residual,unvalidated_likelihood_sensitivity,full_offset_background_projected,256.0,equal,True,False,True,False,False,False,0.3473405004387739,-3.2240031017649606e-05,0.00013836136903477847,-0.00010294371206615027,,thz_increment_improved
thz_inversion,training_prior__coherent_csi_zero_residual__uniform__k16,0.34860644289277315,,Validation-only case selection; test THz gain over its prior control is 0.000197434692. This assumes the independent residual error is exactly zero.,training_prior,coherent_csi_zero_residual,optimistic_zero_residual_sensitivity,uniform,16.0,equal,False,False,True,False,False,False,0.3472814271157327,0.0003259189206336055,0.00019743469207600395,-0.00016201703510737575,,thz_increment_improved
thz_inversion,training_prior__coherent_csi_zero_residual__physics_d_optimal__k16,0.32942757445222187,,Validation-only case selection; test THz gain over its prior control is 0.0186974906. This assumes the independent residual error is exactly zero.,training_prior,coherent_csi_zero_residual,optimistic_zero_residual_sensitivity,physics_d_optimal,16.0,equal,False,False,True,False,False,False,0.32878137121175083,0.019504787361184883,0.018697490596057853,-0.018662072939089225,,thz_increment_improved
thz_inversion,training_prior__coherent_csi_zero_residual__prior_d_optimal__k16,0.3290267623839773,,Validation-only case selection; test THz gain over its prior control is 0.0192541456. This assumes the independent residual error is exactly zero.,training_prior,coherent_csi_zero_residual,optimistic_zero_residual_sensitivity,prior_d_optimal,16.0,equal,False,False,True,False,False,False,0.32822471622021226,0.019905599429429433,0.019254145587596416,-0.019218727930627788,,thz_increment_improved
thz_inversion,training_prior__coherent_csi_zero_residual__bayesian_a_optimal__k16,0.3226621387421559,,Validation-only case selection; test THz gain over its prior control is 0.0247520286. This assumes the independent residual error is exactly zero.,training_prior,coherent_csi_zero_residual,optimistic_zero_residual_sensitivity,bayesian_a_optimal,16.0,equal,False,False,True,False,False,False,0.32272683319468815,0.026270223071250876,0.024752028613120536,-0.024716610956151908,best_training_prior_equal_power,thz_increment_improved
thz_inversion,training_prior__coherent_csi_zero_residual__target_balanced__k16,0.327656284620343,,Validation-only case selection; test THz gain over its prior control is 0.021393186. This assumes the independent residual error is exactly zero.,training_prior,coherent_csi_zero_residual,optimistic_zero_residual_sensitivity,target_balanced,16.0,equal,False,False,True,False,False,False,0.32608567577455333,0.021276077193063736,0.02139318603325535,-0.021357768376286723,,thz_increment_improved
thz_inversion,training_prior__coherent_csi_zero_residual__uniform__k32,0.3442164878106342,,Validation-only case selection; test THz gain over its prior control is 0.00541309022. This assumes the independent residual error is exactly zero.,training_prior,coherent_csi_zero_residual,optimistic_zero_residual_sensitivity,uniform,32.0,equal,False,False,True,False,False,False,0.34206577158451146,0.004715874002772569,0.005413090223297223,-0.005377672566328595,,thz_increment_improved
thz_inversion,training_prior__coherent_csi_zero_residual__physics_d_optimal__k32,0.33590610571691687,,Validation-only case selection; test THz gain over its prior control is 0.0125835649. This assumes the independent residual error is exactly zero.,training_prior,coherent_csi_zero_residual,optimistic_zero_residual_sensitivity,physics_d_optimal,32.0,equal,False,False,True,False,False,False,0.334895296881037,0.013026256096489885,0.012583564926771706,-0.012548147269803078,,thz_increment_improved
thz_inversion,training_prior__coherent_csi_zero_residual__prior_d_optimal__k32,0.3356386874610793,,Validation-only case selection; test THz gain over its prior control is 0.0130791. This assumes the independent residual error is exactly zero.,training_prior,coherent_csi_zero_residual,optimistic_zero_residual_sensitivity,prior_d_optimal,32.0,equal,False,False,True,False,False,False,0.33439976185383724,0.013293674352327478,0.01307909995397144,-0.013043682297002812,,thz_increment_improved
thz_inversion,training_prior__coherent_csi_zero_residual__bayesian_a_optimal__k32,0.33339205419552176,,Validation-only case selection; test THz gain over its prior control is 0.0139989963. This assumes the independent residual error is exactly zero.,training_prior,coherent_csi_zero_residual,optimistic_zero_residual_sensitivity,bayesian_a_optimal,32.0,equal,False,False,True,False,False,False,0.33347986551000725,0.015540307617884996,0.013998996297801436,-0.013963578640832808,,thz_increment_improved
thz_inversion,training_prior__coherent_csi_zero_residual__target_balanced__k32,0.33535206873050805,,Validation-only case selection; test THz gain over its prior control is 0.0133982773. This assumes the independent residual error is exactly zero.,training_prior,coherent_csi_zero_residual,optimistic_zero_residual_sensitivity,target_balanced,32.0,equal,False,False,True,False,False,False,0.3340805845015173,0.013580293082898709,0.013398277306291395,-0.013362859649322767,,thz_increment_improved
thz_inversion,training_prior__coherent_csi_zero_residual__uniform__k64,0.3470033478431891,,Validation-only case selection; test THz gain over its prior control is 0.00226697549. This assumes the independent residual error is exactly zero.,training_prior,coherent_csi_zero_residual,optimistic_zero_residual_sensitivity,uniform,64.0,equal,False,False,True,False,False,False,0.3452118863224192,0.0019290139702176634,0.0022669754853894553,-0.002231557828420827,,thz_increment_improved
thz_inversion,training_prior__coherent_csi_zero_residual__physics_d_optimal__k64,0.3409994322290533,,Validation-only case selection; test THz gain over its prior control is 0.00753841267. This assumes the independent residual error is exactly zero.,training_prior,coherent_csi_zero_residual,optimistic_zero_residual_sensitivity,physics_d_optimal,64.0,equal,False,False,True,False,False,False,0.33994044913743676,0.007932929584353432,0.007538412670371919,-0.007502995013403291,,thz_increment_improved
thz_inversion,training_prior__coherent_csi_zero_residual__prior_d_optimal__k64,0.3411814947398144,,Validation-only case selection; test THz gain over its prior control is 0.0075444141. This assumes the independent residual error is exactly zero.,training_prior,coherent_csi_zero_residual,optimistic_zero_residual_sensitivity,prior_d_optimal,64.0,equal,False,False,True,False,False,False,0.3399344477065489,0.007750867073592349,0.007544414101259778,-0.007508996444291149,,thz_increment_improved
thz_inversion,training_prior__coherent_csi_zero_residual__bayesian_a_optimal__k64,0.3407840772235609,,Validation-only case selection; test THz gain over its prior control is 0.00739417773. This assumes the independent residual error is exactly zero.,training_prior,coherent_csi_zero_residual,optimistic_zero_residual_sensitivity,bayesian_a_optimal,64.0,equal,False,False,True,False,False,False,0.3400846840813765,0.008148284589845844,0.007394177726432194,-0.007358760069463566,,thz_increment_improved
thz_inversion,training_prior__coherent_csi_zero_residual__target_balanced__k64,0.34082899178883946,,Validation-only case selection; test THz gain over its prior control is 0.0076104755. This assumes the independent residual error is exactly zero.,training_prior,coherent_csi_zero_residual,optimistic_zero_residual_sensitivity,target_balanced,64.0,equal,False,False,True,False,False,False,0.33986838631217314,0.008103370024567291,0.007610475495635538,-0.00757505783866691,,thz_increment_improved
thz_inversion,training_prior__coherent_csi_zero_residual__uniform__k128,0.34701659150004266,,Validation-only case selection; test THz gain over its prior control is 0.00199719618. This assumes the independent residual error is exactly zero.,training_prior,coherent_csi_zero_residual,optimistic_zero_residual_sensitivity,uniform,128.0,equal,False,False,True,False,False,False,0.34548166562286914,0.0019157703133640958,0.0019971961849395425,-0.0019617785279709143,,thz_increment_improved
thz_inversion,training_prior__coherent_csi_zero_residual__physics_d_optimal__k128,0.34498956262388897,,Validation-only case selection; test THz gain over its prior control is 0.00367848444. This assumes the independent residual error is exactly zero.,training_prior,coherent_csi_zero_residual,optimistic_zero_residual_sensitivity,physics_d_optimal,128.0,equal,False,False,True,False,False,False,0.3438003773690889,0.003942799189517787,0.0036784844387197646,-0.0036430667817511364,,thz_increment_improved
thz_inversion,training_prior__coherent_csi_zero_residual__prior_d_optimal__k128,0.34498425592329474,,Validation-only case selection; test THz gain over its prior control is 0.00367827678. This assumes the independent residual error is exactly zero.,training_prior,coherent_csi_zero_residual,optimistic_zero_residual_sensitivity,prior_d_optimal,128.0,equal,False,False,True,False,False,False,0.34380058502870225,0.003948105890112019,0.0036782767791064264,-0.003642859122137798,,thz_increment_improved
thz_inversion,training_prior__coherent_csi_zero_residual__bayesian_a_optimal__k128,0.3449838485603573,,Validation-only case selection; test THz gain over its prior control is 0.00376055941. This assumes the independent residual error is exactly zero.,training_prior,coherent_csi_zero_residual,optimistic_zero_residual_sensitivity,bayesian_a_optimal,128.0,equal,False,False,True,False,False,False,0.34371830239361795,0.003948513253049457,0.003760559414190734,-0.0037251417572221057,,thz_increment_improved
thz_inversion,training_prior__coherent_csi_zero_residual__target_balanced__k128,0.34491641398520545,,Validation-only case selection; test THz gain over its prior control is 0.00379635451. This assumes the independent residual error is exactly zero.,training_prior,coherent_csi_zero_residual,optimistic_zero_residual_sensitivity,target_balanced,128.0,equal,False,False,True,False,False,False,0.34368250729478705,0.004015947828201305,0.003796354513021627,-0.0037609368560529988,,thz_increment_improved
thz_inversion,training_prior__coherent_csi_zero_residual__uniform__k256,0.3471529892484888,,Validation-only case selection; test THz gain over its prior control is 0.00187845377. This assumes the independent residual error is exactly zero.,training_prior,coherent_csi_zero_residual,optimistic_zero_residual_sensitivity,uniform,256.0,equal,False,False,True,False,False,False,0.3456004080354493,0.001779372564917947,0.0018784537723594008,-0.0018430361153907726,,thz_increment_improved
thz_inversion,training_prior__coherent_csi_zero_residual__bayesian_a_optimal_power_unbounded__k32,0.27521083503704385,,Validation-only case selection; test THz gain over its prior control is 0.0703590848. This assumes the independent residual error is exactly zero. Power allocation reduced training-prior posterior risk at fixed total power. The weakly bounded optimizer may concentrate nearly all power on one tone and exploit training target correlations rather than spectrally resolve every target.,training_prior,coherent_csi_zero_residual,optimistic_zero_residual_sensitivity+correlation_concentrated_power_sensitivity,bayesian_a_optimal_power_unbounded,32.0,optimized_power_unbounded,False,False,True,False,False,False,0.2771197769974049,0.0737215267763629,0.07035908481040376,-0.07032366715343513,best_training_prior_any_likelihood,thz_increment_improved
thz_inversion,training_prior__coherent_csi_zero_residual__bayesian_a_optimal_power_bounded_4x__k32,0.3074368716750695,,Validation-only case selection; test THz gain over its prior control is 0.039144807. This assumes the independent residual error is exactly zero. Power allocation reduced training-prior posterior risk at fixed total power.,training_prior,coherent_csi_zero_residual,optimistic_zero_residual_sensitivity,bayesian_a_optimal_power_bounded_4x,32.0,optimized_power_bounded_4x,False,False,True,False,False,False,0.3083340548365904,0.041495490138337254,0.039144806971218304,-0.039109389314249676,best_training_prior_bounded_or_equal_power,thz_increment_improved
thz_inversion,training_prior__coherent_csi_zero_residual__full_offset_background_projected,0.34775357286621617,,Validation-only case selection; test THz gain over its prior control is 0.00177437962. This assumes the independent residual error is exactly zero. Offset and background columns are projected out although the simulator injects neither nuisance.,training_prior,coherent_csi_zero_residual,optimistic_zero_residual_sensitivity,full_offset_background_projected,256.0,equal,True,False,True,False,False,False,0.3457044821906768,0.00117878894719059,0.0017743796171318937,-0.0017389619601632655,,thz_increment_improved
thz_inversion,context_prior__pilot_power_residual__uniform__k16,0.27734797955872403,,Validation-only case selection; test THz gain over its prior control is 2.95269199e-07. Absolute improvement versus the spectral baseline is dominated by the same-time context prior.,context_prior,pilot_power_residual,declared_reference_likelihood,uniform,16.0,equal,False,False,True,True,False,False,0.27556110993168126,-6.747363102965753e-06,2.9526919920197514e-07,-0.0718823342191588,,no_resolved_thz_increment
thz_inversion,context_prior__pilot_power_residual__uniform__k16__nonnegative,0.2746530463399303,,Validation-only case selection; test THz gain over its prior control is 7.02089933e-07. Absolute improvement versus the spectral baseline is dominated by the same-time context prior.,context_prior,pilot_power_residual,declared_reference_likelihood,uniform,16.0,equal,False,True,True,True,False,False,0.273833603668122,-6.64640478298395e-06,7.02089933246608e-07,-0.07360984048271807,best_residual_retaining_any_prior,no_resolved_thz_increment
thz_inversion,context_prior__pilot_power_residual__physics_d_optimal__k16,0.27742200822522,,Validation-only case selection; test THz gain over its prior control is 3.73485414e-07. Absolute improvement versus the spectral baseline is dominated by the same-time context prior.,context_prior,pilot_power_residual,declared_reference_likelihood,physics_d_optimal,16.0,equal,False,False,True,True,False,False,0.2755610317154661,-8.077602959893904e-05,3.7348541437332017e-07,-0.07188241243537397,,no_resolved_thz_increment
thz_inversion,context_prior__pilot_power_residual__physics_d_optimal__k16__nonnegative,0.27472218575216556,,Validation-only case selection; test THz gain over its prior control is 6.56810942e-07. Absolute improvement versus the spectral baseline is dominated by the same-time context prior.,context_prior,pilot_power_residual,declared_reference_likelihood,physics_d_optimal,16.0,equal,False,True,True,True,False,False,0.2738336489471134,-7.578581701822573e-05,6.56810941856989e-07,-0.07360979520372668,,no_resolved_thz_increment
thz_inversion,context_prior__pilot_power_residual__prior_d_optimal__k16,0.2774256474537075,,Validation-only case selection; test THz gain over its prior control is 1.59309447e-05. Absolute improvement versus the spectral baseline is dominated by the same-time context prior.,context_prior,pilot_power_residual,declared_reference_likelihood,prior_d_optimal,16.0,equal,False,False,True,True,False,False,0.2755454742562083,-8.441525808644545e-05,1.5930944672171155e-05,-0.07189796989463176,,thz_increment_improved
thz_inversion,context_prior__pilot_power_residual__prior_d_optimal__k16__nonnegative,0.2747253082393493,,Validation-only case selection; test THz gain over its prior control is 1.68410957e-05. Absolute improvement versus the spectral baseline is dominated by the same-time context prior.,context_prior,pilot_power_residual,declared_reference_likelihood,prior_d_optimal,16.0,equal,False,True,True,True,False,False,0.2738174646624018,-7.890830420198558e-05,1.684109565341929e-05,-0.07362597948843824,,thz_increment_improved
thz_inversion,context_prior__pilot_power_residual__bayesian_a_optimal__k16,0.2774039055261963,,Validation-only case selection; test THz gain over its prior control is -4.55618714e-06. Absolute improvement versus the spectral baseline is dominated by the same-time context prior.,context_prior,pilot_power_residual,declared_reference_likelihood,bayesian_a_optimal,16.0,equal,False,False,True,True,False,False,0.275565961388022,-6.267333057524693e-05,-4.5561871415134014e-06,-0.07187748276281808,,worse_than_prior_control
thz_inversion,context_prior__pilot_power_residual__bayesian_a_optimal__k16__nonnegative,0.27470471495110743,,Validation-only case selection; test THz gain over its prior control is 8.20627942e-07. Absolute improvement versus the spectral baseline is dominated by the same-time context prior.,context_prior,pilot_power_residual,declared_reference_likelihood,bayesian_a_optimal,16.0,equal,False,True,True,True,False,False,0.2738334851301136,-5.831501596009758e-05,8.20627941655605e-07,-0.07360995902072648,,no_resolved_thz_increment
thz_inversion,context_prior__pilot_power_residual__target_balanced__k16,0.2774317384065493,,Validation-only case selection; test THz gain over its prior control is 1.61869032e-05. Absolute improvement versus the spectral baseline is dominated by the same-time context prior.,context_prior,pilot_power_residual,declared_reference_likelihood,target_balanced,16.0,equal,False,False,True,True,False,False,0.2755452182976745,-9.050621092820954e-05,1.6186903205983594e-05,-0.07189822585316558,,thz_increment_improved
thz_inversion,context_prior__pilot_power_residual__target_balanced__k16__nonnegative,0.27473082425125833,,Validation-only case selection; test THz gain over its prior control is 2.01594329e-05. Absolute improvement versus the spectral baseline is dominated by the same-time context prior.,context_prior,pilot_power_residual,declared_reference_likelihood,target_balanced,16.0,equal,False,True,True,True,False,False,0.2738141463251614,-8.44243161109981e-05,2.015943289385147e-05,-0.07362929782567867,,thz_increment_improved
thz_inversion,context_prior__pilot_power_residual__uniform__k32,0.2773792016563688,,Validation-only case selection; test THz gain over its prior control is 6.73374885e-06. Absolute improvement versus the spectral baseline is dominated by the same-time context prior.,context_prior,pilot_power_residual,declared_reference_likelihood,uniform,32.0,equal,False,False,True,True,False,False,0.27555467145202805,-3.796946074774432e-05,6.733748852405519e-06,-0.071888772698812,,thz_increment_improved
thz_inversion,context_prior__pilot_power_residual__uniform__k32__nonnegative,0.2746836053581687,,Validation-only case selection; test THz gain over its prior control is 8.05362972e-06. Absolute improvement versus the spectral baseline is dominated by the same-time context prior.,context_prior,pilot_power_residual,declared_reference_likelihood,uniform,32.0,equal,False,True,True,True,False,False,0.2738262521283337,-3.72054230213803e-05,8.053629721505029e-06,-0.07361719202250633,,thz_increment_improved
thz_inversion,context_prior__pilot_power_residual__physics_d_optimal__k32,0.2774379734172652,,Validation-only case selection; test THz gain over its prior control is 2.19673771e-05. Absolute improvement versus the spectral baseline is dominated by the same-time context prior.,context_prior,pilot_power_residual,declared_reference_likelihood,physics_d_optimal,32.0,equal,False,False,True,True,False,False,0.2755394378237969,-9.674122164415877e-05,2.1967377083542683e-05,-0.07190400632704314,,thz_increment_improved
thz_inversion,context_prior__pilot_power_residual__physics_d_optimal__k32__nonnegative,0.27473639175015035,,Validation-only case selection; test THz gain over its prior control is 2.2266393e-05. Absolute improvement versus the spectral baseline is dominated by the same-time context prior.,context_prior,pilot_power_residual,declared_reference_likelihood,physics_d_optimal,32.0,equal,False,True,True,True,False,False,0.27381203936504506,-8.9991815003021e-05,2.226639301017297e-05,-0.073631404785795,,thz_increment_improved
thz_inversion,context_prior__pilot_power_residual__prior_d_optimal__k32,0.27743304837618754,,Validation-only case selection; test THz gain over its prior control is 2.17731995e-05. Absolute improvement versus the spectral baseline is dominated by the same-time context prior.,context_prior,pilot_power_residual,declared_reference_likelihood,prior_d_optimal,32.0,equal,False,False,True,True,False,False,0.2755396320013508,-9.1816180566473e-05,2.177319952967327e-05,-0.07190381214948927,,thz_increment_improved
thz_inversion,context_prior__pilot_power_residual__prior_d_optimal__k32__nonnegative,0.2747319131363873,,Validation-only case selection; test THz gain over its prior control is 2.49683419e-05. Absolute improvement versus the spectral baseline is dominated by the same-time context prior.,context_prior,pilot_power_residual,declared_reference_likelihood,prior_d_optimal,32.0,equal,False,True,True,True,False,False,0.2738093374161237,-8.551320123995065e-05,2.496834193155273e-05,-0.07363410673471638,,thz_increment_improved
thz_inversion,context_prior__pilot_power_residual__bayesian_a_optimal__k32,0.27742096032189245,,Validation-only case selection; test THz gain over its prior control is 6.91513537e-06. Absolute improvement versus the spectral baseline is dominated by the same-time context prior.,context_prior,pilot_power_residual,declared_reference_likelihood,bayesian_a_optimal,32.0,equal,False,False,True,True,False,False,0.27555449006551114,-7.972812627138337e-05,6.915135369323089e-06,-0.07188895408532892,,thz_increment_improved
thz_inversion,context_prior__pilot_power_residual__bayesian_a_optimal__k32__nonnegative,0.2747187813037501,,Validation-only case selection; test THz gain over its prior control is 1.15549456e-05. Absolute improvement versus the spectral baseline is dominated by the same-time context prior.,context_prior,pilot_power_residual,declared_reference_likelihood,bayesian_a_optimal,32.0,equal,False,True,True,True,False,False,0.2738227508124576,-7.238136860276967e-05,1.1554945597624933e-05,-0.07362069333838245,,thz_increment_improved
thz_inversion,context_prior__pilot_power_residual__target_balanced__k32,0.27742203394942216,,Validation-only case selection; test THz gain over its prior control is 1.63530515e-05. Absolute improvement versus the spectral baseline is dominated by the same-time context prior.,context_prior,pilot_power_residual,declared_reference_likelihood,target_balanced,32.0,equal,False,False,True,True,False,False,0.27554505214939023,-8.080175380109633e-05,1.635305149022548e-05,-0.07189839200144982,,thz_increment_improved
thz_inversion,context_prior__pilot_power_residual__target_balanced__k32__nonnegative,0.2747202110076992,,Validation-only case selection; test THz gain over its prior control is 1.94189507e-05. Absolute improvement versus the spectral baseline is dominated by the same-time context prior.,context_prior,pilot_power_residual,declared_reference_likelihood,target_balanced,32.0,equal,False,True,True,True,False,False,0.2738148868074032,-7.381107255188812e-05,1.941895065205035e-05,-0.07362855734343687,,thz_increment_improved
thz_inversion,context_prior__pilot_power_residual__uniform__k64,0.2773853127169757,,Validation-only case selection; test THz gain over its prior control is -8.88522904e-06. Absolute improvement versus the spectral baseline is dominated by the same-time context prior.,context_prior,pilot_power_residual,declared_reference_likelihood,uniform,64.0,equal,False,False,True,True,False,False,0.2755702904299187,-4.408052135462803e-05,-8.885229038246845e-06,-0.07187315372092135,,worse_than_prior_control
thz_inversion,context_prior__pilot_power_residual__uniform__k64__nonnegative,0.2746855792944394,,Validation-only case selection; test THz gain over its prior control is -5.52620048e-06. Absolute improvement versus the spectral baseline is dominated by the same-time context prior.,context_prior,pilot_power_residual,declared_reference_likelihood,uniform,64.0,equal,False,True,True,True,False,False,0.2738398319585376,-3.917935929204086e-05,-5.52620048238639e-06,-0.07360361219230244,,worse_than_prior_control
thz_inversion,context_prior__pilot_power_residual__physics_d_optimal__k64,0.2774332494252795,,Validation-only case selection; test THz gain over its prior control is 8.1698881e-06. Absolute improvement versus the spectral baseline is dominated by the same-time context prior.,context_prior,pilot_power_residual,declared_reference_likelihood,physics_d_optimal,64.0,equal,False,False,True,True,False,False,0.2755532353127841,-9.201722965845871e-05,8.169888096376532e-06,-0.07189020883805597,,thz_increment_improved
thz_inversion,context_prior__pilot_power_residual__physics_d_optimal__k64__nonnegative,0.2747324792241572,,Validation-only case selection; test THz gain over its prior control is 1.3211405e-05. Absolute improvement versus the spectral baseline is dominated by the same-time context prior.,context_prior,pilot_power_residual,declared_reference_likelihood,physics_d_optimal,64.0,equal,False,True,True,True,False,False,0.273821094353077,-8.607928900988826e-05,1.321140497823059e-05,-0.07362234979776305,,thz_increment_improved
thz_inversion,context_prior__pilot_power_residual__prior_d_optimal__k64,0.2774360287624002,,Validation-only case selection; test THz gain over its prior control is 2.36553118e-06. Absolute improvement versus the spectral baseline is dominated by the same-time context prior.,context_prior,pilot_power_residual,declared_reference_likelihood,prior_d_optimal,64.0,equal,False,False,True,True,False,False,0.2755590396696968,-9.479656677913173e-05,2.3655311836567883e-06,-0.07188440448114325,,thz_increment_improved
thz_inversion,context_prior__pilot_power_residual__prior_d_optimal__k64__nonnegative,0.274733544833178,,Validation-only case selection; test THz gain over its prior control is 6.54676302e-06. Absolute improvement versus the spectral baseline is dominated by the same-time context prior.,context_prior,pilot_power_residual,declared_reference_likelihood,prior_d_optimal,64.0,equal,False,True,True,True,False,False,0.27382775899503087,-8.714489803068881e-05,6.546763024362079e-06,-0.07361568515580919,,thz_increment_improved
thz_inversion,context_prior__pilot_power_residual__bayesian_a_optimal__k64,0.2774226404708835,,Validation-only case selection; test THz gain over its prior control is 1.85633855e-05. Absolute improvement versus the spectral baseline is dominated by the same-time context prior.,context_prior,pilot_power_residual,declared_reference_likelihood,bayesian_a_optimal,64.0,equal,False,False,True,True,False,False,0.27554284181542144,-8.1408275262429e-05,1.8563385459025028e-05,-0.07190060233541862,,thz_increment_improved
thz_inversion,context_prior__pilot_power_residual__bayesian_a_optimal__k64__nonnegative,0.2747201278739255,,Validation-only case selection; test THz gain over its prior control is 2.288422e-05. Absolute improvement versus the spectral baseline is dominated by the same-time context prior.,context_prior,pilot_power_residual,declared_reference_likelihood,bayesian_a_optimal,64.0,equal,False,True,True,True,False,False,0.27381142153805776,-7.372793877818973e-05,2.2884219997465483e-05,-0.07363202261278229,,thz_increment_improved
thz_inversion,context_prior__pilot_power_residual__target_balanced__k64,0.2774397677737032,,Validation-only case selection; test THz gain over its prior control is 1.09997775e-05. Absolute improvement versus the spectral baseline is dominated by the same-time context prior.,context_prior,pilot_power_residual,declared_reference_likelihood,target_balanced,64.0,equal,False,False,True,True,False,False,0.2755504054233368,-9.853557808214841e-05,1.0999777543652112e-05,-0.07189303872750324,,thz_increment_improved
thz_inversion,context_prior__pilot_power_residual__target_balanced__k64__nonnegative,0.2747386641837796,,Validation-only case selection; test THz gain over its prior control is 1.6721674e-05. Absolute improvement versus the spectral baseline is dominated by the same-time context prior.,context_prior,pilot_power_residual,declared_reference_likelihood,target_balanced,64.0,equal,False,True,True,True,False,False,0.2738175840840174,-9.226424863228999e-05,1.6721674037822876e-05,-0.07362586006682265,,thz_increment_improved
thz_inversion,context_prior__pilot_power_residual__uniform__k128,0.27741571067961324,,Validation-only case selection; test THz gain over its prior control is 5.90020193e-06. Absolute improvement versus the spectral baseline is dominated by the same-time context prior.,context_prior,pilot_power_residual,declared_reference_likelihood,uniform,128.0,equal,False,False,True,True,False,False,0.27555550499895537,-7.447848399216861e-05,5.900201925090887e-06,-0.07188793915188468,,thz_increment_improved
thz_inversion,context_prior__pilot_power_residual__uniform__k128__nonnegative,0.27471468351491707,,Validation-only case selection; test THz gain over its prior control is 8.48029238e-06. Absolute improvement versus the spectral baseline is dominated by the same-time context prior.,context_prior,pilot_power_residual,declared_reference_likelihood,uniform,128.0,equal,False,True,True,True,False,False,0.2738258254656769,-6.828357976973454e-05,8.480292378321153e-06,-0.07361761868516314,,thz_increment_improved
thz_inversion,context_prior__pilot_power_residual__physics_d_optimal__k128,0.2774477676916007,,Validation-only case selection; test THz gain over its prior control is -3.4811258e-06. Absolute improvement versus the spectral baseline is dominated by the same-time context prior.,context_prior,pilot_power_residual,declared_reference_likelihood,physics_d_optimal,128.0,equal,False,False,True,True,False,False,0.275564886326679,-0.00010653549597960943,-3.481125798565632e-06,-0.07187855782416103,,worse_than_prior_control
thz_inversion,context_prior__pilot_power_residual__physics_d_optimal__k128__nonnegative,0.27474617290186737,,Validation-only case selection; test THz gain over its prior control is 4.43093066e-06. Absolute improvement versus the spectral baseline is dominated by the same-time context prior.,context_prior,pilot_power_residual,declared_reference_likelihood,physics_d_optimal,128.0,equal,False,True,True,True,False,False,0.27382987482739246,-9.977296672003533e-05,4.430930662768784e-06,-0.07361356932344759,,thz_increment_improved
thz_inversion,context_prior__pilot_power_residual__prior_d_optimal__k128,0.27744839429101,,Validation-only case selection; test THz gain over its prior control is -2.07159616e-06. Absolute improvement versus the spectral baseline is dominated by the same-time context prior.,context_prior,pilot_power_residual,declared_reference_likelihood,prior_d_optimal,128.0,equal,False,False,True,True,False,False,0.27556347679704124,-0.00010716209538891297,-2.0715961607797873e-06,-0.07187996735379881,,worse_than_prior_control
thz_inversion,context_prior__pilot_power_residual__prior_d_optimal__k128__nonnegative,0.2747476000166586,,Validation-only case selection; test THz gain over its prior control is 4.75821863e-06. Absolute improvement versus the spectral baseline is dominated by the same-time context prior.,context_prior,pilot_power_residual,declared_reference_likelihood,prior_d_optimal,128.0,equal,False,True,True,True,False,False,0.2738295475394295,-0.0001012000815112657,4.7582186257222325e-06,-0.07361389661141055,,thz_increment_improved
thz_inversion,context_prior__pilot_power_residual__bayesian_a_optimal__k128,0.27744288849336446,,Validation-only case selection; test THz gain over its prior control is 1.09065656e-05. Absolute improvement versus the spectral baseline is dominated by the same-time context prior.,context_prior,pilot_power_residual,declared_reference_likelihood,bayesian_a_optimal,128.0,equal,False,False,True,True,False,False,0.2755504986353157,-0.00010165629774339102,1.0906565564738901e-05,-0.07189294551552433,,thz_increment_improved
thz_inversion,context_prior__pilot_power_residual__bayesian_a_optimal__k128__nonnegative,0.27474201463117687,,Validation-only case selection; test THz gain over its prior control is 1.63303604e-05. Absolute improvement versus the spectral baseline is dominated by the same-time context prior.,context_prior,pilot_power_residual,declared_reference_likelihood,bayesian_a_optimal,128.0,equal,False,True,True,True,False,False,0.2738179753976094,-9.561469602953343e-05,1.633036044584868e-05,-0.07362546875323067,,thz_increment_improved
thz_inversion,context_prior__pilot_power_residual__target_balanced__k128,0.2774398478120899,,Validation-only case selection; test THz gain over its prior control is 1.5833801e-05. Absolute improvement versus the spectral baseline is dominated by the same-time context prior.,context_prior,pilot_power_residual,declared_reference_likelihood,target_balanced,128.0,equal,False,False,True,True,False,False,0.27554557139985714,-9.861561646884454e-05,1.583380102332388e-05,-0.07189787275098292,,thz_increment_improved
thz_inversion,context_prior__pilot_power_residual__target_balanced__k128__nonnegative,0.2747384883409292,,Validation-only case selection; test THz gain over its prior control is 2.09338037e-05. Absolute improvement versus the spectral baseline is dominated by the same-time context prior.,context_prior,pilot_power_residual,declared_reference_likelihood,target_balanced,128.0,equal,False,True,True,True,False,False,0.27381337195435024,-9.208840578184274e-05,2.0933803704992204e-05,-0.07363007219648982,,thz_increment_improved
thz_inversion,context_prior__pilot_power_residual__uniform__k256,0.2774447304843926,,Validation-only case selection; test THz gain over its prior control is 3.47349492e-06. Absolute improvement versus the spectral baseline is dominated by the same-time context prior.,context_prior,pilot_power_residual,declared_reference_likelihood,uniform,256.0,equal,False,False,True,True,False,False,0.275557931705963,-0.00010349828877154188,3.473494917471953e-06,-0.07188551244487706,,thz_increment_improved
thz_inversion,context_prior__pilot_power_residual__uniform__k256__nonnegative,0.2747440396961622,,Validation-only case selection; test THz gain over its prior control is 8.18900605e-06. Absolute improvement versus the spectral baseline is dominated by the same-time context prior.,context_prior,pilot_power_residual,declared_reference_likelihood,uniform,256.0,equal,False,True,True,True,False,False,0.27382611675200025,-9.763976101484495e-05,8.189006054981629e-06,-0.0736173273988398,,thz_increment_improved
thz_inversion,context_prior__pilot_power_residual__bayesian_a_optimal_power_unbounded__k32,0.27742096032189245,,Validation-only case selection; test THz gain over its prior control is 6.91513537e-06. Absolute improvement versus the spectral baseline is dominated by the same-time context prior. The power optimizer found no accepted risk reduction and retained equal power. The weakly bounded optimizer may concentrate nearly all power on one tone and exploit training target correlations rather than spectrally resolve every target.,context_prior,pilot_power_residual,declared_reference_likelihood+correlation_concentrated_power_sensitivity,bayesian_a_optimal_power_unbounded,32.0,fallback_equal_power_unbounded,False,False,True,True,False,False,0.27555449006551114,-7.972812627138337e-05,6.915135369323089e-06,-0.07188895408532892,,thz_increment_improved
thz_inversion,context_prior__pilot_power_residual__bayesian_a_optimal_power_unbounded__k32__nonnegative,0.2747187813037501,,Validation-only case selection; test THz gain over its prior control is 1.15549456e-05. Absolute improvement versus the spectral baseline is dominated by the same-time context prior. The power optimizer found no accepted risk reduction and retained equal power. The weakly bounded optimizer may concentrate nearly all power on one tone and exploit training target correlations rather than spectrally resolve every target.,context_prior,pilot_power_residual,declared_reference_likelihood+correlation_concentrated_power_sensitivity,bayesian_a_optimal_power_unbounded,32.0,fallback_equal_power_unbounded,False,True,True,True,False,False,0.2738227508124576,-7.238136860276967e-05,1.1554945597624933e-05,-0.07362069333838245,,thz_increment_improved
thz_inversion,context_prior__pilot_power_residual__bayesian_a_optimal_power_bounded_4x__k32,0.27742096032189245,,Validation-only case selection; test THz gain over its prior control is 6.91513537e-06. Absolute improvement versus the spectral baseline is dominated by the same-time context prior. The power optimizer found no accepted risk reduction and retained equal power.,context_prior,pilot_power_residual,declared_reference_likelihood,bayesian_a_optimal_power_bounded_4x,32.0,fallback_equal_power_bounded_4x,False,False,True,True,False,False,0.27555449006551114,-7.972812627138337e-05,6.915135369323089e-06,-0.07188895408532892,,thz_increment_improved
thz_inversion,context_prior__pilot_power_residual__bayesian_a_optimal_power_bounded_4x__k32__nonnegative,0.2747187813037501,,Validation-only case selection; test THz gain over its prior control is 1.15549456e-05. Absolute improvement versus the spectral baseline is dominated by the same-time context prior. The power optimizer found no accepted risk reduction and retained equal power.,context_prior,pilot_power_residual,declared_reference_likelihood,bayesian_a_optimal_power_bounded_4x,32.0,fallback_equal_power_bounded_4x,False,True,True,True,False,False,0.2738227508124576,-7.238136860276967e-05,1.1554945597624933e-05,-0.07362069333838245,,thz_increment_improved
thz_inversion,context_prior__pilot_power_residual__full_offset_background_projected,0.277392423222482,,Validation-only case selection; test THz gain over its prior control is 2.04896251e-05. Absolute improvement versus the spectral baseline is dominated by the same-time context prior. Offset and background columns are projected out although the simulator injects neither nuisance.,context_prior,pilot_power_residual,declared_reference_likelihood,full_offset_background_projected,256.0,equal,True,False,True,True,False,False,0.2755409155758037,-5.119102686090837e-05,2.0489625076780538e-05,-0.07190252857503637,,thz_increment_improved
thz_inversion,context_prior__pilot_power_residual__full_offset_background_projected__nonnegative,0.27469295969007407,,Validation-only case selection; test THz gain over its prior control is 2.33422373e-05. Absolute improvement versus the spectral baseline is dominated by the same-time context prior. Offset and background columns are projected out although the simulator injects neither nuisance.,context_prior,pilot_power_residual,declared_reference_likelihood,full_offset_background_projected,256.0,equal,True,True,True,True,False,False,0.27381096352072276,-4.655975492673381e-05,2.3342237332468763e-05,-0.07363248063011729,,thz_increment_improved
thz_inversion,context_prior__coherent_csi_residual__uniform__k16,0.27735156454184207,,Validation-only case selection; test THz gain over its prior control is 7.41529449e-07. Absolute improvement versus the spectral baseline is dominated by the same-time context prior. The coherent CSI delta-method likelihood is not receiver-validated.,context_prior,coherent_csi_residual,unvalidated_likelihood_sensitivity,uniform,16.0,equal,False,False,True,True,False,False,0.2755606636714316,-1.0332346220998101e-05,7.415294488444246e-07,-0.07188278047940844,,no_resolved_thz_increment
thz_inversion,context_prior__coherent_csi_residual__uniform__k16__nonnegative,0.27465649379992463,,Validation-only case selection; test THz gain over its prior control is 1.46064308e-06. Absolute improvement versus the spectral baseline is dominated by the same-time context prior. The coherent CSI delta-method likelihood is not receiver-validated.,context_prior,coherent_csi_residual,unvalidated_likelihood_sensitivity,uniform,16.0,equal,False,True,True,True,False,False,0.27383284511497474,-1.0093864777294126e-05,1.4606430804864345e-06,-0.07361059903586531,,thz_increment_improved
thz_inversion,context_prior__coherent_csi_residual__physics_d_optimal__k16,0.27745657870643137,,Validation-only case selection; test THz gain over its prior control is 1.04808268e-05. Absolute improvement versus the spectral baseline is dominated by the same-time context prior. The coherent CSI delta-method likelihood is not receiver-validated.,context_prior,coherent_csi_residual,unvalidated_likelihood_sensitivity,physics_d_optimal,16.0,equal,False,False,True,True,False,False,0.27555092437406326,-0.00011534651081029912,1.0480826817205191e-05,-0.0718925197767768,,thz_increment_improved
thz_inversion,context_prior__coherent_csi_residual__physics_d_optimal__k16__nonnegative,0.2747530868639498,,Validation-only case selection; test THz gain over its prior control is 1.15959947e-05. Absolute improvement versus the spectral baseline is dominated by the same-time context prior. The coherent CSI delta-method likelihood is not receiver-validated.,context_prior,coherent_csi_residual,unvalidated_likelihood_sensitivity,physics_d_optimal,16.0,equal,False,True,True,True,False,False,0.27382270976337214,-0.00010668692880244635,1.1595994683089028e-05,-0.07362073438746791,,thz_increment_improved
thz_inversion,context_prior__coherent_csi_residual__prior_d_optimal__k16,0.2774616251535668,,Validation-only case selection; test THz gain over its prior control is 3.60187122e-05. Absolute improvement versus the spectral baseline is dominated by the same-time context prior. The coherent CSI delta-method likelihood is not receiver-validated.,context_prior,coherent_csi_residual,unvalidated_likelihood_sensitivity,prior_d_optimal,16.0,equal,False,False,True,True,False,False,0.2755253864886507,-0.00012039295794574745,3.6018712229746175e-05,-0.07191805766218934,,thz_increment_improved
thz_inversion,context_prior__coherent_csi_residual__prior_d_optimal__k16__nonnegative,0.27475729580242053,,Validation-only case selection; test THz gain over its prior control is 3.81817043e-05. Absolute improvement versus the spectral baseline is dominated by the same-time context prior. The coherent CSI delta-method likelihood is not receiver-validated.,context_prior,coherent_csi_residual,unvalidated_likelihood_sensitivity,prior_d_optimal,16.0,equal,False,True,True,True,False,False,0.27379612405371617,-0.00011089586727319745,3.818170433905754e-05,-0.07364732009712388,,thz_increment_improved
thz_inversion,context_prior__coherent_csi_residual__bayesian_a_optimal__k16,0.2774229297612066,,Validation-only case selection; test THz gain over its prior control is 6.59720319e-06. Absolute improvement versus the spectral baseline is dominated by the same-time context prior. The coherent CSI delta-method likelihood is not receiver-validated.,context_prior,coherent_csi_residual,unvalidated_likelihood_sensitivity,bayesian_a_optimal,16.0,equal,False,False,True,True,False,False,0.2755548079976916,-8.169756558551455e-05,6.597203188851708e-06,-0.07188863615314844,,thz_increment_improved
thz_inversion,context_prior__coherent_csi_residual__bayesian_a_optimal__k16__nonnegative,0.27472022776105814,,Validation-only case selection; test THz gain over its prior control is 1.62050892e-05. Absolute improvement versus the spectral baseline is dominated by the same-time context prior. The coherent CSI delta-method likelihood is not receiver-validated.,context_prior,coherent_csi_residual,unvalidated_likelihood_sensitivity,bayesian_a_optimal,16.0,equal,False,True,True,True,False,False,0.2738181006688062,-7.38278259108105e-05,1.6205089249043958e-05,-0.07362534348203387,,thz_increment_improved
thz_inversion,context_prior__coherent_csi_residual__target_balanced__k16,0.2774665880153954,,Validation-only case selection; test THz gain over its prior control is 3.91927595e-05. Absolute improvement versus the spectral baseline is dominated by the same-time context prior. The coherent CSI delta-method likelihood is not receiver-validated.,context_prior,coherent_csi_residual,unvalidated_likelihood_sensitivity,target_balanced,16.0,equal,False,False,True,True,False,False,0.27552221244138814,-0.00012535581977435317,3.919275949232359e-05,-0.07192123170945192,,thz_increment_improved
thz_inversion,context_prior__coherent_csi_residual__target_balanced__k16__nonnegative,0.2747613104490144,,Validation-only case selection; test THz gain over its prior control is 4.66716697e-05. Absolute improvement versus the spectral baseline is dominated by the same-time context prior. The coherent CSI delta-method likelihood is not receiver-validated.,context_prior,coherent_csi_residual,unvalidated_likelihood_sensitivity,target_balanced,16.0,equal,False,True,True,True,False,False,0.2737876340883962,-0.00011491051386708362,4.6671669659048565e-05,-0.07365581006244387,,thz_increment_improved
thz_inversion,context_prior__coherent_csi_residual__uniform__k32,0.2773959065759382,,Validation-only case selection; test THz gain over its prior control is 1.57767552e-05. Absolute improvement versus the spectral baseline is dominated by the same-time context prior. The coherent CSI delta-method likelihood is not receiver-validated.,context_prior,coherent_csi_residual,unvalidated_likelihood_sensitivity,uniform,32.0,equal,False,False,True,True,False,False,0.27554562844563485,-5.4674380317143445e-05,1.5776755245611174e-05,-0.0718978157052052,,thz_increment_improved
thz_inversion,context_prior__coherent_csi_residual__uniform__k32__nonnegative,0.2746994502004074,,Validation-only case selection; test THz gain over its prior control is 1.81343278e-05. Absolute improvement versus the spectral baseline is dominated by the same-time context prior. The coherent CSI delta-method likelihood is not receiver-validated.,context_prior,coherent_csi_residual,unvalidated_likelihood_sensitivity,uniform,32.0,equal,False,True,True,True,False,False,0.27381617143026393,-5.30502652600906e-05,1.813432779129709e-05,-0.07362727272057612,,thz_increment_improved
thz_inversion,context_prior__coherent_csi_residual__physics_d_optimal__k32,0.27747790439343273,,Validation-only case selection; test THz gain over its prior control is 5.03679457e-05. Absolute improvement versus the spectral baseline is dominated by the same-time context prior. The coherent CSI delta-method likelihood is not receiver-validated.,context_prior,coherent_csi_residual,unvalidated_likelihood_sensitivity,physics_d_optimal,32.0,equal,False,False,True,True,False,False,0.2755110372551621,-0.0001366721978116603,5.0367945718388096e-05,-0.07193240689567798,,thz_increment_improved
thz_inversion,context_prior__coherent_csi_residual__physics_d_optimal__k32__nonnegative,0.27477190980276245,,Validation-only case selection; test THz gain over its prior control is 5.09736033e-05. Absolute improvement versus the spectral baseline is dominated by the same-time context prior. The coherent CSI delta-method likelihood is not receiver-validated.,context_prior,coherent_csi_residual,unvalidated_likelihood_sensitivity,physics_d_optimal,32.0,equal,False,True,True,True,False,False,0.2737833321548052,-0.0001255098676151145,5.097360325001521e-05,-0.07366011199603484,,thz_increment_improved
thz_inversion,context_prior__coherent_csi_residual__prior_d_optimal__k32,0.2774681693391145,,Validation-only case selection; test THz gain over its prior control is 4.80979934e-05. Absolute improvement versus the spectral baseline is dominated by the same-time context prior. The coherent CSI delta-method likelihood is not receiver-validated.,context_prior,coherent_csi_residual,unvalidated_likelihood_sensitivity,prior_d_optimal,32.0,equal,False,False,True,True,False,False,0.27551330720748934,-0.000126937143493433,4.809799339111631e-05,-0.07193013694335071,,thz_increment_improved
thz_inversion,context_prior__coherent_csi_residual__prior_d_optimal__k32__nonnegative,0.2747624877243981,,Validation-only case selection; test THz gain over its prior control is 5.41468191e-05. Absolute improvement versus the spectral baseline is dominated by the same-time context prior. The coherent CSI delta-method likelihood is not receiver-validated.,context_prior,coherent_csi_residual,unvalidated_likelihood_sensitivity,prior_d_optimal,32.0,equal,False,True,True,True,False,False,0.27378015893894847,-0.0001160877892507628,5.414681910675956e-05,-0.07366328521189158,,thz_increment_improved
thz_inversion,context_prior__coherent_csi_residual__bayesian_a_optimal__k32,0.2774495778503128,,Validation-only case selection; test THz gain over its prior control is 2.64073495e-05. Absolute improvement versus the spectral baseline is dominated by the same-time context prior. The coherent CSI delta-method likelihood is not receiver-validated.,context_prior,coherent_csi_residual,unvalidated_likelihood_sensitivity,bayesian_a_optimal,32.0,equal,False,False,True,True,False,False,0.2755349978513382,-0.00010834565469175494,2.640734954223456e-05,-0.07190844629950183,,thz_increment_improved
thz_inversion,context_prior__coherent_csi_residual__bayesian_a_optimal__k32__nonnegative,0.27474235685742693,,Validation-only case selection; test THz gain over its prior control is 3.60069508e-05. Absolute improvement versus the spectral baseline is dominated by the same-time context prior. The coherent CSI delta-method likelihood is not receiver-validated.,context_prior,coherent_csi_residual,unvalidated_likelihood_sensitivity,bayesian_a_optimal,32.0,equal,False,True,True,True,False,False,0.2737982988072242,-9.595692227959418e-05,3.600695083100236e-05,-0.07364514534361583,,thz_increment_improved
thz_inversion,context_prior__coherent_csi_residual__target_balanced__k32,0.27744372965737013,,Validation-only case selection; test THz gain over its prior control is 3.95061715e-05. Absolute improvement versus the spectral baseline is dominated by the same-time context prior. The coherent CSI delta-method likelihood is not receiver-validated.,context_prior,coherent_csi_residual,unvalidated_likelihood_sensitivity,target_balanced,32.0,equal,False,False,True,True,False,False,0.27552189902940005,-0.0001024974617490626,3.9506171480407914e-05,-0.07192154512144,,thz_increment_improved
thz_inversion,context_prior__coherent_csi_residual__target_balanced__k32__nonnegative,0.2747369405616645,,Validation-only case selection; test THz gain over its prior control is 4.49557507e-05. Absolute improvement versus the spectral baseline is dominated by the same-time context prior. The coherent CSI delta-method likelihood is not receiver-validated.,context_prior,coherent_csi_residual,unvalidated_likelihood_sensitivity,target_balanced,32.0,equal,False,True,True,True,False,False,0.27378935000739674,-9.054062651714379e-05,4.4955750658493e-05,-0.07365409414344332,,thz_increment_improved
thz_inversion,context_prior__coherent_csi_residual__uniform__k64,0.27740484328833154,,Validation-only case selection; test THz gain over its prior control is -9.67953275e-06. Absolute improvement versus the spectral baseline is dominated by the same-time context prior. The coherent CSI delta-method likelihood is not receiver-validated.,context_prior,coherent_csi_residual,unvalidated_likelihood_sensitivity,uniform,64.0,equal,False,False,True,True,False,False,0.2755710847336289,-6.361109271046939e-05,-9.679532748441133e-06,-0.07187235941721115,,worse_than_prior_control
thz_inversion,context_prior__coherent_csi_residual__uniform__k64__nonnegative,0.2747016373585512,,Validation-only case selection; test THz gain over its prior control is -4.0324763e-06. Absolute improvement versus the spectral baseline is dominated by the same-time context prior. The coherent CSI delta-method likelihood is not receiver-validated.,context_prior,coherent_csi_residual,unvalidated_likelihood_sensitivity,uniform,64.0,equal,False,True,True,True,False,False,0.27383833823435116,-5.523742340385329e-05,-4.032476295934284e-06,-0.07360510591648889,,worse_than_prior_control
thz_inversion,context_prior__coherent_csi_residual__physics_d_optimal__k64,0.2774691792325282,,Validation-only case selection; test THz gain over its prior control is 2.5771769e-05. Absolute improvement versus the spectral baseline is dominated by the same-time context prior. The coherent CSI delta-method likelihood is not receiver-validated.,context_prior,coherent_csi_residual,unvalidated_likelihood_sensitivity,physics_d_optimal,64.0,equal,False,False,True,True,False,False,0.2755356334318346,-0.00012794703690710563,2.577176904583478e-05,-0.07190781071900543,,thz_increment_improved
thz_inversion,context_prior__coherent_csi_residual__physics_d_optimal__k64__nonnegative,0.27476311373466933,,Validation-only case selection; test THz gain over its prior control is 3.42701627e-05. Absolute improvement versus the spectral baseline is dominated by the same-time context prior. The coherent CSI delta-method likelihood is not receiver-validated.,context_prior,coherent_csi_residual,unvalidated_likelihood_sensitivity,physics_d_optimal,64.0,equal,False,True,True,True,False,False,0.2738000355953682,-0.00011671379952199468,3.427016268703342e-05,-0.07364340855547186,,thz_increment_improved
thz_inversion,context_prior__coherent_csi_residual__prior_d_optimal__k64,0.27747492645946337,,Validation-only case selection; test THz gain over its prior control is 1.95489869e-05. Absolute improvement versus the spectral baseline is dominated by the same-time context prior. The coherent CSI delta-method likelihood is not receiver-validated.,context_prior,coherent_csi_residual,unvalidated_likelihood_sensitivity,prior_d_optimal,64.0,equal,False,False,True,True,False,False,0.2755418562140085,-0.00013369426384229888,1.954898687195339e-05,-0.07190158793683155,,thz_increment_improved
thz_inversion,context_prior__coherent_csi_residual__prior_d_optimal__k64__nonnegative,0.2747672399724994,,Validation-only case selection; test THz gain over its prior control is 2.73643571e-05. Absolute improvement versus the spectral baseline is dominated by the same-time context prior. The coherent CSI delta-method likelihood is not receiver-validated.,context_prior,coherent_csi_residual,unvalidated_likelihood_sensitivity,prior_d_optimal,64.0,equal,False,True,True,True,False,False,0.2738069414009605,-0.00012084003735207682,2.736435709471685e-05,-0.07363650274987954,,thz_increment_improved
thz_inversion,context_prior__coherent_csi_residual__bayesian_a_optimal__k64,0.27744804100853854,,Validation-only case selection; test THz gain over its prior control is 4.29060613e-05. Absolute improvement versus the spectral baseline is dominated by the same-time context prior. The coherent CSI delta-method likelihood is not receiver-validated.,context_prior,coherent_csi_residual,unvalidated_likelihood_sensitivity,bayesian_a_optimal,64.0,equal,False,False,True,True,False,False,0.27551849913959475,-0.00010680881291746935,4.290606128570795e-05,-0.0719249450112453,,thz_increment_improved
thz_inversion,context_prior__coherent_csi_residual__bayesian_a_optimal__k64__nonnegative,0.2747396274792425,,Validation-only case selection; test THz gain over its prior control is 5.12219467e-05. Absolute improvement versus the spectral baseline is dominated by the same-time context prior. The coherent CSI delta-method likelihood is not receiver-validated.,context_prior,coherent_csi_residual,unvalidated_likelihood_sensitivity,bayesian_a_optimal,64.0,equal,False,True,True,True,False,False,0.27378308381138877,-9.322754409518685e-05,5.122194666645763e-05,-0.07366036033945128,,thz_increment_improved
thz_inversion,context_prior__coherent_csi_residual__target_balanced__k64,0.2774665671569539,,Validation-only case selection; test THz gain over its prior control is 2.79298509e-05. Absolute improvement versus the spectral baseline is dominated by the same-time context prior. The coherent CSI delta-method likelihood is not receiver-validated.,context_prior,coherent_csi_residual,unvalidated_likelihood_sensitivity,target_balanced,64.0,equal,False,False,True,True,False,False,0.2755334753500132,-0.00012533496133282362,2.792985086724764e-05,-0.07190996880082684,,thz_increment_improved
thz_inversion,context_prior__coherent_csi_residual__target_balanced__k64__nonnegative,0.2747601744776084,,Validation-only case selection; test THz gain over its prior control is 3.88109379e-05. Absolute improvement versus the spectral baseline is dominated by the same-time context prior. The coherent CSI delta-method likelihood is not receiver-validated.,context_prior,coherent_csi_residual,unvalidated_likelihood_sensitivity,target_balanced,64.0,equal,False,True,True,True,False,False,0.2737954948201401,-0.00011377454246108698,3.881093791513468e-05,-0.07364794933069996,,thz_increment_improved
thz_inversion,context_prior__coherent_csi_residual__uniform__k128,0.27744883220043864,,Validation-only case selection; test THz gain over its prior control is 1.41668029e-05. Absolute improvement versus the spectral baseline is dominated by the same-time context prior. The coherent CSI delta-method likelihood is not receiver-validated.,context_prior,coherent_csi_residual,unvalidated_likelihood_sensitivity,uniform,128.0,equal,False,False,True,True,False,False,0.2755472383980267,-0.00010760000481757626,1.4166802853765592e-05,-0.07189620575281336,,thz_increment_improved
thz_inversion,context_prior__coherent_csi_residual__uniform__k128__nonnegative,0.27474359299909323,,Validation-only case selection; test THz gain over its prior control is 1.89853386e-05. Absolute improvement versus the spectral baseline is dominated by the same-time context prior. The coherent CSI delta-method likelihood is not receiver-validated.,context_prior,coherent_csi_residual,unvalidated_likelihood_sensitivity,uniform,128.0,equal,False,True,True,True,False,False,0.27381532041944856,-9.719306394589955e-05,1.8985338606669622e-05,-0.07362812373139149,,thz_increment_improved
thz_inversion,context_prior__coherent_csi_residual__physics_d_optimal__k128,0.2774826230810195,,Validation-only case selection; test THz gain over its prior control is 1.42734191e-05. Absolute improvement versus the spectral baseline is dominated by the same-time context prior. The coherent CSI delta-method likelihood is not receiver-validated.,context_prior,coherent_csi_residual,unvalidated_likelihood_sensitivity,physics_d_optimal,128.0,equal,False,False,True,True,False,False,0.27554713178177853,-0.00014139088539844025,1.427341910192892e-05,-0.07189631236906152,,thz_increment_improved
thz_inversion,context_prior__coherent_csi_residual__physics_d_optimal__k128__nonnegative,0.27477628544007454,,Validation-only case selection; test THz gain over its prior control is 2.72177813e-05. Absolute improvement versus the spectral baseline is dominated by the same-time context prior. The coherent CSI delta-method likelihood is not receiver-validated.,context_prior,coherent_csi_residual,unvalidated_likelihood_sensitivity,physics_d_optimal,128.0,equal,False,True,True,True,False,False,0.2738070879767117,-0.0001298855049272074,2.7217781343513714e-05,-0.07363635617412834,,thz_increment_improved
thz_inversion,context_prior__coherent_csi_residual__prior_d_optimal__k128,0.2774943114942118,,Validation-only case selection; test THz gain over its prior control is -1.93058676e-08. Absolute improvement versus the spectral baseline is dominated by the same-time context prior. The coherent CSI delta-method likelihood is not receiver-validated.,context_prior,coherent_csi_residual,unvalidated_likelihood_sensitivity,prior_d_optimal,128.0,equal,False,False,True,True,False,False,0.2755614245067481,-0.00015307929859070812,-1.930586762677322e-08,-0.07188201964409197,,no_resolved_thz_increment
thz_inversion,context_prior__coherent_csi_residual__prior_d_optimal__k128__nonnegative,0.2747878171316253,,Validation-only case selection; test THz gain over its prior control is 1.25318598e-05. Absolute improvement versus the spectral baseline is dominated by the same-time context prior. The coherent CSI delta-method likelihood is not receiver-validated.,context_prior,coherent_csi_residual,unvalidated_likelihood_sensitivity,prior_d_optimal,128.0,equal,False,True,True,True,False,False,0.2738217738982118,-0.00014141719647797757,1.2531859843456505e-05,-0.07362167025262828,,thz_increment_improved
thz_inversion,context_prior__coherent_csi_residual__bayesian_a_optimal__k128,0.27747816221340565,,Validation-only case selection; test THz gain over its prior control is 3.00120263e-05. Absolute improvement versus the spectral baseline is dominated by the same-time context prior. The coherent CSI delta-method likelihood is not receiver-validated.,context_prior,coherent_csi_residual,unvalidated_likelihood_sensitivity,bayesian_a_optimal,128.0,equal,False,False,True,True,False,False,0.2755313931746159,-0.0001369300177845867,3.001202626456978e-05,-0.07191205097622416,,thz_increment_improved
thz_inversion,context_prior__coherent_csi_residual__bayesian_a_optimal__k128__nonnegative,0.2747723181781025,,Validation-only case selection; test THz gain over its prior control is 4.02642951e-05. Absolute improvement versus the spectral baseline is dominated by the same-time context prior. The coherent CSI delta-method likelihood is not receiver-validated.,context_prior,coherent_csi_residual,unvalidated_likelihood_sensitivity,bayesian_a_optimal,128.0,equal,False,True,True,True,False,False,0.2737940414629164,-0.00012591824295515863,4.0264295138814354e-05,-0.07364940268792364,,thz_increment_improved
thz_inversion,context_prior__coherent_csi_residual__target_balanced__k128,0.2774744738986353,,Validation-only case selection; test THz gain over its prior control is 3.67477388e-05. Absolute improvement versus the spectral baseline is dominated by the same-time context prior. The coherent CSI delta-method likelihood is not receiver-validated.,context_prior,coherent_csi_residual,unvalidated_likelihood_sensitivity,target_balanced,128.0,equal,False,False,True,True,False,False,0.2755246574620473,-0.00013324170301420857,3.6747738833164956e-05,-0.07191878668879276,,thz_increment_improved
thz_inversion,context_prior__coherent_csi_residual__target_balanced__k128__nonnegative,0.2747678154269247,,Validation-only case selection; test THz gain over its prior control is 4.64341117e-05. Absolute improvement versus the spectral baseline is dominated by the same-time context prior. The coherent CSI delta-method likelihood is not receiver-validated.,context_prior,coherent_csi_residual,unvalidated_likelihood_sensitivity,target_balanced,128.0,equal,False,True,True,True,False,False,0.27378787164636353,-0.00012141549177735467,4.6434111691695534e-05,-0.07365557250447652,,thz_increment_improved
thz_inversion,context_prior__coherent_csi_residual__uniform__k256,0.2774810391745763,,Validation-only case selection; test THz gain over its prior control is 1.81092463e-05. Absolute improvement versus the spectral baseline is dominated by the same-time context prior. The coherent CSI delta-method likelihood is not receiver-validated.,context_prior,coherent_csi_residual,unvalidated_likelihood_sensitivity,uniform,256.0,equal,False,False,True,True,False,False,0.27554329595461663,-0.00013980697895521477,1.8109246263831036e-05,-0.07190014819622342,,thz_increment_improved
thz_inversion,context_prior__coherent_csi_residual__uniform__k256__nonnegative,0.274775594329535,,Validation-only case selection; test THz gain over its prior control is 2.698198e-05. Absolute improvement versus the spectral baseline is dominated by the same-time context prior. The coherent CSI delta-method likelihood is not receiver-validated.,context_prior,coherent_csi_residual,unvalidated_likelihood_sensitivity,uniform,256.0,equal,False,True,True,True,False,False,0.2738073237780516,-0.00012919439438768832,2.698198000361529e-05,-0.07363612037278844,,thz_increment_improved
thz_inversion,context_prior__coherent_csi_residual__bayesian_a_optimal_power_unbounded__k32,0.27745017683364537,,Validation-only case selection; test THz gain over its prior control is 2.78868412e-05. Absolute improvement versus the spectral baseline is dominated by the same-time context prior. The coherent CSI delta-method likelihood is not receiver-validated. Power allocation reduced training-prior posterior risk at fixed total power. The weakly bounded optimizer may concentrate nearly all power on one tone and exploit training target correlations rather than spectrally resolve every target.,context_prior,coherent_csi_residual,unvalidated_likelihood_sensitivity+correlation_concentrated_power_sensitivity,bayesian_a_optimal_power_unbounded,32.0,optimized_power_unbounded,False,False,True,True,False,False,0.2755335183596844,-0.00010894463802429977,2.788684119603424e-05,-0.07190992579115563,,thz_increment_improved
thz_inversion,context_prior__coherent_csi_residual__bayesian_a_optimal_power_unbounded__k32__nonnegative,0.27474286841181333,,Validation-only case selection; test THz gain over its prior control is 3.75646373e-05. Absolute improvement versus the spectral baseline is dominated by the same-time context prior. The coherent CSI delta-method likelihood is not receiver-validated. Power allocation reduced training-prior posterior risk at fixed total power. The weakly bounded optimizer may concentrate nearly all power on one tone and exploit training target correlations rather than spectrally resolve every target.,context_prior,coherent_csi_residual,unvalidated_likelihood_sensitivity+correlation_concentrated_power_sensitivity,bayesian_a_optimal_power_unbounded,32.0,optimized_power_unbounded,False,True,True,True,False,False,0.2737967411207785,-9.646847666600067e-05,3.7564637276721324e-05,-0.07364670303006154,,thz_increment_improved
thz_inversion,context_prior__coherent_csi_residual__bayesian_a_optimal_power_bounded_4x__k32,0.27745017683364537,,Validation-only case selection; test THz gain over its prior control is 2.78868412e-05. Absolute improvement versus the spectral baseline is dominated by the same-time context prior. The coherent CSI delta-method likelihood is not receiver-validated. Power allocation reduced training-prior posterior risk at fixed total power.,context_prior,coherent_csi_residual,unvalidated_likelihood_sensitivity,bayesian_a_optimal_power_bounded_4x,32.0,optimized_power_bounded_4x,False,False,True,True,False,False,0.2755335183596844,-0.00010894463802429977,2.788684119603424e-05,-0.07190992579115563,,thz_increment_improved
thz_inversion,context_prior__coherent_csi_residual__bayesian_a_optimal_power_bounded_4x__k32__nonnegative,0.27474286841181333,,Validation-only case selection; test THz gain over its prior control is 3.75646373e-05. Absolute improvement versus the spectral baseline is dominated by the same-time context prior. The coherent CSI delta-method likelihood is not receiver-validated. Power allocation reduced training-prior posterior risk at fixed total power.,context_prior,coherent_csi_residual,unvalidated_likelihood_sensitivity,bayesian_a_optimal_power_bounded_4x,32.0,optimized_power_bounded_4x,False,True,True,True,False,False,0.2737967411207785,-9.646847666600067e-05,3.7564637276721324e-05,-0.07364670303006154,,thz_increment_improved
thz_inversion,context_prior__coherent_csi_residual__full_offset_background_projected,0.27740013183481643,,Validation-only case selection; test THz gain over its prior control is 4.13087147e-05. Absolute improvement versus the spectral baseline is dominated by the same-time context prior. The coherent CSI delta-method likelihood is not receiver-validated. Offset and background columns are projected out although the simulator injects neither nuisance.,context_prior,coherent_csi_residual,unvalidated_likelihood_sensitivity,full_offset_background_projected,256.0,equal,True,False,True,True,False,False,0.2755200964861697,-5.889963919536445e-05,4.13087147107527e-05,-0.07192334766467035,,thz_increment_improved
thz_inversion,context_prior__coherent_csi_residual__full_offset_background_projected__nonnegative,0.2746971917069703,,Validation-only case selection; test THz gain over its prior control is 4.60051178e-05. Absolute improvement versus the spectral baseline is dominated by the same-time context prior. The coherent CSI delta-method likelihood is not receiver-validated. Offset and background columns are projected out although the simulator injects neither nuisance.,context_prior,coherent_csi_residual,unvalidated_likelihood_sensitivity,full_offset_background_projected,256.0,equal,True,True,True,True,False,False,0.27378830064029874,-5.0791771822988885e-05,4.600511775648686e-05,-0.07365514351054131,,thz_increment_improved
thz_inversion,context_prior__coherent_csi_zero_residual__uniform__k16,0.27723644047728285,,Validation-only case selection; test THz gain over its prior control is 0.000136692361. Absolute improvement versus the spectral baseline is dominated by the same-time context prior. This assumes the independent residual error is exactly zero.,context_prior,coherent_csi_zero_residual,optimistic_zero_residual_sensitivity,uniform,16.0,equal,False,False,True,True,False,False,0.27542471283940334,0.00010479171833821521,0.00013669236147711983,-0.07201873131143671,,thz_increment_improved
thz_inversion,context_prior__coherent_csi_zero_residual__uniform__k16__nonnegative,0.27449364664451886,,Validation-only case selection; test THz gain over its prior control is 0.000205106555. Absolute improvement versus the spectral baseline is dominated by the same-time context prior. This assumes the independent residual error is exactly zero.,context_prior,coherent_csi_zero_residual,optimistic_zero_residual_sensitivity,uniform,16.0,equal,False,True,True,True,False,False,0.273629199203048,0.0001527532906284712,0.0002051065550072173,-0.07381424494779204,,thz_increment_improved
thz_inversion,context_prior__coherent_csi_zero_residual__physics_d_optimal__k16,0.26936602799803316,,Validation-only case selection; test THz gain over its prior control is 0.00716290753. Absolute improvement versus the spectral baseline is dominated by the same-time context prior. This assumes the independent residual error is exactly zero.,context_prior,coherent_csi_zero_residual,optimistic_zero_residual_sensitivity,physics_d_optimal,16.0,equal,False,False,True,True,False,False,0.2683984976754254,0.007975204197587904,0.0071629075254550645,-0.07904494647541466,,thz_increment_improved
thz_inversion,context_prior__coherent_csi_zero_residual__physics_d_optimal__k16__nonnegative,0.2662004080078238,,Validation-only case selection; test THz gain over its prior control is 0.00762651168. Absolute improvement versus the spectral baseline is dominated by the same-time context prior. This assumes the independent residual error is exactly zero.,context_prior,coherent_csi_zero_residual,optimistic_zero_residual_sensitivity,physics_d_optimal,16.0,equal,False,True,True,True,False,False,0.2662077940808613,0.008445991927323537,0.0076265116771939145,-0.08123565006997874,,thz_increment_improved
thz_inversion,context_prior__coherent_csi_zero_residual__prior_d_optimal__k16,0.2690273519592932,,Validation-only case selection; test THz gain over its prior control is 0.00761334869. Absolute improvement versus the spectral baseline is dominated by the same-time context prior. This assumes the independent residual error is exactly zero.,context_prior,coherent_csi_zero_residual,optimistic_zero_residual_sensitivity,prior_d_optimal,16.0,equal,False,False,True,True,False,False,0.26794805651249626,0.008313880236327842,0.007613348688384203,-0.0794953876383438,,thz_increment_improved
thz_inversion,context_prior__coherent_csi_zero_residual__prior_d_optimal__k16__nonnegative,0.2658493133447,,Validation-only case selection; test THz gain over its prior control is 0.00809699778. Absolute improvement versus the spectral baseline is dominated by the same-time context prior. This assumes the independent residual error is exactly zero.,context_prior,coherent_csi_zero_residual,optimistic_zero_residual_sensitivity,prior_d_optimal,16.0,equal,False,True,True,True,False,False,0.26573730798266787,0.008797086590447312,0.00809699777538736,-0.08170613616817218,,thz_increment_improved
thz_inversion,context_prior__coherent_csi_zero_residual__bayesian_a_optimal__k16,0.2664150962004378,,Validation-only case selection; test THz gain over its prior control is 0.0100252755. Absolute improvement versus the spectral baseline is dominated by the same-time context prior. This assumes the independent residual error is exactly zero.,context_prior,coherent_csi_zero_residual,optimistic_zero_residual_sensitivity,bayesian_a_optimal,16.0,equal,False,False,True,True,False,False,0.26553612974338536,0.010926135995183273,0.010025275457495098,-0.08190731440745469,,thz_increment_improved
thz_inversion,context_prior__coherent_csi_zero_residual__bayesian_a_optimal__k16__nonnegative,0.26306693392910013,,Validation-only case selection; test THz gain over its prior control is 0.010591407. Absolute improvement versus the spectral baseline is dominated by the same-time context prior. This assumes the independent residual error is exactly zero.,context_prior,coherent_csi_zero_residual,optimistic_zero_residual_sensitivity,bayesian_a_optimal,16.0,equal,False,True,True,True,False,False,0.2632428987634804,0.011579466006047201,0.010591406994574837,-0.08420054538735966,,thz_increment_improved
thz_inversion,context_prior__coherent_csi_zero_residual__target_balanced__k16,0.26812210971334527,,Validation-only case selection; test THz gain over its prior control is 0.00844288722. Absolute improvement versus the spectral baseline is dominated by the same-time context prior. This assumes the independent residual error is exactly zero.,context_prior,coherent_csi_zero_residual,optimistic_zero_residual_sensitivity,target_balanced,16.0,equal,False,False,True,True,False,False,0.26711851798095954,0.009219122482275799,0.008442887219920925,-0.08032492616988052,,thz_increment_improved
thz_inversion,context_prior__coherent_csi_zero_residual__target_balanced__k16__nonnegative,0.2649414523010693,,Validation-only case selection; test THz gain over its prior control is 0.00898057241. Absolute improvement versus the spectral baseline is dominated by the same-time context prior. This assumes the independent residual error is exactly zero.,context_prior,coherent_csi_zero_residual,optimistic_zero_residual_sensitivity,target_balanced,16.0,equal,False,True,True,True,False,False,0.2648537333460905,0.009704947634078032,0.008980572411964705,-0.08258971080474953,,thz_increment_improved
thz_inversion,context_prior__coherent_csi_zero_residual__uniform__k32,0.27555574311107855,,Validation-only case selection; test THz gain over its prior control is 0.00211051999. Absolute improvement versus the spectral baseline is dominated by the same-time context prior. This assumes the independent residual error is exactly zero.,context_prior,coherent_csi_zero_residual,optimistic_zero_residual_sensitivity,uniform,32.0,equal,False,False,True,True,False,False,0.2734508852064237,0.001785489084542513,0.002110519994456772,-0.07399255894441636,,thz_increment_improved
thz_inversion,context_prior__coherent_csi_zero_residual__uniform__k32__nonnegative,0.2727191185462521,,Validation-only case selection; test THz gain over its prior control is 0.00225916966. Absolute improvement versus the spectral baseline is dominated by the same-time context prior. This assumes the independent residual error is exactly zero.,context_prior,coherent_csi_zero_residual,optimistic_zero_residual_sensitivity,uniform,32.0,equal,False,True,True,True,False,False,0.27157513610048084,0.0019272813888952522,0.002259169657574389,-0.07586830805035921,,thz_increment_improved
thz_inversion,context_prior__coherent_csi_zero_residual__physics_d_optimal__k32,0.27230797015832,,Validation-only case selection; test THz gain over its prior control is 0.00494043992. Absolute improvement versus the spectral baseline is dominated by the same-time context prior. This assumes the independent residual error is exactly zero.,context_prior,coherent_csi_zero_residual,optimistic_zero_residual_sensitivity,physics_d_optimal,32.0,equal,False,False,True,True,False,False,0.27062096528498153,0.0050332620373010895,0.004940439915898931,-0.07682247886585852,,thz_increment_improved
thz_inversion,context_prior__coherent_csi_zero_residual__physics_d_optimal__k32__nonnegative,0.2692661539295718,,Validation-only case selection; test THz gain over its prior control is 0.00524201074. Absolute improvement versus the spectral baseline is dominated by the same-time context prior. This assumes the independent residual error is exactly zero.,context_prior,coherent_csi_zero_residual,optimistic_zero_residual_sensitivity,physics_d_optimal,32.0,equal,False,True,True,True,False,False,0.26859229502227916,0.0053802460055755175,0.00524201073577607,-0.0788511491285609,,thz_increment_improved
thz_inversion,context_prior__coherent_csi_zero_residual__prior_d_optimal__k32,0.27209610514921967,,Validation-only case selection; test THz gain over its prior control is 0.00513353193. Absolute improvement versus the spectral baseline is dominated by the same-time context prior. This assumes the independent residual error is exactly zero.,context_prior,coherent_csi_zero_residual,optimistic_zero_residual_sensitivity,prior_d_optimal,32.0,equal,False,False,True,True,False,False,0.27042787327273987,0.005245127046401399,0.005133531928140589,-0.07701557087810018,,thz_increment_improved
thz_inversion,context_prior__coherent_csi_zero_residual__prior_d_optimal__k32__nonnegative,0.2690510653152505,,Validation-only case selection; test THz gain over its prior control is 0.00548292722. Absolute improvement versus the spectral baseline is dominated by the same-time context prior. This assumes the independent residual error is exactly zero.,context_prior,coherent_csi_zero_residual,optimistic_zero_residual_sensitivity,prior_d_optimal,32.0,equal,False,True,True,True,False,False,0.26835137853410806,0.005595334619896808,0.005482927223947165,-0.07909206561673199,,thz_increment_improved
thz_inversion,context_prior__coherent_csi_zero_residual__bayesian_a_optimal__k32,0.2713321850635968,,Validation-only case selection; test THz gain over its prior control is 0.00555509104. Absolute improvement versus the spectral baseline is dominated by the same-time context prior. This assumes the independent residual error is exactly zero.,context_prior,coherent_csi_zero_residual,optimistic_zero_residual_sensitivity,bayesian_a_optimal,32.0,equal,False,False,True,True,False,False,0.27000631415963944,0.00600904713202427,0.005555091041241023,-0.07743712999120062,,thz_increment_improved
thz_inversion,context_prior__coherent_csi_zero_residual__bayesian_a_optimal__k32__nonnegative,0.2681439854874464,,Validation-only case selection; test THz gain over its prior control is 0.00596235848. Absolute improvement versus the spectral baseline is dominated by the same-time context prior. This assumes the independent residual error is exactly zero.,context_prior,coherent_csi_zero_residual,optimistic_zero_residual_sensitivity,bayesian_a_optimal,32.0,equal,False,True,True,True,False,False,0.26787194727545444,0.006502414447700944,0.005962358482600794,-0.07957149687538562,,thz_increment_improved
thz_inversion,context_prior__coherent_csi_zero_residual__target_balanced__k32,0.27188214483326756,,Validation-only case selection; test THz gain over its prior control is 0.0051902109. Absolute improvement versus the spectral baseline is dominated by the same-time context prior. This assumes the independent residual error is exactly zero.,context_prior,coherent_csi_zero_residual,optimistic_zero_residual_sensitivity,target_balanced,32.0,equal,False,False,True,True,False,False,0.27037119429972056,0.00545908736235351,0.005190210901159897,-0.07707224985111949,,thz_increment_improved
thz_inversion,context_prior__coherent_csi_zero_residual__target_balanced__k32__nonnegative,0.2688194704994538,,Validation-only case selection; test THz gain over its prior control is 0.00558844789. Absolute improvement versus the spectral baseline is dominated by the same-time context prior. This assumes the independent residual error is exactly zero.,context_prior,coherent_csi_zero_residual,optimistic_zero_residual_sensitivity,target_balanced,32.0,equal,False,True,True,True,False,False,0.2682458578686207,0.0058269294356935175,0.005588447889434522,-0.07919758628221935,,thz_increment_improved
thz_inversion,context_prior__coherent_csi_zero_residual__uniform__k64,0.2766595525043006,,Validation-only case selection; test THz gain over its prior control is 0.000852275468. Absolute improvement versus the spectral baseline is dominated by the same-time context prior. This assumes the independent residual error is exactly zero.,context_prior,coherent_csi_zero_residual,optimistic_zero_residual_sensitivity,uniform,64.0,equal,False,False,True,True,False,False,0.2747091297326893,0.0006816796913204914,0.000852275468191166,-0.07273431441815076,,thz_increment_improved
thz_inversion,context_prior__coherent_csi_zero_residual__uniform__k64__nonnegative,0.27384391861021895,,Validation-only case selection; test THz gain over its prior control is 0.0009613655. Absolute improvement versus the spectral baseline is dominated by the same-time context prior. This assumes the independent residual error is exactly zero.,context_prior,coherent_csi_zero_residual,optimistic_zero_residual_sensitivity,uniform,64.0,equal,False,True,True,True,False,False,0.27287294025840897,0.0008024813249283835,0.0009613654996462606,-0.07457050389243108,,thz_increment_improved
thz_inversion,context_prior__coherent_csi_zero_residual__physics_d_optimal__k64,0.27456249962196017,,Validation-only case selection; test THz gain over its prior control is 0.0029154721. Absolute improvement versus the spectral baseline is dominated by the same-time context prior. This assumes the independent residual error is exactly zero.,context_prior,coherent_csi_zero_residual,optimistic_zero_residual_sensitivity,physics_d_optimal,64.0,equal,False,False,True,True,False,False,0.27264593309885754,0.0027787325736609025,0.00291547210202292,-0.07479751105198251,,thz_increment_improved
thz_inversion,context_prior__coherent_csi_zero_residual__physics_d_optimal__k64__nonnegative,0.2715838009445606,,Validation-only case selection; test THz gain over its prior control is 0.00318170665. Absolute improvement versus the spectral baseline is dominated by the same-time context prior. This assumes the independent residual error is exactly zero.,context_prior,coherent_csi_zero_residual,optimistic_zero_residual_sensitivity,physics_d_optimal,64.0,equal,False,True,True,True,False,False,0.2706525991085047,0.0030625989905867512,0.003181706649550531,-0.07679084504233535,,thz_increment_improved
thz_inversion,context_prior__coherent_csi_zero_residual__prior_d_optimal__k64,0.2745038442155057,,Validation-only case selection; test THz gain over its prior control is 0.00296042599. Absolute improvement versus the spectral baseline is dominated by the same-time context prior. This assumes the independent residual error is exactly zero.,context_prior,coherent_csi_zero_residual,optimistic_zero_residual_sensitivity,prior_d_optimal,64.0,equal,False,False,True,True,False,False,0.27260097921058274,0.0028373879801153468,0.0029604259902977215,-0.07484246494025731,,thz_increment_improved
thz_inversion,context_prior__coherent_csi_zero_residual__prior_d_optimal__k64__nonnegative,0.27152919365112677,,Validation-only case selection; test THz gain over its prior control is 0.00324933367. Absolute improvement versus the spectral baseline is dominated by the same-time context prior. This assumes the independent residual error is exactly zero.,context_prior,coherent_csi_zero_residual,optimistic_zero_residual_sensitivity,prior_d_optimal,64.0,equal,False,True,True,True,False,False,0.27058497208343474,0.0031172062840205683,0.0032493336746204915,-0.07685847206740531,,thz_increment_improved
thz_inversion,context_prior__coherent_csi_zero_residual__bayesian_a_optimal__k64,0.27418143613125706,,Validation-only case selection; test THz gain over its prior control is 0.00302692652. Absolute improvement versus the spectral baseline is dominated by the same-time context prior. This assumes the independent residual error is exactly zero.,context_prior,coherent_csi_zero_residual,optimistic_zero_residual_sensitivity,bayesian_a_optimal,64.0,equal,False,False,True,True,False,False,0.27253447867989833,0.0031597960643640066,0.0030269265209821317,-0.07490896547094172,,thz_increment_improved
thz_inversion,context_prior__coherent_csi_zero_residual__bayesian_a_optimal__k64__nonnegative,0.27115208654238004,,Validation-only case selection; test THz gain over its prior control is 0.00331042421. Absolute improvement versus the spectral baseline is dominated by the same-time context prior. This assumes the independent residual error is exactly zero.,context_prior,coherent_csi_zero_residual,optimistic_zero_residual_sensitivity,bayesian_a_optimal,64.0,equal,False,True,True,True,False,False,0.27052388155294377,0.00349431339276729,0.003310424205111462,-0.07691956259789628,,thz_increment_improved
thz_inversion,context_prior__coherent_csi_zero_residual__target_balanced__k64,0.274499651725601,,Validation-only case selection; test THz gain over its prior control is 0.00305557541. Absolute improvement versus the spectral baseline is dominated by the same-time context prior. This assumes the independent residual error is exactly zero.,context_prior,coherent_csi_zero_residual,optimistic_zero_residual_sensitivity,target_balanced,64.0,equal,False,False,True,True,False,False,0.2725058297877421,0.0028415804700200886,0.003055575413138334,-0.07493761436309793,,thz_increment_improved
thz_inversion,context_prior__coherent_csi_zero_residual__target_balanced__k64__nonnegative,0.2715215455909504,,Validation-only case selection; test THz gain over its prior control is 0.00332135666. Absolute improvement versus the spectral baseline is dominated by the same-time context prior. This assumes the independent residual error is exactly zero.,context_prior,coherent_csi_zero_residual,optimistic_zero_residual_sensitivity,target_balanced,64.0,equal,False,True,True,True,False,False,0.2705129491002128,0.003124854344196959,0.0033213566578424447,-0.07693049505062727,,thz_increment_improved
thz_inversion,context_prior__coherent_csi_zero_residual__uniform__k128,0.2769820326718458,,Validation-only case selection; test THz gain over its prior control is 0.000715375338. Absolute improvement versus the spectral baseline is dominated by the same-time context prior. This assumes the independent residual error is exactly zero.,context_prior,coherent_csi_zero_residual,optimistic_zero_residual_sensitivity,uniform,128.0,equal,False,False,True,True,False,False,0.2748460298632343,0.00035919952377527764,0.0007153753376461514,-0.07259741428760574,,thz_increment_improved
thz_inversion,context_prior__coherent_csi_zero_residual__uniform__k128__nonnegative,0.2741802271436648,,Validation-only case selection; test THz gain over its prior control is 0.000810847714. Absolute improvement versus the spectral baseline is dominated by the same-time context prior. This assumes the independent residual error is exactly zero.,context_prior,coherent_csi_zero_residual,optimistic_zero_residual_sensitivity,uniform,128.0,equal,False,True,True,True,False,False,0.273023458044011,0.0004661727914825331,0.0008108477140442161,-0.07441998610682904,,thz_increment_improved
thz_inversion,context_prior__coherent_csi_zero_residual__physics_d_optimal__k128,0.27606926199942394,,Validation-only case selection; test THz gain over its prior control is 0.00150462045. Absolute improvement versus the spectral baseline is dominated by the same-time context prior. This assumes the independent residual error is exactly zero.,context_prior,coherent_csi_zero_residual,optimistic_zero_residual_sensitivity,physics_d_optimal,128.0,equal,False,False,True,True,False,False,0.27405678474662004,0.0012719701961971253,0.0015046204542604191,-0.07338665940422001,,thz_increment_improved
thz_inversion,context_prior__coherent_csi_zero_residual__physics_d_optimal__k128__nonnegative,0.2731939047485578,,Validation-only case selection; test THz gain over its prior control is 0.00167939356. Absolute improvement versus the spectral baseline is dominated by the same-time context prior. This assumes the independent residual error is exactly zero.,context_prior,coherent_csi_zero_residual,optimistic_zero_residual_sensitivity,physics_d_optimal,128.0,equal,False,True,True,True,False,False,0.2721549122015507,0.0014524951865895197,0.0016793935565045381,-0.07528853194928936,,thz_increment_improved
thz_inversion,context_prior__coherent_csi_zero_residual__prior_d_optimal__k128,0.2760380798443804,,Validation-only case selection; test THz gain over its prior control is 0.00148716677. Absolute improvement versus the spectral baseline is dominated by the same-time context prior. This assumes the independent residual error is exactly zero.,context_prior,coherent_csi_zero_residual,optimistic_zero_residual_sensitivity,prior_d_optimal,128.0,equal,False,False,True,True,False,False,0.27407423842800466,0.0013031523512406773,0.0014871667728758031,-0.0733692057228354,,thz_increment_improved
thz_inversion,context_prior__coherent_csi_zero_residual__prior_d_optimal__k128__nonnegative,0.2731614073281094,,Validation-only case selection; test THz gain over its prior control is 0.00166420412. Absolute improvement versus the spectral baseline is dominated by the same-time context prior. This assumes the independent residual error is exactly zero.,context_prior,coherent_csi_zero_residual,optimistic_zero_residual_sensitivity,prior_d_optimal,128.0,equal,False,True,True,True,False,False,0.2721701016384611,0.0014849926070379382,0.0016642041195941149,-0.07527334251237894,,thz_increment_improved
thz_inversion,context_prior__coherent_csi_zero_residual__bayesian_a_optimal__k128,0.2760907384626278,,Validation-only case selection; test THz gain over its prior control is 0.00154282584. Absolute improvement versus the spectral baseline is dominated by the same-time context prior. This assumes the independent residual error is exactly zero.,context_prior,coherent_csi_zero_residual,optimistic_zero_residual_sensitivity,bayesian_a_optimal,128.0,equal,False,False,True,True,False,False,0.2740185793587762,0.0012504937329932408,0.0015428258421042451,-0.07342486479206384,,thz_increment_improved
thz_inversion,context_prior__coherent_csi_zero_residual__bayesian_a_optimal__k128__nonnegative,0.2732140832181011,,Validation-only case selection; test THz gain over its prior control is 0.00172203464. Absolute improvement versus the spectral baseline is dominated by the same-time context prior. This assumes the independent residual error is exactly zero.,context_prior,coherent_csi_zero_residual,optimistic_zero_residual_sensitivity,bayesian_a_optimal,128.0,equal,False,True,True,True,False,False,0.2721122711147427,0.0014323167170462447,0.0017220346433125533,-0.07533117303609738,,thz_increment_improved
thz_inversion,context_prior__coherent_csi_zero_residual__target_balanced__k128,0.27603565916882994,,Validation-only case selection; test THz gain over its prior control is 0.00155060072. Absolute improvement versus the spectral baseline is dominated by the same-time context prior. This assumes the independent residual error is exactly zero.,context_prior,coherent_csi_zero_residual,optimistic_zero_residual_sensitivity,target_balanced,128.0,equal,False,False,True,True,False,False,0.27401080448087295,0.0013055730267911292,0.0015506007200075111,-0.0734326396699671,,thz_increment_improved
thz_inversion,context_prior__coherent_csi_zero_residual__target_balanced__k128__nonnegative,0.2731599334525861,,Validation-only case selection; test THz gain over its prior control is 0.00172896108. Absolute improvement versus the spectral baseline is dominated by the same-time context prior. This assumes the independent residual error is exactly zero.,context_prior,coherent_csi_zero_residual,optimistic_zero_residual_sensitivity,target_balanced,128.0,equal,False,True,True,True,False,False,0.27210534467406267,0.0014864664825612328,0.001728961083992564,-0.07533809947677739,,thz_increment_improved
thz_inversion,context_prior__coherent_csi_zero_residual__uniform__k256,0.27695511726895133,,Validation-only case selection; test THz gain over its prior control is 0.000730498172. Absolute improvement versus the spectral baseline is dominated by the same-time context prior. This assumes the independent residual error is exactly zero.,context_prior,coherent_csi_zero_residual,optimistic_zero_residual_sensitivity,uniform,256.0,equal,False,False,True,True,False,False,0.2748309070290605,0.0003861149266697339,0.000730498171819971,-0.07261253712177956,,thz_increment_improved
thz_inversion,context_prior__coherent_csi_zero_residual__uniform__k256__nonnegative,0.2741615857975761,,Validation-only case selection; test THz gain over its prior control is 0.000823631614. Absolute improvement versus the spectral baseline is dominated by the same-time context prior. This assumes the independent residual error is exactly zero.,context_prior,coherent_csi_zero_residual,optimistic_zero_residual_sensitivity,uniform,256.0,equal,False,True,True,True,False,False,0.2730106741437589,0.00048481413757123226,0.0008236316142963274,-0.07443277000708115,,thz_increment_improved
thz_inversion,context_prior__coherent_csi_zero_residual__bayesian_a_optimal_power_unbounded__k32,0.23972634915736082,,Validation-only case selection; test THz gain over its prior control is 0.0336536774. Absolute improvement versus the spectral baseline is dominated by the same-time context prior. This assumes the independent residual error is exactly zero. Power allocation reduced training-prior posterior risk at fixed total power. The weakly bounded optimizer may concentrate nearly all power on one tone and exploit training target correlations rather than spectrally resolve every target.,context_prior,coherent_csi_zero_residual,optimistic_zero_residual_sensitivity+correlation_concentrated_power_sensitivity,bayesian_a_optimal_power_unbounded,32.0,optimized_power_unbounded,False,False,True,True,False,False,0.24190772775487882,0.037614883038260244,0.033653677446001645,-0.10553571639596124,,thz_increment_improved
thz_inversion,context_prior__coherent_csi_zero_residual__bayesian_a_optimal_power_unbounded__k32__nonnegative,0.23605798288286942,,Validation-only case selection; test THz gain over its prior control is 0.0347346414. Absolute improvement versus the spectral baseline is dominated by the same-time context prior. This assumes the independent residual error is exactly zero. Power allocation reduced training-prior posterior risk at fixed total power. The weakly bounded optimizer may concentrate nearly all power on one tone and exploit training target correlations rather than spectrally resolve every target.,context_prior,coherent_csi_zero_residual,optimistic_zero_residual_sensitivity+correlation_concentrated_power_sensitivity,bayesian_a_optimal_power_unbounded,32.0,optimized_power_unbounded,False,True,True,True,False,False,0.23909966438742947,0.03858841705227792,0.03473464137062576,-0.10834377976341059,best_context_assisted;best_overall_single_snapshot,thz_increment_improved
thz_inversion,context_prior__coherent_csi_zero_residual__bayesian_a_optimal_power_bounded_4x__k32,0.259313196151507,,Validation-only case selection; test THz gain over its prior control is 0.016071703. Absolute improvement versus the spectral baseline is dominated by the same-time context prior. This assumes the independent residual error is exactly zero. Power allocation reduced training-prior posterior risk at fixed total power.,context_prior,coherent_csi_zero_residual,optimistic_zero_residual_sensitivity,bayesian_a_optimal_power_bounded_4x,32.0,optimized_power_bounded_4x,False,False,True,True,False,False,0.2594897022086495,0.01802803604411407,0.016071702992230985,-0.08795374194219058,,thz_increment_improved
thz_inversion,context_prior__coherent_csi_zero_residual__bayesian_a_optimal_power_bounded_4x__k32__nonnegative,0.25577983348372024,,Validation-only case selection; test THz gain over its prior control is 0.0169067614. Absolute improvement versus the spectral baseline is dominated by the same-time context prior. This assumes the independent residual error is exactly zero. Power allocation reduced training-prior posterior risk at fixed total power.,context_prior,coherent_csi_zero_residual,optimistic_zero_residual_sensitivity,bayesian_a_optimal_power_bounded_4x,32.0,optimized_power_bounded_4x,False,True,True,True,False,False,0.25692754440560484,0.01886656645142709,0.016906761352450395,-0.09051589974523522,best_context_bounded_or_equal_power,thz_increment_improved
thz_inversion,context_prior__coherent_csi_zero_residual__full_offset_background_projected,0.2769943821136351,,Validation-only case selection; test THz gain over its prior control is 0.000632019613. Absolute improvement versus the spectral baseline is dominated by the same-time context prior. This assumes the independent residual error is exactly zero. Offset and background columns are projected out although the simulator injects neither nuisance.,context_prior,coherent_csi_zero_residual,optimistic_zero_residual_sensitivity,full_offset_background_projected,256.0,equal,True,False,True,True,False,False,0.27492938558830804,0.0003468500819859832,0.0006320196125724209,-0.07251405856253201,,thz_increment_improved
thz_inversion,context_prior__coherent_csi_zero_residual__full_offset_background_projected__nonnegative,0.2742409816098292,,Validation-only case selection; test THz gain over its prior control is 0.000660012929. Absolute improvement versus the spectral baseline is dominated by the same-time context prior. This assumes the independent residual error is exactly zero. Offset and background columns are projected out although the simulator injects neither nuisance.,context_prior,coherent_csi_zero_residual,optimistic_zero_residual_sensitivity,full_offset_background_projected,256.0,equal,True,True,True,True,False,False,0.27317429282916567,0.00040541832531815203,0.000660012928889564,-0.07426915132167439,,thz_increment_improved
