method,tone_count,selection_rank,candidate_index,frequency_ghz,dew_point_sensitivity_db_per_c,reference_background_db,equal_power_snr_db
uniform,16,1,0,60.0,-0.0061287743609170775,93.59014201343746,-73.43855142730285
uniform,16,2,34,82.62230919765166,0.008284160983137001,0.5729815765251602,22.35753057867504
uniform,16,3,68,105.24461839530332,0.011546220411808528,0.426878786981791,24.60568474653131
uniform,16,4,102,127.86692759295498,0.01847948051545245,0.6618718361332158,26.061858342422624
uniform,16,5,136,150.48923679060664,0.04163399131111256,0.6458740671990946,27.492800304596983
uniform,16,6,170,173.1115459882583,0.3403119507509267,4.866076258346395,24.489010018092756
uniform,16,7,204,195.73385518590996,0.23495362565312572,3.357718112891911,27.064166467108535
uniform,16,8,238,218.35616438356163,0.0465671497227631,0.6732888955874663,30.698585821667052
uniform,16,9,273,241.64383561643834,0.03536446787629011,0.5111717176498956,31.7409082743187
uniform,16,10,307,264.26614481409,0.04358047350280514,0.6264435338959239,32.40295262750311
uniform,16,11,341,286.88845401174166,0.07304466407864174,1.0446970222945655,32.698129959575084
uniform,16,12,375,309.5107632093933,0.2406664092673223,3.428995985648841,30.973084716230943
uniform,16,13,409,332.133072407045,0.876203185252237,12.471395564921716,22.543412472737316
uniform,16,14,443,354.75538160469665,0.6062139461911151,8.658988281185756,26.928157144968154
uniform,16,15,477,377.3776908023483,26.812562408458007,381.47200867121416,-345.3479186392273
uniform,16,16,511,400.0,0.9129156909543816,12.993995552116077,23.6357698529049
d_optimal_default,16,1,430,346.10567514677103,0.40421584459465265,5.765180537455518,29.607559451894232
d_optimal_default,16,2,449,358.74755381604695,0.8213159149749885,11.75096799708221,23.93337655014021
d_optimal_default,16,3,504,395.3424657534246,1.5364652817274518,21.866029464067196,14.662005447134902
d_optimal_default,16,4,392,320.82191780821915,1.91242329852129,27.20923845062086,7.504607740158605
d_optimal_default,16,5,356,296.8688845401174,0.10626600561851962,1.5171107639628203,32.52274842753923
d_optimal_default,16,6,267,237.65166340508804,0.035421649914310294,0.5123615976912265,31.59502114910434
d_optimal_default,16,7,14,69.31506849315069,0.006780776305416403,3.7581151220657976,17.647003590782774
d_optimal_default,16,8,458,364.7358121330724,1.5220950165183993,22.060746085581805,13.76738763813583
d_optimal_default,16,9,447,357.41682974559683,0.7361118913237057,10.524361943023441,25.127703602387598
d_optimal_default,16,10,511,400.0,0.9129156909543816,12.993995552116077,23.6357698529049
d_optimal_default,16,11,429,345.44031311154595,0.39834343686028184,5.680949023293882,29.67507692797666
d_optimal_default,16,12,179,179.09980430528375,1.5347222972387868,21.852361239371458,7.798106565374965
d_optimal_default,16,13,505,396.0078277886497,1.4138694025782002,20.12175799529603,16.420882995201993
d_optimal_default,16,14,15,69.98043052837573,0.0068810218234718334,3.1202581174598807,18.367839660785165
d_optimal_default,16,15,420,339.4520547945205,0.4112381278426511,5.860113101986775,29.344021314866723
d_optimal_default,16,16,269,238.98238747553816,0.03534172696651128,0.5110955080607922,31.644787980239144
d_optimal_strict,16,1,430,346.10567514677103,0.40421584459465265,5.765180537455518,29.607559451894232
d_optimal_strict,16,2,449,358.74755381604695,0.8213159149749885,11.75096799708221,23.93337655014021
d_optimal_strict,16,3,504,395.3424657534246,1.5364652817274518,21.866029464067196,14.662005447134902
d_optimal_strict,16,4,392,320.82191780821915,1.91242329852129,27.20923845062086,7.504607740158605
d_optimal_strict,16,5,89,119.21722113502935,0.013018951331673634,23.08757950472777,3.027765964319812
d_optimal_strict,16,6,356,296.8688845401174,0.10626600561851962,1.5171107639628203,32.52274842753923
d_optimal_strict,16,7,267,237.65166340508804,0.035421649914310294,0.5123615976912265,31.59502114910434
d_optimal_strict,16,8,20,73.30724070450097,0.007274931238608229,1.5682207662039165,20.323282270347903
d_optimal_strict,16,9,458,364.7358121330724,1.5220950165183993,22.060746085581805,13.76738763813583
d_optimal_strict,16,10,447,357.41682974559683,0.7361118913237057,10.524361943023441,25.127703602387598
d_optimal_strict,16,11,511,400.0,0.9129156909543816,12.993995552116077,23.6357698529049
d_optimal_strict,16,12,179,179.09980430528375,1.5347222972387868,21.852361239371458,7.798106565374965
d_optimal_strict,16,13,429,345.44031311154595,0.39834343686028184,5.680949023293882,29.67507692797666
d_optimal_strict,16,14,505,396.0078277886497,1.4138694025782002,20.12175799529603,16.420882995201993
d_optimal_strict,16,15,87,117.88649706457926,0.01294944215561955,15.447512400129645,10.570334439490694
d_optimal_strict,16,16,420,339.4520547945205,0.4112381278426511,5.860113101986775,29.344021314866723
uniform,32,1,0,60.0,-0.0061287743609170775,93.59014201343746,-76.44885138394267
uniform,32,2,16,70.64579256360078,0.006965760825477396,2.6454362022068345,15.914555455033963
uniform,32,3,33,81.95694716242662,0.00821073517056159,0.6003947010349158,19.249586378228827
uniform,32,4,49,92.6027397260274,0.009514963401600296,0.3758875837030831,20.534854754542394
uniform,32,5,66,103.91389432485323,0.011295772580065977,0.40175494154716007,21.50998309920986
uniform,32,6,82,114.55968688845401,0.013512624171431398,1.8399386686921047,20.918963312390986
uniform,32,7,99,125.87084148727983,0.017567171481583266,0.8726773035113778,22.704091030424152
uniform,32,8,115,136.5166340508806,0.02372903851613528,0.46604076760275154,23.815936290015102
uniform,32,9,132,147.82778864970646,0.03662906638876917,0.5818772629413673,24.3915099660164
uniform,32,10,148,158.47358121330723,0.06701613745061707,0.992385565542534,24.585017502232986
uniform,32,11,165,169.78473581213308,0.20198855468061527,2.900823868892701,23.27541461707807
uniform,32,12,181,180.43052837573384,2.5334943630524833,36.05857529604045,-9.354109255840228
uniform,32,13,198,191.74168297455967,0.4703343127723585,6.707059824620933,20.525536496912963
uniform,32,14,214,202.38747553816046,0.11089135297954567,1.5912978234182855,26.110640464430375
uniform,32,15,231,213.69863013698628,0.055027864937928994,0.794397830033396,27.379902556468622
uniform,32,16,247,224.34442270058707,0.04026918686554648,0.5828451128148447,28.01372605409857
uniform,32,17,264,235.6555772994129,0.03568305231892799,0.5162810790734045,28.50753899747683
uniform,32,18,280,246.3013698630137,0.03592155053174295,0.5186968532363166,28.888905314120663
uniform,32,19,297,257.6125244618395,0.0396762522426255,0.5712937912107912,29.22631130036359
uniform,32,20,313,268.2583170254403,0.04663303778291872,0.6696629183478168,29.479666615936424
uniform,32,21,330,279.56947162426616,0.059469288779957274,0.8517963060211171,29.656264228876978
uniform,32,22,346,290.2152641878669,0.08156446313702048,1.1658209403884285,29.66684969930688
uniform,32,23,363,301.5264187866927,0.13442180803094494,1.917608614168275,29.247164400568565
uniform,32,24,379,312.17221135029354,0.31985440969682166,4.5554817037609325,26.910668734718314
uniform,32,25,396,323.48336594911933,4.674627395221506,66.5000120322671,-34.724707341710484
uniform,32,26,412,334.12915851272015,0.6310134641301701,8.984257306847095,23.072295853993637
uniform,32,27,429,345.44031311154595,0.39834343686028184,5.680949023293882,26.66477697133685
uniform,32,28,445,356.08610567514677,0.6653267159778267,9.507256714285685,23.10210946800032
uniform,32,29,462,367.39726027397256,2.1840255315582198,33.68949293078491,-0.8085090410605318
uniform,32,30,478,378.0430528375734,35.450567542602016,504.3314067792509,-471.2023159254954
uniform,32,31,495,389.3542074363992,3.9931626688838833,56.81673052787301,-23.431567463507776
uniform,32,32,511,400.0,0.9129156909543816,12.993995552116077,20.625469896265088
d_optimal_default,32,1,430,346.10567514677103,0.40421584459465265,5.765180537455518,26.59725949525442
d_optimal_default,32,2,449,358.74755381604695,0.8213159149749885,11.75096799708221,20.923076593500397
d_optimal_default,32,3,504,395.3424657534246,1.5364652817274518,21.866029464067196,11.65170549049509
d_optimal_default,32,4,392,320.82191780821915,1.91242329852129,27.20923845062086,4.494307783518792
d_optimal_default,32,5,356,296.8688845401174,0.10626600561851962,1.5171107639628203,29.512448470899415
d_optimal_default,32,6,267,237.65166340508804,0.035421649914310294,0.5123615976912265,28.584721192464528
d_optimal_default,32,7,15,69.98043052837573,0.0068810218234718334,3.1202581174598807,15.357539704145353
d_optimal_default,32,8,458,364.7358121330724,1.5220950165183993,22.060746085581805,10.757087681496017
d_optimal_default,32,9,447,357.41682974559683,0.7361118913237057,10.524361943023441,22.117403645747785
d_optimal_default,32,10,511,400.0,0.9129156909543816,12.993995552116077,20.625469896265088
d_optimal_default,32,11,429,345.44031311154595,0.39834343686028184,5.680949023293882,26.66477697133685
d_optimal_default,32,12,179,179.09980430528375,1.5347222972387868,21.852361239371458,4.787806608735153
d_optimal_default,32,13,505,396.0078277886497,1.4138694025782002,20.12175799529603,13.41058303856218
d_optimal_default,32,14,14,69.31506849315069,0.006780776305416403,3.7581151220657976,14.636703634142961
d_optimal_default,32,15,420,339.4520547945205,0.4112381278426511,5.860113101986775,26.33372135822691
d_optimal_default,32,16,269,238.98238747553816,0.03534172696651128,0.5110955080607922,28.63448802359933
d_optimal_default,32,17,457,364.07045009784736,1.4044642460789944,20.282231520638522,12.519742715278696
d_optimal_default,32,18,448,358.0821917808219,0.7767065845646144,11.1084222213105,21.549497862992766
d_optimal_default,32,19,434,348.7671232876712,0.44010523009496616,6.279241905917801,26.149734499847696
d_optimal_default,32,20,16,70.64579256360078,0.006965760825477396,2.6454362022068345,15.914555455033963
d_optimal_default,32,21,421,340.1174168297456,0.40239569094899785,5.734675066439662,26.476167994940923
d_optimal_default,32,22,503,394.6771037181996,1.675689751440757,23.8468638033258,9.656240469169617
d_optimal_default,32,23,364,302.1917808219178,0.13967480560946033,1.9923330546893498,29.19158552680686
d_optimal_default,32,24,192,187.7495107632094,1.3588893339457826,19.34753562430674,7.702306277418472
d_optimal_default,32,25,446,356.7514677103718,0.6991072995737824,9.992449953225135,22.633131039002052
d_optimal_default,32,26,431,346.77103718199606,0.4113239964978135,5.867056191672143,26.512065778476128
d_optimal_default,32,27,459,365.4011741682974,1.6555945960844838,24.129146820431362,8.704517572722168
d_optimal_default,32,28,268,238.3170254403131,0.03537340194544436,0.5116102035555076,28.609756809942255
d_optimal_default,32,29,17,71.31115459882584,0.007045482395554359,2.279964951281751,16.36145003386511
d_optimal_default,32,30,419,338.7866927592955,0.42276805513590965,6.023802540213069,26.152989947444098
d_optimal_default,32,31,428,344.7749510763209,0.39372522183033,5.6146167559778535,26.714362976153737
d_optimal_default,32,32,506,396.67318982387474,1.3053586212560617,18.57786691248118,14.969055680506628
d_optimal_strict,32,1,430,346.10567514677103,0.40421584459465265,5.765180537455518,26.59725949525442
d_optimal_strict,32,2,449,358.74755381604695,0.8213159149749885,11.75096799708221,20.923076593500397
d_optimal_strict,32,3,504,395.3424657534246,1.5364652817274518,21.866029464067196,11.65170549049509
d_optimal_strict,32,4,392,320.82191780821915,1.91242329852129,27.20923845062086,4.494307783518792
d_optimal_strict,32,5,87,117.88649706457926,0.01294944215561955,15.447512400129645,7.560034482850867
d_optimal_strict,32,6,420,339.4520547945205,0.4112381278426511,5.860113101986775,26.33372135822691
d_optimal_strict,32,7,267,237.65166340508804,0.035421649914310294,0.5123615976912265,28.584721192464528
d_optimal_strict,32,8,22,74.63796477495107,0.00742245956145382,1.277264071078113,17.760197322249283
d_optimal_strict,32,9,458,364.7358121330724,1.5220950165183993,22.060746085581805,10.757087681496017
d_optimal_strict,32,10,447,357.41682974559683,0.7361118913237057,10.524361943023441,22.117403645747785
d_optimal_strict,32,11,511,400.0,0.9129156909543816,12.993995552116077,20.625469896265088
d_optimal_strict,32,12,89,119.21722113502935,0.013018951331673634,23.08757950472777,0.017466007679999507
d_optimal_strict,32,13,429,345.44031311154595,0.39834343686028184,5.680949023293882,26.66477697133685
d_optimal_strict,32,14,179,179.09980430528375,1.5347222972387868,21.852361239371458,4.787806608735153
d_optimal_strict,32,15,505,396.0078277886497,1.4138694025782002,20.12175799529603,13.41058303856218
d_optimal_strict,32,16,30,79.96086105675147,0.007993933464521374,0.7034237668393052,18.932391098216897
d_optimal_strict,32,17,365,302.85714285714283,0.14534009375375234,2.0729231415797758,29.13009889853201
d_optimal_strict,32,18,434,348.7671232876712,0.44010523009496616,6.279241905917801,26.149734499847696
d_optimal_strict,32,19,448,358.0821917808219,0.7767065845646144,11.1084222213105,21.549497862992766
d_optimal_strict,32,20,419,338.7866927592955,0.42276805513590965,6.023802540213069,26.152989947444098
d_optimal_strict,32,21,269,238.98238747553816,0.03534172696651128,0.5110955080607922,28.63448802359933
d_optimal_strict,32,22,457,364.07045009784736,1.4044642460789944,20.282231520638522,12.519742715278696
d_optimal_strict,32,23,28,78.63013698630137,0.007851376331232895,0.7951724448822873,18.694873822489953
d_optimal_strict,32,24,503,394.6771037181996,1.675689751440757,23.8468638033258,9.656240469169617
d_optimal_strict,32,25,90,119.8825831702544,0.014202931116514605,11.91042953576531,11.242957932773407
d_optimal_strict,32,26,192,187.7495107632094,1.3588893339457826,19.34753562430674,7.702306277418472
d_optimal_strict,32,27,446,356.7514677103718,0.6991072995737824,9.992449953225135,22.633131039002052
d_optimal_strict,32,28,431,346.77103718199606,0.4113239964978135,5.867056191672143,26.512065778476128
d_optimal_strict,32,29,421,340.1174168297456,0.40239569094899785,5.734675066439662,26.476167994940923
d_optimal_strict,32,30,459,365.4011741682974,1.6555945960844838,24.129146820431362,8.704517572722168
d_optimal_strict,32,31,268,238.3170254403131,0.03537340194544436,0.5116102035555076,28.609756809942255
d_optimal_strict,32,32,9,65.98825831702544,0.003954704049171198,16.828191324771048,1.1394076134106967
uniform,64,1,0,60.0,-0.0061287743609170775,93.59014201343746,-79.45915134058248
uniform,64,2,8,65.3228962818004,0.002280150161247718,25.84439007182529,-10.975115762472896
uniform,64,3,16,70.64579256360078,0.006965760825477396,2.6454362022068345,12.90425549839415
uniform,64,4,24,75.96868884540118,0.007566826242219715,1.0683087719384152,15.112349511596292
uniform,64,5,32,81.29158512720156,0.008137944880298509,0.6309574810564937,16.137920025412953
uniform,64,6,41,87.279843444227,0.00882203888652544,0.4435889212581235,16.942655915472514
uniform,64,7,49,92.6027397260274,0.009514963401600296,0.3758875837030831,17.52455479790258
uniform,64,8,57,97.92563600782779,0.010315461846996055,0.3587974544836042,18.027096228431873
uniform,64,9,65,103.24853228962817,0.011174491996292502,0.3920736219822475,18.453569777992172
uniform,64,10,73,108.57142857142857,0.012218521697859419,0.5457710811485463,18.73650562936423
uniform,64,11,81,113.89432485322897,0.013384525810796966,1.4603410331655202,18.23766632232008
uniform,64,12,89,119.21722113502935,0.013018951331673634,23.08757950472777,-2.992833948959813
uniform,64,13,97,124.54011741682974,0.017004786099375835,1.1496890845927048,19.32446199738601
uniform,64,14,105,129.86301369863014,0.01948620495846609,0.5586576578930934,20.279017551641203
uniform,64,15,114,135.85127201565558,0.02322933463432053,0.4670378989930917,20.762201950202595
uniform,64,16,122,141.17416829745596,0.027867704645612834,0.48582749322226637,21.07724292891247
uniform,64,17,130,146.49706457925635,0.03450879436480592,0.5560025060447905,21.328541612011094
uniform,64,18,138,151.81996086105676,0.04460590404983655,0.6851011669973007,21.509442000771287
uniform,64,19,146,157.14285714285714,0.061181511983664505,0.9112945903381537,21.58256397772331
uniform,64,20,154,162.46575342465752,0.09148781394214289,1.3356121815168391,21.447590061821018
uniform,64,21,162,167.78864970645793,0.1566286020468617,2.257172492070013,20.806044753910115
uniform,64,22,170,173.1115459882583,0.3403119507509267,4.866076258346395,18.46841010481313
uniform,64,23,178,178.4344422700587,1.2269386858051448,17.474683611761034,6.122855808045699
uniform,64,24,187,184.42270058708414,4.895878329794442,69.66013872101894,-45.77588550967056
uniform,64,25,195,189.74559686888452,0.751106600719325,10.701522484760892,13.429877314171193
uniform,64,26,203,195.06849315068493,0.2593660522676746,3.70515975369467,20.666548495095043
uniform,64,27,211,200.3913894324853,0.13384408155836125,1.9182657715339564,22.687281023750103
uniform,64,28,219,205.7142857142857,0.0853354154820658,1.2270380112813928,23.606216695520544
uniform,64,29,227,211.0371819960861,0.062176135914214115,0.8965538715952518,24.15859137471749
uniform,64,30,235,216.3600782778865,0.04969350489845037,0.7180745587034733,24.553433704386833
uniform,64,31,243,221.68297455968687,0.042594501569640286,0.6162879797354376,24.866324489666297
uniform,64,32,251,227.00587084148728,0.03853050709472061,0.5577689968671234,25.13093845015908
uniform,64,33,260,232.99412915851272,0.03641495269684447,0.526974558693387,25.387890668109137
uniform,64,34,268,238.3170254403131,0.03537340194544436,0.5116102035555076,25.599456853302442
uniform,64,35,276,243.63992172211348,0.03552512371523142,0.513280865198597,25.789653825924333
uniform,64,36,284,248.9628180039139,0.036497427558697115,0.5266782717971573,25.96397721550096
uniform,64,37,292,254.28571428571428,0.038211152626650646,0.5506708505148957,26.12373406055994
uniform,64,38,300,259.6086105675147,0.04072500970938919,0.5860893942153466,26.268258127519644
uniform,64,39,308,264.93150684931504,0.044045361978337416,0.6330211922285555,26.397616665484094
uniform,64,40,316,270.25440313111545,0.04840504301117288,0.69477597217305,26.508645261887395
uniform,64,41,324,275.57729941291586,0.05408148837738569,0.7752989550188785,26.59753550711369
uniform,64,42,333,281.56555772994125,0.06262548364324427,0.8966289895206216,26.662927255896648
uniform,64,43,341,286.88845401174166,0.07304466407864174,1.0446970222945655,26.67753004629546
uniform,64,44,349,292.21135029354207,0.08772543016421697,1.2534264419372718,26.62848084563592
uniform,64,45,357,297.5342465753424,0.10956071778022292,1.56397307317909,26.474731807930084
uniform,64,46,365,302.85714285714283,0.14534009375375234,2.0729231415797758,26.1197989418922
uniform,64,47,373,308.18003913894324,0.21336579328696637,3.040628053556882,25.303427731294775
uniform,64,48,381,313.5029354207436,0.37937854156715467,5.402228217008771,23.090569680443423
uniform,64,49,389,318.825831702544,1.0565497854713684,15.034847691600936,13.604187999166115
uniform,64,50,397,324.1487279843444,5.8608409750601425,83.3731845401287,-54.590332441034064
uniform,64,51,406,330.13698630136986,1.4009909416044835,19.935717180378745,9.006132133891626
uniform,64,52,414,335.4598825831702,0.5390502317977894,7.676549026515105,21.404228451300455
uniform,64,53,422,340.7827788649706,0.3958877864514321,5.642470119855881,23.575048345101777
uniform,64,54,430,346.10567514677103,0.40421584459465265,5.765180537455518,23.586959538614593
uniform,64,55,438,351.4285714285714,0.4972087451978666,7.096870696879591,22.387836310084978
uniform,64,56,446,356.7514677103718,0.6991072995737824,9.992449953225135,19.62283108236224
uniform,64,57,454,362.0743639921722,1.1251310125247898,16.155445085797336,13.588476109092852
uniform,64,58,462,367.39726027397256,2.1840255315582198,33.68949293078491,-3.8188089977003443
uniform,64,59,470,372.720156555773,5.975573980808207,85.33010753050773,-55.33448426813783
uniform,64,60,479,378.7084148727984,46.69862426606437,664.3189856962637,-634.1849209266993
uniform,64,61,487,384.0313111545988,16.965356443513315,241.34918512434484,-211.0938867578904
uniform,64,62,495,389.3542074363992,3.9931626688838833,56.81673052787301,-26.441867420147588
uniform,64,63,503,394.6771037181996,1.675689751440757,23.8468638033258,6.645940512529805
uniform,64,64,511,400.0,0.9129156909543816,12.993995552116077,17.615169939625275
d_optimal_default,64,1,430,346.10567514677103,0.40421584459465265,5.765180537455518,23.586959538614593
d_optimal_default,64,2,449,358.74755381604695,0.8213159149749885,11.75096799708221,17.912776636860585
d_optimal_default,64,3,504,395.3424657534246,1.5364652817274518,21.866029464067196,8.641405533855277
d_optimal_default,64,4,391,320.1565557729941,1.564605359042723,22.261703462820076,6.413510186373827
d_optimal_default,64,5,356,296.8688845401174,0.10626600561851962,1.5171107639628203,26.502148514259602
d_optimal_default,64,6,268,238.3170254403131,0.03537340194544436,0.5116102035555076,25.599456853302442
d_optimal_default,64,7,16,70.64579256360078,0.006965760825477396,2.6454362022068345,12.90425549839415
d_optimal_default,64,8,458,364.7358121330724,1.5220950165183993,22.060746085581805,7.746787724856205
d_optimal_default,64,9,447,357.41682974559683,0.7361118913237057,10.524361943023441,19.107103689107973
d_optimal_default,64,10,511,400.0,0.9129156909543816,12.993995552116077,17.615169939625275
d_optimal_default,64,11,429,345.44031311154595,0.39834343686028184,5.680949023293882,23.654477014697036
d_optimal_default,64,12,178,178.4344422700587,1.2269386858051448,17.474683611761034,6.122855808045699
d_optimal_default,64,13,505,396.0078277886497,1.4138694025782002,20.12175799529603,10.400283081922368
d_optimal_default,64,14,269,238.98238747553816,0.03534172696651128,0.5110955080607922,25.62418806695952
d_optimal_default,64,15,17,71.31115459882584,0.007045482395554359,2.279964951281751,13.351150077225299
d_optimal_default,64,16,420,339.4520547945205,0.4112381278426511,5.860113101986775,23.323421401587098
d_optimal_default,64,17,434,348.7671232876712,0.44010523009496616,6.279241905917801,23.139434543207884
d_optimal_default,64,18,448,358.0821917808219,0.7767065845646144,11.1084222213105,18.539197906352953
d_optimal_default,64,19,457,364.07045009784736,1.4044642460789944,20.282231520638522,9.509442758638883
d_optimal_default,64,20,365,302.85714285714283,0.14534009375375234,2.0729231415797758,26.1197989418922
d_optimal_default,64,21,15,69.98043052837573,0.0068810218234718334,3.1202581174598807,12.34723974750554
d_optimal_default,64,22,419,338.7866927592955,0.42276805513590965,6.023802540213069,23.142689990804286
d_optimal_default,64,23,503,394.6771037181996,1.675689751440757,23.8468638033258,6.645940512529805
d_optimal_default,64,24,192,187.7495107632094,1.3588893339457826,19.34753562430674,4.69200632077866
d_optimal_default,64,25,431,346.77103718199606,0.4113239964978135,5.867056191672143,23.501765821836315
d_optimal_default,64,26,446,356.7514677103718,0.6991072995737824,9.992449953225135,19.62283108236224
d_optimal_default,64,27,267,237.65166340508804,0.035421649914310294,0.5123615976912265,25.574421235824715
d_optimal_default,64,28,18,71.97651663405088,0.007123202570057163,1.9913272526566395,13.720454907872366
d_optimal_default,64,29,459,365.4011741682974,1.6555945960844838,24.129146820431362,5.694217616082355
d_optimal_default,64,30,428,344.7749510763209,0.39372522183033,5.6146167559778535,23.704063019513924
d_optimal_default,64,31,421,340.1174168297456,0.40239569094899785,5.734675066439662,23.46586803830111
d_optimal_default,64,32,506,396.67318982387474,1.3053586212560617,18.57786691248118,11.958755723866815
d_optimal_default,64,33,270,239.6477495107632,0.035325649184111185,0.5108036162125321,25.648629148269606
d_optimal_default,64,34,433,348.1017612524462,0.4292502474467188,6.12381383956962,23.278276238456158
d_optimal_default,64,35,450,359.412915851272,0.8704336874847947,12.459431845946312,17.220407416161095
d_optimal_default,64,36,19,72.64187866927593,0.007199635746404809,1.758729248061462,14.032977765362858
d_optimal_default,64,37,366,303.5225048923679,0.15146601065761356,2.1600664865296118,26.05171713223035
d_optimal_default,64,38,179,179.09980430528375,1.5347222972387868,21.852361239371458,1.7775066520953402
d_optimal_default,64,39,510,399.3346379647749,0.9757791206755471,13.888471675940519,16.70623363287463
d_optimal_default,64,40,422,340.7827788649706,0.3958877864514321,5.642470119855881,23.575048345101777
d_optimal_default,64,41,14,69.31506849315069,0.006780776305416403,3.7581151220657976,11.626403677503149
d_optimal_default,64,42,266,236.986301369863,0.03548783575411174,0.5133691203917845,25.549061404957087
d_optimal_default,64,43,460,366.0665362035225,1.8078705908134438,26.588763386745836,3.250402875930078
d_optimal_default,64,44,445,356.08610567514677,0.6653267159778267,9.507256714285685,20.09180951136051
d_optimal_default,64,45,432,347.4363992172211,0.41966495611245413,5.986542694109354,23.398929279263996
d_optimal_default,64,46,193,188.41487279843443,1.0969585178586172,15.621502830815139,8.44876646373254
d_optimal_default,64,47,328,278.23874755381604,0.05754675907538731,0.8244940393077033,26.631823821024526
d_optimal_default,64,48,364,302.1917808219178,0.13967480560946033,1.9923330546893498,26.18128557016705
d_optimal_default,64,49,20,73.30724070450097,0.007274931238608229,1.5682207662039165,14.302682357068278
d_optimal_default,64,50,418,338.12133072407045,0.4374255906018032,6.232001730514628,22.91741532534776
d_optimal_default,64,51,502,394.01174168297456,1.8346929967672452,26.109073685039224,4.36907526295596
d_optimal_default,64,52,456,363.40508806262227,1.3003332104916652,18.73126160403156,11.044524133251869
d_optimal_default,64,53,21,73.97260273972603,0.007349167950379876,1.410067509413472,14.539316149818859
d_optimal_default,64,54,507,397.33855185909977,1.2088592497629875,17.20485673045873,13.346323027041691
d_optimal_default,64,55,367,304.18786692759295,0.15810853045535023,2.254559319286882,25.976244095035455
d_optimal_default,64,56,435,349.43248532289624,0.45226884693014924,6.453394420215103,22.981836787422424
d_optimal_default,64,57,427,344.1095890410959,0.39039671877186954,5.566682640935976,23.735218523140162
d_optimal_default,64,58,177,177.76908023483367,0.9982715970217448,14.222394707270329,9.342695466171463
d_optimal_default,64,59,265,236.32093933463796,0.035573959313167425,0.514661233995803,25.523348515513234
d_optimal_default,64,60,451,360.07827788649706,0.9246362970741906,13.242583531230228,16.453320591448332
d_optimal_default,64,61,22,74.63796477495107,0.00742245956145382,1.277264071078113,14.74989736560947
d_optimal_default,64,62,423,341.44814090019565,0.39143370977670777,5.579507988076798,23.654952725823904
d_optimal_default,64,63,509,398.6692759295499,1.0453657385552653,14.878599241608908,15.70162177096175
d_optimal_default,64,64,283,248.29745596868884,0.03633877944624819,0.5244729506106308,25.942938111347758
d_optimal_strict,64,1,430,346.10567514677103,0.40421584459465265,5.765180537455518,23.586959538614593
d_optimal_strict,64,2,449,358.74755381604695,0.8213159149749885,11.75096799708221,17.912776636860585
d_optimal_strict,64,3,504,395.3424657534246,1.5364652817274518,21.866029464067196,8.641405533855277
d_optimal_strict,64,4,391,320.1565557729941,1.564605359042723,22.261703462820076,6.413510186373827
d_optimal_strict,64,5,87,117.88649706457926,0.01294944215561955,15.447512400129645,4.549734526211068
d_optimal_strict,64,6,356,296.8688845401174,0.10626600561851962,1.5171107639628203,26.502148514259602
d_optimal_strict,64,7,268,238.3170254403131,0.03537340194544436,0.5116102035555076,25.599456853302442
d_optimal_strict,64,8,29,79.29549902152641,0.007922525426308225,0.7465131715908017,15.806423224661899
d_optimal_strict,64,9,458,364.7358121330724,1.5220950165183993,22.060746085581805,7.746787724856205
d_optimal_strict,64,10,447,357.41682974559683,0.7361118913237057,10.524361943023441,19.107103689107973
d_optimal_strict,64,11,511,400.0,0.9129156909543816,12.993995552116077,17.615169939625275
d_optimal_strict,64,12,429,345.44031311154595,0.39834343686028184,5.680949023293882,23.654477014697036
d_optimal_strict,64,13,178,178.4344422700587,1.2269386858051448,17.474683611761034,6.122855808045699
d_optimal_strict,64,14,505,396.0078277886497,1.4138694025782002,20.12175799529603,10.400283081922368
d_optimal_strict,64,15,90,119.8825831702544,0.014202931116514605,11.91042953576531,8.232657976133595
d_optimal_strict,64,16,269,238.98238747553816,0.03534172696651128,0.5110955080607922,25.62418806695952
d_optimal_strict,64,17,420,339.4520547945205,0.4112381278426511,5.860113101986775,23.323421401587098
d_optimal_strict,64,18,34,82.62230919765166,0.008284160983137001,0.5729815765251602,16.336930665395414
d_optimal_strict,64,19,434,348.7671232876712,0.44010523009496616,6.279241905917801,23.139434543207884
d_optimal_strict,64,20,448,358.0821917808219,0.7767065845646144,11.1084222213105,18.539197906352953
d_optimal_strict,64,21,457,364.07045009784736,1.4044642460789944,20.282231520638522,9.509442758638883
d_optimal_strict,64,22,365,302.85714285714283,0.14534009375375234,2.0729231415797758,26.1197989418922
d_optimal_strict,64,23,192,187.7495107632094,1.3588893339457826,19.34753562430674,4.69200632077866
d_optimal_strict,64,24,89,119.21722113502935,0.013018951331673634,23.08757950472777,-2.992833948959813
d_optimal_strict,64,25,419,338.7866927592955,0.42276805513590965,6.023802540213069,23.142689990804286
d_optimal_strict,64,26,30,79.96086105675147,0.007993933464521374,0.7034237668393052,15.922091141577084
d_optimal_strict,64,27,503,394.6771037181996,1.675689751440757,23.8468638033258,6.645940512529805
d_optimal_strict,64,28,431,346.77103718199606,0.4113239964978135,5.867056191672143,23.501765821836315
d_optimal_strict,64,29,446,356.7514677103718,0.6991072995737824,9.992449953225135,19.62283108236224
d_optimal_strict,64,30,267,237.65166340508804,0.035421649914310294,0.5123615976912265,25.574421235824715
d_optimal_strict,64,31,459,365.4011741682974,1.6555945960844838,24.129146820431362,5.694217616082355
d_optimal_strict,64,32,10,66.65362035225048,0.005115102733647348,11.34345308970645,3.7009874453130465
d_optimal_strict,64,33,428,344.7749510763209,0.39372522183033,5.6146167559778535,23.704063019513924
d_optimal_strict,64,34,421,340.1174168297456,0.40239569094899785,5.734675066439662,23.46586803830111
d_optimal_strict,64,35,31,80.62622309197651,0.008065707447875825,0.6651209619001662,16.03237102125034
d_optimal_strict,64,36,506,396.67318982387474,1.3053586212560617,18.57786691248118,11.958755723866815
d_optimal_strict,64,37,270,239.6477495107632,0.035325649184111185,0.5108036162125321,25.648629148269606
d_optimal_strict,64,38,433,348.1017612524462,0.4292502474467188,6.12381383956962,23.278276238456158
d_optimal_strict,64,39,450,359.412915851272,0.8704336874847947,12.459431845946312,17.220407416161095
d_optimal_strict,64,40,179,179.09980430528375,1.5347222972387868,21.852361239371458,1.7775066520953402
d_optimal_strict,64,41,510,399.3346379647749,0.9757791206755471,13.888471675940519,16.70623363287463
d_optimal_strict,64,42,33,81.95694716242662,0.00821073517056159,0.6003947010349158,16.23928642158903
d_optimal_strict,64,43,364,302.1917808219178,0.13967480560946033,1.9923330546893498,26.18128557016705
d_optimal_strict,64,44,422,340.7827788649706,0.3958877864514321,5.642470119855881,23.575048345101777
d_optimal_strict,64,45,11,67.31898238747554,0.005893578598477944,8.025882199232107,7.104834314686343
d_optimal_strict,64,46,460,366.0665362035225,1.8078705908134438,26.588763386745836,3.250402875930078
d_optimal_strict,64,47,445,356.08610567514677,0.6653267159778267,9.507256714285685,20.09180951136051
d_optimal_strict,64,48,266,236.986301369863,0.03548783575411174,0.5133691203917845,25.549061404957087
d_optimal_strict,64,49,193,188.41487279843443,1.0969585178586172,15.621502830815139,8.44876646373254
d_optimal_strict,64,50,432,347.4363992172211,0.41966495611245413,5.986542694109354,23.398929279263996
d_optimal_strict,64,51,32,81.29158512720156,0.008137944880298509,0.6309574810564937,16.137920025412953
d_optimal_strict,64,52,9,65.98825831702544,0.003954704049171198,16.828191324771048,-1.8708923432291158
d_optimal_strict,64,53,328,278.23874755381604,0.05754675907538731,0.8244940393077033,26.631823821024526
d_optimal_strict,64,54,366,303.5225048923679,0.15146601065761356,2.1600664865296118,26.05171713223035
d_optimal_strict,64,55,418,338.12133072407045,0.4374255906018032,6.232001730514628,22.91741532534776
d_optimal_strict,64,56,502,394.01174168297456,1.8346929967672452,26.109073685039224,4.36907526295596
d_optimal_strict,64,57,86,117.2211350293542,0.013433497228970026,8.36580263166055,11.582281478613538
d_optimal_strict,64,58,456,363.40508806262227,1.3003332104916652,18.73126160403156,11.044524133251869
d_optimal_strict,64,59,35,83.2876712328767,0.008358299516597834,0.5483382366368735,16.431241811590795
d_optimal_strict,64,60,507,397.33855185909977,1.2088592497629875,17.20485673045873,13.346323027041691
d_optimal_strict,64,61,177,177.76908023483367,0.9982715970217448,14.222394707270329,9.342695466171463
d_optimal_strict,64,62,367,304.18786692759295,0.15810853045535023,2.254559319286882,25.976244095035455
d_optimal_strict,64,63,427,344.1095890410959,0.39039671877186954,5.566682640935976,23.735218523140162
d_optimal_strict,64,64,435,349.43248532289624,0.45226884693014924,6.453394420215103,22.981836787422424
uniform,128,1,0,60.0,-0.0061287743609170775,93.59014201343746,-82.46945129722229
uniform,128,2,4,62.6614481409002,-0.00986224703999028,120.47074976413404,-108.9730755066204
uniform,128,3,8,65.3228962818004,0.002280150161247718,25.84439007182529,-13.985415719112709
uniform,128,4,12,67.98434442270059,0.006373173653987152,5.9732611015494355,6.232582886520191
uniform,128,5,16,70.64579256360078,0.006965760825477396,2.6454362022068345,9.893955541754337
uniform,128,6,20,73.30724070450097,0.007274931238608229,1.5682207662039165,11.292382400428465
uniform,128,7,24,75.96868884540118,0.007566826242219715,1.0683087719384152,12.10204955495648
uniform,128,8,28,78.63013698630137,0.007851376331232895,0.7951724448822873,12.674273909210328
uniform,128,9,32,81.29158512720156,0.008137944880298509,0.6309574810564937,13.12762006877314
uniform,128,10,36,83.95303326810176,0.00843322371894728,0.5261431033469631,13.512250446195523
uniform,128,11,40,86.61448140900195,0.008742154760757348,0.4569365555587646,13.852539342114028
uniform,128,12,44,89.27592954990214,0.009069286001162635,0.41088367591480923,14.161469648745822
uniform,128,13,48,91.93737769080235,0.00942135094607055,0.3812073846397849,14.44630057003998
uniform,128,14,52,94.59882583170254,0.00981888889554694,0.36450908906178975,14.710871538218896
uniform,128,15,56,97.26027397260273,0.010227370487458365,0.3587518724645272,14.957623608050156
uniform,128,16,60,99.92172211350294,0.010609767274211812,0.36380821798778096,15.18705569722485
uniform,128,17,64,102.58317025440313,0.011055856553294219,0.38396042660761837,15.395227611452029
uniform,128,18,68,105.24461839530332,0.011546220411808528,0.426878786981791,15.574784876611872
uniform,128,19,72,107.90606653620353,0.012078817527361396,0.5125809297568481,15.706002011486277
uniform,128,20,76,110.56751467710372,0.012651870324936754,0.6985958835182079,15.731620778718565
uniform,128,21,80,113.22896281800391,0.013244174559079447,1.2008587832423068,15.435957508845021
uniform,128,22,84,115.89041095890411,0.013674465533100033,3.379109728572102,13.459506038341573
uniform,128,23,89,119.21722113502935,0.013018951331673634,23.08757950472777,-6.003133905599626
uniform,128,24,93,121.87866927592955,0.015913895184072047,2.951811972400811,14.324407811368872
uniform,128,25,97,124.54011741682974,0.017004786099375835,1.1496890845927048,16.314162040746197
uniform,128,26,101,127.20156555772994,0.018165523389801486,0.7153625902694091,16.932152248435727
uniform,128,27,105,129.86301369863014,0.01948620495846609,0.5586576578930934,17.26871759500139
uniform,128,28,109,132.52446183953032,0.020999370016321905,0.493679559402596,17.50990713518337
uniform,128,29,113,135.18590998043052,0.022748852301335942,0.46924771392673575,17.7070465698297
uniform,128,30,117,137.84735812133073,0.02479083603601062,0.4672523330860792,17.878382318666738
uniform,128,31,121,140.5088062622309,0.027201299620659758,0.4805501289724507,18.031186461721575
uniform,128,32,125,143.1702544031311,0.030064002043577842,0.5062873098951596,18.168434332040462
uniform,128,33,129,145.83170254403132,0.03352883876059609,0.5444154546881984,18.29028917564392
uniform,128,34,133,148.4931506849315,0.03777753069572021,0.5962573769877403,18.395536773192774
uniform,128,35,137,151.1545988258317,0.043075460330255666,0.6648147532315027,18.48127825476365
uniform,128,36,141,153.8160469667319,0.04981199182909046,0.7551296566871336,18.54256896994906
uniform,128,37,145,156.47749510763208,0.058575808929971274,0.8752443730185759,18.571459041751012
uniform,128,38,149,159.13894324853229,0.07029081365796674,1.038072139739216,18.555122965428822
uniform,128,39,153,161.8003913894325,0.08647298510375956,1.2650143913669283,18.47224267358611
uniform,128,40,157,164.46183953033267,0.10974821232061283,1.5933044667884602,18.28566411373788
uniform,128,41,161,167.12328767123287,0.14498116830695196,2.0920511747201385,17.926353944907987
uniform,128,42,165,169.78473581213308,0.20198855468061527,2.900823868892701,17.254814703798445
uniform,128,43,169,172.44618395303326,0.3029255401385722,4.334713600901635,15.956023874520994
uniform,128,44,173,175.10763209393346,0.5059331099095221,7.220696791234741,13.203070423105132
uniform,128,45,177,177.76908023483367,0.9982715970217448,14.222394707270329,6.332395509531651
uniform,128,46,181,180.43052837573384,2.5334943630524833,36.05857529604045,-15.374709169119853
uniform,128,47,185,183.09197651663405,6.265322713740858,89.14013326260314,-68.32908129401278
uniform,128,48,189,185.75342465753425,2.8759771743260956,40.92785671035739,-19.991454413603336
uniform,128,49,193,188.41487279843443,1.0969585178586172,15.621502830815139,5.438466507092727
uniform,128,50,197,191.07632093933464,0.5435342906209275,7.748497313019808,13.433305807731216
uniform,128,51,201,193.7377690802348,0.3218669576400046,4.594587697046834,16.707363900752185
uniform,128,52,205,196.39921722113502,0.21398587732752272,3.0592785546058403,18.361182204093637
uniform,128,53,209,199.06066536203522,0.15411982566582605,2.2070108432139017,19.33036389270754
uniform,128,54,213,201.7221135029354,0.11772886938971583,1.688714139410856,19.964021764014504
uniform,128,55,217,204.3835616438356,0.09410768898862543,1.3521070181571353,20.414477950709028
uniform,128,56,221,207.0450097847358,0.07802670373706011,1.1227974954442068,20.756163564387137
uniform,128,57,225,209.706457925636,0.06666851835155563,0.9607059138963374,21.029195890675112
uniform,128,58,229,212.3679060665362,0.05833281536137713,0.8416428094096943,21.25780059822948
uniform,128,59,233,215.0293542074364,0.05217142020930332,0.7535403139315369,21.454080406886973
uniform,128,60,237,217.69080234833658,0.04753826807188832,0.6872058053772873,21.627261504313168
uniform,128,61,241,220.35225048923678,0.04402269513373236,0.6367954024550293,21.783220113699528
uniform,128,62,245,223.013698630137,0.041350359412727355,0.5984045867356254,21.925891930461177
uniform,128,63,249,225.67514677103716,0.039333728438281534,0.5693638870796678,22.057976493091772
uniform,128,64,253,228.33659491193737,0.0378508485374911,0.5479368567598147,22.1812392580821
uniform,128,65,258,231.6634050880626,0.03673092358790764,0.5316168722487593,22.323197546315967
uniform,128,66,262,234.3248532289628,0.03598958998920798,0.5207805992307427,22.43325218281059
uniform,128,67,266,236.986301369863,0.03548783575411174,0.5133691203917845,22.538761448317274
uniform,128,68,270,239.6477495107632,0.035325649184111185,0.5108036162125321,22.638329191629794
uniform,128,69,274,242.3091976516634,0.03540489251372936,0.511687168915656,22.73337653047011
uniform,128,70,278,244.9706457925636,0.03569697738546429,0.5156122567286815,22.82433439346488
uniform,128,71,282,247.63209393346378,0.036192431957514426,0.522443370593325,22.911360937717305
uniform,128,72,286,250.29354207436398,0.03685365111786498,0.531644909914424,22.995013685506663
uniform,128,73,290,252.9549902152642,0.037711178972863246,0.5436507304448792,23.074880007136215
uniform,128,74,294,255.61643835616437,0.03875937459183065,0.5583800540718382,23.15106124027095
uniform,128,75,298,258.27788649706457,0.04000922670655016,0.5759887187272666,23.223421467642837
uniform,128,76,302,260.93933463796475,0.041482131007632095,0.5967806617024803,23.291676059936435
uniform,128,77,306,263.600782778865,0.04313236592468028,0.6201051875218916,23.35649443278585
uniform,128,78,310,266.26223091976516,0.04502780311256305,0.64692745322983,23.41692958510916
uniform,128,79,314,268.92367906066534,0.04720446809651602,0.677759690945877,23.47248689899996
uniform,128,80,318,271.58512720156557,0.04968684662945688,0.7129500537478233,23.52283531518546
uniform,128,81,322,274.24657534246575,0.052518037410975715,0.7531115207907224,23.567378448208416
uniform,128,82,326,276.9080234833659,0.055754504349308176,0.7990472560453784,23.605329247008797
uniform,128,83,330,279.56947162426616,0.059469288779957274,0.8517963060211171,23.635664315597353
uniform,128,84,334,282.23091976516633,0.06375757592304554,0.9127127870473207,23.657044743298798
uniform,128,85,338,284.8923679060665,0.0687451752832644,0.9835865239770659,23.667695482750474
uniform,128,86,342,287.55381604696674,0.07460175437334815,1.0668313048744058,23.665217111140777
uniform,128,87,346,290.2152641878669,0.08156446313702048,1.1658209403884285,23.646249786027255
uniform,128,88,350,292.8767123287671,0.08999832945548603,1.28574837222732,23.60561415136104
uniform,128,89,354,295.53816046966733,0.10022703382574516,1.431218584985695,23.538718439502432
uniform,128,90,358,298.1996086105675,0.11305448669239526,1.6136677330126181,23.434139357575248
uniform,128,91,362,300.8610567514677,0.1295392269046136,1.848154157345127,23.27683108316789
uniform,128,92,366,303.5225048923679,0.15146601065761356,2.1600664865296118,23.04141717559054
uniform,128,93,370,306.1839530332681,0.1818433185569166,2.592200424983103,22.68511379906505
uniform,128,94,374,308.8454011741683,0.22625496815000545,3.2239846482489214,22.12850383852063
uniform,128,95,378,311.5068493150685,0.2960033175136587,4.2161909221189395,21.210826791048518
uniform,128,96,382,314.1682974559687,0.416948139956558,5.936661393722134,19.564251484940982
uniform,128,97,386,316.82974559686886,0.6599226353753522,9.39295632484982,16.181228356065674
uniform,128,98,390,319.49119373776904,1.2777849547817937,18.181820941375413,7.46502260774065
uniform,128,99,394,322.1526418786693,2.8717398672659726,40.855000680355126,-15.136101027457897
uniform,128,100,398,324.81409001956945,6.791967258051216,96.61791497526437,-70.82755206438952
uniform,128,101,402,327.4755381604696,3.4446620016964715,49.00510399199793,-23.14386099315601
uniform,128,102,406,330.13698630136986,1.4009909416044835,19.935717180378745,5.995832177251813
uniform,128,103,410,332.79843444227004,0.7746149366485682,11.02653376480014,14.974757435858507
uniform,128,104,414,335.4598825831702,0.5390502317977894,7.676549026515105,18.393928494660642
uniform,128,105,418,338.12133072407045,0.4374255906018032,6.232001730514628,19.90711536870795
uniform,128,106,422,340.7827788649706,0.3958877864514321,5.642470119855881,20.564748388461965
uniform,128,107,427,344.1095890410959,0.39039671877186954,5.566682640935976,20.72491856650035
uniform,128,108,431,346.77103718199606,0.4113239964978135,5.867056191672143,20.491465865196503
uniform,128,109,435,349.43248532289624,0.45226884693014924,6.453394420215103,19.97153683078261
uniform,128,110,439,352.0939334637965,0.515277769511588,7.355658664132588,19.13517789026696
uniform,128,111,443,354.75538160469665,0.6062139461911151,8.658988281185756,17.89725727504873
uniform,128,112,447,357.41682974559683,0.7361118913237057,10.524361943023441,16.09680373246816
uniform,128,113,451,360.07827788649706,0.9246362970741906,13.242583531230228,13.44302063480852
uniform,128,114,455,362.73972602739724,1.2077576476445273,17.365742885658143,9.383825235828255
uniform,128,115,459,365.4011741682974,1.6555945960844838,24.129146820431362,2.6839176594425425
uniform,128,116,463,368.06262230919765,2.4180843714918865,39.754755410225975,-12.878655382040307
uniform,128,117,467,370.7240704500978,3.8633835924745057,55.96093966385781,-29.022258257153283
uniform,128,118,471,373.385518590998,7.0622984985867845,100.70909949067406,-73.70828437746451
uniform,128,119,475,376.04696673189824,15.996499748133544,227.6502787866857,-200.58777127966107
uniform,128,120,479,378.7084148727984,46.69862426606437,664.3189856962637,-637.1952208833393
uniform,128,121,483,381.3698630136986,50.0782050602013,712.3692002888341,-685.1846071639304
uniform,128,122,487,384.0313111545988,16.965356443513315,241.34918512434484,-214.10418671453027
uniform,128,123,491,386.692759295499,7.360919088117697,104.72539111990534,-77.42040460902513
uniform,128,124,495,389.3542074363992,3.9931626688838833,56.81673052787301,-29.4521673767874
uniform,128,125,499,392.0156555772994,2.4754029201058927,35.224484464046256,-7.800750527591532
uniform,128,126,503,394.6771037181996,1.675689751440757,23.8468638033258,3.6356405558899922
uniform,128,127,507,397.33855185909977,1.2088592497629875,17.20485673045873,10.336023070401879
uniform,128,128,511,400.0,0.9129156909543816,12.993995552116077,14.604869982985448
d_optimal_default,128,1,430,346.10567514677103,0.40421584459465265,5.765180537455518,20.57665958197478
d_optimal_default,128,2,449,358.74755381604695,0.8213159149749885,11.75096799708221,14.902476680220772
d_optimal_default,128,3,505,396.0078277886497,1.4138694025782002,20.12175799529603,7.389983125282583
d_optimal_default,128,4,391,320.1565557729941,1.564605359042723,22.261703462820076,3.4032102297340145
d_optimal_default,128,5,356,296.8688845401174,0.10626600561851962,1.5171107639628203,23.49184855761979
d_optimal_default,128,6,267,237.65166340508804,0.035421649914310294,0.5123615976912265,22.564121279184903
d_optimal_default,128,7,17,71.31115459882584,0.007045482395554359,2.279964951281751,10.340850120585486
d_optimal_default,128,8,458,364.7358121330724,1.5220950165183993,22.060746085581805,4.736487768216392
d_optimal_default,128,9,447,357.41682974559683,0.7361118913237057,10.524361943023441,16.09680373246816
d_optimal_default,128,10,511,400.0,0.9129156909543816,12.993995552116077,14.604869982985448
d_optimal_default,128,11,429,345.44031311154595,0.39834343686028184,5.680949023293882,20.644177058057224
d_optimal_default,128,12,434,348.7671232876712,0.44010523009496616,6.279241905917801,20.12913458656807
d_optimal_default,128,13,19,72.64187866927593,0.007199635746404809,1.758729248061462,11.022677808723046
d_optimal_default,128,14,269,238.98238747553816,0.03534172696651128,0.5110955080607922,22.613888110319706
d_optimal_default,128,15,504,395.3424657534246,1.5364652817274518,21.866029464067196,5.631105577215465
d_optimal_default,128,16,420,339.4520547945205,0.4112381278426511,5.860113101986775,20.313121444947285
d_optimal_default,128,17,178,178.4344422700587,1.2269386858051448,17.474683611761034,3.1125558514058866
d_optimal_default,128,18,448,358.0821917808219,0.7767065845646144,11.1084222213105,15.52889794971314
d_optimal_default,128,19,457,364.07045009784736,1.4044642460789944,20.282231520638522,6.499142801999071
d_optimal_default,128,20,365,302.85714285714283,0.14534009375375234,2.0729231415797758,23.109498985252387
d_optimal_default,128,21,18,71.97651663405088,0.007123202570057163,1.9913272526566395,10.710154951232553
d_optimal_default,128,22,419,338.7866927592955,0.42276805513590965,6.023802540213069,20.132390034164473
d_optimal_default,128,23,431,346.77103718199606,0.4113239964978135,5.867056191672143,20.491465865196503
d_optimal_default,128,24,446,356.7514677103718,0.6991072995737824,9.992449953225135,16.612531125722427
d_optimal_default,128,25,503,394.6771037181996,1.675689751440757,23.8468638033258,3.6356405558899922
d_optimal_default,128,26,268,238.3170254403131,0.03537340194544436,0.5116102035555076,22.58915689666263
d_optimal_default,128,27,20,73.30724070450097,0.007274931238608229,1.5682207662039165,11.292382400428465
d_optimal_default,128,28,193,188.41487279843443,1.0969585178586172,15.621502830815139,5.438466507092727
d_optimal_default,128,29,428,344.7749510763209,0.39372522183033,5.6146167559778535,20.693763062874112
d_optimal_default,128,30,433,348.1017612524462,0.4292502474467188,6.12381383956962,20.267976281816345
d_optimal_default,128,31,421,340.1174168297456,0.40239569094899785,5.734675066439662,20.455568081661298
d_optimal_default,128,32,506,396.67318982387474,1.3053586212560617,18.57786691248118,8.948455767227003
d_optimal_default,128,33,364,302.1917808219178,0.13967480560946033,1.9923330546893498,23.170985613527236
d_optimal_default,128,34,450,359.412915851272,0.8704336874847947,12.459431845946312,14.210107459521282
d_optimal_default,128,35,21,73.97260273972603,0.007349167950379876,1.410067509413472,11.529016193179046
d_optimal_default,128,36,459,365.4011741682974,1.6555945960844838,24.129146820431362,2.6839176594425425
d_optimal_default,128,37,270,239.6477495107632,0.035325649184111185,0.5108036162125321,22.638329191629794
d_optimal_default,128,38,510,399.3346379647749,0.9757791206755471,13.888471675940519,13.695933676234816
d_optimal_default,128,39,177,177.76908023483367,0.9982715970217448,14.222394707270329,6.332395509531651
d_optimal_default,128,40,422,340.7827788649706,0.3958877864514321,5.642470119855881,20.564748388461965
d_optimal_default,128,41,328,278.23874755381604,0.05754675907538731,0.8244940393077033,23.621523864384713
d_optimal_default,128,42,16,70.64579256360078,0.006965760825477396,2.6454362022068345,9.893955541754337
d_optimal_default,128,43,445,356.08610567514677,0.6653267159778267,9.507256714285685,17.081509554720697
d_optimal_default,128,44,456,363.40508806262227,1.3003332104916652,18.73126160403156,8.034224176612057
d_optimal_default,128,45,266,236.986301369863,0.03548783575411174,0.5133691203917845,22.538761448317274
d_optimal_default,128,46,432,347.4363992172211,0.41966495611245413,5.986542694109354,20.388629322624183
d_optimal_default,128,47,366,303.5225048923679,0.15146601065761356,2.1600664865296118,23.04141717559054
d_optimal_default,128,48,22,74.63796477495107,0.00742245956145382,1.277264071078113,11.739597408969658
d_optimal_default,128,49,507,397.33855185909977,1.2088592497629875,17.20485673045873,10.336023070401879
d_optimal_default,128,50,418,338.12133072407045,0.4374255906018032,6.232001730514628,19.90711536870795
d_optimal_default,128,51,192,187.7495107632094,1.3588893339457826,19.34753562430674,1.6817063641388472
d_optimal_default,128,52,435,349.43248532289624,0.45226884693014924,6.453394420215103,19.97153683078261
d_optimal_default,128,53,23,75.30332681017612,0.0074949560590691355,1.164641981858012,11.92930699130551
d_optimal_default,128,54,367,304.18786692759295,0.15810853045535023,2.254559319286882,22.965944138395642
d_optimal_default,128,55,427,344.1095890410959,0.39039671877186954,5.566682640935976,20.72491856650035
d_optimal_default,128,56,283,248.29745596868884,0.03633877944624819,0.5244729506106308,22.932638154707945
d_optimal_default,128,57,509,398.6692759295499,1.0453657385552653,14.878599241608908,12.691321814321924
d_optimal_default,128,58,451,360.07827788649706,0.9246362970741906,13.242583531230228,13.44302063480852
d_optimal_default,128,59,15,69.98043052837573,0.0068810218234718334,3.1202581174598807,9.336939790865728
d_optimal_default,128,60,334,282.23091976516633,0.06375757592304554,0.9127127870473207,23.657044743298798
d_optimal_default,128,61,194,189.0802348336595,0.9007334469213362,12.830095748523965,8.260492620334063
d_optimal_default,128,62,265,236.32093933463796,0.035573959313167425,0.514661233995803,22.51304855887342
d_optimal_default,128,63,508,398.00391389432485,1.1226660117748608,15.97846866939303,11.576943896419507
d_optimal_default,128,64,327,277.57338551859095,0.05663507152786185,0.811549014608397,23.61367314309686
d_optimal_default,128,65,423,341.44814090019565,0.39143370977670777,5.579507988076798,20.64465276918409
d_optimal_default,128,66,24,75.96868884540118,0.007566826242219715,1.0683087719384152,12.10204955495648
d_optimal_default,128,67,390,319.49119373776904,1.2777849547817937,18.181820941375413,7.46502260774065
d_optimal_default,128,68,368,304.853228962818,0.1653327265982698,2.357327303327448,22.882154392590593
d_optimal_default,128,69,25,76.63405088062622,0.007638242505364712,0.9852816508432096,12.260819717626788
d_optimal_default,128,70,333,281.56555772994125,0.06262548364324427,0.8966289895206216,23.652627299256835
d_optimal_default,128,71,284,248.9628180039139,0.036497427558697115,0.5266782717971573,22.95367725886115
d_optimal_default,128,72,455,362.73972602739724,1.2077576476445273,17.365742885658143,9.383825235828255
d_optimal_default,128,73,502,394.01174168297456,1.8346929967672452,26.109073685039224,1.3587753063161614
d_optimal_default,128,74,176,177.1037181996086,0.825431684947489,11.764219472934085,8.757999817018003
d_optimal_default,128,75,257,230.99804305283757,0.036880209380169005,0.5338159729028815,22.296015749503567
d_optimal_default,128,76,26,77.29941291585126,0.007709371312806024,0.9132404681676286,12.407949150209589
d_optimal_default,128,77,329,278.90410958904107,0.058490990554426414,0.8379025818296445,23.62886139759796
d_optimal_default,128,78,444,355.4207436399217,0.6344536531925158,9.064112408749992,17.508408723902377
d_optimal_default,128,79,406,330.13698630136986,1.4009909416044835,19.935717180378745,5.995832177251813
d_optimal_default,128,80,369,305.518590998043,0.17321459331212186,2.4694514449972624,22.788967113034985
d_optimal_default,128,81,14,69.31506849315069,0.006780776305416403,3.7581151220657976,8.616103720863336
d_optimal_default,128,82,274,242.3091976516634,0.03540489251372936,0.511687168915656,22.73337653047011
d_optimal_default,128,83,256,230.33268101761252,0.037067931692152944,0.5365629613044721,22.268214001412247
d_optimal_default,128,84,417,337.45596868884536,0.4557322620713329,6.492127240962557,19.62988074852248
d_optimal_default,128,85,27,77.96477495107632,0.0077803682921708806,0.8503567003205154,12.54527760056071
d_optimal_default,128,86,405,329.4716242661448,1.7021690527319038,24.219646683164562,1.6943793642031437
d_optimal_default,128,87,452,360.7436399217221,0.9845991989169711,14.110848066759882,12.590791302165812
d_optimal_default,128,88,426,343.4442270058708,0.3884126985125125,5.537920250049551,20.736869871835324
d_optimal_default,128,89,349,292.21135029354207,0.08772543016421697,1.2534264419372718,23.618180888996108
d_optimal_default,128,90,28,78.63013698630137,0.007851376331232895,0.7951724448822873,12.674273909210328
d_optimal_default,128,91,363,301.5264187866927,0.13442180803094494,1.917608614168275,23.22656448728894
d_optimal_default,128,92,335,282.89628180039136,0.06493316641944435,0.9294159425244677,23.66079455438104
d_optimal_default,128,93,460,366.0665362035225,1.8078705908134438,26.588763386745836,0.24010291929027971
d_optimal_default,128,94,271,240.31311154598825,0.03532443871558044,0.5107241313398685,22.662490910611112
d_optimal_default,128,95,29,79.29549902152641,0.007922525426308225,0.7465131715908017,12.796123268022086
d_optimal_default,128,96,374,308.8454011741683,0.22625496815000545,3.2239846482489214,22.12850383852063
d_optimal_default,128,97,424,342.11350293542074,0.38881225549488896,5.542645058396269,20.6984249654528
d_optimal_default,128,98,282,247.63209393346378,0.036192431957514426,0.522443370593325,22.911360937717305
d_optimal_default,128,99,389,318.825831702544,1.0565497854713684,15.034847691600936,10.593888042526302
d_optimal_default,128,100,30,79.96086105675147,0.007993933464521374,0.7034237668393052,12.911791184937272
d_optimal_default,128,101,454,362.0743639921722,1.1251310125247898,16.155445085797336,10.57817615245304
d_optimal_default,128,102,370,306.1839530332681,0.1818433185569166,2.592200424983103,22.68511379906505
d_optimal_default,128,103,275,242.97455968688845,0.035458514937024344,0.5123912248126561,22.756490559317626
d_optimal_default,128,104,195,189.74559686888452,0.751106600719325,10.701522484760892,10.41957735753138
d_optimal_default,128,105,332,280.9001956947162,0.06153472425980322,0.8811337449097127,23.64757279886426
d_optimal_default,128,106,31,80.62622309197651,0.008065707447875825,0.6651209619001662,13.022071064610529
d_optimal_default,128,107,294,255.61643835616437,0.03875937459183065,0.5583800540718382,23.15106124027095
d_optimal_default,128,108,453,361.4090019569471,1.0511173869053678,15.076735770049574,11.640909253380528
d_optimal_default,128,109,32,81.29158512720156,0.008137944880298509,0.6309574810564937,13.12762006877314
d_optimal_default,128,110,340,286.2230919765166,0.07155200566364694,1.0234799118126465,23.668279175799967
d_optimal_default,128,111,407,330.8023483365949,1.1765495226151614,16.743323796447868,9.205713590285342
d_optimal_default,128,112,425,342.77886497064577,0.387850149189644,5.529419881614154,20.728526554635607
d_optimal_default,128,113,326,276.9080234833659,0.055754504349308176,0.7990472560453784,23.605329247008797
d_optimal_default,128,114,33,81.95694716242662,0.00821073517056159,0.6003947010349158,13.228986464949216
d_optimal_default,128,115,357,297.5342465753424,0.10956071778022292,1.56397307317909,23.46443185129027
d_optimal_default,128,116,264,235.6555772994129,0.03568305231892799,0.5162810790734045,22.486939084197203
d_optimal_default,128,117,175,176.43835616438355,0.6924885783734283,9.873559378814313,10.615966387794685
d_optimal_default,128,118,436,350.0978473581213,0.46579371057241126,6.647035834259371,19.794418682936126
d_optimal_default,128,119,341,286.88845401174166,0.07304466407864174,1.0446970222945655,23.667230089655646
d_optimal_default,128,120,34,82.62230919765166,0.008284160983137001,0.5729815765251602,13.326630708755602
d_optimal_default,128,121,375,309.5107632093933,0.2406664092673223,3.428995985648841,21.94218484631152
d_optimal_default,128,122,179,179.09980430528375,1.5347222972387868,21.852361239371458,-1.2327933045444723
d_optimal_default,128,123,355,296.20352250489236,0.10315700742490952,1.4728909919025583,23.516579095099814
d_optimal_default,128,124,258,231.6634050880626,0.03673092358790764,0.5316168722487593,22.323197546315967
d_optimal_default,128,125,13,68.64970645792563,0.006634602161046388,4.652592753603195,7.637846646124871
d_optimal_default,128,126,324,275.57729941291586,0.05408148837738569,0.7752989550188785,23.587235550473878
d_optimal_default,128,127,285,249.62818003913893,0.036669244089321484,0.529071668219244,22.97446624904721
d_optimal_default,128,128,380,312.83757338551857,0.34737137895980474,4.946918992770734,20.517124885754455
d_optimal_strict,128,1,430,346.10567514677103,0.40421584459465265,5.765180537455518,20.57665958197478
d_optimal_strict,128,2,449,358.74755381604695,0.8213159149749885,11.75096799708221,14.902476680220772
d_optimal_strict,128,3,505,396.0078277886497,1.4138694025782002,20.12175799529603,7.389983125282583
d_optimal_strict,128,4,391,320.1565557729941,1.564605359042723,22.261703462820076,3.4032102297340145
d_optimal_strict,128,5,356,296.8688845401174,0.10626600561851962,1.5171107639628203,23.49184855761979
d_optimal_strict,128,6,87,117.88649706457926,0.01294944215561955,15.447512400129645,1.539434569571256
d_optimal_strict,128,7,267,237.65166340508804,0.035421649914310294,0.5123615976912265,22.564121279184903
d_optimal_strict,128,8,34,82.62230919765166,0.008284160983137001,0.5729815765251602,13.326630708755602
d_optimal_strict,128,9,458,364.7358121330724,1.5220950165183993,22.060746085581805,4.736487768216392
d_optimal_strict,128,10,447,357.41682974559683,0.7361118913237057,10.524361943023441,16.09680373246816
d_optimal_strict,128,11,511,400.0,0.9129156909543816,12.993995552116077,14.604869982985448
d_optimal_strict,128,12,429,345.44031311154595,0.39834343686028184,5.680949023293882,20.644177058057224
d_optimal_strict,128,13,434,348.7671232876712,0.44010523009496616,6.279241905917801,20.12913458656807
d_optimal_strict,128,14,90,119.8825831702544,0.014202931116514605,11.91042953576531,5.222358019493782
d_optimal_strict,128,15,33,81.95694716242662,0.00821073517056159,0.6003947010349158,13.228986464949216
d_optimal_strict,128,16,269,238.98238747553816,0.03534172696651128,0.5110955080607922,22.613888110319706
d_optimal_strict,128,17,504,395.3424657534246,1.5364652817274518,21.866029464067196,5.631105577215465
d_optimal_strict,128,18,420,339.4520547945205,0.4112381278426511,5.860113101986775,20.313121444947285
d_optimal_strict,128,19,178,178.4344422700587,1.2269386858051448,17.474683611761034,3.1125558514058866
d_optimal_strict,128,20,448,358.0821917808219,0.7767065845646144,11.1084222213105,15.52889794971314
d_optimal_strict,128,21,457,364.07045009784736,1.4044642460789944,20.282231520638522,6.499142801999071
d_optimal_strict,128,22,365,302.85714285714283,0.14534009375375234,2.0729231415797758,23.109498985252387
d_optimal_strict,128,23,32,81.29158512720156,0.008137944880298509,0.6309574810564937,13.12762006877314
d_optimal_strict,128,24,419,338.7866927592955,0.42276805513590965,6.023802540213069,20.132390034164473
d_optimal_strict,128,25,431,346.77103718199606,0.4113239964978135,5.867056191672143,20.491465865196503
d_optimal_strict,128,26,446,356.7514677103718,0.6991072995737824,9.992449953225135,16.612531125722427
d_optimal_strict,128,27,503,394.6771037181996,1.675689751440757,23.8468638033258,3.6356405558899922
d_optimal_strict,128,28,268,238.3170254403131,0.03537340194544436,0.5116102035555076,22.58915689666263
d_optimal_strict,128,29,86,117.2211350293542,0.013433497228970026,8.36580263166055,8.571981521973726
d_optimal_strict,128,30,193,188.41487279843443,1.0969585178586172,15.621502830815139,5.438466507092727
d_optimal_strict,128,31,433,348.1017612524462,0.4292502474467188,6.12381383956962,20.267976281816345
d_optimal_strict,128,32,428,344.7749510763209,0.39372522183033,5.6146167559778535,20.693763062874112
d_optimal_strict,128,33,35,83.2876712328767,0.008358299516597834,0.5483382366368735,13.420941854950982
d_optimal_strict,128,34,421,340.1174168297456,0.40239569094899785,5.734675066439662,20.455568081661298
d_optimal_strict,128,35,506,396.67318982387474,1.3053586212560617,18.57786691248118,8.948455767227003
d_optimal_strict,128,36,364,302.1917808219178,0.13967480560946033,1.9923330546893498,23.170985613527236
d_optimal_strict,128,37,450,359.412915851272,0.8704336874847947,12.459431845946312,14.210107459521282
d_optimal_strict,128,38,10,66.65362035225048,0.005115102733647348,11.34345308970645,0.6906874886732339
d_optimal_strict,128,39,177,177.76908023483367,0.9982715970217448,14.222394707270329,6.332395509531651
d_optimal_strict,128,40,328,278.23874755381604,0.05754675907538731,0.8244940393077033,23.621523864384713
d_optimal_strict,128,41,510,399.3346379647749,0.9757791206755471,13.888471675940519,13.695933676234816
d_optimal_strict,128,42,36,83.95303326810176,0.00843322371894728,0.5261431033469631,13.512250446195523
d_optimal_strict,128,43,459,365.4011741682974,1.6555945960844838,24.129146820431362,2.6839176594425425
d_optimal_strict,128,44,270,239.6477495107632,0.035325649184111185,0.5108036162125321,22.638329191629794
d_optimal_strict,128,45,422,340.7827788649706,0.3958877864514321,5.642470119855881,20.564748388461965
d_optimal_strict,128,46,11,67.31898238747554,0.005893578598477944,8.025882199232107,4.0945343580465305
d_optimal_strict,128,47,456,363.40508806262227,1.3003332104916652,18.73126160403156,8.034224176612057
d_optimal_strict,128,48,445,356.08610567514677,0.6653267159778267,9.507256714285685,17.081509554720697
d_optimal_strict,128,49,266,236.986301369863,0.03548783575411174,0.5133691203917845,22.538761448317274
d_optimal_strict,128,50,31,80.62622309197651,0.008065707447875825,0.6651209619001662,13.022071064610529
d_optimal_strict,128,51,432,347.4363992172211,0.41966495611245413,5.986542694109354,20.388629322624183
d_optimal_strict,128,52,366,303.5225048923679,0.15146601065761356,2.1600664865296118,23.04141717559054
d_optimal_strict,128,53,192,187.7495107632094,1.3588893339457826,19.34753562430674,1.6817063641388472
d_optimal_strict,128,54,507,397.33855185909977,1.2088592497629875,17.20485673045873,10.336023070401879
d_optimal_strict,128,55,418,338.12133072407045,0.4374255906018032,6.232001730514628,19.90711536870795
d_optimal_strict,128,56,37,84.6183953033268,0.008509003470507537,0.5061226940545006,13.600838717418966
d_optimal_strict,128,57,435,349.43248532289624,0.45226884693014924,6.453394420215103,19.97153683078261
d_optimal_strict,128,58,91,120.54794520547945,0.015044950685338065,6.76319628201075,10.417665667125775
d_optimal_strict,128,59,367,304.18786692759295,0.15810853045535023,2.254559319286882,22.965944138395642
d_optimal_strict,128,60,427,344.1095890410959,0.39039671877186954,5.566682640935976,20.72491856650035
d_optimal_strict,128,61,38,85.28375733855185,0.008585706784353553,0.4880434903391034,13.686948733713635
d_optimal_strict,128,62,283,248.29745596868884,0.03633877944624819,0.5244729506106308,22.932638154707945
d_optimal_strict,128,63,509,398.6692759295499,1.0453657385552653,14.878599241608908,12.691321814321924
d_optimal_strict,128,64,451,360.07827788649706,0.9246362970741906,13.242583531230228,13.44302063480852
d_optimal_strict,128,65,194,189.0802348336595,0.9007334469213362,12.830095748523965,8.260492620334063
d_optimal_strict,128,66,89,119.21722113502935,0.013018951331673634,23.08757950472777,-6.003133905599626
d_optimal_strict,128,67,327,277.57338551859095,0.05663507152786185,0.811549014608397,23.61367314309686
d_optimal_strict,128,68,423,341.44814090019565,0.39143370977670777,5.579507988076798,20.64465276918409
d_optimal_strict,128,69,265,236.32093933463796,0.035573959313167425,0.514661233995803,22.51304855887342
d_optimal_strict,128,70,30,79.96086105675147,0.007993933464521374,0.7034237668393052,12.911791184937272
d_optimal_strict,128,71,508,398.00391389432485,1.1226660117748608,15.97846866939303,11.576943896419507
d_optimal_strict,128,72,334,282.23091976516633,0.06375757592304554,0.9127127870473207,23.657044743298798
d_optimal_strict,128,73,390,319.49119373776904,1.2777849547817937,18.181820941375413,7.46502260774065
d_optimal_strict,128,74,12,67.98434442270059,0.006373173653987152,5.9732611015494355,6.232582886520191
d_optimal_strict,128,75,368,304.853228962818,0.1653327265982698,2.357327303327448,22.882154392590593
d_optimal_strict,128,76,176,177.1037181996086,0.825431684947489,11.764219472934085,8.757999817018003
d_optimal_strict,128,77,333,281.56555772994125,0.06262548364324427,0.8966289895206216,23.652627299256835
d_optimal_strict,128,78,284,248.9628180039139,0.036497427558697115,0.5266782717971573,22.95367725886115
d_optimal_strict,128,79,29,79.29549902152641,0.007922525426308225,0.7465131715908017,12.796123268022086
d_optimal_strict,128,80,455,362.73972602739724,1.2077576476445273,17.365742885658143,9.383825235828255
d_optimal_strict,128,81,502,394.01174168297456,1.8346929967672452,26.109073685039224,1.3587753063161614
d_optimal_strict,128,82,257,230.99804305283757,0.036880209380169005,0.5338159729028815,22.296015749503567
d_optimal_strict,128,83,28,78.63013698630137,0.007851376331232895,0.7951724448822873,12.674273909210328
d_optimal_strict,128,84,329,278.90410958904107,0.058490990554426414,0.8379025818296445,23.62886139759796
d_optimal_strict,128,85,444,355.4207436399217,0.6344536531925158,9.064112408749992,17.508408723902377
d_optimal_strict,128,86,406,330.13698630136986,1.4009909416044835,19.935717180378745,5.995832177251813
d_optimal_strict,128,87,369,305.518590998043,0.17321459331212186,2.4694514449972624,22.788967113034985
d_optimal_strict,128,88,39,85.94911937377691,0.00866340109759789,0.4717054126970222,13.77078892199171
d_optimal_strict,128,89,271,240.31311154598825,0.03532443871558044,0.5107241313398685,22.662490910611112
d_optimal_strict,128,90,256,230.33268101761252,0.037067931692152944,0.5365629613044721,22.268214001412247
d_optimal_strict,128,91,460,366.0665362035225,1.8078705908134438,26.588763386745836,0.24010291929027971
d_optimal_strict,128,92,27,77.96477495107632,0.0077803682921708806,0.8503567003205154,12.54527760056071
d_optimal_strict,128,93,417,337.45596868884536,0.4557322620713329,6.492127240962557,19.62988074852248
d_optimal_strict,128,94,9,65.98825831702544,0.003954704049171198,16.828191324771048,-4.881192299868928
d_optimal_strict,128,95,426,343.4442270058708,0.3884126985125125,5.537920250049551,20.736869871835324
d_optimal_strict,128,96,274,242.3091976516634,0.03540489251372936,0.511687168915656,22.73337653047011
d_optimal_strict,128,97,452,360.7436399217221,0.9845991989169711,14.110848066759882,12.590791302165812
d_optimal_strict,128,98,405,329.4716242661448,1.7021690527319038,24.219646683164562,1.6943793642031437
d_optimal_strict,128,99,13,68.64970645792563,0.006634602161046388,4.652592753603195,7.637846646124871
d_optimal_strict,128,100,374,308.8454011741683,0.22625496815000545,3.2239846482489214,22.12850383852063
d_optimal_strict,128,101,363,301.5264187866927,0.13442180803094494,1.917608614168275,23.22656448728894
d_optimal_strict,128,102,40,86.61448140900195,0.008742154760757348,0.4569365555587646,13.852539342114028
d_optimal_strict,128,103,335,282.89628180039136,0.06493316641944435,0.9294159425244677,23.66079455438104
d_optimal_strict,128,104,282,247.63209393346378,0.036192431957514426,0.522443370593325,22.911360937717305
d_optimal_strict,128,105,424,342.11350293542074,0.38881225549488896,5.542645058396269,20.6984249654528
d_optimal_strict,128,106,41,87.279843444227,0.00882203888652544,0.4435889212581235,13.932355958832702
d_optimal_strict,128,107,195,189.74559686888452,0.751106600719325,10.701522484760892,10.41957735753138
d_optimal_strict,128,108,349,292.21135029354207,0.08772543016421697,1.2534264419372718,23.618180888996108
d_optimal_strict,128,109,85,116.55577299412916,0.013641166274020122,5.070692891308178,11.817648596142618
d_optimal_strict,128,110,454,362.0743639921722,1.1251310125247898,16.155445085797336,10.57817615245304
d_optimal_strict,128,111,370,306.1839530332681,0.1818433185569166,2.592200424983103,22.68511379906505
d_optimal_strict,128,112,26,77.29941291585126,0.007709371312806024,0.9132404681676286,12.407949150209589
d_optimal_strict,128,113,275,242.97455968688845,0.035458514937024344,0.5123912248126561,22.756490559317626
d_optimal_strict,128,114,389,318.825831702544,1.0565497854713684,15.034847691600936,10.593888042526302
d_optimal_strict,128,115,332,280.9001956947162,0.06153472425980322,0.8811337449097127,23.64757279886426
d_optimal_strict,128,116,42,87.94520547945206,0.008903129808998878,0.4315349548330238,14.010374112677184
d_optimal_strict,128,117,294,255.61643835616437,0.03875937459183065,0.5583800540718382,23.15106124027095
d_optimal_strict,128,118,453,361.4090019569471,1.0511173869053678,15.076735770049574,11.640909253380528
d_optimal_strict,128,119,175,176.43835616438355,0.6924885783734283,9.873559378814313,10.615966387794685
d_optimal_strict,128,120,340,286.2230919765166,0.07155200566364694,1.0234799118126465,23.668279175799967
d_optimal_strict,128,121,425,342.77886497064577,0.387850149189644,5.529419881614154,20.728526554635607
d_optimal_strict,128,122,326,276.9080234833659,0.055754504349308176,0.7990472560453784,23.605329247008797
d_optimal_strict,128,123,407,330.8023483365949,1.1765495226151614,16.743323796447868,9.205713590285342
d_optimal_strict,128,124,25,76.63405088062622,0.007638242505364712,0.9852816508432096,12.260819717626788
d_optimal_strict,128,125,264,235.6555772994129,0.03568305231892799,0.5162810790734045,22.486939084197203
d_optimal_strict,128,126,357,297.5342465753424,0.10956071778022292,1.56397307317909,23.46443185129027
d_optimal_strict,128,127,436,350.0978473581213,0.46579371057241126,6.647035834259371,19.794418682936126
d_optimal_strict,128,128,14,69.31506849315069,0.006780776305416403,3.7581151220657976,8.616103720863336
uniform,256,1,0,60.0,-0.0061287743609170775,93.59014201343746,-85.4797512538621
uniform,256,2,2,61.330724070450096,-0.01120771315396496,129.48391562342516,-121.18298803156551
uniform,256,3,4,62.6614481409002,-0.00986224703999028,120.47074976413404,-111.98337546326022
uniform,256,4,6,63.992172211350294,-0.0029529030960162572,59.154612037327304,-50.48470923491337
uniform,256,5,8,65.3228962818004,0.002280150161247718,25.84439007182529,-16.99571567575252
uniform,256,6,10,66.65362035225048,0.005115102733647348,11.34345308970645,-2.3196124679665786
uniform,256,7,12,67.98434442270059,0.006373173653987152,5.9732611015494355,3.222282929880379
uniform,256,8,14,69.31506849315069,0.006780776305416403,3.7581151220657976,5.6058037642235234
uniform,256,9,16,70.64579256360078,0.006965760825477396,2.6454362022068345,6.883655585114525
uniform,256,10,18,71.97651663405088,0.007123202570057163,1.9913272526566395,7.699854994592741
uniform,256,11,20,73.30724070450097,0.007274931238608229,1.5682207662039165,8.282082443788653
uniform,256,12,22,74.63796477495107,0.00742245956145382,1.277264071078113,8.729297452329845
uniform,256,13,24,75.96868884540118,0.007566826242219715,1.0683087719384152,9.091749598316667
uniform,256,14,26,77.29941291585126,0.007709371312806024,0.9132404681676286,9.397649193569777
uniform,256,15,28,78.63013698630137,0.007851376331232895,0.7951724448822873,9.663973952570515
uniform,256,16,30,79.96086105675147,0.007993933464521374,0.7034237668393052,9.90149122829746
uniform,256,17,32,81.29158512720156,0.008137944880298509,0.6309574810564937,10.117320112133328
uniform,256,18,34,82.62230919765166,0.008284160983137001,0.5729815765251602,10.316330752115789
uniform,256,19,36,83.95303326810176,0.00843322371894728,0.5261431033469631,10.50195048955571
uniform,256,20,38,85.28375733855185,0.008585706784353553,0.4880434903391034,10.676648777073822
uniform,256,21,40,86.61448140900195,0.008742154760757348,0.4569365555587646,10.842239385474215
uniform,256,22,42,87.94520547945206,0.008903129808998878,0.4315349548330238,11.000074156037371
uniform,256,23,44,89.27592954990214,0.009069286001162635,0.41088367591480923,11.15116969210601
uniform,256,24,46,90.60665362035225,0.009241522008766045,0.3942771234997008,11.296290446067573
uniform,256,25,48,91.93737769080235,0.00942135094607055,0.3812073846397849,11.436000613400168
uniform,256,26,50,93.26810176125244,0.009611831491332712,0.37133991405066075,11.570688595366292
uniform,256,27,52,94.59882583170254,0.00981888889554694,0.36450908906178975,11.700571581579084
uniform,256,28,54,95.92954990215264,0.0100395858378034,0.3605397317354695,11.825874155793912
uniform,256,29,56,97.26027397260273,0.010227370487458365,0.3587518724645272,11.947323651410343
uniform,256,30,58,98.59099804305283,0.010408412667972655,0.35962629013513875,12.064484722314958
uniform,256,31,60,99.92172211350294,0.010609767274211812,0.36380821798778096,12.176755740585037
uniform,256,32,62,101.25244618395303,0.010826770199999225,0.3716904149558251,12.283785821862892
uniform,256,33,64,102.58317025440313,0.011055856553294219,0.38396042660761837,12.384927654812216
uniform,256,34,66,103.91389432485323,0.011295772580065977,0.40175494154716007,12.479083229290438
uniform,256,35,68,105.24461839530332,0.011546220411808528,0.426878786981791,12.56448491997206
uniform,256,36,70,106.57534246575342,0.011807226048159869,0.4622249712597883,12.638275518027328
uniform,256,37,72,107.90606653620353,0.012078817527361396,0.5125809297568481,12.695702054846464
uniform,256,38,74,109.23679060665361,0.012360725877515355,0.586253513864222,12.728490878396258
uniform,256,39,76,110.56751467710372,0.012651870324936754,0.6985958835182079,12.721320822078752
uniform,256,40,78,111.89823874755382,0.01294915687825604,0.8804336798623995,12.643397089785182
uniform,256,41,80,113.22896281800391,0.013244174559079447,1.2008587832423068,12.425657552205209
uniform,256,42,82,114.55968688845401,0.013512624171431398,1.8399386686921047,11.888063442471562
uniform,256,43,84,115.89041095890411,0.013674465533100033,3.379109728572102,10.44920608170176
uniform,256,44,86,117.2211350293542,0.013433497228970026,8.36580263166055,5.561681565333913
uniform,256,45,88,118.5518590998043,0.012413969787928636,28.939435407603078,-14.913902278458096
uniform,256,46,90,119.8825831702544,0.014202931116514605,11.91042953576531,2.21205806285397
uniform,256,47,92,121.2133072407045,0.015561450993002879,4.2788344941384455,9.939537275485122
uniform,256,48,94,122.5440313111546,0.01620172925511021,2.1776192326876864,12.135589782138439
uniform,256,49,96,123.8747553816047,0.01673492131424359,1.371877938609092,13.035144010946226
uniform,256,50,98,125.20547945205479,0.01728180046770622,0.9903185705628802,13.50951389360712
uniform,256,51,100,126.53620352250489,0.01786157703714819,0.7837946856035762,13.807867069115389
uniform,256,52,102,127.86692759295498,0.01847948051545245,0.6618718361332158,14.020658515863374
uniform,256,53,104,129.19765166340508,0.019139386483374654,0.585785458502787,14.18667269059128
uniform,256,54,106,130.52837573385517,0.019844855227148184,0.5367910686186441,14.324673358920549
uniform,256,55,108,131.8590998043053,0.02060076724683868,0.5049876866317289,14.444580195478508
uniform,256,56,110,133.18982387475538,0.021412673776558533,0.4847750173056246,14.552011627098409
uniform,256,57,112,134.52054794520546,0.022286547833725634,0.47281338142863033,14.65032492380368
uniform,256,58,114,135.85127201565558,0.02322933463432053,0.4670378989930917,14.74160203692297
uniform,256,59,116,137.18199608610567,0.024249106213883653,0.4661422004062201,14.827165908135171
uniform,256,60,118,138.51272015655576,0.02535579116537845,0.4693027768735869,14.90785613836455
uniform,256,61,120,139.84344422700588,0.026562026524859617,0.4760257367332582,14.984182249803368
uniform,256,62,122,141.17416829745596,0.027867704645612834,0.48582749322226637,15.056643015632844
uniform,256,63,124,142.50489236790605,0.029297348730164763,0.4987044282744755,15.125256812892232
uniform,256,64,126,143.83561643835617,0.03086790886234758,0.514635025039119,15.190059505852986
uniform,256,65,128,145.16634050880626,0.03259749133728751,0.5336778072801361,15.251006521779885
uniform,256,66,130,146.49706457925635,0.03450879436480592,0.5560025060447905,15.307941698731469
uniform,256,67,132,147.82778864970646,0.03662906638876917,0.5818772629413673,15.360610096096977
uniform,256,68,134,149.15851272015655,0.03899098691295699,0.611672585974415,15.408654051956745
uniform,256,69,136,150.48923679060664,0.04163399131111256,0.6458740671990946,15.451600478037733
uniform,256,70,138,151.81996086105676,0.04460590404983655,0.6851011669973007,15.488842087491662
uniform,256,71,140,153.15068493150685,0.04796519004652522,0.7301359639006727,15.519608656600738
uniform,256,72,142,154.48140900195693,0.05178393284073701,0.7819630748429944,15.542927115555159
uniform,256,73,144,155.81213307240705,0.05615181363969746,0.841824410787794,15.557566803381988
uniform,256,74,146,157.14285714285714,0.061181511983664505,0.9112945903381537,15.561964064443686
uniform,256,75,148,158.47358121330723,0.06701613745061707,0.992385565542534,15.554117632313549
uniform,256,76,150,159.80430528375734,0.07383960964896952,1.0876934254419357,15.53144183550586
uniform,256,77,152,161.13502935420743,0.08189139551776803,1.2006073606332996,15.490557641804244
uniform,256,78,154,162.46575342465752,0.09148781394214289,1.3356121815168391,15.426990148541393
uniform,256,79,156,163.79647749510764,0.10305345455323422,1.4987348101274305,15.33472209894596
uniform,256,80,158,165.12720156555773,0.11716854936915189,1.698217772689945,15.205520397435535
uniform,256,81,160,166.45792563600781,0.13464218227400826,1.9455602824107021,15.027895034357613
uniform,256,82,162,167.78864970645793,0.1566286020468617,2.257172492070013,14.78544484063049
uniform,256,83,164,169.11937377690802,0.18481786212325613,2.6570870348786686,14.454145953833759
uniform,256,84,166,170.4500978473581,0.2217594816545212,3.1815627365291155,13.99774811283234
uniform,256,85,168,171.78082191780823,0.2714343331123805,3.8872192099098912,13.359640069477393
uniform,256,86,170,173.1115459882583,0.3403119507509267,4.866076258346395,12.447810191533506
uniform,256,87,172,174.4422700587084,0.4394076021008697,6.274814257666601,11.105586086544733
uniform,256,88,174,175.77299412915852,0.5885153569602402,8.394986664282127,9.051422099459984
uniform,256,89,176,177.1037181996086,0.825431684947489,11.764219472934085,5.747699860378191
uniform,256,90,178,178.4344422700587,1.2269386858051448,17.474683611761034,0.1022558947660741
uniform,256,91,180,179.7651663405088,1.9551228698581653,27.831948638146056,-10.190472067299766
uniform,256,92,182,181.0958904109589,3.320729719813343,47.25615906160316,-29.550621409117355
uniform,256,93,184,182.426614481409,5.475620948899376,77.90744404969377,-60.13831432855423
uniform,256,94,186,183.7573385518591,5.966712272438855,84.89231460526436,-67.06005501073395
uniform,256,95,188,185.0880626223092,3.779927208434785,53.78620758062278,-35.89127363782643
uniform,256,96,190,186.41878669275928,2.203159785084601,31.3572195426885,-13.40006024996886
uniform,256,97,192,187.7495107632094,1.3588893339457826,19.34753562430674,-1.3285935925009653
uniform,256,98,194,189.0802348336595,0.9007334469213362,12.830095748523965,5.25019266369425
uniform,256,99,196,190.41095890410958,0.6350343665003066,9.05024619342581,9.090958361149433
uniform,256,100,198,191.74168297455967,0.4703343127723585,6.707059824620933,11.494636626993525
uniform,256,101,200,193.07240704500978,0.36227918910616275,5.169628066623852,13.092141905106814
uniform,256,102,202,194.40313111545987,0.2880016646775303,4.11267733784658,14.208753524545727
uniform,256,103,204,195.73385518590996,0.23495362565312572,3.357718112891911,15.022966640549285
uniform,256,104,206,197.06457925636008,0.19585377855731778,2.8011779446112244,15.638359215669311
uniform,256,105,208,198.39530332681016,0.1662677437943385,2.379979902645414,16.118013584310418
uniform,256,106,210,199.72602739726025,0.14338057937898352,2.0540825366375337,16.501976492494933
uniform,256,107,212,201.05675146771037,0.12534051092493526,1.7971448679046784,16.816594109069882
uniform,256,108,214,202.38747553816046,0.11089135297954567,1.5912978234182855,17.079740594510938
uniform,256,109,216,203.71819960861055,0.09915807033432644,1.424093984236135,17.303868355182786
uniform,256,110,218,205.04892367906066,0.08951734986366588,1.2866665524054888,17.497849079041245
uniform,256,111,220,206.37964774951075,0.08151776955926548,1.1725938052632663,17.668109283853852
uniform,256,112,222,207.71037181996084,0.07482940993874587,1.0771823482037353,17.8193470668718
uniform,256,113,224,209.04109589041096,0.06918515465347741,0.996632152156027,17.955367069714555
uniform,256,114,226,210.37181996086105,0.06433433216461748,0.9273771347919084,18.079739899448796
uniform,256,115,228,211.70254403131113,0.06018059005519083,0.8680463282730166,18.193840963056118
uniform,256,116,230,213.03326810176125,0.05661921184808483,0.8171498174405427,18.299164531388755
uniform,256,117,232,214.36399217221134,0.05354833848167462,0.7732383558950302,18.397164125168487
uniform,256,118,234,215.69471624266143,0.05088891799269524,0.7351871351723279,18.488968747824913
uniform,256,119,236,217.02544031311155,0.04857859912022655,0.7021089237409446,18.575469748450473
uniform,256,120,238,218.35616438356163,0.0465671497227631,0.6732888955874663,18.657385995107802
uniform,256,121,240,219.68688845401172,0.04481357095558369,0.6481435799858927,18.735304926895395
uniform,256,122,242,221.01761252446184,0.04328411254280784,0.626192628851049,18.80971078837439
uniform,256,123,244,222.34833659491193,0.041950835874116965,0.6070383766344022,18.881005071398576
uniform,256,124,246,223.67906066536202,0.040790566422028496,0.5903509381377388,18.94952141897609
uniform,256,125,248,225.00978473581213,0.039784178565111405,0.5758580346636103,19.015535800743734
uniform,256,126,250,226.34050880626222,0.03891626737471654,0.563340324539819,19.079271184019902
uniform,256,127,252,227.6712328767123,0.03817551421304355,0.5526366027166945,19.1408923357385
uniform,256,128,254,229.00195694716243,0.03755680894837643,0.5436739871345777,19.20047563756765
uniform,256,129,257,230.99804305283757,0.036880209380169005,0.5338159729028815,19.285715792863755
uniform,256,130,259,232.32876712328766,0.03659461311186574,0.5296034704674993,19.339822037439745
uniform,256,131,261,233.65949119373775,0.03619489850073987,0.523772167131356,19.395262117943858
uniform,256,132,263,234.99021526418787,0.03581966144403692,0.5182933457302271,19.45006798818224
uniform,256,133,265,236.32093933463796,0.035573959313167425,0.514661233995803,19.50274860223361
uniform,256,134,267,237.65166340508804,0.035421649914310294,0.5123615976912265,19.55382132254509
uniform,256,135,269,238.98238747553816,0.03534172696651128,0.5110955080607922,19.603588153679894
uniform,256,136,271,240.31311154598825,0.03532443871558044,0.5107241313398685,19.6521909539713
uniform,256,137,273,241.64383561643834,0.03536446787629011,0.5111717176498956,19.69970844775945
uniform,256,138,275,242.97455968688845,0.035458514937024344,0.5123912248126561,19.746190602677814
uniform,256,139,277,244.30528375733854,0.035604602371895,0.5143544209500146,19.79166852812409
uniform,256,140,279,245.63600782778863,0.035802497082705775,0.5170578931805174,19.836148467605298
uniform,256,141,281,246.96673189823875,0.03605321675985196,0.520516025696565,19.879618821673944
uniform,256,142,283,248.29745596868884,0.03633877944624819,0.5244729506106308,19.922338198068132
uniform,256,143,285,249.62818003913893,0.036669244089321484,0.529071668219244,19.9641662924074
uniform,256,144,287,250.95890410958904,0.03705020748276433,0.53439171251479,20.005026223615175
uniform,256,145,289,252.28962818003913,0.037479020626701276,0.5403953312761156,20.044958354738057
uniform,256,146,291,253.62035225048922,0.0379551995830949,0.5470755733989471,20.083972206500746
uniform,256,147,293,254.95107632093934,0.03847915446447403,0.5544382094856724,20.12206453757925
uniform,256,148,295,256.2818003913894,0.0390520447690188,0.5624996739772886,20.15922140330862
uniform,256,149,297,257.6125244618395,0.0396762522426255,0.5712937912107912,20.195411430444153
uniform,256,150,299,258.94324853228966,0.040358092311163274,0.5809103436599141,20.23054724971773
uniform,256,151,301,260.2739726027397,0.04110490355092078,0.5914536715371871,20.264526897012757
uniform,256,152,303,261.6046966731898,0.04186803022923824,0.6022316374444694,20.298044849470443
uniform,256,153,305,262.93542074363995,0.042696740985146864,0.613945016861209,20.330402635739546
uniform,256,154,307,264.26614481409,0.04358047350280514,0.6264435338959239,20.361752800943876
uniform,256,155,309,265.5968688845401,0.04452787872557784,0.6398502124900454,20.391974556179775
uniform,256,156,311,266.92759295499025,0.04554512780937747,0.6542528073337907,20.420982348283587
uniform,256,157,313,268.2583170254403,0.04663303778291872,0.6696629183478168,20.448766746016986
uniform,256,158,315,269.58904109589037,0.04779493320411676,0.6861278175650305,20.47528261383478
uniform,256,159,317,270.91976516634054,0.04903544862377318,0.7037134150627727,20.500466146587243
uniform,256,160,319,272.2504892367906,0.050359982092127,0.7224964855675877,20.524242643533725
uniform,256,161,321,273.58121330724066,0.05177470091536174,0.7425647504712901,20.54652642693017
uniform,256,162,323,274.9119373776908,0.053286624094998736,0.7640180506356004,20.56721966981314
uniform,256,163,325,276.2426614481409,0.05490372565270252,0.7869698163063154,20.586210926660527
uniform,256,164,327,277.57338551859095,0.05663507152786185,0.811549014608397,20.60337318645705
uniform,256,165,329,278.90410958904107,0.058490990554426414,0.8379025818296445,20.618561440958146
uniform,256,166,331,280.2348336594912,0.060483284210938404,0.8661984072643634,20.631609701380583
uniform,256,167,333,281.56555772994125,0.06262548364324427,0.8966289895206216,20.642327342617023
uniform,256,168,335,282.89628180039136,0.06493316641944435,0.9294159425244677,20.65049459774123
uniform,256,169,337,284.2270058708415,0.06742435112239287,0.9648156087624233,20.655856945262883
uniform,256,170,339,285.55772994129154,0.07011999784495493,1.0031261789771964,20.658117989917827
uniform,256,171,341,286.88845401174166,0.07304466407864174,1.0446970222945655,20.656930133015834
uniform,256,172,343,288.2191780821918,0.07622742230074264,1.089941738908872,20.65188152021851
uniform,256,173,345,289.54990215264183,0.07970332832622251,1.1393590471116015,20.642475154963748
uniform,256,174,347,290.88062622309195,0.0835163679272184,1.1935746977820971,20.628086984417408
uniform,256,175,349,292.21135029354207,0.08772543016421697,1.2534264419372718,20.607880932356295
uniform,256,176,351,293.5420743639921,0.09237925612709086,1.3196076943106272,20.581165236011188
uniform,256,177,353,294.87279843444225,0.09746582451148633,1.391947578110833,20.54811240172198
uniform,256,178,355,296.20352250489236,0.10315700742490952,1.4728909919025583,20.506279138460002
uniform,256,179,357,297.5342465753424,0.10956071778022292,1.56397307317909,20.45413189465046
uniform,256,180,359,298.86497064579254,0.11677415658006352,1.666576607148193,20.39028944977221
uniform,256,181,361,300.19569471624266,0.12499072774026665,1.783452820684788,20.31200212078265
uniform,256,182,363,301.5264187866927,0.13442180803094494,1.917608614168275,20.216264530649127
uniform,256,183,365,302.85714285714283,0.14534009375375234,2.0729231415797758,20.099199028612574
uniform,256,184,367,304.18786692759295,0.15810853045535023,2.254559319286882,19.95564418175583
uniform,256,185,369,305.518590998043,0.17321459331212186,2.4694514449972624,19.778667156395173
uniform,256,186,371,306.8493150684931,0.1913241354677675,2.7270711583004896,19.558797757876093
uniform,256,187,373,308.18003913894324,0.21336579328696637,3.040628053556882,19.28282781801515
uniform,256,188,375,309.5107632093933,0.2406664092673223,3.428995985648841,18.931884889671707
uniform,256,189,377,310.8414872798434,0.27517570006652203,3.9199088287913564,18.47823648825377
uniform,256,190,379,312.17221135029354,0.31985440969682166,4.5554817037609325,17.879768864798876
uniform,256,191,381,313.5029354207436,0.37937854156715467,5.402228217008771,17.069969767163798
uniform,256,192,383,314.8336594911937,0.46149647865589927,6.5703645991805315,15.938624301801369
uniform,256,193,385,316.16438356164383,0.5798500267949862,8.253937174689314,14.291687464477903
uniform,256,194,387,317.4951076320939,0.7603900692796692,10.822080780623871,11.760025721649157
uniform,256,195,389,318.825831702544,1.0565497854713684,15.034847691600936,7.58358808588649
uniform,256,196,391,320.1565557729941,1.564605359042723,22.261703462820076,0.392910273094202
uniform,256,197,393,321.4872798434442,2.3217230705465255,33.03131488448424,-10.34067325164375
uniform,256,198,395,322.8180039138943,3.6463028410259852,51.872709785963146,-29.146189077966113
uniform,256,199,397,324.1487279843444,5.8608409750601425,83.3731845401287,-60.61093235431369
uniform,256,200,399,325.4794520547945,6.7017543836385585,95.3347822560415,-72.53694498036504
uniform,256,201,401,326.8101761252446,4.46043330881686,63.4536716239921,-40.620394451832254
uniform,256,202,403,328.1409001956947,2.6750131438251685,38.05747001680933,-15.18889696152847
uniform,256,203,405,329.4716242661448,1.7021690527319038,24.219646683164562,-1.3159205924366688
uniform,256,204,407,330.8023483365949,1.1765495226151614,16.743323796447868,6.195413633645529
uniform,256,205,409,332.133072407045,0.876203185252237,12.471395564921716,10.502212646178066
uniform,256,206,411,333.46379647749507,0.694610220866231,9.888693771616586,13.119645786205254
uniform,256,207,413,334.7945205479452,0.5800902132268995,8.260105150352448,14.782827430551237
uniform,256,208,415,336.1252446183953,0.5056834950955373,7.202153883733696,15.875234494038352
uniform,256,209,417,337.45596868884536,0.4557322620713329,6.492127240962557,16.61958079188267
uniform,256,210,419,338.7866927592955,0.42276805513590965,6.023802540213069,17.12209007752466
uniform,256,211,421,340.1174168297456,0.40239569094899785,5.734675066439662,17.445268125021485
uniform,256,212,423,341.44814090019565,0.39143370977670777,5.579507988076798,17.63435281254428
uniform,256,213,425,342.77886497064577,0.387850149189644,5.529419881614154,17.718226597995795
uniform,256,214,427,344.1095890410959,0.39039671877186954,5.566682640935976,17.714618609860537
uniform,256,215,429,345.44031311154595,0.39834343686028184,5.680949023293882,17.63387710141741
uniform,256,216,431,346.77103718199606,0.4113239964978135,5.867056191672143,17.48116590855669
uniform,256,217,433,348.1017612524462,0.4292502474467188,6.12381383956962,17.257676325176533
uniform,256,218,435,349.43248532289624,0.45226884693014924,6.453394420215103,16.9612368741428
uniform,256,219,437,350.76320939334636,0.48074651150012926,6.861133893162362,16.586512560865984
uniform,256,220,439,352.0939334637965,0.515277769511588,7.355658664132588,16.124877933627147
uniform,256,221,441,353.42465753424653,0.5567138027105543,7.949323088256656,15.563979580501254
uniform,256,222,443,354.75538160469665,0.6062139461911151,8.658988281185756,14.886957318408918
uniform,256,223,445,356.08610567514677,0.6653267159778267,9.507256714285685,14.071209598080884
uniform,256,224,447,357.41682974559683,0.7361118913237057,10.524361943023441,13.086503775828348
uniform,256,225,449,358.74755381604695,0.8213159149749885,11.75096799708221,11.89217672358096
uniform,256,226,451,360.07827788649706,0.9246362970741906,13.242583531230228,10.432720678168707
uniform,256,227,453,361.4090019569471,1.0511173869053678,15.076735770049574,8.630609296740715
uniform,256,228,455,362.73972602739724,1.2077576476445273,17.365742885658143,6.373525279188442
uniform,256,229,457,364.07045009784736,1.4044642460789944,20.282231520638522,3.488842845359258
uniform,256,230,459,365.4011741682974,1.6555945960844838,24.129146820431362,-0.3263822971972701
uniform,256,231,461,366.73189823874753,1.9825186486482806,29.631879773767906,-5.79754029352452
uniform,256,232,463,368.06262230919765,2.4180843714918865,39.754755410225975,-15.88895533868012
uniform,256,233,465,369.3933463796477,3.0157912291400066,46.14236672520511,-22.24521960257863
uniform,256,234,467,370.7240704500978,3.8633835924745057,55.96093966385781,-32.032558213793095
uniform,256,235,469,372.05479452054794,5.115634159444937,73.21955317189173,-49.26004931022911
uniform,256,236,471,373.385518590998,7.0622984985867845,100.70909949067406,-76.71858433410432
uniform,256,237,473,374.7162426614481,10.281155133535833,146.40288038897174,-122.3814642635653
uniform,256,238,475,376.04696673189824,15.996499748133544,227.6502787866857,-203.59807123630088
uniform,256,239,477,377.3776908023483,26.812562408458007,381.47200867121416,-357.38911846578657
uniform,256,240,479,378.7084148727984,46.69862426606437,664.3189856962637,-640.205520839979
uniform,256,241,481,380.03913894324853,67.23859592557073,956.4734719979646,-932.3295397373167
uniform,256,242,483,381.3698630136986,50.0782050602013,712.3692002888341,-688.1949071205704
uniform,256,243,485,382.7005870841487,28.73421667379,408.7584694120956,-384.55392109105145
uniform,256,244,487,384.0313111545988,16.965356443513315,241.34918512434484,-217.11448667117003
uniform,256,245,489,385.3620352250489,10.798187680226704,153.62137070171622,-129.35662641049367
uniform,256,246,491,386.692759295499,7.360919088117697,104.72539111990534,-80.43070456566494
uniform,256,247,493,388.0234833659491,5.3026705634635505,75.44566246605315,-51.121136512182716
uniform,256,248,495,389.3542074363992,3.9931626688838833,56.81673052787301,-32.46246733342721
uniform,256,249,497,390.6849315068493,3.107288980198092,44.214066802171466,-19.830167829081574
uniform,256,250,499,392.0156555772994,2.4754029201058927,35.224484464046256,-10.811050484231345
uniform,256,251,501,393.3463796477495,2.017419393481404,28.70876907224019,-4.265900174622203
uniform,256,252,503,394.6771037181996,1.675689751440757,23.8468638033258,0.6253405992501797
uniform,256,253,505,396.0078277886497,1.4138694025782002,20.12175799529603,4.379683168642771
uniform,256,254,507,397.33855185909977,1.2088592497629875,17.20485673045873,7.325723113762066
uniform,256,255,509,398.6692759295499,1.0453657385552653,14.878599241608908,9.681021857682111
uniform,256,256,511,400.0,0.9129156909543816,12.993995552116077,11.594570026345636
d_optimal_default,256,1,430,346.10567514677103,0.40421584459465265,5.765180537455518,17.566359625334968
d_optimal_default,256,2,449,358.74755381604695,0.8213159149749885,11.75096799708221,11.89217672358096
d_optimal_default,256,3,505,396.0078277886497,1.4138694025782002,20.12175799529603,4.379683168642771
d_optimal_default,256,4,328,278.23874755381604,0.05754675907538731,0.8244940393077033,20.6112239077449
d_optimal_default,256,5,420,339.4520547945205,0.4112381278426511,5.860113101986775,17.302821488307472
d_optimal_default,256,6,365,302.85714285714283,0.14534009375375234,2.0729231415797758,20.099199028612574
d_optimal_default,256,7,23,75.30332681017612,0.0074949560590691355,1.164641981858012,8.919007034665697
d_optimal_default,256,8,390,319.49119373776904,1.2777849547817937,18.181820941375413,4.4547226511008375
d_optimal_default,256,9,447,357.41682974559683,0.7361118913237057,10.524361943023441,13.086503775828348
d_optimal_default,256,10,269,238.98238747553816,0.03534172696651128,0.5110955080607922,19.603588153679894
d_optimal_default,256,11,429,345.44031311154595,0.39834343686028184,5.680949023293882,17.63387710141741
d_optimal_default,256,12,457,364.07045009784736,1.4044642460789944,20.282231520638522,3.488842845359258
d_optimal_default,256,13,21,73.97260273972603,0.007349167950379876,1.410067509413472,8.518716236539234
d_optimal_default,256,14,504,395.3424657534246,1.5364652817274518,21.866029464067196,2.620805620575652
d_optimal_default,256,15,511,400.0,0.9129156909543816,12.993995552116077,11.594570026345636
d_optimal_default,256,16,434,348.7671232876712,0.44010523009496616,6.279241905917801,17.11883462992826
d_optimal_default,256,17,448,358.0821917808219,0.7767065845646144,11.1084222213105,12.518597993073328
d_optimal_default,256,18,177,177.76908023483367,0.9982715970217448,14.222394707270329,3.322095552891838
d_optimal_default,256,19,419,338.7866927592955,0.42276805513590965,6.023802540213069,17.12209007752466
d_optimal_default,256,20,268,238.3170254403131,0.03537340194544436,0.5116102035555076,19.578856940022817
d_optimal_default,256,21,22,74.63796477495107,0.00742245956145382,1.277264071078113,8.729297452329845
d_optimal_default,256,22,433,348.1017612524462,0.4292502474467188,6.12381383956962,17.257676325176533
d_optimal_default,256,23,364,302.1917808219178,0.13967480560946033,1.9923330546893498,20.160685656887424
d_optimal_default,256,24,446,356.7514677103718,0.6991072995737824,9.992449953225135,13.602231169082614
d_optimal_default,256,25,428,344.7749510763209,0.39372522183033,5.6146167559778535,17.6834631062343
d_optimal_default,256,26,506,396.67318982387474,1.3053586212560617,18.57786691248118,5.93815581058719
d_optimal_default,256,27,421,340.1174168297456,0.40239569094899785,5.734675066439662,17.445268125021485
d_optimal_default,256,28,458,364.7358121330724,1.5220950165183993,22.060746085581805,1.7261878115765796
d_optimal_default,256,29,20,73.30724070450097,0.007274931238608229,1.5682207662039165,8.282082443788653
d_optimal_default,256,30,267,237.65166340508804,0.035421649914310294,0.5123615976912265,19.55382132254509
d_optimal_default,256,31,431,346.77103718199606,0.4113239964978135,5.867056191672143,17.48116590855669
d_optimal_default,256,32,193,188.41487279843443,1.0969585178586172,15.621502830815139,2.4281665504529144
d_optimal_default,256,33,450,359.412915851272,0.8704336874847947,12.459431845946312,11.19980750288147
d_optimal_default,256,34,510,399.3346379647749,0.9757791206755471,13.888471675940519,10.685633719595003
d_optimal_default,256,35,24,75.96868884540118,0.007566826242219715,1.0683087719384152,9.091749598316667
d_optimal_default,256,36,422,340.7827788649706,0.3958877864514321,5.642470119855881,17.554448431822152
d_optimal_default,256,37,266,236.986301369863,0.03548783575411174,0.5133691203917845,19.52846149167746
d_optimal_default,256,38,456,363.40508806262227,1.3003332104916652,18.73126160403156,5.023924219972244
d_optimal_default,256,39,435,349.43248532289624,0.45226884693014924,6.453394420215103,16.9612368741428
d_optimal_default,256,40,19,72.64187866927593,0.007199635746404809,1.758729248061462,8.012377852083233
d_optimal_default,256,41,366,303.5225048923679,0.15146601065761356,2.1600664865296118,20.031117218950726
d_optimal_default,256,42,194,189.0802348336595,0.9007334469213362,12.830095748523965,5.25019266369425
d_optimal_default,256,43,507,397.33855185909977,1.2088592497629875,17.20485673045873,7.325723113762066
d_optimal_default,256,44,445,356.08610567514677,0.6653267159778267,9.507256714285685,14.071209598080884
d_optimal_default,256,45,418,338.12133072407045,0.4374255906018032,6.232001730514628,16.896815412068136
d_optimal_default,256,46,270,239.6477495107632,0.035325649184111185,0.5108036162125321,19.62802923498998
d_optimal_default,256,47,432,347.4363992172211,0.41966495611245413,5.986542694109354,17.37832936598437
d_optimal_default,256,48,25,76.63405088062622,0.007638242505364712,0.9852816508432096,9.250519760986975
d_optimal_default,256,49,503,394.6771037181996,1.675689751440757,23.8468638033258,0.6253405992501797
d_optimal_default,256,50,327,277.57338551859095,0.05663507152786185,0.811549014608397,20.60337318645705
d_optimal_default,256,51,176,177.1037181996086,0.825431684947489,11.764219472934085,5.747699860378191
d_optimal_default,256,52,367,304.18786692759295,0.15810853045535023,2.254559319286882,19.95564418175583
d_optimal_default,256,53,26,77.29941291585126,0.007709371312806024,0.9132404681676286,9.397649193569777
d_optimal_default,256,54,334,282.23091976516633,0.06375757592304554,0.9127127870473207,20.646744786658985
d_optimal_default,256,55,509,398.6692759295499,1.0453657385552653,14.878599241608908,9.681021857682111
d_optimal_default,256,56,451,360.07827788649706,0.9246362970741906,13.242583531230228,10.432720678168707
d_optimal_default,256,57,427,344.1095890410959,0.39039671877186954,5.566682640935976,17.714618609860537
d_optimal_default,256,58,283,248.29745596868884,0.03633877944624819,0.5244729506106308,19.922338198068132
d_optimal_default,256,59,27,77.96477495107632,0.0077803682921708806,0.8503567003205154,9.534977643920897
d_optimal_default,256,60,333,281.56555772994125,0.06262548364324427,0.8966289895206216,20.642327342617023
d_optimal_default,256,61,508,398.00391389432485,1.1226660117748608,15.97846866939303,8.566643939779695
d_optimal_default,256,62,265,236.32093933463796,0.035573959313167425,0.514661233995803,19.50274860223361
d_optimal_default,256,63,455,362.73972602739724,1.2077576476445273,17.365742885658143,6.373525279188442
d_optimal_default,256,64,368,304.853228962818,0.1653327265982698,2.357327303327448,19.87185443595078
d_optimal_default,256,65,18,71.97651663405088,0.007123202570057163,1.9913272526566395,7.699854994592741
d_optimal_default,256,66,423,341.44814090019565,0.39143370977670777,5.579507988076798,17.63435281254428
d_optimal_default,256,67,178,178.4344422700587,1.2269386858051448,17.474683611761034,0.1022558947660741
d_optimal_default,256,68,329,278.90410958904107,0.058490990554426414,0.8379025818296445,20.618561440958146
d_optimal_default,256,69,406,330.13698630136986,1.4009909416044835,19.935717180378745,2.9855322206120007
d_optimal_default,256,70,28,78.63013698630137,0.007851376331232895,0.7951724448822873,9.663973952570515
d_optimal_default,256,71,284,248.9628180039139,0.036497427558697115,0.5266782717971573,19.943377302221336
d_optimal_default,256,72,369,305.518590998043,0.17321459331212186,2.4694514449972624,19.778667156395173
d_optimal_default,256,73,29,79.29549902152641,0.007922525426308225,0.7465131715908017,9.785823311382273
d_optimal_default,256,74,389,318.825831702544,1.0565497854713684,15.034847691600936,7.58358808588649
d_optimal_default,256,75,257,230.99804305283757,0.036880209380169005,0.5338159729028815,19.285715792863755
d_optimal_default,256,76,444,355.4207436399217,0.6344536531925158,9.064112408749992,14.498108767262565
d_optimal_default,256,77,195,189.74559686888452,0.751106600719325,10.701522484760892,7.409277400891568
d_optimal_default,256,78,335,282.89628180039136,0.06493316641944435,0.9294159425244677,20.65049459774123
d_optimal_default,256,79,274,242.3091976516634,0.03540489251372936,0.511687168915656,19.723076573830298
d_optimal_default,256,80,30,79.96086105675147,0.007993933464521374,0.7034237668393052,9.90149122829746
d_optimal_default,256,81,452,360.7436399217221,0.9845991989169711,14.110848066759882,9.580491345526
d_optimal_default,256,82,349,292.21135029354207,0.08772543016421697,1.2534264419372718,20.607880932356295
d_optimal_default,256,83,459,365.4011741682974,1.6555945960844838,24.129146820431362,-0.3263822971972701
d_optimal_default,256,84,426,343.4442270058708,0.3884126985125125,5.537920250049551,17.726569915195512
d_optimal_default,256,85,17,71.31115459882584,0.007045482395554359,2.279964951281751,7.330550163945674
d_optimal_default,256,86,363,301.5264187866927,0.13442180803094494,1.917608614168275,20.216264530649127
d_optimal_default,256,87,256,230.33268101761252,0.037067931692152944,0.5365629613044721,19.257914044772434
d_optimal_default,256,88,374,308.8454011741683,0.22625496815000545,3.2239846482489214,19.118203881880817
d_optimal_default,256,89,407,330.8023483365949,1.1765495226151614,16.743323796447868,6.195413633645529
d_optimal_default,256,90,417,337.45596868884536,0.4557322620713329,6.492127240962557,16.61958079188267
d_optimal_default,256,91,31,80.62622309197651,0.008065707447875825,0.6651209619001662,10.011771107970716
d_optimal_default,256,92,282,247.63209393346378,0.036192431957514426,0.522443370593325,19.901060981077492
d_optimal_default,256,93,356,296.8688845401174,0.10626600561851962,1.5171107639628203,20.481548600979977
d_optimal_default,256,94,175,176.43835616438355,0.6924885783734283,9.873559378814313,7.605666431154873
d_optimal_default,256,95,454,362.0743639921722,1.1251310125247898,16.155445085797336,7.567876195813227
d_optimal_default,256,96,32,81.29158512720156,0.008137944880298509,0.6309574810564937,10.117320112133328
d_optimal_default,256,97,424,342.11350293542074,0.38881225549488896,5.542645058396269,17.68812500881299
d_optimal_default,256,98,271,240.31311154598825,0.03532443871558044,0.5107241313398685,19.6521909539713
d_optimal_default,256,99,332,280.9001956947162,0.06153472425980322,0.8811337449097127,20.637272842224448
d_optimal_default,256,100,33,81.95694716242662,0.00821073517056159,0.6003947010349158,10.218686508309403
d_optimal_default,256,101,340,286.2230919765166,0.07155200566364694,1.0234799118126465,20.657979219160154
d_optimal_default,256,102,391,320.1565557729941,1.564605359042723,22.261703462820076,0.392910273094202
d_optimal_default,256,103,294,255.61643835616437,0.03875937459183065,0.5583800540718382,20.140761283631136
d_optimal_default,256,104,275,242.97455968688845,0.035458514937024344,0.5123912248126561,19.746190602677814
d_optimal_default,256,105,34,82.62230919765166,0.008284160983137001,0.5729815765251602,10.316330752115789
d_optimal_default,256,106,453,361.4090019569471,1.0511173869053678,15.076735770049574,8.630609296740715
d_optimal_default,256,107,357,297.5342465753424,0.10956071778022292,1.56397307317909,20.45413189465046
d_optimal_default,256,108,326,276.9080234833659,0.055754504349308176,0.7990472560453784,20.595029290368984
d_optimal_default,256,109,16,70.64579256360078,0.006965760825477396,2.6454362022068345,6.883655585114525
d_optimal_default,256,110,436,350.0978473581213,0.46579371057241126,6.647035834259371,16.784118726296313
d_optimal_default,256,111,341,286.88845401174166,0.07304466407864174,1.0446970222945655,20.656930133015834
d_optimal_default,256,112,425,342.77886497064577,0.387850149189644,5.529419881614154,17.718226597995795
d_optimal_default,256,113,388,318.160469667319,0.8889071101033075,12.650194825149113,9.950095308399739
d_optimal_default,256,114,35,83.2876712328767,0.008358299516597834,0.5483382366368735,10.41064189831117
d_optimal_default,256,115,502,394.01174168297456,1.8346929967672452,26.109073685039224,-1.6515246503236511
d_optimal_default,256,116,324,275.57729941291586,0.05408148837738569,0.7752989550188785,20.576935593834065
d_optimal_default,256,117,370,306.1839530332681,0.1818433185569166,2.592200424983103,19.674813842425237
d_optimal_default,256,118,36,83.95303326810176,0.00843322371894728,0.5261431033469631,10.50195048955571
d_optimal_default,256,119,264,235.6555772994129,0.03568305231892799,0.5162810790734045,19.47663912755739
d_optimal_default,256,120,196,190.41095890410958,0.6350343665003066,9.05024619342581,9.090958361149433
d_optimal_default,256,121,375,309.5107632093933,0.2406664092673223,3.428995985648841,18.931884889671707
d_optimal_default,256,122,355,296.20352250489236,0.10315700742490952,1.4728909919025583,20.506279138460002
d_optimal_default,256,123,285,249.62818003913893,0.036669244089321484,0.529071668219244,19.9641662924074
d_optimal_default,256,124,37,84.6183953033268,0.008509003470507537,0.5061226940545006,10.590538760779154
d_optimal_default,256,125,408,331.4677103718199,1.0066872328627205,14.327290545706832,8.628899774112654
d_optimal_default,256,126,258,231.6634050880626,0.03673092358790764,0.5316168722487593,19.312897589676155
d_optimal_default,256,127,38,85.28375733855185,0.008585706784353553,0.4880434903391034,10.676648777073822
d_optimal_default,256,128,350,292.8767123287671,0.08999832945548603,1.28574837222732,20.595314194721226
d_optimal_default,256,129,336,283.56164383561645,0.06615458672601582,0.9467716265503412,20.65354383208134
d_optimal_default,256,130,386,316.82974559686886,0.6599226353753522,9.39295632484982,13.170928399425861
d_optimal_default,256,131,192,187.7495107632094,1.3588893339457826,19.34753562430674,-1.3285935925009653
d_optimal_default,256,132,443,354.75538160469665,0.6062139461911151,8.658988281185756,14.886957318408918
d_optimal_default,256,133,15,69.98043052837573,0.0068810218234718334,3.1202581174598807,6.326639834225915
d_optimal_default,256,134,273,241.64383561643834,0.03536446787629011,0.5111717176498956,19.69970844775945
d_optimal_default,256,135,380,312.83757338551857,0.34737137895980474,4.946918992770734,17.506824929114643
d_optimal_default,256,136,325,276.2426614481409,0.05490372565270252,0.7869698163063154,20.586210926660527
d_optimal_default,256,137,387,317.4951076320939,0.7603900692796692,10.822080780623871,11.760025721649157
d_optimal_default,256,138,39,85.94911937377691,0.00866340109759789,0.4717054126970222,10.760488965351897
d_optimal_default,256,139,174,175.77299412915852,0.5885153569602402,8.394986664282127,9.051422099459984
d_optimal_default,256,140,440,352.7592954990215,0.5350682176921548,7.639161831030075,15.857773252787354
d_optimal_default,256,141,293,254.95107632093934,0.03847915446447403,0.5544382094856724,20.12206453757925
d_optimal_default,256,142,358,298.1996086105675,0.11305448669239526,1.6136677330126181,20.423839400935435
d_optimal_default,256,143,255,229.66731898238746,0.03729483061635497,0.5398683855847952,19.229481380327925
d_optimal_default,256,144,40,86.61448140900195,0.008742154760757348,0.4569365555587646,10.842239385474215
d_optimal_default,256,145,405,329.4716242661448,1.7021690527319038,24.219646683164562,-1.3159205924366688
d_optimal_default,256,146,323,274.9119373776908,0.053286624094998736,0.7640180506356004,20.56721966981314
d_optimal_default,256,147,385,316.16438356164383,0.5798500267949862,8.253937174689314,14.291687464477903
d_optimal_default,256,148,272,240.9784735812133,0.03533752880777152,0.5108489775781706,19.676081756739308
d_optimal_default,256,149,41,87.279843444227,0.00882203888652544,0.4435889212581235,10.922056002192889
d_optimal_default,256,150,373,308.18003913894324,0.21336579328696637,3.040628053556882,19.28282781801515
d_optimal_default,256,151,342,287.55381604696674,0.07460175437334815,1.0668313048744058,20.654917154500964
d_optimal_default,256,152,42,87.94520547945206,0.008903129808998878,0.4315349548330238,11.000074156037371
d_optimal_default,256,153,381,313.5029354207436,0.37937854156715467,5.402228217008771,17.069969767163798
d_optimal_default,256,154,43,88.6105675146771,0.008985512556409114,0.42066473006230615,11.07641138275018
d_optimal_default,256,155,379,312.17221135029354,0.31985440969682166,4.5554817037609325,17.879768864798876
d_optimal_default,256,156,281,246.96673189823875,0.03605321675985196,0.520516025696565,19.879618821673944
d_optimal_default,256,157,44,89.27592954990214,0.009069286001162635,0.41088367591480923,11.15116969210601
d_optimal_default,256,158,416,336.79060665362033,0.4782645917857664,6.812378086662938,16.28218706909648
d_optimal_default,256,159,343,288.2191780821918,0.07622742230074264,1.089941738908872,20.65188152021851
d_optimal_default,256,160,197,191.07632093933464,0.5435342906209275,7.748497313019808,10.423005851091403
d_optimal_default,256,161,331,280.2348336594912,0.060483284210938404,0.8661984072643634,20.631609701380583
d_optimal_default,256,162,276,243.63992172211348,0.03552512371523142,0.513280865198597,19.769053912644708
d_optimal_default,256,163,14,69.31506849315069,0.006780776305416403,3.7581151220657976,5.6058037642235234
d_optimal_default,256,164,371,306.8493150684931,0.1913241354677675,2.7270711583004896,19.558797757876093
d_optimal_default,256,165,295,256.2818003913894,0.0390520447690188,0.5624996739772886,20.15922140330862
d_optimal_default,256,166,441,353.42465753424653,0.5567138027105543,7.949323088256656,15.563979580501254
d_optimal_default,256,167,45,89.9412915851272,0.009154570800593786,0.4021107657825364,11.224437383750626
d_optimal_default,256,168,173,175.10763209393346,0.5059331099095221,7.220696791234741,10.19277046646532
d_optimal_default,256,169,330,279.56947162426616,0.059469288779957274,0.8517963060211171,20.62536435895754
d_optimal_default,256,170,354,295.53816046966733,0.10022703382574516,1.431218584985695,20.52841848286262
d_optimal_default,256,171,409,332.133072407045,0.876203185252237,12.471395564921716,10.502212646178066
d_optimal_default,256,172,46,90.60665362035225,0.009241522008766045,0.3942771234997008,11.296290446067573
d_optimal_default,256,173,348,291.54598825831704,0.08556700441178133,1.2227335813982958,20.61877356657405
d_optimal_default,256,174,339,285.55772994129154,0.07011999784495493,1.0031261789771964,20.658117989917827
d_optimal_default,256,175,47,91.27201565557729,0.00933034948566569,0.3873250341060039,11.366793550121372
d_optimal_default,256,176,310,266.26223091976516,0.04502780311256305,0.64692745322983,20.406629628469346
d_optimal_default,256,177,242,221.01761252446184,0.04328411254280784,0.626192628851049,18.80971078837439
d_optimal_default,256,178,442,354.0900195694716,0.5803694829341417,8.288397069835,15.241242398986785
d_optimal_default,256,179,344,288.8845401174168,0.07792624480038546,1.1140934376886344,20.64775833134354
d_optimal_default,256,180,48,91.93737769080235,0.00942135094607055,0.3812073846397849,11.436000613400168
d_optimal_default,256,181,241,220.35225048923678,0.04402269513373236,0.6367954024550293,18.772920157059716
d_optimal_default,256,182,49,92.6027397260274,0.009514963401600296,0.3758875837030831,11.503954884622956
d_optimal_default,256,183,243,221.68297455968687,0.042594501569640286,0.6162879797354376,18.845724576386672
d_optimal_default,256,184,414,335.4598825831702,0.5390502317977894,7.676549026515105,15.38362853802083
d_optimal_default,256,185,460,366.0665362035225,1.8078705908134438,26.588763386745836,-2.770197037349533
d_optimal_default,256,186,50,93.26810176125244,0.009611831491332712,0.37133991405066075,11.570688595366292
d_optimal_default,256,187,439,352.0939334637965,0.515277769511588,7.355658664132588,16.124877933627147
d_optimal_default,256,188,309,265.5968688845401,0.04452787872557784,0.6398502124900454,20.391974556179775
d_optimal_default,256,189,244,222.34833659491193,0.041950835874116965,0.6070383766344022,18.881005071398576
d_optimal_default,256,190,415,336.1252446183953,0.5056834950955373,7.202153883733696,15.875234494038352
d_optimal_default,256,191,263,234.99021526418787,0.03581966144403692,0.5182933457302271,19.45006798818224
d_optimal_default,256,192,172,174.4422700587084,0.4394076021008697,6.274814257666601,11.105586086544733
d_optimal_default,256,193,51,93.9334637964775,0.009712843716096375,0.36754960463725445,11.636222892082671
d_optimal_default,256,194,240,219.68688845401172,0.04481357095558369,0.6481435799858927,18.735304926895395
d_optimal_default,256,195,384,315.4990215264188,0.5149271905876063,7.330415836651748,15.196910248892706
d_optimal_default,256,196,372,307.5146771037182,0.201781923727804,2.8758400215761735,19.42884270380958
d_optimal_default,256,197,259,232.32876712328766,0.03659461311186574,0.5296034704674993,19.339822037439745
d_optimal_default,256,198,13,68.64970645792563,0.006634602161046388,4.652592753603195,4.627546689485058
d_optimal_default,256,199,337,284.2270058708415,0.06742435112239287,0.9648156087624233,20.655856945262883
d_optimal_default,256,200,198,191.74168297455967,0.4703343127723585,6.707059824620933,11.494636626993525
d_optimal_default,256,201,52,94.59882583170254,0.00981888889554694,0.36450908906178975,11.700571581579084
d_optimal_default,256,202,376,310.1761252446184,0.25686479069765955,3.6594269362115766,18.720106144072034
d_optimal_default,256,203,286,250.29354207436398,0.03685365111786498,0.531644909914424,19.98471372886685
d_optimal_default,256,204,53,95.26418786692759,0.009929527664638282,0.36219899374407005,11.763760146624662
d_optimal_default,256,205,215,203.05283757338552,0.10472896434083179,1.5034876716669274,17.196059339061748
d_optimal_default,256,206,410,332.79843444227004,0.7746149366485682,11.02653376480014,11.964457479218694
d_optimal_default,256,207,345,289.54990215264183,0.07970332832622251,1.1393590471116015,20.642475154963748
d_optimal_default,256,208,216,203.71819960861055,0.09915807033432644,1.424093984236135,17.303868355182786
d_optimal_default,256,209,54,95.92954990215264,0.0100395858378034,0.3605397317354695,11.825874155793912
d_optimal_default,256,210,280,246.3013698630137,0.03592155053174295,0.5186968532363166,19.858005444201225
d_optimal_default,256,211,359,298.86497064579254,0.11677415658006352,1.666576607148193,20.39028944977221
d_optimal_default,256,212,55,96.59491193737769,0.010138850628095497,0.3593874084289205,11.887063361282998
d_optimal_default,256,213,292,254.28571428571428,0.038211152626650646,0.5506708505148957,20.103134147280315
d_optimal_default,256,214,245,223.013698630137,0.041350359412727355,0.5984045867356254,18.915591973821364
d_optimal_default,256,215,362,300.8610567514677,0.1295392269046136,1.848154157345127,20.26653112652808
d_optimal_default,256,216,56,97.26027397260273,0.010227370487458365,0.3587518724645272,11.947323651410343
d_optimal_default,256,217,351,293.5420743639921,0.09237925612709086,1.3196076943106272,20.581165236011188
d_optimal_default,256,218,171,173.77690802348337,0.38512436635474145,5.503081270457337,11.844125794322878
d_optimal_default,256,219,382,314.1682974559687,0.416948139956558,5.936661393722134,16.55395152830117
d_optimal_default,256,220,254,229.00195694716243,0.03755680894837643,0.5436739871345777,19.20047563756765
d_optimal_default,256,221,57,97.92563600782779,0.010315461846996055,0.3587974544836042,12.006496315152248
d_optimal_default,256,222,378,311.5068493150685,0.2960033175136587,4.2161909221189395,18.200526834408706
d_optimal_default,256,223,437,350.76320939334636,0.48074651150012926,6.861133893162362,16.586512560865984
d_optimal_default,256,224,214,202.38747553816046,0.11089135297954567,1.5912978234182855,17.079740594510938
d_optimal_default,256,225,58,98.59099804305283,0.010408412667972655,0.35962629013513875,12.064484722314958
d_optimal_default,256,226,347,290.88062622309195,0.0835163679272184,1.1935746977820971,20.628086984417408
d_optimal_default,256,227,239,219.0215264187867,0.045660386792484964,0.6602890671557047,18.696812711727944
d_optimal_default,256,228,338,284.8923679060665,0.0687451752832644,0.9835865239770659,20.657395526110662
d_optimal_default,256,229,59,99.25636007827788,0.010506774339282154,0.36128369419167294,12.121248952490063
d_optimal_default,256,230,501,393.3463796477495,2.017419393481404,28.70876907224019,-4.265900174622203
d_optimal_default,256,231,277,244.30528375733854,0.035604602371895,0.5143544209500146,19.79166852812409
d_optimal_default,256,232,217,204.3835616438356,0.09410768898862543,1.3521070181571353,17.404177994069215
d_optimal_default,256,233,413,334.7945205479452,0.5800902132268995,8.260105150352448,14.782827430551237
d_optimal_default,256,234,60,99.92172211350294,0.010609767274211812,0.36380821798778096,12.176755740585037
d_optimal_default,256,235,322,274.24657534246575,0.052518037410975715,0.7531115207907224,20.557078491568603
d_optimal_default,256,236,213,201.7221135029354,0.11772886938971583,1.688714139410856,16.95372180737469
d_optimal_default,256,237,61,100.58708414872798,0.01071661134040569,0.3672526851333466,12.230957443980387
d_optimal_default,256,238,346,290.2152641878669,0.08156446313702048,1.1658209403884285,20.635949829387442
d_optimal_default,256,239,170,173.1115459882583,0.3403119507509267,4.866076258346395,12.447810191533506
d_optimal_default,256,240,311,266.92759295499025,0.04554512780937747,0.6542528073337907,20.420982348283587
d_optimal_default,256,241,179,179.09980430528375,1.5347222972387868,21.852361239371458,-4.243093261184285
d_optimal_default,256,242,62,101.25244618395303,0.010826770199999225,0.3716904149558251,12.283785821862892
d_optimal_default,256,243,353,294.87279843444225,0.09746582451148633,1.391947578110833,20.54811240172198
d_optimal_default,256,244,212,201.05675146771037,0.12534051092493526,1.7971448679046784,16.816594109069882
d_optimal_default,256,245,63,101.91780821917808,0.010939915147978208,0.37721828495470044,12.335148975456207
d_optimal_default,256,246,199,192.40704500978472,0.4109851761966805,5.862645879241772,12.369139267534393
d_optimal_default,256,247,246,223.67906066536202,0.040790566422028496,0.5903509381377388,18.94952141897609
d_optimal_default,256,248,383,314.8336594911937,0.46149647865589927,6.5703645991805315,15.938624301801369
d_optimal_default,256,249,64,102.58317025440313,0.011055856553294219,0.38396042660761837,12.384927654812216
d_optimal_default,256,250,377,310.8414872798434,0.27517570006652203,3.9199088287913564,18.47823648825377
d_optimal_default,256,251,65,103.24853228962817,0.011174491996292502,0.3920736219822475,12.432969864712547
d_optimal_default,256,252,296,256.94716242661445,0.03935749644128905,0.5668017771201429,20.17744049387764
d_optimal_default,256,253,262,234.3248532289628,0.03598958998920798,0.5207805992307427,19.42295222617078
d_optimal_default,256,254,66,103.91389432485323,0.011295772580065977,0.40175494154716007,12.479083229290438
d_optimal_default,256,255,218,205.04892367906066,0.08951734986366588,1.2866665524054888,17.497849079041245
d_optimal_default,256,256,392,320.82191780821915,1.91242329852129,27.20923845062086,-4.5365920864006455
d_optimal_strict,256,1,430,346.10567514677103,0.40421584459465265,5.765180537455518,17.566359625334968
d_optimal_strict,256,2,449,358.74755381604695,0.8213159149749885,11.75096799708221,11.89217672358096
d_optimal_strict,256,3,505,396.0078277886497,1.4138694025782002,20.12175799529603,4.379683168642771
d_optimal_strict,256,4,328,278.23874755381604,0.05754675907538731,0.8244940393077033,20.6112239077449
d_optimal_strict,256,5,90,119.8825831702544,0.014202931116514605,11.91042953576531,2.21205806285397
d_optimal_strict,256,6,420,339.4520547945205,0.4112381278426511,5.860113101986775,17.302821488307472
d_optimal_strict,256,7,365,302.85714285714283,0.14534009375375234,2.0729231415797758,20.099199028612574
d_optimal_strict,256,8,34,82.62230919765166,0.008284160983137001,0.5729815765251602,10.316330752115789
d_optimal_strict,256,9,390,319.49119373776904,1.2777849547817937,18.181820941375413,4.4547226511008375
d_optimal_strict,256,10,447,357.41682974559683,0.7361118913237057,10.524361943023441,13.086503775828348
d_optimal_strict,256,11,269,238.98238747553816,0.03534172696651128,0.5110955080607922,19.603588153679894
d_optimal_strict,256,12,429,345.44031311154595,0.39834343686028184,5.680949023293882,17.63387710141741
d_optimal_strict,256,13,457,364.07045009784736,1.4044642460789944,20.282231520638522,3.488842845359258
d_optimal_strict,256,14,35,83.2876712328767,0.008358299516597834,0.5483382366368735,10.41064189831117
d_optimal_strict,256,15,87,117.88649706457926,0.01294944215561955,15.447512400129645,-1.4708653870685566
d_optimal_strict,256,16,511,400.0,0.9129156909543816,12.993995552116077,11.594570026345636
d_optimal_strict,256,17,504,395.3424657534246,1.5364652817274518,21.866029464067196,2.620805620575652
d_optimal_strict,256,18,434,348.7671232876712,0.44010523009496616,6.279241905917801,17.11883462992826
d_optimal_strict,256,19,448,358.0821917808219,0.7767065845646144,11.1084222213105,12.518597993073328
d_optimal_strict,256,20,177,177.76908023483367,0.9982715970217448,14.222394707270329,3.322095552891838
d_optimal_strict,256,21,419,338.7866927592955,0.42276805513590965,6.023802540213069,17.12209007752466
d_optimal_strict,256,22,268,238.3170254403131,0.03537340194544436,0.5116102035555076,19.578856940022817
d_optimal_strict,256,23,86,117.2211350293542,0.013433497228970026,8.36580263166055,5.561681565333913
d_optimal_strict,256,24,36,83.95303326810176,0.00843322371894728,0.5261431033469631,10.50195048955571
d_optimal_strict,256,25,433,348.1017612524462,0.4292502474467188,6.12381383956962,17.257676325176533
d_optimal_strict,256,26,364,302.1917808219178,0.13967480560946033,1.9923330546893498,20.160685656887424
d_optimal_strict,256,27,446,356.7514677103718,0.6991072995737824,9.992449953225135,13.602231169082614
d_optimal_strict,256,28,428,344.7749510763209,0.39372522183033,5.6146167559778535,17.6834631062343
d_optimal_strict,256,29,458,364.7358121330724,1.5220950165183993,22.060746085581805,1.7261878115765796
d_optimal_strict,256,30,421,340.1174168297456,0.40239569094899785,5.734675066439662,17.445268125021485
d_optimal_strict,256,31,506,396.67318982387474,1.3053586212560617,18.57786691248118,5.93815581058719
d_optimal_strict,256,32,33,81.95694716242662,0.00821073517056159,0.6003947010349158,10.218686508309403
d_optimal_strict,256,33,267,237.65166340508804,0.035421649914310294,0.5123615976912265,19.55382132254509
d_optimal_strict,256,34,431,346.77103718199606,0.4113239964978135,5.867056191672143,17.48116590855669
d_optimal_strict,256,35,193,188.41487279843443,1.0969585178586172,15.621502830815139,2.4281665504529144
d_optimal_strict,256,36,450,359.412915851272,0.8704336874847947,12.459431845946312,11.19980750288147
d_optimal_strict,256,37,91,120.54794520547945,0.015044950685338065,6.76319628201075,7.407365710485962
d_optimal_strict,256,38,510,399.3346379647749,0.9757791206755471,13.888471675940519,10.685633719595003
d_optimal_strict,256,39,422,340.7827788649706,0.3958877864514321,5.642470119855881,17.554448431822152
d_optimal_strict,256,40,37,84.6183953033268,0.008509003470507537,0.5061226940545006,10.590538760779154
d_optimal_strict,256,41,266,236.986301369863,0.03548783575411174,0.5133691203917845,19.52846149167746
d_optimal_strict,256,42,456,363.40508806262227,1.3003332104916652,18.73126160403156,5.023924219972244
d_optimal_strict,256,43,435,349.43248532289624,0.45226884693014924,6.453394420215103,16.9612368741428
d_optimal_strict,256,44,194,189.0802348336595,0.9007334469213362,12.830095748523965,5.25019266369425
d_optimal_strict,256,45,366,303.5225048923679,0.15146601065761356,2.1600664865296118,20.031117218950726
d_optimal_strict,256,46,507,397.33855185909977,1.2088592497629875,17.20485673045873,7.325723113762066
d_optimal_strict,256,47,445,356.08610567514677,0.6653267159778267,9.507256714285685,14.071209598080884
d_optimal_strict,256,48,38,85.28375733855185,0.008585706784353553,0.4880434903391034,10.676648777073822
d_optimal_strict,256,49,270,239.6477495107632,0.035325649184111185,0.5108036162125321,19.62802923498998
d_optimal_strict,256,50,11,67.31898238747554,0.005893578598477944,8.025882199232107,1.084234401406718
d_optimal_strict,256,51,418,338.12133072407045,0.4374255906018032,6.232001730514628,16.896815412068136
d_optimal_strict,256,52,432,347.4363992172211,0.41966495611245413,5.986542694109354,17.37832936598437
d_optimal_strict,256,53,503,394.6771037181996,1.675689751440757,23.8468638033258,0.6253405992501797
d_optimal_strict,256,54,176,177.1037181996086,0.825431684947489,11.764219472934085,5.747699860378191
d_optimal_strict,256,55,327,277.57338551859095,0.05663507152786185,0.811549014608397,20.60337318645705
d_optimal_strict,256,56,32,81.29158512720156,0.008137944880298509,0.6309574810564937,10.117320112133328
d_optimal_strict,256,57,367,304.18786692759295,0.15810853045535023,2.254559319286882,19.95564418175583
d_optimal_strict,256,58,509,398.6692759295499,1.0453657385552653,14.878599241608908,9.681021857682111
d_optimal_strict,256,59,334,282.23091976516633,0.06375757592304554,0.9127127870473207,20.646744786658985
d_optimal_strict,256,60,451,360.07827788649706,0.9246362970741906,13.242583531230228,10.432720678168707
d_optimal_strict,256,61,427,344.1095890410959,0.39039671877186954,5.566682640935976,17.714618609860537
d_optimal_strict,256,62,10,66.65362035225048,0.005115102733647348,11.34345308970645,-2.3196124679665786
d_optimal_strict,256,63,265,236.32093933463796,0.035573959313167425,0.514661233995803,19.50274860223361
d_optimal_strict,256,64,39,85.94911937377691,0.00866340109759789,0.4717054126970222,10.760488965351897
d_optimal_strict,256,65,508,398.00391389432485,1.1226660117748608,15.97846866939303,8.566643939779695
d_optimal_strict,256,66,333,281.56555772994125,0.06262548364324427,0.8966289895206216,20.642327342617023
d_optimal_strict,256,67,283,248.29745596868884,0.03633877944624819,0.5244729506106308,19.922338198068132
d_optimal_strict,256,68,455,362.73972602739724,1.2077576476445273,17.365742885658143,6.373525279188442
d_optimal_strict,256,69,31,80.62622309197651,0.008065707447875825,0.6651209619001662,10.011771107970716
d_optimal_strict,256,70,368,304.853228962818,0.1653327265982698,2.357327303327448,19.87185443595078
d_optimal_strict,256,71,12,67.98434442270059,0.006373173653987152,5.9732611015494355,3.222282929880379
d_optimal_strict,256,72,195,189.74559686888452,0.751106600719325,10.701522484760892,7.409277400891568
d_optimal_strict,256,73,423,341.44814090019565,0.39143370977670777,5.579507988076798,17.63435281254428
d_optimal_strict,256,74,329,278.90410958904107,0.058490990554426414,0.8379025818296445,20.618561440958146
d_optimal_strict,256,75,178,178.4344422700587,1.2269386858051448,17.474683611761034,0.1022558947660741
d_optimal_strict,256,76,40,86.61448140900195,0.008742154760757348,0.4569365555587646,10.842239385474215
d_optimal_strict,256,77,284,248.9628180039139,0.036497427558697115,0.5266782717971573,19.943377302221336
d_optimal_strict,256,78,85,116.55577299412916,0.013641166274020122,5.070692891308178,8.807348639502806
d_optimal_strict,256,79,406,330.13698630136986,1.4009909416044835,19.935717180378745,2.9855322206120007
d_optimal_strict,256,80,369,305.518590998043,0.17321459331212186,2.4694514449972624,19.778667156395173
d_optimal_strict,256,81,257,230.99804305283757,0.036880209380169005,0.5338159729028815,19.285715792863755
d_optimal_strict,256,82,41,87.279843444227,0.00882203888652544,0.4435889212581235,10.922056002192889
d_optimal_strict,256,83,444,355.4207436399217,0.6344536531925158,9.064112408749992,14.498108767262565
d_optimal_strict,256,84,389,318.825831702544,1.0565497854713684,15.034847691600936,7.58358808588649
d_optimal_strict,256,85,274,242.3091976516634,0.03540489251372936,0.511687168915656,19.723076573830298
d_optimal_strict,256,86,335,282.89628180039136,0.06493316641944435,0.9294159425244677,20.65049459774123
d_optimal_strict,256,87,30,79.96086105675147,0.007993933464521374,0.7034237668393052,9.90149122829746
d_optimal_strict,256,88,459,365.4011741682974,1.6555945960844838,24.129146820431362,-0.3263822971972701
d_optimal_strict,256,89,349,292.21135029354207,0.08772543016421697,1.2534264419372718,20.607880932356295
d_optimal_strict,256,90,452,360.7436399217221,0.9845991989169711,14.110848066759882,9.580491345526
d_optimal_strict,256,91,426,343.4442270058708,0.3884126985125125,5.537920250049551,17.726569915195512
d_optimal_strict,256,92,42,87.94520547945206,0.008903129808998878,0.4315349548330238,11.000074156037371
d_optimal_strict,256,93,256,230.33268101761252,0.037067931692152944,0.5365629613044721,19.257914044772434
d_optimal_strict,256,94,13,68.64970645792563,0.006634602161046388,4.652592753603195,4.627546689485058
d_optimal_strict,256,95,374,308.8454011741683,0.22625496815000545,3.2239846482489214,19.118203881880817
d_optimal_strict,256,96,175,176.43835616438355,0.6924885783734283,9.873559378814313,7.605666431154873
d_optimal_strict,256,97,363,301.5264187866927,0.13442180803094494,1.917608614168275,20.216264530649127
d_optimal_strict,256,98,417,337.45596868884536,0.4557322620713329,6.492127240962557,16.61958079188267
d_optimal_strict,256,99,407,330.8023483365949,1.1765495226151614,16.743323796447868,6.195413633645529
d_optimal_strict,256,100,282,247.63209393346378,0.036192431957514426,0.522443370593325,19.901060981077492
d_optimal_strict,256,101,43,88.6105675146771,0.008985512556409114,0.42066473006230615,11.07641138275018
d_optimal_strict,256,102,356,296.8688845401174,0.10626600561851962,1.5171107639628203,20.481548600979977
d_optimal_strict,256,103,454,362.0743639921722,1.1251310125247898,16.155445085797336,7.567876195813227
d_optimal_strict,256,104,271,240.31311154598825,0.03532443871558044,0.5107241313398685,19.6521909539713
d_optimal_strict,256,105,424,342.11350293542074,0.38881225549488896,5.542645058396269,17.68812500881299
d_optimal_strict,256,106,29,79.29549902152641,0.007922525426308225,0.7465131715908017,9.785823311382273
d_optimal_strict,256,107,294,255.61643835616437,0.03875937459183065,0.5583800540718382,20.140761283631136
d_optimal_strict,256,108,92,121.2133072407045,0.015561450993002879,4.2788344941384455,9.939537275485122
d_optimal_strict,256,109,340,286.2230919765166,0.07155200566364694,1.0234799118126465,20.657979219160154
d_optimal_strict,256,110,391,320.1565557729941,1.564605359042723,22.261703462820076,0.392910273094202
d_optimal_strict,256,111,332,280.9001956947162,0.06153472425980322,0.8811337449097127,20.637272842224448
d_optimal_strict,256,112,44,89.27592954990214,0.009069286001162635,0.41088367591480923,11.15116969210601
d_optimal_strict,256,113,275,242.97455968688845,0.035458514937024344,0.5123912248126561,19.746190602677814
d_optimal_strict,256,114,453,361.4090019569471,1.0511173869053678,15.076735770049574,8.630609296740715
d_optimal_strict,256,115,370,306.1839530332681,0.1818433185569166,2.592200424983103,19.674813842425237
d_optimal_strict,256,116,45,89.9412915851272,0.009154570800593786,0.4021107657825364,11.224437383750626
d_optimal_strict,256,117,436,350.0978473581213,0.46579371057241126,6.647035834259371,16.784118726296313
d_optimal_strict,256,118,425,342.77886497064577,0.387850149189644,5.529419881614154,17.718226597995795
d_optimal_strict,256,119,326,276.9080234833659,0.055754504349308176,0.7990472560453784,20.595029290368984
d_optimal_strict,256,120,14,69.31506849315069,0.006780776305416403,3.7581151220657976,5.6058037642235234
d_optimal_strict,256,121,341,286.88845401174166,0.07304466407864174,1.0446970222945655,20.656930133015834
d_optimal_strict,256,122,46,90.60665362035225,0.009241522008766045,0.3942771234997008,11.296290446067573
d_optimal_strict,256,123,388,318.160469667319,0.8889071101033075,12.650194825149113,9.950095308399739
d_optimal_strict,256,124,502,394.01174168297456,1.8346929967672452,26.109073685039224,-1.6515246503236511
d_optimal_strict,256,125,357,297.5342465753424,0.10956071778022292,1.56397307317909,20.45413189465046
d_optimal_strict,256,126,324,275.57729941291586,0.05408148837738569,0.7752989550188785,20.576935593834065
d_optimal_strict,256,127,196,190.41095890410958,0.6350343665003066,9.05024619342581,9.090958361149433
d_optimal_strict,256,128,264,235.6555772994129,0.03568305231892799,0.5162810790734045,19.47663912755739
d_optimal_strict,256,129,28,78.63013698630137,0.007851376331232895,0.7951724448822873,9.663973952570515
d_optimal_strict,256,130,375,309.5107632093933,0.2406664092673223,3.428995985648841,18.931884889671707
d_optimal_strict,256,131,47,91.27201565557729,0.00933034948566569,0.3873250341060039,11.366793550121372
d_optimal_strict,256,132,285,249.62818003913893,0.036669244089321484,0.529071668219244,19.9641662924074
d_optimal_strict,256,133,355,296.20352250489236,0.10315700742490952,1.4728909919025583,20.506279138460002
d_optimal_strict,256,134,174,175.77299412915852,0.5885153569602402,8.394986664282127,9.051422099459984
d_optimal_strict,256,135,258,231.6634050880626,0.03673092358790764,0.5316168722487593,19.312897589676155
d_optimal_strict,256,136,408,331.4677103718199,1.0066872328627205,14.327290545706832,8.628899774112654
d_optimal_strict,256,137,27,77.96477495107632,0.0077803682921708806,0.8503567003205154,9.534977643920897
d_optimal_strict,256,138,350,292.8767123287671,0.08999832945548603,1.28574837222732,20.595314194721226
d_optimal_strict,256,139,336,283.56164383561645,0.06615458672601582,0.9467716265503412,20.65354383208134
d_optimal_strict,256,140,386,316.82974559686886,0.6599226353753522,9.39295632484982,13.170928399425861
d_optimal_strict,256,141,15,69.98043052837573,0.0068810218234718334,3.1202581174598807,6.326639834225915
d_optimal_strict,256,142,443,354.75538160469665,0.6062139461911151,8.658988281185756,14.886957318408918
d_optimal_strict,256,143,273,241.64383561643834,0.03536446787629011,0.5111717176498956,19.69970844775945
d_optimal_strict,256,144,192,187.7495107632094,1.3588893339457826,19.34753562430674,-1.3285935925009653
d_optimal_strict,256,145,380,312.83757338551857,0.34737137895980474,4.946918992770734,17.506824929114643
d_optimal_strict,256,146,48,91.93737769080235,0.00942135094607055,0.3812073846397849,11.436000613400168
d_optimal_strict,256,147,325,276.2426614481409,0.05490372565270252,0.7869698163063154,20.586210926660527
d_optimal_strict,256,148,89,119.21722113502935,0.013018951331673634,23.08757950472777,-9.013433862239438
d_optimal_strict,256,149,387,317.4951076320939,0.7603900692796692,10.822080780623871,11.760025721649157
d_optimal_strict,256,150,26,77.29941291585126,0.007709371312806024,0.9132404681676286,9.397649193569777
d_optimal_strict,256,151,440,352.7592954990215,0.5350682176921548,7.639161831030075,15.857773252787354
d_optimal_strict,256,152,293,254.95107632093934,0.03847915446447403,0.5544382094856724,20.12206453757925
d_optimal_strict,256,153,255,229.66731898238746,0.03729483061635497,0.5398683855847952,19.229481380327925
d_optimal_strict,256,154,358,298.1996086105675,0.11305448669239526,1.6136677330126181,20.423839400935435
d_optimal_strict,256,155,405,329.4716242661448,1.7021690527319038,24.219646683164562,-1.3159205924366688
d_optimal_strict,256,156,49,92.6027397260274,0.009514963401600296,0.3758875837030831,11.503954884622956
d_optimal_strict,256,157,272,240.9784735812133,0.03533752880777152,0.5108489775781706,19.676081756739308
d_optimal_strict,256,158,385,316.16438356164383,0.5798500267949862,8.253937174689314,14.291687464477903
d_optimal_strict,256,159,323,274.9119373776908,0.053286624094998736,0.7640180506356004,20.56721966981314
d_optimal_strict,256,160,25,76.63405088062622,0.007638242505364712,0.9852816508432096,9.250519760986975
d_optimal_strict,256,161,84,115.89041095890411,0.013674465533100033,3.379109728572102,10.44920608170176
d_optimal_strict,256,162,373,308.18003913894324,0.21336579328696637,3.040628053556882,19.28282781801515
d_optimal_strict,256,163,342,287.55381604696674,0.07460175437334815,1.0668313048744058,20.654917154500964
d_optimal_strict,256,164,381,313.5029354207436,0.37937854156715467,5.402228217008771,17.069969767163798
d_optimal_strict,256,165,50,93.26810176125244,0.009611831491332712,0.37133991405066075,11.570688595366292
d_optimal_strict,256,166,281,246.96673189823875,0.03605321675985196,0.520516025696565,19.879618821673944
d_optimal_strict,256,167,379,312.17221135029354,0.31985440969682166,4.5554817037609325,17.879768864798876
d_optimal_strict,256,168,16,70.64579256360078,0.006965760825477396,2.6454362022068345,6.883655585114525
d_optimal_strict,256,169,197,191.07632093933464,0.5435342906209275,7.748497313019808,10.423005851091403
d_optimal_strict,256,170,51,93.9334637964775,0.009712843716096375,0.36754960463725445,11.636222892082671
d_optimal_strict,256,171,331,280.2348336594912,0.060483284210938404,0.8661984072643634,20.631609701380583
d_optimal_strict,256,172,343,288.2191780821918,0.07622742230074264,1.089941738908872,20.65188152021851
d_optimal_strict,256,173,416,336.79060665362033,0.4782645917857664,6.812378086662938,16.28218706909648
d_optimal_strict,256,174,24,75.96868884540118,0.007566826242219715,1.0683087719384152,9.091749598316667
d_optimal_strict,256,175,276,243.63992172211348,0.03552512371523142,0.513280865198597,19.769053912644708
d_optimal_strict,256,176,173,175.10763209393346,0.5059331099095221,7.220696791234741,10.19277046646532
d_optimal_strict,256,177,295,256.2818003913894,0.0390520447690188,0.5624996739772886,20.15922140330862
d_optimal_strict,256,178,371,306.8493150684931,0.1913241354677675,2.7270711583004896,19.558797757876093
d_optimal_strict,256,179,441,353.42465753424653,0.5567138027105543,7.949323088256656,15.563979580501254
d_optimal_strict,256,180,52,94.59882583170254,0.00981888889554694,0.36450908906178975,11.700571581579084
d_optimal_strict,256,181,330,279.56947162426616,0.059469288779957274,0.8517963060211171,20.62536435895754
d_optimal_strict,256,182,409,332.133072407045,0.876203185252237,12.471395564921716,10.502212646178066
d_optimal_strict,256,183,9,65.98825831702544,0.003954704049171198,16.828191324771048,-7.891492256508741
d_optimal_strict,256,184,23,75.30332681017612,0.0074949560590691355,1.164641981858012,8.919007034665697
d_optimal_strict,256,185,354,295.53816046966733,0.10022703382574516,1.431218584985695,20.52841848286262
d_optimal_strict,256,186,348,291.54598825831704,0.08556700441178133,1.2227335813982958,20.61877356657405
d_optimal_strict,256,187,17,71.31115459882584,0.007045482395554359,2.279964951281751,7.330550163945674
d_optimal_strict,256,188,339,285.55772994129154,0.07011999784495493,1.0031261789771964,20.658117989917827
d_optimal_strict,256,189,53,95.26418786692759,0.009929527664638282,0.36219899374407005,11.763760146624662
d_optimal_strict,256,190,310,266.26223091976516,0.04502780311256305,0.64692745322983,20.406629628469346
d_optimal_strict,256,191,442,354.0900195694716,0.5803694829341417,8.288397069835,15.241242398986785
d_optimal_strict,256,192,242,221.01761252446184,0.04328411254280784,0.626192628851049,18.80971078837439
d_optimal_strict,256,193,344,288.8845401174168,0.07792624480038546,1.1140934376886344,20.64775833134354
d_optimal_strict,256,194,54,95.92954990215264,0.0100395858378034,0.3605397317354695,11.825874155793912
d_optimal_strict,256,195,241,220.35225048923678,0.04402269513373236,0.6367954024550293,18.772920157059716
d_optimal_strict,256,196,22,74.63796477495107,0.00742245956145382,1.277264071078113,8.729297452329845
d_optimal_strict,256,197,460,366.0665362035225,1.8078705908134438,26.588763386745836,-2.770197037349533
d_optimal_strict,256,198,243,221.68297455968687,0.042594501569640286,0.6162879797354376,18.845724576386672
d_optimal_strict,256,199,414,335.4598825831702,0.5390502317977894,7.676549026515105,15.38362853802083
d_optimal_strict,256,200,18,71.97651663405088,0.007123202570057163,1.9913272526566395,7.699854994592741
d_optimal_strict,256,201,172,174.4422700587084,0.4394076021008697,6.274814257666601,11.105586086544733
d_optimal_strict,256,202,439,352.0939334637965,0.515277769511588,7.355658664132588,16.124877933627147
d_optimal_strict,256,203,309,265.5968688845401,0.04452787872557784,0.6398502124900454,20.391974556179775
d_optimal_strict,256,204,55,96.59491193737769,0.010138850628095497,0.3593874084289205,11.887063361282998
d_optimal_strict,256,205,415,336.1252446183953,0.5056834950955373,7.202153883733696,15.875234494038352
d_optimal_strict,256,206,263,234.99021526418787,0.03581966144403692,0.5182933457302271,19.45006798818224
d_optimal_strict,256,207,244,222.34833659491193,0.041950835874116965,0.6070383766344022,18.881005071398576
d_optimal_strict,256,208,93,121.87866927592955,0.015913895184072047,2.951811972400811,11.314107854729059
d_optimal_strict,256,209,21,73.97260273972603,0.007349167950379876,1.410067509413472,8.518716236539234
d_optimal_strict,256,210,372,307.5146771037182,0.201781923727804,2.8758400215761735,19.42884270380958
d_optimal_strict,256,211,198,191.74168297455967,0.4703343127723585,6.707059824620933,11.494636626993525
d_optimal_strict,256,212,384,315.4990215264188,0.5149271905876063,7.330415836651748,15.196910248892706
d_optimal_strict,256,213,56,97.26027397260273,0.010227370487458365,0.3587518724645272,11.947323651410343
d_optimal_strict,256,214,337,284.2270058708415,0.06742435112239287,0.9648156087624233,20.655856945262883
d_optimal_strict,256,215,259,232.32876712328766,0.03659461311186574,0.5296034704674993,19.339822037439745
d_optimal_strict,256,216,19,72.64187866927593,0.007199635746404809,1.758729248061462,8.012377852083233
d_optimal_strict,256,217,240,219.68688845401172,0.04481357095558369,0.6481435799858927,18.735304926895395
d_optimal_strict,256,218,376,310.1761252446184,0.25686479069765955,3.6594269362115766,18.720106144072034
d_optimal_strict,256,219,20,73.30724070450097,0.007274931238608229,1.5682207662039165,8.282082443788653
d_optimal_strict,256,220,215,203.05283757338552,0.10472896434083179,1.5034876716669274,17.196059339061748
d_optimal_strict,256,221,286,250.29354207436398,0.03685365111786498,0.531644909914424,19.98471372886685
d_optimal_strict,256,222,57,97.92563600782779,0.010315461846996055,0.3587974544836042,12.006496315152248
d_optimal_strict,256,223,410,332.79843444227004,0.7746149366485682,11.02653376480014,11.964457479218694
d_optimal_strict,256,224,216,203.71819960861055,0.09915807033432644,1.424093984236135,17.303868355182786
d_optimal_strict,256,225,345,289.54990215264183,0.07970332832622251,1.1393590471116015,20.642475154963748
d_optimal_strict,256,226,58,98.59099804305283,0.010408412667972655,0.35962629013513875,12.064484722314958
d_optimal_strict,256,227,280,246.3013698630137,0.03592155053174295,0.5186968532363166,19.858005444201225
d_optimal_strict,256,228,359,298.86497064579254,0.11677415658006352,1.666576607148193,20.39028944977221
d_optimal_strict,256,229,171,173.77690802348337,0.38512436635474145,5.503081270457337,11.844125794322878
d_optimal_strict,256,230,292,254.28571428571428,0.038211152626650646,0.5506708505148957,20.103134147280315
d_optimal_strict,256,231,214,202.38747553816046,0.11089135297954567,1.5912978234182855,17.079740594510938
d_optimal_strict,256,232,362,300.8610567514677,0.1295392269046136,1.848154157345127,20.26653112652808
d_optimal_strict,256,233,59,99.25636007827788,0.010506774339282154,0.36128369419167294,12.121248952490063
d_optimal_strict,256,234,351,293.5420743639921,0.09237925612709086,1.3196076943106272,20.581165236011188
d_optimal_strict,256,235,245,223.013698630137,0.041350359412727355,0.5984045867356254,18.915591973821364
d_optimal_strict,256,236,60,99.92172211350294,0.010609767274211812,0.36380821798778096,12.176755740585037
d_optimal_strict,256,237,254,229.00195694716243,0.03755680894837643,0.5436739871345777,19.20047563756765
d_optimal_strict,256,238,378,311.5068493150685,0.2960033175136587,4.2161909221189395,18.200526834408706
d_optimal_strict,256,239,437,350.76320939334636,0.48074651150012926,6.861133893162362,16.586512560865984
d_optimal_strict,256,240,382,314.1682974559687,0.416948139956558,5.936661393722134,16.55395152830117
d_optimal_strict,256,241,61,100.58708414872798,0.01071661134040569,0.3672526851333466,12.230957443980387
d_optimal_strict,256,242,347,290.88062622309195,0.0835163679272184,1.1935746977820971,20.628086984417408
d_optimal_strict,256,243,213,201.7221135029354,0.11772886938971583,1.688714139410856,16.95372180737469
d_optimal_strict,256,244,62,101.25244618395303,0.010826770199999225,0.3716904149558251,12.283785821862892
d_optimal_strict,256,245,338,284.8923679060665,0.0687451752832644,0.9835865239770659,20.657395526110662
d_optimal_strict,256,246,501,393.3463796477495,2.017419393481404,28.70876907224019,-4.265900174622203
d_optimal_strict,256,247,217,204.3835616438356,0.09410768898862543,1.3521070181571353,17.404177994069215
d_optimal_strict,256,248,277,244.30528375733854,0.035604602371895,0.5143544209500146,19.79166852812409
d_optimal_strict,256,249,83,115.22504892367905,0.013616784938440318,2.4236469423104383,11.354656833486601
d_optimal_strict,256,250,170,173.1115459882583,0.3403119507509267,4.866076258346395,12.447810191533506
d_optimal_strict,256,251,413,334.7945205479452,0.5800902132268995,8.260105150352448,14.782827430551237
d_optimal_strict,256,252,63,101.91780821917808,0.010939915147978208,0.37721828495470044,12.335148975456207
d_optimal_strict,256,253,322,274.24657534246575,0.052518037410975715,0.7531115207907224,20.557078491568603
d_optimal_strict,256,254,239,219.0215264187867,0.045660386792484964,0.6602890671557047,18.696812711727944
d_optimal_strict,256,255,64,102.58317025440313,0.011055856553294219,0.38396042660761837,12.384927654812216
d_optimal_strict,256,256,346,290.2152641878669,0.08156446313702048,1.1658209403884285,20.635949829387442
