scenario,method,tone_count,selection_rank,candidate_index,frequency_ghz,background_attenuation_db,equal_power_snr_db
reference,uniform_equal,16,1,0,60.0,94.75385533311936,-74.60226474698476
reference,uniform_equal,16,2,68,82.6001955034213,0.5733769065755273,22.354810176636818
reference,uniform_equal,16,3,136,105.20039100684261,0.4213478257448006,24.60756483268321
reference,uniform_equal,16,4,205,128.1329423264907,0.6364819895110891,26.105299568914205
reference,uniform_equal,16,5,273,150.73313782991204,0.6199163460763701,27.532824032440885
reference,uniform_equal,16,6,341,173.33333333333331,4.782880091465701,24.583327265298763
reference,uniform_equal,16,7,409,195.93352883675465,3.0817234288274604,27.34901735679982
reference,uniform_equal,16,8,477,218.53372434017595,0.6323768382092024,30.746558084886686
reference,uniform_equal,16,9,546,241.46627565982405,0.48189133356003144,31.763803918281084
reference,uniform_equal,16,10,614,264.06647116324535,0.5881117025609661,32.43471911221748
reference,uniform_equal,16,11,682,286.66666666666663,0.9760566800286042,32.76005282891124
reference,uniform_equal,16,12,750,309.26686217008796,3.1478055761355193,31.247427762385158
reference,uniform_equal,16,13,818,331.8670576735093,12.346792470410795,22.66105600613811
reference,uniform_equal,16,14,887,354.7996089931574,8.174063598884514,27.414164630493218
reference,uniform_equal,16,15,955,377.39980449657867,361.0804304055005,-324.9558314099878
reference,uniform_equal,16,16,1023,400.0,12.227094374665729,24.40267103035525
reference,d_optimal_equal,16,1,860,345.8260019550342,5.388194009839148,29.97752444634243
reference,d_optimal_equal,16,2,898,358.455522971652,10.789046956053062,24.888224147377514
reference,d_optimal_equal,16,3,1010,395.6793743890518,19.7167822093162,16.818651616190465
reference,d_optimal_equal,16,4,656,278.02541544477026,0.771996867159441,32.69825867879321
reference,d_optimal_equal,16,5,28,69.30596285434996,3.802094447669086,17.601883160210733
reference,d_optimal_equal,16,6,1023,400.0,12.227094374665729,24.40267103035525
reference,d_optimal_equal,16,7,916,364.4379276637341,20.005425034121867,15.815611912440218
reference,d_optimal_equal,16,8,786,321.23167155425216,28.61954218486174,6.105390545605346
reference,d_optimal_equal,16,9,538,238.80742913000978,0.4820964138632342,31.667425829824012
reference,d_optimal_equal,16,10,894,357.12609970674487,9.681920439845602,25.96307695313625
reference,d_optimal_equal,16,11,19,66.3147605083089,13.87790092680749,7.1428687623841824
reference,d_optimal_equal,16,12,841,339.5112414467253,5.49679580250821,29.70885294872315
reference,d_optimal_equal,16,13,859,345.49364613880743,5.34988454645323,30.00748232831249
reference,d_optimal_equal,16,14,1009,395.347018572825,20.561093160136195,15.967041778415805
reference,d_optimal_equal,16,15,382,186.95992179863146,24.04683768500116,5.97669824802135
reference,d_optimal_equal,16,16,917,364.7702834799609,20.882276326400532,14.946678265893155
reference,uniform_equal,32,1,0,60.0,94.75385533311936,-77.61256470362457
reference,uniform_equal,32,2,33,70.96774193548387,2.479739738510761,16.119745623069804
reference,uniform_equal,32,3,66,81.93548387096774,0.6012832396874309,19.246422837847803
reference,uniform_equal,32,4,99,92.90322580645162,0.3695181503264739,20.56936334999459
reference,uniform_equal,32,5,132,103.87096774193549,0.396224231174546,21.511924947878498
reference,uniform_equal,32,6,165,114.83870967741936,2.0793644747494127,20.70066722984454
reference,uniform_equal,32,7,198,125.80645161290322,0.881465309880977,22.69085857578547
reference,uniform_equal,32,8,231,136.77419354838707,0.449127536918979,23.849221340072106
reference,uniform_equal,32,9,264,147.74193548387098,0.5519922706864592,24.416349034527357
reference,uniform_equal,32,10,297,158.70967741935482,0.9545520098277365,24.635781790655912
reference,uniform_equal,32,11,330,169.67741935483872,2.7012646597297842,23.469481968481432
reference,uniform_equal,32,12,363,180.64516129032256,36.95888540071178,-10.244093115451335
reference,uniform_equal,32,13,396,191.61290322580643,6.504336753183256,20.722423891577066
reference,uniform_equal,32,14,429,202.5806451612903,1.4780916778385709,26.232132942041787
reference,uniform_equal,32,15,462,213.54838709677418,0.7549493088643612,27.413242225066057
reference,uniform_equal,32,16,495,224.51612903225805,0.5484073489056059,28.05480918844208
reference,uniform_equal,32,17,528,235.48387096774192,0.4873766937862731,28.530112253759285
reference,uniform_equal,32,18,561,246.4516129032258,0.48930406165501034,28.923594854995258
reference,uniform_equal,32,19,594,257.41935483870964,0.5369341871672585,29.254155384983775
reference,uniform_equal,32,20,627,268.38709677419354,0.6319653469965482,29.521532923954396
reference,uniform_equal,32,21,660,279.35483870967744,0.797328012016394,29.704061573466973
reference,uniform_equal,32,22,693,290.3225806451613,1.1006744633185244,29.735207470604436
reference,uniform_equal,32,23,726,301.2903225806451,1.7788636356405032,29.379105634097826
reference,uniform_equal,32,24,759,312.258064516129,4.321646276686413,27.14689261461794
reference,uniform_equal,32,25,792,323.22580645161287,56.40379633900119,-24.63541016324021
reference,uniform_equal,32,26,825,334.19354838709677,8.364215080840708,23.69401177248001
reference,uniform_equal,32,27,858,345.1612903225806,5.3157625268130255,27.0229447720276
reference,uniform_equal,32,28,891,356.1290322580645,8.976861094767727,23.633552118232345
reference,uniform_equal,32,29,924,367.09677419354836,29.958485294939592,2.9153916913779057
reference,uniform_equal,32,30,957,378.06451612903226,476.89992590705305,-443.7703419282752
reference,uniform_equal,32,31,990,389.0322580645161,57.02183610106638,-23.643858199847273
reference,uniform_equal,32,32,1023,400.0,12.227094374665729,21.392371073715438
reference,d_optimal_equal,32,1,860,345.8260019550342,5.388194009839148,26.967224489702616
reference,d_optimal_equal,32,2,898,358.455522971652,10.789046956053062,21.8779241907377
reference,d_optimal_equal,32,3,1010,395.6793743890518,19.7167822093162,13.808351659550652
reference,d_optimal_equal,32,4,656,278.02541544477026,0.771996867159441,29.687958722153397
reference,d_optimal_equal,32,5,31,70.3030303030303,2.9001085513260647,15.61763797075605
reference,d_optimal_equal,32,6,1023,400.0,12.227094374665729,21.392371073715438
reference,d_optimal_equal,32,7,534,237.47800586510263,0.4834365180498871,28.607296972569955
reference,d_optimal_equal,32,8,785,320.8993157380254,25.98772300546286,5.717918437140014
reference,d_optimal_equal,32,9,916,364.4379276637341,20.005425034121867,12.805311955800406
reference,d_optimal_equal,32,10,894,357.12609970674487,9.681920439845602,22.95277699649644
reference,d_optimal_equal,32,11,841,339.5112414467253,5.49679580250821,26.698552992083336
reference,d_optimal_equal,32,12,21,66.97947214076247,9.57175477582027,8.525345257627876
reference,d_optimal_equal,32,13,859,345.49364613880743,5.34988454645323,26.99718237167268
reference,d_optimal_equal,32,14,1009,395.347018572825,20.561093160136195,12.956741821775992
reference,d_optimal_equal,32,15,383,187.29227761485825,21.33329686771005,5.695366174719169
reference,d_optimal_equal,32,16,538,238.80742913000978,0.4820964138632342,28.6571258731842
reference,d_optimal_equal,32,17,1022,399.6676441837732,12.636946182364175,20.975299251233224
reference,d_optimal_equal,32,18,917,364.7702834799609,20.882276326400532,11.936378309253342
reference,d_optimal_equal,32,19,895,357.45845552297163,9.939462611619405,22.7033145015848
reference,d_optimal_equal,32,20,38,72.62952101661779,1.777540011082887,17.022989211707312
reference,d_optimal_equal,32,21,861,346.15835777126097,5.430657084670213,26.933104973860154
reference,d_optimal_equal,32,22,786,321.23167155425216,28.61954218486174,3.095090588965533
reference,d_optimal_equal,32,23,657,278.3577712609971,0.7781628252357347,29.692169807642216
reference,d_optimal_equal,32,24,1008,395.0146627565982,21.460703396101362,12.049826560330274
reference,d_optimal_equal,32,25,840,339.17888563049854,5.566829132777475,26.620012668545982
reference,d_optimal_equal,32,26,896,357.7908113391984,10.209339733643546,22.4415095476336
reference,d_optimal_equal,32,27,34,71.30009775171065,2.3060042915372905,16.334063835596638
reference,d_optimal_equal,32,28,537,238.47507331378299,0.4823479566088963,28.64477748468309
reference,d_optimal_equal,32,29,915,364.1055718475073,19.189842369870803,13.612969750383456
reference,d_optimal_equal,32,30,359,179.31573802541544,22.216535107234158,4.434098674782177
reference,d_optimal_equal,32,31,1011,396.0117302052786,18.923335193939625,14.60909143366392
reference,d_optimal_equal,32,32,1021,399.3352883675464,13.067761194910323,20.53725821738179
reference,uniform_equal,64,1,0,60.0,94.75385533311936,-80.62286466026438
reference,uniform_equal,64,2,16,65.31769305962854,26.012112797385484,-11.143530380404357
reference,uniform_equal,64,3,32,70.63538611925709,2.6762790031839185,12.87213313239505
reference,uniform_equal,64,4,49,76.28543499511241,1.0331715066766132,15.18362669871189
reference,uniform_equal,64,5,65,81.60312805474095,0.6164081720763208,16.18569362673088
reference,uniform_equal,64,6,81,86.9208211143695,0.44809388379021203,16.902348187687736
reference,uniform_equal,64,7,97,92.23851417399804,0.374628869018335,17.491582766191726
reference,uniform_equal,64,8,114,97.88856304985336,0.3537710505678756,18.02883368162881
reference,uniform_equal,64,9,130,103.20625610948191,0.38656225554392376,18.455523888693747
reference,uniform_equal,64,10,146,108.52394916911047,0.5404829494025766,18.737994501453144
reference,uniform_equal,64,11,162,113.841642228739,1.4507089798932675,18.243279726485753
reference,uniform_equal,64,12,179,119.49169110459432,17.737309381335862,2.3774104342353297
reference,uniform_equal,64,13,195,124.80938416422288,1.0823677411560153,19.41054272991593
reference,uniform_equal,64,14,211,130.12707722385142,0.5390256689847572,20.316293500887085
reference,uniform_equal,64,15,227,135.44477028347995,0.4525390101081405,20.75067147429617
reference,uniform_equal,64,16,244,141.0948191593353,0.4645282876946157,21.09365872247936
reference,uniform_equal,64,17,260,146.41251221896383,0.5281331410409115,21.35139637490765
reference,uniform_equal,64,18,276,151.73020527859236,0.6477118403557677,21.541694732586848
reference,uniform_equal,64,19,292,157.04789833822093,0.8582279055537452,21.630380337932863
reference,uniform_equal,64,20,309,162.69794721407624,1.2881590895631223,21.507448043793957
reference,uniform_equal,64,21,325,168.01564027370478,2.190821067045659,20.884138824130517
reference,uniform_equal,64,22,341,173.33333333333331,4.782880091465701,18.562727352019138
reference,uniform_equal,64,23,357,178.65102639296185,17.67533616244787,5.932739816164371
reference,uniform_equal,64,24,373,183.96871945259042,75.50434678983338,-51.64150141706972
reference,uniform_equal,64,25,390,189.61876832844575,10.437947512510087,13.68764457833278
reference,uniform_equal,64,26,406,194.9364613880743,3.570028112948415,20.79579911638642
reference,uniform_equal,64,27,422,200.25415444770283,1.8370636256424282,22.762532732917066
reference,uniform_equal,64,28,438,205.57184750733137,1.170623366641711,23.65661507802359
reference,uniform_equal,64,29,455,211.2218963831867,0.8390632977038837,24.223681116822902
reference,uniform_equal,64,30,471,216.53958944281524,0.6739110716255119,24.604800774063747
reference,uniform_equal,64,31,487,221.85728250244378,0.5794680724656147,24.909971374229215
reference,uniform_equal,64,32,503,227.17497556207232,0.5251181841212905,25.170057281183446
reference,uniform_equal,64,33,520,232.82502443792765,0.4975913477298168,25.410967461685345
reference,uniform_equal,64,34,536,238.1427174975562,0.4826538881381007,25.622057879972743
reference,uniform_equal,64,35,552,243.46041055718473,0.4836780382847416,25.81285462789741
reference,uniform_equal,64,36,568,248.7781036168133,0.4957950750595537,25.988413649334902
reference,uniform_equal,64,37,585,254.4281524926686,0.5195886312817334,26.1596803208935
reference,uniform_equal,64,38,601,259.74584555229717,0.553059542190644,26.305878324138476
reference,uniform_equal,64,39,617,265.0635386119257,0.5973555849634377,26.437609910723538
reference,uniform_equal,64,40,633,270.38123167155425,0.6556768362976699,26.551819670107065
reference,uniform_equal,64,41,650,276.03128054740955,0.7371700740873353,26.649961594671637
reference,uniform_equal,64,42,666,281.34897360703815,0.8389067625301538,26.713965605399522
reference,uniform_equal,64,43,682,286.66666666666663,0.9760566800286042,26.739452915631617
reference,uniform_equal,64,44,698,291.9843597262952,1.1688056968150748,26.706351746206394
reference,uniform_equal,64,45,714,297.3020527859237,1.4548161833670927,26.577107639712708
reference,uniform_equal,64,46,731,302.95210166177907,1.9596337754422186,26.235811282997375
reference,uniform_equal,64,47,747,308.2697947214076,2.8786575572971214,25.46792757234914
reference,uniform_equal,64,48,763,313.58748778103615,5.130079250617692,23.365060932563694
reference,uniform_equal,64,49,779,318.9051808406647,14.37932372183173,14.26187343778848
reference,uniform_equal,64,50,796,324.55522971652005,86.19627439690247,-57.40253650127892
reference,uniform_equal,64,51,812,329.8729227761486,20.138387891172755,8.796511143326484
reference,uniform_equal,64,52,828,335.1906158357771,7.4178003325348065,21.65600236070297
reference,uniform_equal,64,53,844,340.50830889540566,5.3372039553609065,23.873315985657683
reference,uniform_equal,64,54,861,346.15835777126097,5.430657084670213,23.92280501722034
reference,uniform_equal,64,55,877,351.4760508308895,6.6952092171835575,22.790671208865703
reference,uniform_equal,64,56,893,356.79374389051804,9.436044795200834,20.18026548486752
reference,uniform_equal,64,57,909,362.11143695014664,15.272674108253252,14.472136393280067
reference,uniform_equal,64,58,926,367.76148582600194,34.788399663954216,-4.909109091218198
reference,uniform_equal,64,59,942,373.0791788856305,87.61683420497877,-57.61284829483637
reference,uniform_equal,64,60,958,378.396871945259,548.0216762270969,-517.8947598097789
reference,uniform_equal,64,61,974,383.71456500488756,255.1594236540389,-224.91129230037143
reference,uniform_equal,64,62,991,389.3646138807429,53.32098849652287,-22.945893240235932
reference,uniform_equal,64,63,1007,394.68230694037146,22.42054595334306,8.072372872108417
reference,uniform_equal,64,64,1023,400.0,12.227094374665729,18.382071117075625
reference,d_optimal_equal,64,1,860,345.8260019550342,5.388194009839148,23.95692453306279
reference,d_optimal_equal,64,2,898,358.455522971652,10.789046956053062,18.867624234097903
reference,d_optimal_equal,64,3,1010,395.6793743890518,19.7167822093162,10.79805170291084
reference,d_optimal_equal,64,4,656,278.02541544477026,0.771996867159441,26.677658765513584
reference,d_optimal_equal,64,5,34,71.30009775171065,2.3060042915372905,13.323763878956825
reference,d_optimal_equal,64,6,1023,400.0,12.227094374665729,18.382071117075625
reference,d_optimal_equal,64,7,534,237.47800586510263,0.4834365180498871,25.596997015930143
reference,d_optimal_equal,64,8,784,320.5669599217986,23.554093111688985,5.132247725890309
reference,d_optimal_equal,64,9,916,364.4379276637341,20.005425034121867,9.795011999160593
reference,d_optimal_equal,64,10,893,356.79374389051804,9.436044795200834,20.18026548486752
reference,d_optimal_equal,64,11,384,187.62463343108504,19.013674066466287,5.020088733827606
reference,d_optimal_equal,64,12,841,339.5112414467253,5.49679580250821,23.688253035443523
reference,d_optimal_equal,64,13,859,345.49364613880743,5.34988454645323,23.986882415032866
reference,d_optimal_equal,64,14,33,70.96774193548387,2.479739738510761,13.109445666430005
reference,d_optimal_equal,64,15,1009,395.347018572825,20.561093160136195,9.94644186513618
reference,d_optimal_equal,64,16,538,238.80742913000978,0.4820964138632342,25.646825916544387
reference,d_optimal_equal,64,17,1022,399.6676441837732,12.636946182364175,17.96499929459341
reference,d_optimal_equal,64,18,896,357.7908113391984,10.209339733643546,19.431209590993788
reference,d_optimal_equal,64,19,917,364.7702834799609,20.882276326400532,8.92607835261353
reference,d_optimal_equal,64,20,861,346.15835777126097,5.430657084670213,23.92280501722034
reference,d_optimal_equal,64,21,32,70.63538611925709,2.6762790031839185,12.87213313239505
reference,d_optimal_equal,64,22,385,187.9569892473118,17.024156908244418,7.024978351826647
reference,d_optimal_equal,64,23,657,278.3577712609971,0.7781628252357347,26.681869851002403
reference,d_optimal_equal,64,24,1008,395.0146627565982,21.460703396101362,9.039526603690462
reference,d_optimal_equal,64,25,840,339.17888563049854,5.566829132777475,23.609712711906155
reference,d_optimal_equal,64,26,895,357.45845552297163,9.939462611619405,19.693014544944972
reference,d_optimal_equal,64,27,537,238.47507331378299,0.4823479566088963,25.634477528043277
reference,d_optimal_equal,64,28,36,71.96480938416423,2.0134167638215406,13.6969524893303
reference,d_optimal_equal,64,29,915,364.1055718475073,19.189842369870803,10.60266979374363
reference,d_optimal_equal,64,30,383,187.29227761485825,21.33329686771005,2.6850662180793563
reference,d_optimal_equal,64,31,1011,396.0117302052786,18.923335193939625,11.598791477024108
reference,d_optimal_equal,64,32,1021,399.3352883675464,13.067761194910323,17.526958260741978
reference,d_optimal_equal,64,33,858,345.1612903225806,5.3157625268130255,24.012644815387773
reference,d_optimal_equal,64,34,897,358.1231671554252,10.492274064577176,19.156339933287455
reference,d_optimal_equal,64,35,730,302.6197458455523,1.920687690253782,26.265223218796123
reference,d_optimal_equal,64,36,37,72.297165200391,1.8893933246231691,13.86099771605842
reference,d_optimal_equal,64,37,868,348.48484848484844,5.844049117332147,23.5675945573644
reference,d_optimal_equal,64,38,842,339.8435972629521,5.435571489023195,23.75797601856665
reference,d_optimal_equal,64,39,785,320.8993157380254,25.98772300546286,2.7076184805002015
reference,d_optimal_equal,64,40,539,239.13978494623655,0.4818977064593544,25.659104645844437
reference,d_optimal_equal,64,41,862,346.4907135874878,5.477253324999087,23.884544328850595
reference,d_optimal_equal,64,42,894,357.12609970674487,9.681920439845602,19.942477039856612
reference,d_optimal_equal,64,43,35,71.63245356793743,2.1515144359689047,13.518647768165863
reference,d_optimal_equal,64,44,918,365.10263929618765,21.82877453422479,7.987490579742442
reference,d_optimal_equal,64,45,358,178.98338220918865,19.771273067744872,3.85294680922793
reference,d_optimal_equal,64,46,655,277.6930596285435,0.7659379953232395,26.673328181486823
reference,d_optimal_equal,64,47,1012,396.34408602150535,18.176754465100558,12.352658846663914
reference,d_optimal_equal,64,48,839,338.8465298142717,5.646348098194352,23.521678413270934
reference,d_optimal_equal,64,49,899,358.78787878787875,11.100504799040197,18.56421611632213
reference,d_optimal_equal,64,50,1020,399.00293255131965,13.520988999964507,17.066498417858625
reference,d_optimal_equal,64,51,38,72.62952101661779,1.777540011082887,14.0126892550675
reference,d_optimal_equal,64,52,536,238.1427174975562,0.4826538881381007,25.622057879972743
reference,d_optimal_equal,64,53,357,178.65102639296185,17.67533616244787,5.932739816164371
reference,d_optimal_equal,64,54,1007,394.68230694037146,22.42054595334306,8.072372872108417
reference,d_optimal_equal,64,55,658,278.69012707722385,0.7844383069194778,26.685959030208593
reference,d_optimal_equal,64,56,857,344.82893450635385,5.28587583952641,24.034163830032966
reference,d_optimal_equal,64,57,39,72.96187683284458,1.676277287410011,14.153608318297728
reference,d_optimal_equal,64,58,843,340.1759530791789,5.382553802125127,23.819484067745364
reference,d_optimal_equal,64,59,914,363.7732160312805,18.428718306378148,11.355861750437654
reference,d_optimal_equal,64,60,731,302.95210166177907,1.9596337754422186,26.235811282997375
reference,d_optimal_equal,64,61,869,348.81720430107526,5.9200367025567315,23.499886902329052
reference,d_optimal_equal,64,62,900,359.1202346041056,11.427565777658423,18.24519740966798
reference,d_optimal_equal,64,63,783,320.23460410557186,21.296173759357043,7.381157093349444
reference,d_optimal_equal,64,64,1019,398.6705767350928,13.998206296043959,16.582043057398764
reference,uniform_equal,128,1,0,60.0,94.75385533311936,-83.6331646169042
reference,uniform_equal,128,2,8,62.65884652981427,121.63399680057584,-110.13668317590043
reference,uniform_equal,128,3,16,65.31769305962854,26.012112797385484,-14.15383033704417
reference,uniform_equal,128,4,24,67.97653958944281,6.037108197650821,6.1677385635930335
reference,uniform_equal,128,5,32,70.63538611925709,2.6762790031839185,9.861833175755237
reference,uniform_equal,128,6,40,73.29423264907136,1.584282707136805,11.274779048872901
reference,uniform_equal,128,7,48,75.95307917888563,1.0768603812190642,12.091713029098301
reference,uniform_equal,128,8,56,78.6119257086999,0.7993742822826584,12.668060127354266
reference,uniform_equal,128,9,64,81.27077223851417,0.6323855778215295,13.123967859881475
reference,uniform_equal,128,10,72,83.92961876832845,0.525669507639648,13.510301209527839
reference,uniform_equal,128,11,81,86.9208211143695,0.44809388379021203,13.892048231047923
reference,uniform_equal,128,12,89,89.57966764418377,0.40336142760781063,14.198493217038461
reference,uniform_equal,128,13,97,92.23851417399804,0.374628869018335,14.481282809551914
reference,uniform_equal,128,14,105,94.89736070381232,0.3587512338864081,14.743997153610593
reference,uniform_equal,128,15,113,97.5562072336266,0.35369541048791314,14.989068449558573
reference,uniform_equal,128,16,121,100.21505376344086,0.3601166680294049,15.216208316513786
reference,uniform_equal,128,17,129,102.87390029325513,0.382337081215557,15.421432741356824
reference,uniform_equal,128,18,137,105.5327468230694,0.42908853073606157,15.596322021252575
reference,uniform_equal,128,19,145,108.19159335288367,0.5230478783264229,15.718488165350948
reference,uniform_equal,128,20,153,110.85043988269794,0.7306516089254927,15.721762516511333
reference,uniform_equal,128,21,161,113.50928641251221,1.310862527631658,15.347431049860148
reference,uniform_equal,128,22,169,116.16813294232648,4.024216622221234,12.835189274710373
reference,uniform_equal,128,23,177,118.82697947214075,30.988565581941533,-13.932598719484346
reference,uniform_equal,128,24,185,121.48582600195503,3.694860514219549,13.553317411738249
reference,uniform_equal,128,25,193,124.1446725317693,1.2798416161799862,16.156385837238233
reference,uniform_equal,128,26,201,126.80351906158357,0.7498847140133166,16.870407120304478
reference,uniform_equal,128,27,209,129.46236559139783,0.5648000648270552,17.235736411072637
reference,uniform_equal,128,28,217,132.12121212121212,0.4875676887738585,17.48954900758237
reference,uniform_equal,128,29,226,135.1124144672532,0.4541615329731569,17.717409273984913
reference,uniform_equal,128,30,234,137.77126099706743,0.44940090117928794,17.89143747634475
reference,uniform_equal,128,31,242,140.43010752688173,0.4599565226692096,18.04691375357544
reference,uniform_equal,128,32,250,143.08895405669597,0.4827431487867827,18.187044741955575
reference,uniform_equal,128,33,258,145.74780058651027,0.5174850376642907,18.31222086569467
reference,uniform_equal,128,34,266,148.40664711632454,0.5652868832719852,18.42144589282178
reference,uniform_equal,128,35,274,151.0654936461388,0.6288622469921031,18.51210894548717
reference,uniform_equal,128,36,282,153.72434017595307,0.7128451953825377,18.579673265521407
reference,uniform_equal,128,37,290,156.38318670576734,0.8246625498971486,18.616804333451498
reference,uniform_equal,128,38,298,159.0420332355816,0.9762475710431158,18.611656521993112
reference,uniform_equal,128,39,306,161.70087976539588,1.1873540197277832,18.54455934435964
reference,uniform_equal,128,40,314,164.35972629521018,1.4922673247902503,18.381306571131688
reference,uniform_equal,128,41,322,167.01857282502442,1.9544079319524272,18.0585531428855
reference,uniform_equal,128,42,330,169.67741935483872,2.7012646597297842,17.448882055201807
reference,uniform_equal,128,43,338,172.33626588465296,4.018834474449656,16.266364805835835
reference,uniform_equal,128,44,346,174.99511241446726,6.651052679639692,13.767131410506309
reference,uniform_equal,128,45,354,177.6539589442815,12.96385798613173,7.585305522497322
reference,uniform_equal,128,46,362,180.3128054740958,32.362735757603446,-11.684538637269256
reference,uniform_equal,128,47,371,183.30400782013686,83.98895130340709,-63.1678463823481
reference,uniform_equal,128,48,379,185.9628543499511,35.34114590583825,-14.39495612604685
reference,uniform_equal,128,49,387,188.6217008797654,13.829802340008861,7.239696503491359
reference,uniform_equal,128,50,395,191.28054740957967,6.987937337176844,14.203144490966423
reference,uniform_equal,128,51,403,193.93939393939394,4.191707868314906,17.11927852234733
reference,uniform_equal,128,52,411,196.5982404692082,2.8124750052666174,18.616783235870102
reference,uniform_equal,128,53,419,199.25708699902248,2.0399944515716304,19.505946795832557
reference,uniform_equal,128,54,427,201.91593352883675,1.5672388669852497,20.093838665760714
reference,uniform_equal,128,55,435,204.57478005865102,1.258773237259803,20.5159343299227
reference,uniform_equal,128,56,443,207.23362658846528,1.0479046032755075,20.838965649598606
reference,uniform_equal,128,57,451,209.89247311827955,0.8982880240036748,21.09931498007336
reference,uniform_equal,128,58,459,212.55131964809382,0.7883225616098337,21.318619260457623
reference,uniform_equal,128,59,467,215.2101661779081,0.7067776446511329,21.50814372075628
reference,uniform_equal,128,60,475,217.8690127077224,0.6452869706429454,21.676288045253898
reference,uniform_equal,128,61,483,220.52785923753666,0.5985087252170371,21.82842621530817
reference,uniform_equal,128,62,491,223.18670576735093,0.5628596304005338,21.968172519309974
reference,uniform_equal,128,63,499,225.8455522971652,0.535885402126243,22.09801114996374
reference,uniform_equal,128,64,507,228.50439882697947,0.5159954173001629,22.219561588803344
reference,uniform_equal,128,65,516,231.49560117302053,0.5018754590608802,22.34664511082137
reference,uniform_equal,128,66,524,234.1544477028348,0.4918047345950342,22.4559092040908
reference,uniform_equal,128,67,532,236.81329423264907,0.48446341695770656,22.561323875053034
reference,uniform_equal,128,68,540,239.47214076246334,0.4817504910523375,22.661015149379566
reference,uniform_equal,128,69,548,242.1309872922776,0.4823098439268346,22.756363322089
reference,uniform_equal,128,70,556,244.78983382209188,0.4857395156027852,22.847793742912685
reference,uniform_equal,128,71,564,247.44868035190615,0.49192047093840824,22.935448078671158
reference,uniform_equal,128,72,572,250.10752688172042,0.5003423859745422,23.019858559337635
reference,uniform_equal,128,73,580,252.7663734115347,0.5113900418815254,23.10066161478717
reference,uniform_equal,128,74,588,255.42521994134896,0.5249923824113819,23.177948846434205
reference,uniform_equal,128,75,596,258.0840664711632,0.5412730851191252,23.25161648359503
reference,uniform_equal,128,76,604,260.7429130009775,0.560577793643825,23.321338177376333
reference,uniform_equal,128,77,612,263.40175953079176,0.5822185159734857,23.387820627252765
reference,uniform_equal,128,78,620,266.06060606060606,0.6071237317112453,23.450153497395362
reference,uniform_equal,128,79,628,268.71945259042036,0.6357563481852221,23.507891482983254
reference,uniform_equal,128,80,636,271.3782991202346,0.6684398551600407,23.56072817680986
reference,uniform_equal,128,81,644,274.03714565004884,0.7057356068499013,23.60811880754828
reference,uniform_equal,128,82,652,276.69599217986314,0.7483807098532438,23.649342371115893
reference,uniform_equal,128,83,661,279.6871945259042,0.8039475421282078,23.687169819618703
reference,uniform_equal,128,84,669,282.3460410557185,0.861485422968203,23.711814337783977
reference,uniform_equal,128,85,677,285.00488758553274,0.9284418622162117,23.726270003213855
reference,uniform_equal,128,86,685,287.663734115347,1.0071050057487472,23.728262975959538
reference,uniform_equal,128,87,693,290.3225806451613,1.1006744633185244,23.71460755732481
reference,uniform_equal,128,88,701,292.9814271749756,1.214044684509442,23.68042282831091
reference,uniform_equal,128,89,709,295.6402737047898,1.3516468425021173,23.621290779600585
reference,uniform_equal,128,90,717,298.29912023460406,1.5243696093544903,23.526335549411257
reference,uniform_equal,128,91,725,300.95796676441836,1.7465419942866074,23.381240597761305
reference,uniform_equal,128,92,733,303.61681329423266,2.042288884985493,23.161893177164387
reference,uniform_equal,128,93,741,306.2756598240469,2.4524808663386826,22.827434525371785
reference,uniform_equal,128,94,749,308.93450635386114,3.053056631745093,22.301937465041604
reference,uniform_equal,128,95,757,311.5933528836755,3.99805491461541,21.43137448274794
reference,uniform_equal,128,96,765,314.25219941348973,5.640912025905256,19.862320201510485
reference,uniform_equal,128,97,773,316.911045943304,8.953344337820326,16.623068906728648
reference,uniform_equal,128,98,781,319.5698924731183,17.401835775398226,8.24714706383611
reference,uniform_equal,128,99,789,322.2287390029325,39.185042203095065,-13.464091059432263
reference,uniform_equal,128,100,797,324.8875855327468,90.65547222446779,-64.86314418423251
reference,uniform_equal,128,101,806,327.8787878787879,39.25921470435158,-13.387282577956029
reference,uniform_equal,128,102,814,330.5376344086021,16.791940136910142,9.150143863827978
reference,uniform_equal,128,103,822,333.1964809384164,9.683386455086977,16.32828737243014
reference,uniform_equal,128,104,830,335.85532746823066,6.9349548067775855,19.145755734521728
reference,uniform_equal,128,105,838,338.51417399804495,5.736107457329914,20.41309540795838
reference,uniform_equal,128,106,846,341.17302052785925,5.267638726311761,20.949520591627547
reference,uniform_equal,128,107,854,343.8318670576735,5.222335186592524,21.062253032724726
reference,uniform_equal,128,108,862,346.4907135874878,5.477253324999087,20.874244372210782
reference,uniform_equal,128,109,870,349.14956011730203,6.000428619054236,20.417467073952793
reference,uniform_equal,128,110,878,351.8084066471163,6.8149446362867385,19.668845331070557
reference,uniform_equal,128,111,886,354.46725317693057,7.9947950328348,18.554393072776648
reference,uniform_equal,128,112,894,357.12609970674487,9.681920439845602,16.9321770832168
reference,uniform_equal,128,113,902,359.7849462365591,12.132576231203275,14.545949238787813
reference,uniform_equal,128,114,910,362.4437927663734,15.829590982947952,10.912888053578428
reference,uniform_equal,128,115,918,365.10263929618765,21.82877453422479,4.977190623102629
reference,uniform_equal,128,116,926,367.76148582600194,34.788399663954216,-7.919409047858039
reference,uniform_equal,128,117,934,370.4203323558162,50.006295809230146,-23.074733759302802
reference,uniform_equal,128,118,942,373.0791788856305,87.61683420497877,-60.62314825147618
reference,uniform_equal,128,119,951,376.07038123167155,215.61010621140838,-188.5470578957943
reference,uniform_equal,128,120,959,378.7292277614858,627.0186332443037,-599.8943910892349
reference,uniform_equal,128,121,967,381.3880742913001,662.0567168928955,-634.8717090069263
reference,uniform_equal,128,122,975,384.0469208211143,225.3328822247667,-198.08753076799672
reference,uniform_equal,128,123,983,386.7057673509286,98.11667048749062,-70.81139179468875
reference,uniform_equal,128,124,991,389.3646138807429,53.32098849652287,-25.956193196875745
reference,uniform_equal,128,125,999,392.02346041055716,33.09201452869434,-5.668107662295341
reference,uniform_equal,128,126,1007,394.68230694037146,22.42054595334306,5.062072915468605
reference,uniform_equal,128,127,1015,397.3411534701857,16.183766097116873,11.35717057522696
reference,uniform_equal,128,128,1023,400.0,12.227094374665729,15.371771160435799
reference,d_optimal_equal,128,1,860,345.8260019550342,5.388194009839148,20.946624576422977
reference,d_optimal_equal,128,2,898,358.455522971652,10.789046956053062,15.85732427745809
reference,d_optimal_equal,128,3,1011,396.0117302052786,18.923335193939625,8.58849152038431
reference,d_optimal_equal,128,4,656,278.02541544477026,0.771996867159441,23.66735880887377
reference,d_optimal_equal,128,5,38,72.62952101661779,1.777540011082887,11.002389298427687
reference,d_optimal_equal,128,6,1023,400.0,12.227094374665729,15.371771160435799
reference,d_optimal_equal,128,7,534,237.47800586510263,0.4834365180498871,22.58669705929033
reference,d_optimal_equal,128,8,783,320.23460410557186,21.296173759357043,4.370857136709631
reference,d_optimal_equal,128,9,668,282.0136852394917,0.8538176857974951,23.709251698336587
reference,d_optimal_equal,128,10,916,364.4379276637341,20.005425034121867,6.7847120425207805
reference,d_optimal_equal,128,11,895,357.45845552297163,9.939462611619405,16.68271458830516
reference,d_optimal_equal,128,12,385,187.9569892473118,17.024156908244418,4.014678395186834
reference,d_optimal_equal,128,13,1010,395.6793743890518,19.7167822093162,7.787751746271027
reference,d_optimal_equal,128,14,859,345.49364613880743,5.34988454645323,20.976582458393054
reference,d_optimal_equal,128,15,37,72.297165200391,1.8893933246231691,10.850697759418608
reference,d_optimal_equal,128,16,1022,399.6676441837732,12.636946182364175,14.954699337953599
reference,d_optimal_equal,128,17,538,238.80742913000978,0.4820964138632342,22.636525959904574
reference,d_optimal_equal,128,18,841,339.5112414467253,5.49679580250821,20.67795307880371
reference,d_optimal_equal,128,19,868,348.48484848484844,5.844049117332147,20.55729460072459
reference,d_optimal_equal,128,20,896,357.7908113391984,10.209339733643546,16.420909634353976
reference,d_optimal_equal,128,21,36,71.96480938416423,2.0134167638215406,10.686652532690488
reference,d_optimal_equal,128,22,386,188.2893450635386,15.311086216733955,5.743094388048689
reference,d_optimal_equal,128,23,861,346.15835777126097,5.430657084670213,20.91250506058053
reference,d_optimal_equal,128,24,915,364.1055718475073,19.189842369870803,7.592369837103817
reference,d_optimal_equal,128,25,1009,395.347018572825,20.561093160136195,6.936141908496367
reference,d_optimal_equal,128,26,539,239.13978494623655,0.4818977064593544,22.648804689204624
reference,d_optimal_equal,128,27,39,72.96187683284458,1.676277287410011,11.143308361657915
reference,d_optimal_equal,128,28,840,339.17888563049854,5.566829132777475,20.599412755266343
reference,d_optimal_equal,128,29,897,358.1231671554252,10.492274064577176,16.146039976647643
reference,d_optimal_equal,128,30,1021,399.3352883675464,13.067761194910323,14.516658304102165
reference,d_optimal_equal,128,31,384,187.62463343108504,19.013674066466287,2.0097887771877936
reference,d_optimal_equal,128,32,730,302.6197458455523,1.920687690253782,23.25492326215631
reference,d_optimal_equal,128,33,858,345.1612903225806,5.3157625268130255,21.00234485874796
reference,d_optimal_equal,128,34,917,364.7702834799609,20.882276326400532,5.915778395973732
reference,d_optimal_equal,128,35,1008,395.0146627565982,21.460703396101362,6.029226647050649
reference,d_optimal_equal,128,36,657,278.3577712609971,0.7781628252357347,23.67156989436259
reference,d_optimal_equal,128,37,40,73.29423264907136,1.584282707136805,11.274779048872901
reference,d_optimal_equal,128,38,894,357.12609970674487,9.681920439845602,16.9321770832168
reference,d_optimal_equal,128,39,356,178.3186705767351,15.872274948085007,4.709327114030543
reference,d_optimal_equal,128,40,537,238.47507331378299,0.4823479566088963,22.624177571403465
reference,d_optimal_equal,128,41,862,346.4907135874878,5.477253324999087,20.874244372210782
reference,d_optimal_equal,128,42,842,339.8435972629521,5.435571489023195,20.74767606192684
reference,d_optimal_equal,128,43,41,73.62658846529814,1.5004405127954576,11.397918748396151
reference,d_optimal_equal,128,44,899,358.78787878787875,11.100504799040197,15.553916159682316
reference,d_optimal_equal,128,45,1020,399.00293255131965,13.520988999964507,14.056198461218798
reference,d_optimal_equal,128,46,869,348.81720430107526,5.9200367025567315,20.48958694568924
reference,d_optimal_equal,128,47,784,320.5669599217986,23.554093111688985,2.1219477692504967
reference,d_optimal_equal,128,48,536,238.1427174975562,0.4826538881381007,22.61175792333293
reference,d_optimal_equal,128,49,1012,396.34408602150535,18.176754465100558,9.342358890024101
reference,d_optimal_equal,128,50,42,73.95894428152492,1.4238027667917172,11.513677006641856
reference,d_optimal_equal,128,51,839,338.8465298142717,5.646348098194352,20.51137845663112
reference,d_optimal_equal,128,52,914,363.7732160312805,18.428718306378148,8.345561793797842
reference,d_optimal_equal,128,53,893,356.79374389051804,9.436044795200834,17.169965528227706
reference,d_optimal_equal,128,54,357,178.65102639296185,17.67533616244787,2.922439859524559
reference,d_optimal_equal,128,55,655,277.6930596285435,0.7659379953232395,23.66302822484701
reference,d_optimal_equal,128,56,857,344.82893450635385,5.28587583952641,21.023863873393154
reference,d_optimal_equal,128,57,731,302.95210166177907,1.9596337754422186,23.225511326357562
reference,d_optimal_equal,128,58,43,74.29130009775172,1.3535589797551564,11.622865900159752
reference,d_optimal_equal,128,59,900,359.1202346041056,11.427565777658423,15.234897453028168
reference,d_optimal_equal,128,60,1007,394.68230694037146,22.42054595334306,5.062072915468605
reference,d_optimal_equal,128,61,387,188.6217008797654,13.829802340008861,7.239696503491359
reference,d_optimal_equal,128,62,1019,398.6705767350928,13.998206296043959,13.571743100758951
reference,d_optimal_equal,128,63,540,239.47214076246334,0.4817504910523375,22.661015149379566
reference,d_optimal_equal,128,64,843,340.1759530791789,5.382553802125127,20.80918411110555
reference,d_optimal_equal,128,65,867,348.1524926686217,5.772391559915837,20.620664327475538
reference,d_optimal_equal,128,66,44,74.6236559139785,1.2890121816105915,11.726183964950081
reference,d_optimal_equal,128,67,918,365.10263929618765,21.82877453422479,4.977190623102629
reference,d_optimal_equal,128,68,863,346.82306940371456,5.5279751140180435,20.831850143474796
reference,d_optimal_equal,128,69,535,237.81036168132943,0.48301602523534554,22.59926515178526
reference,d_optimal_equal,128,70,355,177.98631476050832,14.314858755352782,6.250539173245812
reference,d_optimal_equal,128,71,892,356.4613880742913,9.201216425008697,17.396699161992828
reference,d_optimal_equal,128,72,45,74.95601173020528,1.2295598789070559,11.824235239512518
reference,d_optimal_equal,128,73,658,278.69012707722385,0.7844383069194778,23.67565907356878
reference,d_optimal_equal,128,74,1013,396.67644183773217,17.47342857375153,10.05296531449406
reference,d_optimal_equal,128,75,844,340.50830889540566,5.3372039553609065,20.86301602901787
reference,d_optimal_equal,128,76,732,303.28445747800583,2.0001370557246854,23.19453174168865
reference,d_optimal_equal,128,77,782,319.90224828934504,19.23841115247057,6.41960040284448
reference,d_optimal_equal,128,78,46,75.28836754643206,1.1746787499441442,11.917544570089177
reference,d_optimal_equal,128,79,901,359.45259042033234,11.771227577318582,14.899270485873885
reference,d_optimal_equal,128,80,1018,398.33822091886606,14.501130499598936,13.061574796220043
reference,d_optimal_equal,128,81,533,237.14565004887584,0.48391794194325205,22.574051022966913
reference,d_optimal_equal,128,82,667,281.68132942326486,0.846292659264335,23.706534284543892
reference,d_optimal_equal,128,83,856,344.4965786901271,5.260287224348874,21.041076747041515
reference,d_optimal_equal,128,84,35,71.63245356793743,2.1515144359689047,10.50834781152605
reference,d_optimal_equal,128,85,866,347.8201368523949,5.705001146165421,20.679758994993108
reference,d_optimal_equal,128,86,811,329.54056695992176,22.222375838040268,3.6934675615393076
reference,d_optimal_equal,128,87,838,338.51417399804495,5.736107457329914,20.41309540795838
reference,d_optimal_equal,128,88,729,302.2873900293255,1.8832139065512576,23.28285241971841
reference,d_optimal_equal,128,89,1017,398.0058651026393,15.031635091617085,12.523820056536806
reference,d_optimal_equal,128,90,47,75.62072336265885,1.1239122332001483,12.00657002259787
reference,d_optimal_equal,128,91,870,349.14956011730203,6.000428619054236,20.417467073952793
reference,d_optimal_equal,128,92,388,188.95405669599216,12.543331942018831,8.541458172851293
reference,d_optimal_equal,128,93,541,239.8044965786901,0.4816535938800749,22.673158560728112
reference,d_optimal_equal,128,94,919,365.43499511241447,22.85562069436451,3.9582477002597045
reference,d_optimal_equal,128,95,864,347.1554252199413,5.5828272094091425,20.785317631999888
reference,d_optimal_equal,128,96,845,340.8406647116324,5.299041316672881,20.909652463898738
reference,d_optimal_equal,128,97,1014,397.00879765395894,16.81008787398163,10.723580449935483
reference,d_optimal_equal,128,98,34,71.30009775171065,2.3060042915372905,10.313463922317013
reference,d_optimal_equal,128,99,891,356.1290322580645,8.976861094767727,17.612952204952705
reference,d_optimal_equal,128,100,654,277.36070381231673,0.759983852680561,23.65858046959991
reference,d_optimal_equal,128,101,358,178.98338220918865,19.771273067744872,0.8426468525881177
reference,d_optimal_equal,128,102,733,303.61681329423266,2.042288884985493,23.161893177164387
reference,d_optimal_equal,128,103,902,359.7849462365591,12.132576231203275,14.545949238787813
reference,d_optimal_equal,128,104,48,75.95307917888563,1.0768603812190642,12.091713029098301
reference,d_optimal_equal,128,105,1016,397.67350928641247,15.59176696698091,11.95643197672402
reference,d_optimal_equal,128,106,532,236.81329423264907,0.48446341695770656,22.561323875053034
reference,d_optimal_equal,128,107,913,363.44086021505376,17.716366039468472,9.049974703548187
reference,d_optimal_equal,128,108,354,177.6539589442815,12.96385798613173,7.585305522497322
reference,d_optimal_equal,128,109,49,76.28543499511241,1.0331715066766132,12.173326742072078
reference,d_optimal_equal,128,110,837,338.1818181818182,5.836932780489415,20.303738022526332
reference,d_optimal_equal,128,111,865,347.48778103616814,5.641826382778168,20.73463008144556
reference,d_optimal_equal,128,112,1006,394.34995112414464,23.446121692131037,4.029179843120346
reference,d_optimal_equal,128,113,588,255.42521994134896,0.5249923824113819,23.177948846434205
reference,d_optimal_equal,128,114,734,303.9491691104594,2.0861876658175973,23.12749725301572
reference,d_optimal_equal,128,115,1015,397.3411534701857,16.183766097116873,11.35717057522696
reference,d_optimal_equal,128,116,50,76.6177908113392,0.9925352591845618,12.25172295795619
reference,d_optimal_equal,128,117,812,329.8729227761486,20.138387891172755,5.786211186686671
reference,d_optimal_equal,128,118,531,236.48093841642228,0.48507676030915836,22.54851175041219
reference,d_optimal_equal,128,119,855,344.16422287390026,5.239075206356084,21.05390493904079
reference,d_optimal_equal,128,120,669,282.3460410557185,0.861485422968203,23.711814337783977
reference,d_optimal_equal,128,121,33,70.96774193548387,2.479739738510761,10.099145709790193
reference,d_optimal_equal,128,122,810,329.208211143695,24.65048365801751,1.2565952283478765
reference,d_optimal_equal,128,123,542,240.1368523949169,0.48160597987456855,22.68523600466152
reference,d_optimal_equal,128,124,846,341.17302052785925,5.267638726311761,20.949520591627547
reference,d_optimal_equal,128,125,589,255.75757575757575,0.5268760248120455,23.187359818685607
reference,d_optimal_equal,128,126,32,70.63538611925709,2.6762790031839185,9.861833175755237
reference,d_optimal_equal,128,127,735,304.2815249266862,2.1319395053465606,23.091237884866246
reference,d_optimal_equal,128,128,781,319.5698924731183,17.401835775398226,8.24714706383611
reference,uniform_equal,256,1,0,60.0,94.75385533311936,-86.64346457354401
reference,uniform_equal,256,2,4,61.329423264907135,130.8731351199271,-122.57239175503332
reference,uniform_equal,256,3,8,62.65884652981427,121.63399680057584,-113.14698313254024
reference,uniform_equal,256,4,12,63.988269794721404,59.547567105225625,-50.878194008126655
reference,uniform_equal,256,5,16,65.31769305962854,26.012112797385484,-17.164130293683982
reference,uniform_equal,256,6,20,66.64711632453567,11.438448827960586,-2.4154558124438523
reference,uniform_equal,256,7,24,67.97653958944281,6.037108197650821,3.157438606953221
reference,uniform_equal,256,8,28,69.30596285434996,3.802094447669086,5.5606833336514825
reference,uniform_equal,256,9,32,70.63538611925709,2.6762790031839185,6.851533219115424
reference,uniform_equal,256,10,36,71.96480938416423,2.0134167638215406,7.676352576050675
reference,uniform_equal,256,11,40,73.29423264907136,1.584282707136805,8.264479092233088
reference,uniform_equal,256,12,44,74.6236559139785,1.2890121816105915,8.715884008310269
reference,uniform_equal,256,13,48,75.95307917888563,1.0768603812190642,9.081413072458489
reference,uniform_equal,256,14,52,77.28250244379277,0.9193522319461808,9.38963704585214
reference,uniform_equal,256,15,56,78.6119257086999,0.7993742822826584,9.657760170714454
reference,uniform_equal,256,16,60,79.94134897360703,0.7060976363193578,9.896697565706262
reference,uniform_equal,256,17,64,81.27077223851417,0.6323855778215295,10.113667903241662
reference,uniform_equal,256,18,68,82.6001955034213,0.5733769065755273,10.313610350077582
reference,uniform_equal,256,19,72,83.92961876832845,0.525669507639648,10.500001252888026
reference,uniform_equal,256,20,76,85.25904203323557,0.4868291310366388,10.675345593370736
reference,uniform_equal,256,21,80,86.58846529814272,0.45508321807453195,10.841483378559516
reference,uniform_equal,256,22,84,87.91788856304986,0.42912457935469933,10.999786162943053
reference,uniform_equal,256,23,88,89.24731182795699,0.40798295962626874,11.151285668718984
reference,uniform_equal,256,24,92,90.57673509286413,0.3909406157173635,11.296758379284597
reference,uniform_equal,256,25,96,91.90615835777126,0.37747901538856,11.43677899931538
reference,uniform_equal,256,26,100,93.2355816226784,0.3672520415788623,11.57174739803736
reference,uniform_equal,256,27,104,94.56500488758553,0.3600787254035215,11.701896013304463
reference,uniform_equal,256,28,108,95.89442815249267,0.3557945906466264,11.827438634611582
reference,uniform_equal,256,29,112,97.2238514173998,0.353807221246143,11.949014954337244
reference,uniform_equal,256,30,116,98.55327468230695,0.35451889063760517,12.066268049064277
reference,uniform_equal,256,31,120,99.88269794721407,0.35854819998925447,12.178622844594898
reference,uniform_equal,256,32,124,101.21212121212122,0.3663027648236319,12.28571352575237
reference,uniform_equal,256,33,128,102.54154447702834,0.37847997631387337,12.386882865216563
reference,uniform_equal,256,34,132,103.87096774193549,0.396224231174546,12.481025077959075
reference,uniform_equal,256,35,136,105.20039100684261,0.4213478257448006,12.56636500612396
reference,uniform_equal,256,36,140,106.52981427174976,0.4567502161329501,12.640038932888118
reference,uniform_equal,256,37,144,107.85923753665689,0.507219456387126,12.697293213706544
reference,uniform_equal,256,38,148,109.18866080156403,0.5810418724456076,12.729874667525834
reference,uniform_equal,256,39,152,110.51808406647116,0.6934814858217747,12.722551214319466
reference,uniform_equal,256,40,156,111.8475073313783,0.8750497762768349,12.644842169975433
reference,uniform_equal,256,41,160,113.17693059628543,1.1937231644064419,12.42880081786852
reference,uniform_equal,256,42,164,114.50635386119257,1.8251451074403626,11.898812364057733
reference,uniform_equal,256,43,168,115.83577712609971,3.3292162453517453,10.495003839229952
reference,uniform_equal,256,44,173,117.49755620723363,10.807138904408625,3.140803526585046
reference,uniform_equal,256,45,177,118.82697947214075,30.988565581941533,-16.94289867612416
reference,uniform_equal,256,46,181,120.1564027370479,9.445716274127228,4.69658783521885
reference,uniform_equal,256,47,185,121.48582600195503,3.694860514219549,10.543017455098436
reference,uniform_equal,256,48,189,122.81524926686217,1.9757193297957045,12.356692302392887
reference,uniform_equal,256,49,193,124.1446725317693,1.2798416161799862,13.14608588059842
reference,uniform_equal,256,50,197,125.47409579667644,0.9388014395448515,13.579645806583727
reference,uniform_equal,256,51,201,126.80351906158357,0.7498847140133166,13.860107163664665
reference,uniform_equal,256,52,205,128.1329423264907,0.6364819895110891,14.064099742354955
reference,uniform_equal,256,53,209,129.46236559139783,0.5648000648270552,14.225436454432824
reference,uniform_equal,256,54,213,130.79178885630498,0.5181475937136182,14.360827752581727
reference,uniform_equal,256,55,217,132.12121212121212,0.4875676887738585,14.479249050942556
reference,uniform_equal,256,56,221,133.45063538611925,0.4679252328844004,14.585853436906888
reference,uniform_equal,256,57,225,134.7800586510264,0.456128533436182,14.68375003894127
reference,uniform_equal,256,58,229,136.10948191593354,0.4502502599440495,14.774883109960243
reference,uniform_equal,256,59,233,137.43890518084066,0.4490633124935874,14.860496178841771
reference,uniform_equal,256,60,237,138.76832844574778,0.4517927989431649,14.941380092227206
reference,uniform_equal,256,61,241,140.09775171065493,0.45794918971380516,15.018039877826908
reference,uniform_equal,256,62,245,141.42717497556208,0.46709864482206787,15.090924434628818
reference,uniform_equal,256,63,249,142.7565982404692,0.4792453560148007,15.160044207198254
reference,uniform_equal,256,64,253,144.08602150537632,0.4943465930479712,15.225456155071967
reference,uniform_equal,256,65,257,145.41544477028347,0.5124661103833212,15.28711036101464
reference,uniform_equal,256,66,261,146.74486803519062,0.5337704629027803,15.34485372957738
reference,uniform_equal,256,67,265,148.07429130009774,0.5585208773174781,15.398438129317583
reference,uniform_equal,256,68,269,149.4037145650049,0.5870783963884191,15.447515261598255
reference,uniform_equal,256,69,273,150.73313782991204,0.6199163460763701,15.491624205881635
reference,uniform_equal,256,70,277,152.06256109481916,0.657639285720866,15.530172481446854
reference,uniform_equal,256,71,281,153.39198435972628,0.70101156667586,15.562407500133375
reference,uniform_equal,256,72,285,154.72140762463343,0.7509968615359746,15.587377048003091
reference,uniform_equal,256,73,289,156.05083088954058,0.808812524422567,15.603874935476398
reference,uniform_equal,256,74,293,157.3802541544477,0.8760045869746222,15.61036601132163
reference,uniform_equal,256,75,297,158.70967741935482,0.9545520098277365,15.604881920736474
reference,uniform_equal,256,76,301,160.03910068426197,1.0470132951949527,15.584874501928951
reference,uniform_equal,256,77,305,161.36852394916912,1.1567357166368444,15.547006565130005
reference,uniform_equal,256,78,309,162.69794721407624,1.2881590895631223,15.486848130514332
reference,uniform_equal,256,79,313,164.02737047898336,1.447265539224864,15.398426668288039
reference,uniform_equal,256,80,317,165.3567937438905,1.6422603378583587,15.273546269298137
reference,uniform_equal,256,81,321,166.68621700879766,1.8846284957606674,15.100731061400467
reference,uniform_equal,256,82,325,168.01564027370478,2.190821067045659,14.863538910850892
reference,uniform_equal,256,83,329,169.34506353861192,2.5850329087895103,14.537783670025846
reference,uniform_equal,256,84,333,170.67448680351907,3.1039450233081873,14.086792841742081
reference,uniform_equal,256,85,337,172.0039100684262,3.805156290501643,13.45297585325416
reference,uniform_equal,256,86,341,173.33333333333331,4.782880091465701,12.542127438739513
reference,uniform_equal,256,87,345,174.66275659824046,6.198712317713146,11.192659635942135
reference,uniform_equal,256,88,349,175.9921798631476,8.345425504853434,9.111807658134666
reference,uniform_equal,256,89,353,177.32160312805473,11.7868006177786,5.735798114362183
reference,uniform_equal,256,90,357,178.65102639296185,17.67533616244787,-0.08786009711525367
reference,uniform_equal,256,91,361,179.980449657869,28.43145691046515,-10.77958450836715
reference,uniform_equal,256,92,365,181.30987292277615,48.41991674351341,-30.704121921378828
reference,uniform_equal,256,93,369,182.63929618768327,77.31560999050268,-59.536359740528525
reference,uniform_equal,256,94,373,183.96871945259042,75.50434678983338,-57.662101330349344
reference,uniform_equal,256,95,377,185.29814271749757,46.347064055375995,-28.442276977169456
reference,uniform_equal,256,96,381,186.6275659824047,27.228812134569296,-9.261930543025926
reference,uniform_equal,256,97,385,187.9569892473118,17.024156908244418,1.0043784385470218
reference,uniform_equal,256,98,389,189.28641251221896,11.42112749663968,6.668627060396631
reference,uniform_equal,256,99,393,190.61583577712608,8.130793646947916,10.019751657961677
reference,uniform_equal,256,100,397,191.94525904203323,6.0692629937511615,12.141650552464725
reference,uniform_equal,256,101,401,193.27468230694038,4.704879773084185,13.565985340349854
reference,uniform_equal,256,102,405,194.6041055718475,3.7602965399905175,14.570109179108485
reference,uniform_equal,256,103,409,195.93352883675465,3.0817234288274604,15.30781753024057
reference,uniform_equal,256,104,413,197.26295210166177,2.579119751254821,15.869156564422283
reference,uniform_equal,256,105,417,198.59237536656892,2.197232626943485,16.309384533846966
reference,uniform_equal,256,106,421,199.92179863147604,1.900760577069002,16.663808181680253
reference,uniform_equal,256,107,425,201.25122189638319,1.6663523528131732,16.95578391640872
reference,uniform_equal,256,108,429,202.5806451612903,1.4780916778385709,17.20123307212235
reference,uniform_equal,256,109,433,203.91006842619745,1.3248459855039054,17.411293173965618
reference,uniform_equal,256,110,437,205.23949169110458,1.1986577458031693,17.593926613778137
reference,uniform_equal,256,111,441,206.56891495601172,1.0937487009373594,17.754916417019942
reference,uniform_equal,256,112,445,207.89833822091884,1.0058773287438658,17.898508781758196
reference,uniform_equal,256,113,449,209.227761485826,0.9314949912159064,18.028256932487707
reference,uniform_equal,256,114,453,210.55718475073314,0.8675189168334604,18.147248140065045
reference,uniform_equal,256,115,457,211.88660801564026,0.812729442257578,18.25670648220874
reference,uniform_equal,256,116,461,213.2160312805474,0.765668026370114,18.358094831584836
reference,uniform_equal,256,117,465,214.54545454545453,0.7250224141408258,18.45272969399926
reference,uniform_equal,256,118,469,215.87487781036168,0.6897722669148991,18.541635580106373
reference,uniform_equal,256,119,473,217.2043010752688,0.6591084049290891,18.625625764827177
reference,uniform_equal,256,120,477,218.53372434017595,0.6323768382092024,18.705358258327436
reference,uniform_equal,256,121,481,219.86314760508307,0.6090426945152312,18.781371879891353
reference,uniform_equal,256,122,485,221.19257086999022,0.5886650054970319,18.854111473529684
reference,uniform_equal,256,123,489,222.52199413489734,0.5708783102605677,18.92394630612445
reference,uniform_equal,256,124,493,223.8514173998045,0.5553792176044092,18.99118350685262
reference,uniform_equal,256,125,497,225.1808406647116,0.5419173040263993,19.05607717079026
reference,uniform_equal,256,126,501,226.51026392961876,0.5302912303374957,19.118832243862144
reference,uniform_equal,256,127,505,227.8396871945259,0.5203545369238932,19.17959872909765
reference,uniform_equal,256,128,509,229.16911045943303,0.5120462592877931,19.238441072563077
reference,uniform_equal,256,129,514,230.83088954056694,0.5041514345868073,19.309092821146905
reference,uniform_equal,256,130,518,232.1603128054741,0.49990607797622094,19.363219278900743
reference,uniform_equal,256,131,522,233.4897360703812,0.4946722869445354,19.41804935006958
reference,uniform_equal,256,132,526,234.81915933528836,0.4893673620680239,19.47266896827348
reference,uniform_equal,256,133,530,236.14858260019548,0.4857626736370499,19.52530994264208
reference,uniform_equal,256,134,534,237.47800586510263,0.4834365180498871,19.576397102650517
reference,uniform_equal,256,135,538,238.80742913000978,0.4820964138632342,19.62622600326476
reference,uniform_equal,256,136,542,240.1368523949169,0.48160597987456855,19.674936048021706
reference,uniform_equal,256,137,546,241.46627565982405,0.48189133356003144,19.722604091721834
reference,uniform_equal,256,138,550,242.79569892473117,0.48290645915016006,19.76927907345258
reference,uniform_equal,256,139,554,244.12512218963832,0.48462254501450347,19.814992680273463
reference,uniform_equal,256,140,558,245.45454545454544,0.48703094916794315,19.85975638274978
reference,uniform_equal,256,141,562,246.7839687194526,0.49014765407518607,19.903556981160534
reference,uniform_equal,256,142,566,248.1133919843597,0.4937820617882028,19.946587811345978
reference,uniform_equal,256,143,570,249.44281524926686,0.49798372290751813,19.988802016705066
reference,uniform_equal,256,144,574,250.77223851417398,0.5028648252381336,20.030090060472787
reference,uniform_equal,256,145,578,252.10166177908113,0.50838953078681,20.070490389631203
reference,uniform_equal,256,146,582,253.43108504398825,0.5145495112651585,20.110013900291563
reference,uniform_equal,256,147,586,254.7605083088954,0.521349022423193,20.148658864221858
reference,uniform_equal,256,148,590,256.0899315738026,0.5288015201104067,20.186414313624866
reference,uniform_equal,256,149,594,257.41935483870964,0.5369341871672585,20.223255515064338
reference,uniform_equal,256,150,598,258.7487781036168,0.5458143940613269,20.2591175096249
reference,uniform_equal,256,151,602,260.07820136852393,0.5555712507334066,20.293873561842034
reference,uniform_equal,256,152,606,261.40762463343106,0.5656388267150853,20.32809194034057
reference,uniform_equal,256,153,610,262.73704789833823,0.5764838450115292,20.361308224688997
reference,uniform_equal,256,154,614,264.06647116324535,0.5881117025609661,20.39351928565823
reference,uniform_equal,256,155,618,265.3958944281525,0.600553676269669,20.424696079886914
reference,uniform_equal,256,156,622,266.72531769305965,0.6139254656318769,20.454725107944554
reference,uniform_equal,256,157,626,268.0547409579667,0.6282364368292994,20.48359917089776
reference,uniform_equal,256,158,630,269.3841642228739,0.6435284084706813,20.511278585219927
reference,uniform_equal,256,159,634,270.713587487781,0.6598613592549769,20.53770547576171
reference,uniform_equal,256,160,638,272.04301075268813,0.6773057904071721,20.562811413932977
reference,uniform_equal,256,161,642,273.3724340175953,0.6959422220419541,20.586517921941905
reference,uniform_equal,256,162,646,274.70185728250243,0.7158622904028067,20.608735376144267
reference,uniform_equal,256,163,650,276.03128054740955,0.7371700740873353,20.629361681392012
reference,uniform_equal,256,164,654,277.36070381231673,0.759983852680561,20.6482805129601
reference,uniform_equal,256,165,658,278.69012707722385,0.7844383069194778,20.66535911692897
reference,uniform_equal,256,166,662,280.01955034213097,0.8106872166972826,20.68044561271401
reference,uniform_equal,256,167,666,281.34897360703815,0.8389067625301538,20.693365692119897
reference,uniform_equal,256,168,670,282.6783968719452,0.8692995854113595,20.703918559995557
reference,uniform_equal,256,169,674,284.0078201368524,0.9020998274570442,20.711871894085093
reference,uniform_equal,256,170,678,285.3372434017595,0.9375794899664837,20.71695548745305
reference,uniform_equal,256,171,682,286.66666666666663,0.9760566800286042,20.71885300235199
reference,uniform_equal,256,172,686,287.9960899315738,1.0179069098891975,20.717190671318107
reference,uniform_equal,256,173,690,289.3255131964809,1.063580447399672,20.711519947175276
reference,uniform_equal,256,174,694,290.65493646138805,1.1136350860258581,20.7012847334681
reference,uniform_equal,256,175,698,291.9843597262952,1.1688056968150748,20.68575183292677
reference,uniform_equal,256,176,702,293.31378299120234,1.229861566814508,20.664153609470972
reference,uniform_equal,256,177,706,294.64320625610947,1.2966529311838115,20.63664145650995
reference,uniform_equal,256,178,710,295.97262952101664,1.3710834216845433,20.60131334885621
reference,uniform_equal,256,179,714,297.3020527859237,1.4548161833670927,20.556507726433082
reference,uniform_equal,256,180,718,298.6314760508309,1.5490265747663021,20.501050794464405
reference,uniform_equal,256,181,722,299.960899315738,1.6561279942165754,20.432530697536578
reference,uniform_equal,256,182,726,301.2903225806451,1.7788636356405032,20.348205764178388
reference,uniform_equal,256,183,730,302.6197458455523,1.920687690253782,20.244623305516498
reference,uniform_equal,256,184,734,303.9491691104594,2.0861876658175973,20.117197296375906
reference,uniform_equal,256,185,738,305.27859237536654,2.281505969119885,19.95978679314335
reference,uniform_equal,256,186,742,306.6080156402737,2.5149995640149125,19.764036276065212
reference,uniform_equal,256,187,746,307.93743890518084,2.7982699980142707,19.518345622986644
reference,uniform_equal,256,188,750,309.26686217008796,3.1478055761355193,19.206227935825893
reference,uniform_equal,256,189,754,310.59628543499514,3.5876845670415523,18.80360633475094
reference,uniform_equal,256,190,758,311.9257086999022,4.154201765649257,18.27418739588022
reference,uniform_equal,256,191,762,313.2551319648094,4.904166268050241,17.56116337666461
reference,uniform_equal,256,192,766,314.5845552297165,5.930660986475229,16.57145270121947
reference,uniform_equal,256,193,770,315.9139784946236,7.395195545309209,15.143547064599318
reference,uniform_equal,256,194,774,317.2434017595308,9.599255339822088,12.975962374351326
reference,uniform_equal,256,195,778,318.5728250244379,13.15362795319404,9.457912333768093
reference,uniform_equal,256,196,782,319.90224828934504,19.23841115247057,3.409300446204668
reference,uniform_equal,256,197,786,321.23167155425216,28.61954218486174,-5.9358092809539045
reference,uniform_equal,256,198,790,322.56109481915934,44.085108380575,-21.365502938864495
reference,uniform_equal,256,199,794,323.89051808406646,71.58395787609167,-48.828627440246464
reference,uniform_equal,256,200,798,325.2199413489736,91.26323683053761,-68.47232773550189
reference,uniform_equal,256,201,802,326.54936461388075,65.29040358661362,-42.46406097340062
reference,uniform_equal,256,202,806,327.8787878787879,39.25921470435158,-16.39758253459584
reference,uniform_equal,256,203,810,329.208211143695,24.65048365801751,-1.753704728291936
reference,uniform_equal,256,204,814,330.5376344086021,16.791940136910142,6.139843907188165
reference,uniform_equal,256,205,818,331.8670576735093,12.346792470410795,10.61985617957886
reference,uniform_equal,256,206,822,333.1964809384164,9.683386455086977,13.317987415790327
reference,uniform_equal,256,207,826,334.52590420332353,8.013974284368771,15.021986532448992
reference,uniform_equal,256,208,830,335.85532746823066,6.9349548067775855,16.135455777881916
reference,uniform_equal,256,209,834,337.18475073313783,6.214956011341173,16.88976824691045
reference,uniform_equal,256,210,838,338.51417399804495,5.736107457329914,17.402795451318568
reference,uniform_equal,256,211,842,339.8435972629521,5.435571489023195,17.737376105287026
reference,uniform_equal,256,212,846,341.17302052785925,5.267638726311761,17.939220634987734
reference,uniform_equal,256,213,850,342.50244379276637,5.202670602430554,18.037968641043832
reference,uniform_equal,256,214,855,344.16422287390026,5.239075206356084,18.04360498240098
reference,uniform_equal,256,215,859,345.49364613880743,5.34988454645323,17.96628250175324
reference,uniform_equal,256,216,863,346.82306940371456,5.5279751140180435,17.821550186834983
reference,uniform_equal,256,217,867,348.1524926686217,5.772391559915837,17.610364370835725
reference,uniform_equal,256,218,871,349.4819159335288,6.0853106869212645,17.330549223784047
reference,uniform_equal,256,219,875,350.811339198436,6.471871104208379,16.97696709822874
reference,uniform_equal,256,220,879,352.1407624633431,6.94030568388509,16.541386072871703
reference,uniform_equal,256,221,883,353.4701857282502,7.502365042605304,16.01205647112046
reference,uniform_equal,256,222,887,354.7996089931574,8.174063598884514,15.372964803933954
reference,uniform_equal,256,223,891,356.1290322580645,8.976861094767727,14.602652248312893
reference,uniform_equal,256,224,895,357.45845552297163,9.939462611619405,13.672414631665347
reference,uniform_equal,256,225,899,358.78787878787875,11.100504799040197,12.543616203042504
reference,uniform_equal,256,226,903,360.11730205278593,12.512796338494633,11.16344916966085
reference,uniform_equal,256,227,907,361.44672531769305,14.250260996176072,9.45799064418388
reference,uniform_equal,256,228,911,362.7761485826002,16.42043659208891,7.31970367578441
reference,uniform_equal,256,229,915,364.1055718475073,19.189842369870803,4.5820698804640045
reference,uniform_equal,256,230,919,365.43499511241447,22.85562069436451,0.947947743619892
reference,uniform_equal,256,231,923,366.7644183773216,28.14996931037793,-4.314859638578142
reference,uniform_equal,256,232,927,368.0938416422287,38.13673988389629,-14.270203100266201
reference,uniform_equal,256,233,931,369.42326490713583,43.75831024369357,-19.860459647365914
reference,uniform_equal,256,234,935,370.752688172043,52.98706514368014,-29.058013219802888
reference,uniform_equal,256,235,939,372.08211143695013,69.3107111636012,-45.3505695920781
reference,uniform_equal,256,236,943,373.41153470185725,95.34686782347197,-71.35574748757853
reference,uniform_equal,256,237,947,374.7409579667644,138.64335255432394,-114.62136354920071
reference,uniform_equal,256,238,951,376.07038123167155,215.61010621140838,-191.5573578524341
reference,uniform_equal,256,239,955,377.39980449657867,361.0804304055005,-336.99703123654706
reference,uniform_equal,256,240,959,378.7292277614858,627.0186332443037,-602.9046910458749
reference,uniform_equal,256,241,963,380.05865102639297,895.1522684000297,-871.0078901972856
reference,uniform_equal,256,242,967,381.3880742913001,662.0567168928955,-637.882008963566
reference,uniform_equal,256,243,971,382.7174975562072,380.61345954003946,-356.4085274222259
reference,uniform_equal,256,244,975,384.0469208211143,225.3328822247667,-201.09783072463654
reference,uniform_equal,256,245,979,385.3763440860215,143.71956881977448,-119.45450201914895
reference,uniform_equal,256,246,983,386.7057673509286,98.11667048749062,-73.82169175132856
reference,uniform_equal,256,247,987,388.03519061583575,70.75639128994484,-46.431603273722914
reference,uniform_equal,256,248,991,389.3646138807429,53.32098849652287,-28.966493153515557
reference,uniform_equal,256,249,995,390.69403714565004,41.51384099955658,-17.12973958801649
reference,uniform_equal,256,250,999,392.02346041055716,33.09201452869434,-8.678407618935154
reference,uniform_equal,256,251,1003,393.3528836754643,26.98260367541255,-2.539591156795879
reference,uniform_equal,256,252,1007,394.68230694037146,22.42054595334306,2.051772958828792
reference,uniform_equal,256,253,1011,396.0117302052786,18.923335193939625,5.578191563744497
reference,uniform_equal,256,254,1015,397.3411534701857,16.183766097116873,8.346870618587147
reference,uniform_equal,256,255,1019,398.6705767350928,13.998206296043959,10.561443144119139
reference,uniform_equal,256,256,1023,400.0,12.227094374665729,12.361471203795986
reference,d_optimal_equal,256,1,860,345.8260019550342,5.388194009839148,17.936324619783164
reference,d_optimal_equal,256,2,898,358.455522971652,10.789046956053062,12.847024320818278
reference,d_optimal_equal,256,3,1011,396.0117302052786,18.923335193939625,5.578191563744497
reference,d_optimal_equal,256,4,656,278.02541544477026,0.771996867159441,20.65705885223396
reference,d_optimal_equal,256,5,45,74.95601173020528,1.2295598789070559,8.813935282872706
reference,d_optimal_equal,256,6,1023,400.0,12.227094374665729,12.361471203795986
reference,d_optimal_equal,256,7,534,237.47800586510263,0.4834365180498871,19.576397102650517
reference,d_optimal_equal,256,8,782,319.90224828934504,19.23841115247057,3.409300446204668
reference,d_optimal_equal,256,9,668,282.0136852394917,0.8538176857974951,20.698951741696774
reference,d_optimal_equal,256,10,387,188.6217008797654,13.829802340008861,4.229396546851547
reference,d_optimal_equal,256,11,894,357.12609970674487,9.681920439845602,13.921877126576987
reference,d_optimal_equal,256,12,915,364.1055718475073,19.189842369870803,4.5820698804640045
reference,d_optimal_equal,256,13,859,345.49364613880743,5.34988454645323,17.96628250175324
reference,d_optimal_equal,256,14,43,74.29130009775172,1.3535589797551564,8.61256594351994
reference,d_optimal_equal,256,15,1010,395.6793743890518,19.7167822093162,4.777451789631215
reference,d_optimal_equal,256,16,1022,399.6676441837732,12.636946182364175,11.944399381313787
reference,d_optimal_equal,256,17,538,238.80742913000978,0.4820964138632342,19.62622600326476
reference,d_optimal_equal,256,18,868,348.48484848484844,5.844049117332147,17.546994644084776
reference,d_optimal_equal,256,19,897,358.1231671554252,10.492274064577176,13.13574002000783
reference,d_optimal_equal,256,20,841,339.5112414467253,5.49679580250821,17.667653122163898
reference,d_optimal_equal,256,21,42,73.95894428152492,1.4238027667917172,8.503377050002044
reference,d_optimal_equal,256,22,386,188.2893450635386,15.311086216733955,2.732794431408877
reference,d_optimal_equal,256,23,861,346.15835777126097,5.430657084670213,17.902205103940716
reference,d_optimal_equal,256,24,730,302.6197458455523,1.920687690253782,20.244623305516498
reference,d_optimal_equal,256,25,916,364.4379276637341,20.005425034121867,3.774412085880968
reference,d_optimal_equal,256,26,1009,395.347018572825,20.561093160136195,3.9258419518565546
reference,d_optimal_equal,256,27,895,357.45845552297163,9.939462611619405,13.672414631665347
reference,d_optimal_equal,256,28,46,75.28836754643206,1.1746787499441442,8.907244613449365
reference,d_optimal_equal,256,29,539,239.13978494623655,0.4818977064593544,19.63850473256481
reference,d_optimal_equal,256,30,1021,399.3352883675464,13.067761194910323,11.506358347462353
reference,d_optimal_equal,256,31,388,188.95405669599216,12.543331942018831,5.53115821621148
reference,d_optimal_equal,256,32,840,339.17888563049854,5.566829132777475,17.58911279862653
reference,d_optimal_equal,256,33,858,345.1612903225806,5.3157625268130255,17.992044902108148
reference,d_optimal_equal,256,34,869,348.81720430107526,5.9200367025567315,17.479286989049427
reference,d_optimal_equal,256,35,899,358.78787878787875,11.100504799040197,12.543616203042504
reference,d_optimal_equal,256,36,47,75.62072336265885,1.1239122332001483,8.996270065958058
reference,d_optimal_equal,256,37,537,238.47507331378299,0.4823479566088963,19.613877614763652
reference,d_optimal_equal,256,38,1012,396.34408602150535,18.176754465100558,6.332058933384289
reference,d_optimal_equal,256,39,355,177.98631476050832,14.314858755352782,3.2402392166059997
reference,d_optimal_equal,256,40,657,278.3577712609971,0.7781628252357347,20.66126993772278
reference,d_optimal_equal,256,41,896,357.7908113391984,10.209339733643546,13.410609677714163
reference,d_optimal_equal,256,42,842,339.8435972629521,5.435571489023195,17.737376105287026
reference,d_optimal_equal,256,43,862,346.4907135874878,5.477253324999087,17.86394441557097
reference,d_optimal_equal,256,44,48,75.95307917888563,1.0768603812190642,9.081413072458489
reference,d_optimal_equal,256,45,914,363.7732160312805,18.428718306378148,5.335261837158029
reference,d_optimal_equal,256,46,1020,399.00293255131965,13.520988999964507,11.045898504578986
reference,d_optimal_equal,256,47,731,302.95210166177907,1.9596337754422186,20.21521136971775
reference,d_optimal_equal,256,48,781,319.5698924731183,17.401835775398226,5.236847107196297
reference,d_optimal_equal,256,49,1008,395.0146627565982,21.460703396101362,3.0189266904108365
reference,d_optimal_equal,256,50,44,74.6236559139785,1.2890121816105915,8.715884008310269
reference,d_optimal_equal,256,51,655,277.6930596285435,0.7659379953232395,20.6527282682072
reference,d_optimal_equal,256,52,893,356.79374389051804,9.436044795200834,14.159665571587894
reference,d_optimal_equal,256,53,536,238.1427174975562,0.4826538881381007,19.60145796669312
reference,d_optimal_equal,256,54,843,340.1759530791789,5.382553802125127,17.79888415446574
reference,d_optimal_equal,256,55,385,187.9569892473118,17.024156908244418,1.0043784385470218
reference,d_optimal_equal,256,56,857,344.82893450635385,5.28587583952641,18.01356391675334
reference,d_optimal_equal,256,57,900,359.1202346041056,11.427565777658423,12.224597496388355
reference,d_optimal_equal,256,58,867,348.1524926686217,5.772391559915837,17.610364370835725
reference,d_optimal_equal,256,59,49,76.28543499511241,1.0331715066766132,9.163026785432265
reference,d_optimal_equal,256,60,1019,398.6705767350928,13.998206296043959,10.561443144119139
reference,d_optimal_equal,256,61,729,302.2873900293255,1.8832139065512576,20.272552463078597
reference,d_optimal_equal,256,62,354,177.6539589442815,12.96385798613173,4.575005565857509
reference,d_optimal_equal,256,63,839,338.8465298142717,5.646348098194352,17.50107849999131
reference,d_optimal_equal,256,64,917,364.7702834799609,20.882276326400532,2.905478439333919
reference,d_optimal_equal,256,65,50,76.6177908113392,0.9925352591845618,9.241423001316377
reference,d_optimal_equal,256,66,540,239.47214076246334,0.4817504910523375,19.650715192739753
reference,d_optimal_equal,256,67,1013,396.67644183773217,17.47342857375153,7.042665357854247
reference,d_optimal_equal,256,68,863,346.82306940371456,5.5279751140180435,17.821550186834983
reference,d_optimal_equal,256,69,658,278.69012707722385,0.7844383069194778,20.66535911692897
reference,d_optimal_equal,256,70,389,189.28641251221896,11.42112749663968,6.668627060396631
reference,d_optimal_equal,256,71,892,356.4613880742913,9.201216425008697,14.386399205353015
reference,d_optimal_equal,256,72,51,76.95014662756599,0.9546768536037046,9.316877932521251
reference,d_optimal_equal,256,73,732,303.28445747800583,2.0001370557246854,20.184231785048837
reference,d_optimal_equal,256,74,1018,398.33822091886606,14.501130499598936,10.05127483958023
reference,d_optimal_equal,256,75,844,340.50830889540566,5.3372039553609065,17.85271607237806
reference,d_optimal_equal,256,76,901,359.45259042033234,11.771227577318582,11.888970529234072
reference,d_optimal_equal,256,77,356,178.3186705767351,15.872274948085007,1.6990271573907307
reference,d_optimal_equal,256,78,870,349.14956011730203,6.000428619054236,17.40716711731298
reference,d_optimal_equal,256,79,52,77.28250244379277,0.9193522319461808,9.38963704585214
reference,d_optimal_equal,256,80,535,237.81036168132943,0.48301602523534554,19.588965195145448
reference,d_optimal_equal,256,81,667,281.68132942326486,0.846292659264335,20.69623432790408
reference,d_optimal_equal,256,82,783,320.23460410557186,21.296173759357043,1.3605571800698186
reference,d_optimal_equal,256,83,856,344.4965786901271,5.260287224348874,18.030776790401703
reference,d_optimal_equal,256,84,1014,397.00879765395894,16.81008787398163,7.71328049329567
reference,d_optimal_equal,256,85,41,73.62658846529814,1.5004405127954576,8.387618791756339
reference,d_optimal_equal,256,86,533,237.14565004887584,0.48391794194325205,19.5637510663271
reference,d_optimal_equal,256,87,866,347.8201368523949,5.705001146165421,17.669459038353295
reference,d_optimal_equal,256,88,838,338.51417399804495,5.736107457329914,17.402795451318568
reference,d_optimal_equal,256,89,913,363.44086021505376,17.716366039468472,6.039674746908375
reference,d_optimal_equal,256,90,53,77.61485826001955,0.8863439872546883,9.459919138946518
reference,d_optimal_equal,256,91,1017,398.0058651026393,15.031635091617085,9.513520099896994
reference,d_optimal_equal,256,92,353,177.32160312805473,11.7868006177786,5.735798114362183
reference,d_optimal_equal,256,93,733,303.61681329423266,2.042288884985493,20.151593220524575
reference,d_optimal_equal,256,94,654,277.36070381231673,0.759983852680561,20.6482805129601
reference,d_optimal_equal,256,95,864,347.1554252199413,5.5828272094091425,17.775017675360075
reference,d_optimal_equal,256,96,845,340.8406647116324,5.299041316672881,17.899352507258925
reference,d_optimal_equal,256,97,54,77.94721407624633,0.8554579132126472,9.527919790974138
reference,d_optimal_equal,256,98,812,329.8729227761486,20.138387891172755,2.7759112300468587
reference,d_optimal_equal,256,99,902,359.7849462365591,12.132576231203275,11.535649282148
reference,d_optimal_equal,256,100,541,239.8044965786901,0.4816535938800749,19.6628586040883
reference,d_optimal_equal,256,101,1016,397.67350928641247,15.59176696698091,8.946132020084207
reference,d_optimal_equal,256,102,891,356.1290322580645,8.976861094767727,14.602652248312893
reference,d_optimal_equal,256,103,1007,394.68230694037146,22.42054595334306,2.051772958828792
reference,d_optimal_equal,256,104,40,73.29423264907136,1.584282707136805,8.264479092233088
reference,d_optimal_equal,256,105,588,255.42521994134896,0.5249923824113819,20.167648889794393
reference,d_optimal_equal,256,106,532,236.81329423264907,0.48446341695770656,19.55102391841322
reference,d_optimal_equal,256,107,390,189.61876832844575,10.437947512510087,7.6670446650531545
reference,d_optimal_equal,256,108,865,347.48778103616814,5.641826382778168,17.724330124805746
reference,d_optimal_equal,256,109,734,303.9491691104594,2.0861876658175973,20.117197296375906
reference,d_optimal_equal,256,110,1015,397.3411534701857,16.183766097116873,8.346870618587147
reference,d_optimal_equal,256,111,55,78.27956989247312,0.8265200705181914,9.593814296566322
reference,d_optimal_equal,256,112,918,365.10263929618765,21.82877453422479,1.9668906664628167
reference,d_optimal_equal,256,113,837,338.1818181818182,5.836932780489415,17.29343806588652
reference,d_optimal_equal,256,114,813,330.20527859237535,18.3435447369238,4.579501245435239
reference,d_optimal_equal,256,115,728,301.9550342130987,1.8471334633751606,20.299077780313112
reference,d_optimal_equal,256,116,589,255.75757575757575,0.5268760248120455,20.177059862045795
reference,d_optimal_equal,256,117,39,72.96187683284458,1.676277287410011,8.133008405018103
reference,d_optimal_equal,256,118,855,344.16422287390026,5.239075206356084,18.04360498240098
reference,d_optimal_equal,256,119,846,341.17302052785925,5.267638726311761,17.939220634987734
reference,d_optimal_equal,256,120,531,236.48093841642228,0.48507676030915836,19.538211793772376
reference,d_optimal_equal,256,121,780,319.2375366568915,15.787405996502196,6.84223877517141
reference,d_optimal_equal,256,122,56,78.6119257086999,0.7993742822826584,9.657760170714454
reference,d_optimal_equal,256,123,669,282.3460410557185,0.861485422968203,20.701514381144165
reference,d_optimal_equal,256,124,903,360.11730205278593,12.512796338494633,11.16344916966085
reference,d_optimal_equal,256,125,357,178.65102639296185,17.67533616244787,-0.08786009711525367
reference,d_optimal_equal,256,126,659,279.0224828934506,0.7908258331759108,20.669323898403917
reference,d_optimal_equal,256,127,38,72.62952101661779,1.777540011082887,7.9920893417878744
reference,d_optimal_equal,256,128,542,240.1368523949169,0.48160597987456855,19.674936048021706
reference,d_optimal_equal,256,129,735,304.2815249266862,2.1319395053465606,20.080937928226433
reference,d_optimal_equal,256,130,352,176.98924731182797,10.756832415877852,6.7494709824709105
reference,d_optimal_equal,256,131,890,355.7966764418377,8.762445881659904,14.808957609185413
reference,d_optimal_equal,256,132,57,78.94428152492668,0.7738799873660436,9.719899295725256
reference,d_optimal_equal,256,133,912,363.10850439882694,17.04822360435501,6.69987056123523
reference,d_optimal_equal,256,134,566,248.1133919843597,0.4937820617882028,19.946587811345978
reference,d_optimal_equal,256,135,666,281.34897360703815,0.8389067625301538,20.693365692119897
reference,d_optimal_equal,256,136,871,349.4819159335288,6.0853106869212645,17.330549223784047
reference,d_optimal_equal,256,137,58,79.27663734115347,0.7499103937203678,9.780359768162015
reference,d_optimal_equal,256,138,811,329.54056695992176,22.222375838040268,0.683167604899495
reference,d_optimal_equal,256,139,736,304.613880742913,2.179658946281137,20.042700596041982
reference,d_optimal_equal,256,140,567,248.4457478005865,0.4947667613522517,19.95723035268884
reference,d_optimal_equal,256,141,847,341.505376344086,5.242617243717496,17.97269941220746
reference,d_optimal_equal,256,142,37,72.297165200391,1.8893933246231691,7.840397802778796
reference,d_optimal_equal,256,143,391,189.95112414467252,9.572902237398866,8.547300876201888
reference,d_optimal_equal,256,144,587,255.0928641251222,0.5231501688111273,20.15818178277216
reference,d_optimal_equal,256,145,514,230.83088954056694,0.5041514345868073,19.309092821146905
reference,d_optimal_equal,256,146,1006,394.34995112414464,23.446121692131037,1.0188798864805335
reference,d_optimal_equal,256,147,854,343.8318670576735,5.222335186592524,18.051953076084914
reference,d_optimal_equal,256,148,59,79.60899315738025,0.7273508842801252,9.839257493232793
reference,d_optimal_equal,256,149,737,304.9462365591398,2.2294697823892147,20.002361528655143
reference,d_optimal_equal,256,150,384,187.62463343108504,19.013674066466287,-1.000511179452019
reference,d_optimal_equal,256,151,653,277.0283479960899,0.7541321593901287,20.64371783649797
reference,d_optimal_equal,256,152,60,79.94134897360703,0.7060976363193578,9.896697565706262
reference,d_optimal_equal,256,153,513,230.49853372434018,0.5054818293665978,19.295247263474053
reference,d_optimal_equal,256,154,904,360.4496578690127,12.913182954384444,10.771075150255754
reference,d_optimal_equal,256,155,670,282.6783968719452,0.8692995854113595,20.703918559995557
reference,d_optimal_equal,256,156,530,236.14858260019548,0.4857626736370499,19.52530994264208
reference,d_optimal_equal,256,157,814,330.5376344086021,16.791940136910142,6.139843907188165
reference,d_optimal_equal,256,158,36,71.96480938416423,2.0134167638215406,7.676352576050675
reference,d_optimal_equal,256,159,836,337.84946236559136,5.949714253337389,17.172116141565468
reference,d_optimal_equal,256,160,919,365.43499511241447,22.85562069436451,0.947947743619892
reference,d_optimal_equal,256,161,565,247.78103616813294,0.49283661817148344,19.9358904285518
reference,d_optimal_equal,256,162,61,80.27370478983383,0.686056421942941,9.952775469687424
reference,d_optimal_equal,256,163,738,305.27859237536654,2.281505969119885,19.95978679314335
reference,d_optimal_equal,256,164,351,176.65689149560117,9.851723978210327,7.638253457695058
reference,d_optimal_equal,256,165,911,362.7761485826002,16.42043659208891,7.31970367578441
reference,d_optimal_equal,256,166,590,256.0899315738026,0.5288015201104067,20.186414313624866
reference,d_optimal_equal,256,167,62,80.60606060606061,0.6671415628429723,10.007578124123071
reference,d_optimal_equal,256,168,568,248.7781036168133,0.4957950750595537,19.967813736055277
reference,d_optimal_equal,256,169,848,341.8377321603128,5.223641080315944,18.000124643528224
reference,d_optimal_equal,256,170,889,355.4643206256109,8.557475851513239,15.005810208002885
reference,d_optimal_equal,256,171,779,318.9051808406647,14.37932372183173,8.241273524508856
reference,d_optimal_equal,256,172,63,80.93841642228739,0.6492750168971541,10.061184796459713
reference,d_optimal_equal,256,173,665,281.0166177908113,0.8316565426209221,20.690349258732553
reference,d_optimal_equal,256,174,727,301.62267839687195,1.8123728601745448,20.324272734644424
reference,d_optimal_equal,256,175,648,275.366568914956,0.7263356817389228,20.619254335635816
reference,d_optimal_equal,256,176,392,190.2834799608993,8.808659594365382,9.326727864081079
reference,d_optimal_equal,256,177,853,343.4995112414467,5.210180709513152,18.05570751133162
reference,d_optimal_equal,256,178,35,71.63245356793743,2.1515144359689047,7.498047854886238
reference,d_optimal_equal,256,179,515,231.16324535679374,0.502952929514125,19.322788482439776
reference,d_optimal_equal,256,180,784,320.5669599217986,23.554093111688985,-0.8883521873893159
reference,d_optimal_equal,256,181,64,81.27077223851417,0.6323855778215295,10.113667903241662
reference,d_optimal_equal,256,182,649,275.6989247311828,0.7317068231913165,20.62436037456804
reference,d_optimal_equal,256,183,739,305.61094819159337,2.3359126418215697,19.914831276611267
reference,d_optimal_equal,256,184,549,242.46334310850438,0.4825861076691671,19.757701423488356
reference,d_optimal_equal,256,185,905,360.78201368523946,13.33515554288375,10.357107773558724
reference,d_optimal_equal,256,186,65,81.60312805474095,0.6164081720763208,10.165093713451256
reference,d_optimal_equal,256,187,512,230.16617790811338,0.5069427073727523,19.281253163936952
reference,d_optimal_equal,256,188,671,283.01075268817203,0.8772640278539953,20.70616045180813
reference,d_optimal_equal,256,189,34,71.30009775171065,2.3060042915372905,7.3031639656772
reference,d_optimal_equal,256,190,910,362.4437927663734,15.829590982947952,7.902588096938615
reference,d_optimal_equal,256,191,849,342.17008797653955,5.210413053746946,18.02179352729945
reference,d_optimal_equal,256,192,569,249.11045943304006,0.49686765044706666,19.97833735541228
reference,d_optimal_equal,256,193,350,176.32453567937438,9.053035056089348,8.420585673365409
reference,d_optimal_equal,256,194,872,349.8142717497556,6.174780408048879,17.24933582153396
reference,d_optimal_equal,256,195,66,81.93548387096774,0.6012832396874309,10.215522967928365
reference,d_optimal_equal,256,196,586,254.7605083088954,0.521349022423193,20.148658864221858
reference,d_optimal_equal,256,197,550,242.79569892473117,0.48290645915016006,19.76927907345258
reference,d_optimal_equal,256,198,1005,394.0175953079179,24.543581553898257,-0.08590347845321844
reference,d_optimal_equal,256,199,740,305.94330400782013,2.3928472559960916,19.867337545936905
reference,d_optimal_equal,256,200,67,82.26783968719452,0.5869561876872086,10.265011426165344
reference,d_optimal_equal,256,201,393,190.61583577712608,8.130793646947916,10.019751657961677
reference,d_optimal_equal,256,202,852,343.1671554252199,5.202744931267632,18.05473511627889
reference,d_optimal_equal,256,203,652,276.69599217986314,0.7483807098532438,20.63904241447608
reference,d_optimal_equal,256,204,815,330.86999022482894,15.445446898628816,7.49506642549521
reference,d_optimal_equal,256,205,548,242.1309872922776,0.4823098439268346,19.74606336544919
reference,d_optimal_equal,256,206,33,70.96774193548387,2.479739738510761,7.08884575315038
reference,d_optimal_equal,256,207,664,280.6842619745845,0.8245386688308224,20.687188329760545
reference,d_optimal_equal,256,208,906,361.1143695014663,13.780274508669576,9.919986648492198
reference,d_optimal_equal,256,209,68,82.6001955034213,0.5733769065755273,10.313610350077582
reference,d_optimal_equal,256,210,564,247.44868035190615,0.49192047093840824,19.925148122031345
reference,d_optimal_equal,256,211,835,337.5171065493646,6.075394841839787,17.037886695875798
reference,d_optimal_equal,256,212,881,352.8054740957967,7.208742400950558,16.28932965062114
reference,d_optimal_equal,256,213,778,318.5728250244379,13.15362795319404,9.457912333768093
reference,d_optimal_equal,256,214,749,308.93450635386114,3.053056631745093,19.29163750840179
reference,d_optimal_equal,256,215,69,82.9325513196481,0.5604993416192907,10.361366932930437
reference,d_optimal_equal,256,216,850,342.50244379276637,5.202670602430554,18.037968641043832
reference,d_optimal_equal,256,217,529,235.81622678396872,0.4865269548764859,19.512312518761078
reference,d_optimal_equal,256,218,888,355.13196480938416,8.361491040212416,15.193669994701153
reference,d_optimal_equal,256,219,909,362.11143695014664,15.272674108253252,8.451536480000442
reference,d_optimal_equal,256,220,70,83.26490713587488,0.5482811119956417,10.408324680418232
reference,d_optimal_equal,256,221,647,275.0342130987292,0.7210547757224884,20.614045408114492
reference,d_optimal_equal,256,222,851,342.83479960899314,5.200182317251471,18.048881409772903
reference,d_optimal_equal,256,223,349,175.9921798631476,8.345425504853434,9.111807658134666
reference,d_optimal_equal,256,224,543,240.4692082111437,0.48160672906761753,19.68694849065922
reference,d_optimal_equal,256,225,32,70.63538611925709,2.6762790031839185,6.851533219115424
reference,d_optimal_equal,256,226,713,296.969696969697,1.432960084272509,20.56864838392208
reference,d_optimal_equal,256,227,810,329.208211143695,24.65048365801751,-1.753704728291936
reference,d_optimal_equal,256,228,516,231.49560117302053,0.5018754590608802,19.336345154181558
reference,d_optimal_equal,256,229,920,365.76735092864124,23.97697314038082,-0.1655086496696896
reference,d_optimal_equal,256,230,650,276.03128054740955,0.7371700740873353,20.629361681392012
reference,d_optimal_equal,256,231,71,83.59726295210166,0.5366831717822071,10.454523749891479
reference,d_optimal_equal,256,232,681,286.33431085043986,0.9661369417386021,20.718696645216937
reference,d_optimal_equal,256,233,358,178.98338220918865,19.771273067744872,-2.167653104051695
reference,d_optimal_equal,256,234,714,297.3020527859237,1.4548161833670927,20.556507726433082
reference,d_optimal_equal,256,235,72,83.92961876832845,0.525669507639648,10.500001252888026
reference,d_optimal_equal,256,236,907,361.44672531769305,14.250260996176072,9.45799064418388
reference,d_optimal_equal,256,237,750,309.26686217008796,3.1478055761355193,19.206227935825893
reference,d_optimal_equal,256,238,394,190.94819159335287,7.527254279635233,10.638422465679184
reference,d_optimal_equal,256,239,682,286.66666666666663,0.9760566800286042,20.71885300235199
reference,d_optimal_equal,256,240,73,84.26197458455523,0.5152068687442238,10.544791525409295
reference,d_optimal_equal,256,241,672,283.34310850439886,0.8853827518076978,20.708236083254846
reference,d_optimal_equal,256,242,908,361.7790811339198,14.747020874303093,8.9692139052584
reference,d_optimal_equal,256,243,551,243.12805474095796,0.48327053493322447,19.780796723428736
reference,d_optimal_equal,256,244,660,279.35483870967744,0.797328012016394,20.673161703547535
reference,d_optimal_equal,256,245,31,70.3030303030303,2.9001085513260647,6.586738100836627
reference,d_optimal_equal,256,246,511,229.8338220918866,0.508528074494309,19.267116464456066
reference,d_optimal_equal,256,247,880,352.47311827956986,7.071497684274266,16.418388081239115
reference,d_optimal_equal,256,248,712,296.6373411534702,1.4117259260518642,20.580156221339394
reference,d_optimal_equal,256,249,74,84.59433040078201,0.5052645251329657,10.588926369780395
reference,d_optimal_equal,256,250,570,249.44281524926686,0.49798372290751813,19.988802016705066
reference,d_optimal_equal,256,251,173,117.49755620723363,10.807138904408625,3.140803526585046
reference,d_optimal_equal,256,252,651,276.3636363636364,0.7427273698957547,20.63425635101727
reference,d_optimal_equal,256,253,882,353.13782991202345,7.352278991189558,16.153971638285526
reference,d_optimal_equal,256,254,777,318.24046920821115,12.084807554916546,10.517666318927127
reference,d_optimal_equal,256,255,741,306.2756598240469,2.4524808663386826,19.817134568731973
reference,d_optimal_equal,256,256,75,84.9266862170088,0.49581405113924143,10.632435271415446
reference_zero_residual,uniform_equal,16,1,0,60.0,94.75385533311936,-74.60226474698476
reference_zero_residual,uniform_equal,16,2,68,82.6001955034213,0.5733769065755273,22.354810176636818
reference_zero_residual,uniform_equal,16,3,136,105.20039100684261,0.4213478257448006,24.60756483268321
reference_zero_residual,uniform_equal,16,4,205,128.1329423264907,0.6364819895110891,26.105299568914205
reference_zero_residual,uniform_equal,16,5,273,150.73313782991204,0.6199163460763701,27.532824032440885
reference_zero_residual,uniform_equal,16,6,341,173.33333333333331,4.782880091465701,24.583327265298763
reference_zero_residual,uniform_equal,16,7,409,195.93352883675465,3.0817234288274604,27.34901735679982
reference_zero_residual,uniform_equal,16,8,477,218.53372434017595,0.6323768382092024,30.746558084886686
reference_zero_residual,uniform_equal,16,9,546,241.46627565982405,0.48189133356003144,31.763803918281084
reference_zero_residual,uniform_equal,16,10,614,264.06647116324535,0.5881117025609661,32.43471911221748
reference_zero_residual,uniform_equal,16,11,682,286.66666666666663,0.9760566800286042,32.76005282891124
reference_zero_residual,uniform_equal,16,12,750,309.26686217008796,3.1478055761355193,31.247427762385158
reference_zero_residual,uniform_equal,16,13,818,331.8670576735093,12.346792470410795,22.66105600613811
reference_zero_residual,uniform_equal,16,14,887,354.7996089931574,8.174063598884514,27.414164630493218
reference_zero_residual,uniform_equal,16,15,955,377.39980449657867,361.0804304055005,-324.9558314099878
reference_zero_residual,uniform_equal,16,16,1023,400.0,12.227094374665729,24.40267103035525
reference_zero_residual,d_optimal_equal,16,1,860,345.8260019550342,5.388194009839148,29.97752444634243
reference_zero_residual,d_optimal_equal,16,2,898,358.455522971652,10.789046956053062,24.888224147377514
reference_zero_residual,d_optimal_equal,16,3,1010,395.6793743890518,19.7167822093162,16.818651616190465
reference_zero_residual,d_optimal_equal,16,4,656,278.02541544477026,0.771996867159441,32.69825867879321
reference_zero_residual,d_optimal_equal,16,5,30,69.97067448680352,3.156987654392321,18.329899130905915
reference_zero_residual,d_optimal_equal,16,6,1023,400.0,12.227094374665729,24.40267103035525
reference_zero_residual,d_optimal_equal,16,7,534,237.47800586510263,0.4834365180498871,31.617596929209768
reference_zero_residual,d_optimal_equal,16,8,786,321.23167155425216,28.61954218486174,6.105390545605346
reference_zero_residual,d_optimal_equal,16,9,916,364.4379276637341,20.005425034121867,15.815611912440218
reference_zero_residual,d_optimal_equal,16,10,840,339.17888563049854,5.566829132777475,29.630312625185795
reference_zero_residual,d_optimal_equal,16,11,895,357.45845552297163,9.939462611619405,25.713614458224612
reference_zero_residual,d_optimal_equal,16,12,20,66.64711632453567,11.438448827960586,9.625744014115398
reference_zero_residual,d_optimal_equal,16,13,859,345.49364613880743,5.34988454645323,30.00748232831249
reference_zero_residual,d_optimal_equal,16,14,1009,395.347018572825,20.561093160136195,15.967041778415805
reference_zero_residual,d_optimal_equal,16,15,383,187.29227761485825,21.33329686771005,8.705666131358981
reference_zero_residual,d_optimal_equal,16,16,538,238.80742913000978,0.4820964138632342,31.667425829824012
reference_zero_residual,uniform_equal,32,1,0,60.0,94.75385533311936,-77.61256470362457
reference_zero_residual,uniform_equal,32,2,33,70.96774193548387,2.479739738510761,16.119745623069804
reference_zero_residual,uniform_equal,32,3,66,81.93548387096774,0.6012832396874309,19.246422837847803
reference_zero_residual,uniform_equal,32,4,99,92.90322580645162,0.3695181503264739,20.56936334999459
reference_zero_residual,uniform_equal,32,5,132,103.87096774193549,0.396224231174546,21.511924947878498
reference_zero_residual,uniform_equal,32,6,165,114.83870967741936,2.0793644747494127,20.70066722984454
reference_zero_residual,uniform_equal,32,7,198,125.80645161290322,0.881465309880977,22.69085857578547
reference_zero_residual,uniform_equal,32,8,231,136.77419354838707,0.449127536918979,23.849221340072106
reference_zero_residual,uniform_equal,32,9,264,147.74193548387098,0.5519922706864592,24.416349034527357
reference_zero_residual,uniform_equal,32,10,297,158.70967741935482,0.9545520098277365,24.635781790655912
reference_zero_residual,uniform_equal,32,11,330,169.67741935483872,2.7012646597297842,23.469481968481432
reference_zero_residual,uniform_equal,32,12,363,180.64516129032256,36.95888540071178,-10.244093115451335
reference_zero_residual,uniform_equal,32,13,396,191.61290322580643,6.504336753183256,20.722423891577066
reference_zero_residual,uniform_equal,32,14,429,202.5806451612903,1.4780916778385709,26.232132942041787
reference_zero_residual,uniform_equal,32,15,462,213.54838709677418,0.7549493088643612,27.413242225066057
reference_zero_residual,uniform_equal,32,16,495,224.51612903225805,0.5484073489056059,28.05480918844208
reference_zero_residual,uniform_equal,32,17,528,235.48387096774192,0.4873766937862731,28.530112253759285
reference_zero_residual,uniform_equal,32,18,561,246.4516129032258,0.48930406165501034,28.923594854995258
reference_zero_residual,uniform_equal,32,19,594,257.41935483870964,0.5369341871672585,29.254155384983775
reference_zero_residual,uniform_equal,32,20,627,268.38709677419354,0.6319653469965482,29.521532923954396
reference_zero_residual,uniform_equal,32,21,660,279.35483870967744,0.797328012016394,29.704061573466973
reference_zero_residual,uniform_equal,32,22,693,290.3225806451613,1.1006744633185244,29.735207470604436
reference_zero_residual,uniform_equal,32,23,726,301.2903225806451,1.7788636356405032,29.379105634097826
reference_zero_residual,uniform_equal,32,24,759,312.258064516129,4.321646276686413,27.14689261461794
reference_zero_residual,uniform_equal,32,25,792,323.22580645161287,56.40379633900119,-24.63541016324021
reference_zero_residual,uniform_equal,32,26,825,334.19354838709677,8.364215080840708,23.69401177248001
reference_zero_residual,uniform_equal,32,27,858,345.1612903225806,5.3157625268130255,27.0229447720276
reference_zero_residual,uniform_equal,32,28,891,356.1290322580645,8.976861094767727,23.633552118232345
reference_zero_residual,uniform_equal,32,29,924,367.09677419354836,29.958485294939592,2.9153916913779057
reference_zero_residual,uniform_equal,32,30,957,378.06451612903226,476.89992590705305,-443.7703419282752
reference_zero_residual,uniform_equal,32,31,990,389.0322580645161,57.02183610106638,-23.643858199847273
reference_zero_residual,uniform_equal,32,32,1023,400.0,12.227094374665729,21.392371073715438
reference_zero_residual,d_optimal_equal,32,1,860,345.8260019550342,5.388194009839148,26.967224489702616
reference_zero_residual,d_optimal_equal,32,2,898,358.455522971652,10.789046956053062,21.8779241907377
reference_zero_residual,d_optimal_equal,32,3,1010,395.6793743890518,19.7167822093162,13.808351659550652
reference_zero_residual,d_optimal_equal,32,4,656,278.02541544477026,0.771996867159441,29.687958722153397
reference_zero_residual,d_optimal_equal,32,5,33,70.96774193548387,2.479739738510761,16.119745623069804
reference_zero_residual,d_optimal_equal,32,6,1023,400.0,12.227094374665729,21.392371073715438
reference_zero_residual,d_optimal_equal,32,7,534,237.47800586510263,0.4834365180498871,28.607296972569955
reference_zero_residual,d_optimal_equal,32,8,785,320.8993157380254,25.98772300546286,5.717918437140014
reference_zero_residual,d_optimal_equal,32,9,916,364.4379276637341,20.005425034121867,12.805311955800406
reference_zero_residual,d_optimal_equal,32,10,840,339.17888563049854,5.566829132777475,26.620012668545982
reference_zero_residual,d_optimal_equal,32,11,895,357.45845552297163,9.939462611619405,22.7033145015848
reference_zero_residual,d_optimal_equal,32,12,384,187.62463343108504,19.013674066466287,8.030388690467419
reference_zero_residual,d_optimal_equal,32,13,859,345.49364613880743,5.34988454645323,26.99718237167268
reference_zero_residual,d_optimal_equal,32,14,32,70.63538611925709,2.6762790031839185,15.882433089034862
reference_zero_residual,d_optimal_equal,32,15,1009,395.347018572825,20.561093160136195,12.956741821775992
reference_zero_residual,d_optimal_equal,32,16,538,238.80742913000978,0.4820964138632342,28.6571258731842
reference_zero_residual,d_optimal_equal,32,17,1022,399.6676441837732,12.636946182364175,20.975299251233224
reference_zero_residual,d_optimal_equal,32,18,917,364.7702834799609,20.882276326400532,11.936378309253342
reference_zero_residual,d_optimal_equal,32,19,894,357.12609970674487,9.681920439845602,22.95277699649644
reference_zero_residual,d_optimal_equal,32,20,861,346.15835777126097,5.430657084670213,26.933104973860154
reference_zero_residual,d_optimal_equal,32,21,30,69.97067448680352,3.156987654392321,15.319599174266102
reference_zero_residual,d_optimal_equal,32,22,383,187.29227761485825,21.33329686771005,5.695366174719169
reference_zero_residual,d_optimal_equal,32,23,657,278.3577712609971,0.7781628252357347,29.692169807642216
reference_zero_residual,d_optimal_equal,32,24,1008,395.0146627565982,21.460703396101362,12.049826560330274
reference_zero_residual,d_optimal_equal,32,25,841,339.5112414467253,5.49679580250821,26.698552992083336
reference_zero_residual,d_optimal_equal,32,26,896,357.7908113391984,10.209339733643546,22.4415095476336
reference_zero_residual,d_optimal_equal,32,27,537,238.47507331378299,0.4823479566088963,28.64477748468309
reference_zero_residual,d_optimal_equal,32,28,35,71.63245356793743,2.1515144359689047,16.528947724805676
reference_zero_residual,d_optimal_equal,32,29,915,364.1055718475073,19.189842369870803,13.612969750383456
reference_zero_residual,d_optimal_equal,32,30,358,178.98338220918865,19.771273067744872,6.863246765867743
reference_zero_residual,d_optimal_equal,32,31,1011,396.0117302052786,18.923335193939625,14.60909143366392
reference_zero_residual,d_optimal_equal,32,32,1021,399.3352883675464,13.067761194910323,20.53725821738179
reference_zero_residual,uniform_equal,64,1,0,60.0,94.75385533311936,-80.62286466026438
reference_zero_residual,uniform_equal,64,2,16,65.31769305962854,26.012112797385484,-11.143530380404357
reference_zero_residual,uniform_equal,64,3,32,70.63538611925709,2.6762790031839185,12.87213313239505
reference_zero_residual,uniform_equal,64,4,49,76.28543499511241,1.0331715066766132,15.18362669871189
reference_zero_residual,uniform_equal,64,5,65,81.60312805474095,0.6164081720763208,16.18569362673088
reference_zero_residual,uniform_equal,64,6,81,86.9208211143695,0.44809388379021203,16.902348187687736
reference_zero_residual,uniform_equal,64,7,97,92.23851417399804,0.374628869018335,17.491582766191726
reference_zero_residual,uniform_equal,64,8,114,97.88856304985336,0.3537710505678756,18.02883368162881
reference_zero_residual,uniform_equal,64,9,130,103.20625610948191,0.38656225554392376,18.455523888693747
reference_zero_residual,uniform_equal,64,10,146,108.52394916911047,0.5404829494025766,18.737994501453144
reference_zero_residual,uniform_equal,64,11,162,113.841642228739,1.4507089798932675,18.243279726485753
reference_zero_residual,uniform_equal,64,12,179,119.49169110459432,17.737309381335862,2.3774104342353297
reference_zero_residual,uniform_equal,64,13,195,124.80938416422288,1.0823677411560153,19.41054272991593
reference_zero_residual,uniform_equal,64,14,211,130.12707722385142,0.5390256689847572,20.316293500887085
reference_zero_residual,uniform_equal,64,15,227,135.44477028347995,0.4525390101081405,20.75067147429617
reference_zero_residual,uniform_equal,64,16,244,141.0948191593353,0.4645282876946157,21.09365872247936
reference_zero_residual,uniform_equal,64,17,260,146.41251221896383,0.5281331410409115,21.35139637490765
reference_zero_residual,uniform_equal,64,18,276,151.73020527859236,0.6477118403557677,21.541694732586848
reference_zero_residual,uniform_equal,64,19,292,157.04789833822093,0.8582279055537452,21.630380337932863
reference_zero_residual,uniform_equal,64,20,309,162.69794721407624,1.2881590895631223,21.507448043793957
reference_zero_residual,uniform_equal,64,21,325,168.01564027370478,2.190821067045659,20.884138824130517
reference_zero_residual,uniform_equal,64,22,341,173.33333333333331,4.782880091465701,18.562727352019138
reference_zero_residual,uniform_equal,64,23,357,178.65102639296185,17.67533616244787,5.932739816164371
reference_zero_residual,uniform_equal,64,24,373,183.96871945259042,75.50434678983338,-51.64150141706972
reference_zero_residual,uniform_equal,64,25,390,189.61876832844575,10.437947512510087,13.68764457833278
reference_zero_residual,uniform_equal,64,26,406,194.9364613880743,3.570028112948415,20.79579911638642
reference_zero_residual,uniform_equal,64,27,422,200.25415444770283,1.8370636256424282,22.762532732917066
reference_zero_residual,uniform_equal,64,28,438,205.57184750733137,1.170623366641711,23.65661507802359
reference_zero_residual,uniform_equal,64,29,455,211.2218963831867,0.8390632977038837,24.223681116822902
reference_zero_residual,uniform_equal,64,30,471,216.53958944281524,0.6739110716255119,24.604800774063747
reference_zero_residual,uniform_equal,64,31,487,221.85728250244378,0.5794680724656147,24.909971374229215
reference_zero_residual,uniform_equal,64,32,503,227.17497556207232,0.5251181841212905,25.170057281183446
reference_zero_residual,uniform_equal,64,33,520,232.82502443792765,0.4975913477298168,25.410967461685345
reference_zero_residual,uniform_equal,64,34,536,238.1427174975562,0.4826538881381007,25.622057879972743
reference_zero_residual,uniform_equal,64,35,552,243.46041055718473,0.4836780382847416,25.81285462789741
reference_zero_residual,uniform_equal,64,36,568,248.7781036168133,0.4957950750595537,25.988413649334902
reference_zero_residual,uniform_equal,64,37,585,254.4281524926686,0.5195886312817334,26.1596803208935
reference_zero_residual,uniform_equal,64,38,601,259.74584555229717,0.553059542190644,26.305878324138476
reference_zero_residual,uniform_equal,64,39,617,265.0635386119257,0.5973555849634377,26.437609910723538
reference_zero_residual,uniform_equal,64,40,633,270.38123167155425,0.6556768362976699,26.551819670107065
reference_zero_residual,uniform_equal,64,41,650,276.03128054740955,0.7371700740873353,26.649961594671637
reference_zero_residual,uniform_equal,64,42,666,281.34897360703815,0.8389067625301538,26.713965605399522
reference_zero_residual,uniform_equal,64,43,682,286.66666666666663,0.9760566800286042,26.739452915631617
reference_zero_residual,uniform_equal,64,44,698,291.9843597262952,1.1688056968150748,26.706351746206394
reference_zero_residual,uniform_equal,64,45,714,297.3020527859237,1.4548161833670927,26.577107639712708
reference_zero_residual,uniform_equal,64,46,731,302.95210166177907,1.9596337754422186,26.235811282997375
reference_zero_residual,uniform_equal,64,47,747,308.2697947214076,2.8786575572971214,25.46792757234914
reference_zero_residual,uniform_equal,64,48,763,313.58748778103615,5.130079250617692,23.365060932563694
reference_zero_residual,uniform_equal,64,49,779,318.9051808406647,14.37932372183173,14.26187343778848
reference_zero_residual,uniform_equal,64,50,796,324.55522971652005,86.19627439690247,-57.40253650127892
reference_zero_residual,uniform_equal,64,51,812,329.8729227761486,20.138387891172755,8.796511143326484
reference_zero_residual,uniform_equal,64,52,828,335.1906158357771,7.4178003325348065,21.65600236070297
reference_zero_residual,uniform_equal,64,53,844,340.50830889540566,5.3372039553609065,23.873315985657683
reference_zero_residual,uniform_equal,64,54,861,346.15835777126097,5.430657084670213,23.92280501722034
reference_zero_residual,uniform_equal,64,55,877,351.4760508308895,6.6952092171835575,22.790671208865703
reference_zero_residual,uniform_equal,64,56,893,356.79374389051804,9.436044795200834,20.18026548486752
reference_zero_residual,uniform_equal,64,57,909,362.11143695014664,15.272674108253252,14.472136393280067
reference_zero_residual,uniform_equal,64,58,926,367.76148582600194,34.788399663954216,-4.909109091218198
reference_zero_residual,uniform_equal,64,59,942,373.0791788856305,87.61683420497877,-57.61284829483637
reference_zero_residual,uniform_equal,64,60,958,378.396871945259,548.0216762270969,-517.8947598097789
reference_zero_residual,uniform_equal,64,61,974,383.71456500488756,255.1594236540389,-224.91129230037143
reference_zero_residual,uniform_equal,64,62,991,389.3646138807429,53.32098849652287,-22.945893240235932
reference_zero_residual,uniform_equal,64,63,1007,394.68230694037146,22.42054595334306,8.072372872108417
reference_zero_residual,uniform_equal,64,64,1023,400.0,12.227094374665729,18.382071117075625
reference_zero_residual,d_optimal_equal,64,1,860,345.8260019550342,5.388194009839148,23.95692453306279
reference_zero_residual,d_optimal_equal,64,2,898,358.455522971652,10.789046956053062,18.867624234097903
reference_zero_residual,d_optimal_equal,64,3,1011,396.0117302052786,18.923335193939625,11.598791477024108
reference_zero_residual,d_optimal_equal,64,4,656,278.02541544477026,0.771996867159441,26.677658765513584
reference_zero_residual,d_optimal_equal,64,5,37,72.297165200391,1.8893933246231691,13.86099771605842
reference_zero_residual,d_optimal_equal,64,6,1023,400.0,12.227094374665729,18.382071117075625
reference_zero_residual,d_optimal_equal,64,7,534,237.47800586510263,0.4834365180498871,25.596997015930143
reference_zero_residual,d_optimal_equal,64,8,784,320.5669599217986,23.554093111688985,5.132247725890309
reference_zero_residual,d_optimal_equal,64,9,916,364.4379276637341,20.005425034121867,9.795011999160593
reference_zero_residual,d_optimal_equal,64,10,840,339.17888563049854,5.566829132777475,23.609712711906155
reference_zero_residual,d_optimal_equal,64,11,895,357.45845552297163,9.939462611619405,19.693014544944972
reference_zero_residual,d_optimal_equal,64,12,385,187.9569892473118,17.024156908244418,7.024978351826647
reference_zero_residual,d_optimal_equal,64,13,1009,395.347018572825,20.561093160136195,9.94644186513618
reference_zero_residual,d_optimal_equal,64,14,859,345.49364613880743,5.34988454645323,23.986882415032866
reference_zero_residual,d_optimal_equal,64,15,36,71.96480938416423,2.0134167638215406,13.6969524893303
reference_zero_residual,d_optimal_equal,64,16,538,238.80742913000978,0.4820964138632342,25.646825916544387
reference_zero_residual,d_optimal_equal,64,17,1022,399.6676441837732,12.636946182364175,17.96499929459341
reference_zero_residual,d_optimal_equal,64,18,868,348.48484848484844,5.844049117332147,23.5675945573644
reference_zero_residual,d_optimal_equal,64,19,896,357.7908113391984,10.209339733643546,19.431209590993788
reference_zero_residual,d_optimal_equal,64,20,35,71.63245356793743,2.1515144359689047,13.518647768165863
reference_zero_residual,d_optimal_equal,64,21,668,282.0136852394917,0.8538176857974951,26.7195516549764
reference_zero_residual,d_optimal_equal,64,22,384,187.62463343108504,19.013674066466287,5.020088733827606
reference_zero_residual,d_optimal_equal,64,23,861,346.15835777126097,5.430657084670213,23.92280501722034
reference_zero_residual,d_optimal_equal,64,24,915,364.1055718475073,19.189842369870803,10.60266979374363
reference_zero_residual,d_optimal_equal,64,25,1010,395.6793743890518,19.7167822093162,10.79805170291084
reference_zero_residual,d_optimal_equal,64,26,539,239.13978494623655,0.4818977064593544,25.659104645844437
reference_zero_residual,d_optimal_equal,64,27,841,339.5112414467253,5.49679580250821,23.688253035443523
reference_zero_residual,d_optimal_equal,64,28,38,72.62952101661779,1.777540011082887,14.0126892550675
reference_zero_residual,d_optimal_equal,64,29,897,358.1231671554252,10.492274064577176,19.156339933287455
reference_zero_residual,d_optimal_equal,64,30,357,178.65102639296185,17.67533616244787,5.932739816164371
reference_zero_residual,d_optimal_equal,64,31,1021,399.3352883675464,13.067761194910323,17.526958260741978
reference_zero_residual,d_optimal_equal,64,32,730,302.6197458455523,1.920687690253782,26.265223218796123
reference_zero_residual,d_optimal_equal,64,33,858,345.1612903225806,5.3157625268130255,24.012644815387773
reference_zero_residual,d_optimal_equal,64,34,917,364.7702834799609,20.882276326400532,8.92607835261353
reference_zero_residual,d_optimal_equal,64,35,1008,395.0146627565982,21.460703396101362,9.039526603690462
reference_zero_residual,d_optimal_equal,64,36,39,72.96187683284458,1.676277287410011,14.153608318297728
reference_zero_residual,d_optimal_equal,64,37,657,278.3577712609971,0.7781628252357347,26.681869851002403
reference_zero_residual,d_optimal_equal,64,38,894,357.12609970674487,9.681920439845602,19.942477039856612
reference_zero_residual,d_optimal_equal,64,39,386,188.2893450635386,15.311086216733955,8.753394344688502
reference_zero_residual,d_optimal_equal,64,40,537,238.47507331378299,0.4823479566088963,25.634477528043277
reference_zero_residual,d_optimal_equal,64,41,862,346.4907135874878,5.477253324999087,23.884544328850595
reference_zero_residual,d_optimal_equal,64,42,842,339.8435972629521,5.435571489023195,23.75797601856665
reference_zero_residual,d_optimal_equal,64,43,40,73.29423264907136,1.584282707136805,14.285079005512713
reference_zero_residual,d_optimal_equal,64,44,899,358.78787878787875,11.100504799040197,18.56421611632213
reference_zero_residual,d_optimal_equal,64,45,1020,399.00293255131965,13.520988999964507,17.066498417858625
reference_zero_residual,d_optimal_equal,64,46,783,320.23460410557186,21.296173759357043,7.381157093349444
reference_zero_residual,d_optimal_equal,64,47,869,348.81720430107526,5.9200367025567315,23.499886902329052
reference_zero_residual,d_optimal_equal,64,48,536,238.1427174975562,0.4826538881381007,25.622057879972743
reference_zero_residual,d_optimal_equal,64,49,1012,396.34408602150535,18.176754465100558,12.352658846663914
reference_zero_residual,d_optimal_equal,64,50,41,73.62658846529814,1.5004405127954576,14.408218705035964
reference_zero_residual,d_optimal_equal,64,51,918,365.10263929618765,21.82877453422479,7.987490579742442
reference_zero_residual,d_optimal_equal,64,52,839,338.8465298142717,5.646348098194352,23.521678413270934
reference_zero_residual,d_optimal_equal,64,53,893,356.79374389051804,9.436044795200834,20.18026548486752
reference_zero_residual,d_optimal_equal,64,54,356,178.3186705767351,15.872274948085007,7.719627070670356
reference_zero_residual,d_optimal_equal,64,55,731,302.95210166177907,1.9596337754422186,26.235811282997375
reference_zero_residual,d_optimal_equal,64,56,857,344.82893450635385,5.28587583952641,24.034163830032966
reference_zero_residual,d_optimal_equal,64,57,655,277.6930596285435,0.7659379953232395,26.673328181486823
reference_zero_residual,d_optimal_equal,64,58,42,73.95894428152492,1.4238027667917172,14.523976963281669
reference_zero_residual,d_optimal_equal,64,59,1007,394.68230694037146,22.42054595334306,8.072372872108417
reference_zero_residual,d_optimal_equal,64,60,900,359.1202346041056,11.427565777658423,18.24519740966798
reference_zero_residual,d_optimal_equal,64,61,540,239.47214076246334,0.4817504910523375,25.671315106019378
reference_zero_residual,d_optimal_equal,64,62,1019,398.6705767350928,13.998206296043959,16.582043057398764
reference_zero_residual,d_optimal_equal,64,63,358,178.98338220918865,19.771273067744872,3.85294680922793
reference_zero_residual,d_optimal_equal,64,64,843,340.1759530791789,5.382553802125127,23.819484067745364
reference_zero_residual,uniform_equal,128,1,0,60.0,94.75385533311936,-83.6331646169042
reference_zero_residual,uniform_equal,128,2,8,62.65884652981427,121.63399680057584,-110.13668317590043
reference_zero_residual,uniform_equal,128,3,16,65.31769305962854,26.012112797385484,-14.15383033704417
reference_zero_residual,uniform_equal,128,4,24,67.97653958944281,6.037108197650821,6.1677385635930335
reference_zero_residual,uniform_equal,128,5,32,70.63538611925709,2.6762790031839185,9.861833175755237
reference_zero_residual,uniform_equal,128,6,40,73.29423264907136,1.584282707136805,11.274779048872901
reference_zero_residual,uniform_equal,128,7,48,75.95307917888563,1.0768603812190642,12.091713029098301
reference_zero_residual,uniform_equal,128,8,56,78.6119257086999,0.7993742822826584,12.668060127354266
reference_zero_residual,uniform_equal,128,9,64,81.27077223851417,0.6323855778215295,13.123967859881475
reference_zero_residual,uniform_equal,128,10,72,83.92961876832845,0.525669507639648,13.510301209527839
reference_zero_residual,uniform_equal,128,11,81,86.9208211143695,0.44809388379021203,13.892048231047923
reference_zero_residual,uniform_equal,128,12,89,89.57966764418377,0.40336142760781063,14.198493217038461
reference_zero_residual,uniform_equal,128,13,97,92.23851417399804,0.374628869018335,14.481282809551914
reference_zero_residual,uniform_equal,128,14,105,94.89736070381232,0.3587512338864081,14.743997153610593
reference_zero_residual,uniform_equal,128,15,113,97.5562072336266,0.35369541048791314,14.989068449558573
reference_zero_residual,uniform_equal,128,16,121,100.21505376344086,0.3601166680294049,15.216208316513786
reference_zero_residual,uniform_equal,128,17,129,102.87390029325513,0.382337081215557,15.421432741356824
reference_zero_residual,uniform_equal,128,18,137,105.5327468230694,0.42908853073606157,15.596322021252575
reference_zero_residual,uniform_equal,128,19,145,108.19159335288367,0.5230478783264229,15.718488165350948
reference_zero_residual,uniform_equal,128,20,153,110.85043988269794,0.7306516089254927,15.721762516511333
reference_zero_residual,uniform_equal,128,21,161,113.50928641251221,1.310862527631658,15.347431049860148
reference_zero_residual,uniform_equal,128,22,169,116.16813294232648,4.024216622221234,12.835189274710373
reference_zero_residual,uniform_equal,128,23,177,118.82697947214075,30.988565581941533,-13.932598719484346
reference_zero_residual,uniform_equal,128,24,185,121.48582600195503,3.694860514219549,13.553317411738249
reference_zero_residual,uniform_equal,128,25,193,124.1446725317693,1.2798416161799862,16.156385837238233
reference_zero_residual,uniform_equal,128,26,201,126.80351906158357,0.7498847140133166,16.870407120304478
reference_zero_residual,uniform_equal,128,27,209,129.46236559139783,0.5648000648270552,17.235736411072637
reference_zero_residual,uniform_equal,128,28,217,132.12121212121212,0.4875676887738585,17.48954900758237
reference_zero_residual,uniform_equal,128,29,226,135.1124144672532,0.4541615329731569,17.717409273984913
reference_zero_residual,uniform_equal,128,30,234,137.77126099706743,0.44940090117928794,17.89143747634475
reference_zero_residual,uniform_equal,128,31,242,140.43010752688173,0.4599565226692096,18.04691375357544
reference_zero_residual,uniform_equal,128,32,250,143.08895405669597,0.4827431487867827,18.187044741955575
reference_zero_residual,uniform_equal,128,33,258,145.74780058651027,0.5174850376642907,18.31222086569467
reference_zero_residual,uniform_equal,128,34,266,148.40664711632454,0.5652868832719852,18.42144589282178
reference_zero_residual,uniform_equal,128,35,274,151.0654936461388,0.6288622469921031,18.51210894548717
reference_zero_residual,uniform_equal,128,36,282,153.72434017595307,0.7128451953825377,18.579673265521407
reference_zero_residual,uniform_equal,128,37,290,156.38318670576734,0.8246625498971486,18.616804333451498
reference_zero_residual,uniform_equal,128,38,298,159.0420332355816,0.9762475710431158,18.611656521993112
reference_zero_residual,uniform_equal,128,39,306,161.70087976539588,1.1873540197277832,18.54455934435964
reference_zero_residual,uniform_equal,128,40,314,164.35972629521018,1.4922673247902503,18.381306571131688
reference_zero_residual,uniform_equal,128,41,322,167.01857282502442,1.9544079319524272,18.0585531428855
reference_zero_residual,uniform_equal,128,42,330,169.67741935483872,2.7012646597297842,17.448882055201807
reference_zero_residual,uniform_equal,128,43,338,172.33626588465296,4.018834474449656,16.266364805835835
reference_zero_residual,uniform_equal,128,44,346,174.99511241446726,6.651052679639692,13.767131410506309
reference_zero_residual,uniform_equal,128,45,354,177.6539589442815,12.96385798613173,7.585305522497322
reference_zero_residual,uniform_equal,128,46,362,180.3128054740958,32.362735757603446,-11.684538637269256
reference_zero_residual,uniform_equal,128,47,371,183.30400782013686,83.98895130340709,-63.1678463823481
reference_zero_residual,uniform_equal,128,48,379,185.9628543499511,35.34114590583825,-14.39495612604685
reference_zero_residual,uniform_equal,128,49,387,188.6217008797654,13.829802340008861,7.239696503491359
reference_zero_residual,uniform_equal,128,50,395,191.28054740957967,6.987937337176844,14.203144490966423
reference_zero_residual,uniform_equal,128,51,403,193.93939393939394,4.191707868314906,17.11927852234733
reference_zero_residual,uniform_equal,128,52,411,196.5982404692082,2.8124750052666174,18.616783235870102
reference_zero_residual,uniform_equal,128,53,419,199.25708699902248,2.0399944515716304,19.505946795832557
reference_zero_residual,uniform_equal,128,54,427,201.91593352883675,1.5672388669852497,20.093838665760714
reference_zero_residual,uniform_equal,128,55,435,204.57478005865102,1.258773237259803,20.5159343299227
reference_zero_residual,uniform_equal,128,56,443,207.23362658846528,1.0479046032755075,20.838965649598606
reference_zero_residual,uniform_equal,128,57,451,209.89247311827955,0.8982880240036748,21.09931498007336
reference_zero_residual,uniform_equal,128,58,459,212.55131964809382,0.7883225616098337,21.318619260457623
reference_zero_residual,uniform_equal,128,59,467,215.2101661779081,0.7067776446511329,21.50814372075628
reference_zero_residual,uniform_equal,128,60,475,217.8690127077224,0.6452869706429454,21.676288045253898
reference_zero_residual,uniform_equal,128,61,483,220.52785923753666,0.5985087252170371,21.82842621530817
reference_zero_residual,uniform_equal,128,62,491,223.18670576735093,0.5628596304005338,21.968172519309974
reference_zero_residual,uniform_equal,128,63,499,225.8455522971652,0.535885402126243,22.09801114996374
reference_zero_residual,uniform_equal,128,64,507,228.50439882697947,0.5159954173001629,22.219561588803344
reference_zero_residual,uniform_equal,128,65,516,231.49560117302053,0.5018754590608802,22.34664511082137
reference_zero_residual,uniform_equal,128,66,524,234.1544477028348,0.4918047345950342,22.4559092040908
reference_zero_residual,uniform_equal,128,67,532,236.81329423264907,0.48446341695770656,22.561323875053034
reference_zero_residual,uniform_equal,128,68,540,239.47214076246334,0.4817504910523375,22.661015149379566
reference_zero_residual,uniform_equal,128,69,548,242.1309872922776,0.4823098439268346,22.756363322089
reference_zero_residual,uniform_equal,128,70,556,244.78983382209188,0.4857395156027852,22.847793742912685
reference_zero_residual,uniform_equal,128,71,564,247.44868035190615,0.49192047093840824,22.935448078671158
reference_zero_residual,uniform_equal,128,72,572,250.10752688172042,0.5003423859745422,23.019858559337635
reference_zero_residual,uniform_equal,128,73,580,252.7663734115347,0.5113900418815254,23.10066161478717
reference_zero_residual,uniform_equal,128,74,588,255.42521994134896,0.5249923824113819,23.177948846434205
reference_zero_residual,uniform_equal,128,75,596,258.0840664711632,0.5412730851191252,23.25161648359503
reference_zero_residual,uniform_equal,128,76,604,260.7429130009775,0.560577793643825,23.321338177376333
reference_zero_residual,uniform_equal,128,77,612,263.40175953079176,0.5822185159734857,23.387820627252765
reference_zero_residual,uniform_equal,128,78,620,266.06060606060606,0.6071237317112453,23.450153497395362
reference_zero_residual,uniform_equal,128,79,628,268.71945259042036,0.6357563481852221,23.507891482983254
reference_zero_residual,uniform_equal,128,80,636,271.3782991202346,0.6684398551600407,23.56072817680986
reference_zero_residual,uniform_equal,128,81,644,274.03714565004884,0.7057356068499013,23.60811880754828
reference_zero_residual,uniform_equal,128,82,652,276.69599217986314,0.7483807098532438,23.649342371115893
reference_zero_residual,uniform_equal,128,83,661,279.6871945259042,0.8039475421282078,23.687169819618703
reference_zero_residual,uniform_equal,128,84,669,282.3460410557185,0.861485422968203,23.711814337783977
reference_zero_residual,uniform_equal,128,85,677,285.00488758553274,0.9284418622162117,23.726270003213855
reference_zero_residual,uniform_equal,128,86,685,287.663734115347,1.0071050057487472,23.728262975959538
reference_zero_residual,uniform_equal,128,87,693,290.3225806451613,1.1006744633185244,23.71460755732481
reference_zero_residual,uniform_equal,128,88,701,292.9814271749756,1.214044684509442,23.68042282831091
reference_zero_residual,uniform_equal,128,89,709,295.6402737047898,1.3516468425021173,23.621290779600585
reference_zero_residual,uniform_equal,128,90,717,298.29912023460406,1.5243696093544903,23.526335549411257
reference_zero_residual,uniform_equal,128,91,725,300.95796676441836,1.7465419942866074,23.381240597761305
reference_zero_residual,uniform_equal,128,92,733,303.61681329423266,2.042288884985493,23.161893177164387
reference_zero_residual,uniform_equal,128,93,741,306.2756598240469,2.4524808663386826,22.827434525371785
reference_zero_residual,uniform_equal,128,94,749,308.93450635386114,3.053056631745093,22.301937465041604
reference_zero_residual,uniform_equal,128,95,757,311.5933528836755,3.99805491461541,21.43137448274794
reference_zero_residual,uniform_equal,128,96,765,314.25219941348973,5.640912025905256,19.862320201510485
reference_zero_residual,uniform_equal,128,97,773,316.911045943304,8.953344337820326,16.623068906728648
reference_zero_residual,uniform_equal,128,98,781,319.5698924731183,17.401835775398226,8.24714706383611
reference_zero_residual,uniform_equal,128,99,789,322.2287390029325,39.185042203095065,-13.464091059432263
reference_zero_residual,uniform_equal,128,100,797,324.8875855327468,90.65547222446779,-64.86314418423251
reference_zero_residual,uniform_equal,128,101,806,327.8787878787879,39.25921470435158,-13.387282577956029
reference_zero_residual,uniform_equal,128,102,814,330.5376344086021,16.791940136910142,9.150143863827978
reference_zero_residual,uniform_equal,128,103,822,333.1964809384164,9.683386455086977,16.32828737243014
reference_zero_residual,uniform_equal,128,104,830,335.85532746823066,6.9349548067775855,19.145755734521728
reference_zero_residual,uniform_equal,128,105,838,338.51417399804495,5.736107457329914,20.41309540795838
reference_zero_residual,uniform_equal,128,106,846,341.17302052785925,5.267638726311761,20.949520591627547
reference_zero_residual,uniform_equal,128,107,854,343.8318670576735,5.222335186592524,21.062253032724726
reference_zero_residual,uniform_equal,128,108,862,346.4907135874878,5.477253324999087,20.874244372210782
reference_zero_residual,uniform_equal,128,109,870,349.14956011730203,6.000428619054236,20.417467073952793
reference_zero_residual,uniform_equal,128,110,878,351.8084066471163,6.8149446362867385,19.668845331070557
reference_zero_residual,uniform_equal,128,111,886,354.46725317693057,7.9947950328348,18.554393072776648
reference_zero_residual,uniform_equal,128,112,894,357.12609970674487,9.681920439845602,16.9321770832168
reference_zero_residual,uniform_equal,128,113,902,359.7849462365591,12.132576231203275,14.545949238787813
reference_zero_residual,uniform_equal,128,114,910,362.4437927663734,15.829590982947952,10.912888053578428
reference_zero_residual,uniform_equal,128,115,918,365.10263929618765,21.82877453422479,4.977190623102629
reference_zero_residual,uniform_equal,128,116,926,367.76148582600194,34.788399663954216,-7.919409047858039
reference_zero_residual,uniform_equal,128,117,934,370.4203323558162,50.006295809230146,-23.074733759302802
reference_zero_residual,uniform_equal,128,118,942,373.0791788856305,87.61683420497877,-60.62314825147618
reference_zero_residual,uniform_equal,128,119,951,376.07038123167155,215.61010621140838,-188.5470578957943
reference_zero_residual,uniform_equal,128,120,959,378.7292277614858,627.0186332443037,-599.8943910892349
reference_zero_residual,uniform_equal,128,121,967,381.3880742913001,662.0567168928955,-634.8717090069263
reference_zero_residual,uniform_equal,128,122,975,384.0469208211143,225.3328822247667,-198.08753076799672
reference_zero_residual,uniform_equal,128,123,983,386.7057673509286,98.11667048749062,-70.81139179468875
reference_zero_residual,uniform_equal,128,124,991,389.3646138807429,53.32098849652287,-25.956193196875745
reference_zero_residual,uniform_equal,128,125,999,392.02346041055716,33.09201452869434,-5.668107662295341
reference_zero_residual,uniform_equal,128,126,1007,394.68230694037146,22.42054595334306,5.062072915468605
reference_zero_residual,uniform_equal,128,127,1015,397.3411534701857,16.183766097116873,11.35717057522696
reference_zero_residual,uniform_equal,128,128,1023,400.0,12.227094374665729,15.371771160435799
reference_zero_residual,d_optimal_equal,128,1,860,345.8260019550342,5.388194009839148,20.946624576422977
reference_zero_residual,d_optimal_equal,128,2,898,358.455522971652,10.789046956053062,15.85732427745809
reference_zero_residual,d_optimal_equal,128,3,1011,396.0117302052786,18.923335193939625,8.58849152038431
reference_zero_residual,d_optimal_equal,128,4,656,278.02541544477026,0.771996867159441,23.66735880887377
reference_zero_residual,d_optimal_equal,128,5,42,73.95894428152492,1.4238027667917172,11.513677006641856
reference_zero_residual,d_optimal_equal,128,6,1023,400.0,12.227094374665729,15.371771160435799
reference_zero_residual,d_optimal_equal,128,7,534,237.47800586510263,0.4834365180498871,22.58669705929033
reference_zero_residual,d_optimal_equal,128,8,782,319.90224828934504,19.23841115247057,6.41960040284448
reference_zero_residual,d_optimal_equal,128,9,668,282.0136852394917,0.8538176857974951,23.709251698336587
reference_zero_residual,d_optimal_equal,128,10,386,188.2893450635386,15.311086216733955,5.743094388048689
reference_zero_residual,d_optimal_equal,128,11,894,357.12609970674487,9.681920439845602,16.9321770832168
reference_zero_residual,d_optimal_equal,128,12,915,364.1055718475073,19.189842369870803,7.592369837103817
reference_zero_residual,d_optimal_equal,128,13,859,345.49364613880743,5.34988454645323,20.976582458393054
reference_zero_residual,d_optimal_equal,128,14,1010,395.6793743890518,19.7167822093162,7.787751746271027
reference_zero_residual,d_optimal_equal,128,15,41,73.62658846529814,1.5004405127954576,11.397918748396151
reference_zero_residual,d_optimal_equal,128,16,1022,399.6676441837732,12.636946182364175,14.954699337953599
reference_zero_residual,d_optimal_equal,128,17,538,238.80742913000978,0.4820964138632342,22.636525959904574
reference_zero_residual,d_optimal_equal,128,18,868,348.48484848484844,5.844049117332147,20.55729460072459
reference_zero_residual,d_optimal_equal,128,19,897,358.1231671554252,10.492274064577176,16.146039976647643
reference_zero_residual,d_optimal_equal,128,20,841,339.5112414467253,5.49679580250821,20.67795307880371
reference_zero_residual,d_optimal_equal,128,21,40,73.29423264907136,1.584282707136805,11.274779048872901
reference_zero_residual,d_optimal_equal,128,22,385,187.9569892473118,17.024156908244418,4.014678395186834
reference_zero_residual,d_optimal_equal,128,23,861,346.15835777126097,5.430657084670213,20.91250506058053
reference_zero_residual,d_optimal_equal,128,24,730,302.6197458455523,1.920687690253782,23.25492326215631
reference_zero_residual,d_optimal_equal,128,25,916,364.4379276637341,20.005425034121867,6.7847120425207805
reference_zero_residual,d_optimal_equal,128,26,1009,395.347018572825,20.561093160136195,6.936141908496367
reference_zero_residual,d_optimal_equal,128,27,895,357.45845552297163,9.939462611619405,16.68271458830516
reference_zero_residual,d_optimal_equal,128,28,43,74.29130009775172,1.3535589797551564,11.622865900159752
reference_zero_residual,d_optimal_equal,128,29,539,239.13978494623655,0.4818977064593544,22.648804689204624
reference_zero_residual,d_optimal_equal,128,30,1021,399.3352883675464,13.067761194910323,14.516658304102165
reference_zero_residual,d_optimal_equal,128,31,387,188.6217008797654,13.829802340008861,7.239696503491359
reference_zero_residual,d_optimal_equal,128,32,840,339.17888563049854,5.566829132777475,20.599412755266343
reference_zero_residual,d_optimal_equal,128,33,858,345.1612903225806,5.3157625268130255,21.00234485874796
reference_zero_residual,d_optimal_equal,128,34,869,348.81720430107526,5.9200367025567315,20.48958694568924
reference_zero_residual,d_optimal_equal,128,35,896,357.7908113391984,10.209339733643546,16.420909634353976
reference_zero_residual,d_optimal_equal,128,36,44,74.6236559139785,1.2890121816105915,11.726183964950081
reference_zero_residual,d_optimal_equal,128,37,537,238.47507331378299,0.4823479566088963,22.624177571403465
reference_zero_residual,d_optimal_equal,128,38,917,364.7702834799609,20.882276326400532,5.915778395973732
reference_zero_residual,d_optimal_equal,128,39,1008,395.0146627565982,21.460703396101362,6.029226647050649
reference_zero_residual,d_optimal_equal,128,40,388,188.95405669599216,12.543331942018831,8.541458172851293
reference_zero_residual,d_optimal_equal,128,41,842,339.8435972629521,5.435571489023195,20.74767606192684
reference_zero_residual,d_optimal_equal,128,42,862,346.4907135874878,5.477253324999087,20.874244372210782
reference_zero_residual,d_optimal_equal,128,43,657,278.3577712609971,0.7781628252357347,23.67156989436259
reference_zero_residual,d_optimal_equal,128,44,899,358.78787878787875,11.100504799040197,15.553916159682316
reference_zero_residual,d_optimal_equal,128,45,45,74.95601173020528,1.2295598789070559,11.824235239512518
reference_zero_residual,d_optimal_equal,128,46,1020,399.00293255131965,13.520988999964507,14.056198461218798
reference_zero_residual,d_optimal_equal,128,47,729,302.2873900293255,1.8832139065512576,23.28285241971841
reference_zero_residual,d_optimal_equal,128,48,783,320.23460410557186,21.296173759357043,4.370857136709631
reference_zero_residual,d_optimal_equal,128,49,1012,396.34408602150535,18.176754465100558,9.342358890024101
reference_zero_residual,d_optimal_equal,128,50,46,75.28836754643206,1.1746787499441442,11.917544570089177
reference_zero_residual,d_optimal_equal,128,51,893,356.79374389051804,9.436044795200834,17.169965528227706
reference_zero_residual,d_optimal_equal,128,52,655,277.6930596285435,0.7659379953232395,23.66302822484701
reference_zero_residual,d_optimal_equal,128,53,356,178.3186705767351,15.872274948085007,4.709327114030543
reference_zero_residual,d_optimal_equal,128,54,843,340.1759530791789,5.382553802125127,20.80918411110555
reference_zero_residual,d_optimal_equal,128,55,536,238.1427174975562,0.4826538881381007,22.61175792333293
reference_zero_residual,d_optimal_equal,128,56,914,363.7732160312805,18.428718306378148,8.345561793797842
reference_zero_residual,d_optimal_equal,128,57,857,344.82893450635385,5.28587583952641,21.023863873393154
reference_zero_residual,d_optimal_equal,128,58,47,75.62072336265885,1.1239122332001483,12.00657002259787
reference_zero_residual,d_optimal_equal,128,59,900,359.1202346041056,11.427565777658423,15.234897453028168
reference_zero_residual,d_optimal_equal,128,60,867,348.1524926686217,5.772391559915837,20.620664327475538
reference_zero_residual,d_optimal_equal,128,61,1019,398.6705767350928,13.998206296043959,13.571743100758951
reference_zero_residual,d_optimal_equal,128,62,355,177.98631476050832,14.314858755352782,6.250539173245812
reference_zero_residual,d_optimal_equal,128,63,839,338.8465298142717,5.646348098194352,20.51137845663112
reference_zero_residual,d_optimal_equal,128,64,540,239.47214076246334,0.4817504910523375,22.661015149379566
reference_zero_residual,d_optimal_equal,128,65,48,75.95307917888563,1.0768603812190642,12.091713029098301
reference_zero_residual,d_optimal_equal,128,66,731,302.95210166177907,1.9596337754422186,23.225511326357562
reference_zero_residual,d_optimal_equal,128,67,1013,396.67644183773217,17.47342857375153,10.05296531449406
reference_zero_residual,d_optimal_equal,128,68,863,346.82306940371456,5.5279751140180435,20.831850143474796
reference_zero_residual,d_optimal_equal,128,69,658,278.69012707722385,0.7844383069194778,23.67565907356878
reference_zero_residual,d_optimal_equal,128,70,892,356.4613880742913,9.201216425008697,17.396699161992828
reference_zero_residual,d_optimal_equal,128,71,357,178.65102639296185,17.67533616244787,2.922439859524559
reference_zero_residual,d_optimal_equal,128,72,49,76.28543499511241,1.0331715066766132,12.173326742072078
reference_zero_residual,d_optimal_equal,128,73,844,340.50830889540566,5.3372039553609065,20.86301602901787
reference_zero_residual,d_optimal_equal,128,74,535,237.81036168132943,0.48301602523534554,22.59926515178526
reference_zero_residual,d_optimal_equal,128,75,918,365.10263929618765,21.82877453422479,4.977190623102629
reference_zero_residual,d_optimal_equal,128,76,1007,394.68230694037146,22.42054595334306,5.062072915468605
reference_zero_residual,d_optimal_equal,128,77,1018,398.33822091886606,14.501130499598936,13.061574796220043
reference_zero_residual,d_optimal_equal,128,78,39,72.96187683284458,1.676277287410011,11.143308361657915
reference_zero_residual,d_optimal_equal,128,79,901,359.45259042033234,11.771227577318582,14.899270485873885
reference_zero_residual,d_optimal_equal,128,80,354,177.6539589442815,12.96385798613173,7.585305522497322
reference_zero_residual,d_optimal_equal,128,81,732,303.28445747800583,2.0001370557246854,23.19453174168865
reference_zero_residual,d_optimal_equal,128,82,870,349.14956011730203,6.000428619054236,20.417467073952793
reference_zero_residual,d_optimal_equal,128,83,838,338.51417399804495,5.736107457329914,20.41309540795838
reference_zero_residual,d_optimal_equal,128,84,50,76.6177908113392,0.9925352591845618,12.25172295795619
reference_zero_residual,d_optimal_equal,128,85,856,344.4965786901271,5.260287224348874,21.041076747041515
reference_zero_residual,d_optimal_equal,128,86,533,237.14565004887584,0.48391794194325205,22.574051022966913
reference_zero_residual,d_optimal_equal,128,87,781,319.5698924731183,17.401835775398226,8.24714706383611
reference_zero_residual,d_optimal_equal,128,88,667,281.68132942326486,0.846292659264335,23.706534284543892
reference_zero_residual,d_optimal_equal,128,89,1017,398.0058651026393,15.031635091617085,12.523820056536806
reference_zero_residual,d_optimal_equal,128,90,866,347.8201368523949,5.705001146165421,20.679758994993108
reference_zero_residual,d_optimal_equal,128,91,51,76.95014662756599,0.9546768536037046,12.327177889161064
reference_zero_residual,d_optimal_equal,128,92,384,187.62463343108504,19.013674066466287,2.0097887771877936
reference_zero_residual,d_optimal_equal,128,93,541,239.8044965786901,0.4816535938800749,22.673158560728112
reference_zero_residual,d_optimal_equal,128,94,1014,397.00879765395894,16.81008787398163,10.723580449935483
reference_zero_residual,d_optimal_equal,128,95,864,347.1554252199413,5.5828272094091425,20.785317631999888
reference_zero_residual,d_optimal_equal,128,96,845,340.8406647116324,5.299041316672881,20.909652463898738
reference_zero_residual,d_optimal_equal,128,97,913,363.44086021505376,17.716366039468472,9.049974703548187
reference_zero_residual,d_optimal_equal,128,98,38,72.62952101661779,1.777540011082887,11.002389298427687
reference_zero_residual,d_optimal_equal,128,99,654,277.36070381231673,0.759983852680561,23.65858046959991
reference_zero_residual,d_optimal_equal,128,100,891,356.1290322580645,8.976861094767727,17.612952204952705
reference_zero_residual,d_optimal_equal,128,101,733,303.61681329423266,2.042288884985493,23.161893177164387
reference_zero_residual,d_optimal_equal,128,102,812,329.8729227761486,20.138387891172755,5.786211186686671
reference_zero_residual,d_optimal_equal,128,103,902,359.7849462365591,12.132576231203275,14.545949238787813
reference_zero_residual,d_optimal_equal,128,104,52,77.28250244379277,0.9193522319461808,12.399937002491953
reference_zero_residual,d_optimal_equal,128,105,1016,397.67350928641247,15.59176696698091,11.95643197672402
reference_zero_residual,d_optimal_equal,128,106,532,236.81329423264907,0.48446341695770656,22.561323875053034
reference_zero_residual,d_optimal_equal,128,107,389,189.28641251221896,11.42112749663968,9.678927017036443
reference_zero_residual,d_optimal_equal,128,108,588,255.42521994134896,0.5249923824113819,23.177948846434205
reference_zero_residual,d_optimal_equal,128,109,865,347.48778103616814,5.641826382778168,20.73463008144556
reference_zero_residual,d_optimal_equal,128,110,37,72.297165200391,1.8893933246231691,10.850697759418608
reference_zero_residual,d_optimal_equal,128,111,734,303.9491691104594,2.0861876658175973,23.12749725301572
reference_zero_residual,d_optimal_equal,128,112,1015,397.3411534701857,16.183766097116873,11.35717057522696
reference_zero_residual,d_optimal_equal,128,113,811,329.54056695992176,22.222375838040268,3.6934675615393076
reference_zero_residual,d_optimal_equal,128,114,837,338.1818181818182,5.836932780489415,20.303738022526332
reference_zero_residual,d_optimal_equal,128,115,53,77.61485826001955,0.8863439872546883,12.47021909558633
reference_zero_residual,d_optimal_equal,128,116,589,255.75757575757575,0.5268760248120455,23.187359818685607
reference_zero_residual,d_optimal_equal,128,117,855,344.16422287390026,5.239075206356084,21.05390493904079
reference_zero_residual,d_optimal_equal,128,118,531,236.48093841642228,0.48507676030915836,22.54851175041219
reference_zero_residual,d_optimal_equal,128,119,784,320.5669599217986,23.554093111688985,2.1219477692504967
reference_zero_residual,d_optimal_equal,128,120,846,341.17302052785925,5.267638726311761,20.949520591627547
reference_zero_residual,d_optimal_equal,128,121,36,71.96480938416423,2.0134167638215406,10.686652532690488
reference_zero_residual,d_optimal_equal,128,122,728,301.9550342130987,1.8471334633751606,23.309377736952925
reference_zero_residual,d_optimal_equal,128,123,669,282.3460410557185,0.861485422968203,23.711814337783977
reference_zero_residual,d_optimal_equal,128,124,353,177.32160312805473,11.7868006177786,8.746098071001995
reference_zero_residual,d_optimal_equal,128,125,919,365.43499511241447,22.85562069436451,3.9582477002597045
reference_zero_residual,d_optimal_equal,128,126,54,77.94721407624633,0.8554579132126472,12.538219747613951
reference_zero_residual,d_optimal_equal,128,127,542,240.1368523949169,0.48160597987456855,22.68523600466152
reference_zero_residual,d_optimal_equal,128,128,903,360.11730205278593,12.512796338494633,14.173749126300663
reference_zero_residual,uniform_equal,256,1,0,60.0,94.75385533311936,-86.64346457354401
reference_zero_residual,uniform_equal,256,2,4,61.329423264907135,130.8731351199271,-122.57239175503332
reference_zero_residual,uniform_equal,256,3,8,62.65884652981427,121.63399680057584,-113.14698313254024
reference_zero_residual,uniform_equal,256,4,12,63.988269794721404,59.547567105225625,-50.878194008126655
reference_zero_residual,uniform_equal,256,5,16,65.31769305962854,26.012112797385484,-17.164130293683982
reference_zero_residual,uniform_equal,256,6,20,66.64711632453567,11.438448827960586,-2.4154558124438523
reference_zero_residual,uniform_equal,256,7,24,67.97653958944281,6.037108197650821,3.157438606953221
reference_zero_residual,uniform_equal,256,8,28,69.30596285434996,3.802094447669086,5.5606833336514825
reference_zero_residual,uniform_equal,256,9,32,70.63538611925709,2.6762790031839185,6.851533219115424
reference_zero_residual,uniform_equal,256,10,36,71.96480938416423,2.0134167638215406,7.676352576050675
reference_zero_residual,uniform_equal,256,11,40,73.29423264907136,1.584282707136805,8.264479092233088
reference_zero_residual,uniform_equal,256,12,44,74.6236559139785,1.2890121816105915,8.715884008310269
reference_zero_residual,uniform_equal,256,13,48,75.95307917888563,1.0768603812190642,9.081413072458489
reference_zero_residual,uniform_equal,256,14,52,77.28250244379277,0.9193522319461808,9.38963704585214
reference_zero_residual,uniform_equal,256,15,56,78.6119257086999,0.7993742822826584,9.657760170714454
reference_zero_residual,uniform_equal,256,16,60,79.94134897360703,0.7060976363193578,9.896697565706262
reference_zero_residual,uniform_equal,256,17,64,81.27077223851417,0.6323855778215295,10.113667903241662
reference_zero_residual,uniform_equal,256,18,68,82.6001955034213,0.5733769065755273,10.313610350077582
reference_zero_residual,uniform_equal,256,19,72,83.92961876832845,0.525669507639648,10.500001252888026
reference_zero_residual,uniform_equal,256,20,76,85.25904203323557,0.4868291310366388,10.675345593370736
reference_zero_residual,uniform_equal,256,21,80,86.58846529814272,0.45508321807453195,10.841483378559516
reference_zero_residual,uniform_equal,256,22,84,87.91788856304986,0.42912457935469933,10.999786162943053
reference_zero_residual,uniform_equal,256,23,88,89.24731182795699,0.40798295962626874,11.151285668718984
reference_zero_residual,uniform_equal,256,24,92,90.57673509286413,0.3909406157173635,11.296758379284597
reference_zero_residual,uniform_equal,256,25,96,91.90615835777126,0.37747901538856,11.43677899931538
reference_zero_residual,uniform_equal,256,26,100,93.2355816226784,0.3672520415788623,11.57174739803736
reference_zero_residual,uniform_equal,256,27,104,94.56500488758553,0.3600787254035215,11.701896013304463
reference_zero_residual,uniform_equal,256,28,108,95.89442815249267,0.3557945906466264,11.827438634611582
reference_zero_residual,uniform_equal,256,29,112,97.2238514173998,0.353807221246143,11.949014954337244
reference_zero_residual,uniform_equal,256,30,116,98.55327468230695,0.35451889063760517,12.066268049064277
reference_zero_residual,uniform_equal,256,31,120,99.88269794721407,0.35854819998925447,12.178622844594898
reference_zero_residual,uniform_equal,256,32,124,101.21212121212122,0.3663027648236319,12.28571352575237
reference_zero_residual,uniform_equal,256,33,128,102.54154447702834,0.37847997631387337,12.386882865216563
reference_zero_residual,uniform_equal,256,34,132,103.87096774193549,0.396224231174546,12.481025077959075
reference_zero_residual,uniform_equal,256,35,136,105.20039100684261,0.4213478257448006,12.56636500612396
reference_zero_residual,uniform_equal,256,36,140,106.52981427174976,0.4567502161329501,12.640038932888118
reference_zero_residual,uniform_equal,256,37,144,107.85923753665689,0.507219456387126,12.697293213706544
reference_zero_residual,uniform_equal,256,38,148,109.18866080156403,0.5810418724456076,12.729874667525834
reference_zero_residual,uniform_equal,256,39,152,110.51808406647116,0.6934814858217747,12.722551214319466
reference_zero_residual,uniform_equal,256,40,156,111.8475073313783,0.8750497762768349,12.644842169975433
reference_zero_residual,uniform_equal,256,41,160,113.17693059628543,1.1937231644064419,12.42880081786852
reference_zero_residual,uniform_equal,256,42,164,114.50635386119257,1.8251451074403626,11.898812364057733
reference_zero_residual,uniform_equal,256,43,168,115.83577712609971,3.3292162453517453,10.495003839229952
reference_zero_residual,uniform_equal,256,44,173,117.49755620723363,10.807138904408625,3.140803526585046
reference_zero_residual,uniform_equal,256,45,177,118.82697947214075,30.988565581941533,-16.94289867612416
reference_zero_residual,uniform_equal,256,46,181,120.1564027370479,9.445716274127228,4.69658783521885
reference_zero_residual,uniform_equal,256,47,185,121.48582600195503,3.694860514219549,10.543017455098436
reference_zero_residual,uniform_equal,256,48,189,122.81524926686217,1.9757193297957045,12.356692302392887
reference_zero_residual,uniform_equal,256,49,193,124.1446725317693,1.2798416161799862,13.14608588059842
reference_zero_residual,uniform_equal,256,50,197,125.47409579667644,0.9388014395448515,13.579645806583727
reference_zero_residual,uniform_equal,256,51,201,126.80351906158357,0.7498847140133166,13.860107163664665
reference_zero_residual,uniform_equal,256,52,205,128.1329423264907,0.6364819895110891,14.064099742354955
reference_zero_residual,uniform_equal,256,53,209,129.46236559139783,0.5648000648270552,14.225436454432824
reference_zero_residual,uniform_equal,256,54,213,130.79178885630498,0.5181475937136182,14.360827752581727
reference_zero_residual,uniform_equal,256,55,217,132.12121212121212,0.4875676887738585,14.479249050942556
reference_zero_residual,uniform_equal,256,56,221,133.45063538611925,0.4679252328844004,14.585853436906888
reference_zero_residual,uniform_equal,256,57,225,134.7800586510264,0.456128533436182,14.68375003894127
reference_zero_residual,uniform_equal,256,58,229,136.10948191593354,0.4502502599440495,14.774883109960243
reference_zero_residual,uniform_equal,256,59,233,137.43890518084066,0.4490633124935874,14.860496178841771
reference_zero_residual,uniform_equal,256,60,237,138.76832844574778,0.4517927989431649,14.941380092227206
reference_zero_residual,uniform_equal,256,61,241,140.09775171065493,0.45794918971380516,15.018039877826908
reference_zero_residual,uniform_equal,256,62,245,141.42717497556208,0.46709864482206787,15.090924434628818
reference_zero_residual,uniform_equal,256,63,249,142.7565982404692,0.4792453560148007,15.160044207198254
reference_zero_residual,uniform_equal,256,64,253,144.08602150537632,0.4943465930479712,15.225456155071967
reference_zero_residual,uniform_equal,256,65,257,145.41544477028347,0.5124661103833212,15.28711036101464
reference_zero_residual,uniform_equal,256,66,261,146.74486803519062,0.5337704629027803,15.34485372957738
reference_zero_residual,uniform_equal,256,67,265,148.07429130009774,0.5585208773174781,15.398438129317583
reference_zero_residual,uniform_equal,256,68,269,149.4037145650049,0.5870783963884191,15.447515261598255
reference_zero_residual,uniform_equal,256,69,273,150.73313782991204,0.6199163460763701,15.491624205881635
reference_zero_residual,uniform_equal,256,70,277,152.06256109481916,0.657639285720866,15.530172481446854
reference_zero_residual,uniform_equal,256,71,281,153.39198435972628,0.70101156667586,15.562407500133375
reference_zero_residual,uniform_equal,256,72,285,154.72140762463343,0.7509968615359746,15.587377048003091
reference_zero_residual,uniform_equal,256,73,289,156.05083088954058,0.808812524422567,15.603874935476398
reference_zero_residual,uniform_equal,256,74,293,157.3802541544477,0.8760045869746222,15.61036601132163
reference_zero_residual,uniform_equal,256,75,297,158.70967741935482,0.9545520098277365,15.604881920736474
reference_zero_residual,uniform_equal,256,76,301,160.03910068426197,1.0470132951949527,15.584874501928951
reference_zero_residual,uniform_equal,256,77,305,161.36852394916912,1.1567357166368444,15.547006565130005
reference_zero_residual,uniform_equal,256,78,309,162.69794721407624,1.2881590895631223,15.486848130514332
reference_zero_residual,uniform_equal,256,79,313,164.02737047898336,1.447265539224864,15.398426668288039
reference_zero_residual,uniform_equal,256,80,317,165.3567937438905,1.6422603378583587,15.273546269298137
reference_zero_residual,uniform_equal,256,81,321,166.68621700879766,1.8846284957606674,15.100731061400467
reference_zero_residual,uniform_equal,256,82,325,168.01564027370478,2.190821067045659,14.863538910850892
reference_zero_residual,uniform_equal,256,83,329,169.34506353861192,2.5850329087895103,14.537783670025846
reference_zero_residual,uniform_equal,256,84,333,170.67448680351907,3.1039450233081873,14.086792841742081
reference_zero_residual,uniform_equal,256,85,337,172.0039100684262,3.805156290501643,13.45297585325416
reference_zero_residual,uniform_equal,256,86,341,173.33333333333331,4.782880091465701,12.542127438739513
reference_zero_residual,uniform_equal,256,87,345,174.66275659824046,6.198712317713146,11.192659635942135
reference_zero_residual,uniform_equal,256,88,349,175.9921798631476,8.345425504853434,9.111807658134666
reference_zero_residual,uniform_equal,256,89,353,177.32160312805473,11.7868006177786,5.735798114362183
reference_zero_residual,uniform_equal,256,90,357,178.65102639296185,17.67533616244787,-0.08786009711525367
reference_zero_residual,uniform_equal,256,91,361,179.980449657869,28.43145691046515,-10.77958450836715
reference_zero_residual,uniform_equal,256,92,365,181.30987292277615,48.41991674351341,-30.704121921378828
reference_zero_residual,uniform_equal,256,93,369,182.63929618768327,77.31560999050268,-59.536359740528525
reference_zero_residual,uniform_equal,256,94,373,183.96871945259042,75.50434678983338,-57.662101330349344
reference_zero_residual,uniform_equal,256,95,377,185.29814271749757,46.347064055375995,-28.442276977169456
reference_zero_residual,uniform_equal,256,96,381,186.6275659824047,27.228812134569296,-9.261930543025926
reference_zero_residual,uniform_equal,256,97,385,187.9569892473118,17.024156908244418,1.0043784385470218
reference_zero_residual,uniform_equal,256,98,389,189.28641251221896,11.42112749663968,6.668627060396631
reference_zero_residual,uniform_equal,256,99,393,190.61583577712608,8.130793646947916,10.019751657961677
reference_zero_residual,uniform_equal,256,100,397,191.94525904203323,6.0692629937511615,12.141650552464725
reference_zero_residual,uniform_equal,256,101,401,193.27468230694038,4.704879773084185,13.565985340349854
reference_zero_residual,uniform_equal,256,102,405,194.6041055718475,3.7602965399905175,14.570109179108485
reference_zero_residual,uniform_equal,256,103,409,195.93352883675465,3.0817234288274604,15.30781753024057
reference_zero_residual,uniform_equal,256,104,413,197.26295210166177,2.579119751254821,15.869156564422283
reference_zero_residual,uniform_equal,256,105,417,198.59237536656892,2.197232626943485,16.309384533846966
reference_zero_residual,uniform_equal,256,106,421,199.92179863147604,1.900760577069002,16.663808181680253
reference_zero_residual,uniform_equal,256,107,425,201.25122189638319,1.6663523528131732,16.95578391640872
reference_zero_residual,uniform_equal,256,108,429,202.5806451612903,1.4780916778385709,17.20123307212235
reference_zero_residual,uniform_equal,256,109,433,203.91006842619745,1.3248459855039054,17.411293173965618
reference_zero_residual,uniform_equal,256,110,437,205.23949169110458,1.1986577458031693,17.593926613778137
reference_zero_residual,uniform_equal,256,111,441,206.56891495601172,1.0937487009373594,17.754916417019942
reference_zero_residual,uniform_equal,256,112,445,207.89833822091884,1.0058773287438658,17.898508781758196
reference_zero_residual,uniform_equal,256,113,449,209.227761485826,0.9314949912159064,18.028256932487707
reference_zero_residual,uniform_equal,256,114,453,210.55718475073314,0.8675189168334604,18.147248140065045
reference_zero_residual,uniform_equal,256,115,457,211.88660801564026,0.812729442257578,18.25670648220874
reference_zero_residual,uniform_equal,256,116,461,213.2160312805474,0.765668026370114,18.358094831584836
reference_zero_residual,uniform_equal,256,117,465,214.54545454545453,0.7250224141408258,18.45272969399926
reference_zero_residual,uniform_equal,256,118,469,215.87487781036168,0.6897722669148991,18.541635580106373
reference_zero_residual,uniform_equal,256,119,473,217.2043010752688,0.6591084049290891,18.625625764827177
reference_zero_residual,uniform_equal,256,120,477,218.53372434017595,0.6323768382092024,18.705358258327436
reference_zero_residual,uniform_equal,256,121,481,219.86314760508307,0.6090426945152312,18.781371879891353
reference_zero_residual,uniform_equal,256,122,485,221.19257086999022,0.5886650054970319,18.854111473529684
reference_zero_residual,uniform_equal,256,123,489,222.52199413489734,0.5708783102605677,18.92394630612445
reference_zero_residual,uniform_equal,256,124,493,223.8514173998045,0.5553792176044092,18.99118350685262
reference_zero_residual,uniform_equal,256,125,497,225.1808406647116,0.5419173040263993,19.05607717079026
reference_zero_residual,uniform_equal,256,126,501,226.51026392961876,0.5302912303374957,19.118832243862144
reference_zero_residual,uniform_equal,256,127,505,227.8396871945259,0.5203545369238932,19.17959872909765
reference_zero_residual,uniform_equal,256,128,509,229.16911045943303,0.5120462592877931,19.238441072563077
reference_zero_residual,uniform_equal,256,129,514,230.83088954056694,0.5041514345868073,19.309092821146905
reference_zero_residual,uniform_equal,256,130,518,232.1603128054741,0.49990607797622094,19.363219278900743
reference_zero_residual,uniform_equal,256,131,522,233.4897360703812,0.4946722869445354,19.41804935006958
reference_zero_residual,uniform_equal,256,132,526,234.81915933528836,0.4893673620680239,19.47266896827348
reference_zero_residual,uniform_equal,256,133,530,236.14858260019548,0.4857626736370499,19.52530994264208
reference_zero_residual,uniform_equal,256,134,534,237.47800586510263,0.4834365180498871,19.576397102650517
reference_zero_residual,uniform_equal,256,135,538,238.80742913000978,0.4820964138632342,19.62622600326476
reference_zero_residual,uniform_equal,256,136,542,240.1368523949169,0.48160597987456855,19.674936048021706
reference_zero_residual,uniform_equal,256,137,546,241.46627565982405,0.48189133356003144,19.722604091721834
reference_zero_residual,uniform_equal,256,138,550,242.79569892473117,0.48290645915016006,19.76927907345258
reference_zero_residual,uniform_equal,256,139,554,244.12512218963832,0.48462254501450347,19.814992680273463
reference_zero_residual,uniform_equal,256,140,558,245.45454545454544,0.48703094916794315,19.85975638274978
reference_zero_residual,uniform_equal,256,141,562,246.7839687194526,0.49014765407518607,19.903556981160534
reference_zero_residual,uniform_equal,256,142,566,248.1133919843597,0.4937820617882028,19.946587811345978
reference_zero_residual,uniform_equal,256,143,570,249.44281524926686,0.49798372290751813,19.988802016705066
reference_zero_residual,uniform_equal,256,144,574,250.77223851417398,0.5028648252381336,20.030090060472787
reference_zero_residual,uniform_equal,256,145,578,252.10166177908113,0.50838953078681,20.070490389631203
reference_zero_residual,uniform_equal,256,146,582,253.43108504398825,0.5145495112651585,20.110013900291563
reference_zero_residual,uniform_equal,256,147,586,254.7605083088954,0.521349022423193,20.148658864221858
reference_zero_residual,uniform_equal,256,148,590,256.0899315738026,0.5288015201104067,20.186414313624866
reference_zero_residual,uniform_equal,256,149,594,257.41935483870964,0.5369341871672585,20.223255515064338
reference_zero_residual,uniform_equal,256,150,598,258.7487781036168,0.5458143940613269,20.2591175096249
reference_zero_residual,uniform_equal,256,151,602,260.07820136852393,0.5555712507334066,20.293873561842034
reference_zero_residual,uniform_equal,256,152,606,261.40762463343106,0.5656388267150853,20.32809194034057
reference_zero_residual,uniform_equal,256,153,610,262.73704789833823,0.5764838450115292,20.361308224688997
reference_zero_residual,uniform_equal,256,154,614,264.06647116324535,0.5881117025609661,20.39351928565823
reference_zero_residual,uniform_equal,256,155,618,265.3958944281525,0.600553676269669,20.424696079886914
reference_zero_residual,uniform_equal,256,156,622,266.72531769305965,0.6139254656318769,20.454725107944554
reference_zero_residual,uniform_equal,256,157,626,268.0547409579667,0.6282364368292994,20.48359917089776
reference_zero_residual,uniform_equal,256,158,630,269.3841642228739,0.6435284084706813,20.511278585219927
reference_zero_residual,uniform_equal,256,159,634,270.713587487781,0.6598613592549769,20.53770547576171
reference_zero_residual,uniform_equal,256,160,638,272.04301075268813,0.6773057904071721,20.562811413932977
reference_zero_residual,uniform_equal,256,161,642,273.3724340175953,0.6959422220419541,20.586517921941905
reference_zero_residual,uniform_equal,256,162,646,274.70185728250243,0.7158622904028067,20.608735376144267
reference_zero_residual,uniform_equal,256,163,650,276.03128054740955,0.7371700740873353,20.629361681392012
reference_zero_residual,uniform_equal,256,164,654,277.36070381231673,0.759983852680561,20.6482805129601
reference_zero_residual,uniform_equal,256,165,658,278.69012707722385,0.7844383069194778,20.66535911692897
reference_zero_residual,uniform_equal,256,166,662,280.01955034213097,0.8106872166972826,20.68044561271401
reference_zero_residual,uniform_equal,256,167,666,281.34897360703815,0.8389067625301538,20.693365692119897
reference_zero_residual,uniform_equal,256,168,670,282.6783968719452,0.8692995854113595,20.703918559995557
reference_zero_residual,uniform_equal,256,169,674,284.0078201368524,0.9020998274570442,20.711871894085093
reference_zero_residual,uniform_equal,256,170,678,285.3372434017595,0.9375794899664837,20.71695548745305
reference_zero_residual,uniform_equal,256,171,682,286.66666666666663,0.9760566800286042,20.71885300235199
reference_zero_residual,uniform_equal,256,172,686,287.9960899315738,1.0179069098891975,20.717190671318107
reference_zero_residual,uniform_equal,256,173,690,289.3255131964809,1.063580447399672,20.711519947175276
reference_zero_residual,uniform_equal,256,174,694,290.65493646138805,1.1136350860258581,20.7012847334681
reference_zero_residual,uniform_equal,256,175,698,291.9843597262952,1.1688056968150748,20.68575183292677
reference_zero_residual,uniform_equal,256,176,702,293.31378299120234,1.229861566814508,20.664153609470972
reference_zero_residual,uniform_equal,256,177,706,294.64320625610947,1.2966529311838115,20.63664145650995
reference_zero_residual,uniform_equal,256,178,710,295.97262952101664,1.3710834216845433,20.60131334885621
reference_zero_residual,uniform_equal,256,179,714,297.3020527859237,1.4548161833670927,20.556507726433082
reference_zero_residual,uniform_equal,256,180,718,298.6314760508309,1.5490265747663021,20.501050794464405
reference_zero_residual,uniform_equal,256,181,722,299.960899315738,1.6561279942165754,20.432530697536578
reference_zero_residual,uniform_equal,256,182,726,301.2903225806451,1.7788636356405032,20.348205764178388
reference_zero_residual,uniform_equal,256,183,730,302.6197458455523,1.920687690253782,20.244623305516498
reference_zero_residual,uniform_equal,256,184,734,303.9491691104594,2.0861876658175973,20.117197296375906
reference_zero_residual,uniform_equal,256,185,738,305.27859237536654,2.281505969119885,19.95978679314335
reference_zero_residual,uniform_equal,256,186,742,306.6080156402737,2.5149995640149125,19.764036276065212
reference_zero_residual,uniform_equal,256,187,746,307.93743890518084,2.7982699980142707,19.518345622986644
reference_zero_residual,uniform_equal,256,188,750,309.26686217008796,3.1478055761355193,19.206227935825893
reference_zero_residual,uniform_equal,256,189,754,310.59628543499514,3.5876845670415523,18.80360633475094
reference_zero_residual,uniform_equal,256,190,758,311.9257086999022,4.154201765649257,18.27418739588022
reference_zero_residual,uniform_equal,256,191,762,313.2551319648094,4.904166268050241,17.56116337666461
reference_zero_residual,uniform_equal,256,192,766,314.5845552297165,5.930660986475229,16.57145270121947
reference_zero_residual,uniform_equal,256,193,770,315.9139784946236,7.395195545309209,15.143547064599318
reference_zero_residual,uniform_equal,256,194,774,317.2434017595308,9.599255339822088,12.975962374351326
reference_zero_residual,uniform_equal,256,195,778,318.5728250244379,13.15362795319404,9.457912333768093
reference_zero_residual,uniform_equal,256,196,782,319.90224828934504,19.23841115247057,3.409300446204668
reference_zero_residual,uniform_equal,256,197,786,321.23167155425216,28.61954218486174,-5.9358092809539045
reference_zero_residual,uniform_equal,256,198,790,322.56109481915934,44.085108380575,-21.365502938864495
reference_zero_residual,uniform_equal,256,199,794,323.89051808406646,71.58395787609167,-48.828627440246464
reference_zero_residual,uniform_equal,256,200,798,325.2199413489736,91.26323683053761,-68.47232773550189
reference_zero_residual,uniform_equal,256,201,802,326.54936461388075,65.29040358661362,-42.46406097340062
reference_zero_residual,uniform_equal,256,202,806,327.8787878787879,39.25921470435158,-16.39758253459584
reference_zero_residual,uniform_equal,256,203,810,329.208211143695,24.65048365801751,-1.753704728291936
reference_zero_residual,uniform_equal,256,204,814,330.5376344086021,16.791940136910142,6.139843907188165
reference_zero_residual,uniform_equal,256,205,818,331.8670576735093,12.346792470410795,10.61985617957886
reference_zero_residual,uniform_equal,256,206,822,333.1964809384164,9.683386455086977,13.317987415790327
reference_zero_residual,uniform_equal,256,207,826,334.52590420332353,8.013974284368771,15.021986532448992
reference_zero_residual,uniform_equal,256,208,830,335.85532746823066,6.9349548067775855,16.135455777881916
reference_zero_residual,uniform_equal,256,209,834,337.18475073313783,6.214956011341173,16.88976824691045
reference_zero_residual,uniform_equal,256,210,838,338.51417399804495,5.736107457329914,17.402795451318568
reference_zero_residual,uniform_equal,256,211,842,339.8435972629521,5.435571489023195,17.737376105287026
reference_zero_residual,uniform_equal,256,212,846,341.17302052785925,5.267638726311761,17.939220634987734
reference_zero_residual,uniform_equal,256,213,850,342.50244379276637,5.202670602430554,18.037968641043832
reference_zero_residual,uniform_equal,256,214,855,344.16422287390026,5.239075206356084,18.04360498240098
reference_zero_residual,uniform_equal,256,215,859,345.49364613880743,5.34988454645323,17.96628250175324
reference_zero_residual,uniform_equal,256,216,863,346.82306940371456,5.5279751140180435,17.821550186834983
reference_zero_residual,uniform_equal,256,217,867,348.1524926686217,5.772391559915837,17.610364370835725
reference_zero_residual,uniform_equal,256,218,871,349.4819159335288,6.0853106869212645,17.330549223784047
reference_zero_residual,uniform_equal,256,219,875,350.811339198436,6.471871104208379,16.97696709822874
reference_zero_residual,uniform_equal,256,220,879,352.1407624633431,6.94030568388509,16.541386072871703
reference_zero_residual,uniform_equal,256,221,883,353.4701857282502,7.502365042605304,16.01205647112046
reference_zero_residual,uniform_equal,256,222,887,354.7996089931574,8.174063598884514,15.372964803933954
reference_zero_residual,uniform_equal,256,223,891,356.1290322580645,8.976861094767727,14.602652248312893
reference_zero_residual,uniform_equal,256,224,895,357.45845552297163,9.939462611619405,13.672414631665347
reference_zero_residual,uniform_equal,256,225,899,358.78787878787875,11.100504799040197,12.543616203042504
reference_zero_residual,uniform_equal,256,226,903,360.11730205278593,12.512796338494633,11.16344916966085
reference_zero_residual,uniform_equal,256,227,907,361.44672531769305,14.250260996176072,9.45799064418388
reference_zero_residual,uniform_equal,256,228,911,362.7761485826002,16.42043659208891,7.31970367578441
reference_zero_residual,uniform_equal,256,229,915,364.1055718475073,19.189842369870803,4.5820698804640045
reference_zero_residual,uniform_equal,256,230,919,365.43499511241447,22.85562069436451,0.947947743619892
reference_zero_residual,uniform_equal,256,231,923,366.7644183773216,28.14996931037793,-4.314859638578142
reference_zero_residual,uniform_equal,256,232,927,368.0938416422287,38.13673988389629,-14.270203100266201
reference_zero_residual,uniform_equal,256,233,931,369.42326490713583,43.75831024369357,-19.860459647365914
reference_zero_residual,uniform_equal,256,234,935,370.752688172043,52.98706514368014,-29.058013219802888
reference_zero_residual,uniform_equal,256,235,939,372.08211143695013,69.3107111636012,-45.3505695920781
reference_zero_residual,uniform_equal,256,236,943,373.41153470185725,95.34686782347197,-71.35574748757853
reference_zero_residual,uniform_equal,256,237,947,374.7409579667644,138.64335255432394,-114.62136354920071
reference_zero_residual,uniform_equal,256,238,951,376.07038123167155,215.61010621140838,-191.5573578524341
reference_zero_residual,uniform_equal,256,239,955,377.39980449657867,361.0804304055005,-336.99703123654706
reference_zero_residual,uniform_equal,256,240,959,378.7292277614858,627.0186332443037,-602.9046910458749
reference_zero_residual,uniform_equal,256,241,963,380.05865102639297,895.1522684000297,-871.0078901972856
reference_zero_residual,uniform_equal,256,242,967,381.3880742913001,662.0567168928955,-637.882008963566
reference_zero_residual,uniform_equal,256,243,971,382.7174975562072,380.61345954003946,-356.4085274222259
reference_zero_residual,uniform_equal,256,244,975,384.0469208211143,225.3328822247667,-201.09783072463654
reference_zero_residual,uniform_equal,256,245,979,385.3763440860215,143.71956881977448,-119.45450201914895
reference_zero_residual,uniform_equal,256,246,983,386.7057673509286,98.11667048749062,-73.82169175132856
reference_zero_residual,uniform_equal,256,247,987,388.03519061583575,70.75639128994484,-46.431603273722914
reference_zero_residual,uniform_equal,256,248,991,389.3646138807429,53.32098849652287,-28.966493153515557
reference_zero_residual,uniform_equal,256,249,995,390.69403714565004,41.51384099955658,-17.12973958801649
reference_zero_residual,uniform_equal,256,250,999,392.02346041055716,33.09201452869434,-8.678407618935154
reference_zero_residual,uniform_equal,256,251,1003,393.3528836754643,26.98260367541255,-2.539591156795879
reference_zero_residual,uniform_equal,256,252,1007,394.68230694037146,22.42054595334306,2.051772958828792
reference_zero_residual,uniform_equal,256,253,1011,396.0117302052786,18.923335193939625,5.578191563744497
reference_zero_residual,uniform_equal,256,254,1015,397.3411534701857,16.183766097116873,8.346870618587147
reference_zero_residual,uniform_equal,256,255,1019,398.6705767350928,13.998206296043959,10.561443144119139
reference_zero_residual,uniform_equal,256,256,1023,400.0,12.227094374665729,12.361471203795986
reference_zero_residual,d_optimal_equal,256,1,860,345.8260019550342,5.388194009839148,17.936324619783164
reference_zero_residual,d_optimal_equal,256,2,898,358.455522971652,10.789046956053062,12.847024320818278
reference_zero_residual,d_optimal_equal,256,3,1019,398.6705767350928,13.998206296043959,10.561443144119139
reference_zero_residual,d_optimal_equal,256,4,656,278.02541544477026,0.771996867159441,20.65705885223396
reference_zero_residual,d_optimal_equal,256,5,50,76.6177908113392,0.9925352591845618,9.241423001316377
reference_zero_residual,d_optimal_equal,256,6,841,339.5112414467253,5.49679580250821,17.667653122163898
reference_zero_residual,d_optimal_equal,256,7,730,302.6197458455523,1.920687690253782,20.244623305516498
reference_zero_residual,d_optimal_equal,256,8,387,188.6217008797654,13.829802340008861,4.229396546851547
reference_zero_residual,d_optimal_equal,256,9,1010,395.6793743890518,19.7167822093162,4.777451789631215
reference_zero_residual,d_optimal_equal,256,10,915,364.1055718475073,19.189842369870803,4.5820698804640045
reference_zero_residual,d_optimal_equal,256,11,1023,400.0,12.227094374665729,12.361471203795986
reference_zero_residual,d_optimal_equal,256,12,894,357.12609970674487,9.681920439845602,13.921877126576987
reference_zero_residual,d_optimal_equal,256,13,538,238.80742913000978,0.4820964138632342,19.62622600326476
reference_zero_residual,d_optimal_equal,256,14,51,76.95014662756599,0.9546768536037046,9.316877932521251
reference_zero_residual,d_optimal_equal,256,15,859,345.49364613880743,5.34988454645323,17.96628250175324
reference_zero_residual,d_optimal_equal,256,16,388,188.95405669599216,12.543331942018831,5.53115821621148
reference_zero_residual,d_optimal_equal,256,17,868,348.48484848484844,5.844049117332147,17.546994644084776
reference_zero_residual,d_optimal_equal,256,18,1011,396.0117302052786,18.923335193939625,5.578191563744497
reference_zero_residual,d_optimal_equal,256,19,896,357.7908113391984,10.209339733643546,13.410609677714163
reference_zero_residual,d_optimal_equal,256,20,840,339.17888563049854,5.566829132777475,17.58911279862653
reference_zero_residual,d_optimal_equal,256,21,52,77.28250244379277,0.9193522319461808,9.38963704585214
reference_zero_residual,d_optimal_equal,256,22,539,239.13978494623655,0.4818977064593544,19.63850473256481
reference_zero_residual,d_optimal_equal,256,23,861,346.15835777126097,5.430657084670213,17.902205103940716
reference_zero_residual,d_optimal_equal,256,24,781,319.5698924731183,17.401835775398226,5.236847107196297
reference_zero_residual,d_optimal_equal,256,25,1022,399.6676441837732,12.636946182364175,11.944399381313787
reference_zero_residual,d_optimal_equal,256,26,657,278.3577712609971,0.7781628252357347,20.66126993772278
reference_zero_residual,d_optimal_equal,256,27,899,358.78787878787875,11.100504799040197,12.543616203042504
reference_zero_residual,d_optimal_equal,256,28,53,77.61485826001955,0.8863439872546883,9.459919138946518
reference_zero_residual,d_optimal_equal,256,29,729,302.2873900293255,1.8832139065512576,20.272552463078597
reference_zero_residual,d_optimal_equal,256,30,389,189.28641251221896,11.42112749663968,6.668627060396631
reference_zero_residual,d_optimal_equal,256,31,869,348.81720430107526,5.9200367025567315,17.479286989049427
reference_zero_residual,d_optimal_equal,256,32,858,345.1612903225806,5.3157625268130255,17.992044902108148
reference_zero_residual,d_optimal_equal,256,33,1012,396.34408602150535,18.176754465100558,6.332058933384289
reference_zero_residual,d_optimal_equal,256,34,895,357.45845552297163,9.939462611619405,13.672414631665347
reference_zero_residual,d_optimal_equal,256,35,916,364.4379276637341,20.005425034121867,3.774412085880968
reference_zero_residual,d_optimal_equal,256,36,842,339.8435972629521,5.435571489023195,17.737376105287026
reference_zero_residual,d_optimal_equal,256,37,537,238.47507331378299,0.4823479566088963,19.613877614763652
reference_zero_residual,d_optimal_equal,256,38,49,76.28543499511241,1.0331715066766132,9.163026785432265
reference_zero_residual,d_optimal_equal,256,39,1021,399.3352883675464,13.067761194910323,11.506358347462353
reference_zero_residual,d_optimal_equal,256,40,386,188.2893450635386,15.311086216733955,2.732794431408877
reference_zero_residual,d_optimal_equal,256,41,897,358.1231671554252,10.492274064577176,13.13574002000783
reference_zero_residual,d_optimal_equal,256,42,668,282.0136852394917,0.8538176857974951,20.698951741696774
reference_zero_residual,d_optimal_equal,256,43,862,346.4907135874878,5.477253324999087,17.86394441557097
reference_zero_residual,d_optimal_equal,256,44,1009,395.347018572825,20.561093160136195,3.9258419518565546
reference_zero_residual,d_optimal_equal,256,45,54,77.94721407624633,0.8554579132126472,9.527919790974138
reference_zero_residual,d_optimal_equal,256,46,536,238.1427174975562,0.4826538881381007,19.60145796669312
reference_zero_residual,d_optimal_equal,256,47,782,319.90224828934504,19.23841115247057,3.409300446204668
reference_zero_residual,d_optimal_equal,256,48,867,348.1524926686217,5.772391559915837,17.610364370835725
reference_zero_residual,d_optimal_equal,256,49,839,338.8465298142717,5.646348098194352,17.50107849999131
reference_zero_residual,d_optimal_equal,256,50,900,359.1202346041056,11.427565777658423,12.224597496388355
reference_zero_residual,d_optimal_equal,256,51,48,75.95307917888563,1.0768603812190642,9.081413072458489
reference_zero_residual,d_optimal_equal,256,52,731,302.95210166177907,1.9596337754422186,20.21521136971775
reference_zero_residual,d_optimal_equal,256,53,1020,399.00293255131965,13.520988999964507,11.045898504578986
reference_zero_residual,d_optimal_equal,256,54,655,277.6930596285435,0.7659379953232395,20.6527282682072
reference_zero_residual,d_optimal_equal,256,55,354,177.6539589442815,12.96385798613173,4.575005565857509
reference_zero_residual,d_optimal_equal,256,56,857,344.82893450635385,5.28587583952641,18.01356391675334
reference_zero_residual,d_optimal_equal,256,57,893,356.79374389051804,9.436044795200834,14.159665571587894
reference_zero_residual,d_optimal_equal,256,58,914,363.7732160312805,18.428718306378148,5.335261837158029
reference_zero_residual,d_optimal_equal,256,59,55,78.27956989247312,0.8265200705181914,9.593814296566322
reference_zero_residual,d_optimal_equal,256,60,540,239.47214076246334,0.4817504910523375,19.650715192739753
reference_zero_residual,d_optimal_equal,256,61,1013,396.67644183773217,17.47342857375153,7.042665357854247
reference_zero_residual,d_optimal_equal,256,62,843,340.1759530791789,5.382553802125127,17.79888415446574
reference_zero_residual,d_optimal_equal,256,63,355,177.98631476050832,14.314858755352782,3.2402392166059997
reference_zero_residual,d_optimal_equal,256,64,870,349.14956011730203,6.000428619054236,17.40716711731298
reference_zero_residual,d_optimal_equal,256,65,56,78.6119257086999,0.7993742822826584,9.657760170714454
reference_zero_residual,d_optimal_equal,256,66,534,237.47800586510263,0.4834365180498871,19.576397102650517
reference_zero_residual,d_optimal_equal,256,67,667,281.68132942326486,0.846292659264335,20.69623432790408
reference_zero_residual,d_optimal_equal,256,68,863,346.82306940371456,5.5279751140180435,17.821550186834983
reference_zero_residual,d_optimal_equal,256,69,780,319.2375366568915,15.787405996502196,6.84223877517141
reference_zero_residual,d_optimal_equal,256,70,901,359.45259042033234,11.771227577318582,11.888970529234072
reference_zero_residual,d_optimal_equal,256,71,732,303.28445747800583,2.0001370557246854,20.184231785048837
reference_zero_residual,d_optimal_equal,256,72,1018,398.33822091886606,14.501130499598936,10.05127483958023
reference_zero_residual,d_optimal_equal,256,73,47,75.62072336265885,1.1239122332001483,8.996270065958058
reference_zero_residual,d_optimal_equal,256,74,658,278.69012707722385,0.7844383069194778,20.66535911692897
reference_zero_residual,d_optimal_equal,256,75,390,189.61876832844575,10.437947512510087,7.6670446650531545
reference_zero_residual,d_optimal_equal,256,76,1008,395.0146627565982,21.460703396101362,3.0189266904108365
reference_zero_residual,d_optimal_equal,256,77,892,356.4613880742913,9.201216425008697,14.386399205353015
reference_zero_residual,d_optimal_equal,256,78,535,237.81036168132943,0.48301602523534554,19.588965195145448
reference_zero_residual,d_optimal_equal,256,79,844,340.50830889540566,5.3372039553609065,17.85271607237806
reference_zero_residual,d_optimal_equal,256,80,57,78.94428152492668,0.7738799873660436,9.719899295725256
reference_zero_residual,d_optimal_equal,256,81,353,177.32160312805473,11.7868006177786,5.735798114362183
reference_zero_residual,d_optimal_equal,256,82,866,347.8201368523949,5.705001146165421,17.669459038353295
reference_zero_residual,d_optimal_equal,256,83,1014,397.00879765395894,16.81008787398163,7.71328049329567
reference_zero_residual,d_optimal_equal,256,84,856,344.4965786901271,5.260287224348874,18.030776790401703
reference_zero_residual,d_optimal_equal,256,85,533,237.14565004887584,0.48391794194325205,19.5637510663271
reference_zero_residual,d_optimal_equal,256,86,58,79.27663734115347,0.7499103937203678,9.780359768162015
reference_zero_residual,d_optimal_equal,256,87,917,364.7702834799609,20.882276326400532,2.905478439333919
reference_zero_residual,d_optimal_equal,256,88,838,338.51417399804495,5.736107457329914,17.402795451318568
reference_zero_residual,d_optimal_equal,256,89,1017,398.0058651026393,15.031635091617085,9.513520099896994
reference_zero_residual,d_optimal_equal,256,90,733,303.61681329423266,2.042288884985493,20.151593220524575
reference_zero_residual,d_optimal_equal,256,91,46,75.28836754643206,1.1746787499441442,8.907244613449365
reference_zero_residual,d_optimal_equal,256,92,654,277.36070381231673,0.759983852680561,20.6482805129601
reference_zero_residual,d_optimal_equal,256,93,813,330.20527859237535,18.3435447369238,4.579501245435239
reference_zero_residual,d_optimal_equal,256,94,902,359.7849462365591,12.132576231203275,11.535649282148
reference_zero_residual,d_optimal_equal,256,95,864,347.1554252199413,5.5828272094091425,17.775017675360075
reference_zero_residual,d_optimal_equal,256,96,845,340.8406647116324,5.299041316672881,17.899352507258925
reference_zero_residual,d_optimal_equal,256,97,532,236.81329423264907,0.48446341695770656,19.55102391841322
reference_zero_residual,d_optimal_equal,256,98,59,79.60899315738025,0.7273508842801252,9.839257493232793
reference_zero_residual,d_optimal_equal,256,99,1016,397.67350928641247,15.59176696698091,8.946132020084207
reference_zero_residual,d_optimal_equal,256,100,352,176.98924731182797,10.756832415877852,6.7494709824709105
reference_zero_residual,d_optimal_equal,256,101,588,255.42521994134896,0.5249923824113819,20.167648889794393
reference_zero_residual,d_optimal_equal,256,102,891,356.1290322580645,8.976861094767727,14.602652248312893
reference_zero_residual,d_optimal_equal,256,103,728,301.9550342130987,1.8471334633751606,20.299077780313112
reference_zero_residual,d_optimal_equal,256,104,45,74.95601173020528,1.2295598789070559,8.813935282872706
reference_zero_residual,d_optimal_equal,256,105,913,363.44086021505376,17.716366039468472,6.039674746908375
reference_zero_residual,d_optimal_equal,256,106,1015,397.3411534701857,16.183766097116873,8.346870618587147
reference_zero_residual,d_optimal_equal,256,107,391,189.95112414467252,9.572902237398866,8.547300876201888
reference_zero_residual,d_optimal_equal,256,108,865,347.48778103616814,5.641826382778168,17.724330124805746
reference_zero_residual,d_optimal_equal,256,109,541,239.8044965786901,0.4816535938800749,19.6628586040883
reference_zero_residual,d_optimal_equal,256,110,846,341.17302052785925,5.267638726311761,17.939220634987734
reference_zero_residual,d_optimal_equal,256,111,60,79.94134897360703,0.7060976363193578,9.896697565706262
reference_zero_residual,d_optimal_equal,256,112,356,178.3186705767351,15.872274948085007,1.6990271573907307
reference_zero_residual,d_optimal_equal,256,113,589,255.75757575757575,0.5268760248120455,20.177059862045795
reference_zero_residual,d_optimal_equal,256,114,734,303.9491691104594,2.0861876658175973,20.117197296375906
reference_zero_residual,d_optimal_equal,256,115,61,80.27370478983383,0.686056421942941,9.952775469687424
reference_zero_residual,d_optimal_equal,256,116,855,344.16422287390026,5.239075206356084,18.04360498240098
reference_zero_residual,d_optimal_equal,256,117,669,282.3460410557185,0.861485422968203,20.701514381144165
reference_zero_residual,d_optimal_equal,256,118,812,329.8729227761486,20.138387891172755,2.7759112300468587
reference_zero_residual,d_optimal_equal,256,119,531,236.48093841642228,0.48507676030915836,19.538211793772376
reference_zero_residual,d_optimal_equal,256,120,44,74.6236559139785,1.2890121816105915,8.715884008310269
reference_zero_residual,d_optimal_equal,256,121,385,187.9569892473118,17.024156908244418,1.0043784385470218
reference_zero_residual,d_optimal_equal,256,122,666,281.34897360703815,0.8389067625301538,20.693365692119897
reference_zero_residual,d_optimal_equal,256,123,903,360.11730205278593,12.512796338494633,11.16344916966085
reference_zero_residual,d_optimal_equal,256,124,735,304.2815249266862,2.1319395053465606,20.080937928226433
reference_zero_residual,d_optimal_equal,256,125,871,349.4819159335288,6.0853106869212645,17.330549223784047
reference_zero_residual,d_optimal_equal,256,126,62,80.60606060606061,0.6671415628429723,10.007578124123071
reference_zero_residual,d_optimal_equal,256,127,837,338.1818181818182,5.836932780489415,17.29343806588652
reference_zero_residual,d_optimal_equal,256,128,542,240.1368523949169,0.48160597987456855,19.674936048021706
reference_zero_residual,d_optimal_equal,256,129,1007,394.68230694037146,22.42054595334306,2.051772958828792
reference_zero_residual,d_optimal_equal,256,130,779,318.9051808406647,14.37932372183173,8.241273524508856
reference_zero_residual,d_optimal_equal,256,131,659,279.0224828934506,0.7908258331759108,20.669323898403917
reference_zero_residual,d_optimal_equal,256,132,43,74.29130009775172,1.3535589797551564,8.61256594351994
reference_zero_residual,d_optimal_equal,256,133,890,355.7966764418377,8.762445881659904,14.808957609185413
reference_zero_residual,d_optimal_equal,256,134,912,363.10850439882694,17.04822360435501,6.69987056123523
reference_zero_residual,d_optimal_equal,256,135,567,248.4457478005865,0.4947667613522517,19.95723035268884
reference_zero_residual,d_optimal_equal,256,136,351,176.65689149560117,9.851723978210327,7.638253457695058
reference_zero_residual,d_optimal_equal,256,137,736,304.613880742913,2.179658946281137,20.042700596041982
reference_zero_residual,d_optimal_equal,256,138,63,80.93841642228739,0.6492750168971541,10.061184796459713
reference_zero_residual,d_optimal_equal,256,139,587,255.0928641251222,0.5231501688111273,20.15818178277216
reference_zero_residual,d_optimal_equal,256,140,814,330.5376344086021,16.791940136910142,6.139843907188165
reference_zero_residual,d_optimal_equal,256,141,847,341.505376344086,5.242617243717496,17.97269941220746
reference_zero_residual,d_optimal_equal,256,142,566,248.1133919843597,0.4937820617882028,19.946587811345978
reference_zero_residual,d_optimal_equal,256,143,64,81.27077223851417,0.6323855778215295,10.113667903241662
reference_zero_residual,d_optimal_equal,256,144,854,343.8318670576735,5.222335186592524,18.051953076084914
reference_zero_residual,d_optimal_equal,256,145,783,320.23460410557186,21.296173759357043,1.3605571800698186
reference_zero_residual,d_optimal_equal,256,146,514,230.83088954056694,0.5041514345868073,19.309092821146905
reference_zero_residual,d_optimal_equal,256,147,42,73.95894428152492,1.4238027667917172,8.503377050002044
reference_zero_residual,d_optimal_equal,256,148,670,282.6783968719452,0.8692995854113595,20.703918559995557
reference_zero_residual,d_optimal_equal,256,149,737,304.9462365591398,2.2294697823892147,20.002361528655143
reference_zero_residual,d_optimal_equal,256,150,653,277.0283479960899,0.7541321593901287,20.64371783649797
reference_zero_residual,d_optimal_equal,256,151,392,190.2834799608993,8.808659594365382,9.326727864081079
reference_zero_residual,d_optimal_equal,256,152,904,360.4496578690127,12.913182954384444,10.771075150255754
reference_zero_residual,d_optimal_equal,256,153,65,81.60312805474095,0.6164081720763208,10.165093713451256
reference_zero_residual,d_optimal_equal,256,154,530,236.14858260019548,0.4857626736370499,19.52530994264208
reference_zero_residual,d_optimal_equal,256,155,918,365.10263929618765,21.82877453422479,1.9668906664628167
reference_zero_residual,d_optimal_equal,256,156,513,230.49853372434018,0.5054818293665978,19.295247263474053
reference_zero_residual,d_optimal_equal,256,157,66,81.93548387096774,0.6012832396874309,10.215522967928365
reference_zero_residual,d_optimal_equal,256,158,738,305.27859237536654,2.281505969119885,19.95978679314335
reference_zero_residual,d_optimal_equal,256,159,590,256.0899315738026,0.5288015201104067,20.186414313624866
reference_zero_residual,d_optimal_equal,256,160,568,248.7781036168133,0.4957950750595537,19.967813736055277
reference_zero_residual,d_optimal_equal,256,161,41,73.62658846529814,1.5004405127954576,8.387618791756339
reference_zero_residual,d_optimal_equal,256,162,836,337.84946236559136,5.949714253337389,17.172116141565468
reference_zero_residual,d_optimal_equal,256,163,911,362.7761485826002,16.42043659208891,7.31970367578441
reference_zero_residual,d_optimal_equal,256,164,350,176.32453567937438,9.053035056089348,8.420585673365409
reference_zero_residual,d_optimal_equal,256,165,727,301.62267839687195,1.8123728601745448,20.324272734644424
reference_zero_residual,d_optimal_equal,256,166,665,281.0166177908113,0.8316565426209221,20.690349258732553
reference_zero_residual,d_optimal_equal,256,167,67,82.26783968719452,0.5869561876872086,10.265011426165344
reference_zero_residual,d_optimal_equal,256,168,848,341.8377321603128,5.223641080315944,18.000124643528224
reference_zero_residual,d_optimal_equal,256,169,565,247.78103616813294,0.49283661817148344,19.9358904285518
reference_zero_residual,d_optimal_equal,256,170,889,355.4643206256109,8.557475851513239,15.005810208002885
reference_zero_residual,d_optimal_equal,256,171,1006,394.34995112414464,23.446121692131037,1.0188798864805335
reference_zero_residual,d_optimal_equal,256,172,393,190.61583577712608,8.130793646947916,10.019751657961677
reference_zero_residual,d_optimal_equal,256,173,68,82.6001955034213,0.5733769065755273,10.313610350077582
reference_zero_residual,d_optimal_equal,256,174,648,275.366568914956,0.7263356817389228,20.619254335635816
reference_zero_residual,d_optimal_equal,256,175,853,343.4995112414467,5.210180709513152,18.05570751133162
reference_zero_residual,d_optimal_equal,256,176,815,330.86999022482894,15.445446898628816,7.49506642549521
reference_zero_residual,d_optimal_equal,256,177,515,231.16324535679374,0.502952929514125,19.322788482439776
reference_zero_residual,d_optimal_equal,256,178,40,73.29423264907136,1.584282707136805,8.264479092233088
reference_zero_residual,d_optimal_equal,256,179,649,275.6989247311828,0.7317068231913165,20.62436037456804
reference_zero_residual,d_optimal_equal,256,180,811,329.54056695992176,22.222375838040268,0.683167604899495
reference_zero_residual,d_optimal_equal,256,181,739,305.61094819159337,2.3359126418215697,19.914831276611267
reference_zero_residual,d_optimal_equal,256,182,69,82.9325513196481,0.5604993416192907,10.361366932930437
reference_zero_residual,d_optimal_equal,256,183,905,360.78201368523946,13.33515554288375,10.357107773558724
reference_zero_residual,d_optimal_equal,256,184,549,242.46334310850438,0.4825861076691671,19.757701423488356
reference_zero_residual,d_optimal_equal,256,185,671,283.01075268817203,0.8772640278539953,20.70616045180813
reference_zero_residual,d_optimal_equal,256,186,778,318.5728250244379,13.15362795319404,9.457912333768093
reference_zero_residual,d_optimal_equal,256,187,872,349.8142717497556,6.174780408048879,17.24933582153396
reference_zero_residual,d_optimal_equal,256,188,70,83.26490713587488,0.5482811119956417,10.408324680418232
reference_zero_residual,d_optimal_equal,256,189,512,230.16617790811338,0.5069427073727523,19.281253163936952
reference_zero_residual,d_optimal_equal,256,190,357,178.65102639296185,17.67533616244787,-0.08786009711525367
reference_zero_residual,d_optimal_equal,256,191,569,249.11045943304006,0.49686765044706666,19.97833735541228
reference_zero_residual,d_optimal_equal,256,192,39,72.96187683284458,1.676277287410011,8.133008405018103
reference_zero_residual,d_optimal_equal,256,193,849,342.17008797653955,5.210413053746946,18.02179352729945
reference_zero_residual,d_optimal_equal,256,194,910,362.4437927663734,15.829590982947952,7.902588096938615
reference_zero_residual,d_optimal_equal,256,195,586,254.7605083088954,0.521349022423193,20.148658864221858
reference_zero_residual,d_optimal_equal,256,196,881,352.8054740957967,7.208742400950558,16.28932965062114
reference_zero_residual,d_optimal_equal,256,197,71,83.59726295210166,0.5366831717822071,10.454523749891479
reference_zero_residual,d_optimal_equal,256,198,550,242.79569892473117,0.48290645915016006,19.76927907345258
reference_zero_residual,d_optimal_equal,256,199,652,276.69599217986314,0.7483807098532438,20.63904241447608
reference_zero_residual,d_optimal_equal,256,200,852,343.1671554252199,5.202744931267632,18.05473511627889
reference_zero_residual,d_optimal_equal,256,201,349,175.9921798631476,8.345425504853434,9.111807658134666
reference_zero_residual,d_optimal_equal,256,202,72,83.92961876832845,0.525669507639648,10.500001252888026
reference_zero_residual,d_optimal_equal,256,203,740,305.94330400782013,2.3928472559960916,19.867337545936905
reference_zero_residual,d_optimal_equal,256,204,664,280.6842619745845,0.8245386688308224,20.687188329760545
reference_zero_residual,d_optimal_equal,256,205,394,190.94819159335287,7.527254279635233,10.638422465679184
reference_zero_residual,d_optimal_equal,256,206,548,242.1309872922776,0.4823098439268346,19.74606336544919
reference_zero_residual,d_optimal_equal,256,207,38,72.62952101661779,1.777540011082887,7.9920893417878744
reference_zero_residual,d_optimal_equal,256,208,749,308.93450635386114,3.053056631745093,19.29163750840179
reference_zero_residual,d_optimal_equal,256,209,906,361.1143695014663,13.780274508669576,9.919986648492198
reference_zero_residual,d_optimal_equal,256,210,850,342.50244379276637,5.202670602430554,18.037968641043832
reference_zero_residual,d_optimal_equal,256,211,73,84.26197458455523,0.5152068687442238,10.544791525409295
reference_zero_residual,d_optimal_equal,256,212,564,247.44868035190615,0.49192047093840824,19.925148122031345
reference_zero_residual,d_optimal_equal,256,213,909,362.11143695014664,15.272674108253252,8.451536480000442
reference_zero_residual,d_optimal_equal,256,214,681,286.33431085043986,0.9661369417386021,20.718696645216937
reference_zero_residual,d_optimal_equal,256,215,835,337.5171065493646,6.075394841839787,17.037886695875798
reference_zero_residual,d_optimal_equal,256,216,74,84.59433040078201,0.5052645251329657,10.588926369780395
reference_zero_residual,d_optimal_equal,256,217,384,187.62463343108504,19.013674066466287,-1.000511179452019
reference_zero_residual,d_optimal_equal,256,218,647,275.0342130987292,0.7210547757224884,20.614045408114492
reference_zero_residual,d_optimal_equal,256,219,888,355.13196480938416,8.361491040212416,15.193669994701153
reference_zero_residual,d_optimal_equal,256,220,529,235.81622678396872,0.4865269548764859,19.512312518761078
reference_zero_residual,d_optimal_equal,256,221,75,84.9266862170088,0.49581405113924143,10.632435271415446
reference_zero_residual,d_optimal_equal,256,222,777,318.24046920821115,12.084807554916546,10.517666318927127
reference_zero_residual,d_optimal_equal,256,223,851,342.83479960899314,5.200182317251471,18.048881409772903
reference_zero_residual,d_optimal_equal,256,224,750,309.26686217008796,3.1478055761355193,19.206227935825893
reference_zero_residual,d_optimal_equal,256,225,682,286.66666666666663,0.9760566800286042,20.71885300235199
reference_zero_residual,d_optimal_equal,256,226,37,72.297165200391,1.8893933246231691,7.840397802778796
reference_zero_residual,d_optimal_equal,256,227,672,283.34310850439886,0.8853827518076978,20.708236083254846
reference_zero_residual,d_optimal_equal,256,228,919,365.43499511241447,22.85562069436451,0.947947743619892
reference_zero_residual,d_optimal_equal,256,229,516,231.49560117302053,0.5018754590608802,19.336345154181558
reference_zero_residual,d_optimal_equal,256,230,880,352.47311827956986,7.071497684274266,16.418388081239115
reference_zero_residual,d_optimal_equal,256,231,650,276.03128054740955,0.7371700740873353,20.629361681392012
reference_zero_residual,d_optimal_equal,256,232,76,85.25904203323557,0.4868291310366388,10.675345593370736
reference_zero_residual,d_optimal_equal,256,233,395,191.28054740957967,6.987937337176844,11.19284453432661
reference_zero_residual,d_optimal_equal,256,234,713,296.969696969697,1.432960084272509,20.56864838392208
reference_zero_residual,d_optimal_equal,256,235,543,240.4692082111437,0.48160672906761753,19.68694849065922
reference_zero_residual,d_optimal_equal,256,236,816,331.2023460410557,14.272468782545879,8.676765057523824
reference_zero_residual,d_optimal_equal,256,237,882,353.13782991202345,7.352278991189558,16.153971638285526
reference_zero_residual,d_optimal_equal,256,238,77,85.59139784946237,0.47828538438642204,10.717682751190708
reference_zero_residual,d_optimal_equal,256,239,660,279.35483870967744,0.797328012016394,20.673161703547535
reference_zero_residual,d_optimal_equal,256,240,714,297.3020527859237,1.4548161833670927,20.556507726433082
reference_zero_residual,d_optimal_equal,256,241,907,361.44672531769305,14.250260996176072,9.45799064418388
reference_zero_residual,d_optimal_equal,256,242,348,175.65982404692082,7.716091567214298,9.72472305262444
reference_zero_residual,d_optimal_equal,256,243,36,71.96480938416423,2.0134167638215406,7.676352576050675
reference_zero_residual,d_optimal_equal,256,244,511,229.8338220918866,0.508528074494309,19.267116464456066
reference_zero_residual,d_optimal_equal,256,245,1005,394.0175953079179,24.543581553898257,-0.08590347845321844
reference_zero_residual,d_optimal_equal,256,246,651,276.3636363636364,0.7427273698957547,20.63425635101727
reference_zero_residual,d_optimal_equal,256,247,78,85.92375366568915,0.470160208908414,10.759470370226282
reference_zero_residual,d_optimal_equal,256,248,908,361.7790811339198,14.747020874303093,8.9692139052584
reference_zero_residual,d_optimal_equal,256,249,551,243.12805474095796,0.48327053493322447,19.780796723428736
reference_zero_residual,d_optimal_equal,256,250,712,296.6373411534702,1.4117259260518642,20.580156221339394
reference_zero_residual,d_optimal_equal,256,251,79,86.25610948191593,0.4624326389754348,10.8007304273265
reference_zero_residual,d_optimal_equal,256,252,570,249.44281524926686,0.49798372290751813,19.988802016705066
reference_zero_residual,d_optimal_equal,256,253,741,306.2756598240469,2.4524808663386826,19.817134568731973
reference_zero_residual,d_optimal_equal,256,254,784,320.5669599217986,23.554093111688985,-0.8883521873893159
reference_zero_residual,d_optimal_equal,256,255,748,308.60215053763443,2.9634695209354525,19.371875194568148
reference_zero_residual,d_optimal_equal,256,256,35,71.63245356793743,2.1515144359689047,7.498047854886238
optimistic_combined,uniform_equal,16,1,0,60.0,258.87234698311335,-234.8553898150052
optimistic_combined,uniform_equal,16,2,68,82.6001955034213,1.5664948406510144,25.22705882453495
optimistic_combined,uniform_equal,16,3,136,105.20039100684261,1.1511436675934734,27.743135572808114
optimistic_combined,uniform_equal,16,4,205,128.1329423264907,1.7389011334468172,28.868247006952075
optimistic_combined,uniform_equal,16,5,273,150.73313782991204,1.693642953923095,30.324464006567794
optimistic_combined,uniform_equal,16,6,341,173.33333333333331,13.067071416393977,20.16450252234405
optimistic_combined,uniform_equal,16,7,409,195.93352883675465,8.419424982431995,25.87668238516892
optimistic_combined,uniform_equal,16,8,477,218.53372434017595,1.7276856515173051,33.51661585355214
optimistic_combined,uniform_equal,16,9,546,241.46627565982405,1.3165516070131273,34.79451022680159
optimistic_combined,uniform_equal,16,10,614,264.06647116324535,1.606751051922395,35.28144634482962
optimistic_combined,uniform_equal,16,11,682,286.66666666666663,2.666636440905146,34.9348396500083
optimistic_combined,uniform_equal,16,12,750,309.26686217008796,8.599964766350862,29.66063515414342
optimistic_combined,uniform_equal,16,13,818,331.8670576735093,33.732064339671155,5.141150718851378
optimistic_combined,uniform_equal,16,14,887,354.7996089931574,22.331957056451802,17.121637754899538
optimistic_combined,uniform_equal,16,15,955,377.39980449657867,986.4900814866658,-946.5001159091794
optimistic_combined,uniform_equal,16,16,1023,400.0,33.40504306052639,7.090088926468155
optimistic_combined,d_optimal_equal,16,1,860,345.8260019550342,14.720819795918834,24.510265242236358
optimistic_combined,d_optimal_equal,16,2,897,358.1231671554252,28.665425831362064,10.8691546617558
optimistic_combined,d_optimal_equal,16,3,1023,400.0,33.40504306052639,7.090088926468155
optimistic_combined,d_optimal_equal,16,4,656,278.02541544477026,2.1091346643635944,35.22648746356266
optimistic_combined,d_optimal_equal,16,5,33,70.96774193548387,6.774774955158962,18.700376945035003
optimistic_combined,d_optimal_equal,16,6,841,339.5112414467253,15.017525411283774,24.053489921921198
optimistic_combined,d_optimal_equal,16,7,730,302.6197458455523,5.247416355245448,32.82446104905769
optimistic_combined,d_optimal_equal,16,8,391,189.95112414467252,26.15365528846349,7.8731142336701225
optimistic_combined,d_optimal_equal,16,9,869,348.81720430107526,16.173841054057515,23.13204904608149
optimistic_combined,d_optimal_equal,16,10,538,238.80742913000978,1.3171118968211089,34.697776928839716
optimistic_combined,d_optimal_equal,16,11,668,282.0136852394917,2.3326732979996367,35.12666253802746
optimistic_combined,d_optimal_equal,16,12,50,76.6177908113392,2.7116567563957674,23.428867912638026
optimistic_combined,d_optimal_equal,16,13,898,358.455522971652,29.47622444918331,10.06641323622084
optimistic_combined,d_optimal_equal,16,14,390,189.61876832844575,28.517002930914746,5.4945556551813866
optimistic_combined,d_optimal_equal,16,15,859,345.49364613880743,14.616156395537807,24.606577061201506
optimistic_combined,d_optimal_equal,16,16,1022,399.6676441837732,34.524779022732496,5.963132949478336
optimistic_combined,uniform_equal,32,1,0,60.0,258.87234698311335,-237.865689771645
optimistic_combined,uniform_equal,32,2,33,70.96774193548387,6.774774955158962,15.690076988395191
optimistic_combined,uniform_equal,32,3,66,81.93548387096774,1.6427363605656768,22.070336298943133
optimistic_combined,uniform_equal,32,4,99,92.90322580645162,1.009542361010801,23.794705721283876
optimistic_combined,uniform_equal,32,5,132,103.87096774193549,1.0825047307587763,24.691011030267887
optimistic_combined,uniform_equal,32,6,165,114.83870967741936,5.680929392469168,20.96446889409836
optimistic_combined,uniform_equal,32,7,198,125.80645161290322,2.4082080117042746,25.029482455935735
optimistic_combined,uniform_equal,32,8,231,136.77419354838707,1.2270392499409175,26.936676209023787
optimistic_combined,uniform_equal,32,9,264,147.74193548387098,1.5080709289007195,27.325636958286722
optimistic_combined,uniform_equal,32,10,297,158.70967741935482,2.6078845893163627,26.847815793140896
optimistic_combined,uniform_equal,32,11,330,169.67741935483872,7.379992295072028,22.656120915112794
optimistic_combined,uniform_equal,32,12,363,180.64516129032256,100.97355270586023,-70.3933938386262
optimistic_combined,uniform_equal,32,13,396,191.61290322580643,17.770178479234247,13.32194874749969
optimistic_combined,uniform_equal,32,14,429,202.5806451612903,4.0382215620997055,27.53736963975426
optimistic_combined,uniform_equal,32,15,462,213.54838709677418,2.0625598689564444,29.9709982469476
optimistic_combined,uniform_equal,32,16,495,224.51612903225805,1.498276740454268,30.970306378866994
optimistic_combined,uniform_equal,32,17,528,235.48387096774192,1.331537889849037,31.55131763967013
optimistic_combined,uniform_equal,32,18,561,246.4516129032258,1.336803556791303,31.941461941832515
optimistic_combined,uniform_equal,32,19,594,257.41935483870964,1.4669314796616477,32.18952467446296
optimistic_combined,uniform_equal,32,20,627,268.38709677419354,1.7265614366174655,32.29230341630705
optimistic_combined,uniform_equal,32,21,660,279.35483870967744,2.1783406391266773,32.188415528330296
optimistic_combined,uniform_equal,32,22,693,290.3225806451613,3.007098556379816,31.69414995951675
optimistic_combined,uniform_equal,32,23,726,301.2903225806451,4.859945832306547,30.16339001940534
optimistic_combined,uniform_equal,32,24,759,312.258064516129,11.806957200248148,23.526948273029802
optimistic_combined,uniform_equal,32,25,792,323.22580645161287,154.09803733791873,-118.46428458018414
optimistic_combined,uniform_equal,32,26,825,334.19354838709677,22.851460566290644,13.072132869003681
optimistic_combined,uniform_equal,32,27,858,345.1612903225806,14.522933304223905,21.681140576590366
optimistic_combined,uniform_equal,32,28,891,356.1290322580645,24.52524060339381,11.950539191579864
optimistic_combined,uniform_equal,32,29,924,367.09677419354836,81.84810394358007,-45.108860375289
optimistic_combined,uniform_equal,32,30,957,378.06451612903226,1302.9148277039023,-1265.9198771431509
optimistic_combined,uniform_equal,32,31,990,389.0322580645161,155.7865533689786,-118.54320888578587
optimistic_combined,uniform_equal,32,32,1023,400.0,33.40504306052639,4.079788969828343
optimistic_combined,d_optimal_equal,32,1,860,345.8260019550342,14.720819795918834,21.499965285596545
optimistic_combined,d_optimal_equal,32,2,897,358.1231671554252,28.665425831362064,7.858854705115988
optimistic_combined,d_optimal_equal,32,3,869,348.81720430107526,16.173841054057515,20.12174908944168
optimistic_combined,d_optimal_equal,32,4,1023,400.0,33.40504306052639,4.079788969828343
optimistic_combined,d_optimal_equal,32,5,35,71.63245356793743,5.878046752284945,16.66778199046324
optimistic_combined,d_optimal_equal,32,6,534,237.47800586510263,1.3207731295464804,31.635326943046934
optimistic_combined,d_optimal_equal,32,7,668,282.0136852394917,2.3326732979996367,32.11636258138765
optimistic_combined,d_optimal_equal,32,8,392,190.2834799608993,24.06570555838529,6.965948351954225
optimistic_combined,d_optimal_equal,32,9,842,339.8435972629521,14.850257476184188,21.218956570019074
optimistic_combined,d_optimal_equal,32,10,50,76.6177908113392,2.7116567563957674,20.418567955998213
optimistic_combined,d_optimal_equal,32,11,729,302.2873900293255,5.145036074218305,29.906996747304603
optimistic_combined,d_optimal_equal,32,12,896,357.7908113391984,27.89243486404588,8.623780999204868
optimistic_combined,d_optimal_equal,32,13,859,345.49364613880743,14.616156395537807,21.596277104561693
optimistic_combined,d_optimal_equal,32,14,393,190.61583577712608,22.213741349319957,8.83307040748268
optimistic_combined,d_optimal_equal,32,15,868,348.48484848484844,15.966239110479481,20.32107110283053
optimistic_combined,d_optimal_equal,32,16,1022,399.6676441837732,34.524779022732496,2.9528329928385233
optimistic_combined,d_optimal_equal,32,17,539,239.13978494623655,1.3165690180978693,31.700099872819308
optimistic_combined,d_optimal_equal,32,18,669,282.3460410557185,2.353621945529095,32.10564431047631
optimistic_combined,d_optimal_equal,32,19,898,358.455522971652,29.47622444918331,7.056113279581027
optimistic_combined,d_optimal_equal,32,20,47,75.62072336265885,3.070585324351006,19.945863426700186
optimistic_combined,d_optimal_equal,32,21,391,189.95112414467252,26.15365528846349,4.86281427703031
optimistic_combined,d_optimal_equal,32,22,861,346.15835777126097,14.836831073802903,21.392297566701103
optimistic_combined,d_optimal_equal,32,23,870,349.14956011730203,16.39347585444653,19.910386333813676
optimistic_combined,d_optimal_equal,32,24,538,238.80742913000978,1.3171118968211089,31.687476972199903
optimistic_combined,d_optimal_equal,32,25,667,281.68132942326486,2.3121145431827395,32.1266788958787
optimistic_combined,d_optimal_equal,32,26,895,357.45845552297163,27.155116854875462,9.353026840302348
optimistic_combined,d_optimal_equal,32,27,45,74.95601173020528,3.3592200601223134,19.58054155355046
optimistic_combined,d_optimal_equal,32,28,349,175.9921798631476,22.800126490040736,7.553373124840405
optimistic_combined,d_optimal_equal,32,29,1021,399.3352883675464,35.701787525671996,1.7685984685937512
optimistic_combined,d_optimal_equal,32,30,858,345.1612903225806,14.522933304223905,21.681140576590366
optimistic_combined,d_optimal_equal,32,31,730,302.6197458455523,5.247416355245448,29.814161092417876
optimistic_combined,d_optimal_equal,32,32,867,348.1524926686217,15.770467022871836,20.508555359772757
optimistic_combined,uniform_equal,64,1,0,60.0,258.87234698311335,-240.87598972828482
optimistic_combined,uniform_equal,64,2,16,65.31769305962854,71.06641377466975,-52.33246477571504
optimistic_combined,uniform_equal,64,3,32,70.63538611925709,7.311730211928256,12.102048505624296
optimistic_combined,uniform_equal,64,4,49,76.28543499511241,2.822677049172995,17.259487738189108
optimistic_combined,uniform_equal,64,5,65,81.60312805474095,1.6840584443131683,18.983409936467666
optimistic_combined,uniform_equal,64,6,81,86.9208211143695,1.2242152570757239,19.99159339637582
optimistic_combined,uniform_equal,64,7,97,92.23851417399804,1.0235051041401575,20.708073113043483
optimistic_combined,uniform_equal,64,8,114,97.88856304985336,0.966520484398455,21.281450829771828
optimistic_combined,uniform_equal,64,9,130,103.20625610948191,1.056107722434424,21.651345003776854
optimistic_combined,uniform_equal,64,10,146,108.52394916911047,1.4766268783925183,21.6672171544368
optimistic_combined,uniform_equal,64,11,162,113.841642228739,3.963410640064825,19.595944648287798
optimistic_combined,uniform_equal,64,12,179,119.49169110459432,48.459230419377676,-24.479144021832894
optimistic_combined,uniform_equal,64,13,195,124.80938416422288,2.957083661311794,21.401193391733784
optimistic_combined,uniform_equal,64,14,211,130.12707722385142,1.4726455142501607,23.24804023759529
optimistic_combined,uniform_equal,64,15,227,135.44477028347995,1.2363595680223658,23.832217498355547
optimistic_combined,uniform_equal,64,16,244,141.0948191593353,1.2691148835346628,24.154438708612915
optimistic_combined,uniform_equal,64,17,260,146.41251221896383,1.4428865744847104,24.30200952343742
optimistic_combined,uniform_equal,64,18,276,151.73020527859236,1.769581656515899,24.28519149840035
optimistic_combined,uniform_equal,64,19,292,157.04789833822093,2.3447222424462564,24.00925258301396
optimistic_combined,uniform_equal,64,20,309,162.69794721407624,3.5193160809181188,23.14165763441254
optimistic_combined,uniform_equal,64,21,325,168.01564027370478,5.985434465461003,20.954892007688812
optimistic_combined,uniform_equal,64,22,341,173.33333333333331,13.067071416393977,14.14390260906444
optimistic_combined,uniform_equal,64,23,357,178.65102639296185,48.2899164366671,-20.81647387608126
optimistic_combined,uniform_equal,64,24,373,183.96871945259042,206.28171162212487,-178.5534996673876
optimistic_combined,uniform_equal,64,25,390,189.61876832844575,28.517002930914746,-0.5260442580982385
optimistic_combined,uniform_equal,64,26,406,194.9364613880743,9.753498189024315,18.47769562228413
optimistic_combined,uniform_equal,64,27,422,200.25415444770283,5.018951161991807,23.44601177854129
optimistic_combined,uniform_equal,64,28,438,205.57184750733137,3.198202514192485,25.4944025124464
optimistic_combined,uniform_equal,64,29,455,211.2218963831867,2.292363560093301,26.635747436407044
optimistic_combined,uniform_equal,64,30,471,216.53958944281524,1.8411592874640876,27.302919140198767
optimistic_combined,uniform_equal,64,31,487,221.85728250244378,1.5831362153400637,27.771669813328373
optimistic_combined,uniform_equal,64,32,503,227.17497556207232,1.4346495589976747,28.12589248828067
optimistic_combined,uniform_equal,64,33,520,232.82502443792765,1.3594448434045323,28.414480547984255
optimistic_combined,uniform_equal,64,34,536,238.1427174975562,1.3186349448639567,28.651443405220448
optimistic_combined,uniform_equal,64,35,552,243.46041055718473,1.321432975099159,28.84046627305662
optimistic_combined,uniform_equal,64,36,568,248.7781036168133,1.3545373352051262,28.99503797116293
optimistic_combined,uniform_equal,64,37,585,254.4281524926686,1.4195425396968677,29.12509299445199
optimistic_combined,uniform_equal,64,38,601,259.74584555229717,1.510986768875623,29.213317679427092
optimistic_combined,uniform_equal,64,39,617,265.0635386119257,1.6320058083051394,29.26832626935544
optimistic_combined,uniform_equal,64,40,633,270.38123167155425,1.7913424301112562,29.281520658267084
optimistic_combined,uniform_equal,64,41,650,276.03128054740955,2.013986096225914,29.23851215450665
optimistic_combined,uniform_equal,64,42,666,281.34897360703815,2.2919358980455,29.126303051857832
optimistic_combined,uniform_equal,64,43,682,286.66666666666663,2.666636440905146,28.914239736728675
optimistic_combined,uniform_equal,64,44,698,291.9843597262952,3.19323654787473,28.547287477120335
optimistic_combined,uniform_equal,64,45,714,297.3020527859237,3.9746317286323385,27.92265867642105
optimistic_combined,uniform_equal,64,46,731,302.95210166177907,5.353819038736162,26.706992601677058
optimistic_combined,uniform_equal,64,47,747,308.2697947214076,7.864638704127854,24.347313007492005
optimistic_combined,uniform_equal,64,48,763,313.58748778103615,14.015637159542411,18.344869605612573
optimistic_combined,uniform_equal,64,49,779,318.9051808406647,39.2850429865247,-6.778479244930907
optimistic_combined,uniform_equal,64,50,796,324.55522971652005,235.49260107548596,-202.83349659788877
optimistic_combined,uniform_equal,64,51,812,329.8729227761486,55.01909890121384,-22.21883328474098
optimistic_combined,uniform_equal,64,52,828,335.1906158357771,20.26580738888641,12.67336188632494
optimistic_combined,uniform_equal,64,53,844,340.50830889540566,14.581512376403575,18.494374146588612
optimistic_combined,uniform_equal,64,54,861,346.15835777126097,14.836831073802903,18.38199761006129
optimistic_combined,uniform_equal,64,55,877,351.4760508308895,18.291651748648935,15.059595259373893
optimistic_combined,uniform_equal,64,56,893,356.79374389051804,25.779753802984544,7.701923059057435
optimistic_combined,uniform_equal,64,57,909,362.11143695014664,41.725721631189586,-8.115544547682688
optimistic_combined,uniform_equal,64,58,926,367.76148582600194,95.043675395935,-61.29901824122541
optimistic_combined,uniform_equal,64,59,942,373.0791788856305,239.37364264634073,-205.50429015422475
optimistic_combined,uniform_equal,64,60,958,378.396871945259,1497.2230631014902,-1463.2307801021987
optimistic_combined,uniform_equal,64,61,974,383.71456500488756,697.1085094528264,-662.9950115171853
optimistic_combined,uniform_equal,64,62,991,389.3646138807429,145.67564968229615,-111.4351878440356
optimistic_combined,uniform_equal,64,63,1007,394.68230694037146,61.25407067796604,-26.895785270540983
optimistic_combined,uniform_equal,64,64,1023,400.0,33.40504306052639,1.0694890131885302
optimistic_combined,d_optimal_equal,64,1,860,345.8260019550342,14.720819795918834,18.489665328956733
optimistic_combined,d_optimal_equal,64,2,896,357.7908113391984,27.89243486404588,5.613481042565084
optimistic_combined,d_optimal_equal,64,3,869,348.81720430107526,16.173841054057515,17.111449132801866
optimistic_combined,d_optimal_equal,64,4,38,72.62952101661779,4.856329622764993,14.799266225359005
optimistic_combined,d_optimal_equal,64,5,538,238.80742913000978,1.3171118968211089,28.67717701556012
optimistic_combined,d_optimal_equal,64,6,668,282.0136852394917,2.3326732979996367,29.106062624747835
optimistic_combined,d_optimal_equal,64,7,1023,400.0,33.40504306052639,1.0694890131885302
optimistic_combined,d_optimal_equal,64,8,393,190.61583577712608,22.213741349319957,5.822770450842867
optimistic_combined,d_optimal_equal,64,9,731,302.95210166177907,5.353819038736162,26.706992601677058
optimistic_combined,d_optimal_equal,64,10,842,339.8435972629521,14.850257476184188,18.20865661337926
optimistic_combined,d_optimal_equal,64,11,53,77.61485826001955,2.4215368061629903,17.810692815291418
optimistic_combined,d_optimal_equal,64,12,897,358.1231671554252,28.665425831362064,4.848554748476175
optimistic_combined,d_optimal_equal,64,13,394,190.94819159335287,20.564841133453733,7.486802107113931
optimistic_combined,d_optimal_equal,64,14,859,345.49364613880743,14.616156395537807,18.58597714792188
optimistic_combined,d_optimal_equal,64,15,868,348.48484848484844,15.966239110479481,17.310771146190717
optimistic_combined,d_optimal_equal,64,16,539,239.13978494623655,1.3165690180978693,28.689799916179524
optimistic_combined,d_optimal_equal,64,17,667,281.68132942326486,2.3121145431827395,29.116378939238885
optimistic_combined,d_optimal_equal,64,18,1022,399.6676441837732,34.524779022732496,-0.05746696380128924
optimistic_combined,d_optimal_equal,64,19,49,76.28543499511241,2.822677049172995,17.259487738189108
optimistic_combined,d_optimal_equal,64,20,895,357.45845552297163,27.155116854875462,6.342726883662536
optimistic_combined,d_optimal_equal,64,21,395,191.28054740957967,19.09139984527471,8.975348521481976
optimistic_combined,d_optimal_equal,64,22,861,346.15835777126097,14.836831073802903,18.38199761006129
optimistic_combined,d_optimal_equal,64,23,870,349.14956011730203,16.39347585444653,16.900086377173864
optimistic_combined,d_optimal_equal,64,24,730,302.6197458455523,5.247416355245448,26.803861135778064
optimistic_combined,d_optimal_equal,64,25,669,282.3460410557185,2.353621945529095,29.095344353836495
optimistic_combined,d_optimal_equal,64,26,50,76.6177908113392,2.7116567563957674,17.4082679993584
optimistic_combined,d_optimal_equal,64,27,898,358.455522971652,29.47622444918331,4.045813322941214
optimistic_combined,d_optimal_equal,64,28,540,239.47214076246334,1.3161668181262423,28.702265360919057
optimistic_combined,d_optimal_equal,64,29,392,190.2834799608993,24.06570555838529,3.955648395314398
optimistic_combined,d_optimal_equal,64,30,858,345.1612903225806,14.522933304223905,18.670840619950553
optimistic_combined,d_optimal_equal,64,31,843,340.1759530791789,14.705410461878888,18.361993989965228
optimistic_combined,d_optimal_equal,64,32,867,348.1524926686217,15.770467022871836,17.498255403132944
optimistic_combined,d_optimal_equal,64,33,881,352.8054740957967,19.694650498072985,13.689388048751923
optimistic_combined,d_optimal_equal,64,34,48,75.95307917888563,2.942037274148474,17.102202674782305
optimistic_combined,d_optimal_equal,64,35,894,357.12609970674487,26.4514985564978,7.038265505178032
optimistic_combined,d_optimal_equal,64,36,348,175.65982404692082,21.080754197483234,6.246026917608759
optimistic_combined,d_optimal_equal,64,37,537,238.47507331378299,1.317799124382533,28.66439294224324
optimistic_combined,d_optimal_equal,64,38,670,282.6783968719452,2.3749706343423957,29.08421400631775
optimistic_combined,d_optimal_equal,64,39,772,316.5786901270772,22.886205156875274,9.556760646878146
optimistic_combined,d_optimal_equal,64,40,871,349.4819159335288,16.625377976510762,16.676448429447774
optimistic_combined,d_optimal_equal,64,41,47,75.62072336265885,3.070585324351006,16.935563470060373
optimistic_combined,d_optimal_equal,64,42,844,340.50830889540566,14.581512376403575,18.494374146588612
optimistic_combined,d_optimal_equal,64,43,862,346.4907135874878,14.964134369823078,18.26302986600021
optimistic_combined,d_optimal_equal,64,44,656,278.02541544477026,2.1091346643635944,29.205887550283038
optimistic_combined,d_optimal_equal,64,45,347,175.32746823069402,19.54593102794045,7.764400449989992
optimistic_combined,d_optimal_equal,64,46,893,356.79374389051804,25.779753802984544,7.701923059057435
optimistic_combined,d_optimal_equal,64,47,1021,399.3352883675464,35.701787525671996,-1.2417014880460613
optimistic_combined,d_optimal_equal,64,48,729,302.2873900293255,5.145036074218305,26.89669679066479
optimistic_combined,d_optimal_equal,64,49,51,76.95014662756599,2.6082256688553165,17.54929561252287
optimistic_combined,d_optimal_equal,64,50,841,339.5112414467253,15.017525411283774,18.032890008641573
optimistic_combined,d_optimal_equal,64,51,857,344.82893450635385,14.441281356086948,18.744124895446035
optimistic_combined,d_optimal_equal,64,52,899,358.78787878787875,30.327143100639976,3.202944396695983
optimistic_combined,d_optimal_equal,64,53,396,191.61290322580643,17.770178479234247,10.311648790859863
optimistic_combined,d_optimal_equal,64,54,536,238.1427174975562,1.3186349448639567,28.651443405220448
optimistic_combined,d_optimal_equal,64,55,666,281.34897360703815,2.2919358980455,29.126303051857832
optimistic_combined,d_optimal_equal,64,56,46,75.28836754643206,3.209282027418899,16.75860783122785
optimistic_combined,d_optimal_equal,64,57,657,278.3577712609971,2.1259803751053687,29.199418883106375
optimistic_combined,d_optimal_equal,64,58,880,352.47311827956986,19.31969095904296,14.056161301723648
optimistic_combined,d_optimal_equal,64,59,349,175.9921798631476,22.800126490040736,4.543073168200593
optimistic_combined,d_optimal_equal,64,60,866,347.8201368523949,15.586352988562613,17.6740736912093
optimistic_combined,d_optimal_equal,64,61,534,237.47800586510263,1.3207731295464804,28.62502698640715
optimistic_combined,d_optimal_equal,64,62,52,77.28250244379277,2.5117170077288136,17.6832387653227
optimistic_combined,d_optimal_equal,64,63,845,340.8406647116324,14.477250108556994,18.607110210628036
optimistic_combined,d_optimal_equal,64,64,892,356.4613880742913,25.138190764561035,8.335391361053908
optimistic_combined,uniform_equal,128,1,0,60.0,258.87234698311335,-243.88628968492463
optimistic_combined,uniform_equal,128,2,8,62.65884652981427,332.31025918684355,-316.9475789801945
optimistic_combined,uniform_equal,128,3,16,65.31769305962854,71.06641377466975,-55.34276473235485
optimistic_combined,uniform_equal,128,4,24,67.97653958944281,16.493686326772618,-0.4234729835551576
optimistic_combined,uniform_equal,128,5,32,70.63538611925709,7.311730211928256,9.091748548984484
optimistic_combined,uniform_equal,128,6,40,73.29423264907136,4.328340849450516,12.3960874885328
optimistic_combined,uniform_equal,128,7,48,75.95307917888563,2.942037274148474,14.091902718142492
optimistic_combined,uniform_equal,128,8,56,78.6119257086999,2.183931153460129,15.148869838150404
optimistic_combined,uniform_equal,128,9,64,81.27077223851417,1.7277095285822213,15.894010491094377
optimistic_combined,uniform_equal,128,10,72,83.92961876832845,1.436155802861235,16.465181496279854
optimistic_combined,uniform_equal,128,11,81,86.9208211143695,1.2242152570757239,16.981293439736007
optimistic_combined,uniform_equal,128,12,89,89.57966764418377,1.1020039140380546,17.36521731258182
optimistic_combined,uniform_equal,128,13,97,92.23851417399804,1.0235051041401575,17.69777315640367
optimistic_combined,uniform_equal,128,14,105,94.89736070381232,0.9801265982556927,17.98798837121491
optimistic_combined,uniform_equal,128,15,113,97.5562072336266,0.9663138318569089,18.241816610163184
optimistic_combined,uniform_equal,128,16,121,100.21505376344086,0.9838570337087492,18.45783453280808
optimistic_combined,uniform_equal,128,17,129,102.87390029325513,1.04456433149849,18.62457207304749
optimistic_combined,uniform_equal,128,18,137,105.5327468230694,1.1722916669160002,18.71848546704622
optimistic_combined,uniform_equal,128,19,145,108.19159335288367,1.4289933783788917,18.677909247272083
optimistic_combined,uniform_equal,128,20,153,110.85043988269794,1.9961773182163927,18.32160338919404
optimistic_combined,uniform_equal,128,21,161,113.50928641251221,3.5813430272278515,16.942317132237562
optimistic_combined,uniform_equal,128,22,169,116.16813294232648,10.994364272571625,9.730408206333578
optimistic_combined,uniform_equal,128,23,177,118.82697947214075,84.66233562354451,-63.74100217911371
optimistic_combined,uniform_equal,128,24,185,121.48582600195503,10.094546651727878,11.018997856203555
optimistic_combined,uniform_equal,128,25,193,124.1446725317693,3.4965923210447887,17.80500171434703
optimistic_combined,uniform_equal,128,26,201,126.80351906158357,2.0487231385036386,19.43693527778774
optimistic_combined,uniform_equal,128,27,209,129.46236559139783,1.5430624732257108,20.122840584647548
optimistic_combined,uniform_equal,128,28,217,132.12121212121212,1.3320596978591115,20.51042358047073
optimistic_combined,uniform_equal,128,29,226,135.1124144672532,1.2407923829260328,20.796145006005645
optimistic_combined,uniform_equal,128,30,234,137.77126099706743,1.227786094989055,20.978418864508612
optimistic_combined,uniform_equal,128,31,242,140.43010752688173,1.256624589204987,21.115612269013297
optimistic_combined,uniform_equal,128,32,250,143.08895405669597,1.3188788094912727,21.216275663224692
optimistic_combined,uniform_equal,128,33,258,145.74780058651027,1.4137954150555365,21.281277070277056
optimistic_combined,uniform_equal,128,34,266,148.40664711632454,1.5443924859513212,21.307706872116043
optimistic_combined,uniform_equal,128,35,274,151.0654936461388,1.7180836097443546,21.28825416470852
optimistic_combined,uniform_equal,128,36,282,153.72434017595307,1.9475292917164566,21.210355751161103
optimistic_combined,uniform_equal,128,37,290,156.38318670576734,2.253019985418315,21.05381347990391
optimistic_combined,uniform_equal,128,38,298,159.0420332355816,2.6671579648555,20.786112710154327
optimistic_combined,uniform_equal,128,39,306,161.70087976539588,3.243911508467444,20.353368437593545
optimistic_combined,uniform_equal,128,40,314,164.35972629521018,4.076950149801852,19.661990328093722
optimistic_combined,uniform_equal,128,41,322,167.01857282502442,5.339541768809649,18.538785888001883
optimistic_combined,uniform_equal,128,42,330,169.67741935483872,7.379992295072028,16.63552100183317
optimistic_combined,uniform_equal,128,43,338,172.33626588465296,10.979659971405829,13.170905890853277
optimistic_combined,uniform_equal,128,44,346,174.99511241446726,18.17101384459277,6.11253682752681
optimistic_combined,uniform_equal,128,45,354,177.6539589442815,35.417918680219444,-11.00338858961679
optimistic_combined,uniform_equal,128,46,362,180.3128054740958,88.41663836169869,-63.87307465939091
optimistic_combined,uniform_equal,128,47,371,183.30400782013686,229.46208223533648,-204.77561073230385
optimistic_combined,uniform_equal,128,48,379,185.9628543499511,96.55380621245494,-71.74224985068992
optimistic_combined,uniform_equal,128,49,387,188.6217008797654,37.783722651539165,-12.848857226065334
optimistic_combined,uniform_equal,128,50,395,191.28054740957967,19.09139984527471,5.965048564842164
optimistic_combined,uniform_equal,128,51,403,193.93939393939394,11.45195886672256,13.724394105913305
optimistic_combined,uniform_equal,128,52,411,196.5982404692082,7.683824609405947,17.61080021370438
optimistic_combined,uniform_equal,128,53,419,199.25708699902248,5.573368488852303,19.83793934052548
optimistic_combined,uniform_equal,128,54,427,201.91593352883675,4.281776212200384,21.244667902519183
optimistic_combined,uniform_equal,128,55,435,204.57478005865102,3.439032439401736,22.201041709754392
optimistic_combined,uniform_equal,128,56,443,207.23362658846528,2.862928617633995,22.889308217213696
optimistic_combined,uniform_equal,128,57,451,209.89247311827955,2.4541685214086915,23.40880106464195
optimistic_combined,uniform_equal,128,58,459,212.55131964809382,2.1537372910709127,23.818571112970147
optimistic_combined,uniform_equal,128,59,467,215.2101661779081,1.930952434840757,24.14933551254022
optimistic_combined,uniform_equal,128,60,475,217.8690127077224,1.762956789258734,24.423984808611706
optimistic_combined,uniform_equal,128,61,483,220.52785923753666,1.635156246066226,24.657145276432544
optimistic_combined,uniform_equal,128,62,491,223.18670576735093,1.5377611077836983,24.85863762390042
optimistic_combined,uniform_equal,128,63,499,225.8455522971652,1.4640661456433752,25.03519698842021
optimistic_combined,uniform_equal,128,64,507,228.50439882697947,1.4097256965367502,25.191197891540384
optimistic_combined,uniform_equal,128,65,516,231.49560117302053,1.371149253226279,25.34273789862958
optimistic_combined,uniform_equal,128,66,524,234.1544477028348,1.3436355223165608,25.46944499834288
optimistic_combined,uniform_equal,128,67,532,236.81329423264907,1.3235786695368803,25.58757520444746
optimistic_combined,uniform_equal,128,68,540,239.47214076246334,1.3161668181262423,25.69196540427926
optimistic_combined,uniform_equal,128,69,548,242.1309872922776,1.3176949985987279,25.78634474939068
optimistic_combined,uniform_equal,128,70,556,244.78983382209188,1.327065035870705,25.871834804618373
optimistic_combined,uniform_equal,128,71,564,247.44868035190615,1.343951719886941,25.948783411696212
optimistic_combined,uniform_equal,128,72,572,250.10752688172042,1.3669608196626872,26.018606707623093
optimistic_combined,uniform_equal,128,73,580,252.7663734115347,1.3971435769051035,26.08027466173715
optimistic_combined,uniform_equal,128,74,588,255.42521994134896,1.434305862334525,26.134001948484666
optimistic_combined,uniform_equal,128,75,596,258.0840664711632,1.478785569315004,26.17947058137274
optimistic_combined,uniform_equal,128,76,604,260.7429130009775,1.5315270138297918,26.21575553916398
optimistic_combined,uniform_equal,128,77,612,263.40175953079176,1.5906505667469153,26.244755158452932
optimistic_combined,uniform_equal,128,78,620,266.06060606060606,1.6586928815159387,26.263950929564245
optimistic_combined,uniform_equal,128,79,628,268.71945259042036,1.7369186444764768,26.272095768665565
optimistic_combined,uniform_equal,128,80,636,271.3782991202346,1.8262116461012128,26.26832296784228
optimistic_combined,uniform_equal,128,81,644,274.03714565004884,1.928105534624385,26.251115461747403
optimistic_combined,uniform_equal,128,82,652,276.69599217986314,2.044614122723525,26.218475540219217
optimistic_combined,uniform_equal,128,83,661,279.6871945259042,2.196425531714385,26.160058412006165
optimistic_combined,uniform_equal,128,84,669,282.3460410557185,2.353621945529095,26.085044397196683
optimistic_combined,uniform_equal,128,85,677,285.00488758553274,2.5365503394485542,25.983528107955124
optimistic_combined,uniform_equal,128,86,685,287.663734115347,2.7514620442625244,25.8492725194194
optimistic_combined,uniform_equal,128,87,693,290.3225806451613,3.007098556379816,25.673550046237125
optimistic_combined,uniform_equal,128,88,701,292.9814271749756,3.3168317607387245,25.443002334055194
optimistic_combined,uniform_equal,128,89,709,295.6402737047898,3.6927678476058334,25.145536356470473
optimistic_combined,uniform_equal,128,90,717,298.29912023460406,4.16465522227039,24.75141651846897
optimistic_combined,uniform_equal,128,91,725,300.95796676441836,4.771641465943684,24.221507708077823
optimistic_combined,uniform_equal,128,92,733,303.61681329423266,5.57963699751356,23.489911646609883
optimistic_combined,uniform_equal,128,93,741,306.2756598240469,6.700302331427818,22.444979642256243
optimistic_combined,uniform_equal,128,94,749,308.93450635386114,8.3411058363127,20.879254842447608
optimistic_combined,uniform_equal,128,95,757,311.5933528836755,10.922889158179752,18.371906821157197
optimistic_combined,uniform_equal,128,96,765,314.25219941348973,15.41125825579945,13.957340553589916
optimistic_combined,uniform_equal,128,97,773,316.911045943304,24.460991628584264,4.98078819793831
optimistic_combined,uniform_equal,128,98,781,319.5698924731183,47.542699483357715,-18.02835006214977
optimistic_combined,uniform_equal,128,99,789,322.2287390029325,107.05552619558642,-77.46920846995002
optimistic_combined,uniform_equal,128,100,797,324.8875855327468,247.67535610139518,-218.0176614791863
optimistic_combined,uniform_equal,128,101,806,327.8787878787879,107.2581692375437,-77.52087052917454
optimistic_combined,uniform_equal,128,102,814,330.5376344086021,45.876433611693614,-16.068983028981933
optimistic_combined,uniform_equal,128,103,822,333.1964809384164,26.45550378462191,3.421536624868807
optimistic_combined,uniform_equal,128,104,830,335.85532746823066,18.946648880310374,10.999428242962566
optimistic_combined,uniform_equal,128,105,838,338.51417399804495,15.671337011100054,14.343232436161841
optimistic_combined,uniform_equal,128,106,846,341.17302052785925,14.391456636201143,15.691069263711782
optimistic_combined,uniform_equal,128,107,854,343.8318670576735,14.267685063925473,15.882269737365377
optimistic_combined,uniform_equal,128,108,862,346.4907135874878,14.964134369823078,15.252729909360397
optimistic_combined,uniform_equal,128,109,870,349.14956011730203,16.39347585444653,13.889786420534051
optimistic_combined,uniform_equal,128,110,878,351.8084066471163,18.618774997104378,11.730381552226518
optimistic_combined,uniform_equal,128,111,886,354.46725317693057,21.842186225803967,8.572368461781082
optimistic_combined,uniform_equal,128,112,894,357.12609970674487,26.4514985564978,4.027965548538219
optimistic_combined,uniform_equal,128,113,902,359.7849462365591,33.146814690349885,-2.6029226383851665
optimistic_combined,uniform_equal,128,114,910,362.4437927663734,43.24724682844798,-12.639401209948005
optimistic_combined,uniform_equal,128,115,918,365.10263929618765,59.6373210944678,-28.965989355166784
optimistic_combined,uniform_equal,128,116,926,367.76148582600194,95.043675395935,-64.30931819786522
optimistic_combined,uniform_equal,128,117,934,370.4203323558162,136.6197408491354,-105.82281221723451
optimistic_combined,uniform_equal,128,118,942,373.0791788856305,239.37364264634073,-208.5145901108645
optimistic_combined,uniform_equal,128,119,951,376.07038123167155,589.0577647948899,-558.1293498973023
optimistic_combined,uniform_equal,128,120,959,378.7292277614858,1713.0467633158341,-1682.0571545787918
optimistic_combined,uniform_equal,128,121,967,381.3880742913001,1808.7725880436349,-1777.722213575692
optimistic_combined,uniform_equal,128,122,975,384.0469208211143,615.6208828539967,-584.5101648152531
optimistic_combined,uniform_equal,128,123,983,386.7057673509286,268.05972884131825,-236.88908356654275
optimistic_combined,uniform_equal,128,124,991,389.3646138807429,145.67564968229615,-114.44548780067541
optimistic_combined,uniform_equal,128,125,999,392.02346041055716,90.40906501720043,-59.11979156882779
optimistic_combined,uniform_equal,128,126,1007,394.68230694037146,61.25407067796604,-29.906085227180796
optimistic_combined,uniform_equal,128,127,1015,397.3411534701857,44.214871235133984,-12.808567980816548
optimistic_combined,uniform_equal,128,128,1023,400.0,33.40504306052639,-1.9408109434512824
optimistic_combined,d_optimal_equal,128,1,860,345.8260019550342,14.720819795918834,15.47936537231692
optimistic_combined,d_optimal_equal,128,2,895,357.45845552297163,27.155116854875462,3.3324269270227234
optimistic_combined,d_optimal_equal,128,3,869,348.81720430107526,16.173841054057515,14.101149176162053
optimistic_combined,d_optimal_equal,128,4,42,73.95894428152492,3.889901498832114,12.912944856575066
optimistic_combined,d_optimal_equal,128,5,538,238.80742913000978,1.3171118968211089,25.666877058920306
optimistic_combined,d_optimal_equal,128,6,668,282.0136852394917,2.3326732979996367,26.095762668108023
optimistic_combined,d_optimal_equal,128,7,1023,400.0,33.40504306052639,-1.9408109434512824
optimistic_combined,d_optimal_equal,128,8,395,191.28054740957967,19.09139984527471,5.965048564842164
optimistic_combined,d_optimal_equal,128,9,732,303.28445747800583,5.464476058341064,23.595559321045897
optimistic_combined,d_optimal_equal,128,10,842,339.8435972629521,14.850257476184188,15.198356656739449
optimistic_combined,d_optimal_equal,128,11,56,78.6119257086999,2.183931153460129,15.148869838150404
optimistic_combined,d_optimal_equal,128,12,896,357.7908113391984,27.89243486404588,2.6031810859252715
optimistic_combined,d_optimal_equal,128,13,396,191.61290322580643,17.770178479234247,7.30134883422005
optimistic_combined,d_optimal_equal,128,14,859,345.49364613880743,14.616156395537807,15.575677191282068
optimistic_combined,d_optimal_equal,128,15,868,348.48484848484844,15.966239110479481,14.300471189550905
optimistic_combined,d_optimal_equal,128,16,881,352.8054740957967,19.694650498072985,10.67908809211211
optimistic_combined,d_optimal_equal,128,17,669,282.3460410557185,2.353621945529095,26.085044397196683
optimistic_combined,d_optimal_equal,128,18,539,239.13978494623655,1.3165690180978693,25.67949995953971
optimistic_combined,d_optimal_equal,128,19,53,77.61485826001955,2.4215368061629903,14.800392858651605
optimistic_combined,d_optimal_equal,128,20,394,190.94819159335287,20.564841133453733,4.4765021504741185
optimistic_combined,d_optimal_equal,128,21,870,349.14956011730203,16.39347585444653,13.889786420534051
optimistic_combined,d_optimal_equal,128,22,861,346.15835777126097,14.836831073802903,15.371697653421478
optimistic_combined,d_optimal_equal,128,23,894,357.12609970674487,26.4514985564978,4.027965548538219
optimistic_combined,d_optimal_equal,128,24,843,340.1759530791789,14.705410461878888,15.351694033325415
optimistic_combined,d_optimal_equal,128,25,880,352.47311827956986,19.31969095904296,11.045861345083836
optimistic_combined,d_optimal_equal,128,26,537,238.47507331378299,1.317799124382533,25.654092985603427
optimistic_combined,d_optimal_equal,128,27,667,281.68132942326486,2.3121145431827395,26.106078982599072
optimistic_combined,d_optimal_equal,128,28,52,77.28250244379277,2.5117170077288136,14.672938808682886
optimistic_combined,d_optimal_equal,128,29,397,191.94525904203323,16.581534863425766,8.505045221403549
optimistic_combined,d_optimal_equal,128,30,858,345.1612903225806,14.522933304223905,15.66054066331074
optimistic_combined,d_optimal_equal,128,31,867,348.1524926686217,15.770467022871836,14.487955446493132
optimistic_combined,d_optimal_equal,128,32,897,358.1231671554252,28.665425831362064,1.8382547918363628
optimistic_combined,d_optimal_equal,128,33,731,302.95210166177907,5.353819038736162,23.696692645037245
optimistic_combined,d_optimal_equal,128,34,51,76.95014662756599,2.6082256688553165,14.538995655883056
optimistic_combined,d_optimal_equal,128,35,844,340.50830889540566,14.581512376403575,15.4840741899488
optimistic_combined,d_optimal_equal,128,36,656,278.02541544477026,2.1091346643635944,26.195587593643225
optimistic_combined,d_optimal_equal,128,37,346,174.99511241446726,18.17101384459277,6.11253682752681
optimistic_combined,d_optimal_equal,128,38,670,282.6783968719452,2.3749706343423957,26.07391404967794
optimistic_combined,d_optimal_equal,128,39,893,356.79374389051804,25.779753802984544,4.691623102417623
optimistic_combined,d_optimal_equal,128,40,534,237.47800586510263,1.3207731295464804,25.614727029767337
optimistic_combined,d_optimal_equal,128,41,54,77.94721407624633,2.3371544826337995,14.921889760166408
optimistic_combined,d_optimal_equal,128,42,871,349.4819159335288,16.625377976510762,13.666148472807961
optimistic_combined,d_optimal_equal,128,43,882,353.13782991202345,20.086799755351127,10.295117412737383
optimistic_combined,d_optimal_equal,128,44,862,346.4907135874878,14.964134369823078,15.252729909360397
optimistic_combined,d_optimal_equal,128,45,347,175.32746823069402,19.54593102794045,4.75410049335018
optimistic_combined,d_optimal_equal,128,46,841,339.5112414467253,15.017525411283774,15.02259005200176
optimistic_combined,d_optimal_equal,128,47,540,239.47214076246334,1.3161668181262423,25.69196540427926
optimistic_combined,d_optimal_equal,128,48,55,78.27956989247312,2.258094826131111,15.03790607956681
optimistic_combined,d_optimal_equal,128,49,666,281.34897360703815,2.2919358980455,26.11600309521802
optimistic_combined,d_optimal_equal,128,50,345,174.66275659824046,16.935196993495353,7.331841498773343
optimistic_combined,d_optimal_equal,128,51,730,302.6197458455523,5.247416355245448,23.79356117913825
optimistic_combined,d_optimal_equal,128,52,892,356.4613880742913,25.138190764561035,5.325091404414096
optimistic_combined,d_optimal_equal,128,53,857,344.82893450635385,14.441281356086948,15.733824938806222
optimistic_combined,d_optimal_equal,128,54,657,278.3577712609971,2.1259803751053687,26.189118926466563
optimistic_combined,d_optimal_equal,128,55,50,76.6177908113392,2.7116567563957674,14.397968042718588
optimistic_combined,d_optimal_equal,128,56,845,340.8406647116324,14.477250108556994,15.596810253988224
optimistic_combined,d_optimal_equal,128,57,772,316.5786901270772,22.886205156875274,6.546460690238334
optimistic_combined,d_optimal_equal,128,58,898,358.455522971652,29.47622444918331,1.0355133663014016
optimistic_combined,d_optimal_equal,128,59,872,349.8142717497556,16.869813800370427,13.429968967825829
optimistic_combined,d_optimal_equal,128,60,533,237.14565004887584,1.322088404083131,25.60124714280063
optimistic_combined,d_optimal_equal,128,61,398,192.27761485826002,15.508800246218224,9.59280656844119
optimistic_combined,d_optimal_equal,128,62,671,283.01075268817203,2.3967298957496346,26.062361122525928
optimistic_combined,d_optimal_equal,128,63,49,76.28543499511241,2.822677049172995,14.249187781549296
optimistic_combined,d_optimal_equal,128,64,866,347.8201368523949,15.586352988562613,14.663773734569489
optimistic_combined,d_optimal_equal,128,65,1022,399.6676441837732,34.524779022732496,-3.0677669204411018
optimistic_combined,d_optimal_equal,128,66,733,303.61681329423266,5.57963699751356,23.489911646609883
optimistic_combined,d_optimal_equal,128,67,393,190.61583577712608,22.213741349319957,2.8124704942030547
optimistic_combined,d_optimal_equal,128,68,536,238.1427174975562,1.3186349448639567,25.64114344858062
optimistic_combined,d_optimal_equal,128,69,48,75.95307917888563,2.942037274148474,14.091902718142492
optimistic_combined,d_optimal_equal,128,70,840,339.17888563049854,15.208860027802658,14.822748442214802
optimistic_combined,d_optimal_equal,128,71,655,277.6930596285435,2.092581518670544,26.201751283473342
optimistic_combined,d_optimal_equal,128,72,879,352.1407624633431,18.961267748433134,11.396090546937074
optimistic_combined,d_optimal_equal,128,73,863,346.82306940371456,15.102708874473656,15.122482964992798
optimistic_combined,d_optimal_equal,128,74,891,356.1290322580645,24.52524060339381,5.929939278300239
optimistic_combined,d_optimal_equal,128,75,57,78.94428152492668,2.1142794444447923,15.255166377259926
optimistic_combined,d_optimal_equal,128,76,344,174.33040078201367,15.820844836022006,8.429650026367568
optimistic_combined,d_optimal_equal,128,77,665,281.0166177908113,2.272127928887431,26.125544411079474
optimistic_combined,d_optimal_equal,128,78,535,237.81036168132943,1.3196243218129353,25.62802343718127
optimistic_combined,d_optimal_equal,128,79,856,344.4965786901271,14.37137195932659,15.79535859403741
optimistic_combined,d_optimal_equal,128,80,749,308.93450635386114,8.3411058363127,20.879254842447608
optimistic_combined,d_optimal_equal,128,81,58,79.27663734115347,2.048793296768026,15.357143403727775
optimistic_combined,d_optimal_equal,128,82,734,303.9491691104594,5.699570697137199,23.379480803669708
optimistic_combined,d_optimal_equal,128,83,348,175.65982404692082,21.080754197483234,3.2357269609689467
optimistic_combined,d_optimal_equal,128,84,672,283.34310850439886,2.418910662083776,26.05037471159214
optimistic_combined,d_optimal_equal,128,85,883,353.4701857282502,20.496842473326343,9.893245579012827
optimistic_combined,d_optimal_equal,128,86,532,236.81329423264907,1.3235786695368803,25.58757520444746
optimistic_combined,d_optimal_equal,128,87,846,341.17302052785925,14.391456636201143,15.691069263711782
optimistic_combined,d_optimal_equal,128,88,47,75.62072336265885,3.070585324351006,13.92526351342056
optimistic_combined,d_optimal_equal,128,89,750,309.26686217008796,8.599964766350862,20.629735284223983
optimistic_combined,d_optimal_equal,128,90,899,358.78787878787875,30.327143100639976,0.19264444005617065
optimistic_combined,d_optimal_equal,128,91,399,192.6099706744868,14.537772967048157,10.57883462584546
optimistic_combined,d_optimal_equal,128,92,865,347.48778103616814,15.413756325232496,14.828066720964841
optimistic_combined,d_optimal_equal,128,93,588,255.42521994134896,1.434305862334525,26.134001948484666
optimistic_combined,d_optimal_equal,128,94,59,79.60899315738025,1.9871595707834533,15.45511534534289
optimistic_combined,d_optimal_equal,128,95,771,316.24633431085044,21.474614796279273,7.94892749821156
optimistic_combined,d_optimal_equal,128,96,839,338.8465298142717,15.426109881486877,14.596983255312168
optimistic_combined,d_optimal_equal,128,97,729,302.2873900293255,5.145036074218305,23.88639683402498
optimistic_combined,d_optimal_equal,128,98,864,347.1554252199413,15.252567585983751,14.98094383739884
optimistic_combined,d_optimal_equal,128,99,531,236.48093841642228,1.325254354735531,25.573700737959385
optimistic_combined,d_optimal_equal,128,100,46,75.28836754643206,3.209282027418899,13.748307874588036
optimistic_combined,d_optimal_equal,128,101,890,355.7966764418377,23.939447347267528,6.507622682191197
optimistic_combined,d_optimal_equal,128,102,343,173.9980449657869,14.812949632769515,9.420970029681044
optimistic_combined,d_optimal_equal,128,103,589,255.75757575757575,1.4394520690764292,26.140150356394827
optimistic_combined,d_optimal_equal,128,104,828,335.1906158357771,20.26580738888641,9.663061929685128
optimistic_combined,d_optimal_equal,128,105,735,304.2815249266862,5.824567047270064,23.26397692491635
optimistic_combined,d_optimal_equal,128,106,60,79.94134897360703,1.9290946175287775,15.549367123110258
optimistic_combined,d_optimal_equal,128,107,673,283.67546432062557,2.4415242861715614,26.03794349213544
optimistic_combined,d_optimal_equal,128,108,541,239.8044965786901,1.315902090128511,25.704276646453266
optimistic_combined,d_optimal_equal,128,109,855,344.16422287390026,14.313419648439226,15.844927078931207
optimistic_combined,d_optimal_equal,128,110,873,350.1466275659824,17.127082257434513,13.18094898909844
optimistic_combined,d_optimal_equal,128,111,400,192.94232649071358,13.656306100138902,11.475276408876795
optimistic_combined,d_optimal_equal,128,112,513,230.49853372434018,1.3810020401324072,25.295393591321698
optimistic_combined,d_optimal_equal,128,113,748,308.60215053763443,8.09634929787746,21.114661956239587
optimistic_combined,d_optimal_equal,128,114,45,74.95601173020528,3.3592200601223134,13.559941640270864
optimistic_combined,d_optimal_equal,128,115,847,341.505376344086,14.32309667447291,15.767886520065446
optimistic_combined,d_optimal_equal,128,116,773,316.911045943304,24.460991628584264,4.98078819793831
optimistic_combined,d_optimal_equal,128,117,587,255.0928641251222,1.4292728411802351,26.127725649016426
optimistic_combined,d_optimal_equal,128,118,736,304.613880742913,5.9549389844121094,23.143087096524425
optimistic_combined,d_optimal_equal,128,119,61,80.27370478983383,1.8743410016070268,15.640157428636755
optimistic_combined,d_optimal_equal,128,120,514,230.83088954056694,1.3773673339998955,25.311543460347224
optimistic_combined,d_optimal_equal,128,121,827,334.8582600195503,21.036507503252388,8.883745112027583
optimistic_combined,d_optimal_equal,128,122,342,173.6656891495601,13.8986901768939,10.31862259483762
optimistic_combined,d_optimal_equal,128,123,889,355.4643206256109,23.379458810877914,7.059493787251597
optimistic_combined,d_optimal_equal,128,124,658,278.69012707722385,2.143125309907323,26.18233865255455
optimistic_combined,d_optimal_equal,128,125,44,74.6236559139785,3.521646771735338,13.358915956798938
optimistic_combined,d_optimal_equal,128,126,737,304.9462365591398,6.091024719426864,23.016473130230864
optimistic_combined,d_optimal_equal,128,127,878,351.8084066471163,18.618774997104378,11.730381552226518
optimistic_combined,d_optimal_equal,128,128,567,248.4457478005865,1.3517279299106577,25.975935722743856
optimistic_combined,uniform_equal,256,1,0,60.0,258.87234698311335,-246.89658964156445
optimistic_combined,uniform_equal,256,2,4,61.329423264907135,357.5520544934677,-345.38594454660034
optimistic_combined,uniform_equal,256,3,8,62.65884652981427,332.31025918684355,-319.95787893683433
optimistic_combined,uniform_equal,256,4,12,63.988269794721404,162.68697879859363,-150.15223911952108
optimistic_combined,uniform_equal,256,5,16,65.31769305962854,71.06641377466975,-58.353064688994664
optimistic_combined,uniform_equal,256,6,20,66.64711632453567,31.25042335776501,-18.362063760274737
optimistic_combined,uniform_equal,256,7,24,67.97653958944281,16.493686326772618,-3.43377294019497
optimistic_combined,uniform_equal,256,8,28,69.30596285434996,10.387515206207473,2.8406291570867097
optimistic_combined,uniform_equal,256,9,32,70.63538611925709,7.311730211928256,6.081448592344671
optimistic_combined,uniform_equal,256,10,36,71.96480938416423,5.500756895571357,8.05437902627446
optimistic_combined,uniform_equal,256,11,40,73.29423264907136,4.328340849450516,9.385787531892987
optimistic_combined,uniform_equal,256,12,44,74.6236559139785,3.521646771735338,10.348616000159126
optimistic_combined,uniform_equal,256,13,48,75.95307917888563,2.942037274148474,11.08160276150268
optimistic_combined,uniform_equal,256,14,52,77.28250244379277,2.5117170077288136,11.662638852043074
optimistic_combined,uniform_equal,256,15,56,78.6119257086999,2.183931153460129,12.138569881510591
optimistic_combined,uniform_equal,256,16,60,79.94134897360703,1.9290946175287775,12.539067166470446
optimistic_combined,uniform_equal,256,17,64,81.27077223851417,1.7277095285822213,12.883710534454565
optimistic_combined,uniform_equal,256,18,68,82.6001955034213,1.5664948406510144,13.1858589979757
optimistic_combined,uniform_equal,256,19,72,83.92961876832845,1.436155802861235,13.454881539640041
optimistic_combined,uniform_equal,256,20,76,85.25904203323557,1.330041920596704,13.697499385784312
optimistic_combined,uniform_equal,256,21,80,86.58846529814272,1.2433104734515688,13.918622705156082
optimistic_combined,uniform_equal,256,22,84,87.91788856304986,1.1723901535736614,14.121887170697647
optimistic_combined,uniform_equal,256,23,88,89.24731182795699,1.1146301743212885,14.310005035997563
optimistic_combined,uniform_equal,256,24,92,90.57673509286413,1.0680696248820973,14.484995952093499
optimistic_combined,uniform_equal,256,25,96,91.90615835777126,1.0312918488326202,14.648332747844918
optimistic_combined,uniform_equal,256,26,100,93.2355816226784,1.00335123677685,14.801014784812978
optimistic_combined,uniform_equal,256,27,104,94.56500488758553,0.9837533725270631,14.94358794815453
optimistic_combined,uniform_equal,256,28,108,95.89442815249267,0.972048898704754,15.076550908527082
optimistic_combined,uniform_equal,256,29,112,97.2238514173998,0.9666193045292257,15.201569453027759
optimistic_combined,uniform_equal,256,30,116,98.55327468230695,0.9685636214648919,15.31758990021062
optimistic_combined,uniform_equal,256,31,120,99.88269794721407,0.9795718993330101,15.42296572722475
optimistic_combined,uniform_equal,256,32,124,101.21212121212122,1.0007577644511163,15.51662510809848
optimistic_combined,uniform_equal,256,33,128,102.54154447702834,1.0340265249369673,15.596702898567045
optimistic_combined,uniform_equal,256,34,132,103.87096774193549,1.0825047307587763,15.66011116034845
optimistic_combined,uniform_equal,256,35,136,105.20039100684261,1.1511436675934734,15.701935746248864
optimistic_combined,uniform_equal,256,36,140,106.52981427174976,1.2478647968432857,15.714290934151379
optimistic_combined,uniform_equal,256,37,144,107.85923753665689,1.3857493254370947,15.684129926630177
optimistic_combined,uniform_equal,256,38,148,109.18866080156403,1.587435916846355,15.58884720509866
optimistic_combined,uniform_equal,256,39,152,110.51808406647116,1.894626653373445,15.386772628741426
optimistic_combined,uniform_equal,256,40,156,111.8475073313783,2.3906804479400927,14.994578080285777
optimistic_combined,uniform_equal,256,41,160,113.17693059628543,3.2613123353302957,14.226578228918257
optimistic_combined,uniform_equal,256,42,164,114.50635386119257,4.986389164712829,12.602934888758867
optimistic_combined,uniform_equal,256,43,168,115.83577712609971,9.095587931684664,8.593998734870667
optimistic_combined,uniform_equal,256,44,173,117.49755620723363,29.52565257129862,-11.71234355833134
optimistic_combined,uniform_equal,256,45,177,118.82697947214075,84.66233562354451,-66.75130213575352
optimistic_combined,uniform_equal,256,46,181,120.1564027370479,25.806176774795787,-7.798506083476113
optimistic_combined,uniform_equal,256,47,185,121.48582600195503,10.094546651727878,8.008697899563742
optimistic_combined,uniform_equal,256,48,189,122.81524926686217,5.397765590497797,12.80001262366443
optimistic_combined,uniform_equal,256,49,193,124.1446725317693,3.4965923210447887,14.794701757707216
optimistic_combined,uniform_equal,256,50,197,125.47409579667644,2.564853231055337,15.818960597046868
optimistic_combined,uniform_equal,256,51,201,126.80351906158357,2.0487231385036386,16.426635321147927
optimistic_combined,uniform_equal,256,52,205,128.1329423264907,1.7389011334468172,16.827047180392825
optimistic_combined,uniform_equal,256,53,209,129.46236559139783,1.5430624732257108,17.112540628007736
optimistic_combined,uniform_equal,256,54,213,130.79178885630498,1.4156055518451616,17.328736376423763
optimistic_combined,uniform_equal,256,55,217,132.12121212121212,1.3320596978591115,17.500123623830916
optimistic_combined,uniform_equal,256,56,221,133.45063538611925,1.2783955103836815,17.640749741381214
optimistic_combined,uniform_equal,256,57,225,134.7800586510264,1.246166328129529,17.759078826221526
optimistic_combined,uniform_equal,256,58,229,136.10948191593354,1.2301065862882377,17.86039336558963
optimistic_combined,uniform_equal,256,59,233,137.43890518084066,1.2268637855476607,17.948062287761303
optimistic_combined,uniform_equal,256,60,237,138.76832844574778,1.2343208812064772,18.024218591937498
optimistic_combined,uniform_equal,256,61,241,140.09775171065493,1.2511404535831148,18.090215195931194
optimistic_combined,uniform_equal,256,62,245,141.42717497556208,1.276137229800459,18.147252431624068
optimistic_combined,uniform_equal,256,63,249,142.7565982404692,1.3093226619238707,18.195333483262786
optimistic_combined,uniform_equal,256,64,253,144.08602150537632,1.350580008755633,18.23458932133788
optimistic_combined,uniform_equal,256,65,257,145.41544477028347,1.4000834507244344,18.26485960264712
optimistic_combined,uniform_equal,256,66,261,146.74486803519062,1.4582880242299547,18.285702750223805
optimistic_combined,uniform_equal,256,67,265,148.07429130009774,1.5259074139192943,18.296418174689336
optimistic_combined,uniform_equal,256,68,269,149.4037145650049,1.603928006959222,18.296032233001057
optimistic_combined,uniform_equal,256,69,273,150.73313782991204,1.693642953923095,18.283264180008544
optimistic_combined,uniform_equal,256,70,277,152.06256109481916,1.7967039416427122,18.2564744074986
optimistic_combined,uniform_equal,256,71,281,153.39198435972628,1.9151992168519076,18.213586431930935
optimistic_combined,uniform_equal,256,72,285,154.72140762463343,2.051761582041052,18.151978909471623
optimistic_combined,uniform_equal,256,73,289,156.05083088954058,2.209716910520497,18.068337131352067
optimistic_combined,uniform_equal,256,74,293,157.3802541544477,2.393289039278058,17.95844814099179
optimistic_combined,uniform_equal,256,75,297,158.70967741935482,2.6078845893163627,17.81691592322146
optimistic_combined,uniform_equal,256,76,301,160.03910068426197,2.860493518672722,17.636760860424786
optimistic_combined,uniform_equal,256,77,305,161.36852394916912,3.1602607487814556,17.40884811495897
optimistic_combined,uniform_equal,256,78,309,162.69794721407624,3.5193160809181188,17.121057721132914
optimistic_combined,uniform_equal,256,79,313,164.02737047898336,3.954002985205897,16.757055804280597
optimistic_combined,uniform_equal,256,80,317,165.3567937438905,4.486738682284267,16.29443450684586
optimistic_combined,uniform_equal,256,81,321,166.68621700879766,5.148900803810251,15.701825335324514
optimistic_combined,uniform_equal,256,82,325,168.01564027370478,5.985434465461003,14.934292094409187
optimistic_combined,uniform_equal,256,83,329,169.34506353861192,7.062441246050508,13.925741914738452
optimistic_combined,uniform_equal,256,84,333,170.67448680351907,8.480135507578533,12.575968939445332
optimistic_combined,uniform_equal,256,85,337,172.0039100684262,10.39588031639081,10.727618409338561
optimistic_combined,uniform_equal,256,86,341,173.33333333333331,13.067071416393977,8.123302695784815
optimistic_combined,uniform_equal,256,87,345,174.66275659824046,16.935196993495353,4.321541542133531
optimistic_combined,uniform_equal,256,88,349,175.9921798631476,22.800126490040736,-1.4775267450790324
optimistic_combined,uniform_equal,256,89,353,177.32160312805473,32.202138146455376,-10.814172832340972
optimistic_combined,uniform_equal,256,90,357,178.65102639296185,48.2899164366671,-26.837073789360886
optimistic_combined,uniform_equal,256,91,361,179.980449657869,77.67618481259608,-56.15894582852445
optimistic_combined,uniform_equal,256,92,365,181.30987292277615,132.28567264153364,-110.70451123742541
optimistic_combined,uniform_equal,256,93,369,182.63929618768327,211.23017471223326,-189.58555788028553
optimistic_combined,uniform_equal,256,94,373,183.96871945259042,206.28171162212487,-184.57409958066722
optimistic_combined,uniform_equal,256,95,377,185.29814271749757,126.6225337809365,-104.85238012075638
optimistic_combined,uniform_equal,256,96,381,186.6275659824047,74.39049818139131,-52.558250007874335
optimistic_combined,uniform_equal,256,97,385,187.9569892473118,46.510861629348454,-24.616959700583408
optimistic_combined,uniform_equal,256,98,389,189.28641251221896,31.203100600541557,-9.247979461531642
optimistic_combined,uniform_equal,256,99,393,190.61583577712608,22.213741349319957,-0.1978294624367578
optimistic_combined,uniform_equal,256,100,397,191.94525904203323,16.581534863425766,5.494745264763736
optimistic_combined,uniform_equal,256,101,401,193.27468230694038,12.853970583569128,9.282261111838523
optimistic_combined,uniform_equal,256,102,405,194.6041055718475,10.27332119877955,11.922451102292996
optimistic_combined,uniform_equal,256,103,409,195.93352883675465,8.419424982431995,13.83548255860967
optimistic_combined,uniform_equal,256,104,413,197.26295210166177,7.046286199232577,15.267356698418098
optimistic_combined,uniform_equal,256,105,417,198.59237536656892,6.002951172857635,16.369032569906423
optimistic_combined,uniform_equal,256,106,421,199.92179863147604,5.192974469576453,17.236960871146408
optimistic_combined,uniform_equal,256,107,425,201.25122189638319,4.55255929119753,17.934943559998004
optimistic_combined,uniform_equal,256,108,429,202.5806451612903,4.0382215620997055,18.506469769834823
optimistic_combined,uniform_equal,256,109,433,203.91006842619745,3.6195465446003308,18.981959196842766
optimistic_combined,uniform_equal,256,110,437,205.23949169110458,3.2747938624202395,19.383157079134676
optimistic_combined,uniform_equal,256,111,441,206.56891495601172,2.988177021673324,19.725854678257605
optimistic_combined,uniform_equal,256,112,445,207.89833822091884,2.7481079683099043,20.021644724165753
optimistic_combined,uniform_equal,256,113,449,209.227761485826,2.544891642997782,20.2802268626794
optimistic_combined,uniform_equal,256,114,453,210.55718475073314,2.370105757316134,20.51002788155597
optimistic_combined,uniform_equal,256,115,457,211.88660801564026,2.2204181290548197,20.7143843773851
optimistic_combined,uniform_equal,256,116,461,213.2160312805474,2.091843949774139,20.897285490154403
optimistic_combined,uniform_equal,256,117,465,214.54545454545453,1.9807980720589804,21.062320618054713
optimistic_combined,uniform_equal,256,118,469,215.87487781036168,1.8844928788634656,21.212281550131408
optimistic_combined,uniform_equal,256,119,473,217.2043010752688,1.8007176499619528,21.349383101767884
optimistic_combined,uniform_equal,256,120,477,218.53372434017595,1.7276856515173051,21.475416026992903
optimistic_combined,uniform_equal,256,121,481,219.86314760508307,1.6639355853942628,21.591845570985924
optimistic_combined,uniform_equal,256,122,485,221.19257086999022,1.608262703655704,21.699880357344597
optimistic_combined,uniform_equal,256,123,489,222.52199413489734,1.5596685485709403,21.80052264978768
optimistic_combined,uniform_equal,256,124,493,223.8514173998045,1.517324239963098,21.894605066467534
optimistic_combined,uniform_equal,256,125,497,225.1808406647116,1.4805456081008732,21.982815448689337
optimistic_combined,uniform_equal,256,126,501,226.51026392961876,1.448782584090249,22.06570747208299
optimistic_combined,uniform_equal,256,127,505,227.8396871945259,1.421635032825052,22.14368481517009
optimistic_combined,uniform_equal,256,128,509,229.16911045943303,1.3989363961998382,22.216917517624637
optimistic_combined,uniform_equal,256,129,514,230.83088954056694,1.3773673339998955,22.30124350370741
optimistic_combined,uniform_equal,256,130,518,232.1603128054741,1.365768804043525,22.36272313480704
optimistic_combined,uniform_equal,256,131,522,233.4897360703812,1.3514698210287617,22.426618397958933
optimistic_combined,uniform_equal,256,132,526,234.81915933528836,1.336976496735796,22.490426415579336
optimistic_combined,uniform_equal,256,133,530,236.14858260019548,1.3271283047969196,22.549310893455825
optimistic_combined,uniform_equal,256,134,534,237.47800586510263,1.3207731295464804,22.604427073127525
optimistic_combined,uniform_equal,256,135,538,238.80742913000978,1.3171118968211089,22.656577102280494
optimistic_combined,uniform_equal,256,136,542,240.1368523949169,1.3157720062463156,22.706136603623563
optimistic_combined,uniform_equal,256,137,546,241.46627565982405,1.3165516070131273,22.75331040024234
optimistic_combined,uniform_equal,256,138,550,242.79569892473117,1.319324981701422,22.798227132874914
optimistic_combined,uniform_equal,256,139,554,244.12512218963832,1.324013415472959,22.840968391788607
optimistic_combined,uniform_equal,256,140,558,245.45454545454544,1.3305932979853161,22.881560615905983
optimistic_combined,uniform_equal,256,141,562,246.7839687194526,1.3391082941441033,22.919962923065228
optimistic_combined,uniform_equal,256,142,566,248.1133919843597,1.349037680671485,22.956698774436305
optimistic_combined,uniform_equal,256,143,570,249.44281524926686,1.3605168323256411,22.991635489260574
optimistic_combined,uniform_equal,256,144,574,250.77223851417398,1.3738522518898253,23.02446921579464
optimistic_combined,uniform_equal,256,145,578,252.10166177908113,1.3889460281456674,23.055300474245954
optimistic_combined,uniform_equal,256,146,582,253.43108504398825,1.4057754077861475,23.084154585744173
optimistic_combined,uniform_equal,256,147,586,254.7605083088954,1.4243520177365296,23.111022450882103
optimistic_combined,uniform_equal,256,148,590,256.0899315738026,1.4447126200612868,23.135869795647622
optimistic_combined,uniform_equal,256,149,594,257.41935483870964,1.4669314796616477,23.15862480454355
optimistic_combined,uniform_equal,256,150,598,258.7487781036168,1.491192656077966,23.179105829581886
optimistic_combined,uniform_equal,256,151,602,260.07820136852393,1.5178488842282551,23.196962510320787
optimistic_combined,uniform_equal,256,152,606,261.40762463343106,1.5453540133192611,23.213743335709978
optimistic_combined,uniform_equal,256,153,610,262.73704789833823,1.5749831543141601,23.22817549735997
optimistic_combined,uniform_equal,256,154,614,264.06647116324535,1.606751051922395,23.240246518270368
optimistic_combined,uniform_equal,256,155,618,265.3958944281525,1.6407431562410077,23.249873181889186
optimistic_combined,uniform_equal,256,156,622,266.72531769305965,1.6772755641666686,23.256741591383403
optimistic_combined,uniform_equal,256,157,626,268.0547409579667,1.716373864583682,23.260828325116975
optimistic_combined,uniform_equal,256,158,630,269.3841642228739,1.7581523080558394,23.262021267608375
optimistic_combined,uniform_equal,256,159,634,270.713587487781,1.802774759436057,23.26015865755423
optimistic_combined,uniform_equal,256,160,638,272.04301075268813,1.8504338316529918,23.255049954660734
optimistic_combined,uniform_equal,256,161,642,273.3724340175953,1.9013495097510003,23.24647721620643
optimistic_combined,uniform_equal,256,162,646,274.70185728250243,1.9557721486030948,23.234192099917593
optimistic_combined,uniform_equal,256,163,650,276.03128054740955,2.013986096225914,23.217912241227026
optimistic_combined,uniform_equal,256,164,654,277.36070381231673,2.076314498455234,23.197316449159032
optimistic_combined,uniform_equal,256,165,658,278.69012707722385,2.143125309907323,23.172038695914736
optimistic_combined,uniform_equal,256,166,662,280.01955034213097,2.214838665063577,23.14166074632132
optimistic_combined,uniform_equal,256,167,666,281.34897360703815,2.2919358980455,23.105703138578193
optimistic_combined,uniform_equal,256,168,670,282.6783968719452,2.3749706343423957,23.063614093038126
optimistic_combined,uniform_equal,256,169,674,284.0078201368524,2.464582562111763,23.014755741403988
optimistic_combined,uniform_equal,256,170,678,285.3372434017595,2.5615148027229484,22.95838675667021
optimistic_combined,uniform_equal,256,171,682,286.66666666666663,2.666636440905146,22.89363982344905
optimistic_combined,uniform_equal,256,172,686,287.9960899315738,2.7809733951927234,22.819490767988185
optimistic_combined,uniform_equal,256,173,690,289.3255131964809,2.9057558202327423,22.73471115631584
optimistic_combined,uniform_equal,256,174,694,290.65493646138805,3.0425076361139824,22.637778765353573
optimistic_combined,uniform_equal,256,175,698,291.9843597262952,3.19323654787473,22.52668756384071
optimistic_combined,uniform_equal,256,176,702,293.31378299120234,3.3600442868135025,22.39933747144555
optimistic_combined,uniform_equal,256,177,706,294.64320625610947,3.542521687777285,22.256139281890114
optimistic_combined,uniform_equal,256,178,710,295.97262952101664,3.7458695694575566,22.09189378305682
optimistic_combined,uniform_equal,256,179,714,297.3020527859237,3.9746317286323385,21.902058763141426
optimistic_combined,uniform_equal,256,180,718,298.6314760508309,4.232019304535928,21.683424646668414
optimistic_combined,uniform_equal,256,181,722,299.960899315738,4.524625824036821,21.429399449689967
optimistic_combined,uniform_equal,256,182,726,301.2903225806451,4.859945832306547,21.132490149485903
optimistic_combined,uniform_equal,256,183,730,302.6197458455523,5.247416355245448,20.78326122249844
optimistic_combined,uniform_equal,256,184,734,303.9491691104594,5.699570697137199,20.369180847029895
optimistic_combined,uniform_equal,256,185,738,305.27859237536654,6.233190225407197,19.873469118829647
optimistic_combined,uniform_equal,256,186,742,306.6080156402737,6.871106589902318,19.273295832151376
optimistic_combined,uniform_equal,256,187,746,307.93743890518084,7.64501580787065,18.536966395103903
optimistic_combined,uniform_equal,256,188,750,309.26686217008796,8.599964766350862,17.61943532758417
optimistic_combined,uniform_equal,256,189,754,310.59628543499514,9.801736518688273,16.454920965077832
optimistic_combined,uniform_equal,256,190,758,311.9257086999022,11.34949028864611,14.944265454856975
optimistic_combined,uniform_equal,256,191,762,313.2551319648094,13.39843141307871,12.932264813609791
optimistic_combined,uniform_equal,256,192,766,314.5845552297165,16.202867137516886,10.164613132151416
optimistic_combined,uniform_equal,256,193,770,315.9139784946236,20.20404996169179,6.2000592301903055
optimistic_combined,uniform_equal,256,194,774,317.2434017595308,26.2256533032208,0.2149309929262273
optimistic_combined,uniform_equal,256,195,778,318.5728250244379,35.93637987198434,-9.4594730030486
optimistic_combined,uniform_equal,256,196,782,319.90224828934504,52.56031672544932,-26.04723854480045
optimistic_combined,uniform_equal,256,197,786,321.23167155425216,78.19004333840309,-51.640943852521644
optimistic_combined,uniform_equal,256,198,790,322.56109481915934,120.44275595291144,-93.85778392922731
optimistic_combined,uniform_equal,256,199,794,323.89051808406646,195.57100992435278,-168.95031290653395
optimistic_combined,uniform_equal,256,200,798,325.2199413489736,249.33579988422005,-222.6795242072107
optimistic_combined,uniform_equal,256,201,802,326.54936461388075,178.37669984530572,-151.68499065011912
optimistic_combined,uniform_equal,256,202,806,327.8787878787879,107.2581692375437,-80.53117048581436
optimistic_combined,uniform_equal,256,203,810,329.208211143695,67.34637378485017,-40.584228273150984
optimistic_combined,uniform_equal,256,204,814,330.5376344086021,45.876433611693614,-19.079282985621745
optimistic_combined,uniform_equal,256,205,818,331.8670576735093,33.732064339671155,-6.900049107707872
optimistic_combined,uniform_equal,256,206,822,333.1964809384164,26.45550378462191,0.4112366682289945
optimistic_combined,uniform_equal,256,207,826,334.52590420332353,21.894584915445922,5.006742483345462
optimistic_combined,uniform_equal,256,208,830,335.85532746823066,18.946648880310374,7.989128286322753
optimistic_combined,uniform_equal,256,209,834,337.18475073313783,16.979575589789704,9.99051525043555
optimistic_combined,uniform_equal,256,210,838,338.51417399804495,15.671337011100054,11.332932479522029
optimistic_combined,uniform_equal,256,211,842,339.8435972629521,14.850257476184188,12.188056700099636
optimistic_combined,uniform_equal,256,212,846,341.17302052785925,14.391456636201143,12.68076930707197
optimistic_combined,uniform_equal,256,213,850,342.50244379276637,14.213960420885256,12.892045404562737
optimistic_combined,uniform_equal,256,214,855,344.16422287390026,14.313419648439226,12.834627122291394
optimistic_combined,uniform_equal,256,215,859,345.49364613880743,14.616156395537807,12.565377234642256
optimistic_combined,uniform_equal,256,216,863,346.82306940371456,15.102708874473656,12.112183008352986
optimistic_combined,uniform_equal,256,217,867,348.1524926686217,15.770467022871836,11.47765548985332
optimistic_combined,uniform_equal,256,218,871,349.4819159335288,16.625377976510762,10.655848516168149
optimistic_combined,uniform_equal,256,219,875,350.811339198436,17.68148067673419,9.632724107676523
optimistic_combined,uniform_equal,256,220,879,352.1407624633431,18.961267748433134,8.385790590297262
optimistic_combined,uniform_equal,256,221,883,353.4701857282502,20.496842473326343,6.882945622373015
optimistic_combined,uniform_equal,256,222,887,354.7996089931574,22.331957056451802,5.080437928340288
optimistic_combined,uniform_equal,256,223,891,356.1290322580645,24.52524060339381,2.9196393216604264
optimistic_combined,uniform_equal,256,224,895,357.45845552297163,27.155116854875462,0.3221269703829108
optimistic_combined,uniform_equal,256,225,899,358.78787878787875,30.327143100639976,-2.817655516583642
optimistic_combined,uniform_equal,256,226,903,360.11730205278593,34.185595341529165,-6.643983251400073
optimistic_combined,uniform_equal,256,227,907,361.44672531769305,38.93243706267012,-11.358818840336568
optimistic_combined,uniform_equal,256,228,911,362.7761485826002,44.86146705205006,-17.255960202203156
optimistic_combined,uniform_equal,256,229,915,364.1055718475073,52.427624343725,-24.790345511416632
optimistic_combined,uniform_equal,256,230,919,365.43499511241447,62.44271697552652,-34.773781955568495
optimistic_combined,uniform_equal,256,231,923,366.7644183773216,76.90714638745716,-49.20667013368376
optimistic_combined,uniform_equal,256,232,927,368.0938416422287,104.1915109978431,-76.45960763223937
optimistic_combined,uniform_equal,256,233,931,369.42326490713583,119.54992683913252,-91.78670966083126
optimistic_combined,uniform_equal,256,234,935,370.752688172043,144.76335411649606,-116.96893561064519
optimistic_combined,uniform_equal,256,235,939,372.08211143695013,189.3603844076899,-161.5348762541932
optimistic_combined,uniform_equal,256,236,943,373.41153470185725,260.49248723627966,-232.63600031841264
optimistic_combined,uniform_equal,256,237,947,374.7409579667644,378.7806833100974,-350.89332772300054
optimistic_combined,uniform_equal,256,238,951,376.07038123167155,589.0577647948899,-561.139649853942
optimistic_combined,uniform_equal,256,239,955,377.39980449657867,986.4900814866658,-958.5413157357386
optimistic_combined,uniform_equal,256,240,959,378.7292277614858,1713.0467633158341,-1685.0674545354316
optimistic_combined,uniform_equal,256,241,963,380.05865102639297,2445.601477779414,-2417.5917329946965
optimistic_combined,uniform_equal,256,242,967,381.3880742913001,1808.7725880436349,-1780.732513532332
optimistic_combined,uniform_equal,256,243,971,382.7174975562072,1039.8553095079492,-1011.785010808162
optimistic_combined,uniform_equal,256,244,975,384.0469208211143,615.6208828539967,-587.5204647718929
optimistic_combined,uniform_equal,256,245,979,385.3763440860215,392.6491640575158,-364.51873067491675
optimistic_combined,uniform_equal,256,246,983,386.7057673509286,268.05972884131825,-239.89938352318256
optimistic_combined,uniform_equal,256,247,987,388.03519061583575,193.31005596435332,-165.11990136615776
optimistic_combined,uniform_equal,256,248,991,389.3646138807429,145.67564968229615,-117.45578775731522
optimistic_combined,uniform_equal,256,249,995,390.69403714565004,113.41792282812455,-85.16845483461086
optimistic_combined,uniform_equal,256,250,999,392.02346041055716,90.40906501720043,-62.130091525467606
optimistic_combined,uniform_equal,256,251,1003,393.3528836754643,73.71784416172183,-45.40946506113153
optimistic_combined,uniform_equal,256,252,1007,394.68230694037146,61.25407067796604,-32.91638518382061
optimistic_combined,uniform_equal,256,253,1011,396.0117302052786,51.69951319849932,-23.33261985884164
optimistic_combined,uniform_equal,256,254,1015,397.3411534701857,44.214871235133984,-15.81886793745636
optimistic_combined,uniform_equal,256,255,1019,398.6705767350928,38.24381081562265,-9.81879479348595
optimistic_combined,uniform_equal,256,256,1023,400.0,33.40504306052639,-4.951110900091095
optimistic_combined,d_optimal_equal,256,1,860,345.8260019550342,14.720819795918834,12.469065415677107
optimistic_combined,d_optimal_equal,256,2,881,352.8054740957967,19.694650498072985,7.6687881354722975
optimistic_combined,d_optimal_equal,256,3,656,278.02541544477026,2.1091346643635944,23.185287637003412
optimistic_combined,d_optimal_equal,256,4,48,75.95307917888563,2.942037274148474,11.08160276150268
optimistic_combined,d_optimal_equal,256,5,533,237.14565004887584,1.322088404083131,22.590947186160818
optimistic_combined,d_optimal_equal,256,6,669,282.3460410557185,2.353621945529095,23.07474444055687
optimistic_combined,d_optimal_equal,256,7,738,305.27859237536654,6.233190225407197,19.873469118829647
optimistic_combined,d_optimal_equal,256,8,397,191.94525904203323,16.581534863425766,5.494745264763736
optimistic_combined,d_optimal_equal,256,9,869,348.81720430107526,16.173841054057515,11.09084921952224
optimistic_combined,d_optimal_equal,256,10,894,357.12609970674487,26.4514985564978,1.0176655918984068
optimistic_combined,d_optimal_equal,256,11,843,340.1759530791789,14.705410461878888,12.341394076685603
optimistic_combined,d_optimal_equal,256,12,59,79.60899315738025,1.9871595707834533,12.444815388703077
optimistic_combined,d_optimal_equal,256,13,396,191.61290322580643,17.770178479234247,4.291048877580238
optimistic_combined,d_optimal_equal,256,14,859,345.49364613880743,14.616156395537807,12.565377234642256
optimistic_combined,d_optimal_equal,256,15,868,348.48484848484844,15.966239110479481,11.290171232911092
optimistic_combined,d_optimal_equal,256,16,895,357.45845552297163,27.155116854875462,0.3221269703829108
optimistic_combined,d_optimal_equal,256,17,538,238.80742913000978,1.3171118968211089,22.656577102280494
optimistic_combined,d_optimal_equal,256,18,668,282.0136852394917,2.3326732979996367,23.08546271146821
optimistic_combined,d_optimal_equal,256,19,880,352.47311827956986,19.31969095904296,8.035561388444023
optimistic_combined,d_optimal_equal,256,20,58,79.27663734115347,2.048793296768026,12.346843447087963
optimistic_combined,d_optimal_equal,256,21,398,192.27761485826002,15.508800246218224,6.582506611801378
optimistic_combined,d_optimal_equal,256,22,861,346.15835777126097,14.836831073802903,12.361397696781665
optimistic_combined,d_optimal_equal,256,23,844,340.50830889540566,14.581512376403575,12.473774233308987
optimistic_combined,d_optimal_equal,256,24,870,349.14956011730203,16.39347585444653,10.879486463894239
optimistic_combined,d_optimal_equal,256,25,893,356.79374389051804,25.779753802984544,1.6813231457778102
optimistic_combined,d_optimal_equal,256,26,539,239.13978494623655,1.3165690180978693,22.6692000028999
optimistic_combined,d_optimal_equal,256,27,667,281.68132942326486,2.3121145431827395,23.095779025959274
optimistic_combined,d_optimal_equal,256,28,57,78.94428152492668,2.1142794444447923,12.244866420620113
optimistic_combined,d_optimal_equal,256,29,732,303.28445747800583,5.464476058341064,20.585259364406085
optimistic_combined,d_optimal_equal,256,30,399,192.6099706744868,14.537772967048157,7.568534669205647
optimistic_combined,d_optimal_equal,256,31,858,345.1612903225806,14.522933304223905,12.650240706670928
optimistic_combined,d_optimal_equal,256,32,867,348.1524926686217,15.770467022871836,11.47765548985332
optimistic_combined,d_optimal_equal,256,33,882,353.13782991202345,20.086799755351127,7.284817456097571
optimistic_combined,d_optimal_equal,256,34,842,339.8435972629521,14.850257476184188,12.188056700099636
optimistic_combined,d_optimal_equal,256,35,56,78.6119257086999,2.183931153460129,12.138569881510591
optimistic_combined,d_optimal_equal,256,36,896,357.7908113391984,27.89243486404588,-0.407118870714541
optimistic_combined,d_optimal_equal,256,37,537,238.47507331378299,1.317799124382533,22.643793028963614
optimistic_combined,d_optimal_equal,256,38,395,191.28054740957967,19.09139984527471,2.954748608202351
optimistic_combined,d_optimal_equal,256,39,670,282.6783968719452,2.3749706343423957,23.063614093038126
optimistic_combined,d_optimal_equal,256,40,871,349.4819159335288,16.625377976510762,10.655848516168149
optimistic_combined,d_optimal_equal,256,41,55,78.27956989247312,2.258094826131111,12.027606122926997
optimistic_combined,d_optimal_equal,256,42,733,303.61681329423266,5.57963699751356,20.47961168997007
optimistic_combined,d_optimal_equal,256,43,862,346.4907135874878,14.964134369823078,12.242429952720585
optimistic_combined,d_optimal_equal,256,44,344,174.33040078201367,15.820844836022006,5.419350069727756
optimistic_combined,d_optimal_equal,256,45,540,239.47214076246334,1.3161668181262423,22.681665447639446
optimistic_combined,d_optimal_equal,256,46,892,356.4613880742913,25.138190764561035,2.314791447774283
optimistic_combined,d_optimal_equal,256,47,666,281.34897360703815,2.2919358980455,23.105703138578193
optimistic_combined,d_optimal_equal,256,48,60,79.94134897360703,1.9290946175287775,12.539067166470446
optimistic_combined,d_optimal_equal,256,49,845,340.8406647116324,14.477250108556994,12.586510297348411
optimistic_combined,d_optimal_equal,256,50,749,308.93450635386114,8.3411058363127,17.868954885807796
optimistic_combined,d_optimal_equal,256,51,879,352.1407624633431,18.961267748433134,8.385790590297262
optimistic_combined,d_optimal_equal,256,52,345,174.66275659824046,16.935196993495353,4.321541542133531
optimistic_combined,d_optimal_equal,256,53,534,237.47800586510263,1.3207731295464804,22.604427073127525
optimistic_combined,d_optimal_equal,256,54,857,344.82893450635385,14.441281356086948,12.72352498216641
optimistic_combined,d_optimal_equal,256,55,61,80.27370478983383,1.8743410016070268,12.629857471996942
optimistic_combined,d_optimal_equal,256,56,671,283.01075268817203,2.3967298957496346,23.0520611658861
optimistic_combined,d_optimal_equal,256,57,736,304.613880742913,5.9549389844121094,20.132787139884613
optimistic_combined,d_optimal_equal,256,58,657,278.3577712609971,2.1259803751053687,23.17881896982675
optimistic_combined,d_optimal_equal,256,59,400,192.94232649071358,13.656306100138902,8.464976452236982
optimistic_combined,d_optimal_equal,256,60,891,356.1290322580645,24.52524060339381,2.9196393216604264
optimistic_combined,d_optimal_equal,256,61,532,236.81329423264907,1.3235786695368803,22.57727524780765
optimistic_combined,d_optimal_equal,256,62,866,347.8201368523949,15.586352988562613,11.653473777929676
optimistic_combined,d_optimal_equal,256,63,54,77.94721407624633,2.3371544826337995,11.911589803526596
optimistic_combined,d_optimal_equal,256,64,841,339.5112414467253,15.017525411283774,12.012290095361948
optimistic_combined,d_optimal_equal,256,65,343,173.9980449657869,14.812949632769515,6.410670073041231
optimistic_combined,d_optimal_equal,256,66,883,353.4701857282502,20.496842473326343,6.882945622373015
optimistic_combined,d_optimal_equal,256,67,750,309.26686217008796,8.599964766350862,17.61943532758417
optimistic_combined,d_optimal_equal,256,68,62,80.60606060606061,1.8226646455279059,12.717421623411738
optimistic_combined,d_optimal_equal,256,69,731,302.95210166177907,5.353819038736162,20.686392688397433
optimistic_combined,d_optimal_equal,256,70,665,281.0166177908113,2.272127928887431,23.115244454439647
optimistic_combined,d_optimal_equal,256,71,897,358.1231671554252,28.665425831362064,-1.1720451648034498
optimistic_combined,d_optimal_equal,256,72,535,237.81036168132943,1.3196243218129353,22.617723480541457
optimistic_combined,d_optimal_equal,256,73,863,346.82306940371456,15.102708874473656,12.112183008352986
optimistic_combined,d_optimal_equal,256,74,872,349.8142717497556,16.869813800370427,10.419669011186016
optimistic_combined,d_optimal_equal,256,75,342,173.6656891495601,13.8986901768939,7.308322638197808
optimistic_combined,d_optimal_equal,256,76,63,80.93841642228739,1.7738523342481665,12.801974061082305
optimistic_combined,d_optimal_equal,256,77,672,283.34310850439886,2.418910662083776,23.040074754952343
optimistic_combined,d_optimal_equal,256,78,846,341.17302052785925,14.391456636201143,12.68076930707197
optimistic_combined,d_optimal_equal,256,79,536,238.1427174975562,1.3186349448639567,22.63084349194081
optimistic_combined,d_optimal_equal,256,80,856,344.4965786901271,14.37137195932659,12.785058637397597
optimistic_combined,d_optimal_equal,256,81,346,174.99511241446726,18.17101384459277,3.1022368708869976
optimistic_combined,d_optimal_equal,256,82,588,255.42521994134896,1.434305862334525,23.123701991844854
optimistic_combined,d_optimal_equal,256,83,735,304.2815249266862,5.824567047270064,20.253676968276537
optimistic_combined,d_optimal_equal,256,84,53,77.61485826001955,2.4215368061629903,11.790092902011793
optimistic_combined,d_optimal_equal,256,85,748,308.60215053763443,8.09634929787746,18.104361999599774
optimistic_combined,d_optimal_equal,256,86,890,355.7966764418377,23.939447347267528,3.497322725551385
optimistic_combined,d_optimal_equal,256,87,401,193.27468230694038,12.853970583569128,9.282261111838523
optimistic_combined,d_optimal_equal,256,88,64,81.27077223851417,1.7277095285822213,12.883710534454565
optimistic_combined,d_optimal_equal,256,89,730,302.6197458455523,5.247416355245448,20.78326122249844
optimistic_combined,d_optimal_equal,256,90,589,255.75757575757575,1.4394520690764292,23.129850399755014
optimistic_combined,d_optimal_equal,256,91,840,339.17888563049854,15.208860027802658,11.81244848557499
optimistic_combined,d_optimal_equal,256,92,513,230.49853372434018,1.3810020401324072,22.285093634681886
optimistic_combined,d_optimal_equal,256,93,771,316.24633431085044,21.474614796279273,4.938627541571748
optimistic_combined,d_optimal_equal,256,94,52,77.28250244379277,2.5117170077288136,11.662638852043074
optimistic_combined,d_optimal_equal,256,95,865,347.48778103616814,15.413756325232496,11.817766764325029
optimistic_combined,d_optimal_equal,256,96,531,236.48093841642228,1.325254354735531,22.563400781319572
optimistic_combined,d_optimal_equal,256,97,878,351.8084066471163,18.618774997104378,8.720081595586706
optimistic_combined,d_optimal_equal,256,98,341,173.33333333333331,13.067071416393977,8.123302695784815
optimistic_combined,d_optimal_equal,256,99,673,283.67546432062557,2.4415242861715614,23.027643535495642
optimistic_combined,d_optimal_equal,256,100,737,304.9462365591398,6.091024719426864,20.00617317359105
optimistic_combined,d_optimal_equal,256,101,655,277.6930596285435,2.092581518670544,23.19145132683353
optimistic_combined,d_optimal_equal,256,102,65,81.60312805474095,1.6840584443131683,12.962810023188041
optimistic_combined,d_optimal_equal,256,103,864,347.1554252199413,15.252567585983751,11.970643880759027
optimistic_combined,d_optimal_equal,256,104,828,335.1906158357771,20.26580738888641,6.652761973045315
optimistic_combined,d_optimal_equal,256,105,514,230.83088954056694,1.3773673339998955,22.30124350370741
optimistic_combined,d_optimal_equal,256,106,898,358.455522971652,29.47622444918331,-1.974786590338411
optimistic_combined,d_optimal_equal,256,107,394,190.94819159335287,20.564841133453733,1.466202193834306
optimistic_combined,d_optimal_equal,256,108,51,76.95014662756599,2.6082256688553165,11.528695699243244
optimistic_combined,d_optimal_equal,256,109,734,303.9491691104594,5.699570697137199,20.369180847029895
optimistic_combined,d_optimal_equal,256,110,873,350.1466275659824,17.127082257434513,10.170649032458627
optimistic_combined,d_optimal_equal,256,111,541,239.8044965786901,1.315902090128511,22.693976689813454
optimistic_combined,d_optimal_equal,256,112,855,344.16422287390026,14.313419648439226,12.834627122291394
optimistic_combined,d_optimal_equal,256,113,587,255.0928641251222,1.4292728411802351,23.117425692376628
optimistic_combined,d_optimal_equal,256,114,889,355.4643206256109,23.379458810877914,4.0491938306117845
optimistic_combined,d_optimal_equal,256,115,50,76.6177908113392,2.7116567563957674,11.387668086078776
optimistic_combined,d_optimal_equal,256,116,839,338.8465298142717,15.426109881486877,11.586683298672355
optimistic_combined,d_optimal_equal,256,117,402,193.60703812316714,12.121779087015488,10.02937606689649
optimistic_combined,d_optimal_equal,256,118,729,302.2873900293255,5.145036074218305,20.876096877385166
optimistic_combined,d_optimal_equal,256,119,664,280.6842619745845,2.252681536051016,23.12441204451393
optimistic_combined,d_optimal_equal,256,120,751,309.5992179863148,8.874093085074177,17.35463634944165
optimistic_combined,d_optimal_equal,256,121,66,81.93548387096774,1.6427363605656768,13.039436429023695
optimistic_combined,d_optimal_equal,256,122,884,353.80254154447704,20.925535660648233,6.46241564011045
optimistic_combined,d_optimal_equal,256,123,567,248.4457478005865,1.3517279299106577,22.965635766104043
optimistic_combined,d_optimal_equal,256,124,340,173.00097751710655,12.308629261093127,8.86507421386591
optimistic_combined,d_optimal_equal,256,125,847,341.505376344086,14.32309667447291,12.757586563425633
optimistic_combined,d_optimal_equal,256,126,67,82.26783968719452,1.6035941265783882,13.113740069247768
optimistic_combined,d_optimal_equal,256,127,827,334.8582600195503,21.036507503252388,5.8734451553877705
optimistic_combined,d_optimal_equal,256,128,658,278.69012707722385,2.143125309907323,23.172038695914736
optimistic_combined,d_optimal_equal,256,129,739,305.61094819159337,6.381832019498971,19.734278480907477
optimistic_combined,d_optimal_equal,256,130,530,236.14858260019548,1.3271283047969196,22.549310893455825
optimistic_combined,d_optimal_equal,256,131,347,175.32746823069402,19.54593102794045,1.743800536710367
optimistic_combined,d_optimal_equal,256,132,674,284.0078201368524,2.464582562111763,23.014755741403988
optimistic_combined,d_optimal_equal,256,133,49,76.28543499511241,2.822677049172995,11.238887824909483
optimistic_combined,d_optimal_equal,256,134,512,230.16617790811338,1.3849932330688812,22.268569220214403
optimistic_combined,d_optimal_equal,256,135,747,308.2697947214076,7.864638704127854,18.32671309421238
optimistic_combined,d_optimal_equal,256,136,770,315.9139784946236,20.20404996169179,6.2000592301903055
optimistic_combined,d_optimal_equal,256,137,68,82.6001955034213,1.5664948406510144,13.1858589979757
optimistic_combined,d_optimal_equal,256,138,888,355.13196480938416,22.844018348892266,4.576509267994908
optimistic_combined,d_optimal_equal,256,139,566,248.1133919843597,1.349037680671485,22.956698774436305
optimistic_combined,d_optimal_equal,256,140,403,193.93939393939394,11.45195886672256,10.714094149273492
optimistic_combined,d_optimal_equal,256,141,590,256.0899315738026,1.4447126200612868,23.135869795647622
optimistic_combined,d_optimal_equal,256,142,854,343.8318670576735,14.267685063925473,12.871969780725564
optimistic_combined,d_optimal_equal,256,143,829,335.5229716520039,19.572271922801377,7.3549056028248
optimistic_combined,d_optimal_equal,256,144,728,301.9550342130987,5.046462470301606,20.96511535536027
optimistic_combined,d_optimal_equal,256,145,69,82.9325513196481,1.5313126789128075,13.25592017761052
optimistic_combined,d_optimal_equal,256,146,432,203.57771260997066,3.7165540833289,18.870782857405047
optimistic_combined,d_optimal_equal,256,147,740,305.94330400782013,6.537380278133096,19.588171105773483
optimistic_combined,d_optimal_equal,256,148,515,231.16324535679374,1.3740929572481981,22.317015036679308
optimistic_combined,d_optimal_equal,256,149,47,75.62072336265885,3.070585324351006,10.914963556780748
optimistic_combined,d_optimal_equal,256,150,568,248.7781036168133,1.3545373352051262,22.974438057883305
optimistic_combined,d_optimal_equal,256,151,885,354.1348973607038,21.37369249216294,6.022414348884354
optimistic_combined,d_optimal_equal,256,152,339,172.66862170087975,11.615187958530726,9.541812822084239
optimistic_combined,d_optimal_equal,256,153,431,203.2453567937439,3.8184501677128626,18.75469482177911
optimistic_combined,d_optimal_equal,256,154,654,277.36070381231673,2.076314498455234,23.197316449159032
optimistic_combined,d_optimal_equal,256,155,838,338.51417399804495,15.671337011100054,11.332932479522029
optimistic_combined,d_optimal_equal,256,156,70,83.26490713587488,1.4979318548024554,13.324040519585012
optimistic_combined,d_optimal_equal,256,157,681,286.33431085043986,2.639535211899074,22.910664957030065
optimistic_combined,d_optimal_equal,256,158,772,316.5786901270772,22.886205156875274,3.5361607335985212
optimistic_combined,d_optimal_equal,256,159,874,350.47898338220915,17.397515652690423,9.9084562898758
optimistic_combined,d_optimal_equal,256,160,848,341.8377321603128,14.271252831927141,12.817879473890628
optimistic_combined,d_optimal_equal,256,161,586,254.7605083088954,1.4243520177365296,23.111022450882103
optimistic_combined,d_optimal_equal,256,162,46,75.28836754643206,3.209282027418899,10.738007917948224
optimistic_combined,d_optimal_equal,256,163,887,354.7996089931574,22.331957056451802,5.080437928340288
optimistic_combined,d_optimal_equal,256,164,826,334.52590420332353,21.894584915445922,5.006742483345462
optimistic_combined,d_optimal_equal,256,165,433,203.91006842619745,3.6195465446003308,18.981959196842766
optimistic_combined,d_optimal_equal,256,166,741,306.2756598240469,6.700302331427818,19.43467968561643
optimistic_combined,d_optimal_equal,256,167,569,249.11045943304006,1.3574676656587594,22.983103922174195
optimistic_combined,d_optimal_equal,256,168,71,83.59726295210166,1.4662456928762058,13.390327810771083
optimistic_combined,d_optimal_equal,256,169,699,292.316715542522,3.233390888129486,22.49641445219848
optimistic_combined,d_optimal_equal,256,170,404,194.2717497556207,10.837764239632087,11.343161129682471
optimistic_combined,d_optimal_equal,256,171,680,286.0019550342131,2.612991945273206,22.927120425845857
optimistic_combined,d_optimal_equal,256,172,45,74.95601173020528,3.3592200601223134,10.549641683631052
optimistic_combined,d_optimal_equal,256,173,853,343.4995112414467,14.234478415005196,12.896776387813205
optimistic_combined,d_optimal_equal,256,174,430,202.9130009775171,3.925556400807881,18.633373411133704
optimistic_combined,d_optimal_equal,256,175,565,247.78103616813294,1.346454680674916,22.947638948021975
optimistic_combined,d_optimal_equal,256,176,886,354.46725317693057,21.842186225803967,5.562068505141269
optimistic_combined,d_optimal_equal,256,177,746,307.93743890518084,7.64501580787065,18.536966395103903
optimistic_combined,d_optimal_equal,256,178,338,172.33626588465296,10.979659971405829,10.160605934213464
optimistic_combined,d_optimal_equal,256,179,72,83.92961876832845,1.436155802861235,13.454881539640041
optimistic_combined,d_optimal_equal,256,180,663,280.3519061583578,2.233587939479877,23.133214660068248
optimistic_combined,d_optimal_equal,256,181,682,286.66666666666663,2.666636440905146,22.89363982344905
optimistic_combined,d_optimal_equal,256,182,700,292.64907135874876,3.274593857938739,22.465081482705827
optimistic_combined,d_optimal_equal,256,183,877,351.4760508308895,18.291651748648935,9.038995346094268
optimistic_combined,d_optimal_equal,256,184,73,84.26197458455523,1.4075713418176896,13.517793634309442
optimistic_combined,d_optimal_equal,256,185,849,342.17008797653955,14.235113191256769,12.8624599717632
optimistic_combined,d_optimal_equal,256,186,511,229.8338220918866,1.3893245365936235,22.251686584330358
optimistic_combined,d_optimal_equal,256,187,675,284.34017595307915,2.488097747503024,23.001399142967273
optimistic_combined,d_optimal_equal,256,188,899,358.78787878787875,30.327143100639976,-2.817655516583642
optimistic_combined,d_optimal_equal,256,189,550,242.79569892473117,1.319324981701422,22.798227132874914
optimistic_combined,d_optimal_equal,256,190,44,74.6236559139785,3.521646771735338,10.348616000159126
optimistic_combined,d_optimal_equal,256,191,830,335.85532746823066,18.946648880310374,7.989128286322753
optimistic_combined,d_optimal_equal,256,192,429,202.5806451612903,4.0382215620997055,18.506469769834823
optimistic_combined,d_optimal_equal,256,193,659,279.0224828934506,2.160576356174578,23.164939957378863
optimistic_combined,d_optimal_equal,256,194,393,190.61583577712608,22.213741349319957,-0.1978294624367578
optimistic_combined,d_optimal_equal,256,195,742,306.6080156402737,6.871106589902318,19.273295832151376
optimistic_combined,d_optimal_equal,256,196,74,84.59433040078201,1.3804083539254246,13.579149122961553
optimistic_combined,d_optimal_equal,256,197,549,242.46334310850438,1.3184497651790694,22.787204347952056
optimistic_combined,d_optimal_equal,256,198,769,315.58162267839685,19.055990087809676,7.33897634456153
optimistic_combined,d_optimal_equal,256,199,852,343.1671554252199,14.214163491044621,12.908683138475453
optimistic_combined,d_optimal_equal,256,200,434,204.24242424242422,3.527130724199472,19.088520742825253
optimistic_combined,d_optimal_equal,256,201,43,74.29130009775172,3.6979919037321816,10.133499601516505
optimistic_combined,d_optimal_equal,256,202,516,231.49560117302053,1.371149253226279,22.332437941989767
optimistic_combined,d_optimal_equal,256,203,825,334.19354838709677,22.851460566290644,4.041232999084244
optimistic_combined,d_optimal_equal,256,204,591,256.4222873900293,1.4500889012689,23.14175883159014
optimistic_combined,d_optimal_equal,256,205,348,175.65982404692082,21.080754197483234,0.2254270043291342
optimistic_combined,d_optimal_equal,256,206,837,338.1818181818182,15.946796916661365,11.048940511688173
optimistic_combined,d_optimal_equal,256,207,727,301.62267839687195,4.951494736255782,21.050517440536808
optimistic_combined,d_optimal_equal,256,208,75,84.9266862170088,1.3545891788189615,13.639026725709357
optimistic_combined,d_optimal_equal,256,209,542,240.1368523949169,1.3157720062463156,22.706136603623563
optimistic_combined,d_optimal_equal,256,210,752,309.9315738025415,9.16478254339833,17.073266221990167
optimistic_combined,d_optimal_equal,256,211,428,202.24828934506354,4.156824308521143,18.373605164426436
optimistic_combined,d_optimal_equal,256,212,405,194.6041055718475,10.27332119877955,11.922451102292996
optimistic_combined,d_optimal_equal,256,213,42,73.95894428152492,3.889901498832114,9.902644899935254
optimistic_combined,d_optimal_equal,256,214,850,342.50244379276637,14.213960420885256,12.892045404562737
optimistic_combined,d_optimal_equal,256,215,698,291.9843597262952,3.19323654787473,22.52668756384071
optimistic_combined,d_optimal_equal,256,216,679,285.6695992179863,2.5869903468027613,22.943022496907304
optimistic_combined,d_optimal_equal,256,217,585,254.4281524926686,1.4195425396968677,23.10449308117238
optimistic_combined,d_optimal_equal,256,218,337,172.0039100684262,10.39588031639081,10.727618409338561
optimistic_combined,d_optimal_equal,256,219,76,85.25904203323557,1.330041920596704,13.697499385784312
optimistic_combined,d_optimal_equal,256,220,875,350.811339198436,17.68148067673419,9.632724107676523
optimistic_combined,d_optimal_equal,256,221,851,342.83479960899314,14.20716229935228,12.907268009645705
optimistic_combined,d_optimal_equal,256,222,570,249.44281524926686,1.3605168323256411,22.991635489260574
optimistic_combined,d_optimal_equal,256,223,773,316.911045943304,24.460991628584264,1.9704882412984972
optimistic_combined,d_optimal_equal,256,224,653,277.0283479960899,2.0603273750754627,23.20288920278624
optimistic_combined,d_optimal_equal,256,225,77,85.59139784946237,1.3066999706613154,13.754634746889423
optimistic_combined,d_optimal_equal,256,226,487,221.85728250244378,1.5831362153400637,21.751069900048748
optimistic_combined,d_optimal_equal,256,227,529,235.81622678396872,1.3292163599743303,22.53498969563684
optimistic_combined,d_optimal_equal,256,228,743,306.9403714565005,7.050346965315925,19.103465655781264
optimistic_combined,d_optimal_equal,256,229,41,73.62658846529814,4.099279714691892,9.654146171833546
optimistic_combined,d_optimal_equal,256,230,876,351.14369501466274,17.979379613101255,9.34305021711819
optimistic_combined,d_optimal_equal,256,231,683,286.99902248289345,2.6943126521498053,22.876028032363735
optimistic_combined,d_optimal_equal,256,232,427,201.91593352883675,4.281776212200384,18.23436794587937
optimistic_combined,d_optimal_equal,256,233,78,85.92375366568915,1.2845015784349847,13.810495582673312
optimistic_combined,d_optimal_equal,256,234,745,307.6050830889541,7.436609792656761,18.73599269691799
optimistic_combined,d_optimal_equal,256,235,551,243.12805474095796,1.3203196552385597,22.809114185097002
optimistic_combined,d_optimal_equal,256,236,713,296.969696969697,3.9149197554506756,21.952055294717553
optimistic_combined,d_optimal_equal,256,237,824,333.86119257087,23.920137439171448,2.9639137021579813
optimistic_combined,d_optimal_equal,256,238,564,247.44868035190615,1.343951719886941,22.938483455056385
optimistic_combined,d_optimal_equal,256,239,426,201.58357771260995,4.413525177963595,18.088310132086647
optimistic_combined,d_optimal_equal,256,240,40,73.29423264907136,4.328340849450516,9.385787531892987
optimistic_combined,d_optimal_equal,256,241,648,275.366568914956,1.9843859858609156,23.226570613487425
optimistic_combined,d_optimal_equal,256,242,336,171.67155425219943,9.858468932801845,11.248230183179743
optimistic_combined,d_optimal_equal,256,243,714,297.3020527859237,3.9746317286323385,21.902058763141426
optimistic_combined,d_optimal_equal,256,244,79,86.25610948191593,1.263389464759044,13.865140183516516
optimistic_combined,d_optimal_equal,256,245,701,292.9814271749756,3.3168317607387245,22.43270237741538
optimistic_combined,d_optimal_equal,256,246,406,194.9364613880743,9.753498189024315,12.457095709004506
optimistic_combined,d_optimal_equal,256,247,836,337.84946236559136,16.254921630634477,10.732275346242005
optimistic_combined,d_optimal_equal,256,248,548,242.1309872922776,1.3176949985987279,22.776044792750866
optimistic_combined,d_optimal_equal,256,249,80,86.58846529814272,1.2433104734515688,13.918622705156082
optimistic_combined,d_optimal_equal,256,250,676,284.6725317693059,2.5120825872919883,22.987561023029855
optimistic_combined,d_optimal_equal,256,251,510,229.50146627565982,1.3939775874930684,22.234464037826257
optimistic_combined,d_optimal_equal,256,252,744,307.27272727272725,7.238627857684332,18.924584778580297
optimistic_combined,d_optimal_equal,256,253,425,201.25122189638319,4.55255929119753,17.934943559998004
optimistic_combined,d_optimal_equal,256,254,649,275.6989247311828,1.9990602172034946,23.22237356252947
optimistic_combined,d_optimal_equal,256,255,81,86.9208211143695,1.2242152570757239,13.970993483096194
optimistic_combined,d_optimal_equal,256,256,831,336.1876832844575,18.38065284645926,8.563715455352607
