scenario,method,tone_count,selection_rank,candidate_index,frequency_ghz,background_attenuation_db,snr_db,co_sensitivity_db_per_molecule_cm2,no2_sensitivity_db_per_molecule_cm2
reference,uniform,64,1,0,60.0,111.04415195173135,-96.91316127887637,2.8560107747681914e-25,5.63411886286482e-24
reference,uniform,64,2,8,65.3228962818004,28.13329302283568,-13.264018713483296,3.193761672837552e-25,1.0492544981526014e-23
reference,uniform,64,3,16,70.64579256360078,2.7571211249228704,12.792570575678113,3.6328307146968196e-25,4.108287956635286e-23
reference,uniform,64,4,24,75.96868884540118,1.1244294234499217,15.056228860084786,4.228082246471898e-25,1.09941323446301e-23
reference,uniform,64,5,32,81.29158512720156,0.6727918563713973,16.096085650098047,5.07971066207896e-25,1.323500642846046e-23
reference,uniform,64,6,41,87.279843444227,0.4803782833887699,16.905866553341866,6.600813489712166e-25,1.8766655564006652e-23
reference,uniform,64,7,49,92.6027397260274,0.4119666180740477,17.488475763531625,8.984343620877014e-25,6.286309692895731e-23
reference,uniform,64,8,57,97.92563600782779,0.39630683265710953,17.989586850258377,1.3726766481846584e-24,1.5866096288372571e-22
reference,uniform,64,9,65,103.24853228962817,0.4330552500707613,18.412588149903655,2.570567560914117e-24,9.500850301662805e-23
reference,uniform,64,10,73,108.57142857142857,0.5957484982636567,18.686528212249115,7.387466937887801e-24,3.576835968124865e-23
reference,uniform,64,11,81,113.89432485322897,1.5554169165661869,18.142590438919413,8.262430988238115e-23,2.170821009700793e-23
reference,uniform,64,12,89,119.21722113502935,28.737390487203758,-8.642644931435797,1.8714006948052566e-23,3.833628400747211e-23
reference,uniform,64,13,97,124.54011741682974,1.2378068557629909,19.23634422621572,4.1653399769713234e-24,8.794389776483956e-23
reference,uniform,64,14,105,129.86301369863014,0.6256909912765992,20.211984218257697,1.9636660066692104e-24,4.494754495803059e-23
reference,uniform,64,15,114,135.85127201565558,0.5385971361287982,20.690642713066893,1.2331670491420783e-24,2.4864691311487532e-23
reference,uniform,64,16,122,141.17416829745596,0.5685834413224257,20.994486980812297,9.853778452389124e-25,2.8572390812892115e-23
reference,uniform,64,17,130,146.49706457925635,0.6565547806727041,21.22798933738318,8.795961164052907e-25,8.100669284054506e-23
reference,uniform,64,18,138,151.81996086105676,0.8136261900143539,21.380916977754225,8.457209400294352e-25,9.72338418560567e-23
reference,uniform,64,19,146,157.14285714285714,1.086313497360285,21.40754507070119,8.567521984494432e-25,3.5747040546709783e-22
reference,uniform,64,20,154,162.46575342465752,1.5960913656669498,21.187110877670904,9.02364674675293e-25,1.8999877791403642e-22
reference,uniform,64,21,162,167.78864970645793,2.7018865926220563,20.361330653358067,9.805063202620054e-25,2.375232221173866e-22
reference,uniform,64,22,170,173.1115459882583,5.832140067249132,17.5023462959104,1.094813128764316e-24,6.905429532270182e-23
reference,uniform,64,23,178,178.4344422700587,20.98844437570861,2.609095044098126,1.2546678302750368e-24,6.289409602853608e-23
reference,uniform,64,24,187,184.42270058708414,84.32564237245727,-60.44138916110887,1.5109685195950116e-24,5.540264097384178e-23
reference,uniform,64,25,195,189.74559686888452,12.841922577366567,11.289477221565505,1.8420045347309304e-24,1.0501415517072356e-22
reference,uniform,64,26,203,195.06849315068493,4.441027497148937,19.93068075164078,2.331830191741539e-24,6.019428146588544e-23
reference,uniform,64,27,211,200.3913894324853,2.298188678152252,22.3073581171318,3.0983923155954127e-24,9.033996620224924e-23
reference,uniform,64,28,219,205.7142857142857,1.469729179603115,23.363525527198817,4.398145017068137e-24,1.0507841358842092e-22
reference,uniform,64,29,227,211.0371819960861,1.0738265868345602,23.981318659478177,6.877479479501653e-24,2.716899073099514e-22
reference,uniform,64,30,235,216.3600782778865,0.8600794238864662,24.41142883920385,1.2575484810972405e-23,7.6356768616639915e-22
reference,uniform,64,31,243,221.68297455968687,0.7383034576727846,24.744309011728944,3.0950611560398793e-23,2.631804593767112e-22
reference,uniform,64,32,251,227.00587084148728,0.668413004214475,25.020294442811732,1.6615983105351448e-22,8.16889310763437e-22
reference,uniform,64,33,260,232.99412915851272,0.6321324371973156,25.282732789605205,2.9528400802051595e-22,1.3785025191751245e-21
reference,uniform,64,34,268,238.3170254403131,0.6135772258662359,25.49748983099171,3.966652332140226e-23,1.3447410947521453e-21
reference,uniform,64,35,276,243.63992172211348,0.6158036678868752,25.68713102323605,1.485040878822123e-23,1.1928767669506015e-21
reference,uniform,64,36,284,248.9628180039139,0.6321305742502918,25.858524913047816,8.001577339644973e-24,1.2643597334135206e-21
reference,uniform,64,37,292,254.28571428571428,0.6611730592720723,26.013231851802757,5.2443113166996795e-24,1.66288118545897e-21
reference,uniform,64,38,300,259.6086105675147,0.7039998386525164,26.150347683082472,3.914848979224188e-24,7.407805468700434e-22
reference,uniform,64,39,308,264.93150684931504,0.7606036433882973,26.270034214324355,3.221749656615909e-24,1.853752059159029e-21
reference,uniform,64,40,316,270.25440313111545,0.8350681072895898,26.368353126770856,2.8672855231440434e-24,8.60585141922425e-22
reference,uniform,64,41,324,275.57729941291586,0.9321443693394527,26.44069009279312,2.7241179539228132e-24,2.58588347504933e-21
reference,uniform,64,42,333,281.56555772994125,1.078392110856191,26.481164134561084,2.7481374786363415e-24,1.0082446771132698e-21
reference,uniform,64,43,341,286.88845401174166,1.2568644413874577,26.465362627202566,2.915730198315912e-24,6.059478110905077e-22
reference,uniform,64,44,349,292.21135029354207,1.5085348090783643,26.373372478494815,3.231001895667178e-24,2.694925879074046e-21
reference,uniform,64,45,357,297.5342465753424,1.8829015123007184,26.15580336880845,3.730168630707552e-24,7.674518197908122e-22
reference,uniform,64,46,365,302.85714285714283,2.4965796309283346,25.69614245254364,4.486071067461693e-24,8.118987454979059e-22
reference,uniform,64,47,373,308.18003913894324,3.6640364043398685,24.680019380511794,5.635353841262882e-24,2.4687021903892797e-21
reference,uniform,64,48,381,313.5029354207436,6.515700156489566,21.97709774096262,7.442197834673645e-24,6.112136251727637e-22
reference,uniform,64,49,389,318.825831702544,18.189847415059884,10.449188275707158,1.0459274364630855e-23,3.28799499577883e-22
reference,uniform,64,50,397,324.1487279843444,101.51851902793378,-72.73566692883912,1.599454982076015e-23,9.101918294112414e-22
reference,uniform,64,51,406,330.13698630136986,24.07344573292591,4.868403581344467,3.0140681950131094e-23,1.2436233937667996e-21
reference,uniform,64,52,414,335.4598825831702,9.252902174207483,19.82787530360808,6.802655085271876e-23,2.4546290934363064e-21
reference,uniform,64,53,422,340.7827788649706,6.793553137072853,22.423965327884815,2.7073138404886e-22,6.424233153061788e-22
reference,uniform,64,54,430,346.10567514677103,6.93701402868298,22.415126047387133,6.205141962314489e-21,2.060701314955955e-21
reference,uniform,64,55,438,351.4285714285714,8.536315664683947,20.948391342280615,2.178970685741682e-22,1.7866972634910424e-21
reference,uniform,64,56,446,356.7514677103718,12.015605868389462,17.599675167197915,6.06200142199648e-23,3.7299141209391724e-22
reference,uniform,64,57,454,362.0743639921722,19.41437922124541,10.32954197364478,2.781357121414322e-23,2.869493782410254e-22
reference,uniform,64,58,462,367.39726027397256,40.25281702943859,-10.382133096354025,1.5906156760799657e-23,6.294625377882657e-22
reference,uniform,64,59,470,372.720156555773,102.68103520641654,-72.68541194404665,1.0295177064743966e-23,2.3079966328062067e-21
reference,uniform,64,60,479,378.7084148727984,804.1780395206393,-774.043974751075,6.928911952204605e-24,3.8228297085944093e-22
reference,uniform,64,61,487,384.0313111545988,291.0030729859279,-260.74777461947343,5.159255757068748e-24,8.011150336599566e-22
reference,uniform,64,62,495,389.3542074363992,68.39901020690925,-38.024147099183836,3.9947568456294596e-24,8.4702365050089935e-22
reference,uniform,64,63,503,394.6771037181996,28.694670534419387,1.7981337814362206,3.1875177294543976e-24,4.4815767558639195e-21
reference,uniform,64,64,511,400.0,15.633028793824568,14.976136697916786,2.604740674993418e-24,2.0840089886765763e-21
reference,d_optimal,64,1,430,346.10567514677103,6.93701402868298,22.415126047387133,6.205141962314489e-21,2.060701314955955e-21
reference,d_optimal,64,2,448,358.0821917808219,13.356262779536022,16.291357348127434,4.841230420963972e-23,3.222969638951728e-22
reference,d_optimal,64,3,509,398.6692759295499,17.900874196822585,12.679346815748076,2.734216808698199e-24,3.1365230865880016e-21
reference,d_optimal,64,4,269,238.98238747553816,0.6129837771612533,25.522299797859063,3.397290441832258e-23,1.5800021914806519e-21
reference,d_optimal,64,5,433,348.1017612524462,7.367412749519419,22.034677328506362,1.0048085967687957e-21,3.861485595808307e-21
reference,d_optimal,64,6,16,70.64579256360078,2.7571211249228704,12.792570575678113,3.6328307146968196e-25,4.108287956635286e-23
reference,d_optimal,64,7,421,340.1174168297456,6.905342875025471,22.295200229715306,2.1479593286282013e-22,6.508855443777161e-22
reference,d_optimal,64,8,193,188.41487279843443,18.75912195489614,5.3111473396515265,1.747365346284528e-24,1.3026087257655798e-22
reference,d_optimal,64,9,505,396.0078277886497,24.210910013365503,6.311131063852898,3.0244538835645243e-24,4.892004210664222e-21
reference,d_optimal,64,10,457,364.07045009784736,24.356359349327217,5.435314929950181,2.2134412844589713e-23,3.4161122454012375e-22
reference,d_optimal,64,11,511,400.0,15.633028793824568,14.976136697916786,2.604740674993418e-24,2.0840089886765763e-21
reference,d_optimal,64,12,19,72.64187866927593,1.8387903775768994,13.952916635847416,3.833705790941016e-25,2.1719074108192595e-23
reference,d_optimal,64,13,268,238.3170254403131,0.6135772258662359,25.49748983099171,3.966652332140226e-23,1.3447410947521453e-21
reference,d_optimal,64,14,429,345.44031311154595,6.836059707766184,22.49936633022473,5.8131819569745815e-21,1.6487562194244083e-21
reference,d_optimal,64,15,447,357.41682974559683,12.65464294692184,16.97682268520957,5.400407317417513e-23,3.4302418168826725e-22
reference,d_optimal,64,16,177,177.76908023483367,17.0742744778474,6.490815695594392,1.2317005438610334e-24,6.937144498539384e-23
reference,d_optimal,64,17,434,348.7671232876712,7.55406250170967,21.864613947416018,6.754520409952282e-22,4.073609090253474e-21
reference,d_optimal,64,18,420,339.4520547945205,7.0572723438439295,22.126262159729933,1.743384002409447e-22,6.964418322284323e-22
reference,d_optimal,64,19,365,302.85714285714283,2.4965796309283346,25.69614245254364,4.486071067461693e-24,8.118987454979059e-22
reference,d_optimal,64,20,449,358.74755381604695,14.128044603093741,15.535700030849057,4.364452468854467e-23,3.0799807324259446e-22
reference,d_optimal,64,21,20,73.30724070450097,1.6415978245195018,14.229305298752692,3.906137931249092e-25,1.7628014687784407e-23
reference,d_optimal,64,22,504,395.3424657534246,26.31034314389634,4.197091854026127,3.1043562541568296e-24,4.961317741578862e-21
reference,d_optimal,64,23,178,178.4344422700587,20.98844437570861,2.609095044098126,1.2546678302750368e-24,6.289409602853608e-23
reference,d_optimal,64,24,328,278.23874755381604,0.9914446235031078,26.46487323682912,2.7127811427054613e-24,2.8642551630386965e-21
reference,d_optimal,64,25,510,399.3346379647749,16.70938543689728,13.885319871917872,2.6682822393466953e-24,2.6881037756453615e-21
reference,d_optimal,64,26,21,73.97260273972603,1.4779336118161954,14.471450047416127,3.9815917431696755e-25,1.4871692319749348e-23
reference,d_optimal,64,27,267,237.65166340508804,0.6144570645748033,25.472325768941133,4.693367608906325e-23,1.1948059258776132e-21
reference,d_optimal,64,28,390,319.49119373776904,22.01934901657667,6.637794489179214,1.0972060663689795e-23,3.417329271703247e-22
reference,d_optimal,64,29,446,356.7514677103718,12.015605868389462,17.599675167197915,6.06200142199648e-23,3.7299141209391724e-22
reference,d_optimal,64,30,458,364.7358121330724,26.480523163138727,3.327010647299275,2.0624686724742256e-23,3.6203048909919717e-22
reference,d_optimal,64,31,422,340.7827788649706,6.793553137072853,22.423965327884815,2.7073138404886e-22,6.424233153061788e-22
reference,d_optimal,64,32,506,396.67318982387474,22.35276156294891,8.183861073399086,2.9476418290449674e-24,4.2947886550283665e-21
reference,d_optimal,64,33,18,71.97651663405088,2.0796063093924033,13.632175851136608,3.7641179892975864e-25,2.7556821725242785e-23
reference,d_optimal,64,34,270,239.6477495107632,0.6126592944223676,25.54677347005976,2.943353271911574e-23,1.78805912216862e-21
reference,d_optimal,64,35,194,189.0802348336595,15.40098600000487,8.699902325492957,1.7935512851720063e-24,1.238725957614777e-22
reference,d_optimal,64,36,450,359.412915851272,14.978868928544054,14.700970333563347,3.954699813282921e-23,2.967542610046299e-22
reference,d_optimal,64,37,327,277.57338551859095,0.9758409200010473,26.45968119434403,2.7122135823264834e-24,2.7871617132590632e-21
reference,d_optimal,64,38,366,303.5225048923679,2.601683212564568,25.6101004061954,4.604409771455763e-24,7.577715351627806e-22
reference,d_optimal,64,39,17,71.31115459882584,2.378518981469638,13.252596047037414,3.6972103546696268e-25,3.4864402346378704e-23
reference,d_optimal,64,40,419,338.7866927592955,7.255425565451359,21.911066965565993,1.4419947191344917e-22,7.895922758669052e-22
reference,d_optimal,64,41,507,397.33855185909977,20.70035340942889,9.850826348071536,2.8737621001769724e-24,3.7627476446689845e-21
reference,d_optimal,64,42,256,230.33268101761252,0.6432543719555045,25.17182254740102,2.1978248263345935e-21,1.6938161799675249e-21
reference,d_optimal,64,43,192,187.7495107632094,23.245460544355062,0.7940814007303345,1.7033115353211266e-24,1.2820262696044688e-22
reference,d_optimal,64,44,432,347.4363992172211,7.202610693234007,22.18286128013935,1.6095741178966088e-21,3.2456941985969507e-21
reference,d_optimal,64,45,22,74.63796477495107,1.3405349841482495,14.686626452539329,4.0602590165727644e-25,1.3028298305484812e-23
reference,d_optimal,64,46,456,363.40508806262227,22.500809655807895,7.274976081475529,2.3816684756888815e-23,3.2179659524810113e-22
reference,d_optimal,64,47,364,302.1917808219178,2.399385394005991,25.774233230850413,4.373729148091927e-24,9.090266227628794e-22
reference,d_optimal,64,48,423,341.44814090019565,6.717065283869503,22.5173954300312,3.5085136292014336e-22,6.64164563708506e-22
reference,d_optimal,64,49,508,398.00391389432485,19.224462163855517,11.341250358596824,2.802666686158468e-24,3.460400887805829e-21
reference,d_optimal,64,50,431,346.77103718199606,7.059212664121062,22.3096093493874,2.8585624011060823e-21,2.5858482554422713e-21
reference,d_optimal,64,51,23,75.30332681017612,1.2240448545909295,14.880204075212404,4.142347445336637e-25,1.1799429381504233e-23
reference,d_optimal,64,52,406,330.13698630136986,24.07344573292591,4.868403581344467,3.0140681950131094e-23,1.2436233937667996e-21
reference,d_optimal,64,53,435,349.43248532289624,7.763238615448933,21.6719925921886,4.805111628469906e-22,3.759929455989347e-21
reference,d_optimal,64,54,445,356.08610567514677,11.432652871612909,18.166413354033295,6.852454080136982e-23,4.147763376034118e-22
reference,d_optimal,64,55,266,236.986301369863,0.6156478388385949,25.446782686510275,5.639877821891851e-23,1.1555384072350382e-21
reference,d_optimal,64,56,176,177.1037181996086,14.118010057797461,9.41450918879444,1.2096578056204058e-24,7.059388373054174e-23
reference,d_optimal,64,57,15,69.98043052837573,3.24923576839748,12.21826209656794,3.5708378523937697e-25,4.173015680113807e-23
reference,d_optimal,64,58,503,394.6771037181996,28.694670534419387,1.7981337814362206,3.1875177294543976e-24,4.4815767558639195e-21
reference,d_optimal,64,59,329,278.90410958904107,1.0076068381686334,26.469457097898783,2.7155499041632965e-24,2.573096726679634e-21
reference,d_optimal,64,60,428,344.7749510763209,6.756662099883957,22.56201767560782,2.738595732351733e-21,1.3084900218348974e-21
reference,d_optimal,64,61,451,360.07827788649706,15.919200585849014,13.776703536829544,3.60001210354873e-23,2.8699125057809116e-22
reference,d_optimal,64,62,367,304.18786692759295,2.715657632636188,25.515145781686144,4.729107082228273e-24,7.568276257899046e-22
reference,d_optimal,64,63,391,320.1565557729941,26.988366239843,1.6868474093509036,1.1525580953015453e-23,3.6506581436302933e-22
reference,d_optimal,64,64,24,75.96868884540118,1.1244294234499217,15.056228860084786,4.228082246471898e-25,1.09941323446301e-23
reference,uniform,128,1,0,60.0,111.04415195173135,-99.92346123551619,2.8560107747681914e-25,5.63411886286482e-24
reference,uniform,128,2,4,62.6614481409002,148.54987559606695,-137.05220133855332,3.0146064187368505e-25,7.260553078886875e-24
reference,uniform,128,3,8,65.3228962818004,28.13329302283568,-16.274318670123108,3.193761672837552e-25,1.0492544981526014e-23
reference,uniform,128,4,12,67.98434442270059,6.220014139159952,5.985829848909674,3.397913005248088e-25,2.2275633204876254e-23
reference,uniform,128,5,16,70.64579256360078,2.7571211249228704,9.7822706190383,3.6328307146968196e-25,4.108287956635286e-23
reference,uniform,128,6,20,73.30724070450097,1.6415978245195018,11.21900534211288,3.906137931249092e-25,1.7628014687784407e-23
reference,uniform,128,7,24,75.96868884540118,1.1244294234499217,12.045928903444974,4.228082246471898e-25,1.09941323446301e-23
reference,uniform,128,8,28,78.63013698630137,0.8421928977911946,12.627253456301418,4.612710975360337e-25,1.0307453008700117e-23
reference,uniform,128,9,32,81.29158512720156,0.6727918563713973,13.085785693458234,5.07971066207896e-25,1.323500642846046e-23
reference,uniform,128,10,36,83.95303326810176,0.5649413699072866,13.473452179635203,5.657377055338206e-25,1.8159709471769425e-23
reference,uniform,128,11,40,86.61448140900195,0.4940088334056749,13.815467064267125,6.387584570776483e-25,1.7584296582390284e-23
reference,uniform,128,12,44,89.27592954990214,0.4471078193155782,14.125245505345049,7.334453726522962e-25,2.4269819106467266e-23
reference,uniform,128,13,48,91.93737769080235,0.41724148884041,14.410266465839356,8.600225581964915e-25,4.9365185088305735e-23
reference,uniform,128,14,52,94.59882583170254,0.40096431831428736,14.674416308966386,1.0356085872012107e-24,7.58985829068824e-23
reference,uniform,128,15,56,97.26027397260273,0.39604967573253763,14.920325804782138,1.290643564148623e-24,1.3960725767196341e-22
reference,uniform,128,16,60,99.92172211350294,0.40223972944117975,15.148624185771453,1.6835345222750436e-24,9.472975905896332e-23
reference,uniform,128,17,64,102.58317025440313,0.42431673612162135,15.354871301938019,2.3380596915591327e-24,8.215283017186351e-23
reference,uniform,128,18,68,105.24461839530332,0.4702111574582639,15.531452506135395,3.554613961061318e-24,7.065557122681579e-23
reference,uniform,128,19,72,107.90606653620353,0.5608082764390762,15.657774664804052,6.2202461335800055e-24,3.839354232354527e-23
reference,uniform,128,20,76,110.56751467710372,0.7562361724906882,15.673980489746086,1.3902787491153997e-23,2.9779393470694374e-23
reference,uniform,128,21,80,113.22896281800391,1.282943375421392,15.353872916665935,5.140361904543347e-23,2.2145001230428748e-23
reference,uniform,128,22,84,115.89041095890411,3.585489480611973,13.253126286301708,1.6231450181242192e-22,2.6364215190028046e-23
reference,uniform,128,23,89,119.21722113502935,28.737390487203758,-11.65294488807561,1.8714006948052566e-23,3.833628400747211e-23
reference,uniform,128,24,93,121.87866927592955,3.1358041562018832,14.14041562756779,7.598471005967665e-24,5.844868302116696e-23
reference,uniform,128,25,97,124.54011741682974,1.2378068557629909,16.226044269575908,4.1653399769713234e-24,8.794389776483956e-23
reference,uniform,128,26,101,127.20156555772994,0.7862331035318193,16.86128173517332,2.706381405242387e-24,4.597952948957316e-23
reference,uniform,128,27,105,129.86301369863014,0.6256909912765992,17.201684261617885,1.9636660066692104e-24,4.494754495803059e-23
reference,uniform,128,28,109,132.52446183953032,0.5613498867391464,17.44223680784681,1.5406693152476949e-24,3.252537232079162e-23
reference,uniform,128,29,113,135.18590998043052,0.5398202886861916,17.636473995070247,1.2816093406736486e-24,2.5799376620882014e-23
reference,uniform,128,30,117,137.84735812133073,0.5423277633647973,17.803306888388022,1.1154864714314594e-24,2.314144149433793e-23
reference,uniform,128,31,121,140.5088062622309,0.561596736739273,17.950139853954752,1.0063083901025747e-24,2.6414923793513913e-23
reference,uniform,128,32,125,143.1702544031311,0.5948138081882265,18.0799078337474,9.343269085953272e-25,4.239460375107945e-23
reference,uniform,128,33,129,145.83170254403132,0.6422908408222722,18.192413789509843,8.880405333027443e-25,7.759154757064188e-23
reference,uniform,128,34,133,148.4931506849315,0.7058034543702877,18.285990695810227,8.60448472024799e-25,8.463323019571191e-23
reference,uniform,128,35,137,151.1545988258317,0.7890710275620288,18.357021980433117,8.47160701875435e-25,8.748542027733999e-23
reference,uniform,128,36,141,153.8160469667319,0.8982165462976253,18.399482080338572,8.453865593977003e-25,1.82067611299843e-22
reference,uniform,128,37,145,156.47749510763208,1.0429343661074724,18.403769048662113,8.533681740306067e-25,4.231616283657677e-22
reference,uniform,128,38,149,159.13894324853229,1.2387438503585049,18.354451254809533,8.700528278617338e-25,2.0334350385629253e-22
reference,uniform,128,39,153,161.8003913894325,1.5113341085625163,18.22592295639052,8.949009698027809e-25,2.159881714216612e-22
reference,uniform,128,40,157,164.46183953033267,1.9053784119889052,17.973590168537427,9.277759191652168e-25,1.8223547939209893e-22
reference,uniform,128,41,161,167.12328767123287,2.503791125689284,17.514613993938838,9.68886439004857e-25,2.651173389469546e-22
reference,uniform,128,42,165,169.78473581213308,3.474057860512045,16.681580712179098,1.0187670445886573e-24,1.124801361261974e-22
reference,uniform,128,43,169,172.44618395303326,5.194472651182965,15.096264824239668,1.0782890403980303e-24,7.04388566998509e-23
reference,uniform,128,44,173,175.10763209393346,8.658808080805041,11.76495913353483,1.1487008144522764e-24,6.248196172659058e-23
reference,uniform,128,45,177,177.76908023483367,17.0742744778474,3.4805157389545798,1.2317005438610334e-24,6.937144498539384e-23
reference,uniform,128,46,181,180.43052837573384,43.41691821443351,-22.733052087512903,1.3295493727278448e-24,4.6837368266846846e-23
reference,uniform,128,47,185,183.09197651663405,109.08942601129735,-88.27837404270701,1.4452394829563007e-24,4.664878014380087e-23
reference,uniform,128,48,189,185.75342465753425,49.315238631735056,-28.378836334981003,1.5827408485158231e-24,7.671635542944557e-23
reference,uniform,128,49,193,188.41487279843443,18.75912195489614,2.300847383011714,1.747365346284528e-24,1.3026087257655798e-22
reference,uniform,128,50,197,191.07632093933464,9.294087758234468,11.887715362516559,1.946311712329985e-24,7.170634096973198e-23
reference,uniform,128,51,201,193.7377690802348,5.5080894924121555,15.793862105386864,2.189497844788144e-24,5.55839071767105e-23
reference,uniform,128,52,205,196.39921722113502,3.6663357047119454,17.754125053987536,2.4908643146002796e-24,6.853937093995344e-23
reference,uniform,128,53,209,199.06066536203522,2.644355276360005,18.893019459561444,2.870477640973953e-24,8.978501638794786e-23
reference,uniform,128,54,213,201.7221135029354,2.0230206918405345,19.629715211584838,3.358044597319587e-24,8.348304184336737e-23
reference,uniform,128,55,217,204.3835616438356,1.619593242687913,20.146991726178257,3.999029399013424e-24,9.657089501495182e-23
reference,uniform,128,56,221,207.0450097847358,1.3448519946581157,20.534109065173226,4.865829040941412e-24,1.1437381057302163e-22
reference,uniform,128,57,225,209.706457925636,1.150715706621368,20.839186097950076,6.079405985249183e-24,1.8224998935622903e-22
reference,uniform,128,58,229,212.3679060665362,1.0080396955113369,21.09140371212783,7.854224748297541e-24,4.571416901267395e-22
reference,uniform,128,59,233,215.0293542074364,0.9025351758524461,21.30508554496606,1.0600178640776413e-23,1.0304843018286022e-21
reference,uniform,128,60,237,217.69080234833658,0.8231351643529189,21.491332145337537,1.5181421657754472e-23,4.480838171395989e-22
reference,uniform,128,61,241,220.35225048923678,0.7628260465381123,21.657189469616455,2.3680595230246977e-23,2.6442910944379614e-22
reference,uniform,128,62,245,223.013698630137,0.7169271034781267,21.807369413718675,4.2189591508988245e-23,2.9833835573041933e-22
reference,uniform,128,63,249,225.67514677103716,0.6822423288855068,21.94509805128594,9.490308577708208e-23,5.459208173842958e-22
reference,uniform,128,64,253,228.33659491193737,0.6567074965511736,22.072468618290742,3.480411838698842e-22,1.211140606750823e-21
reference,uniform,128,65,258,231.6634050880626,0.6375517737342058,22.217262644830527,7.777475329062539e-22,1.4687840931245127e-21
reference,uniform,128,66,262,234.3248532289628,0.6245722819290316,22.329460500112305,1.47076867161595e-22,1.5440582985929166e-21
reference,uniform,128,67,266,236.986301369863,0.6156478388385949,22.436482729870463,5.639877821891851e-23,1.1555384072350382e-21
reference,uniform,128,68,270,239.6477495107632,0.6126592944223676,22.53647351341995,2.943353271911574e-23,1.78805912216862e-21
reference,uniform,128,69,274,242.3091976516634,0.6138316472367397,22.63123205214903,1.8143978786214126e-23,1.2706346515075472e-21
reference,uniform,128,70,278,244.9706457925636,0.6186639984046111,22.721282651788954,1.2415527155958602e-23,1.3751162676205694e-21
reference,uniform,128,71,282,247.63209393346378,0.6270006084420987,22.806803699868524,9.134017275396139e-24,1.856266217123056e-21
reference,uniform,128,72,286,250.29354207436398,0.6381479514107254,22.888510644010353,7.093077175469943e-24,9.56548355188212e-22
reference,uniform,128,73,290,252.9549902152642,0.6526820510672504,22.96584868651385,5.747773459605263e-24,1.1432198322569606e-21
reference,uniform,128,74,294,255.61643835616437,0.6704932471626064,23.03894804718017,4.823346542362372e-24,2.153697720147524e-21
reference,uniform,128,75,298,258.27788649706457,0.6917764807506441,23.10763370561945,4.169374608808321e-24,9.955046829859386e-22
reference,uniform,128,76,302,260.93933463796475,0.7169160316291759,23.171540690009735,3.6981146788539035e-24,6.769241535088821e-22
reference,uniform,128,77,306,263.600782778865,0.7450386570502479,23.231560963257493,3.3557885230621046e-24,1.1092191753372114e-21
reference,uniform,128,78,310,266.26223091976516,0.777370841219897,23.286486197119103,3.1081494313196603e-24,2.3086631851947616e-21
reference,uniform,128,79,314,268.92367906066534,0.8145504709018971,23.335696119043945,2.9327669221343753e-24,1.0396603117286974e-21
reference,uniform,128,80,318,271.58512720156557,0.8569803096749594,23.378805059258326,2.814691927669583e-24,9.28621900488857e-22
reference,uniform,128,81,322,274.24657534246575,0.9053978590546119,23.415092109944524,2.7439232359393983e-24,2.1386236160847736e-21
reference,uniform,128,82,326,276.9080234833659,0.9607713017372725,23.443605201316913,2.713883655534999e-24,2.57938448403119e-21
reference,uniform,128,83,330,279.56947162426616,1.0243536940086673,23.4631069276098,2.720490139334893e-24,2.044404923620763e-21
reference,uniform,128,84,334,282.23091976516633,1.0977783076704517,23.47197922267567,2.761591642682347e-24,8.422815676950992e-22
reference,uniform,128,85,338,284.8923679060665,1.1832043569329453,23.468077649794594,2.8366493509007002e-24,5.438637341578345e-22
reference,uniform,128,86,342,287.55381604696674,1.2835450816045497,23.448503334410645,2.946590895688648e-24,6.86607517754615e-22
reference,uniform,128,87,346,290.2152641878669,1.4028792018757958,23.409191524539892,3.093805157560469e-24,1.6273927080999615e-21
reference,uniform,128,88,350,292.8767123287671,1.547535267748428,23.343827255839926,3.28226875090306e-24,2.6264628889963453e-21
reference,uniform,128,89,354,295.53816046966733,1.7228548299735562,23.247082194514576,3.517816234750284e-24,1.0058377263900265e-21
reference,uniform,128,90,358,298.1996086105675,1.9428031406393746,23.105003949948497,3.8085887565971766e-24,8.153443628334404e-22
reference,uniform,128,91,362,300.8610567514677,2.225515458752678,22.89946978176033,4.165725792891256e-24,1.0892247999956532e-21
reference,uniform,128,92,366,303.5225048923679,2.601683212564568,22.599800449555588,4.604409771455763e-24,7.577715351627806e-22
reference,uniform,128,93,370,306.1839530332681,3.122963541680664,22.154350682367493,5.145446842815018e-24,1.1263627304805798e-21
reference,uniform,128,94,374,308.8454011741683,3.885313115041948,21.467175371727592,5.817693094538102e-24,2.836224907584852e-21
reference,uniform,128,95,378,311.5068493150685,5.083095567852406,20.343922145315048,6.661860981577125e-24,1.2854354451931501e-21
reference,uniform,128,96,382,314.1682974559687,7.161539213657598,18.339373665005525,7.736661101547706e-24,5.113821143647138e-22
reference,uniform,128,97,386,316.82974559686886,11.343218012966494,14.230966667949005,9.129053539207383e-24,3.40319374534163e-22
reference,uniform,128,98,390,319.49119373776904,22.01934901657667,3.6274945325394015,1.0972060663689795e-23,3.417329271703247e-22
reference,uniform,128,99,394,322.1526418786693,49.5119278756684,-23.79302822277117,1.3477233405713617e-23,5.296689088589194e-22
reference,uniform,128,100,398,324.81409001956945,118.37512187456483,-92.58475896368998,1.6997316881051541e-23,1.117560395148765e-21
reference,uniform,128,101,402,327.4755381604696,59.382359043812464,-33.52111604497057,2.2155964058514773e-23,2.5380992066578527e-21
reference,uniform,128,102,406,330.13698630136986,24.07344573292591,1.858103624704654,3.0140681950131094e-23,1.2436233937667996e-21
reference,uniform,128,103,410,332.79843444227004,13.298141575219981,12.703149625438655,4.344271252132459e-23,1.1652908371309224e-21
reference,uniform,128,104,414,335.4598825831702,9.252902174207483,16.81757534696827,6.802655085271876e-23,2.4546290934363064e-21
reference,uniform,128,105,418,338.12133072407045,7.507390456975507,18.63172664224706,1.21181786777929e-22,9.495124858631277e-22
reference,uniform,128,106,422,340.7827788649706,6.793553137072853,19.413665371245003,2.7073138404886e-22,6.424233153061788e-22
reference,uniform,128,107,427,344.1095890410959,6.699427790169487,19.59217341726685,1.5555412872529056e-21,1.0567949986799024e-21
reference,uniform,128,108,431,346.77103718199606,7.059212664121062,19.29930939274759,2.8585624011060823e-21,2.5858482554422713e-21
reference,uniform,128,109,435,349.43248532289624,7.763238615448933,18.66169263554879,4.805111628469906e-22,3.759929455989347e-21
reference,uniform,128,110,439,352.0939334637965,8.847268261950443,17.643568292449103,1.7660150400787072e-22,1.339774125081272e-21
reference,uniform,128,111,443,354.75538160469665,10.413393738520806,16.142851817713677,8.974858099868578e-23,5.498984506295114e-22
reference,uniform,128,112,447,357.41682974559683,12.65464294692184,13.966522728569757,5.400407317417513e-23,3.4302418168826725e-22
reference,uniform,128,113,451,360.07827788649706,15.919200585849014,10.766403580189731,3.60001210354873e-23,2.8699125057809116e-22
reference,uniform,128,114,455,362.73972602739724,20.865209664103954,5.884358457382433,2.5698779916987303e-23,3.01984943180787e-22
reference,uniform,128,115,459,365.4011741682974,28.944649933474373,-2.1315854536004792,1.9264721272930905e-23,3.897811109124014e-22
reference,uniform,128,116,463,368.06262230919765,48.05042543082681,-21.17432540264113,1.4980788357847135e-23,8.027174294702499e-22
reference,uniform,128,117,467,370.7240704500978,67.20713553878831,-40.268454132083775,1.1986128354623611e-23,1.8684733165964095e-21
reference,uniform,128,118,471,373.385518590998,121.22638068323685,-94.2255655700273,9.810947211572719e-24,1.931367908874521e-21
reference,uniform,128,119,475,376.04696673189824,274.4228944936293,-247.36038698660468,8.181338506021654e-24,6.266237948666675e-22
reference,uniform,128,120,479,378.7084148727984,804.1780395206393,-777.054274707715,6.928911952204605e-24,3.8228297085944093e-22
reference,uniform,128,121,483,381.3698630136986,863.1369923131211,-835.9523991882174,5.9455471551856325e-24,4.302088473520404e-22
reference,uniform,128,122,487,384.0313111545988,291.0030729859279,-263.7580745761133,5.159255757068748e-24,8.011150336599566e-22
reference,uniform,128,123,491,386.692759295499,126.11187432337469,-98.8068878124945,4.520608530760349e-24,9.77432552195767e-22
reference,uniform,128,124,495,389.3542074363992,68.39901020690925,-41.03444705582365,3.9947568456294596e-24,8.4702365050089935e-22
reference,uniform,128,125,499,392.0156555772994,42.39438219459668,-14.97064825814195,3.556561230788655e-24,1.5560354003952466e-21
reference,uniform,128,126,503,394.6771037181996,28.694670534419387,-1.212166175203592,3.1875177294543976e-24,4.4815767558639195e-21
reference,uniform,128,127,507,397.33855185909977,20.70035340942889,6.840526391431723,2.8737621001769724e-24,3.7627476446689845e-21
reference,uniform,128,128,511,400.0,15.633028793824568,11.96583674127696,2.604740674993418e-24,2.0840089886765763e-21
reference,d_optimal,128,1,430,346.10567514677103,6.93701402868298,19.40482609074732,6.205141962314489e-21,2.060701314955955e-21
reference,d_optimal,128,2,448,358.0821917808219,13.356262779536022,13.281057391487622,4.841230420963972e-23,3.222969638951728e-22
reference,d_optimal,128,3,510,399.3346379647749,16.70938543689728,10.87501991527806,2.6682822393466953e-24,2.6881037756453615e-21
reference,d_optimal,128,4,269,238.98238747553816,0.6129837771612533,22.51199984121925,3.397290441832258e-23,1.5800021914806519e-21
reference,d_optimal,128,5,433,348.1017612524462,7.367412749519419,19.02437737186655,1.0048085967687957e-21,3.861485595808307e-21
reference,d_optimal,128,6,18,71.97651663405088,2.0796063093924033,10.621875894496796,3.7641179892975864e-25,2.7556821725242785e-23
reference,d_optimal,128,7,421,340.1174168297456,6.905342875025471,19.284900273075493,2.1479593286282013e-22,6.508855443777161e-22
reference,d_optimal,128,8,193,188.41487279843443,18.75912195489614,2.300847383011714,1.747365346284528e-24,1.3026087257655798e-22
reference,d_optimal,128,9,505,396.0078277886497,24.210910013365503,3.3008311072130994,3.0244538835645243e-24,4.892004210664222e-21
reference,d_optimal,128,10,457,364.07045009784736,24.356359349327217,2.4250149733103683,2.2134412844589713e-23,3.4161122454012375e-22
reference,d_optimal,128,11,365,302.85714285714283,2.4965796309283346,22.685842495903827,4.486071067461693e-24,8.118987454979059e-22
reference,d_optimal,128,12,21,73.97260273972603,1.4779336118161954,11.461150090776314,3.9815917431696755e-25,1.4871692319749348e-23
reference,d_optimal,128,13,511,400.0,15.633028793824568,11.96583674127696,2.604740674993418e-24,2.0840089886765763e-21
reference,d_optimal,128,14,429,345.44031311154595,6.836059707766184,19.48906637358492,5.8131819569745815e-21,1.6487562194244083e-21
reference,d_optimal,128,15,447,357.41682974559683,12.65464294692184,13.966522728569757,5.400407317417513e-23,3.4302418168826725e-22
reference,d_optimal,128,16,194,189.0802348336595,15.40098600000487,5.689602368853144,1.7935512851720063e-24,1.238725957614777e-22
reference,d_optimal,128,17,434,348.7671232876712,7.55406250170967,18.854313990776205,6.754520409952282e-22,4.073609090253474e-21
reference,d_optimal,128,18,268,238.3170254403131,0.6135772258662359,22.4871898743519,3.966652332140226e-23,1.3447410947521453e-21
reference,d_optimal,128,19,420,339.4520547945205,7.0572723438439295,19.11596220309012,1.743384002409447e-22,6.964418322284323e-22
reference,d_optimal,128,20,449,358.74755381604695,14.128044603093741,12.525400074209244,4.364452468854467e-23,3.0799807324259446e-22
reference,d_optimal,128,21,20,73.30724070450097,1.6415978245195018,11.21900534211288,3.906137931249092e-25,1.7628014687784407e-23
reference,d_optimal,128,22,506,396.67318982387474,22.35276156294891,5.173561116759274,2.9476418290449674e-24,4.2947886550283665e-21
reference,d_optimal,128,23,177,177.76908023483367,17.0742744778474,3.4805157389545798,1.2317005438610334e-24,6.937144498539384e-23
reference,d_optimal,128,24,328,278.23874755381604,0.9914446235031078,23.454573280189308,2.7127811427054613e-24,2.8642551630386965e-21
reference,d_optimal,128,25,22,74.63796477495107,1.3405349841482495,11.676326495899517,4.0602590165727644e-25,1.3028298305484812e-23
reference,d_optimal,128,26,267,237.65166340508804,0.6144570645748033,22.46202581230132,4.693367608906325e-23,1.1948059258776132e-21
reference,d_optimal,128,27,422,340.7827788649706,6.793553137072853,19.413665371245003,2.7073138404886e-22,6.424233153061788e-22
reference,d_optimal,128,28,390,319.49119373776904,22.01934901657667,3.6274945325394015,1.0972060663689795e-23,3.417329271703247e-22
reference,d_optimal,128,29,446,356.7514677103718,12.015605868389462,14.589375210558103,6.06200142199648e-23,3.7299141209391724e-22
reference,d_optimal,128,30,509,398.6692759295499,17.900874196822585,9.66904685910825,2.734216808698199e-24,3.1365230865880016e-21
reference,d_optimal,128,31,450,359.412915851272,14.978868928544054,11.690670376923535,3.954699813282921e-23,2.967542610046299e-22
reference,d_optimal,128,32,504,395.3424657534246,26.31034314389634,1.186791897386314,3.1043562541568296e-24,4.961317741578862e-21
reference,d_optimal,128,33,19,72.64187866927593,1.8387903775768994,10.942616679207603,3.833705790941016e-25,2.1719074108192595e-23
reference,d_optimal,128,34,364,302.1917808219178,2.399385394005991,22.7639332742106,4.373729148091927e-24,9.090266227628794e-22
reference,d_optimal,128,35,327,277.57338551859095,0.9758409200010473,23.449381237704216,2.7122135823264834e-24,2.7871617132590632e-21
reference,d_optimal,128,36,176,177.1037181996086,14.118010057797461,6.404209232154628,1.2096578056204058e-24,7.059388373054174e-23
reference,d_optimal,128,37,419,338.7866927592955,7.255425565451359,18.90076700892618,1.4419947191344917e-22,7.895922758669052e-22
reference,d_optimal,128,38,23,75.30332681017612,1.2240448545909295,11.869904118572592,4.142347445336637e-25,1.1799429381504233e-23
reference,d_optimal,128,39,432,347.4363992172211,7.202610693234007,19.172561323499536,1.6095741178966088e-21,3.2456941985969507e-21
reference,d_optimal,128,40,256,230.33268101761252,0.6432543719555045,22.16152259076121,2.1978248263345935e-21,1.6938161799675249e-21
reference,d_optimal,128,41,507,397.33855185909977,20.70035340942889,6.840526391431723,2.8737621001769724e-24,3.7627476446689845e-21
reference,d_optimal,128,42,195,189.74559686888452,12.841922577366567,8.279177264925693,1.8420045347309304e-24,1.0501415517072356e-22
reference,d_optimal,128,43,456,363.40508806262227,22.500809655807895,4.264676124835717,2.3816684756888815e-23,3.2179659524810113e-22
reference,d_optimal,128,44,270,239.6477495107632,0.6126592944223676,22.53647351341995,2.943353271911574e-23,1.78805912216862e-21
reference,d_optimal,128,45,24,75.96868884540118,1.1244294234499217,12.045928903444974,4.228082246471898e-25,1.09941323446301e-23
reference,d_optimal,128,46,366,303.5225048923679,2.601683212564568,22.599800449555588,4.604409771455763e-24,7.577715351627806e-22
reference,d_optimal,128,47,435,349.43248532289624,7.763238615448933,18.66169263554879,4.805111628469906e-22,3.759929455989347e-21
reference,d_optimal,128,48,508,398.00391389432485,19.224462163855517,8.330950401957011,2.802666686158468e-24,3.460400887805829e-21
reference,d_optimal,128,49,423,341.44814090019565,6.717065283869503,19.507095473391388,3.5085136292014336e-22,6.64164563708506e-22
reference,d_optimal,128,50,431,346.77103718199606,7.059212664121062,19.29930939274759,2.8585624011060823e-21,2.5858482554422713e-21
reference,d_optimal,128,51,389,318.825831702544,18.189847415059884,7.438888319067345,1.0459274364630855e-23,3.28799499577883e-22
reference,d_optimal,128,52,25,76.63405088062622,1.038598045646392,12.207503322823598,4.317707975055937e-25,1.0494962173880986e-23
reference,d_optimal,128,53,266,236.986301369863,0.6156478388385949,22.436482729870463,5.639877821891851e-23,1.1555384072350382e-21
reference,d_optimal,128,54,445,356.08610567514677,11.432652871612909,15.156113397393483,6.852454080136982e-23,4.147763376034118e-22
reference,d_optimal,128,55,294,255.61643835616437,0.6704932471626064,23.03894804718017,4.823346542362372e-24,2.153697720147524e-21
reference,d_optimal,128,56,451,360.07827788649706,15.919200585849014,10.766403580189731,3.60001210354873e-23,2.8699125057809116e-22
reference,d_optimal,128,57,17,71.31115459882584,2.378518981469638,10.242296090397602,3.6972103546696268e-25,3.4864402346378704e-23
reference,d_optimal,128,58,367,304.18786692759295,2.715657632636188,22.50484582504633,4.729107082228273e-24,7.568276257899046e-22
reference,d_optimal,128,59,406,330.13698630136986,24.07344573292591,1.858103624704654,3.0140681950131094e-23,1.2436233937667996e-21
reference,d_optimal,128,60,428,344.7749510763209,6.756662099883957,19.551717718968007,2.738595732351733e-21,1.3084900218348974e-21
reference,d_optimal,128,61,334,282.23091976516633,1.0977783076704517,23.47197922267567,2.761591642682347e-24,8.422815676950992e-22
reference,d_optimal,128,62,175,176.43835616438355,11.8455351556221,8.643990610986904,1.1885007134264105e-24,6.699397384488185e-23
reference,d_optimal,128,63,283,248.29745596868884,0.6294593205415,22.827651784777075,8.535650767409493e-24,1.5453080782015492e-21
reference,d_optimal,128,64,26,77.29941291585126,0.9641469657981874,12.357042652579025,4.4114905625082155e-25,1.023302990445817e-23
reference,d_optimal,128,65,329,278.90410958904107,1.0076068381686334,23.45915714125897,2.7155499041632965e-24,2.573096726679634e-21
reference,d_optimal,128,66,418,338.12133072407045,7.507390456975507,18.63172664224706,1.21181786777929e-22,9.495124858631277e-22
reference,d_optimal,128,67,178,178.4344422700587,20.98844437570861,-0.40120491254168655,1.2546678302750368e-24,6.289409602853608e-23
reference,d_optimal,128,68,27,77.96477495107632,0.8991819653264616,12.496452335554764,4.509719610166618e-25,1.0173328334832642e-23
reference,d_optimal,128,69,368,304.853228962818,2.8396208482393406,22.39986084767871,4.860555464850632e-24,8.123509904218405e-22
reference,d_optimal,128,70,455,362.73972602739724,20.865209664103954,5.884358457382433,2.5698779916987303e-23,3.01984943180787e-22
reference,d_optimal,128,71,265,236.32093933463796,0.6171857677214387,22.410524025147794,6.902152520038015e-23,1.2223530959565064e-21
reference,d_optimal,128,72,16,70.64579256360078,2.7571211249228704,9.7822706190383,3.6328307146968196e-25,4.108287956635286e-23
reference,d_optimal,128,73,333,281.56555772994125,1.078392110856191,23.47086417792127,2.7481374786363415e-24,1.0082446771132698e-21
reference,d_optimal,128,74,407,330.8023483365949,20.209860542339023,5.739176844394194,3.282176524042233e-23,1.0673225249716153e-21
reference,d_optimal,128,75,257,230.99804305283757,0.6400606811404717,22.189771041265985,1.5422825731772428e-21,1.6008049280775948e-21
reference,d_optimal,128,76,196,190.41095890410958,10.8576902302525,10.29381428096255,1.8928716512815152e-24,8.551064139076123e-23
reference,d_optimal,128,77,28,78.63013698630137,0.8421928977911946,12.627253456301418,4.612710975360337e-25,1.0307453008700117e-23
reference,d_optimal,128,78,424,342.11350293542074,6.672069700385019,19.569000323464053,4.706395390383419e-22,7.100069115805466e-22
reference,d_optimal,128,79,458,364.7358121330724,26.480523163138727,0.31671069065946256,2.0624686724742256e-23,3.6203048909919717e-22
reference,d_optimal,128,80,282,247.63209393346378,0.6270006084420987,22.806803699868524,9.134017275396139e-24,1.856266217123056e-21
reference,d_optimal,128,81,15,69.98043052837573,3.24923576839748,9.207962139928128,3.5708378523937697e-25,4.173015680113807e-23
reference,d_optimal,128,82,324,275.57729941291586,0.9321443693394527,23.430390136153306,2.7241179539228132e-24,2.58588347504933e-21
reference,d_optimal,128,83,363,301.5264187866927,2.309270324808327,22.83490277664889,4.267050154992469e-24,1.01486574969391e-21
reference,d_optimal,128,84,452,360.7436399217221,16.961458838674112,9.740180530251592,3.2909744617855327e-23,2.80430030875128e-22
reference,d_optimal,128,85,503,394.6771037181996,28.694670534419387,-1.212166175203592,3.1875177294543976e-24,4.4815767558639195e-21
reference,d_optimal,128,86,29,79.29549902152641,0.7919632409020552,12.750673198710842,4.72080969338021e-25,1.0650055474455856e-23
reference,d_optimal,128,87,293,254.95107632093934,0.6657281269842498,23.02107457672048,5.024605218597859e-24,1.999182234857225e-21
reference,d_optimal,128,88,369,305.518590998043,2.9748786044291062,22.28353995360314,4.9991810214798044e-24,9.301560603032368e-22
reference,d_optimal,128,89,444,355.4207436399217,10.900191250561923,15.672329882090452,7.807249422530806e-23,4.719045151087545e-22
reference,d_optimal,128,90,284,248.9628180039139,0.6321305742502918,22.848224956408004,8.001577339644973e-24,1.2643597334135206e-21
reference,d_optimal,128,91,30,79.96086105675147,0.7475038061610121,12.867711145615573,4.8343932861232755e-25,1.1232317338832649e-23
reference,d_optimal,128,92,197,191.07632093933464,9.294087758234468,11.887715362516559,1.946311712329985e-24,7.170634096973198e-23
reference,d_optimal,128,93,271,240.31311154598825,0.6125908345093718,22.560624207441606,2.5758997174529363e-23,1.8089080171588836e-21
reference,d_optimal,128,94,335,282.89628180039136,1.117911005955699,23.47229949094981,2.777160996857898e-24,7.156886912382212e-22
reference,d_optimal,128,95,90,119.8825831702544,13.113303923903604,4.0194836313554845,1.4342042759260708e-23,3.959288405490215e-23
reference,d_optimal,128,96,454,362.0743639921722,19.41437922124541,7.319242017004967,2.781357121414322e-23,2.869493782410254e-22
reference,d_optimal,128,97,31,80.62622309197651,0.7080034368319574,12.979188589678742,4.95387551698345e-25,1.2084386958512732e-23
reference,d_optimal,128,98,326,276.9080234833659,0.9607713017372725,23.443605201316913,2.713883655534999e-24,2.57938448403119e-21
reference,d_optimal,128,99,425,342.77886497064577,6.6555848555035295,19.602361580746233,6.593813442581559e-22,7.808600622663788e-22
reference,d_optimal,128,100,388,318.160469667319,15.292728438744792,10.317861651443877,9.983379364055193e-24,3.2455935141099314e-22
reference,d_optimal,128,101,274,242.3091976516634,0.6138316472367397,22.63123205214903,1.8143978786214126e-23,1.2706346515075472e-21
reference,d_optimal,128,102,440,352.7592954990215,9.187930387174498,17.319304653282742,1.4589237823981894e-22,1.0256757550234614e-21
reference,d_optimal,128,103,32,81.29158512720156,0.6727918563713973,13.085785693458234,5.07971066207896e-25,1.323500642846046e-23
reference,d_optimal,128,104,332,280.9001956947162,1.0597152506363108,23.468991293137663,2.7367980294705076e-24,1.2360814023271234e-21
reference,d_optimal,128,105,174,175.77299412915852,10.069144050624507,10.387564669757424,1.1681929898308184e-24,6.349960205244625e-23
reference,d_optimal,128,106,427,344.1095890410959,6.699427790169487,19.59217341726685,1.5555412872529056e-21,1.0567949986799024e-21
reference,d_optimal,128,107,14,69.31506849315069,3.9107164337615226,8.463502409167617,3.5111005668118056e-25,3.632532740483356e-23
reference,d_optimal,128,108,340,286.2230919765166,1.231289867584068,23.460469220028543,2.8871454186587782e-24,5.597003590253209e-22
reference,d_optimal,128,109,374,308.8454011741683,3.885313115041948,21.467175371727592,5.817693094538102e-24,2.836224907584852e-21
reference,d_optimal,128,110,453,361.4090019569471,18.120514224880306,8.597130798549784,3.020095847253689e-23,2.7984595124019965e-22
reference,d_optimal,128,111,33,81.95694716242662,0.6413113396393835,13.188069826344744,5.212398380529389e-25,1.4779440914841142e-23
reference,d_optimal,128,112,275,242.97455968688845,0.6147060228008571,22.654175761329427,1.6367257852117996e-23,1.2010369780909522e-21
reference,d_optimal,128,113,192,187.7495107632094,23.245460544355062,-2.216218555909478,1.7033115353211266e-24,1.2820262696044688e-22
reference,d_optimal,128,114,295,256.2818003913894,0.6754725497341566,23.056548484191566,4.638703732767488e-24,1.9677283437882365e-21
reference,d_optimal,128,115,356,296.8688845401174,1.8264040458977389,23.182555275684877,3.6556835920580575e-24,7.792654774914497e-22
reference,d_optimal,128,116,436,350.0978473581213,7.995856630423081,18.44559788677242,3.5727652763670044e-22,3.0795919565432256e-21
reference,d_optimal,128,117,34,82.62230919765166,0.6130948787697739,13.286517406510995,5.352489281692221e-25,1.6744641396166737e-23
reference,d_optimal,128,118,408,331.4677103718199,17.287712406295835,8.678777870163458,3.588010567602349e-23,1.0033098135692389e-21
reference,d_optimal,128,119,341,286.88845401174166,1.2568644413874577,23.455062670562754,2.915730198315912e-24,6.059478110905077e-22
reference,d_optimal,128,120,417,337.45596868884536,7.822122123897638,18.2998858655874,1.0322614452691146e-22,1.2075758323946189e-21
reference,d_optimal,128,121,323,274.9119373776908,0.9185456139720676,23.42299206311648,2.73279174743927e-24,2.5266296282240533e-21
reference,d_optimal,128,122,35,83.2876712328767,0.5877491899191151,13.381530901668754,5.500591305629373e-25,1.8362799470501006e-23
reference,d_optimal,128,123,426,343.4442270058708,6.665295036075291,19.609495085809584,9.766824823796704e-22,8.884975490798058e-22
reference,d_optimal,128,124,391,320.1565557729941,26.988366239843,-1.323452547288909,1.1525580953015453e-23,3.6506581436302933e-22
reference,d_optimal,128,125,349,292.21135029354207,1.5085348090783643,23.363072521855003,3.231001895667178e-24,2.694925879074046e-21
reference,d_optimal,128,126,13,68.64970645792563,4.839783105734536,7.450656293993532,3.4534968264727243e-25,2.8755097831656285e-23
reference,d_optimal,128,127,285,249.62818003913893,0.6350304260338047,22.86850749123265,7.523135126750779e-24,1.0714262592087472e-21
reference,d_optimal,128,128,370,306.1839530332681,3.122963541680664,22.154350682367493,5.145446842815018e-24,1.1263627304805798e-21
reference,uniform,256,1,0,60.0,111.04415195173135,-102.933761192156,2.8560107747681914e-25,5.63411886286482e-24
reference,uniform,256,2,2,61.330724070450096,156.34580502681695,-148.0448774349573,2.9329744069186187e-25,6.277434843694559e-24
reference,uniform,256,3,4,62.6614481409002,148.54987559606695,-140.06250129519313,3.0146064187368505e-25,7.260553078886875e-24
reference,uniform,256,4,6,63.992172211350294,66.36414051114015,-57.694237708726234,3.1013632676860867e-25,8.583704264157318e-24
reference,uniform,256,5,8,65.3228962818004,28.13329302283568,-19.28461862676292,3.193761672837552e-25,1.0492544981526014e-23
reference,uniform,256,6,10,66.65362035225048,11.87582196574502,-2.8519813440051394,3.292388563463879e-25,1.4311784910227093e-23
reference,uniform,256,7,12,67.98434442270059,6.220014139159952,2.9755298922698614,3.397913005248088e-25,2.2275633204876254e-23
reference,uniform,256,8,14,69.31506849315069,3.9107164337615226,5.453202452527805,3.5111005668118056e-25,3.632532740483356e-23
reference,uniform,256,9,16,70.64579256360078,2.7571211249228704,6.771970662398488,3.6328307146968196e-25,4.108287956635286e-23
reference,uniform,256,10,18,71.97651663405088,2.0796063093924033,7.611575937856983,3.7641179892975864e-25,2.7556821725242785e-23
reference,uniform,256,11,20,73.30724070450097,1.6415978245195018,8.208705385473067,3.906137931249092e-25,1.7628014687784407e-23
reference,uniform,256,12,22,74.63796477495107,1.3405349841482495,8.666026539259704,4.0602590165727644e-25,1.3028298305484812e-23
reference,uniform,256,13,24,75.96868884540118,1.1244294234499217,9.035628946805161,4.228082246471898e-25,1.09941323446301e-23
reference,uniform,256,14,26,77.29941291585126,0.9641469657981874,9.346742695939213,4.4114905625082155e-25,1.023302990445817e-23
reference,uniform,256,15,28,78.63013698630137,0.8421928977911946,9.616953499661605,4.612710975360337e-25,1.0307453008700117e-23
reference,uniform,256,16,30,79.96086105675147,0.7475038061610121,9.85741118897576,4.8343932861232755e-25,1.1232317338832649e-23
reference,uniform,256,17,32,81.29158512720156,0.6727918563713973,10.075485736818422,5.07971066207896e-25,1.323500642846046e-23
reference,uniform,256,18,34,82.62230919765166,0.6130948787697739,10.276217449871183,5.352489281692221e-25,1.6744641396166737e-23
reference,uniform,256,19,36,83.95303326810176,0.5649413699072866,10.46315222299539,5.657377055338206e-25,1.8159709471769425e-23
reference,uniform,256,20,38,85.28375733855185,0.5258483970783703,10.638843870334554,6.000065472650596e-25,1.6491608877885527e-23
reference,uniform,256,21,40,86.61448140900195,0.4940088334056749,10.805167107627312,6.387584570776483e-25,1.7584296582390284e-23
reference,uniform,256,22,42,87.94520547945206,0.4680909901129497,10.963518120757442,6.828699887795747e-25,2.0030559501537033e-23
reference,uniform,256,23,44,89.27592954990214,0.4471078193155782,11.114945548705236,7.334453726522962e-25,2.4269819106467266e-23
reference,uniform,256,24,46,90.60665362035225,0.4303315624172116,11.26023600715007,7.918913857127115e-25,3.2600847456756586e-23
reference,uniform,256,25,48,91.93737769080235,0.41724148884041,11.399966509199544,8.600225581964915e-25,4.9365185088305735e-23
reference,uniform,256,26,50,93.26810176125244,0.40750215031825027,11.534526359098706,9.40211592212806e-25,7.55560214162438e-23
reference,uniform,256,27,52,94.59882583170254,0.40096431831428736,11.664116352326573,1.0356085872012107e-24,7.58985829068824e-23
reference,uniform,256,28,54,95.92954990215264,0.397439666272677,11.788974221256709,1.1504674397549933e-24,9.014774161711938e-23
reference,uniform,256,29,56,97.26027397260273,0.39604967573253763,11.910025848142325,1.290643564148623e-24,1.3960725767196341e-22
reference,uniform,256,30,58,98.59099804305283,0.39739371172225607,12.026717300727839,1.4643735686492995e-24,1.473324884583577e-22
reference,uniform,256,31,60,99.92172211350294,0.40223972944117975,12.13832422913164,1.6835345222750436e-24,9.472975905896332e-23
reference,uniform,256,32,62,101.25244618395303,0.4109792547373583,12.244496982081358,1.9657502404930024e-24,7.227511287430283e-23
reference,uniform,256,33,64,102.58317025440313,0.42431673612162135,12.344571345298206,2.3380596915591327e-24,8.215283017186351e-23
reference,uniform,256,34,66,103.91389432485323,0.44343340833788736,12.43740476249971,2.843615057901945e-24,9.974835730420809e-23
reference,uniform,256,35,68,105.24461839530332,0.4702111574582639,12.521152549495582,3.554613961061318e-24,7.065557122681579e-23
reference,uniform,256,36,70,106.57534246575342,0.5076695116416723,12.592830977645448,4.598997160545977e-24,4.8096141344789114e-23
reference,uniform,256,37,72,107.90606653620353,0.5608082764390762,12.64747470816424,6.2202461335800055e-24,3.839354232354527e-23
reference,uniform,256,38,74,109.23679060665361,0.6383091744121315,12.67643521784835,8.92555181595059e-24,3.351038626714479e-23
reference,uniform,256,39,76,110.56751467710372,0.7562361724906882,12.663680533106273,1.3902787491153997e-23,2.9779393470694374e-23
reference,uniform,256,40,78,111.89823874755382,0.9469000343005665,12.57693073534702,2.4401485502288445e-23,2.5804920237992422e-23
reference,uniform,256,41,80,113.22896281800391,1.282943375421392,12.343572960026123,5.140361904543347e-23,2.2145001230428748e-23
reference,uniform,256,42,82,114.55968688845401,1.954786958174468,11.773215152989195,1.4863014187411503e-22,2.2194105552531016e-23
reference,uniform,256,43,84,115.89041095890411,3.585489480611973,10.242826329661895,1.6231450181242192e-22,2.6364215190028046e-23
reference,uniform,256,44,86,117.2211350293542,9.030857416878003,4.896626780116463,5.41416876616687e-23,3.2975417774908475e-23
reference,uniform,256,45,88,118.5518590998043,43.646119509105716,-29.62058637996074,2.534962708754256e-23,3.670917929357416e-23
reference,uniform,256,46,90,119.8825831702544,13.113303923903604,1.009183674715672,1.4342042759260708e-23,3.959288405490215e-23
reference,uniform,256,47,92,121.2133072407045,4.552325246219296,9.666046523404276,9.181883745662683e-24,4.857692048287286e-23
reference,uniform,256,48,94,122.5440313111546,2.3167727024373903,11.996436312388738,6.401651807626139e-24,7.158482775582491e-23
reference,uniform,256,49,96,123.8747553816047,1.4701070144827428,12.936914935072565,4.7484633658179556e-24,9.046382453634748e-23
reference,uniform,256,50,98,125.20547945205479,1.0716052003316463,13.428227263838352,3.6917554228340345e-24,7.640217449331793e-23
reference,uniform,256,51,100,126.53620352250489,0.8570145407133597,13.734647214005605,2.978381438780981e-24,5.2236046470968453e-23
reference,uniform,256,52,102,127.86692759295498,0.7311029571835612,13.951427394813024,2.475950679667779e-24,4.378963216728871e-23
reference,uniform,256,53,104,129.19765166340508,0.6532033600270538,14.119254789067014,2.110037630263023e-24,4.565219758769268e-23
reference,uniform,256,54,106,130.52837573385517,0.6036962523159327,14.257768175223262,1.8362987281652585e-24,4.4199958362449514e-23
reference,uniform,256,55,108,131.8590998043053,0.5722404227368675,14.377327459373362,1.6270242030995051e-24,3.690054920734338e-23
reference,uniform,256,56,110,133.18982387475538,0.5529984520837925,14.483788192320233,1.4641974981706862e-24,2.946272209948681e-23
reference,uniform,256,57,112,134.52054794520546,0.5424970383944918,14.58064126683783,1.3357053182893726e-24,2.655325862888004e-23
reference,uniform,256,58,114,135.85127201565558,0.5385971361287982,14.670042799787268,1.2331670491420783e-24,2.4864691311487532e-23
reference,uniform,256,59,116,137.18199608610567,0.5399543651047184,14.753353743436676,1.1506398838734944e-24,2.3381410779904982e-23
reference,uniform,256,60,118,138.51272015655576,0.5457335414109005,14.831425373827244,1.0838186424260607e-24,2.3298774641474047e-23
reference,uniform,256,61,120,139.84344422700588,0.5554521199457404,14.90475586659089,1.0295258454324863e-24,2.489617941945997e-23
reference,uniform,256,62,122,141.17416829745596,0.5685834413224257,14.973887067532672,9.853778452389124e-25,2.8572390812892115e-23
reference,uniform,256,63,124,142.50489236790605,0.5851975903481624,15.038763650818552,9.495609280332326e-25,3.6003867359209545e-23
reference,uniform,256,64,126,143.83561643835617,0.6053101754444585,15.09938435544764,9.206779263504896e-25,5.1539554573984735e-23
reference,uniform,256,65,128,145.16634050880626,0.6290202319603945,15.155664097099631,8.976411122596082e-25,7.239288808582951e-23
reference,uniform,256,66,130,146.49706457925635,0.6565547806727041,15.207389424103553,8.795961164052907e-25,8.100669284054506e-23
reference,uniform,256,67,132,147.82778864970646,0.6882538636408081,15.254233495397528,8.658670493013541e-25,8.094662924685891e-23
reference,uniform,256,68,134,149.15851272015655,0.7245763969052836,15.295750241025885,8.559163681898075e-25,8.772973427565545e-23
reference,uniform,256,69,136,150.48923679060664,0.7661164308228766,15.331358114413945,8.493151662342464e-25,8.40547551050385e-23
reference,uniform,256,70,138,151.81996086105676,0.8136261900143539,15.3603170644746,8.457209400294352e-25,9.72338418560567e-23
reference,uniform,256,71,140,153.15068493150685,0.8680510959452955,15.381693524556127,8.448607995886099e-25,1.4109578258795241e-22
reference,uniform,256,72,142,154.48140900195693,0.9305780455055269,15.394312144892623,8.465186932477888e-25,2.4322939927907553e-22
reference,uniform,256,73,144,155.81213307240705,1.002701368309472,15.396689845860308,8.505256338470805e-25,4.0839131719019368e-22
reference,uniform,256,74,146,157.14285714285714,1.086313497360285,15.386945157421565,8.567521984494432e-25,3.5747040546709783e-22
reference,uniform,256,75,148,158.47358121330723,1.1838306367846854,15.362672561071392,8.651027741693795e-25,2.2933435383103447e-22
reference,uniform,256,76,150,159.80430528375734,1.2983689994089442,15.32076626153885,8.755111649988999e-25,2.003148738452739e-22
reference,uniform,256,77,152,161.13502935420743,1.4339956095666226,15.25716939287092,8.879372770577582e-25,2.2821633222277393e-22
reference,uniform,256,78,154,162.46575342465752,1.5960913656669498,15.166510964391279,9.02364674675293e-25,1.8999877791403642e-22
reference,uniform,256,79,156,163.79647749510764,1.7918869104869775,15.04156999858641,9.187988554437056e-25,1.7239792415755504e-22
reference,uniform,256,80,158,165.12720156555773,2.0312710342552927,14.872467135870181,9.372661346094628e-25,1.9752541858942226e-22
reference,uniform,256,81,160,166.45792563600781,2.32804052100937,14.645414795758938,9.578130619253307e-25,2.5244273174784093e-22
reference,uniform,256,82,162,167.78864970645793,2.7018865926220563,14.340730740078442,9.805063202620054e-25,2.375232221173866e-22
reference,uniform,256,83,164,169.11937377690802,3.1816519614657794,13.929581027246655,1.0054330770018175e-24,1.4302009017336004e-22
reference,uniform,256,84,166,170.4500978473581,3.8108629345634317,13.368447914798026,1.0327017781257326e-24,9.2900509544412e-23
reference,uniform,256,85,168,171.78082191780823,4.657509562745998,12.58934971664128,1.0624433922497758e-24,7.37429515473217e-23
reference,uniform,256,86,170,173.1115459882583,5.832140067249132,11.481746382630774,1.094813128764316e-24,6.905429532270182e-23
reference,uniform,256,87,172,174.4422700587084,7.523099200222851,9.857301143988494,1.1299926716841974e-24,6.410730518208032e-23
reference,uniform,256,88,174,175.77299412915852,10.069144050624507,7.3772647131176114,1.1681929898308184e-24,6.349960205244625e-23
reference,uniform,256,89,176,177.1037181996086,14.118010057797461,3.3939092755148152,1.2096578056204058e-24,7.059388373054174e-23
reference,uniform,256,90,178,178.4344422700587,20.98844437570861,-3.411504869181499,1.2546678302750368e-24,6.289409602853608e-23
reference,uniform,256,91,180,179.7651663405088,33.4752602732203,-15.833783702374006,1.3035459042247246e-24,5.036706139521816e-23
reference,uniform,256,92,182,181.0958904109589,56.984003165304856,-39.27846551281908,1.3566632197501825e-24,4.490437426456555e-23
reference,uniform,256,93,184,182.426614481409,94.479345538964,-76.71021581782446,1.4144468510164566e-24,4.484140898680935e-23
reference,uniform,256,94,186,183.7573385518591,103.426002251753,-85.59374265722258,1.4773888778587744e-24,4.998215458446024e-23
reference,uniform,256,95,188,185.0880626223092,64.92547876896036,-47.03054482616403,1.5460574684175952e-24,6.385023953722833e-23
reference,uniform,256,96,190,186.41878669275928,37.735253908279056,-19.77809461555941,1.6211103879729084e-24,9.521958334183544e-23
reference,uniform,256,97,192,187.7495107632094,23.245460544355062,-5.226518512549291,1.7033115353211266e-24,1.2820262696044688e-22
reference,uniform,256,98,194,189.0802348336595,15.40098600000487,2.6793024122133318,1.7935512851720063e-24,1.238725957614777e-22
reference,uniform,256,99,196,190.41095890410958,10.8576902302525,7.283514324322738,1.8928716512815152e-24,8.551064139076123e-23
reference,uniform,256,100,198,191.74168297455967,8.043561405494282,10.158135046120165,2.0024976029666887e-24,6.321094596309263e-23
reference,uniform,256,101,200,193.07240704500978,6.198124271087129,12.063645700643548,2.1238762995697888e-24,5.605326641285467e-23
reference,uniform,256,102,202,194.40313111545987,4.929898017533869,13.391532844858432,2.258726600061975e-24,5.694426652043922e-23
reference,uniform,256,103,204,195.73385518590996,4.024274420537666,14.356410332903536,2.4091020266566863e-24,6.477515113530564e-23
reference,uniform,256,104,206,197.06457925636008,3.3568066791623563,15.082730481118176,2.57747151333744e-24,7.098275718653763e-23
reference,uniform,256,105,208,198.39530332681016,2.8517419064618665,15.646251580493967,2.766823904739789e-24,8.242101642739163e-23
reference,uniform,256,106,210,199.72602739726025,2.4610093117731346,16.09504971735933,2.9808045196853184e-24,9.25474821633708e-23
reference,uniform,256,107,212,201.05675146771037,2.1529946420253534,16.46074433494921,3.2238955155608662e-24,8.613338765076174e-23
reference,uniform,256,108,214,202.38747553816046,1.9062563714684737,16.764782046460752,3.501656849010958e-24,8.33267845916879e-23
reference,uniform,256,109,216,203.71819960861055,1.705861614804881,17.02210072461405,3.821052228946364e-24,9.062045025059175e-23
reference,uniform,256,110,218,205.04892367906066,1.5411758684071941,17.243339763039543,4.190896075700297e-24,1.018666795423058e-22
reference,uniform,256,111,220,206.37964774951075,1.4045017078859272,17.436201381231186,4.6224755969273234e-24,1.0845875181649667e-22
reference,uniform,256,112,222,207.71037181996084,1.290222268021031,17.60630714705451,5.130430867245415e-24,1.2378530491913152e-22
reference,uniform,256,113,224,209.04109589041096,1.1937661112026297,17.758233110667945,5.734022605434396e-24,1.5618050281776604e-22
reference,uniform,256,114,226,210.37181996086105,1.11076698960579,17.896350044634914,6.4589954035567874e-24,2.189247881436796e-22
reference,uniform,256,115,228,211.70254403131113,1.0396694152342711,18.022217876094857,7.340378001347577e-24,3.4856183377678704e-22
reference,uniform,256,116,230,213.03326810176125,0.9787035032989835,18.137610845530304,8.426798869535844e-24,5.935841128847575e-22
reference,uniform,256,117,232,214.36399217221134,0.9261194296483736,18.244283051415152,9.787328626715318e-24,9.066734068963859e-22
reference,uniform,256,118,234,215.69471624266143,0.8805635597945115,18.343592323202728,1.1522685621249952e-23,9.635376935611887e-22
reference,uniform,256,119,236,217.02544031311155,0.8409703828171847,18.436608289374234,1.3784282769759362e-23,5.783772051786538e-22
reference,uniform,256,120,238,218.35616438356163,0.806482254108136,18.52419263658713,1.680803331154274e-23,3.6410484234319134e-22
reference,uniform,256,121,240,219.68688845401172,0.77639948270498,18.60704902417632,2.097748039401769e-23,2.8076446102216583e-22
reference,uniform,256,122,242,221.01761252446184,0.7501462533825254,18.685757163842908,2.694904616460138e-23,2.591902328934036e-22
reference,uniform,256,123,244,222.34833659491193,0.7272460637444115,18.760797384288566,3.5919417194662344e-23,2.759570589262053e-22
reference,uniform,256,124,246,223.67906066536202,0.7073039008627096,18.83256845625111,5.0250272318060394e-23,3.323422313973075e-22
reference,uniform,256,125,248,225.00978473581213,0.6899942121980103,18.90139962320933,7.510308104889108e-23,4.506766636921989e-22
reference,uniform,256,126,250,226.34050880626222,0.6750557479585559,18.967555760601172,1.233857037401214e-22,6.699305238479791e-22
reference,uniform,256,127,252,227.6712328767123,0.6622989842978169,19.031229954157368,2.3384367569869603e-22,9.882460321681722e-22
reference,uniform,256,128,254,229.00195694716243,0.6516458432320464,19.092503781470185,5.571009881900852e-22,1.4681550175113214e-21
reference,uniform,256,129,257,230.99804305283757,0.6400606811404717,19.179471084626172,1.5422825731772428e-21,1.6008049280775948e-21
reference,uniform,256,130,259,232.32876712328766,0.6352598325969632,19.23416567531028,4.583309795134113e-22,1.3748234448147432e-21
reference,uniform,256,131,261,233.65949119373775,0.6282256273615315,19.290808657713683,2.0314726740592e-22,1.4667591796271067e-21
reference,uniform,256,132,263,234.99021526418787,0.6215524563037047,19.346808877608765,1.108708845336149e-22,1.512049709396301e-21
reference,uniform,256,133,265,236.32093933463796,0.6171857677214387,19.40022406850798,6.902152520038015e-23,1.2223530959565064e-21
reference,uniform,256,134,267,237.65166340508804,0.6144570645748033,19.451725855661508,4.693367608906325e-23,1.1948059258776132e-21
reference,uniform,256,135,269,238.98238747553816,0.6129837771612533,19.501699884579438,3.397290441832258e-23,1.5800021914806519e-21
reference,uniform,256,136,271,240.31311154598825,0.6125908345093718,19.550324250801793,2.5758997174529363e-23,1.8089080171588836e-21
reference,uniform,256,137,273,241.64383561643834,0.613184123657458,19.597696041751888,2.02425893088317e-23,1.413564782382882e-21
reference,uniform,256,138,275,242.97455968688845,0.6147060228008571,19.643875804689614,1.6367257852117996e-23,1.2010369780909522e-21
reference,uniform,256,139,277,244.30528375733854,0.6171227310666885,19.68890021800742,1.3545611041702857e-23,1.2491827935836144e-21
reference,uniform,256,140,279,245.63600782778863,0.620432399271377,19.73277396151444,1.1430670909188049e-23,1.5988182749547247e-21
reference,uniform,256,141,281,246.96673189823875,0.6246567413046742,19.775478106065833,9.807097030706199e-24,2.0028400282938478e-21
reference,uniform,256,142,283,248.29745596868884,0.6294593205415,19.817351828137262,8.535650767409493e-24,1.5453080782015492e-21
reference,uniform,256,143,285,249.62818003913893,0.6350304260338047,19.858207534592836,7.523135126750779e-24,1.0714262592087472e-21
reference,uniform,256,144,287,250.95890410958904,0.6414748792564388,19.89794305687353,6.705303685279207e-24,9.093476631617227e-22
reference,uniform,256,145,289,252.28962818003913,0.6487428948063081,19.93661079120787,6.0367270365707494e-24,9.99383126706434e-22
reference,uniform,256,146,291,253.62035225048922,0.6568250436393589,19.97422273626033,5.4845631668339106e-24,1.3610853657538128e-21
reference,uniform,256,147,293,254.95107632093934,0.6657281269842498,20.010774620080667,5.024605218597859e-24,1.999182234857225e-21
reference,uniform,256,148,295,256.2818003913894,0.6754725497341566,20.046248527551754,4.638703732767488e-24,1.9677283437882365e-21
reference,uniform,256,149,297,257.6125244618395,0.6861010428143565,20.080604178840588,4.31304367689955e-24,1.239145700447771e-21
reference,uniform,256,150,299,258.94324853228966,0.6977292562756147,20.11372833710203,4.036967410090011e-24,8.381217983362834e-22
reference,uniform,256,151,301,260.2739726027397,0.7104935333945132,20.145487035155426,3.802154732104791e-24,6.889808371883646e-22
reference,uniform,256,152,303,261.6046966731898,0.7234805811109787,20.176795905803942,3.6020415533826344e-24,7.0310407167141e-22
reference,uniform,256,153,305,262.93542074363995,0.7376106726160491,20.20673697998471,3.431401147498823e-24,8.99646871372517e-22
reference,uniform,256,154,307,264.26614481409,0.7526759180664332,20.23552041677337,3.2860381524041146e-24,1.4293034132785379e-21
reference,uniform,256,155,309,265.5968688845401,0.7688369485319149,20.26298782013791,3.1625620367517953e-24,2.239676334109032e-21
reference,uniform,256,156,311,266.92759295499025,0.7862044014085925,20.28903075420878,3.058217414270818e-24,2.0071300430169843e-21
reference,uniform,256,157,313,268.2583170254403,0.8047871613699542,20.31364250299484,2.9707555929267248e-24,1.2588054558112526e-21
reference,uniform,256,158,315,269.58904109589037,0.8246406385015422,20.336769792898266,2.8983364237476657e-24,9.147402267979999e-22
reference,uniform,256,159,317,270.91976516634054,0.845844021586346,20.358335540063678,2.8394526888293653e-24,8.643797001326734e-22
reference,uniform,256,160,319,272.2504892367906,0.8684897376653269,20.378249391435986,2.7928714543966833e-24,1.0664603931191726e-21
reference,uniform,256,161,321,273.58121330724066,0.8926834805223117,20.39640769687915,2.757588341536943e-24,1.6673111069800264e-21
reference,uniform,256,162,323,274.9119373776908,0.9185456139720676,20.41269210647667,2.73279174743927e-24,2.5266296282240533e-21
reference,uniform,256,163,325,276.2426614481409,0.9462129167294077,20.42696782623743,2.7178348240077554e-24,2.518589663720954e-21
reference,uniform,256,164,327,277.57338551859095,0.9758409200010473,20.439081281064404,2.7122135823264834e-24,2.7871617132590632e-21
reference,uniform,256,165,329,278.90410958904107,1.0076068381686334,20.448857184619158,2.7155499041632965e-24,2.573096726679634e-21
reference,uniform,256,166,331,280.2348336594912,1.0417131693065211,20.456094939338428,2.7275785491295584e-24,1.5694957451848184e-21
reference,uniform,256,167,333,281.56555772994125,1.078392110856191,20.46056422128146,2.7481374786363415e-24,1.0082446771132698e-21
reference,uniform,256,168,335,282.89628180039136,1.117911005955699,20.461999534309996,2.777160996857898e-24,7.156886912382212e-22
reference,uniform,256,169,337,284.2270058708415,1.1605791360766606,20.46009341794864,2.814675349941076e-24,5.71407891462758e-22
reference,uniform,256,170,339,285.55772994129154,1.2067563541483075,20.454487814746713,2.8607965389801926e-24,5.401022294329712e-22
reference,uniform,256,171,341,286.88845401174166,1.2568644413874577,20.44476271392294,2.915730198315912e-24,6.059478110905077e-22
reference,uniform,256,172,343,288.2191780821918,1.3114031146316725,20.430420144495713,2.9797734751582976e-24,8.151278578424893e-22
reference,uniform,256,173,345,289.54990215264183,1.3709759986870353,20.410858203388315,3.0533189248363212e-24,1.2860033660866053e-21
reference,uniform,256,174,347,290.88062622309195,1.4363438329769995,20.385317849222503,3.1368605129276575e-24,2.0031718254343313e-21
reference,uniform,256,175,349,292.21135029354207,1.5085348090783643,20.35277256521519,3.231001895667178e-24,2.694925879074046e-21
reference,uniform,256,176,351,293.5420743639921,1.5883774643915827,20.312395465930237,3.3364672380561405e-24,2.183309693639822e-21
reference,uniform,256,177,353,294.87279843444225,1.6755316487080578,20.26452833112475,3.454114930213879e-24,1.263295031512346e-21
reference,uniform,256,178,355,296.20352250489236,1.7730887568665337,20.206081373496033,3.584954682921388e-24,8.53982795604557e-22
reference,uniform,256,179,357,297.5342465753424,1.8829015123007184,20.135203455528824,3.730168630707552e-24,7.674518197908122e-22
reference,uniform,256,180,359,298.86497064579254,2.0065827975797963,20.050283259340603,3.891137255149812e-24,9.214018285505056e-22
reference,uniform,256,181,361,300.19569471624266,2.1474972437353688,19.947957697732065,4.0694711754070705e-24,1.1192635325477224e-21
reference,uniform,256,182,363,301.5264187866927,2.309270324808327,19.824602820009076,4.267050154992469e-24,1.01486574969391e-21
reference,uniform,256,183,365,302.85714285714283,2.4965796309283346,19.675542539264015,4.486071067461693e-24,8.118987454979059e-22
reference,uniform,256,184,367,304.18786692759295,2.715657632636188,19.49454586840652,4.729107082228273e-24,7.568276257899046e-22
reference,uniform,256,185,369,305.518590998043,2.9748786044291062,19.273239996963326,4.9991810214798044e-24,9.301560603032368e-22
reference,uniform,256,186,371,306.8493150684931,3.285684273429239,19.000184642747342,5.299856765619234e-24,1.437275334062186e-21
reference,uniform,256,187,373,308.18003913894324,3.6640364043398685,18.65941946723217,5.635353841262882e-24,2.4687021903892797e-21
reference,uniform,256,188,375,309.5107632093933,4.132748994525155,18.228131880795388,6.0106920475760526e-24,2.735988401386498e-21
reference,uniform,256,189,377,310.8414872798434,4.725360332636403,17.67278498440872,6.431875360896946e-24,1.7270371426228693e-21
reference,uniform,256,190,379,312.17221135029354,5.492829194704336,16.942421373855467,6.906127696172097e-24,9.705118378962076e-22
reference,uniform,256,191,381,313.5029354207436,6.515700156489566,15.956497827682995,7.442197834673645e-24,6.112136251727637e-22
reference,uniform,256,192,383,314.8336594911937,7.92759239220363,14.581396508778269,8.050757617219006e-24,4.422801019396719e-22
reference,uniform,256,193,385,316.16438356164383,9.964166481746478,12.581458157420741,8.744927380399897e-24,3.6160313157764267e-22
reference,uniform,256,194,387,317.4951076320939,13.074983175782105,9.507123326490927,9.54097719771807e-24,3.2833330350735492e-22
reference,uniform,256,195,389,318.825831702544,18.189847415059884,4.428588362427533,1.0459274364630855e-23,3.28799499577883e-22
reference,uniform,256,196,391,320.1565557729941,26.988366239843,-4.3337525039287215,1.1525580953015453e-23,3.6506581436302933e-22
reference,uniform,256,197,393,321.4872798434442,40.043234226130394,-17.3525925932899,1.277285717590268e-23,4.556225181619093e-22
reference,uniform,256,198,395,322.8180039138943,62.905243606727716,-40.17872289873068,1.4243808702372464e-23,6.249874091171368e-22
reference,uniform,256,199,397,324.1487279843444,101.51851902793378,-78.75626684211875,1.599454982076015e-23,9.101918294112414e-22
reference,uniform,256,200,399,325.4794520547945,116.78348492225665,-93.98564764658016,1.8099976933562155e-23,1.3950009402774844e-21
reference,uniform,256,201,401,326.8101761252446,77.02717615243174,-54.19389898027188,2.0661827599321692e-23,2.2410206463568707e-21
reference,uniform,256,202,403,328.1409001956947,46.05750370070175,-23.188930645420896,2.382107186066354e-23,2.449034551064325e-21
reference,uniform,256,203,405,329.4716242661448,29.262401854126786,-6.358675763398878,2.7777508474949113e-23,1.5621086397074694e-21
reference,uniform,256,204,407,330.8023483365949,20.209860542339023,2.7288768877543816,3.282176524042233e-23,1.0673225249716153e-21
reference,uniform,256,205,409,332.133072407045,15.04413790247332,7.929470308626463,3.93895181197134e-23,1.0337519509789106e-21
reference,uniform,256,206,411,333.46379647749507,11.92361757859669,11.08472197922515,4.815737832838361e-23,1.4263559474318579e-21
reference,uniform,256,207,413,334.7945205479452,9.957185309253262,13.085747271650419,6.022123242636868e-23,2.305681923090068e-21
reference,uniform,256,208,415,336.1252446183953,8.680320744430526,14.397067633341521,7.744846948340688e-23,2.0921411498236976e-21
reference,uniform,256,209,417,337.45596868884536,7.822122123897638,15.289585908947586,1.0322614452691146e-22,1.2075758323946189e-21
reference,uniform,256,210,419,338.7866927592955,7.255425565451359,15.890467052286368,1.4419947191344917e-22,7.895922758669052e-22
reference,uniform,256,211,421,340.1174168297456,6.905342875025471,16.27460031643568,2.1479593286282013e-22,6.508855443777161e-22
reference,uniform,256,212,423,341.44814090019565,6.717065283869503,16.496795516751575,3.5085136292014336e-22,6.64164563708506e-22
reference,uniform,256,213,425,342.77886497064577,6.6555848555035295,16.59206162410642,6.593813442581559e-22,7.808600622663788e-22
reference,uniform,256,214,427,344.1095890410959,6.699427790169487,16.581873460627037,1.5555412872529056e-21,1.0567949986799024e-21
reference,uniform,256,215,429,345.44031311154595,6.836059707766184,16.478766416945106,5.8131819569745815e-21,1.6487562194244083e-21
reference,uniform,256,216,431,346.77103718199606,7.059212664121062,16.289009436107776,2.8585624011060823e-21,2.5858482554422713e-21
reference,uniform,256,217,433,348.1017612524462,7.367412749519419,16.014077415226737,1.0048085967687957e-21,3.861485595808307e-21
reference,uniform,256,218,435,349.43248532289624,7.763238615448933,15.651392678908977,4.805111628469906e-22,3.759929455989347e-21
reference,uniform,256,219,437,350.76320939334636,8.25307648290511,15.19456997112323,2.751122110864253e-22,2.378780532979433e-21
reference,uniform,256,220,439,352.0939334637965,8.847268261950443,14.63326833580929,1.7660150400787072e-22,1.339774125081272e-21
reference,uniform,256,221,441,353.42465753424653,9.560632714835457,13.952669953922452,1.2247380673460022e-22,8.088426101507448e-22
reference,uniform,256,222,443,354.75538160469665,10.413393738520806,13.132551861073864,8.974858099868578e-23,5.498984506295114e-22
reference,uniform,256,223,445,356.08610567514677,11.432652871612909,12.14581344075367,6.852454080136982e-23,4.147763376034118e-22
reference,uniform,256,224,447,357.41682974559683,12.65464294692184,10.956222771929944,5.400407317417513e-23,3.4302418168826725e-22
reference,uniform,256,225,449,358.74755381604695,14.128044603093741,9.515100117569432,4.364452468854467e-23,3.0799807324259446e-22
reference,uniform,256,226,451,360.07827788649706,15.919200585849014,7.756103623549919,3.60001210354873e-23,2.8699125057809116e-22
reference,uniform,256,227,453,361.4090019569471,18.120514224880306,5.586830841909972,3.020095847253689e-23,2.7984595124019965e-22
reference,uniform,256,228,455,362.73972602739724,20.865209664103954,2.8740585007426205,2.5698779916987303e-23,3.01984943180787e-22
reference,uniform,256,229,457,364.07045009784736,24.356359349327217,-0.5852849833294442,2.2134412844589713e-23,3.4161122454012375e-22
reference,uniform,256,230,459,365.4011741682974,28.944649933474373,-5.141885410240292,1.9264721272930905e-23,3.897811109124014e-22
reference,uniform,256,231,461,366.73189823874753,35.457834510747205,-11.623495030503818,1.6920430957625354e-23,5.118699504224976e-22
reference,uniform,256,232,463,368.06262230919765,48.05042543082681,-24.184625359280943,1.4980788357847135e-23,8.027174294702499e-22
reference,uniform,256,233,465,369.3933463796477,55.2419692781218,-31.344822155495336,1.3357799681178403e-23,1.2985308657582492e-21
reference,uniform,256,234,467,370.7240704500978,67.20713553878831,-43.27875408872359,1.1986128354623611e-23,1.8684733165964095e-21
reference,uniform,256,235,469,372.05479452054794,88.07194888571226,-64.11244502404963,1.08164452427648e-23,2.3832561411246616e-21
reference,uniform,256,236,471,373.385518590998,121.22638068323685,-97.23586552666711,9.810947211572719e-24,1.931367908874521e-21
reference,uniform,256,237,473,374.7162426614481,176.3370277863899,-152.3156116609835,8.940272738732656e-24,1.0526215093578656e-21
reference,uniform,256,238,475,376.04696673189824,274.4228944936293,-250.3706869432445,8.181338506021654e-24,6.266237948666675e-22
reference,uniform,256,239,477,377.3776908023483,460.5023161235753,-436.41942591814774,7.515795805782976e-24,4.498717001455461e-22
reference,uniform,256,240,479,378.7084148727984,804.1780395206393,-780.0645746643547,6.928911952204605e-24,3.8228297085944093e-22
reference,uniform,256,241,481,380.03913894324853,1172.2230702964048,-1148.0791380357568,6.408748117898675e-24,3.7898967476899857e-22
reference,uniform,256,242,483,381.3698630136986,863.1369923131211,-838.9626991448574,5.9455471551856325e-24,4.302088473520404e-22
reference,uniform,256,243,485,382.7005870841487,493.6107755724566,-469.4062272514124,5.531272304509643e-24,5.572446653593745e-22
reference,uniform,256,244,487,384.0313111545988,291.0030729859279,-266.76837453275306,5.159255757068748e-24,8.011150336599566e-22
reference,uniform,256,245,489,385.3620352250489,185.07660836826034,-160.8118640770378,4.823928172789014e-24,9.859875298425788e-22
reference,uniform,256,246,491,386.692759295499,126.11187432337469,-101.8171877691343,4.520608530760349e-24,9.77432552195767e-22
reference,uniform,256,247,493,388.0234833659491,90.83077940579005,-66.5062534519196,4.245339414304899e-24,8.404209037945989e-22
reference,uniform,256,248,495,389.3542074363992,68.39901020690925,-44.04474701246346,3.9947568456294596e-24,8.4702365050089935e-22
reference,uniform,256,249,497,390.6849315068493,53.224734335875006,-28.84083536278513,3.765986632248338e-24,1.0336346891450304e-21
reference,uniform,256,250,499,392.0156555772994,42.39438219459668,-17.980948214781762,3.556561230788655e-24,1.5560354003952466e-21
reference,uniform,256,251,501,393.3463796477495,34.54779992091411,-10.104931023296132,3.364352616075758e-24,2.7365028487384423e-21
reference,uniform,256,252,503,394.6771037181996,28.694670534419387,-4.2224661318434045,3.1875177294543976e-24,4.4815767558639195e-21
reference,uniform,256,253,505,396.0078277886497,24.210910013365503,0.2905311505732868,3.0244538835645243e-24,4.892004210664222e-21
reference,uniform,256,254,507,397.33855185909977,20.70035340942889,3.8302264347919106,2.8737621001769724e-24,3.7627476446689845e-21
reference,uniform,256,255,509,398.6692759295499,17.900874196822585,6.658746902468437,2.734216808698199e-24,3.1365230865880016e-21
reference,uniform,256,256,511,400.0,15.633028793824568,8.955536784637147,2.604740674993418e-24,2.0840089886765763e-21
reference,d_optimal,256,1,430,346.10567514677103,6.93701402868298,16.394526134107508,6.205141962314489e-21,2.060701314955955e-21
reference,d_optimal,256,2,448,358.0821917808219,13.356262779536022,10.270757434847809,4.841230420963972e-23,3.222969638951728e-22
reference,d_optimal,256,3,511,400.0,15.633028793824568,8.955536784637147,2.604740674993418e-24,2.0840089886765763e-21
reference,d_optimal,256,4,269,238.98238747553816,0.6129837771612533,19.501699884579438,3.397290441832258e-23,1.5800021914806519e-21
reference,d_optimal,256,5,434,348.7671232876712,7.55406250170967,15.844014034136393,6.754520409952282e-22,4.073609090253474e-21
reference,d_optimal,256,6,20,73.30724070450097,1.6415978245195018,8.208705385473067,3.906137931249092e-25,1.7628014687784407e-23
reference,d_optimal,256,7,420,339.4520547945205,7.0572723438439295,16.105662246450308,1.743384002409447e-22,6.964418322284323e-22
reference,d_optimal,256,8,194,189.0802348336595,15.40098600000487,2.6793024122133318,1.7935512851720063e-24,1.238725957614777e-22
reference,d_optimal,256,9,506,396.67318982387474,22.35276156294891,2.163261160119461,2.9476418290449674e-24,4.2947886550283665e-21
reference,d_optimal,256,10,365,302.85714285714283,2.4965796309283346,19.675542539264015,4.486071067461693e-24,8.118987454979059e-22
reference,d_optimal,256,11,449,358.74755381604695,14.128044603093741,9.515100117569432,4.364452468854467e-23,3.0799807324259446e-22
reference,d_optimal,256,12,25,76.63405088062622,1.038598045646392,9.197203366183786,4.317707975055937e-25,1.0494962173880986e-23
reference,d_optimal,256,13,429,345.44031311154595,6.836059707766184,16.478766416945106,5.8131819569745815e-21,1.6487562194244083e-21
reference,d_optimal,256,14,195,189.74559686888452,12.841922577366567,5.26887730828588,1.8420045347309304e-24,1.0501415517072356e-22
reference,d_optimal,256,15,433,348.1017612524462,7.367412749519419,16.014077415226737,1.0048085967687957e-21,3.861485595808307e-21
reference,d_optimal,256,16,334,282.23091976516633,1.0977783076704517,20.46167926603586,2.761591642682347e-24,8.422815676950992e-22
reference,d_optimal,256,17,268,238.3170254403131,0.6135772258662359,19.476889917712086,3.966652332140226e-23,1.3447410947521453e-21
reference,d_optimal,256,18,510,399.3346379647749,16.70938543689728,7.864719958638247,2.6682822393466953e-24,2.6881037756453615e-21
reference,d_optimal,256,19,447,357.41682974559683,12.65464294692184,10.956222771929944,5.400407317417513e-23,3.4302418168826725e-22
reference,d_optimal,256,20,389,318.825831702544,18.189847415059884,4.428588362427533,1.0459274364630855e-23,3.28799499577883e-22
reference,d_optimal,256,21,23,75.30332681017612,1.2240448545909295,8.85960416193278,4.142347445336637e-25,1.1799429381504233e-23
reference,d_optimal,256,22,421,340.1174168297456,6.905342875025471,16.27460031643568,2.1479593286282013e-22,6.508855443777161e-22
reference,d_optimal,256,23,505,396.0078277886497,24.210910013365503,0.2905311505732868,3.0244538835645243e-24,4.892004210664222e-21
reference,d_optimal,256,24,328,278.23874755381604,0.9914446235031078,20.444273323549496,2.7127811427054613e-24,2.8642551630386965e-21
reference,d_optimal,256,25,176,177.1037181996086,14.118010057797461,3.3939092755148152,1.2096578056204058e-24,7.059388373054174e-23
reference,d_optimal,256,26,364,302.1917808219178,2.399385394005991,19.753633317570788,4.373729148091927e-24,9.090266227628794e-22
reference,d_optimal,256,27,24,75.96868884540118,1.1244294234499217,9.035628946805161,4.228082246471898e-25,1.09941323446301e-23
reference,d_optimal,256,28,450,359.412915851272,14.978868928544054,8.680370420283722,3.954699813282921e-23,2.967542610046299e-22
reference,d_optimal,256,29,509,398.6692759295499,17.900874196822585,6.658746902468437,2.734216808698199e-24,3.1365230865880016e-21
reference,d_optimal,256,30,270,239.6477495107632,0.6126592944223676,19.526173556780137,2.943353271911574e-23,1.78805912216862e-21
reference,d_optimal,256,31,422,340.7827788649706,6.793553137072853,16.40336541460519,2.7073138404886e-22,6.424233153061788e-22
reference,d_optimal,256,32,22,74.63796477495107,1.3405349841482495,8.666026539259704,4.0602590165727644e-25,1.3028298305484812e-23
reference,d_optimal,256,33,446,356.7514677103718,12.015605868389462,11.57907525391829,6.06200142199648e-23,3.7299141209391724e-22
reference,d_optimal,256,34,435,349.43248532289624,7.763238615448933,15.651392678908977,4.805111628469906e-22,3.759929455989347e-21
reference,d_optimal,256,35,175,176.43835616438355,11.8455351556221,5.633690654347092,1.1885007134264105e-24,6.699397384488185e-23
reference,d_optimal,256,36,507,397.33855185909977,20.70035340942889,3.8302264347919106,2.8737621001769724e-24,3.7627476446689845e-21
reference,d_optimal,256,37,267,237.65166340508804,0.6144570645748033,19.451725855661508,4.693367608906325e-23,1.1948059258776132e-21
reference,d_optimal,256,38,26,77.29941291585126,0.9641469657981874,9.346742695939213,4.4114905625082155e-25,1.023302990445817e-23
reference,d_optimal,256,39,432,347.4363992172211,7.202610693234007,16.162261366859724,1.6095741178966088e-21,3.2456941985969507e-21
reference,d_optimal,256,40,177,177.76908023483367,17.0742744778474,0.47021578231476724,1.2317005438610334e-24,6.937144498539384e-23
reference,d_optimal,256,41,419,338.7866927592955,7.255425565451359,15.890467052286368,1.4419947191344917e-22,7.895922758669052e-22
reference,d_optimal,256,42,256,230.33268101761252,0.6432543719555045,19.151222634121396,2.1978248263345935e-21,1.6938161799675249e-21
reference,d_optimal,256,43,508,398.00391389432485,19.224462163855517,5.320650445317199,2.802666686158468e-24,3.460400887805829e-21
reference,d_optimal,256,44,366,303.5225048923679,2.601683212564568,19.589500492915775,4.604409771455763e-24,7.577715351627806e-22
reference,d_optimal,256,45,27,77.96477495107632,0.8991819653264616,9.486152378914952,4.509719610166618e-25,1.0173328334832642e-23
reference,d_optimal,256,46,327,277.57338551859095,0.9758409200010473,20.439081281064404,2.7122135823264834e-24,2.7871617132590632e-21
reference,d_optimal,256,47,451,360.07827788649706,15.919200585849014,7.756103623549919,3.60001210354873e-23,2.8699125057809116e-22
reference,d_optimal,256,48,196,190.41095890410958,10.8576902302525,7.283514324322738,1.8928716512815152e-24,8.551064139076123e-23
reference,d_optimal,256,49,423,341.44814090019565,6.717065283869503,16.496795516751575,3.5085136292014336e-22,6.64164563708506e-22
reference,d_optimal,256,50,431,346.77103718199606,7.059212664121062,16.289009436107776,2.8585624011060823e-21,2.5858482554422713e-21
reference,d_optimal,256,51,28,78.63013698630137,0.8421928977911946,9.616953499661605,4.612710975360337e-25,1.0307453008700117e-23
reference,d_optimal,256,52,407,330.8023483365949,20.209860542339023,2.7288768877543816,3.282176524042233e-23,1.0673225249716153e-21
reference,d_optimal,256,53,266,236.986301369863,0.6156478388385949,19.42618277323065,5.639877821891851e-23,1.1555384072350382e-21
reference,d_optimal,256,54,333,281.56555772994125,1.078392110856191,20.46056422128146,2.7481374786363415e-24,1.0082446771132698e-21
reference,d_optimal,256,55,367,304.18786692759295,2.715657632636188,19.49454586840652,4.729107082228273e-24,7.568276257899046e-22
reference,d_optimal,256,56,21,73.97260273972603,1.4779336118161954,8.450850134136502,3.9815917431696755e-25,1.4871692319749348e-23
reference,d_optimal,256,57,456,363.40508806262227,22.500809655807895,1.254376168195904,2.3816684756888815e-23,3.2179659524810113e-22
reference,d_optimal,256,58,445,356.08610567514677,11.432652871612909,12.14581344075367,6.852454080136982e-23,4.147763376034118e-22
reference,d_optimal,256,59,329,278.90410958904107,1.0076068381686334,20.448857184619158,2.7155499041632965e-24,2.573096726679634e-21
reference,d_optimal,256,60,193,188.41487279843443,18.75912195489614,-0.7094525736280985,1.747365346284528e-24,1.3026087257655798e-22
reference,d_optimal,256,61,428,344.7749510763209,6.756662099883957,16.541417762328194,2.738595732351733e-21,1.3084900218348974e-21
reference,d_optimal,256,62,29,79.29549902152641,0.7919632409020552,9.74037324207103,4.72080969338021e-25,1.0650055474455856e-23
reference,d_optimal,256,63,283,248.29745596868884,0.6294593205415,19.817351828137262,8.535650767409493e-24,1.5453080782015492e-21
reference,d_optimal,256,64,388,318.160469667319,15.292728438744792,7.307561694804065,9.983379364055193e-24,3.2455935141099314e-22
reference,d_optimal,256,65,294,255.61643835616437,0.6704932471626064,20.028648090540358,4.823346542362372e-24,2.153697720147524e-21
reference,d_optimal,256,66,368,304.853228962818,2.8396208482393406,19.389560891038897,4.860555464850632e-24,8.123509904218405e-22
reference,d_optimal,256,67,30,79.96086105675147,0.7475038061610121,9.85741118897576,4.8343932861232755e-25,1.1232317338832649e-23
reference,d_optimal,256,68,504,395.3424657534246,26.31034314389634,-1.8235080592534985,3.1043562541568296e-24,4.961317741578862e-21
reference,d_optimal,256,69,390,319.49119373776904,22.01934901657667,0.6171945758995889,1.0972060663689795e-23,3.417329271703247e-22
reference,d_optimal,256,70,265,236.32093933463796,0.6171857677214387,19.40022406850798,6.902152520038015e-23,1.2223530959565064e-21
reference,d_optimal,256,71,418,338.12133072407045,7.507390456975507,15.621426685607247,1.21181786777929e-22,9.495124858631277e-22
reference,d_optimal,256,72,19,72.64187866927593,1.8387903775768994,7.932316722567791,3.833705790941016e-25,2.1719074108192595e-23
reference,d_optimal,256,73,452,360.7436399217221,16.961458838674112,6.72988057361178,3.2909744617855327e-23,2.80430030875128e-22
reference,d_optimal,256,74,197,191.07632093933464,9.294087758234468,8.877415405876746,1.946311712329985e-24,7.170634096973198e-23
reference,d_optimal,256,75,282,247.63209393346378,0.6270006084420987,19.796503743228712,9.134017275396139e-24,1.856266217123056e-21
reference,d_optimal,256,76,424,342.11350293542074,6.672069700385019,16.55870036682424,4.706395390383419e-22,7.100069115805466e-22
reference,d_optimal,256,77,31,80.62622309197651,0.7080034368319574,9.96888863303893,4.95387551698345e-25,1.2084386958512732e-23
reference,d_optimal,256,78,293,254.95107632093934,0.6657281269842498,20.010774620080667,5.024605218597859e-24,1.999182234857225e-21
reference,d_optimal,256,79,257,230.99804305283757,0.6400606811404717,19.179471084626172,1.5422825731772428e-21,1.6008049280775948e-21
reference,d_optimal,256,80,455,362.73972602739724,20.865209664103954,2.8740585007426205,2.5698779916987303e-23,3.01984943180787e-22
reference,d_optimal,256,81,363,301.5264187866927,2.309270324808327,19.824602820009076,4.267050154992469e-24,1.01486574969391e-21
reference,d_optimal,256,82,174,175.77299412915852,10.069144050624507,7.3772647131176114,1.1681929898308184e-24,6.349960205244625e-23
reference,d_optimal,256,83,32,81.29158512720156,0.6727918563713973,10.075485736818422,5.07971066207896e-25,1.323500642846046e-23
reference,d_optimal,256,84,335,282.89628180039136,1.117911005955699,20.461999534309996,2.777160996857898e-24,7.156886912382212e-22
reference,d_optimal,256,85,440,352.7592954990215,9.187930387174498,14.30900469664293,1.4589237823981894e-22,1.0256757550234614e-21
reference,d_optimal,256,86,324,275.57729941291586,0.9321443693394527,20.420090179513494,2.7241179539228132e-24,2.58588347504933e-21
reference,d_optimal,256,87,18,71.97651663405088,2.0796063093924033,7.611575937856983,3.7641179892975864e-25,2.7556821725242785e-23
reference,d_optimal,256,88,369,305.518590998043,2.9748786044291062,19.273239996963326,4.9991810214798044e-24,9.301560603032368e-22
reference,d_optimal,256,89,457,364.07045009784736,24.356359349327217,-0.5852849833294442,2.2134412844589713e-23,3.4161122454012375e-22
reference,d_optimal,256,90,444,355.4207436399217,10.900191250561923,12.66202992545064,7.807249422530806e-23,4.719045151087545e-22
reference,d_optimal,256,91,284,248.9628180039139,0.6321305742502918,19.83792499976819,8.001577339644973e-24,1.2643597334135206e-21
reference,d_optimal,256,92,33,81.95694716242662,0.6413113396393835,10.177769869704932,5.212398380529389e-25,1.4779440914841142e-23
reference,d_optimal,256,93,326,276.9080234833659,0.9607713017372725,20.4333052446771,2.713883655534999e-24,2.57938448403119e-21
reference,d_optimal,256,94,408,331.4677103718199,17.287712406295835,5.668477913523645,3.588010567602349e-23,1.0033098135692389e-21
reference,d_optimal,256,95,340,286.2230919765166,1.231289867584068,20.45016926338873,2.8871454186587782e-24,5.597003590253209e-22
reference,d_optimal,256,96,34,82.62230919765166,0.6130948787697739,10.276217449871183,5.352489281692221e-25,1.6744641396166737e-23
reference,d_optimal,256,97,271,240.31311154598825,0.6125908345093718,19.550324250801793,2.5758997174529363e-23,1.8089080171588836e-21
reference,d_optimal,256,98,425,342.77886497064577,6.6555848555035295,16.59206162410642,6.593813442581559e-22,7.808600622663788e-22
reference,d_optimal,256,99,198,191.74168297455967,8.043561405494282,10.158135046120165,2.0024976029666887e-24,6.321094596309263e-23
reference,d_optimal,256,100,332,280.9001956947162,1.0597152506363108,20.45869133649785,2.7367980294705076e-24,1.2360814023271234e-21
reference,d_optimal,256,101,454,362.0743639921722,19.41437922124541,4.308942060365155,2.781357121414322e-23,2.869493782410254e-22
reference,d_optimal,256,102,17,71.31115459882584,2.378518981469638,7.231996133757789,3.6972103546696268e-25,3.4864402346378704e-23
reference,d_optimal,256,103,436,350.0978473581213,7.995856630423081,15.435297930132606,3.5727652763670044e-22,3.0795919565432256e-21
reference,d_optimal,256,104,341,286.88845401174166,1.2568644413874577,20.44476271392294,2.915730198315912e-24,6.059478110905077e-22
reference,d_optimal,256,105,427,344.1095890410959,6.699427790169487,16.581873460627037,1.5555412872529056e-21,1.0567949986799024e-21
reference,d_optimal,256,106,374,308.8454011741683,3.885313115041948,18.45687541508778,5.817693094538102e-24,2.836224907584852e-21
reference,d_optimal,256,107,173,175.10763209393346,8.658808080805041,8.754659176895018,1.1487008144522764e-24,6.248196172659058e-23
reference,d_optimal,256,108,35,83.2876712328767,0.5877491899191151,10.371230945028941,5.500591305629373e-25,1.8362799470501006e-23
reference,d_optimal,256,109,453,361.4090019569471,18.120514224880306,5.586830841909972,3.020095847253689e-23,2.7984595124019965e-22
reference,d_optimal,256,110,274,242.3091976516634,0.6138316472367397,19.620932095509218,1.8143978786214126e-23,1.2706346515075472e-21
reference,d_optimal,256,111,356,296.8688845401174,1.8264040458977389,20.172255319045064,3.6556835920580575e-24,7.792654774914497e-22
reference,d_optimal,256,112,36,83.95303326810176,0.5649413699072866,10.46315222299539,5.657377055338206e-25,1.8159709471769425e-23
reference,d_optimal,256,113,295,256.2818003913894,0.6754725497341566,20.046248527551754,4.638703732767488e-24,1.9677283437882365e-21
reference,d_optimal,256,114,387,317.4951076320939,13.074983175782105,9.507123326490927,9.54097719771807e-24,3.2833330350735492e-22
reference,d_optimal,256,115,275,242.97455968688845,0.6147060228008571,19.643875804689614,1.6367257852117996e-23,1.2010369780909522e-21
reference,d_optimal,256,116,406,330.13698630136986,24.07344573292591,-1.1521963319351585,3.0140681950131094e-23,1.2436233937667996e-21
reference,d_optimal,256,117,16,70.64579256360078,2.7571211249228704,6.771970662398488,3.6328307146968196e-25,4.108287956635286e-23
reference,d_optimal,256,118,349,292.21135029354207,1.5085348090783643,20.35277256521519,3.231001895667178e-24,2.694925879074046e-21
reference,d_optimal,256,119,357,297.5342465753424,1.8829015123007184,20.135203455528824,3.730168630707552e-24,7.674518197908122e-22
reference,d_optimal,256,120,441,353.42465753424653,9.560632714835457,13.952669953922452,1.2247380673460022e-22,8.088426101507448e-22
reference,d_optimal,256,121,37,84.6183953033268,0.544388334358476,10.552273120475178,5.823592246379952e-25,1.7067309983372714e-23
reference,d_optimal,256,122,426,343.4442270058708,6.665295036075291,16.59919512916977,9.766824823796704e-22,8.884975490798058e-22
reference,d_optimal,256,123,323,274.9119373776908,0.9185456139720676,20.41269210647667,2.73279174743927e-24,2.5266296282240533e-21
reference,d_optimal,256,124,90,119.8825831702544,13.113303923903604,1.009183674715672,1.4342042759260708e-23,3.959288405490215e-23
reference,d_optimal,256,125,417,337.45596868884536,7.822122123897638,15.289585908947586,1.0322614452691146e-22,1.2075758323946189e-21
reference,d_optimal,256,126,38,85.28375733855185,0.5258483970783703,10.638843870334554,6.000065472650596e-25,1.6491608877885527e-23
reference,d_optimal,256,127,325,276.2426614481409,0.9462129167294077,20.42696782623743,2.7178348240077554e-24,2.518589663720954e-21
reference,d_optimal,256,128,386,316.82974559686886,11.343218012966494,11.220666711309192,9.129053539207383e-24,3.40319374534163e-22
reference,d_optimal,256,129,285,249.62818003913893,0.6350304260338047,19.858207534592836,7.523135126750779e-24,1.0714262592087472e-21
reference,d_optimal,256,130,336,283.56164383561645,1.1388302278820848,20.461485230749602,2.7948516613361566e-24,6.266136012887085e-22
reference,d_optimal,256,131,39,85.94911937377691,0.5091145139421638,10.72307986410675,6.187719527664566e-25,1.6715165514181708e-23
reference,d_optimal,256,132,199,192.40704500978472,7.029880531205565,11.201904615570598,2.061617460459815e-24,5.840455892642207e-23
reference,d_optimal,256,133,370,306.1839530332681,3.122963541680664,19.14405072572768,5.145446842815018e-24,1.1263627304805798e-21
reference,d_optimal,256,134,264,235.6555772994129,0.6191261384290417,19.37379406820176,8.63314552719899e-23,1.3689744099640339e-21
reference,d_optimal,256,135,443,354.75538160469665,10.413393738520806,13.132551861073864,8.974858099868578e-23,5.498984506295114e-22
reference,d_optimal,256,136,375,309.5107632093933,4.132748994525155,18.228131880795388,6.0106920475760526e-24,2.735988401386498e-21
reference,d_optimal,256,137,40,86.61448140900195,0.4940088334056749,10.805167107627312,6.387584570776483e-25,1.7584296582390284e-23
reference,d_optimal,256,138,172,174.4422700587084,7.523099200222851,9.857301143988494,1.1299926716841974e-24,6.410730518208032e-23
reference,d_optimal,256,139,281,246.96673189823875,0.6246567413046742,19.775478106065833,9.807097030706199e-24,2.0028400282938478e-21
reference,d_optimal,256,140,15,69.98043052837573,3.24923576839748,6.197662183288315,3.5708378523937697e-25,4.173015680113807e-23
reference,d_optimal,256,141,342,287.55381604696674,1.2835450816045497,20.438203377770833,2.946590895688648e-24,6.86607517754615e-22
reference,d_optimal,256,142,409,332.133072407045,15.04413790247332,7.929470308626463,3.93895181197134e-23,1.0337519509789106e-21
reference,d_optimal,256,143,439,352.0939334637965,8.847268261950443,14.63326833580929,1.7660150400787072e-22,1.339774125081272e-21
reference,d_optimal,256,144,355,296.20352250489236,1.7730887568665337,20.206081373496033,3.584954682921388e-24,8.53982795604557e-22
reference,d_optimal,256,145,41,87.279843444227,0.4803782833887699,10.885266640062241,6.600813489712166e-25,1.8766655564006652e-23
reference,d_optimal,256,146,310,266.26223091976516,0.777370841219897,20.27618624047929,3.1081494313196603e-24,2.3086631851947616e-21
reference,d_optimal,256,147,273,241.64383561643834,0.613184123657458,19.597696041751888,2.02425893088317e-23,1.413564782382882e-21
reference,d_optimal,256,148,243,221.68297455968687,0.7383034576727846,18.72370909844932,3.0950611560398793e-23,2.631804593767112e-22
reference,d_optimal,256,149,86,117.2211350293542,9.030857416878003,4.896626780116463,5.41416876616687e-23,3.2975417774908475e-23
reference,d_optimal,256,150,385,316.16438356164383,9.964166481746478,12.581458157420741,8.744927380399897e-24,3.6160313157764267e-22
reference,d_optimal,256,151,42,87.94520547945206,0.4680909901129497,10.963518120757442,6.828699887795747e-25,2.0030559501537033e-23
reference,d_optimal,256,152,350,292.8767123287671,1.547535267748428,20.333527299200114,3.28226875090306e-24,2.6264628889963453e-21
reference,d_optimal,256,153,215,203.05283757338552,1.8010123434902072,16.898534667238465,3.6556490285684344e-24,8.587988277555713e-23
reference,d_optimal,256,154,442,354.0900195694716,9.968079572934144,13.56155989588764,1.0422819676567288e-22,6.575478459505933e-22
reference,d_optimal,256,155,272,240.9784735812133,0.6127684128101717,19.574162321507302,2.2744636381182672e-23,1.6303618897786941e-21
reference,d_optimal,256,156,242,221.01761252446184,0.7501462533825254,18.685757163842908,2.694904616460138e-23,2.591902328934036e-22
reference,d_optimal,256,157,43,88.6105675146771,0.4570333753070871,11.040042737505402,7.072699220472113e-25,2.1722144203681974e-23
reference,d_optimal,256,158,216,203.71819960861055,1.705861614804881,17.02210072461405,3.821052228946364e-24,9.062045025059175e-23
reference,d_optimal,256,159,14,69.31506849315069,3.9107164337615226,5.453202452527805,3.5111005668118056e-25,3.632532740483356e-23
reference,d_optimal,256,160,330,279.56947162426616,1.0243536940086673,20.452806970969988,2.720490139334893e-24,2.044404923620763e-21
reference,d_optimal,256,161,178,178.4344422700587,20.98844437570861,-3.411504869181499,1.2546678302750368e-24,6.289409602853608e-23
reference,d_optimal,256,162,503,394.6771037181996,28.694670534419387,-4.2224661318434045,3.1875177294543976e-24,4.4815767558639195e-21
reference,d_optimal,256,163,44,89.27592954990214,0.4471078193155782,11.114945548705236,7.334453726522962e-25,2.4269819106467266e-23
reference,d_optimal,256,164,343,288.2191780821918,1.3114031146316725,20.430420144495713,2.9797734751582976e-24,8.151278578424893e-22
reference,d_optimal,256,165,331,280.2348336594912,1.0417131693065211,20.456094939338428,2.7275785491295584e-24,1.5694957451848184e-21
reference,d_optimal,256,166,255,229.66731898238746,0.6471422469732643,19.12220751893946,9.896711014523437e-22,1.6593221687575422e-21
reference,d_optimal,256,167,244,222.34833659491193,0.7272460637444115,18.760797384288566,3.5919417194662344e-23,2.759570589262053e-22
reference,d_optimal,256,168,45,89.9412915851272,0.4382308136829883,11.188317335850172,7.6158219518415445e-25,2.781634390445149e-23
reference,d_optimal,256,169,373,308.18003913894324,3.6640364043398685,18.65941946723217,5.635353841262882e-24,2.4687021903892797e-21
reference,d_optimal,256,170,276,243.63992172211348,0.6158036678868752,19.666531109956424,1.485040878822123e-23,1.1928767669506015e-21
reference,d_optimal,256,171,214,202.38747553816046,1.9062563714684737,16.764782046460752,3.501656849010958e-24,8.33267845916879e-23
reference,d_optimal,256,172,46,90.60665362035225,0.4303315624172116,11.26023600715007,7.918913857127115e-25,3.2600847456756586e-23
reference,d_optimal,256,173,309,265.5968688845401,0.7688369485319149,20.26298782013791,3.1625620367517953e-24,2.239676334109032e-21
reference,d_optimal,256,174,171,173.77690802348337,6.596688537035346,10.750518527744873,1.112039212435459e-24,6.706194613122519e-23
reference,d_optimal,256,175,458,364.7358121330724,26.480523163138727,-2.69358926598035,2.0624686724742256e-23,3.6203048909919717e-22
reference,d_optimal,256,176,339,285.55772994129154,1.2067563541483075,20.454487814746713,2.8607965389801926e-24,5.401022294329712e-22
reference,d_optimal,256,177,380,312.83757338551857,5.965627989390355,16.48811593249502,7.165819057970928e-24,7.566480572275462e-22
reference,d_optimal,256,178,13,68.64970645792563,4.839783105734536,4.44035633735372,3.4534968264727243e-25,2.8755097831656285e-23
reference,d_optimal,256,179,292,254.28571428571428,0.6611730592720723,19.992631938523132,5.2443113166996795e-24,1.66288118545897e-21
reference,d_optimal,256,180,47,91.27201565557729,0.4233510311068618,11.33076755312051,8.246132747844918e-25,3.9424533832166996e-23
reference,d_optimal,256,181,358,298.1996086105675,1.9428031406393746,20.094703993308684,3.8085887565971766e-24,8.153443628334404e-22
reference,d_optimal,256,182,414,335.4598825831702,9.252902174207483,13.807275390328456,6.802655085271876e-23,2.4546290934363064e-21
reference,d_optimal,256,183,200,193.07240704500978,6.198124271087129,12.063645700643548,2.1238762995697888e-24,5.605326641285467e-23
reference,d_optimal,256,184,344,288.8845401174168,1.340517378702014,20.42133439033016,3.0153300177248995e-24,1.0101767820497876e-21
reference,d_optimal,256,185,410,332.79843444227004,13.298141575219981,9.692849668798843,4.344271252132459e-23,1.1652908371309224e-21
reference,d_optimal,256,186,48,91.93737769080235,0.41724148884041,11.399966509199544,8.600225581964915e-25,4.9365185088305735e-23
reference,d_optimal,256,187,258,231.6634050880626,0.6375517737342058,19.206962688190714,7.777475329062539e-22,1.4687840931245127e-21
reference,d_optimal,256,188,241,220.35225048923678,0.7628260465381123,18.646889512976642,2.3680595230246977e-23,2.6442910944379614e-22
reference,d_optimal,256,189,416,336.79060665362033,8.20940915091251,14.885156004846905,8.89615521144474e-23,1.5976781175213763e-21
reference,d_optimal,256,190,49,92.6027397260274,0.4119666180740477,11.467875850252,8.984343620877014e-25,6.286309692895731e-23
reference,d_optimal,256,191,348,291.54598825831704,1.471509249235936,20.369997898736415,3.1825639396317086e-24,2.400353001502899e-21
reference,d_optimal,256,192,213,201.7221135029354,2.0230206918405345,16.619415254945025,3.358044597319587e-24,8.348304184336737e-23
reference,d_optimal,256,193,50,93.26810176125244,0.40750215031825027,11.534526359098706,9.40211592212806e-25,7.55560214162438e-23
reference,d_optimal,256,194,371,306.8493150684931,3.285684273429239,19.000184642747342,5.299856765619234e-24,1.437275334062186e-21
reference,d_optimal,256,195,217,204.3835616438356,1.619593242687913,17.136691769538444,3.999029399013424e-24,9.657089501495182e-23
reference,d_optimal,256,196,280,246.3013698630137,0.6224355814470653,19.754266715990482,1.056751286780895e-23,1.871232981848751e-21
reference,d_optimal,256,197,91,120.54794520547945,7.252340012817461,6.9182219796792594,1.1331830888633699e-23,4.2570753701882417e-23
reference,d_optimal,256,198,384,315.4990215264188,8.846751617522424,13.68057446802203,8.386207884521482e-24,3.9435670398599154e-22
reference,d_optimal,256,199,51,93.9334637964775,0.403836135839281,11.599936360880648,9.8577388712481e-25,7.822442344969972e-23
reference,d_optimal,256,200,381,313.5029354207436,6.515700156489566,15.956497827682995,7.442197834673645e-24,6.112136251727637e-22
reference,d_optimal,256,201,437,350.76320939334636,8.25307648290511,15.19456997112323,2.751122110864253e-22,2.378780532979433e-21
reference,d_optimal,256,202,12,67.98434442270059,6.220014139159952,2.9755298922698614,3.397913005248088e-25,2.2275633204876254e-23
reference,d_optimal,256,203,240,219.68688845401172,0.77639948270498,18.60704902417632,2.097748039401769e-23,2.8076446102216583e-22
reference,d_optimal,256,204,263,234.99021526418787,0.6215524563037047,19.346808877608765,1.108708845336149e-22,1.512049709396301e-21
reference,d_optimal,256,205,415,336.1252446183953,8.680320744430526,14.397067633341521,7.744846948340688e-23,2.0921411498236976e-21
reference,d_optimal,256,206,52,94.59882583170254,0.40096431831428736,11.664116352326573,1.0356085872012107e-24,7.58985829068824e-23
reference,d_optimal,256,207,212,201.05675146771037,2.1529946420253534,16.46074433494921,3.2238955155608662e-24,8.613338765076174e-23
reference,d_optimal,256,208,245,223.013698630137,0.7169271034781267,18.797069457078862,4.2189591508988245e-23,2.9833835573041933e-22
reference,d_optimal,256,209,53,95.26418786692759,0.39886571305822777,11.727093427310507,1.09028425410236e-24,7.860300155459594e-23
reference,d_optimal,256,210,170,173.1115459882583,5.832140067249132,11.481746382630774,1.094813128764316e-24,6.905429532270182e-23
reference,d_optimal,256,211,362,300.8610567514677,2.225515458752678,19.88916982512052,4.165725792891256e-24,1.0892247999956532e-21
reference,d_optimal,256,212,286,250.29354207436398,0.6381479514107254,19.87821068737054,7.093077175469943e-24,9.56548355188212e-22
reference,d_optimal,256,213,337,284.2270058708415,1.1605791360766606,20.46009341794864,2.814675349941076e-24,5.71407891462758e-22
reference,d_optimal,256,214,54,95.92954990215264,0.397439666272677,11.788974221256709,1.1504674397549933e-24,9.014774161711938e-23
reference,d_optimal,256,215,413,334.7945205479452,9.957185309253262,13.085747271650419,6.022123242636868e-23,2.305681923090068e-21
reference,d_optimal,256,216,354,295.53816046966733,1.7228548299735562,20.236782237874763,3.517816234750284e-24,1.0058377263900265e-21
reference,d_optimal,256,217,296,256.94716242661445,0.6806719875381902,20.063570283459597,4.46907262343865e-24,1.5858249362257179e-21
reference,d_optimal,256,218,438,351.4285714285714,8.536315664683947,14.92779142900099,2.178970685741682e-22,1.7866972634910424e-21
reference,d_optimal,256,219,55,96.59491193737769,0.3964974731762511,11.84995329653566,1.2169436265223862e-24,1.1154952127438403e-22
reference,d_optimal,256,220,345,289.54990215264183,1.3709759986870353,20.410858203388315,3.0533189248363212e-24,1.2860033660866053e-21
reference,d_optimal,256,221,201,193.7377690802348,5.5080894924121555,12.783562148747052,2.189497844788144e-24,5.55839071767105e-23
reference,d_optimal,256,222,311,266.92759295499025,0.7862044014085925,20.28903075420878,3.058217414270818e-24,2.0071300430169843e-21
reference,d_optimal,256,223,56,97.26027397260273,0.39604967573253763,11.910025848142325,1.290643564148623e-24,1.3960725767196341e-22
reference,d_optimal,256,224,211,200.3913894324853,2.298188678152252,16.286758203852173,3.0983923155954127e-24,9.033996620224924e-23
reference,d_optimal,256,225,372,307.5146771037182,3.465187390571931,18.83949533481382,5.4629595927600995e-24,1.9028493194664467e-21
reference,d_optimal,256,226,379,312.17221135029354,5.492829194704336,16.942421373855467,6.906127696172097e-24,9.705118378962076e-22
reference,d_optimal,256,227,391,320.1565557729941,26.988366239843,-4.3337525039287215,1.1525580953015453e-23,3.6506581436302933e-22
reference,d_optimal,256,228,57,97.92563600782779,0.39630683265710953,11.968986936978752,1.3726766481846584e-24,1.5866096288372571e-22
reference,d_optimal,256,229,376,310.1761252446184,4.410897205036612,17.968635875247003,6.215133348896386e-24,2.2608778795076702e-21
reference,d_optimal,256,230,277,244.30528375733854,0.6171227310666885,19.68890021800742,1.3545611041702857e-23,1.2491827935836144e-21
reference,d_optimal,256,231,239,219.0215264187867,0.7909287653135595,18.56617301357008,1.871704986432102e-23,3.118518530559478e-22
reference,d_optimal,256,232,411,333.46379647749507,11.92361757859669,11.08472197922515,4.815737832838361e-23,1.4263559474318579e-21
reference,d_optimal,256,233,58,98.59099804305283,0.39739371172225607,12.026717300727839,1.4643735686492995e-24,1.473324884583577e-22
reference,d_optimal,256,234,338,284.8923679060665,1.1832043569329453,20.45777769315478,2.8366493509007002e-24,5.438637341578345e-22
reference,d_optimal,256,235,246,223.67906066536202,0.7073039008627096,18.83256845625111,5.0250272318060394e-23,3.323422313973075e-22
reference,d_optimal,256,236,59,99.25636007827788,0.39935895164030116,12.083173695041438,1.567341280657838e-24,1.1935015731628764e-22
reference,d_optimal,256,237,322,274.24657534246575,0.9053978590546119,20.40479215330471,2.7439232359393983e-24,2.1386236160847736e-21
reference,d_optimal,256,238,169,172.44618395303326,5.194472651182965,12.085964867599856,1.0782890403980303e-24,7.04388566998509e-23
reference,d_optimal,256,239,192,187.7495107632094,23.245460544355062,-5.226518512549291,1.7033115353211266e-24,1.2820262696044688e-22
reference,d_optimal,256,240,11,67.31898238747554,8.38494939040735,0.7251672102314615,3.344243191632771e-25,1.7570558063397385e-23
reference,d_optimal,256,241,218,205.04892367906066,1.5411758684071941,17.243339763039543,4.190896075700297e-24,1.018666795423058e-22
reference,d_optimal,256,242,351,293.5420743639921,1.5883774643915827,20.312395465930237,3.3364672380561405e-24,2.183309693639822e-21
reference,d_optimal,256,243,60,99.92172211350294,0.40223972944117975,12.13832422913164,1.6835345222750436e-24,9.472975905896332e-23
reference,d_optimal,256,244,61,100.58708414872798,0.40608830686966746,12.192121822244076,1.8153497996325276e-24,7.912522006524382e-23
reference,d_optimal,256,245,347,290.88062622309195,1.4363438329769995,20.385317849222503,3.1368605129276575e-24,2.0031718254343313e-21
reference,d_optimal,256,246,210,199.72602739726025,2.4610093117731346,16.09504971735933,2.9808045196853184e-24,9.25474821633708e-23
reference,d_optimal,256,247,87,117.88649706457926,17.455496582401008,-3.4788495693399284,3.5973188017894984e-23,3.4724887962318515e-23
reference,d_optimal,256,248,62,101.25244618395303,0.4109792547373583,12.244496982081358,1.9657502404930024e-24,7.227511287430283e-23
reference,d_optimal,256,249,291,253.62035225048922,0.6568250436393589,19.97422273626033,5.4845631668339106e-24,1.3610853657538128e-21
reference,d_optimal,256,250,359,298.86497064579254,2.0065827975797963,20.050283259340603,3.891137255149812e-24,9.214018285505056e-22
reference,d_optimal,256,251,63,101.91780821917808,0.41701246235034867,12.295354798060558,2.1384334033347696e-24,7.344302776769921e-23
reference,d_optimal,256,252,279,245.63600782778863,0.620432399271377,19.73277396151444,1.1430670909188049e-23,1.5988182749547247e-21
reference,d_optimal,256,253,382,314.1682974559687,7.161539213657598,15.329073708365712,7.736661101547706e-24,5.113821143647138e-22
reference,d_optimal,256,254,346,290.2152641878669,1.4028792018757958,20.39889156790008,3.093805157560469e-24,1.6273927080999615e-21
reference,d_optimal,256,255,64,102.58317025440313,0.42431673612162135,12.344571345298206,2.3380596915591327e-24,8.215283017186351e-23
reference,d_optimal,256,256,238,218.35616438356163,0.806482254108136,18.52419263658713,1.680803331154274e-23,3.6410484234319134e-22
optimistic_combined,uniform,64,1,0,60.0,303.3782650155288,-285.3819077607003,7.802766543630854e-25,1.539269898922888e-23
optimistic_combined,uniform,64,2,8,65.3228962818004,76.8615859226101,-58.126945031284095,8.725519157458364e-25,2.866616599023092e-23
optimistic_combined,uniform,64,3,16,70.64579256360078,7.532594995910742,11.882463286663878,9.92507808784847e-25,1.122405142965093e-22
optimistic_combined,uniform,64,4,24,75.96868884540118,3.0719983143905663,16.974026551117774,1.1551335515941187e-24,3.0036528150665785e-23
optimistic_combined,uniform,64,5,32,81.29158512720156,1.8381015345252405,18.79614255391779,1.3878027616549062e-24,3.61587100010547e-23
optimistic_combined,uniform,64,6,41,87.279843444227,1.3124178770708401,19.93919354163343,1.8033757825179666e-24,5.1271456489011345e-23
optimistic_combined,uniform,64,7,49,92.6027397260274,1.1255137316006216,20.640295231978655,2.4545683244893345e-24,1.7174517473103847e-22
optimistic_combined,uniform,64,8,57,97.92563600782779,1.08273040220592,21.168529862683158,3.7502223452038365e-24,4.334698117761386e-22
optimistic_combined,uniform,64,9,65,103.24853228962817,1.1831289456777656,21.52788103627023,7.022921180705774e-24,2.5956805739248883e-22
optimistic_combined,uniform,64,10,73,108.57142857142857,1.6276151657891695,21.520028126697213,2.0182935013544754e-23,9.772097595256946e-23
optimistic_combined,uniform,64,11,81,113.89432485322897,4.249478043010945,19.313895894448265,2.2573381253898067e-22,5.930793292640538e-23
optimistic_combined,uniform,64,12,89,119.21722113502935,78.51201088798722,-54.5518987502457,5.1127617795276603e-23,1.0473667568180403e-22
optimistic_combined,uniform,64,13,97,124.54011741682974,3.381751219901573,20.957766444050748,1.1379920447883437e-23,2.402671969091848e-22
optimistic_combined,uniform,64,14,105,129.86301369863014,1.7094195780058048,22.993622213502093,5.36483529931617e-24,1.2279897650082591e-22
optimistic_combined,uniform,64,15,114,135.85127201565558,1.471474740714968,23.62313169045433,3.369075032475945e-24,6.793159997750037e-23
optimistic_combined,uniform,64,16,122,141.17416829745596,1.5533988500352247,23.87503815407311,2.6921023378454514e-24,7.806122339453549e-23
optimistic_combined,uniform,64,17,130,146.49706457925635,1.7937410187500686,23.956169681279448,2.4031012801595234e-24,2.2131440059349516e-22
optimistic_combined,uniform,64,18,138,151.81996086105676,2.2228680894879047,23.837041660254286,2.3105525771853287e-24,2.6564779616586427e-22
optimistic_combined,uniform,64,19,146,157.14285714285714,2.9678636677361387,23.391361482298905,2.340690535660213e-24,9.76627309938359e-22
optimistic_combined,uniform,64,20,154,162.46575342465752,4.360602704524103,22.28796612078736,2.465306138168262e-24,5.190863146371431e-22
optimistic_combined,uniform,64,21,162,167.78864970645793,7.381691447332613,19.546892380621117,2.678793084098201e-24,6.48925510802168e-22
optimistic_combined,uniform,64,22,170,173.1115459882583,15.933702980582803,11.266149964550323,2.9910850925775594e-24,1.886598433024873e-22
optimistic_combined,uniform,64,23,178,178.4344422700587,57.34149640626919,-29.878590404488875,3.427816258933606e-24,1.7182986584607654e-22
optimistic_combined,uniform,64,24,187,184.42270058708414,230.38193934243625,-202.63231954911424,4.128042764170703e-24,1.5136283001403303e-22
optimistic_combined,uniform,64,25,195,189.74559686888452,35.08478494823134,-7.08801856732569,5.032449976657174e-24,2.8690400744033875e-22
optimistic_combined,uniform,64,26,203,195.06849315068493,12.133112760021346,16.10396207074197,6.370678558460963e-24,1.6445383528990065e-22
optimistic_combined,uniform,64,27,211,200.3913894324853,6.278768234091511,22.192145143166144,8.464965227987653e-24,2.468133776186002e-22
optimistic_combined,uniform,64,28,219,205.7142857142857,4.015374792042235,24.683246496733332,1.201595564568604e-23,2.8707956470230193e-22
optimistic_combined,uniform,64,29,227,211.0371819960861,2.933748793750292,25.986763034536054,1.878962336601088e-23,7.422706306744662e-22
optimistic_combined,uniform,64,30,235,216.3600782778865,2.349780684602395,26.78709416046152,3.4356863433387315e-23,2.0861057136244102e-21
optimistic_combined,uniform,64,31,243,221.68297455968687,2.017082557765826,27.33089649360946,8.455864330833817e-23,7.190223865764921e-22
optimistic_combined,uniform,64,32,251,227.00587084148728,1.8261382879536965,27.727935741046124,4.539571006152625e-22,2.231783101165632e-21
optimistic_combined,uniform,64,33,260,232.99412915851272,1.7270179355354092,28.053213873240693,8.067309125746257e-22,3.7661389207481315e-21
optimistic_combined,uniform,64,34,268,238.3170254403131,1.6763241554337214,28.30010948339779,1.0837095707368677e-22,3.6739009938886555e-21
optimistic_combined,uniform,64,35,276,243.63992172211348,1.6824069081542146,28.485894364942325,4.057207132258778e-23,3.258999934477543e-21
optimistic_combined,uniform,64,36,284,248.9628180039139,1.7270128458694884,28.62900922340222,2.1860715832601884e-23,3.45429503072998e-21
optimistic_combined,uniform,64,37,292,254.28571428571428,1.8063583905270506,28.733413102521396,1.4327724967931964e-23,4.543075885624272e-21
optimistic_combined,uniform,64,38,300,259.6086105675147,1.9233633277189672,28.796350775989637,1.0695566315199641e-23,2.0238500913076172e-21
optimistic_combined,uniform,64,39,308,264.93150684931504,2.0780077981588287,28.817996641527387,8.801983751142249e-24,5.064544810257896e-21
optimistic_combined,uniform,64,40,316,270.25440313111545,2.281448496895538,28.78733931913854,7.833569729036236e-24,2.3511623319709384e-21
optimistic_combined,uniform,64,41,324,275.57729941291586,2.546665777024634,28.691535267081548,7.442428655927701e-24,7.064765036287538e-21
optimistic_combined,uniform,64,42,333,281.56555772994125,2.9462220373405636,28.47870079005034,7.508051217818717e-24,2.754575684334331e-21
optimistic_combined,uniform,64,43,341,286.88845401174166,3.4338175120972103,28.153776138466426,7.965923042961952e-24,1.6554802066344155e-21
optimistic_combined,uniform,64,44,349,292.21135029354207,4.1213937433883086,27.625880126158435,8.827261338314089e-24,7.362674424262515e-21
optimistic_combined,uniform,64,45,357,297.5342465753424,5.144182597253839,26.759888865828927,1.0191010219892663e-23,2.0967173640296936e-21
optimistic_combined,uniform,64,46,365,302.85714285714283,6.820782396837768,25.23730626860781,1.2256174082670097e-23,2.2181486233017128e-21
optimistic_combined,uniform,64,47,373,308.18003913894324,10.010333617438505,22.19908874938676,1.5396073012958636e-23,6.744619812900089e-21
optimistic_combined,uniform,64,48,381,313.5029354207436,17.80122387441398,14.556940605011818,2.0332462604307486e-23,1.6698666782503504e-21
optimistic_combined,uniform,64,49,389,318.825831702544,49.69558731986902,-17.191185047128357,2.857526897447419e-23,8.982969383499982e-22
optimistic_combined,uniform,64,50,397,324.1487279843444,277.35375189346297,-244.70553321239476,4.369792275450842e-23,2.4866903225855763e-21
optimistic_combined,uniform,64,51,406,330.13698630136986,65.76987685560579,-32.96266095936184,8.234587446253236e-23,3.397642297252134e-21
optimistic_combined,uniform,64,52,414,335.4598825831702,25.279398857399382,7.666745202389805,1.8585199319329564e-22,6.706171397004724e-21
optimistic_combined,uniform,64,53,422,340.7827788649706,18.560332334401973,14.522552712529261,7.396518964249279e-22,1.755133137383322e-21
optimistic_combined,uniform,64,54,430,346.10567514677103,18.952274779179973,14.26523187886373,1.695276310922083e-20,5.629940691683665e-21
optimistic_combined,uniform,64,55,438,351.4285714285714,23.32164810536264,10.02842548357549,5.953058621649475e-22,4.881347701601807e-21
optimistic_combined,uniform,64,56,446,356.7514677103718,32.82724571616278,0.6534019013981975,1.656169588044917e-22,1.0190314886274427e-21
optimistic_combined,uniform,64,57,454,362.0743639921722,53.04107042985197,-19.431782652988176,7.598808969697449e-23,7.839602805547809e-22
optimistic_combined,uniform,64,58,462,367.39726027397256,109.97274127219998,-76.23669075714182,4.345642842365987e-23,1.7197236346987867e-21
optimistic_combined,uniform,64,59,470,372.720156555773,280.5298051576987,-246.6688153133552,2.812694681379834e-23,6.305564064524448e-21
optimistic_combined,uniform,64,60,479,378.7084148727984,2197.0552623015196,-2163.055830949982,1.893013949459424e-23,1.0444164992563655e-21
optimistic_combined,uniform,64,61,487,384.0313111545988,795.0351805562293,-760.9145156078014,1.4095348857554056e-23,2.188686974666253e-21
optimistic_combined,uniform,64,62,495,389.3542074363992,186.86957107269836,-152.62934138299937,1.091387866614327e-23,2.314111648380921e-21
optimistic_combined,uniform,64,63,503,394.6771037181996,78.39529780648337,-44.03712690865413,8.708460386896003e-24,1.2243895395039934e-20
optimistic_combined,uniform,64,64,511,400.0,42.71022894091593,-8.235696867201,7.116283864623271e-24,5.69361844049464e-21
optimistic_combined,d_optimal,64,1,430,346.10567514677103,18.952274779179973,14.26523187886373,1.695276310922083e-20,5.629940691683665e-21
optimistic_combined,d_optimal,64,2,446,356.7514677103718,32.82724571616278,0.6534019013981975,1.656169588044917e-22,1.0190314886274427e-21
optimistic_combined,d_optimal,64,3,434,348.7671232876712,20.638082558221683,12.645960472877633,1.84536929407506e-21,1.1129307004746925e-20
optimistic_combined,d_optimal,64,4,269,238.98238747553816,1.6747028234200232,28.325947333573893,9.281570095153851e-23,4.316646263195312e-21
optimistic_combined,d_optimal,64,5,19,72.64187866927593,5.02366873600885,14.633404859389074,1.0473879002121886e-24,5.933761395693588e-23
optimistic_combined,d_optimal,64,6,216,203.71819960861055,4.660500602328425,23.953428232343754,1.0439308827855775e-23,2.475796742893845e-22
optimistic_combined,d_optimal,64,7,367,304.18786692759295,7.419314628324285,24.676855367971683,1.2920160823081454e-23,2.0676915262297456e-21
optimistic_combined,d_optimal,64,8,172,174.4422700587084,20.55348924538962,6.712877594074968,3.0871973912217256e-24,1.7514441489376705e-22
optimistic_combined,d_optimal,64,9,440,352.7592954990215,25.10189263416672,8.281008944903903,3.9858538978824157e-22,2.8021982748156667e-21
optimistic_combined,d_optimal,64,10,334,282.23091976516633,2.9991861120026537,28.446237956956892,7.54480867756577e-24,2.301156037221776e-21
optimistic_combined,d_optimal,64,11,422,340.7827788649706,18.560332334401973,14.522552712529261,7.396518964249279e-22,1.755133137383322e-21
optimistic_combined,d_optimal,64,12,26,77.29941291585126,2.6340984965240213,17.562757660466616,1.2052416353883055e-24,2.7957157614351424e-23
optimistic_combined,d_optimal,64,13,198,191.74168297455967,21.975418433610514,6.112244513257167,5.4709251933398844e-24,1.726955159656599e-22
optimistic_combined,d_optimal,64,14,429,345.44031311154595,18.67646244519167,14.524330174772842,1.5881908460097236e-20,4.504485760762665e-21
optimistic_combined,d_optimal,64,15,433,348.1017612524462,20.128145952017775,13.139310707981622,2.7451881382543397e-21,1.0549774840443674e-20
optimistic_combined,d_optimal,64,16,270,239.6477495107632,1.6738163200912082,28.350983026364517,8.041390683486515e-23,4.885068368701677e-21
optimistic_combined,d_optimal,64,17,447,357.41682974559683,34.573127482633616,-1.076295268528611,1.4754187172751394e-22,9.37159492597084e-22
optimistic_combined,d_optimal,64,18,333,281.56555772994125,2.9462220373405636,28.47870079005034,7.508051217818717e-24,2.754575684334331e-21
optimistic_combined,d_optimal,64,19,25,76.63405088062622,2.837502629347683,17.284265277735756,1.1796197560098157e-24,2.8672769882556375e-23
optimistic_combined,d_optimal,64,20,421,340.1174168297456,18.865747578253334,14.200162108461072,5.868334018403781e-22,1.778252377152048e-21
optimistic_combined,d_optimal,64,21,199,192.40704500978472,19.2059907823929,8.911760859636487,5.6324436477473366e-24,1.5956422238063555e-22
optimistic_combined,d_optimal,64,22,439,352.0939334637965,24.17118639984021,9.195316693172757,4.824842816425816e-22,3.660330980388176e-21
optimistic_combined,d_optimal,64,23,435,349.43248532289624,21.209562328687156,12.091035460923962,1.3127809105019812e-21,1.0272318306637707e-20
optimistic_combined,d_optimal,64,24,268,238.3170254403131,1.6763241554337214,28.30010948339779,1.0837095707368677e-22,3.6739009938886555e-21
optimistic_combined,d_optimal,64,25,368,304.853228962818,7.757988431621713,24.35715980290975,1.327928448297849e-23,2.219384179411367e-21
optimistic_combined,d_optimal,64,26,24,75.96868884540118,3.0719983143905663,16.974026551117774,1.1551335515941187e-24,3.0036528150665785e-23
optimistic_combined,d_optimal,64,27,445,356.08610567514677,31.2345885105447,2.229844297075104,1.8721252703466894e-22,1.1331900281098627e-21
optimistic_combined,d_optimal,64,28,335,282.89628180039136,3.054189666611404,28.41168736890755,7.587344944214411e-24,1.9552978668652955e-21
optimistic_combined,d_optimal,64,29,171,173.77690802348337,18.02248824488778,9.210685315145668,3.038147628382555e-24,1.8321664408495434e-22
optimistic_combined,d_optimal,64,30,328,278.23874755381604,2.708677084301488,28.613007358004353,7.41145591168608e-24,7.8252906312632e-21
optimistic_combined,d_optimal,64,31,256,230.33268101761252,1.7574036263732475,27.923039874956885,6.004569091682355e-21,4.627591862353508e-21
optimistic_combined,d_optimal,64,32,441,353.42465753424653,26.120134329435643,7.27913483457553,3.346046625952992e-22,2.2097991062584614e-21
optimistic_combined,d_optimal,64,33,23,75.30332681017612,3.3441527334856787,16.62546277829125,1.1317103683262839e-24,3.223664057059059e-23
optimistic_combined,d_optimal,64,34,366,303.5225048923679,7.107930721925421,24.969219478808114,1.257948143448375e-23,2.070270334594183e-21
optimistic_combined,d_optimal,64,35,173,175.10763209393346,23.656303609747336,3.6431301432059513,3.1383089877793698e-24,1.707038939936195e-22
optimistic_combined,d_optimal,64,36,374,308.8454011741683,10.614872833608306,21.61328219177463,1.5894233117120704e-23,7.748710549214161e-21
optimistic_combined,d_optimal,64,37,266,236.986301369863,1.6819811752770175,28.24581593204549,1.5408432757889434e-22,3.156989638663341e-21
optimistic_combined,d_optimal,64,38,423,341.44814090019565,18.35136363328855,14.748463662585749,9.58543749402619e-22,1.8145313326384553e-21
optimistic_combined,d_optimal,64,39,27,77.96477495107632,2.45661081452153,17.814690024973146,1.2320783102864914e-24,2.779404989284287e-23
optimistic_combined,d_optimal,64,40,432,347.4363992172211,19.677898361054204,13.572940194292741,4.397438268641395e-21,8.867401456398422e-21
optimistic_combined,d_optimal,64,41,336,283.56164383561645,3.111342043769099,28.37493991011584,7.635676738388667e-24,1.711940195434459e-21
optimistic_combined,d_optimal,64,42,197,191.07632093933464,25.391919965500502,2.665549693863966,5.317422485451901e-24,1.9590536675416556e-22
optimistic_combined,d_optimal,64,43,267,237.65166340508804,1.6787279194879936,28.273421496001546,1.282251876613014e-22,3.264270494682014e-21
optimistic_combined,d_optimal,64,44,369,305.518590998043,8.127519493649915,24.00656560299575,1.3658016546916907e-23,2.541233615716544e-21
optimistic_combined,d_optimal,64,45,22,74.63796477495107,3.662409686016558,16.230118332644594,1.1092833925166438e-24,3.559397290674802e-23
optimistic_combined,d_optimal,64,46,294,255.61643835616437,1.831821617380078,28.753286215576125,1.3177627816245673e-23,5.884011595588294e-21
optimistic_combined,d_optimal,64,47,444,355.4207436399217,29.779876308752918,3.6683113625128527,2.1329802089716943e-22,1.2892671115982723e-21
optimistic_combined,d_optimal,64,48,200,193.07240704500978,16.933590420235852,11.214146046748056,5.802537959416041e-24,1.5314037177011308e-22
optimistic_combined,d_optimal,64,49,420,339.4520547945205,19.280826606232317,13.768074479315146,4.763013671685392e-22,1.9027144701644376e-21
optimistic_combined,d_optimal,64,50,436,350.0978473581213,21.845086564352346,11.47203449145654,9.76097625855252e-22,8.41360169185654e-21
optimistic_combined,d_optimal,64,51,28,78.63013698630137,2.3009137865392066,18.044199106166843,1.2602160745315037e-24,2.816048531639742e-23
optimistic_combined,d_optimal,64,52,365,302.85714285714283,6.820782396837768,25.23730626860781,1.2256174082670097e-23,2.2181486233017128e-21
optimistic_combined,d_optimal,64,53,332,280.9001956947162,2.895195906293989,28.509177176093402,7.477071266567814e-24,3.3770371934486885e-21
optimistic_combined,d_optimal,64,54,431,346.77103718199606,19.286127659812397,13.948060935669673,7.809737716427902e-21,7.064668814531631e-21
optimistic_combined,d_optimal,64,55,283,248.29745596868884,1.7197148450171624,28.613062798914825,2.3319831572227017e-23,4.221860182993253e-21
optimistic_combined,d_optimal,64,56,375,309.5107632093933,11.290880227971916,20.95596714260182,1.6421516062627986e-23,7.474859321507065e-21
optimistic_combined,d_optimal,64,57,385,316.16438356164383,27.22260908320621,5.208982051214264,2.389158591175273e-23,9.879181276461339e-22
optimistic_combined,d_optimal,64,58,21,73.97260273972603,4.037789717695625,15.776960523510326,1.087791093733629e-24,4.063021901208708e-23
optimistic_combined,d_optimal,64,59,428,344.7749510763209,18.459544146457993,14.724502211007376,7.481982682176235e-21,3.57486122084985e-21
optimistic_combined,d_optimal,64,60,442,354.0900195694716,27.233299847145563,6.182306116929453,2.847567291451045e-22,1.7964541235444944e-21
optimistic_combined,d_optimal,64,61,170,173.1115459882583,15.933702980582803,11.266149964550323,2.9910850925775594e-24,1.886598433024873e-22
optimistic_combined,d_optimal,64,62,29,79.29549902152641,2.1636838118713255,18.254619166354985,1.289749193517839e-24,2.9096492659640467e-23
optimistic_combined,d_optimal,64,63,327,277.57338551859095,2.6660469735476178,28.634841722771057,7.409905307894348e-24,7.614667409534481e-21
optimistic_combined,d_optimal,64,64,364,302.1917808219178,6.555242803363038,25.483742403466962,1.194925025113209e-23,2.4835069188209345e-21
optimistic_combined,uniform,128,1,0,60.0,303.3782650155288,-288.3922077173401,7.802766543630854e-25,1.539269898922888e-23
optimistic_combined,uniform,128,2,4,62.6614481409002,405.8458075864911,-390.48276674700384,8.236057900812335e-25,1.983619990256959e-23
optimistic_combined,uniform,128,3,8,65.3228962818004,76.8615859226101,-61.13724498792391,8.725519157458364e-25,2.866616599023092e-23
optimistic_combined,uniform,128,4,12,67.98434442270059,16.993394651981784,-0.9221840819385534,9.283270970036833e-25,6.085816168649029e-23
optimistic_combined,uniform,128,5,16,70.64579256360078,7.532594995910742,8.872163330024065,9.92507808784847e-25,1.122405142965093e-22
optimistic_combined,uniform,128,6,20,73.30724070450097,4.484928662181818,12.241041086424175,1.0671767289544508e-24,4.816063176359743e-23
optimistic_combined,uniform,128,7,24,75.96868884540118,3.0719983143905663,13.963726594477961,1.1551335515941187e-24,3.0036528150665785e-23
optimistic_combined,uniform,128,8,28,78.63013698630137,2.3009137865392066,15.03389914952703,1.2602160745315037e-24,2.816048531639742e-23
optimistic_combined,uniform,128,9,32,81.29158512720156,1.8381015345252405,15.785842597277977,1.3878027616549062e-24,3.61587100010547e-23
optimistic_combined,uniform,128,10,36,83.95303326810176,1.5434485258842705,16.36031160563182,1.5456241552758385e-24,4.961324892756386e-23
optimistic_combined,uniform,128,11,40,86.61448140900195,1.3496572322521334,16.825185247394273,1.7451205585004395e-24,4.8041191678450034e-23
optimistic_combined,uniform,128,12,44,89.27592954990214,1.2215212788314853,17.21619862780274,2.0038100226623623e-24,6.630637888937448e-23
optimistic_combined,uniform,128,13,48,91.93737769080235,1.139924946537683,17.552949590115674,2.349625324648177e-24,1.3486819378629282e-22
optimistic_combined,uniform,128,14,52,94.59882583170254,1.0954548896568534,17.845292319597434,2.8293352769883323e-24,2.073587847240815e-22
optimistic_combined,uniform,128,15,56,97.26027397260273,1.0820278364224718,18.099714226065785,3.5261037917158206e-24,3.8141412106516413e-22
optimistic_combined,uniform,128,16,60,99.92172211350294,1.098939377656062,18.317291119530168,4.599501851151618e-24,2.58806514737846e-22
optimistic_combined,uniform,128,17,64,102.58317025440313,1.159254881586066,18.48529973844721,6.3876978684683696e-24,2.244457060151086e-22
optimistic_combined,uniform,128,18,68,105.24461839530332,1.2846407724617468,18.582389473105522,9.711385942913182e-24,1.9303461042946246e-22
optimistic_combined,uniform,128,19,72,107.90606653620353,1.5321567045366884,18.551792818680042,1.6994028472524443e-23,1.0489310831047175e-22
optimistic_combined,uniform,128,20,76,110.56751467710372,2.066075645765982,18.229507598444428,3.798312179266577e-23,8.135881598052193e-23
optimistic_combined,uniform,128,21,80,113.22896281800391,3.505066484885156,16.997116389175773,1.4043729892503945e-22,6.050126849520665e-23
optimistic_combined,uniform,128,22,84,115.89041095890411,9.795739431035658,10.908242917851567,4.434514657567674e-22,7.20283754008358e-23
optimistic_combined,uniform,128,23,89,119.21722113502935,78.51201088798722,-57.56219870688551,5.1127617795276603e-23,1.0473667568180403e-22
optimistic_combined,uniform,128,24,93,121.87866927592955,8.5671762773292,12.574410088414083,2.0759408848142663e-23,1.5968477164931653e-22
optimistic_combined,uniform,128,25,97,124.54011741682974,3.381751219901573,17.947466487410935,1.1379920447883437e-23,2.402671969091848e-22
optimistic_combined,uniform,128,26,101,127.20156555772994,2.148028785441492,19.36485263523724,7.393971503781858e-24,1.256184106736254e-22
optimistic_combined,uniform,128,27,105,129.86301369863014,1.7094195780058048,19.98332225686228,5.36483529931617e-24,1.2279897650082591e-22
optimistic_combined,uniform,128,28,109,132.52446183953032,1.5336364113943832,20.33531686516521,4.2091868469190545e-24,8.886096971549717e-23
optimistic_combined,uniform,128,29,113,135.18590998043052,1.4748164556471743,20.566844410082894,3.501421834175259e-24,7.048520773185434e-23
optimistic_combined,uniform,128,30,117,137.84735812133073,1.481667003867818,20.72933422985861,3.047565715106477e-24,6.322359392291388e-23
optimistic_combined,uniform,128,31,121,140.5088062622309,1.5343108181365774,20.842792354531056,2.7492856498430765e-24,7.216691388194005e-23
optimistic_combined,uniform,128,32,125,143.1702544031311,1.6250615450137638,20.91502667889543,2.5526285851611968e-24,1.1582421141469918e-22
optimistic_combined,uniform,128,33,129,145.83170254403132,1.7547712103625823,20.94530000194314,2.4261718561636596e-24,2.1198405020089117e-22
optimistic_combined,uniform,128,34,133,148.4931506849315,1.9282908974972481,20.928869834656865,2.3507889428667593e-24,2.312222849033575e-22
optimistic_combined,uniform,128,35,137,151.1545988258317,2.155782138080045,20.855677451888738,2.3144860796993995e-24,2.390146131192094e-22
optimistic_combined,uniform,128,36,141,153.8160469667319,2.4539732406841557,20.709091967925644,2.3096390323103624e-24,4.974179644838726e-22
optimistic_combined,uniform,128,37,145,156.47749510763208,2.8493496771652556,20.46272031957794,2.3314452090138982e-24,1.156099068508857e-21
optimistic_combined,uniform,128,38,149,159.13894324853229,3.3843111367429346,20.074250550398702,2.377028530987236e-24,5.555447839244692e-22
optimistic_combined,uniform,128,39,153,161.8003913894325,4.1290415718046125,19.47358207512204,2.4449149172438594e-24,5.900906581578746e-22
optimistic_combined,uniform,128,40,157,164.46183953033267,5.2055906291985945,18.538744533301312,2.5347309491982885e-24,4.978765886408855e-22
optimistic_combined,uniform,128,41,161,167.12328767123287,6.840484566923198,17.043287134678536,2.6470469781257534e-24,7.243140399705392e-22
optimistic_combined,uniform,128,42,165,169.78473581213308,9.49130258335294,14.529702571311788,2.7833233268930004e-24,3.0730144673903495e-22
optimistic_combined,uniform,128,43,169,172.44618395303326,14.19156320155887,9.96454085583737,2.9459404436121093e-24,1.9244253533105612e-22
optimistic_combined,uniform,128,44,173,175.10763209393346,23.656303609747336,0.6328301865661388,3.1383089877793698e-24,1.707038939936195e-22
optimistic_combined,uniform,128,45,177,177.76908023483367,46.647785375855676,-22.22762857708011,3.3650684655385625e-24,1.895263122945652e-22
optimistic_combined,uniform,128,46,181,180.43052837573384,118.617226469895,-94.06799376100079,3.632396437463804e-24,1.2796206979783986e-22
optimistic_combined,uniform,128,47,185,183.09197651663405,298.03785443139026,-273.3614358808263,3.948467696541189e-24,1.274468374639742e-22
optimistic_combined,uniform,128,48,189,185.75342465753425,134.7317375292837,-109.92996865055602,4.324128413359905e-24,2.0959298080475783e-22
optimistic_combined,uniform,128,49,193,188.41487279843443,51.250874286157064,-26.325538366275595,4.773890905434518e-24,3.5587932211741193e-22
optimistic_combined,uniform,128,50,197,191.07632093933464,25.391919965500502,-0.34475026277584675,5.317422485451901e-24,1.9590536675416556e-22
optimistic_combined,uniform,128,51,201,193.7377690802348,15.048380345906281,10.11893783386634,5.981819355023767e-24,1.5185805848996548e-22
optimistic_combined,uniform,128,52,205,196.39921722113502,10.016615422876882,15.269211917796198,6.805167862248193e-24,1.872530437267627e-22
optimistic_combined,uniform,128,53,209,199.06066536203522,7.2245129682783755,18.178228349616674,7.842290757131295e-24,2.4529722653027787e-22
optimistic_combined,uniform,128,54,213,201.7221135029354,5.526995314871482,19.991107170527485,9.174348453959285e-24,2.2807991188647824e-22
optimistic_combined,uniform,128,55,217,204.3835616438356,4.4248110266186105,21.20714052422116,1.092555149906631e-23,2.638365917132485e-22
optimistic_combined,uniform,128,56,221,207.0450097847358,3.6742039780663207,22.070123663738627,1.3293692160796086e-23,3.1247506154075363e-22
optimistic_combined,uniform,128,57,225,209.706457925636,3.1438137755571005,22.711454610987943,1.6609246031539103e-23,4.9791623060010495e-22
optimistic_combined,uniform,128,58,229,212.3679060665362,2.7540156641832336,23.210794325429546,2.1458141066413763e-23,1.2489343236841603e-21
optimistic_combined,uniform,128,59,233,215.0293542074364,2.4657719560469946,23.60721534674512,2.896022661590757e-23,2.815335468997884e-21
optimistic_combined,uniform,128,60,237,217.69080234833658,2.248847090508733,23.930986801155356,4.147641530011176e-23,1.2241877544747866e-21
optimistic_combined,uniform,128,61,241,220.35225048923678,2.084079516479024,24.201302581649145,6.469658932250797e-23,7.2243376200064235e-22
optimistic_combined,uniform,128,62,245,223.013698630137,1.9586812720254325,24.430981827144976,1.1526410755313242e-22,8.150755457020633e-22
optimistic_combined,uniform,128,63,249,225.67514677103716,1.863920705589321,24.6287862565557,2.592800521380556e-22,1.4914834100034272e-21
optimistic_combined,uniform,128,64,253,228.33659491193737,1.7941582462891699,24.80038445052635,9.508661974589455e-22,3.3088976727530473e-21
optimistic_combined,uniform,128,65,258,231.6634050880626,1.7418238382975073,24.978357162240798,2.1248457753612335e-21,4.0127927677651465e-21
optimistic_combined,uniform,128,66,262,234.3248532289628,1.7063632072293478,25.113036156785597,4.0182147370353614e-22,4.218445721604205e-21
optimistic_combined,uniform,128,67,266,236.986301369863,1.6819811752770175,25.235515975405676,1.5408432757889434e-22,3.156989638663341e-21
optimistic_combined,uniform,128,68,270,239.6477495107632,1.6738163200912082,25.34068306972472,8.041390683486515e-23,4.885068368701677e-21
optimistic_combined,uniform,128,69,274,242.3091976516634,1.6770192475444692,25.433411033814878,4.9570271895388896e-23,3.471438425776194e-21
optimistic_combined,uniform,128,70,278,244.9706457925636,1.6902214764551085,25.51509175571205,3.391985099283003e-23,3.7568875094538784e-21
optimistic_combined,uniform,128,71,282,247.63209393346378,1.7129975186404136,25.586173371643838,2.4954599273594106e-23,5.0714136175538704e-21
optimistic_combined,uniform,128,72,286,250.29354207436398,1.7434526260000978,25.648572551394594,1.9378647225391034e-23,2.613338706270636e-21
optimistic_combined,uniform,128,73,290,252.9549902152642,1.7831605247039932,25.700736794850712,1.5703209122037522e-23,3.1233346659463865e-21
optimistic_combined,uniform,128,74,294,255.61643835616437,1.831821617380078,25.742986258936313,1.3177627816245673e-23,5.884011595588294e-21
optimistic_combined,uniform,128,75,298,258.27788649706457,1.8899684928919536,25.774808275451747,1.1390943267051948e-23,2.7197693730903334e-21
optimistic_combined,uniform,128,76,302,260.93933463796475,1.9586510231715653,25.795172280440937,1.0103437194845128e-23,1.8493911802568204e-21
optimistic_combined,uniform,128,77,306,263.600782778865,2.035483464664162,25.806482737617188,9.168184744462196e-24,3.0304431437509135e-21
optimistic_combined,uniform,128,78,310,266.26223091976516,2.1238166345353173,25.80540698577731,8.491622163881628e-24,6.307385119515886e-21
optimistic_combined,uniform,128,79,314,268.92367906066534,2.2253932718331377,25.790219900086257,8.012468238028512e-24,2.840404794255699e-21
optimistic_combined,uniform,128,80,318,271.58512720156557,2.3413137471181,25.75983820378879,7.689881354047285e-24,2.5370422131567277e-21
optimistic_combined,uniform,128,81,322,274.24657534246575,2.4735929520012854,25.71226359897146,7.496537692655242e-24,5.8428283774102796e-21
optimistic_combined,uniform,128,82,326,276.9080234833659,2.6248760108003175,25.64486707422749,7.414468032752372e-24,7.047009462628046e-21
optimistic_combined,uniform,128,83,330,279.56947162426616,2.7985863369525426,25.554240866639574,7.432517282153063e-24,5.585418122575896e-21
optimistic_combined,uniform,128,84,334,282.23091976516633,2.9991861120026537,25.43593800031708,7.54480867756577e-24,2.301156037221776e-21
optimistic_combined,uniform,128,85,338,284.8923679060665,3.2325744188776686,25.28407416982347,7.749870149917992e-24,1.4858633541133372e-21
optimistic_combined,uniform,128,86,342,287.55381604696674,3.5067103767487717,25.09070462123998,8.050236036141275e-24,1.8758466233643587e-21
optimistic_combined,uniform,128,87,346,290.2152641878669,3.8327372564063507,24.844700051982898,8.452432879173839e-24,4.446119562396203e-21
optimistic_combined,uniform,128,88,350,292.8767123287671,4.227944977993412,24.528784127568542,8.967324991562797e-24,7.175630056932153e-21
optimistic_combined,uniform,128,89,354,295.53816046966733,4.7069269295531955,24.128376676908545,9.610852685028422e-24,2.747999772667116e-21
optimistic_combined,uniform,128,90,358,298.1996086105675,5.307836889331156,23.605336783230342,1.0405257988159065e-23,2.227562224925833e-21
optimistic_combined,uniform,128,91,362,300.8610567514677,6.080221306342276,22.910130516144335,1.1380974516579062e-23,2.9758174944521738e-21
optimistic_combined,uniform,128,92,366,303.5225048923679,7.107930721925421,21.9589195221683,1.257948143448375e-23,2.070270334594183e-21
optimistic_combined,uniform,128,93,370,306.1839530332681,8.53209506605682,20.610585739964932,1.40576222022155e-23,3.0772802074249545e-21
optimistic_combined,uniform,128,94,374,308.8454011741683,10.614872833608306,18.602982235134817,1.5894233117120704e-23,7.748710549214161e-21
optimistic_combined,uniform,128,95,378,311.5068493150685,13.88727535110095,15.405108944040137,1.8200542674629382e-23,3.511874946117605e-21
optimistic_combined,uniform,128,96,382,314.1682974559687,19.565688992109425,9.80059046852729,2.1136951210370136e-23,1.3971219185263967e-21
optimistic_combined,uniform,128,97,386,316.82974559686886,30.99024793275495,-1.5506966698658289,2.4941038094131054e-23,9.297698220273954e-22
optimistic_combined,uniform,128,98,390,319.49119373776904,60.15798026287926,-30.645770131789618,2.997622719692842e-23,9.336317196485622e-22
optimistic_combined,uniform,128,99,394,322.1526418786693,135.2691025370119,-105.68483630214104,3.6820486409874145e-23,1.447082370192137e-21
optimistic_combined,uniform,128,100,398,324.81409001956945,323.4068473134692,-293.7511178206208,4.643753331138098e-23,3.0532317800731777e-21
optimistic_combined,uniform,128,101,402,327.4755381604696,162.2356219809929,-132.5090124001774,6.053121949853232e-23,6.934215987239515e-21
optimistic_combined,uniform,128,102,406,330.13698630136986,65.76987685560579,-35.972960916001654,8.234587446253236e-23,3.397642297252134e-21
optimistic_combined,uniform,128,103,410,332.79843444227004,36.33119842974502,-6.464540647112756,1.1868769782686746e-22,3.1836337726361502e-21
optimistic_combined,uniform,128,104,414,335.4598825831702,25.279398857399382,4.6564452457499925,1.8585199319329564e-22,6.706171397004724e-21
optimistic_combined,uniform,128,105,418,338.12133072407045,20.510572160714823,9.49391152048139,3.310747984292805e-22,2.5941163537990907e-21
optimistic_combined,uniform,128,106,422,340.7827788649706,18.560332334401973,11.512252755889449,7.396518964249279e-22,1.755133137383322e-21
optimistic_combined,uniform,128,107,427,344.1095890410959,18.30317710438193,11.853790685028017,4.2498178300460325e-21,2.8872176295781782e-21
optimistic_combined,uniform,128,108,431,346.77103718199606,19.286127659812397,10.93776097902986,7.809737716427902e-21,7.064668814531631e-21
optimistic_combined,uniform,128,109,435,349.43248532289624,21.209562328687156,9.08073550428415,1.3127809105019812e-21,1.0272318306637707e-20
optimistic_combined,uniform,128,110,439,352.0939334637965,24.17118639984021,6.185016736532944,4.824842816425816e-22,3.660330980388176e-21
optimistic_combined,uniform,128,111,443,354.75538160469665,28.44992077285847,1.9716913653495851,2.4519768319562035e-22,1.5023505061232315e-21
optimistic_combined,uniform,128,112,447,357.41682974559683,34.573127482633616,-4.086595225168423,1.4754187172751394e-22,9.37159492597084e-22
optimistic_combined,uniform,128,113,451,360.07827788649706,43.492064816419756,-12.941094068407423,9.835415974758042e-23,7.840746779070762e-22
optimistic_combined,uniform,128,114,455,362.73972602739724,57.004812912909166,-26.389878209449137,7.021037242574003e-23,8.250382078907108e-22
optimistic_combined,uniform,128,115,459,365.4011741682974,79.07825422554713,-48.39982316369964,5.2632197311300225e-23,1.0649017988433206e-21
optimistic_combined,uniform,128,116,463,368.06262230919765,131.27620360231856,-100.53473699215928,4.092827493107471e-23,2.19306480143381e-21
optimistic_combined,uniform,128,117,467,370.7240704500978,183.61330892313762,-152.80926093445947,3.274671165087366e-23,5.10476403352812e-21
optimistic_combined,uniform,128,118,471,373.385518590998,331.19663124428945,-300.3304495491063,2.680400625239288e-23,5.27659525515325e-21
optimistic_combined,uniform,128,119,475,376.04696673189824,749.7372905167089,-718.8094164277106,2.2351832472370818e-23,1.711968044807354e-21
optimistic_combined,uniform,128,120,479,378.7084148727984,2197.0552623015196,-2166.0661309066218,1.893013949459424e-23,1.0444164992563655e-21
optimistic_combined,uniform,128,121,483,381.3698630136986,2358.134116891635,-2327.0841571847577,1.6243536906763752e-23,1.1753524288314182e-21
optimistic_combined,uniform,128,122,487,384.0313111545988,795.0351805562293,-763.9248155644411,1.4095348857554056e-23,2.188686974666253e-21
optimistic_combined,uniform,128,123,491,386.692759295499,344.54404808920066,-313.37369499634684,1.2350532187166569e-23,2.6703953935705547e-21
optimistic_combined,uniform,128,124,495,389.3542074363992,186.86957107269836,-155.63964133963913,1.091387866614327e-23,2.314111648380921e-21
optimistic_combined,uniform,128,125,499,392.0156555772994,115.82360611113153,-84.53450559270323,9.716705982744306e-24,4.2511677722555956e-21
optimistic_combined,uniform,128,126,503,394.6771037181996,78.39529780648337,-47.04742686529394,8.708460386896003e-24,1.2243895395039934e-20
optimistic_combined,uniform,128,127,507,397.33855185909977,56.55441724919137,-25.148170866357162,7.851264066549333e-24,1.0280017741295792e-20
optimistic_combined,uniform,128,128,511,400.0,42.71022894091593,-11.245996823840812,7.116283864623271e-24,5.69361844049464e-21
optimistic_combined,d_optimal,128,1,430,346.10567514677103,18.952274779179973,11.254931922223918,1.695276310922083e-20,5.629940691683665e-21
optimistic_combined,d_optimal,128,2,434,348.7671232876712,20.638082558221683,9.63566051623782,1.84536929407506e-21,1.1129307004746925e-20
optimistic_combined,d_optimal,128,3,269,238.98238747553816,1.6747028234200232,25.31564737693408,9.281570095153851e-23,4.316646263195312e-21
optimistic_combined,d_optimal,128,4,21,73.97260273972603,4.037789717695625,12.766660566870513,1.087791093733629e-24,4.063021901208708e-23
optimistic_combined,d_optimal,128,5,334,282.23091976516633,2.9991861120026537,25.43593800031708,7.54480867756577e-24,2.301156037221776e-21
optimistic_combined,d_optimal,128,6,370,306.1839530332681,8.53209506605682,20.610585739964932,1.40576222022155e-23,3.0772802074249545e-21
optimistic_combined,d_optimal,128,7,440,352.7592954990215,25.10189263416672,5.27070898826409,3.9858538978824157e-22,2.8021982748156667e-21
optimistic_combined,d_optimal,128,8,199,192.40704500978472,19.2059907823929,5.901460902996675,5.6324436477473366e-24,1.5956422238063555e-22
optimistic_combined,d_optimal,128,9,422,340.7827788649706,18.560332334401973,11.512252755889449,7.396518964249279e-22,1.755133137383322e-21
optimistic_combined,d_optimal,128,10,445,356.08610567514677,31.2345885105447,-0.7804556595647085,1.8721252703466894e-22,1.1331900281098627e-21
optimistic_combined,d_optimal,128,11,27,77.96477495107632,2.45661081452153,14.804390068333333,1.2320783102864914e-24,2.779404989284287e-23
optimistic_combined,d_optimal,128,12,200,193.07240704500978,16.933590420235852,8.203846090108243,5.802537959416041e-24,1.5314037177011308e-22
optimistic_combined,d_optimal,128,13,429,345.44031311154595,18.67646244519167,11.51403021813303,1.5881908460097236e-20,4.504485760762665e-21
optimistic_combined,d_optimal,128,14,433,348.1017612524462,20.128145952017775,10.12901075134181,2.7451881382543397e-21,1.0549774840443674e-20
optimistic_combined,d_optimal,128,15,333,281.56555772994125,2.9462220373405636,25.468400833410527,7.508051217818717e-24,2.754575684334331e-21
optimistic_combined,d_optimal,128,16,268,238.3170254403131,1.6763241554337214,25.289809526757963,1.0837095707368677e-22,3.6739009938886555e-21
optimistic_combined,d_optimal,128,17,368,304.853228962818,7.757988431621713,21.346859846269936,1.327928448297849e-23,2.219384179411367e-21
optimistic_combined,d_optimal,128,18,441,353.42465753424653,26.120134329435643,4.268834877935717,3.346046625952992e-22,2.2097991062584614e-21
optimistic_combined,d_optimal,128,19,26,77.29941291585126,2.6340984965240213,14.552457703826803,1.2052416353883055e-24,2.7957157614351424e-23
optimistic_combined,d_optimal,128,20,374,308.8454011741683,10.614872833608306,18.602982235134817,1.5894233117120704e-23,7.748710549214161e-21
optimistic_combined,d_optimal,128,21,171,173.77690802348337,18.02248824488778,6.200385358505855,3.038147628382555e-24,1.8321664408495434e-22
optimistic_combined,d_optimal,128,22,256,230.33268101761252,1.7574036263732475,24.912739918317072,6.004569091682355e-21,4.627591862353508e-21
optimistic_combined,d_optimal,128,23,335,282.89628180039136,3.054189666611404,25.401387412267738,7.587344944214411e-24,1.9552978668652955e-21
optimistic_combined,d_optimal,128,24,435,349.43248532289624,21.209562328687156,9.08073550428415,1.3127809105019812e-21,1.0272318306637707e-20
optimistic_combined,d_optimal,128,25,266,236.986301369863,1.6819811752770175,25.235515975405676,1.5408432757889434e-22,3.156989638663341e-21
optimistic_combined,d_optimal,128,26,367,304.18786692759295,7.419314628324285,21.66655541133187,1.2920160823081454e-23,2.0676915262297456e-21
optimistic_combined,d_optimal,128,27,28,78.63013698630137,2.3009137865392066,15.03389914952703,1.2602160745315037e-24,2.816048531639742e-23
optimistic_combined,d_optimal,128,28,439,352.0939334637965,24.17118639984021,6.185016736532944,4.824842816425816e-22,3.660330980388176e-21
optimistic_combined,d_optimal,128,29,198,191.74168297455967,21.975418433610514,3.1019445566173545,5.4709251933398844e-24,1.726955159656599e-22
optimistic_combined,d_optimal,128,30,421,340.1174168297456,18.865747578253334,11.18986215182126,5.868334018403781e-22,1.778252377152048e-21
optimistic_combined,d_optimal,128,31,328,278.23874755381604,2.708677084301488,25.60270740136454,7.41145591168608e-24,7.8252906312632e-21
optimistic_combined,d_optimal,128,32,25,76.63405088062622,2.837502629347683,14.273965321095943,1.1796197560098157e-24,2.8672769882556375e-23
optimistic_combined,d_optimal,128,33,446,356.7514677103718,32.82724571616278,-2.356898055241615,1.656169588044917e-22,1.0190314886274427e-21
optimistic_combined,d_optimal,128,34,170,173.1115459882583,15.933702980582803,8.25585000791051,2.9910850925775594e-24,1.886598433024873e-22
optimistic_combined,d_optimal,128,35,267,237.65166340508804,1.6787279194879936,25.263121539361734,1.282251876613014e-22,3.264270494682014e-21
optimistic_combined,d_optimal,128,36,336,283.56164383561645,3.111342043769099,25.36463995347603,7.635676738388667e-24,1.711940195434459e-21
optimistic_combined,d_optimal,128,37,369,305.518590998043,8.127519493649915,20.996265646355937,1.3658016546916907e-23,2.541233615716544e-21
optimistic_combined,d_optimal,128,38,29,79.29549902152641,2.1636838118713255,15.244319209715172,1.289749193517839e-24,2.9096492659640467e-23
optimistic_combined,d_optimal,128,39,432,347.4363992172211,19.677898361054204,10.562640237652928,4.397438268641395e-21,8.867401456398422e-21
optimistic_combined,d_optimal,128,40,201,193.7377690802348,15.048380345906281,10.11893783386634,5.981819355023767e-24,1.5185805848996548e-22
optimistic_combined,d_optimal,128,41,294,255.61643835616437,1.831821617380078,25.742986258936313,1.3177627816245673e-23,5.884011595588294e-21
optimistic_combined,d_optimal,128,42,423,341.44814090019565,18.35136363328855,11.738163705945936,9.58543749402619e-22,1.8145313326384553e-21
optimistic_combined,d_optimal,128,43,365,302.85714285714283,6.820782396837768,22.227006311967997,1.2256174082670097e-23,2.2181486233017128e-21
optimistic_combined,d_optimal,128,44,24,75.96868884540118,3.0719983143905663,13.963726594477961,1.1551335515941187e-24,3.0036528150665785e-23
optimistic_combined,d_optimal,128,45,270,239.6477495107632,1.6738163200912082,25.34068306972472,8.041390683486515e-23,4.885068368701677e-21
optimistic_combined,d_optimal,128,46,375,309.5107632093933,11.290880227971916,17.94566718596201,1.6421516062627986e-23,7.474859321507065e-21
optimistic_combined,d_optimal,128,47,332,280.9001956947162,2.895195906293989,25.49887721945359,7.477071266567814e-24,3.3770371934486885e-21
optimistic_combined,d_optimal,128,48,172,174.4422700587084,20.55348924538962,3.702577637435155,3.0871973912217256e-24,1.7514441489376705e-22
optimistic_combined,d_optimal,128,49,444,355.4207436399217,29.779876308752918,0.6580114058730402,2.1329802089716943e-22,1.2892671115982723e-21
optimistic_combined,d_optimal,128,50,431,346.77103718199606,19.286127659812397,10.93776097902986,7.809737716427902e-21,7.064668814531631e-21
optimistic_combined,d_optimal,128,51,30,79.96086105675147,2.0422183772830027,15.438363156467204,1.3207808081458658e-24,3.068726165642765e-23
optimistic_combined,d_optimal,128,52,366,303.5225048923679,7.107930721925421,21.9589195221683,1.257948143448375e-23,2.070270334594183e-21
optimistic_combined,d_optimal,128,53,283,248.29745596868884,1.7197148450171624,25.602762842275013,2.3319831572227017e-23,4.221860182993253e-21
optimistic_combined,d_optimal,128,54,442,354.0900195694716,27.233299847145563,3.1720061602896408,2.847567291451045e-22,1.7964541235444944e-21
optimistic_combined,d_optimal,128,55,436,350.0978473581213,21.845086564352346,8.461734534816728,9.76097625855252e-22,8.41360169185654e-21
optimistic_combined,d_optimal,128,56,420,339.4520547945205,19.280826606232317,10.757774522675334,4.763013671685392e-22,1.9027144701644376e-21
optimistic_combined,d_optimal,128,57,169,172.44618395303326,14.19156320155887,9.96454085583737,2.9459404436121093e-24,1.9244253533105612e-22
optimistic_combined,d_optimal,128,58,23,75.30332681017612,3.3441527334856787,13.615162821651438,1.1317103683262839e-24,3.223664057059059e-23
optimistic_combined,d_optimal,128,59,327,277.57338551859095,2.6660469735476178,25.624541766131244,7.409905307894348e-24,7.614667409534481e-21
optimistic_combined,d_optimal,128,60,340,286.2230919765166,3.3639464770844296,25.193179192501788,7.887827972615501e-24,1.5291298178717188e-21
optimistic_combined,d_optimal,128,61,428,344.7749510763209,18.459544146457993,11.714202254367564,7.481982682176235e-21,3.57486122084985e-21
optimistic_combined,d_optimal,128,62,373,308.18003913894324,10.010333617438505,19.188788792746948,1.5396073012958636e-23,6.744619812900089e-21
optimistic_combined,d_optimal,128,63,31,80.62622309197651,1.9343013613582902,15.618257247126039,1.3534239606770328e-24,3.301515914897953e-23
optimistic_combined,d_optimal,128,64,257,230.99804305283757,1.7486783008029116,24.94652000357715,4.213594349548293e-21,4.3734803965146324e-21
optimistic_combined,d_optimal,128,65,202,194.40313111545987,13.468731860035616,11.728365540970103,6.170955831776624e-24,1.555746293335834e-22
optimistic_combined,d_optimal,128,66,293,254.95107632093934,1.8188030669486361,25.7333662187297,1.372747674518508e-23,5.461867439219035e-21
optimistic_combined,d_optimal,128,67,364,302.1917808219178,6.555242803363038,22.47344244682715,1.194925025113209e-23,2.4835069188209345e-21
optimistic_combined,d_optimal,128,68,438,351.4285714285714,23.32164810536264,7.018125526935677,5.953058621649475e-22,4.881347701601807e-21
optimistic_combined,d_optimal,128,69,337,284.2270058708415,3.170761165965831,25.325577926672892,7.689836062850732e-24,1.5611153913220576e-21
optimistic_combined,d_optimal,128,70,32,81.29158512720156,1.8381015345252405,15.785842597277977,1.3878027616549062e-24,3.61587100010547e-23
optimistic_combined,d_optimal,128,71,265,236.32093933463796,1.6861828751233745,25.206893499719456,1.8857031366333425e-22,3.3395307629422914e-21
optimistic_combined,d_optimal,128,72,443,354.75538160469665,28.44992077285847,1.9716913653495851,2.4519768319562035e-22,1.5023505061232315e-21
optimistic_combined,d_optimal,128,73,424,342.11350293542074,18.22843341309273,11.878003192729906,1.2858111327035464e-21,1.939774956163117e-21
optimistic_combined,d_optimal,128,74,349,292.21135029354207,4.1213937433883086,24.615580169518623,8.827261338314089e-24,7.362674424262515e-21
optimistic_combined,d_optimal,128,75,22,74.63796477495107,3.662409686016558,13.219818376004781,1.1092833925166438e-24,3.559397290674802e-23
optimistic_combined,d_optimal,128,76,168,171.78082191780823,12.724552762159977,11.397973055840751,2.902649327792218e-24,2.0146949032737288e-22
optimistic_combined,d_optimal,128,77,216,203.71819960861055,4.660500602328425,20.94312827570394,1.0439308827855775e-23,2.475796742893845e-22
optimistic_combined,d_optimal,128,78,371,306.8493150684931,8.976656372638715,20.184879082151284,1.447947795650941e-23,3.926709237123424e-21
optimistic_combined,d_optimal,128,79,284,248.9628180039139,1.7270128458694884,25.61870926676241,2.1860715832601884e-23,3.45429503072998e-21
optimistic_combined,d_optimal,128,80,33,81.95694716242662,1.7520951633648565,15.942652584592878,1.4240537204896028e-24,4.037818348680826e-23
optimistic_combined,d_optimal,128,81,295,256.2818003913894,1.8454253249918116,25.751962290907514,1.2673174279180183e-23,5.375933810722822e-21
optimistic_combined,d_optimal,128,82,419,338.7866927592955,19.82219127534727,10.199367881003852,3.939602836921445e-22,2.1572062149323266e-21
optimistic_combined,d_optimal,128,83,447,357.41682974559683,34.573127482633616,-4.086595225168423,1.4754187172751394e-22,9.37159492597084e-22
optimistic_combined,d_optimal,128,84,384,315.4990215264188,24.169774901013415,5.233217723144477,2.2911546023347407e-23,1.0774025515951292e-21
optimistic_combined,d_optimal,128,85,215,203.05283757338552,4.920457227473938,20.654756321868163,9.987418880688776e-24,2.3462820309088146e-22
optimistic_combined,d_optimal,128,86,34,82.62230919765166,1.675006358659304,16.089972508595068,1.4623272664550997e-24,4.5747211048848596e-23
optimistic_combined,d_optimal,128,87,282,247.63209393346378,1.7129975186404136,25.586173371643838,2.4954599273594106e-23,5.0714136175538704e-21
optimistic_combined,d_optimal,128,88,173,175.10763209393346,23.656303609747336,0.6328301865661388,3.1383089877793698e-24,1.707038939936195e-22
optimistic_combined,d_optimal,128,89,372,307.5146771037182,9.467068008789537,19.71328125520958,1.492508316711638e-23,5.1986810199301955e-21
optimistic_combined,d_optimal,128,90,339,285.55772994129154,3.2969196718897584,25.239991035618687,7.815841494611087e-24,1.4755867320921004e-21
optimistic_combined,d_optimal,128,91,437,350.76320939334636,22.54782427004862,7.775488722593096,7.516205384707279e-22,6.498949276155586e-21
optimistic_combined,d_optimal,128,92,20,73.30724070450097,4.484928662181818,12.241041086424175,1.0671767289544508e-24,4.816063176359743e-23
optimistic_combined,d_optimal,128,93,329,278.90410958904107,2.752833075930538,25.579297485470647,7.419020308662923e-24,7.029830990077932e-21
optimistic_combined,d_optimal,128,94,203,195.06849315068493,12.133112760021346,13.093662114102159,6.370678558460963e-24,1.6445383528990065e-22
optimistic_combined,d_optimal,128,95,243,221.68297455968687,2.017082557765826,24.32059653696966,8.455864330833817e-23,7.190223865764921e-22
optimistic_combined,d_optimal,128,96,341,286.88845401174166,3.4338175120972103,25.143476181826614,7.965923042961952e-24,1.6554802066344155e-21
optimistic_combined,d_optimal,128,97,350,292.8767123287671,4.227944977993412,24.528784127568542,8.967324991562797e-24,7.175630056932153e-21
optimistic_combined,d_optimal,128,98,35,83.2876712328767,1.605760648966472,16.228886024595,1.5027894918651077e-24,5.0168101122607635e-23
optimistic_combined,d_optimal,128,99,425,342.77886497064577,18.18339597932161,11.939917038901768,1.8014633340763473e-21,2.1333493637131444e-21
optimistic_combined,d_optimal,128,100,385,316.16438356164383,27.22260908320621,2.198682094574451,2.389158591175273e-23,9.879181276461339e-22
optimistic_combined,d_optimal,128,101,275,242.97455968688845,1.6794080860105347,25.45484028009335,4.471618003256703e-23,3.2812940459134708e-21
optimistic_combined,d_optimal,128,102,19,72.64187866927593,5.02366873600885,11.623104902749262,1.0473879002121886e-24,5.933761395693588e-23
optimistic_combined,d_optimal,128,103,244,222.34833659491193,1.9868731957542072,24.376836790892213,9.813367275408069e-23,7.539287056936717e-22
optimistic_combined,d_optimal,128,104,414,335.4598825831702,25.279398857399382,4.6564452457499925,1.8585199319329564e-22,6.706171397004724e-21
optimistic_combined,d_optimal,128,105,427,344.1095890410959,18.30317710438193,11.853790685028017,4.2498178300460325e-21,2.8872176295781782e-21
optimistic_combined,d_optimal,128,106,331,280.2348336594912,2.846013305459016,25.527461341799338,7.451883177856959e-24,4.287942118108101e-21
optimistic_combined,d_optimal,128,107,274,242.3091976516634,1.6770192475444692,25.433411033814878,4.9570271895388896e-23,3.471438425776194e-21
optimistic_combined,d_optimal,128,108,167,171.11545988258317,11.478417561729541,12.610399704925001,2.8611521258480654e-24,2.206259735106521e-22
optimistic_combined,d_optimal,128,109,36,83.95303326810176,1.5434485258842705,16.36031160563182,1.5456241552758385e-24,4.961324892756386e-23
optimistic_combined,d_optimal,128,110,214,202.38747553816046,5.207989259103763,20.33871569743887,9.56670442216948e-24,2.2765300913583887e-22
optimistic_combined,d_optimal,128,111,363,301.5264187866927,6.309043855787435,22.700495827643394,1.1657797821884081e-23,2.7726647910252412e-21
optimistic_combined,d_optimal,128,112,326,276.9080234833659,2.6248760108003175,25.64486707422749,7.414468032752372e-24,7.047009462628046e-21
optimistic_combined,d_optimal,128,113,18,71.97651663405088,5.681590097000849,10.885258688861953,1.028376159244501e-24,7.528663704848116e-23
optimistic_combined,d_optimal,128,114,418,338.12133072407045,20.510572160714823,9.49391152048139,3.310747984292805e-22,2.5941163537990907e-21
optimistic_combined,d_optimal,128,115,242,221.01761252446184,2.0494376773484966,24.262132278490355,7.362616333721018e-23,7.081208850903888e-22
optimistic_combined,d_optimal,128,116,197,191.07632093933464,25.391919965500502,-0.34475026277584675,5.317422485451901e-24,1.9590536675416556e-22
optimistic_combined,d_optimal,128,117,285,249.62818003913893,1.7349353882764647,25.633969110963605,2.0553587398489262e-23,2.9271909767217597e-21
optimistic_combined,d_optimal,128,118,37,84.6183953033268,1.4872965885151508,16.485031404931945,1.5910349899674203e-24,4.6628758023101794e-23
optimistic_combined,d_optimal,128,119,426,343.4442270058708,18.20992468599433,11.930232017864142,2.668346164723755e-21,2.4274204464864526e-21
optimistic_combined,d_optimal,128,120,292,254.28571428571428,1.8063583905270506,25.723113145881584,1.4327724967931964e-23,4.543075885624272e-21
optimistic_combined,d_optimal,128,121,348,291.54598825831704,4.020238032720113,24.69693565386565,8.694926381410399e-24,6.557886356206375e-21
optimistic_combined,d_optimal,128,122,338,284.8923679060665,3.2325744188776686,25.28407416982347,7.749870149917992e-24,1.4858633541133372e-21
optimistic_combined,d_optimal,128,123,38,85.28375733855185,1.4366445378967614,16.60371426812958,1.6392483720021202e-24,4.5055913352937226e-23
optimistic_combined,d_optimal,128,124,271,240.31311154598825,1.673629284130622,25.36495233979396,7.037488903283739e-23,4.942028609096746e-21
optimistic_combined,d_optimal,128,125,204,195.73385518590996,10.994522180508708,14.261829111545879,6.5817891374432204e-24,1.769690039696079e-22
optimistic_combined,d_optimal,128,126,241,220.35225048923678,2.084079516479024,24.201302581649145,6.469658932250797e-23,7.2243376200064235e-22
optimistic_combined,d_optimal,128,127,413,334.7945205479452,27.203536165258342,2.715062954258755,1.6452746668325366e-22,6.299240159975184e-21
optimistic_combined,d_optimal,128,128,17,71.31115459882584,6.49823470414203,9.98794694969881,1.0100966535227172e-24,9.525131858583022e-23
optimistic_combined,uniform,256,1,0,60.0,303.3782650155288,-291.4025076739799,7.802766543630854e-25,1.539269898922888e-23
optimistic_combined,uniform,256,2,2,61.330724070450096,427.1446828835216,-414.97838870968843,8.013035097000863e-25,1.7150270934176736e-23
optimistic_combined,uniform,256,3,4,62.6614481409002,405.8458075864911,-393.4930667036437,8.236057900812335e-25,1.983619990256959e-23
optimistic_combined,uniform,256,4,6,63.992172211350294,181.31020367707492,-168.77493429268742,8.473082020046228e-25,2.345111616682342e-23
optimistic_combined,uniform,256,5,8,65.3228962818004,76.8615859226101,-64.14754494456372,8.725519157458364e-25,2.866616599023092e-23
optimistic_combined,uniform,256,6,10,66.65362035225048,32.4453489920579,-19.55614178834442,8.99497283364203e-25,3.9100523521738014e-23
optimistic_combined,uniform,256,7,12,67.98434442270059,16.993394651981784,-3.932484038578366,9.283270970036833e-25,6.085816168649029e-23
optimistic_combined,uniform,256,8,14,69.31506849315069,10.68427599103105,2.545009477231872,9.592505139013738e-25,9.924264007157942e-23
optimistic_combined,uniform,256,9,16,70.64579256360078,7.532594995910742,5.861863373384253,9.92507808784847e-25,1.122405142965093e-22
optimistic_combined,uniform,256,10,18,71.97651663405088,5.681590097000849,7.87495873222214,1.028376159244501e-24,7.528663704848116e-23
optimistic_combined,uniform,256,11,20,73.30724070450097,4.484928662181818,9.230741129784363,1.0671767289544508e-24,4.816063176359743e-23
optimistic_combined,uniform,256,12,22,74.63796477495107,3.662409686016558,10.209518419364969,1.1092833925166438e-24,3.559397290674802e-23
optimistic_combined,uniform,256,13,24,75.96868884540118,3.0719983143905663,10.953426637838149,1.1551335515941187e-24,3.0036528150665785e-23
optimistic_combined,uniform,256,14,26,77.29941291585126,2.6340984965240213,11.542157747186991,1.2052416353883055e-24,2.7957157614351424e-23
optimistic_combined,uniform,256,15,28,78.63013698630137,2.3009137865392066,12.023599192887218,1.2602160745315037e-24,2.816048531639742e-23
optimistic_combined,uniform,256,16,30,79.96086105675147,2.0422183772830027,12.428063199827392,1.3207808081458658e-24,3.068726165642765e-23
optimistic_combined,uniform,256,17,32,81.29158512720156,1.8381015345252405,12.775542640638164,1.3878027616549062e-24,3.61587100010547e-23
optimistic_combined,uniform,256,18,34,82.62230919765166,1.675006358659304,13.079672551955255,1.4623272664550997e-24,4.5747211048848596e-23
optimistic_combined,uniform,256,19,36,83.95303326810176,1.5434485258842705,13.350011648992009,1.5456241552758385e-24,4.961324892756386e-23
optimistic_combined,uniform,256,20,38,85.28375733855185,1.4366445378967614,13.593414311489767,1.6392483720021202e-24,4.5055913352937226e-23
optimistic_combined,uniform,256,21,40,86.61448140900195,1.3496572322521334,13.81488529075446,1.7451205585004395e-24,4.8041191678450034e-23
optimistic_combined,uniform,256,22,42,87.94520547945206,1.2788483675537998,14.018127325290223,1.8656355043097877e-24,5.472450626223071e-23
optimistic_combined,uniform,256,23,44,89.27592954990214,1.2215212788314853,14.205898671162927,2.0038100226623623e-24,6.630637888937448e-23
optimistic_combined,uniform,256,24,46,90.60665362035225,1.1756876926243198,14.38024645891656,2.1634874998432516e-24,8.906717162166163e-23
optimistic_combined,uniform,256,25,48,91.93737769080235,1.139924946537683,14.542649633475861,2.349625324648177e-24,1.3486819378629282e-22
optimistic_combined,uniform,256,26,50,93.26810176125244,1.11331657886303,14.694078512527497,2.568705839790617e-24,2.0642288932694031e-22
optimistic_combined,uniform,256,27,52,94.59882583170254,1.0954548896568534,14.834992362957621,2.8293352769883323e-24,2.073587847240815e-22
optimistic_combined,uniform,256,28,54,95.92954990215264,1.0858253612001725,14.965955108302808,3.143135497864329e-24,2.4628821028556154e-22
optimistic_combined,uniform,256,29,56,97.26027397260273,1.0820278364224718,15.089414269425973,3.5261037917158206e-24,3.8141412106516413e-22
optimistic_combined,uniform,256,30,58,98.59099804305283,1.0856998110335836,15.203777783390123,4.0007429908108385e-24,4.025198440737886e-22
optimistic_combined,uniform,256,31,60,99.92172211350294,1.098939377656062,15.306991162890355,4.599501851151618e-24,2.58806514737846e-22
optimistic_combined,uniform,256,32,62,101.25244618395303,1.1228162047992554,15.398026613993068,5.370529532017623e-24,1.9745928049537086e-22
optimistic_combined,uniform,256,33,64,102.58317025440313,1.159254881586066,15.474999781807398,6.3876978684683696e-24,2.244457060151086e-22
optimistic_combined,uniform,256,34,66,103.91389432485323,1.211482601352545,15.534722151458652,7.768900815356031e-24,2.7251758012663067e-22
optimistic_combined,uniform,256,35,68,105.24461839530332,1.2846407724617468,15.57208951646571,9.711385942913182e-24,1.9303461042946246e-22
optimistic_combined,uniform,256,36,70,106.57534246575342,1.3869788992587284,15.578888172001996,1.2564693906476613e-23,1.31401101801978e-22
optimistic_combined,uniform,256,37,72,107.90606653620353,1.5321567045366884,15.54149286204023,1.6994028472524443e-23,1.0489310831047175e-22
optimistic_combined,uniform,256,38,74,109.23679060665361,1.743893095431288,15.436217878802765,2.4385061046765677e-23,9.155207786309796e-23
optimistic_combined,uniform,256,39,76,110.56751467710372,2.066075645765982,15.219207641804616,3.798312179266577e-23,8.135881598052193e-23
optimistic_combined,uniform,256,40,78,111.89823874755382,2.586979003397861,14.802218348223363,6.666609817240741e-23,7.050035317545768e-23
optimistic_combined,uniform,256,41,80,113.22896281800391,3.505066484885156,13.98681643253596,1.4043729892503945e-22,6.050126849520665e-23
optimistic_combined,uniform,256,42,82,114.55968688845401,5.340577287705666,12.252791405431594,4.0606509913625286e-22,6.063542399806127e-23
optimistic_combined,uniform,256,43,84,115.89041095890411,9.795739431035658,7.897942961211754,4.434514657567674e-22,7.20283754008358e-23
optimistic_combined,uniform,256,44,86,117.2211350293542,24.67276129882094,-6.879910519852899,1.4791784149920392e-22,9.009051676185984e-23
optimistic_combined,uniform,256,45,88,118.5518590998043,119.24341605210003,-101.35251634098148,6.925646915609056e-23,1.0029134293420001e-22
optimistic_combined,uniform,256,46,90,119.8825831702544,35.82621257519698,-17.838358394604086,3.918318950262559e-23,1.0816977085617636e-22
optimistic_combined,uniform,256,47,92,121.2133072407045,12.43718386524962,5.646554486347554,2.5085372902341284e-23,1.3271461483444195e-22
optimistic_combined,uniform,256,48,94,122.5440313111546,6.329540732647604,11.84903486415216,1.748963799079976e-23,1.9557338647998048e-22
optimistic_combined,uniform,256,49,96,123.8747553816047,4.01640705613025,14.25598147539867,1.2973043173294178e-23,2.4715176488029737e-22
optimistic_combined,uniform,256,50,98,125.20547945205479,2.9276798529610835,15.437519193182467,1.0086063384300507e-23,2.0873462252448756e-22
optimistic_combined,uniform,256,51,100,126.53620352250489,2.3414072680542053,16.115621068638333,8.137089415069736e-24,1.427115329452148e-22
optimistic_combined,uniform,256,52,102,127.86692759295498,1.9974104245893431,16.550486509380846,6.764423053887067e-24,1.1963549992578524e-22
optimistic_combined,uniform,256,53,104,129.19765166340508,1.784584767268617,16.853239963799055,5.7647300117608134e-24,1.2472412328674975e-22
optimistic_combined,uniform,256,54,106,130.52837573385517,1.6493288336660492,17.077502175846746,5.0168614232215984e-24,1.2075653193864096e-22
optimistic_combined,uniform,256,55,108,131.8590998043053,1.563389909061815,17.251544555022022,4.4451127880121135e-24,1.0081417526165761e-22
optimistic_combined,uniform,256,56,110,133.18982387475538,1.5108198675998648,17.39133335877777,4.0002619573175536e-24,8.049365370508037e-23
optimistic_combined,uniform,256,57,112,134.52054794520546,1.482129471849396,17.50637541535653,3.649214793506526e-24,7.2544851680617e-23
optimistic_combined,uniform,256,58,114,135.85127201565558,1.471474740714968,17.602531777174704,3.369075032475945e-24,6.793159997750037e-23
optimistic_combined,uniform,256,59,116,137.18199608610567,1.4751827592346867,17.683491931280315,3.14360662395754e-24,6.387920220333908e-23
optimistic_combined,uniform,256,60,118,138.51272015655576,1.4909717625290744,17.751553734682645,2.961047597298324e-24,6.365343607460446e-23
optimistic_combined,uniform,256,61,120,139.84344422700588,1.5175234128636055,17.808051155646652,2.812716917426856e-24,6.801762708831529e-23
optimistic_combined,uniform,256,62,122,141.17416829745596,1.5533988500352247,17.854438240793485,2.6921023378454514e-24,7.806122339453549e-23
optimistic_combined,uniform,256,63,124,142.50489236790605,1.5987895492980586,17.890538273842253,2.594248700269046e-24,9.836439489433119e-23
optimistic_combined,uniform,256,64,126,143.83561643835617,1.653738153652692,17.916322959213005,2.515338872196695e-24,1.4080868169559525e-22
optimistic_combined,uniform,256,65,128,145.16634050880626,1.7185152327045587,17.93153567832907,2.4524011256558883e-24,1.977810483571339e-22
optimistic_combined,uniform,256,66,130,146.49706457925635,1.7937410187500686,17.935569767999823,2.4031012801595234e-24,2.2131440059349516e-22
optimistic_combined,uniform,256,67,132,147.82778864970646,1.88034452397227,17.927509417039673,2.3655927712910456e-24,2.211503038038594e-22
optimistic_combined,uniform,256,68,134,149.15851272015655,1.979579530310428,17.906113689594363,2.3384070049243844e-24,2.396820913756076e-22
optimistic_combined,uniform,256,69,136,150.48923679060664,2.0930690135214265,17.869772113688995,2.3203721857907684e-24,2.296418615647247e-22
optimistic_combined,uniform,256,70,138,151.81996086105676,2.2228680894879047,17.81644174697466,2.3105525771853287e-24,2.6564779616586427e-22
optimistic_combined,uniform,256,71,140,153.15068493150685,2.371559697688394,17.743551504786623,2.3082026297993496e-24,3.854808467639782e-22
optimistic_combined,uniform,256,72,142,154.48140900195693,2.5423865007292425,17.647870271642518,2.3127320795097727e-24,6.645150767248914e-22
optimistic_combined,uniform,256,73,144,155.81213307240705,2.739431083040312,17.52532671310307,2.323679244809948e-24,1.1157458279335865e-21
optimistic_combined,uniform,256,74,146,157.14285714285714,2.9678636677361387,17.37076156901928,2.340690535660213e-24,9.76627309938359e-22
optimistic_combined,uniform,256,75,148,158.47358121330723,3.234285447252379,17.17758433257734,2.3635047327995303e-24,6.265531065873645e-22
optimistic_combined,uniform,256,76,150,159.80430528375734,3.547210073357602,16.93729176956377,2.3919409853708135e-24,5.472704128570385e-22
optimistic_combined,uniform,256,77,152,161.13502935420743,3.9177488631667168,16.638782721244425,2.4258897548561588e-24,6.234986147496368e-22
optimistic_combined,uniform,256,78,154,162.46575342465752,4.360602704524103,16.267366207507735,2.465306138168262e-24,5.190863146371431e-22
optimistic_combined,uniform,256,79,156,163.79647749510764,4.8955260808680485,15.803297410178942,2.5102051550083362e-24,4.709998879178464e-22
optimistic_combined,uniform,256,80,158,165.12720156555773,5.549535669528443,15.219569082570615,2.5606586999667433e-24,5.396494793726117e-22
optimistic_combined,uniform,256,81,160,166.45792563600781,6.36032498547672,14.47849691326519,2.6167939493331192e-24,6.896863691365823e-22
optimistic_combined,uniform,256,82,162,167.78864970645793,7.381691447332613,13.526292467341491,2.678793084098201e-24,6.48925510802168e-22
optimistic_combined,uniform,256,83,164,169.11937377690802,8.692434810725686,12.284164759960348,2.746894249979277e-24,3.9073815285670207e-22
optimistic_combined,uniform,256,84,166,170.4500978473581,10.411471157908327,10.633206273426737,2.821393726906224e-24,2.5380891212437105e-22
optimistic_combined,uniform,256,85,168,171.78082191780823,12.724552762159977,8.387673099200939,2.902649327792218e-24,2.0146949032737288e-22
optimistic_combined,uniform,256,86,170,173.1115459882583,15.933702980582803,5.245550051270698,2.9910850925775594e-24,1.886598433024873e-22
optimistic_combined,uniform,256,87,172,174.4422700587084,20.55348924538962,0.6922776807953426,3.0871973912217256e-24,1.7514441489376705e-22
optimistic_combined,uniform,256,88,174,175.77299412915852,27.509413135036045,-6.197637789320325,3.1915626012635893e-24,1.7348413906768815e-22
optimistic_combined,uniform,256,89,176,177.1037181996086,38.5711207796711,-17.193834864385224,3.3048465847272263e-24,1.9286607705545004e-22
optimistic_combined,uniform,256,90,178,178.4344422700587,57.34149640626919,-35.8991903177685,3.427816258933606e-24,1.7182986584607654e-22
optimistic_combined,uniform,256,91,180,179.7651663405088,91.4561118630299,-69.94926871020999,3.561353640340262e-24,1.3760537075967702e-22
optimistic_combined,uniform,256,92,182,181.0958904109589,155.68319186627863,-134.11228763181924,3.7064728451174806e-24,1.2268103197288144e-22
optimistic_combined,uniform,256,93,184,182.426614481409,258.12237227830565,-236.48787597519248,3.8643406615827664e-24,1.2250900763493882e-22
optimistic_combined,uniform,256,94,186,183.7573385518591,282.5650929755224,-260.86746679901836,4.036301476847343e-24,1.365537857965071e-22
optimistic_combined,uniform,256,95,188,185.0880626223092,177.37970670253418,-155.61940617776423,4.2239075551381865e-24,1.74442098491151e-22
optimistic_combined,uniform,256,96,190,186.41878669275928,103.09463091393046,-81.2721050392372,4.428955944619681e-24,2.6014473956543363e-22
optimistic_combined,uniform,256,97,192,187.7495107632094,63.50777925251574,-41.623470638736364,4.6535336556154694e-24,3.502560905197405e-22
optimistic_combined,uniform,256,98,194,189.0802348336595,42.07627623867029,-20.130621244478476,4.9000732370703786e-24,3.384262252857983e-22
optimistic_combined,uniform,256,99,196,190.41095890410958,29.663761361894057,-7.657190225345218,5.171421523507899e-24,2.336194168673619e-22
optimistic_combined,uniform,256,100,198,191.74168297455967,21.975418433610514,0.09164459997754193,5.4709251933398844e-24,1.726955159656599e-22
optimistic_combined,uniform,256,101,200,193.07240704500978,16.933590420235852,5.1935461334684305,5.802537959416041e-24,1.5314037177011308e-22
optimistic_combined,uniform,256,102,202,194.40313111545987,13.468731860035616,8.71806558433029,6.170955831776624e-24,1.555746293335834e-22
optimistic_combined,uniform,256,103,204,195.73385518590996,10.994522180508708,11.251529154906066,6.5817891374432204e-24,1.769690039696079e-22
optimistic_combined,uniform,256,104,206,197.06457925636008,9.17096639865812,13.133937343596045,7.04178312949933e-24,1.939284990949457e-22
optimistic_combined,uniform,256,105,208,198.39530332681016,7.791103778527154,14.572256290402308,7.559103483345216e-24,2.2517840449110305e-22
optimistic_combined,uniform,256,106,210,199.72602739726025,6.723602477664321,15.697823133441759,8.143709395211235e-24,2.5284442338290357e-22
optimistic_combined,uniform,256,107,212,201.05675146771037,5.882090750436833,16.597014808511332,8.80784634680575e-24,2.353207912899068e-22
optimistic_combined,uniform,256,108,214,202.38747553816046,5.207989259103763,17.32841574079906,9.56670442216948e-24,2.2765300913583887e-22
optimistic_combined,uniform,256,109,216,203.71819960861055,4.660500602328425,17.93282831906413,1.0439308827855775e-23,2.475796742893845e-22
optimistic_combined,uniform,256,110,218,205.04892367906066,4.2105707758875415,18.439311437532794,1.1449741008054236e-23,2.783049441079167e-22
optimistic_combined,uniform,256,111,220,206.37964774951075,3.8371700252616154,18.868899645829103,1.2628838187552724e-23,2.9631482048817224e-22
optimistic_combined,uniform,256,112,222,207.71037181996084,3.524952789290207,19.236943207758955,1.4016597794034134e-23,3.3818774226947303e-22
optimistic_combined,uniform,256,113,224,209.04109589041096,3.2614296681595034,19.555936135684675,1.5665641089795245e-23,4.266930688497911e-22
optimistic_combined,uniform,256,114,226,210.37181996086105,3.0346718509733495,19.837811765240957,1.764630360837099e-23,5.981136442447854e-22
optimistic_combined,uniform,256,115,228,211.70254403131113,2.8404296654954533,20.086824207807283,2.0054285646442472e-23,9.5228863945756e-22
optimistic_combined,uniform,256,116,230,213.03326810176125,2.6738676965584776,20.30781323424442,2.3022442656735912e-23,1.6217019549668578e-21
optimistic_combined,uniform,256,117,232,214.36399217221134,2.530205335676068,20.50556372736108,2.673947907855958e-23,2.4770778135124966e-21
optimistic_combined,uniform,256,118,234,215.69471624266143,2.405744384652321,20.68377808031852,3.148056255689823e-23,2.6324339338168994e-21
optimistic_combined,uniform,256,119,236,217.02544031311155,2.297573813517198,20.845371440647824,3.765936087287883e-23,1.5801559104877715e-21
optimistic_combined,uniform,256,120,238,218.35616438356163,2.2033504936261017,20.992690979042706,4.5920400982444945e-23,9.947529285634549e-22
optimistic_combined,uniform,256,121,240,219.68688845401172,2.1211628337201995,21.127652255134663,5.731154225123633e-23,7.670627724722489e-22
optimistic_combined,uniform,256,122,242,221.01761252446184,2.0494376773484966,21.251832321850543,7.362616333721018e-23,7.081208850903888e-22
optimistic_combined,uniform,256,123,244,222.34833659491193,1.9868731957542072,21.3665368342524,9.813367275408069e-23,7.539287056936717e-22
optimistic_combined,uniform,256,124,246,223.67906066536202,1.9323901935485832,21.47284874553887,1.3728629706711293e-22,9.079758616782568e-22
optimistic_combined,uniform,256,125,248,225.00978473581213,1.8850992446534256,21.571661172727488,2.051854332305338e-22,1.2312715429927196e-21
optimistic_combined,uniform,256,126,250,226.34050880626222,1.8442866013641857,21.66369148916914,3.37096011545653e-22,1.8302842286939126e-21
optimistic_combined,uniform,256,127,252,227.6712328767123,1.809434474902898,21.74946104552592,6.388728030374973e-22,2.699938370261794e-21
optimistic_combined,uniform,256,128,254,229.00195694716243,1.7803295522510147,21.829186654424788,1.5220282046821421e-21,4.011074101228106e-21
optimistic_combined,uniform,256,129,257,230.99804305283757,1.7486783008029116,21.936220046937336,4.213594349548293e-21,4.3734803965146324e-21
optimistic_combined,uniform,256,130,259,232.32876712328766,1.7355621386626034,21.99922995121827,1.2521835227134501e-21,3.756087502670746e-21
optimistic_combined,uniform,256,131,261,233.65949119373775,1.7163443325685372,22.068056534480306,5.550086559717545e-22,4.0072606012093016e-21
optimistic_combined,uniform,256,132,263,234.99021526418787,1.6981128901909561,22.135615025695117,3.029048896259384e-22,4.130996629640452e-21
optimistic_combined,uniform,256,133,265,236.32093933463796,1.6861828751233745,22.196593543079643,1.8857031366333425e-22,3.3395307629422914e-21
optimistic_combined,uniform,256,134,267,237.65166340508804,1.6787279194879936,22.25282158272192,1.282251876613014e-22,3.264270494682014e-21
optimistic_combined,uniform,256,135,269,238.98238747553816,1.6747028234200232,22.305347420294268,9.281570095153851e-23,4.316646263195312e-21
optimistic_combined,uniform,256,136,271,240.31311154598825,1.673629284130622,22.354652383154146,7.037488903283739e-23,4.942028609096746e-21
optimistic_combined,uniform,256,137,273,241.64383561643834,1.675250180226773,22.400996567156213,5.530378246847879e-23,3.861930805260078e-21
optimistic_combined,uniform,256,138,275,242.97455968688845,1.6794080860105347,22.444540323453538,4.471618003256703e-23,3.2812940459134708e-21
optimistic_combined,uniform,256,139,277,244.30528375733854,1.6860106557798578,22.485378875267855,3.70072975854982e-23,3.412830860011261e-21
optimistic_combined,uniform,256,140,279,245.63600782778863,1.6950528374712621,22.523520105288156,3.122917368850129e-23,4.368052759245936e-21
optimistic_combined,uniform,256,141,281,246.96673189823875,1.7065939545347786,22.55890747480933,2.6793487362647217e-23,5.471860716731481e-21
optimistic_combined,uniform,256,142,283,248.29745596868884,1.7197148450171624,22.5924628856352,2.3319831572227017e-23,4.221860182993253e-21
optimistic_combined,uniform,256,143,285,249.62818003913893,1.7349353882764647,22.62366915432378,2.0553587398489262e-23,2.9271909767217597e-21
optimistic_combined,uniform,256,144,287,250.95890410958904,1.7525419619077018,22.6522425561959,1.831923034836163e-23,2.4843840175018564e-21
optimistic_combined,uniform,256,145,289,252.28962818003913,1.7723985496601458,22.678321718327595,1.6492644975335995e-23,2.7303654783890237e-21
optimistic_combined,uniform,256,146,291,253.62035225048922,1.794479390906374,22.701934970966917,1.498410522911111e-23,3.7185543726778856e-21
optimistic_combined,uniform,256,147,293,254.95107632093934,1.8188030669486361,22.723066262089887,1.372747674518508e-23,5.461867439219035e-21
optimistic_combined,uniform,256,148,295,256.2818003913894,1.8454253249918116,22.7416623342677,1.2673174279180183e-23,5.375933810722822e-21
optimistic_combined,uniform,256,149,297,257.6125244618395,1.8744629080948119,22.757608895533735,1.1783454460553257e-23,3.385409011603836e-21
optimistic_combined,uniform,256,150,299,258.94324853228966,1.9062317780722255,22.770592397279046,1.1029200072865656e-23,2.2897913359857234e-21
optimistic_combined,uniform,256,151,301,260.2739726027397,1.941104431682945,22.780242718840597,1.0387679906348726e-23,1.882330652639953e-21
optimistic_combined,uniform,256,152,303,261.6046966731898,1.9765857058846503,22.789057363003877,9.840960534815681e-24,1.920916046814842e-21
optimistic_combined,uniform,256,153,305,262.93542074363995,2.0151898337921,22.794524400782223,9.374762276116933e-24,2.4578809614600994e-21
optimistic_combined,uniform,256,154,307,264.26614481409,2.0563488497910454,22.797214067022352,8.977623187977804e-24,3.904929544508583e-21
optimistic_combined,uniform,256,155,309,265.5968688845401,2.10050160612541,22.79668974451802,8.640280166494419e-24,6.118909537295485e-21
optimistic_combined,uniform,256,156,311,266.92759295499025,2.147950369782551,22.79265136780846,8.355205356379793e-24,5.483581254920308e-21
optimistic_combined,uniform,256,157,313,268.2583170254403,2.198719414141848,22.785076832196523,8.11625521674522e-24,3.439120462121242e-21
optimistic_combined,uniform,256,158,315,269.58904109589037,2.2529601223722535,22.77381689100116,7.918402367106104e-24,2.499116775339214e-21
optimistic_combined,uniform,256,159,317,270.91976516634054,2.3108888422522837,22.758657301371343,7.757529011569889e-24,2.3615292577936148e-21
optimistic_combined,uniform,256,160,319,272.2504892367906,2.372758089153839,22.739347621921112,7.630266712420525e-24,2.9136239782614583e-21
optimistic_combined,uniform,256,161,321,273.58121330724066,2.4388566238643783,22.715601135510653,7.533871455438528e-24,4.555178656293341e-21
optimistic_combined,uniform,256,162,323,274.9119373776908,2.509513286441238,22.68709101598114,7.466125900509023e-24,6.902880516216979e-21
optimistic_combined,uniform,256,163,325,276.2426614481409,2.585101763282682,22.65344556165776,7.425262825769208e-24,6.880914924703462e-21
optimistic_combined,uniform,256,164,327,277.57338551859095,2.6660469735476178,22.614241809491432,7.409905307894348e-24,7.614667409534481e-21
optimistic_combined,uniform,256,165,329,278.90410958904107,2.752833075930538,22.56899752883085,7.419020308662923e-24,7.029830990077932e-21
optimistic_combined,uniform,256,166,331,280.2348336594912,2.846013305459016,22.51716138515951,7.451883177856959e-24,4.287942118108101e-21
optimistic_combined,uniform,256,167,333,281.56555772994125,2.9462220373405636,22.458100876770715,7.508051217818717e-24,2.754575684334331e-21
optimistic_combined,uniform,256,168,335,282.89628180039136,3.054189666611404,22.391087455627925,7.587344944214411e-24,1.9552978668652955e-21
optimistic_combined,uniform,256,169,337,284.2270058708415,3.170761165965831,22.31527797003308,7.689836062850732e-24,1.5611153913220576e-21
optimistic_combined,uniform,256,170,339,285.55772994129154,3.2969196718897584,22.229691078978874,7.815841494611087e-24,1.4755867320921004e-21
optimistic_combined,uniform,256,171,341,286.88845401174166,3.4338175120972103,22.1331762251868,7.965923042961952e-24,1.6554802066344155e-21
optimistic_combined,uniform,256,172,343,288.2191780821918,3.5828199383778028,22.02436990272318,8.140892529178548e-24,2.2269707222904625e-21
optimistic_combined,uniform,256,173,345,289.54990215264183,3.745576084370464,21.90162469967848,8.341822434364409e-24,3.513426534853205e-21
optimistic_combined,uniform,256,174,347,290.88062622309195,3.924164328831389,21.76286393534174,8.570062297574931e-24,5.4727672033770874e-21
optimistic_combined,uniform,256,175,349,292.21135029354207,4.1213937433883086,21.60528021287881,8.827261338314089e-24,7.362674424262515e-21
optimistic_combined,uniform,256,176,351,293.5420743639921,4.33952793431523,21.426611577980182,9.115398012158382e-24,5.9649130116816356e-21
optimistic_combined,uniform,256,177,353,294.87279843444225,4.577637593960063,21.227788967846365,9.436817484526547e-24,3.451386211041056e-21
optimistic_combined,uniform,256,178,355,296.20352250489236,4.844168570088511,21.000368142247638,9.794278336573209e-24,2.333124386381358e-21
optimistic_combined,uniform,256,179,357,297.5342465753424,5.144182597253839,20.739288952549302,1.0191010219892663e-23,2.0967173640296936e-21
optimistic_combined,uniform,256,180,359,298.86497064579254,5.482086152581701,20.44014648631233,1.0630784680293392e-23,2.5173166097868498e-21
optimistic_combined,uniform,256,181,361,300.19569471624266,5.867071578999154,20.093749944441882,1.1118002011149158e-23,3.0578848379794003e-21
optimistic_combined,uniform,256,182,363,301.5264187866927,6.309043855787435,19.69019587100358,1.1657797821884081e-23,2.7726647910252412e-21
optimistic_combined,uniform,256,183,365,302.85714285714283,6.820782396837768,19.216706355328185,1.2256174082670097e-23,2.2181486233017128e-21
optimistic_combined,uniform,256,184,367,304.18786692759295,7.419314628324285,18.656255454692058,1.2920160823081454e-23,2.0676915262297456e-21
optimistic_combined,uniform,256,185,369,305.518590998043,8.127519493649915,17.985965689716124,1.3658016546916907e-23,2.541233615716544e-21
optimistic_combined,uniform,256,186,371,306.8493150684931,8.976656372638715,17.17457912551147,1.447947795650941e-23,3.926709237123424e-21
optimistic_combined,uniform,256,187,373,308.18003913894324,10.010333617438505,16.178488836107135,1.5396073012958636e-23,6.744619812900089e-21
optimistic_combined,uniform,256,188,375,309.5107632093933,11.290880227971916,14.935367229322196,1.6421516062627986e-23,7.474859321507065e-21
optimistic_combined,uniform,256,189,377,310.8414872798434,12.909924512833227,13.35358738618551,1.757221027392087e-23,4.7183532202042575e-21
optimistic_combined,uniform,256,190,379,312.17221135029354,15.00668843722989,11.293928713303558,1.886789174950077e-23,2.65148765047949e-21
optimistic_combined,uniform,256,191,381,313.5029354207436,17.80122387441398,8.536340691732192,2.0332462604307486e-23,1.6698666782503504e-21
optimistic_combined,uniform,256,192,383,314.8336594911937,21.65858519719682,4.715770285758708,2.199507884966448e-23,1.2083317096759262e-21
optimistic_combined,uniform,256,193,385,316.16438356164383,27.22260908320621,-0.8116178620653614,2.389158591175273e-23,9.879181276461339e-22
optimistic_combined,uniform,256,194,387,317.4951076320939,35.72151834434499,-9.274045260098319,2.6066434458021903e-23,8.970232669990265e-22
optimistic_combined,uniform,256,195,389,318.825831702544,49.69558731986902,-23.211784960407982,2.857526897447419e-23,8.982969383499982e-22
optimistic_combined,uniform,256,196,391,320.1565557729941,73.73358778052771,-47.21360746263986,3.1488472750386343e-23,9.973783529463045e-22
optimistic_combined,uniform,256,197,393,321.4872798434442,109.40015040516927,-82.84414219035517,3.489609476238685e-23,1.2447838686908102e-21
optimistic_combined,uniform,256,198,395,322.8180039138943,171.86032159607745,-145.26843430610683,3.89148090681733e-23,1.7074973557988543e-21
optimistic_combined,uniform,256,199,397,324.1487279843444,277.35375189346297,-250.72613312567438,4.369792275450842e-23,2.4866903225855763e-21
optimistic_combined,uniform,256,200,399,325.4794520547945,319.0584142925592,-292.39521043490913,4.9450056598316543e-23,3.8112134454444454e-21
optimistic_combined,uniform,256,201,401,326.8101761252446,210.44215881200134,-183.74351505786785,5.644916277857575e-23,6.1225822666578174e-21
optimistic_combined,uniform,256,202,403,328.1409001956947,125.8314401801088,-99.09750054285433,6.508037861408211e-23,6.690886822999374e-21
optimistic_combined,uniform,256,203,405,329.4716242661448,79.94636861697211,-53.177275944270605,7.588956446123608e-23,4.267760170623113e-21
optimistic_combined,uniform,256,204,407,330.8023483365949,55.21436581555172,-28.410261803484786,8.967073023093195e-23,2.9159793662851552e-21
optimistic_combined,uniform,256,205,409,332.133072407045,41.1013491056298,-14.262374312556403,1.0761416478871195e-22,2.8242628524978356e-21
optimistic_combined,uniform,256,206,411,333.46379647749507,32.57592903474756,-5.702222894952115,1.3156840435246043e-22,3.8968769180618796e-21
optimistic_combined,uniform,256,207,413,334.7945205479452,27.203536165258342,-0.2952370023810573,1.6452746668325366e-22,6.299240159975184e-21
optimistic_combined,uniform,256,208,415,336.1252446183953,23.715077299778304,3.2276776599673553,2.1159315359711535e-22,5.715835917923915e-21
optimistic_combined,uniform,256,209,417,337.45596868884536,21.370435065496928,5.606639549321869,2.820190715169702e-22,3.2991585280943783e-21
optimistic_combined,uniform,256,210,419,338.7866927592955,19.82219127534727,7.189067924364039,3.939602836921445e-22,2.1572062149323266e-21
optimistic_combined,uniform,256,211,421,340.1174168297456,18.865747578253334,8.179562195181447,5.868334018403781e-22,1.778252377152048e-21
optimistic_combined,uniform,256,212,423,341.44814090019565,18.35136363328855,8.727863749306124,9.58543749402619e-22,1.8145313326384553e-21
optimistic_combined,uniform,256,213,425,342.77886497064577,18.18339597932161,8.929617082261956,1.8014633340763473e-21,2.1333493637131444e-21
optimistic_combined,uniform,256,214,427,344.1095890410959,18.30317710438193,8.843490728388204,4.2498178300460325e-21,2.8872176295781782e-21
optimistic_combined,uniform,256,215,429,345.44031311154595,18.67646244519167,8.503730261493217,1.5881908460097236e-20,4.504485760762665e-21
optimistic_combined,uniform,256,216,431,346.77103718199606,19.286127659812397,7.927461022390048,7.809737716427902e-21,7.064668814531631e-21
optimistic_combined,uniform,256,217,433,348.1017612524462,20.128145952017775,7.118710794701997,2.7451881382543397e-21,1.0549774840443674e-20
optimistic_combined,uniform,256,218,435,349.43248532289624,21.209562328687156,6.070435547644337,1.3127809105019812e-21,1.0272318306637707e-20
optimistic_combined,uniform,256,219,437,350.76320939334636,22.54782427004862,4.765188765953283,7.516205384707279e-22,6.498949276155586e-21
optimistic_combined,uniform,256,220,439,352.0939334637965,24.17118639984021,3.1747167798931315,4.824842816425816e-22,3.660330980388176e-21
optimistic_combined,uniform,256,221,441,353.42465753424653,26.120134329435643,1.2585349212959045,3.346046625952992e-22,2.2097991062584614e-21
optimistic_combined,uniform,256,222,443,354.75538160469665,28.44992077285847,-1.0386085912902274,2.4519768319562035e-22,1.5023505061232315e-21
optimistic_combined,uniform,256,223,445,356.08610567514677,31.2345885105447,-3.790755616204521,1.8721252703466894e-22,1.1331900281098627e-21
optimistic_combined,uniform,256,224,447,357.41682974559683,34.573127482633616,-7.096895181808236,1.4754187172751394e-22,9.37159492597084e-22
optimistic_combined,uniform,256,225,449,358.74755381604695,38.59853566725138,-11.090024364614578,1.1923905892129829e-22,8.414663847320886e-22
optimistic_combined,uniform,256,226,451,360.07827788649706,43.492064816419756,-15.951394025047236,9.835415974758042e-23,7.840746779070762e-22
optimistic_combined,uniform,256,227,453,361.4090019569471,49.50616552164758,-21.93345387288369,8.251055298424856e-23,7.645533570806682e-22
optimistic_combined,uniform,256,228,455,362.73972602739724,57.004812912909166,-29.40017816608895,7.021037242574003e-23,8.250382078907108e-22
optimistic_combined,uniform,256,229,457,364.07045009784736,66.54281122976721,-38.90637028179583,6.047234048712427e-23,9.332992218794383e-22
optimistic_combined,uniform,256,230,459,365.4011741682974,79.07825422554713,-51.41012312033945,5.2632197311300225e-23,1.0649017988433206e-21
optimistic_combined,uniform,256,231,461,366.73189823874753,96.87260540973053,-69.17289934751352,4.6227477062193797e-23,1.3984547114220262e-21
optimistic_combined,uniform,256,232,463,368.06262230919765,131.27620360231856,-103.5450369487991,4.092827493107471e-23,2.19306480143381e-21
optimistic_combined,uniform,256,233,465,369.3933463796477,150.92386677798783,-123.1613530733878,3.649418740630676e-23,3.547652300447939e-21
optimistic_combined,uniform,256,234,467,370.7240704500978,183.61330892313762,-155.81956089109934,3.274671165087366e-23,5.10476403352812e-21
optimistic_combined,uniform,256,235,469,372.05479452054794,240.61703907737513,-212.79216863373887,2.955107796052012e-23,6.511176865003119e-21
optimistic_combined,uniform,256,236,471,373.385518590998,331.19663124428945,-303.34074950574615,2.680400625239288e-23,5.27659525515325e-21
optimistic_combined,uniform,256,237,473,374.7162426614481,481.7617191681022,-453.87493646072215,2.4425279355740576e-23,2.8758154447055276e-21
optimistic_combined,uniform,256,238,475,376.04696673189824,749.7372905167089,-721.8197163843504,2.2351832472370818e-23,1.711968044807354e-21
optimistic_combined,uniform,256,239,477,377.3776908023483,1258.1157246527528,-1230.1674678653517,2.0533536000712164e-23,1.2290723416850232e-21
optimistic_combined,uniform,256,240,479,378.7084148727984,2197.0552623015196,-2169.0764308632615,1.893013949459424e-23,1.0444164992563655e-21
optimistic_combined,uniform,256,241,481,380.03913894324853,3202.572985854162,-3174.563687011541,1.7509025471010602e-23,1.035419047012909e-21
optimistic_combined,uniform,256,242,483,381.3698630136986,2358.134116891635,-2330.094457141398,1.6243536906763752e-23,1.1753524288314182e-21
optimistic_combined,uniform,256,243,485,382.7005870841487,1348.56971802743,-1320.4998031244124,1.511171696641894e-23,1.5224207380085282e-21
optimistic_combined,uniform,256,244,487,384.0313111545988,795.0351805562293,-766.9351155210809,1.4095348857554056e-23,2.188686974666253e-21
optimistic_combined,uniform,256,245,489,385.3620352250489,505.6386973546146,-477.5085864814184,1.3179216860122487e-23,2.6937680271592608e-21
optimistic_combined,uniform,256,246,491,386.692759295499,344.54404808920066,-316.38399495298665,1.2350532187166569e-23,2.6703953935705547e-21
optimistic_combined,uniform,256,247,493,388.0234833659491,248.15430422769933,-219.96441169185528,1.1598482975255688e-23,2.2960726089098e-21
optimistic_combined,uniform,256,248,495,389.3542074363992,186.86957107269836,-158.649941296279,1.091387866614327e-23,2.314111648380921e-21
optimistic_combined,uniform,256,249,497,390.6849315068493,145.41267842496632,-117.16341286990283,1.028886681992767e-23,2.8239424872098862e-21
optimistic_combined,uniform,256,250,499,392.0156555772994,115.82360611113153,-87.54480554934304,9.716705982744306e-24,4.2511677722555956e-21
optimistic_combined,uniform,256,251,501,393.3463796477495,94.38634467366141,-66.07810919406984,9.191582281696242e-24,7.476264817810396e-21
optimistic_combined,uniform,256,252,503,394.6771037181996,78.39529780648337,-50.057726821933755,8.708460386896003e-24,1.2243895395039934e-20
optimistic_combined,uniform,256,253,505,396.0078277886497,66.14543625399266,-37.77862850808026,8.262961675047288e-24,1.3365204054375538e-20
optimistic_combined,uniform,256,254,507,397.33855185909977,56.55441724919137,-28.158470822996975,7.851264066549333e-24,1.0280017741295792e-20
optimistic_combined,uniform,256,255,509,398.6692759295499,48.90609780561803,-20.481110124353393,7.470019240272315e-24,8.569140431671179e-21
optimistic_combined,uniform,256,256,511,400.0,42.71022894091593,-14.256296780480625,7.116283864623271e-24,5.69361844049464e-21
optimistic_combined,d_optimal,256,1,430,346.10567514677103,18.952274779179973,8.244631965584105,1.695276310922083e-20,5.629940691683665e-21
optimistic_combined,d_optimal,256,2,269,238.98238747553816,1.6747028234200232,22.305347420294268,9.281570095153851e-23,4.316646263195312e-21
optimistic_combined,d_optimal,256,3,434,348.7671232876712,20.638082558221683,6.625360559598008,1.84536929407506e-21,1.1129307004746925e-20
optimistic_combined,d_optimal,256,4,334,282.23091976516633,2.9991861120026537,22.425638043677267,7.54480867756577e-24,2.301156037221776e-21
optimistic_combined,d_optimal,256,5,24,75.96868884540118,3.0719983143905663,10.953426637838149,1.1551335515941187e-24,3.0036528150665785e-23
optimistic_combined,d_optimal,256,6,370,306.1839530332681,8.53209506605682,17.60028578332512,1.40576222022155e-23,3.0772802074249545e-21
optimistic_combined,d_optimal,256,7,440,352.7592954990215,25.10189263416672,2.2604090316242775,3.9858538978824157e-22,2.8021982748156667e-21
optimistic_combined,d_optimal,256,8,200,193.07240704500978,16.933590420235852,5.1935461334684305,5.802537959416041e-24,1.5314037177011308e-22
optimistic_combined,d_optimal,256,9,256,230.33268101761252,1.7574036263732475,21.90243996167726,6.004569091682355e-21,4.627591862353508e-21
optimistic_combined,d_optimal,256,10,368,304.853228962818,7.757988431621713,18.336559889630124,1.327928448297849e-23,2.219384179411367e-21
optimistic_combined,d_optimal,256,11,30,79.96086105675147,2.0422183772830027,12.428063199827392,1.3207808081458658e-24,3.068726165642765e-23
optimistic_combined,d_optimal,256,12,201,193.7377690802348,15.048380345906281,7.108637877226528,5.981819355023767e-24,1.5185805848996548e-22
optimistic_combined,d_optimal,256,13,333,281.56555772994125,2.9462220373405636,22.458100876770715,7.508051217818717e-24,2.754575684334331e-21
optimistic_combined,d_optimal,256,14,429,345.44031311154595,18.67646244519167,8.503730261493217,1.5881908460097236e-20,4.504485760762665e-21
optimistic_combined,d_optimal,256,15,433,348.1017612524462,20.128145952017775,7.118710794701997,2.7451881382543397e-21,1.0549774840443674e-20
optimistic_combined,d_optimal,256,16,439,352.0939334637965,24.17118639984021,3.1747167798931315,4.824842816425816e-22,3.660330980388176e-21
optimistic_combined,d_optimal,256,17,266,236.986301369863,1.6819811752770175,22.225216018765863,1.5408432757889434e-22,3.156989638663341e-21
optimistic_combined,d_optimal,256,18,374,308.8454011741683,10.614872833608306,15.592682278495005,1.5894233117120704e-23,7.748710549214161e-21
optimistic_combined,d_optimal,256,19,422,340.7827788649706,18.560332334401973,8.501952799249636,7.396518964249279e-22,1.755133137383322e-21
optimistic_combined,d_optimal,256,20,29,79.29549902152641,2.1636838118713255,12.23401925307536,1.289749193517839e-24,2.9096492659640467e-23
optimistic_combined,d_optimal,256,21,199,192.40704500978472,19.2059907823929,2.8911609463568624,5.6324436477473366e-24,1.5956422238063555e-22
optimistic_combined,d_optimal,256,22,335,282.89628180039136,3.054189666611404,22.391087455627925,7.587344944214411e-24,1.9552978668652955e-21
optimistic_combined,d_optimal,256,23,328,278.23874755381604,2.708677084301488,22.592407444724728,7.41145591168608e-24,7.8252906312632e-21
optimistic_combined,d_optimal,256,24,367,304.18786692759295,7.419314628324285,18.656255454692058,1.2920160823081454e-23,2.0676915262297456e-21
optimistic_combined,d_optimal,256,25,267,237.65166340508804,1.6787279194879936,22.25282158272192,1.282251876613014e-22,3.264270494682014e-21
optimistic_combined,d_optimal,256,26,28,78.63013698630137,2.3009137865392066,12.023599192887218,1.2602160745315037e-24,2.816048531639742e-23
optimistic_combined,d_optimal,256,27,435,349.43248532289624,21.209562328687156,6.070435547644337,1.3127809105019812e-21,1.0272318306637707e-20
optimistic_combined,d_optimal,256,28,170,173.1115459882583,15.933702980582803,5.245550051270698,2.9910850925775594e-24,1.886598433024873e-22
optimistic_combined,d_optimal,256,29,441,353.42465753424653,26.120134329435643,1.2585349212959045,3.346046625952992e-22,2.2097991062584614e-21
optimistic_combined,d_optimal,256,30,369,305.518590998043,8.127519493649915,17.985965689716124,1.3658016546916907e-23,2.541233615716544e-21
optimistic_combined,d_optimal,256,31,336,283.56164383561645,3.111342043769099,22.354339996836217,7.635676738388667e-24,1.711940195434459e-21
optimistic_combined,d_optimal,256,32,31,80.62622309197651,1.9343013613582902,12.607957290486226,1.3534239606770328e-24,3.301515914897953e-23
optimistic_combined,d_optimal,256,33,268,238.3170254403131,1.6763241554337214,22.27950957011815,1.0837095707368677e-22,3.6739009938886555e-21
optimistic_combined,d_optimal,256,34,202,194.40313111545987,13.468731860035616,8.71806558433029,6.170955831776624e-24,1.555746293335834e-22
optimistic_combined,d_optimal,256,35,327,277.57338551859095,2.6660469735476178,22.614241809491432,7.409905307894348e-24,7.614667409534481e-21
optimistic_combined,d_optimal,256,36,421,340.1174168297456,18.865747578253334,8.179562195181447,5.868334018403781e-22,1.778252377152048e-21
optimistic_combined,d_optimal,256,37,365,302.85714285714283,6.820782396837768,19.216706355328185,1.2256174082670097e-23,2.2181486233017128e-21
optimistic_combined,d_optimal,256,38,27,77.96477495107632,2.45661081452153,11.79409011169352,1.2320783102864914e-24,2.779404989284287e-23
optimistic_combined,d_optimal,256,39,169,172.44618395303326,14.19156320155887,6.954240899197558,2.9459404436121093e-24,1.9244253533105612e-22
optimistic_combined,d_optimal,256,40,432,347.4363992172211,19.677898361054204,7.552340281013116,4.397438268641395e-21,8.867401456398422e-21
optimistic_combined,d_optimal,256,41,373,308.18003913894324,10.010333617438505,16.178488836107135,1.5396073012958636e-23,6.744619812900089e-21
optimistic_combined,d_optimal,256,42,332,280.9001956947162,2.895195906293989,22.488577262813777,7.477071266567814e-24,3.3770371934486885e-21
optimistic_combined,d_optimal,256,43,283,248.29745596868884,1.7197148450171624,22.5924628856352,2.3319831572227017e-23,4.221860182993253e-21
optimistic_combined,d_optimal,256,44,32,81.29158512720156,1.8381015345252405,12.775542640638164,1.3878027616549062e-24,3.61587100010547e-23
optimistic_combined,d_optimal,256,45,438,351.4285714285714,23.32164810536264,4.007825570295864,5.953058621649475e-22,4.881347701601807e-21
optimistic_combined,d_optimal,256,46,423,341.44814090019565,18.35136363328855,8.727863749306124,9.58543749402619e-22,1.8145313326384553e-21
optimistic_combined,d_optimal,256,47,340,286.2230919765166,3.3639464770844296,22.182879235861975,7.887827972615501e-24,1.5291298178717188e-21
optimistic_combined,d_optimal,256,48,171,173.77690802348337,18.02248824488778,3.1900854018660425,3.038147628382555e-24,1.8321664408495434e-22
optimistic_combined,d_optimal,256,49,257,230.99804305283757,1.7486783008029116,21.936220046937336,4.213594349548293e-21,4.3734803965146324e-21
optimistic_combined,d_optimal,256,50,375,309.5107632093933,11.290880227971916,14.935367229322196,1.6421516062627986e-23,7.474859321507065e-21
optimistic_combined,d_optimal,256,51,431,346.77103718199606,19.286127659812397,7.927461022390048,7.809737716427902e-21,7.064668814531631e-21
optimistic_combined,d_optimal,256,52,26,77.29941291585126,2.6340984965240213,11.542157747186991,1.2052416353883055e-24,2.7957157614351424e-23
optimistic_combined,d_optimal,256,53,294,255.61643835616437,1.831821617380078,22.7326863022965,1.3177627816245673e-23,5.884011595588294e-21
optimistic_combined,d_optimal,256,54,366,303.5225048923679,7.107930721925421,18.94861956552849,1.257948143448375e-23,2.070270334594183e-21
optimistic_combined,d_optimal,256,55,203,195.06849315068493,12.133112760021346,10.083362157462346,6.370678558460963e-24,1.6445383528990065e-22
optimistic_combined,d_optimal,256,56,270,239.6477495107632,1.6738163200912082,22.330383113084906,8.041390683486515e-23,4.885068368701677e-21
optimistic_combined,d_optimal,256,57,33,81.95694716242662,1.7520951633648565,12.932352627953065,1.4240537204896028e-24,4.037818348680826e-23
optimistic_combined,d_optimal,256,58,428,344.7749510763209,18.459544146457993,8.703902297727751,7.481982682176235e-21,3.57486122084985e-21
optimistic_combined,d_optimal,256,59,436,350.0978473581213,21.845086564352346,5.451434578176915,9.76097625855252e-22,8.41360169185654e-21
optimistic_combined,d_optimal,256,60,371,306.8493150684931,8.976656372638715,17.17457912551147,1.447947795650941e-23,3.926709237123424e-21
optimistic_combined,d_optimal,256,61,337,284.2270058708415,3.170761165965831,22.31527797003308,7.689836062850732e-24,1.5611153913220576e-21
optimistic_combined,d_optimal,256,62,168,171.78082191780823,12.724552762159977,8.387673099200939,2.902649327792218e-24,2.0146949032737288e-22
optimistic_combined,d_optimal,256,63,442,354.0900195694716,27.233299847145563,0.16170620364982824,2.847567291451045e-22,1.7964541235444944e-21
optimistic_combined,d_optimal,256,64,34,82.62230919765166,1.675006358659304,13.079672551955255,1.4623272664550997e-24,4.5747211048848596e-23
optimistic_combined,d_optimal,256,65,349,292.21135029354207,4.1213937433883086,21.60528021287881,8.827261338314089e-24,7.362674424262515e-21
optimistic_combined,d_optimal,256,66,420,339.4520547945205,19.280826606232317,7.747474566035521,4.763013671685392e-22,1.9027144701644376e-21
optimistic_combined,d_optimal,256,67,364,302.1917808219178,6.555242803363038,19.463142490187337,1.194925025113209e-23,2.4835069188209345e-21
optimistic_combined,d_optimal,256,68,293,254.95107632093934,1.8188030669486361,22.723066262089887,1.372747674518508e-23,5.461867439219035e-21
optimistic_combined,d_optimal,256,69,284,248.9628180039139,1.7270128458694884,22.608409310122596,2.1860715832601884e-23,3.45429503072998e-21
optimistic_combined,d_optimal,256,70,25,76.63405088062622,2.837502629347683,11.26366536445613,1.1796197560098157e-24,2.8672769882556375e-23
optimistic_combined,d_optimal,256,71,242,221.01761252446184,2.0494376773484966,21.251832321850543,7.362616333721018e-23,7.081208850903888e-22
optimistic_combined,d_optimal,256,72,204,195.73385518590996,10.994522180508708,11.251529154906066,6.5817891374432204e-24,1.769690039696079e-22
optimistic_combined,d_optimal,256,73,424,342.11350293542074,18.22843341309273,8.867703236090094,1.2858111327035464e-21,1.939774956163117e-21
optimistic_combined,d_optimal,256,74,35,83.2876712328767,1.605760648966472,13.218586067955187,1.5027894918651077e-24,5.0168101122607635e-23
optimistic_combined,d_optimal,256,75,350,292.8767123287671,4.227944977993412,21.51848417092873,8.967324991562797e-24,7.175630056932153e-21
optimistic_combined,d_optimal,256,76,339,285.55772994129154,3.2969196718897584,22.229691078978874,7.815841494611087e-24,1.4755867320921004e-21
optimistic_combined,d_optimal,256,77,243,221.68297455968687,2.017082557765826,21.310296580329847,8.455864330833817e-23,7.190223865764921e-22
optimistic_combined,d_optimal,256,78,265,236.32093933463796,1.6861828751233745,22.196593543079643,1.8857031366333425e-22,3.3395307629422914e-21
optimistic_combined,d_optimal,256,79,167,171.11545988258317,11.478417561729541,9.600099748285189,2.8611521258480654e-24,2.206259735106521e-22
optimistic_combined,d_optimal,256,80,295,256.2818003913894,1.8454253249918116,22.7416623342677,1.2673174279180183e-23,5.375933810722822e-21
optimistic_combined,d_optimal,256,81,36,83.95303326810176,1.5434485258842705,13.350011648992009,1.5456241552758385e-24,4.961324892756386e-23
optimistic_combined,d_optimal,256,82,437,350.76320939334636,22.54782427004862,4.765188765953283,7.516205384707279e-22,6.498949276155586e-21
optimistic_combined,d_optimal,256,83,372,307.5146771037182,9.467068008789537,16.702981298569767,1.492508316711638e-23,5.1986810199301955e-21
optimistic_combined,d_optimal,256,84,419,338.7866927592955,19.82219127534727,7.189067924364039,3.939602836921445e-22,2.1572062149323266e-21
optimistic_combined,d_optimal,256,85,23,75.30332681017612,3.3441527334856787,10.604862865011626,1.1317103683262839e-24,3.223664057059059e-23
optimistic_combined,d_optimal,256,86,341,286.88845401174166,3.4338175120972103,22.1331762251868,7.965923042961952e-24,1.6554802066344155e-21
optimistic_combined,d_optimal,256,87,329,278.90410958904107,2.752833075930538,22.56899752883085,7.419020308662923e-24,7.029830990077932e-21
optimistic_combined,d_optimal,256,88,172,174.4422700587084,20.55348924538962,0.6922776807953426,3.0871973912217256e-24,1.7514441489376705e-22
optimistic_combined,d_optimal,256,89,241,220.35225048923678,2.084079516479024,21.191002625009332,6.469658932250797e-23,7.2243376200064235e-22
optimistic_combined,d_optimal,256,90,282,247.63209393346378,1.7129975186404136,22.57587341500401,2.4954599273594106e-23,5.0714136175538704e-21
optimistic_combined,d_optimal,256,91,37,84.6183953033268,1.4872965885151508,13.474731448292133,1.5910349899674203e-24,4.6628758023101794e-23
optimistic_combined,d_optimal,256,92,443,354.75538160469665,28.44992077285847,-1.0386085912902274,2.4519768319562035e-22,1.5023505061232315e-21
optimistic_combined,d_optimal,256,93,215,203.05283757338552,4.920457227473938,17.64445636522835,9.987418880688776e-24,2.3462820309088146e-22
optimistic_combined,d_optimal,256,94,275,242.97455968688845,1.6794080860105347,22.444540323453538,4.471618003256703e-23,3.2812940459134708e-21
optimistic_combined,d_optimal,256,95,198,191.74168297455967,21.975418433610514,0.09164459997754193,5.4709251933398844e-24,1.726955159656599e-22
optimistic_combined,d_optimal,256,96,425,342.77886497064577,18.18339597932161,8.929617082261956,1.8014633340763473e-21,2.1333493637131444e-21
optimistic_combined,d_optimal,256,97,22,74.63796477495107,3.662409686016558,10.209518419364969,1.1092833925166438e-24,3.559397290674802e-23
optimistic_combined,d_optimal,256,98,338,284.8923679060665,3.2325744188776686,22.273774213183657,7.749870149917992e-24,1.4858633541133372e-21
optimistic_combined,d_optimal,256,99,348,291.54598825831704,4.020238032720113,21.68663569722584,8.694926381410399e-24,6.557886356206375e-21
optimistic_combined,d_optimal,256,100,244,222.34833659491193,1.9868731957542072,21.3665368342524,9.813367275408069e-23,7.539287056936717e-22
optimistic_combined,d_optimal,256,101,384,315.4990215264188,24.169774901013415,2.222917766504665,2.2911546023347407e-23,1.0774025515951292e-21
optimistic_combined,d_optimal,256,102,38,85.28375733855185,1.4366445378967614,13.593414311489767,1.6392483720021202e-24,4.5055913352937226e-23
optimistic_combined,d_optimal,256,103,331,280.2348336594912,2.846013305459016,22.51716138515951,7.451883177856959e-24,4.287942118108101e-21
optimistic_combined,d_optimal,256,104,255,229.66731898238746,1.7680254984552448,21.86669084943111,2.7038317319504564e-21,4.533352471170985e-21
optimistic_combined,d_optimal,256,105,427,344.1095890410959,18.30317710438193,8.843490728388204,4.2498178300460325e-21,2.8872176295781782e-21
optimistic_combined,d_optimal,256,106,274,242.3091976516634,1.6770192475444692,22.423111077175065,4.9570271895388896e-23,3.471438425776194e-21
optimistic_combined,d_optimal,256,107,205,196.39921722113502,10.016615422876882,12.258911961156386,6.805167862248193e-24,1.872530437267627e-22
optimistic_combined,d_optimal,256,108,363,301.5264187866927,6.309043855787435,19.69019587100358,1.1657797821884081e-23,2.7726647910252412e-21
optimistic_combined,d_optimal,256,109,444,355.4207436399217,29.779876308752918,-2.3522885507667723,2.1329802089716943e-22,1.2892671115982723e-21
optimistic_combined,d_optimal,256,110,21,73.97260273972603,4.037789717695625,9.7563606102307,1.087791093733629e-24,4.063021901208708e-23
optimistic_combined,d_optimal,256,111,326,276.9080234833659,2.6248760108003175,22.63456711758768,7.414468032752372e-24,7.047009462628046e-21
optimistic_combined,d_optimal,256,112,216,203.71819960861055,4.660500602328425,17.93282831906413,1.0439308827855775e-23,2.475796742893845e-22
optimistic_combined,d_optimal,256,113,39,85.94911937377691,1.3909267189607253,13.706634241061792,1.6905164132565693e-24,4.5666681441667596e-23
optimistic_combined,d_optimal,256,114,285,249.62818003913893,1.7349353882764647,22.62366915432378,2.0553587398489262e-23,2.9271909767217597e-21
optimistic_combined,d_optimal,256,115,166,170.4500978473581,10.411471157908327,10.633206273426737,2.821393726906224e-24,2.5380891212437105e-22
optimistic_combined,d_optimal,256,116,426,343.4442270058708,18.20992468599433,8.91993206122433,2.668346164723755e-21,2.4274204464864526e-21
optimistic_combined,d_optimal,256,117,376,310.1761252446184,12.050795271123583,14.194104391133635,1.6980060085000636e-23,6.176833236523543e-21
optimistic_combined,d_optimal,256,118,292,254.28571428571428,1.8063583905270506,22.712813189241757,1.4327724967931964e-23,4.543075885624272e-21
optimistic_combined,d_optimal,256,119,445,356.08610567514677,31.2345885105447,-3.790755616204521,1.8721252703466894e-22,1.1331900281098627e-21
optimistic_combined,d_optimal,256,120,40,86.61448140900195,1.3496572322521334,13.81488529075446,1.7451205585004395e-24,4.8041191678450034e-23
optimistic_combined,d_optimal,256,121,240,219.68688845401172,2.1211628337201995,21.127652255134663,5.731154225123633e-23,7.670627724722489e-22
optimistic_combined,d_optimal,256,122,271,240.31311154598825,1.673629284130622,22.354652383154146,7.037488903283739e-23,4.942028609096746e-21
optimistic_combined,d_optimal,256,123,356,296.8688845401174,4.989828648541983,20.87419729837444,9.987513309898512e-24,2.1289928770910623e-21
optimistic_combined,d_optimal,256,124,324,275.57729941291586,2.546665777024634,22.670935353801923,7.442428655927701e-24,7.064765036287538e-21
optimistic_combined,d_optimal,256,125,20,73.30724070450097,4.484928662181818,9.230741129784363,1.0671767289544508e-24,4.816063176359743e-23
optimistic_combined,d_optimal,256,126,383,314.8336594911937,21.65858519719682,4.715770285758708,2.199507884966448e-23,1.2083317096759262e-21
optimistic_combined,d_optimal,256,127,214,202.38747553816046,5.207989259103763,17.32841574079906,9.56670442216948e-24,2.2765300913583887e-22
optimistic_combined,d_optimal,256,128,418,338.12133072407045,20.510572160714823,6.483611563841578,3.310747984292805e-22,2.5941163537990907e-21
optimistic_combined,d_optimal,256,129,41,87.279843444227,1.3124178770708401,13.918593628353804,1.8033757825179666e-24,5.1271456489011345e-23
optimistic_combined,d_optimal,256,130,206,197.06457925636008,9.17096639865812,13.133937343596045,7.04178312949933e-24,1.939284990949457e-22
optimistic_combined,d_optimal,256,131,342,287.55381604696674,3.5067103767487717,22.08040466460018,8.050236036141275e-24,1.8758466233643587e-21
optimistic_combined,d_optimal,256,132,325,276.2426614481409,2.585101763282682,22.65344556165776,7.425262825769208e-24,6.880914924703462e-21
optimistic_combined,d_optimal,256,133,245,223.013698630137,1.9586812720254325,21.420681870505163,1.1526410755313242e-22,8.150755457020633e-22
optimistic_combined,d_optimal,256,134,42,87.94520547945206,1.2788483675537998,14.018127325290223,1.8656355043097877e-24,5.472450626223071e-23
optimistic_combined,d_optimal,256,135,264,235.6555772994129,1.6914840664820643,22.16680272212234,2.3586192209443647e-22,3.740107642283367e-21
optimistic_combined,d_optimal,256,136,355,296.20352250489236,4.844168570088511,21.000368142247638,9.794278336573209e-24,2.333124386381358e-21
optimistic_combined,d_optimal,256,137,19,72.64187866927593,5.02366873600885,8.61280494610945,1.0473879002121886e-24,5.933761395693588e-23
optimistic_combined,d_optimal,256,138,165,169.78473581213308,9.49130258335294,11.519402614671975,2.7833233268930004e-24,3.0730144673903495e-22
optimistic_combined,d_optimal,256,139,276,243.63992172211348,1.6824069081542146,22.465294451662714,4.057207132258778e-23,3.258999934477543e-21
optimistic_combined,d_optimal,256,140,351,293.5420743639921,4.33952793431523,21.426611577980182,9.115398012158382e-24,5.9649130116816356e-21
optimistic_combined,d_optimal,256,141,213,201.7221135029354,5.526995314871482,16.980807213887672,9.174348453959285e-24,2.2807991188647824e-22
optimistic_combined,d_optimal,256,142,414,335.4598825831702,25.279398857399382,1.64614528911018,1.8585199319329564e-22,6.706171397004724e-21
optimistic_combined,d_optimal,256,143,446,356.7514677103718,32.82724571616278,-5.3671980118814275,1.656169588044917e-22,1.0190314886274427e-21
optimistic_combined,d_optimal,256,144,43,88.6105675146771,1.2486384020936574,14.113804292692464,1.9322973616982606e-24,5.934600161379695e-23
optimistic_combined,d_optimal,256,145,357,297.5342465753424,5.144182597253839,20.739288952549302,1.0191010219892663e-23,2.0967173640296936e-21
optimistic_combined,d_optimal,256,146,281,246.96673189823875,1.7065939545347786,22.55890747480933,2.6793487362647217e-23,5.471860716731481e-21
optimistic_combined,d_optimal,256,147,212,201.05675146771037,5.882090750436833,16.597014808511332,8.80784634680575e-24,2.353207912899068e-22
optimistic_combined,d_optimal,256,148,323,274.9119373776908,2.509513286441238,22.68709101598114,7.466125900509023e-24,6.902880516216979e-21
optimistic_combined,d_optimal,256,149,44,89.27592954990214,1.2215212788314853,14.205898671162927,2.0038100226623623e-24,6.630637888937448e-23
optimistic_combined,d_optimal,256,150,92,121.2133072407045,12.43718386524962,5.646554486347554,2.5085372902341284e-23,1.3271461483444195e-22
optimistic_combined,d_optimal,256,151,310,266.26223091976516,2.1238166345353173,22.795107029137498,8.491622163881628e-24,6.307385119515886e-21
optimistic_combined,d_optimal,256,152,382,314.1682974559687,19.565688992109425,6.790290511887477,2.1136951210370136e-23,1.3971219185263967e-21
optimistic_combined,d_optimal,256,153,217,204.3835616438356,4.4248110266186105,18.196840567581347,1.092555149906631e-23,2.638365917132485e-22
optimistic_combined,d_optimal,256,154,273,241.64383561643834,1.675250180226773,22.400996567156213,5.530378246847879e-23,3.861930805260078e-21
optimistic_combined,d_optimal,256,155,415,336.1252446183953,23.715077299778304,3.2276776599673553,2.1159315359711535e-22,5.715835917923915e-21
optimistic_combined,d_optimal,256,156,45,89.9412915851272,1.1972688484241747,14.294645883082595,2.080681251382948e-24,7.599566482777034e-23
optimistic_combined,d_optimal,256,157,343,288.2191780821918,3.5828199383778028,22.02436990272318,8.140892529178548e-24,2.2269707222904625e-21
optimistic_combined,d_optimal,256,158,239,219.0215264187867,2.1608575720043657,21.06161078885286,5.11359311971252e-23,8.519951069833532e-22
optimistic_combined,d_optimal,256,159,18,71.97651663405088,5.681590097000849,7.87495873222214,1.028376159244501e-24,7.528663704848116e-23
optimistic_combined,d_optimal,256,160,258,231.6634050880626,1.7418238382975073,21.968057205600985,2.1248457753612335e-21,4.0127927677651465e-21
optimistic_combined,d_optimal,256,161,330,279.56947162426616,2.7985863369525426,22.543940909999748,7.432517282153063e-24,5.585418122575896e-21
optimistic_combined,d_optimal,256,162,417,337.45596868884536,21.370435065496928,5.606639549321869,2.820190715169702e-22,3.2991585280943783e-21
optimistic_combined,d_optimal,256,163,211,200.3913894324853,6.278768234091511,16.17154522988652,8.464965227987653e-24,2.468133776186002e-22
optimistic_combined,d_optimal,256,164,354,295.53816046966733,4.7069269295531955,21.118076720268732,9.610852685028422e-24,2.747999772667116e-21
optimistic_combined,d_optimal,256,165,46,90.60665362035225,1.1756876926243198,14.38024645891656,2.1634874998432516e-24,8.906717162166163e-23
optimistic_combined,d_optimal,256,166,296,256.94716242661445,1.859630453243226,22.749978399728164,1.2209733469949528e-23,4.332554297678337e-21
optimistic_combined,d_optimal,256,167,85,116.55577299412916,14.758623660184066,2.984784452600522,2.406445593068862e-22,8.189362189832001e-23
optimistic_combined,d_optimal,256,168,347,290.88062622309195,3.924164328831389,21.76286393534174,8.570062297574931e-24,5.4727672033770874e-21
optimistic_combined,d_optimal,256,169,207,197.7299412915851,8.435106926950711,13.899074155176564,7.292702193065576e-24,2.0544791797511658e-22
optimistic_combined,d_optimal,256,170,272,240.9784735812133,1.6741144370707293,22.378182879220347,6.21395021930706e-23,4.454231517599403e-21
optimistic_combined,d_optimal,256,171,47,91.27201565557729,1.1566165264206187,14.462868639780353,2.252885363306988e-24,1.077098294941984e-22
optimistic_combined,d_optimal,256,172,381,313.5029354207436,17.80122387441398,8.536340691732192,2.0332462604307486e-23,1.6698666782503504e-21
optimistic_combined,d_optimal,256,173,286,250.29354207436398,1.7434526260000978,22.63827259475478,1.9378647225391034e-23,2.613338706270636e-21
optimistic_combined,d_optimal,256,174,246,223.67906066536202,1.9323901935485832,21.47284874553887,1.3728629706711293e-22,9.079758616782568e-22
optimistic_combined,d_optimal,256,175,17,71.31115459882584,6.49823470414203,6.977646993058997,1.0100966535227172e-24,9.525131858583022e-23
optimistic_combined,d_optimal,256,176,416,336.79060665362033,22.42852290041386,4.531408837319134,2.4304748029685686e-22,4.3649377912094005e-21
optimistic_combined,d_optimal,256,177,344,288.8845401174168,3.6623615870429527,21.96485676396283,8.238034810011991e-24,2.7598542931864526e-21
optimistic_combined,d_optimal,256,178,48,91.93737769080235,1.139924946537683,14.542649633475861,2.349625324648177e-24,1.3486819378629282e-22
optimistic_combined,d_optimal,256,179,385,316.16438356164383,27.22260908320621,-0.8116178620653614,2.389158591175273e-23,9.879181276461339e-22
optimistic_combined,d_optimal,256,180,358,298.1996086105675,5.307836889331156,20.59503682659053,1.0405257988159065e-23,2.227562224925833e-21
optimistic_combined,d_optimal,256,181,309,265.5968688845401,2.10050160612541,22.79668974451802,8.640280166494419e-24,6.118909537295485e-21
optimistic_combined,d_optimal,256,182,210,199.72602739726025,6.723602477664321,15.697823133441759,8.143709395211235e-24,2.5284442338290357e-22
optimistic_combined,d_optimal,256,183,164,169.11937377690802,8.692434810725686,12.284164759960348,2.746894249979277e-24,3.9073815285670207e-22
optimistic_combined,d_optimal,256,184,353,294.87279843444225,4.577637593960063,21.227788967846365,9.436817484526547e-24,3.451386211041056e-21
optimistic_combined,d_optimal,256,185,49,92.6027397260274,1.1255137316006216,14.61969531869903,2.4545683244893345e-24,1.7174517473103847e-22
optimistic_combined,d_optimal,256,186,352,294.2074363992172,4.455631230221893,21.330174019161447,9.271785293996664e-24,4.537858079246179e-21
optimistic_combined,d_optimal,256,187,208,198.39530332681016,7.791103778527154,14.572256290402308,7.559103483345216e-24,2.2517840449110305e-22
optimistic_combined,d_optimal,256,188,291,253.62035225048922,1.794479390906374,22.701934970966917,1.498410522911111e-23,3.7185543726778856e-21
optimistic_combined,d_optimal,256,189,50,93.26810176125244,1.11331657886303,14.694078512527497,2.568705839790617e-24,2.0642288932694031e-22
optimistic_combined,d_optimal,256,190,16,70.64579256360078,7.532594995910742,5.861863373384253,9.92507808784847e-25,1.122405142965093e-22
optimistic_combined,d_optimal,256,191,209,199.06066536203522,7.2245129682783755,15.167928392976862,7.842290757131295e-24,2.4529722653027787e-22
optimistic_combined,d_optimal,256,192,362,300.8610567514677,6.080221306342276,19.899830559504522,1.1380974516579062e-23,2.9758174944521738e-21
optimistic_combined,d_optimal,256,193,238,218.35616438356163,2.2033504936261017,20.992690979042706,4.5920400982444945e-23,9.947529285634549e-22
optimistic_combined,d_optimal,256,194,377,310.8414872798434,12.909924512833227,13.35358738618551,1.757221027392087e-23,4.7183532202042575e-21
optimistic_combined,d_optimal,256,195,51,93.9334637964775,1.1033008410452028,14.765838237648339,2.693184344399649e-24,2.13713099257362e-22
optimistic_combined,d_optimal,256,196,254,229.00195694716243,1.7803295522510147,21.829186654424788,1.5220282046821421e-21,4.011074101228106e-21
optimistic_combined,d_optimal,256,197,280,246.3013698630137,1.7005256329520588,22.541543246459085,2.887098206449195e-23,5.1123035792093995e-21
optimistic_combined,d_optimal,256,198,380,312.83757338551857,16.298398766069422,10.020711737789554,1.957738174422193e-23,2.06720093579394e-21
optimistic_combined,d_optimal,256,199,52,94.59882583170254,1.0954548896568534,14.834992362957621,2.8293352769883323e-24,2.073587847240815e-22
optimistic_combined,d_optimal,256,200,277,244.30528375733854,1.6860106557798578,22.485378875267855,3.70072975854982e-23,3.412830860011261e-21
optimistic_combined,d_optimal,256,201,413,334.7945205479452,27.203536165258342,-0.2952370023810573,1.6452746668325366e-22,6.299240159975184e-21
optimistic_combined,d_optimal,256,202,247,224.34442270058707,1.9078944412842935,21.52314343768326,1.6621415818106163e-22,1.0420958827808174e-21
optimistic_combined,d_optimal,256,203,345,289.54990215264183,3.745576084370464,21.90162469967848,8.341822434364409e-24,3.513426534853205e-21
optimistic_combined,d_optimal,256,204,53,95.26418786692759,1.0897213934722674,14.901604328870093,2.9787119768999845e-24,2.1474739387457157e-22
optimistic_combined,d_optimal,256,205,299,258.94324853228966,1.9062317780722255,22.770592397279046,1.1029200072865656e-23,2.2897913359857234e-21
optimistic_combined,d_optimal,256,206,346,290.2152641878669,3.8327372564063507,21.834400095343085,8.452432879173839e-24,4.446119562396203e-21
optimistic_combined,d_optimal,256,207,218,205.04892367906066,4.2105707758875415,18.439311437532794,1.1449741008054236e-23,2.783049441079167e-22
optimistic_combined,d_optimal,256,208,84,115.89041095890411,9.795739431035658,7.897942961211754,4.434514657567674e-22,7.20283754008358e-23
optimistic_combined,d_optimal,256,209,297,257.6125244618395,1.8744629080948119,22.757608895533735,1.1783454460553257e-23,3.385409011603836e-21
optimistic_combined,d_optimal,256,210,54,95.92954990215264,1.0858253612001725,14.965955108302808,3.143135497864329e-24,2.4628821028556154e-22
optimistic_combined,d_optimal,256,211,447,357.41682974559683,34.573127482633616,-7.096895181808236,1.4754187172751394e-22,9.37159492597084e-22
optimistic_combined,d_optimal,256,212,163,168.45401174168296,7.9946368494776765,12.947722648150432,2.712063791889577e-24,5.111346843181934e-22
optimistic_combined,d_optimal,256,213,15,69.98043052837573,8.87707720503202,4.43518732862735,9.755710438329916e-25,1.1400890858852515e-22
optimistic_combined,d_optimal,256,214,263,234.99021526418787,1.6981128901909561,22.135615025695117,3.029048896259384e-22,4.130996629640452e-21
optimistic_combined,d_optimal,256,215,298,258.27788649706457,1.8899684928919536,22.764508318811934,1.1390943267051948e-23,2.7197693730903334e-21
optimistic_combined,d_optimal,256,216,55,96.59491193737769,1.0832512417901963,15.028566109895351,3.3247518176062844e-24,3.047589596816026e-22
optimistic_combined,d_optimal,256,217,311,266.92759295499025,2.147950369782551,22.79265136780846,8.355205356379793e-24,5.483581254920308e-21
optimistic_combined,d_optimal,256,218,173,175.10763209393346,23.656303609747336,-2.3774697700736738,3.1383089877793698e-24,1.707038939936195e-22
optimistic_combined,d_optimal,256,219,56,97.26027397260273,1.0820278364224718,15.089414269425973,3.5261037917158206e-24,3.8141412106516413e-22
optimistic_combined,d_optimal,256,220,300,259.6086105675147,1.9233633277189672,22.775750862709998,1.0695566315199641e-23,2.0238500913076172e-21
optimistic_combined,d_optimal,256,221,237,217.69080234833658,2.248847090508733,20.920686844515544,4.147641530011176e-23,1.2241877544747866e-21
optimistic_combined,d_optimal,256,222,359,298.86497064579254,5.482086152581701,20.44014648631233,1.0630784680293392e-23,2.5173166097868498e-21
optimistic_combined,d_optimal,256,223,57,97.92563600782779,1.08273040220592,15.147929949403533,3.7502223452038365e-24,4.334698117761386e-22
optimistic_combined,d_optimal,256,224,248,225.00978473581213,1.8850992446534256,21.571661172727488,2.051854332305338e-22,1.2312715429927196e-21
optimistic_combined,d_optimal,256,225,58,98.59099804305283,1.0856998110335836,15.203777783390123,4.0007429908108385e-24,4.025198440737886e-22
optimistic_combined,d_optimal,256,226,379,312.17221135029354,15.00668843722989,11.293928713303558,1.886789174950077e-23,2.65148765047949e-21
optimistic_combined,d_optimal,256,227,287,250.95890410958904,1.7525419619077018,22.6522425561959,1.831923034836163e-23,2.4843840175018564e-21
optimistic_combined,d_optimal,256,228,219,205.7142857142857,4.015374792042235,18.662646583453707,1.201595564568604e-23,2.8707956470230193e-22
optimistic_combined,d_optimal,256,229,59,99.25636007827788,1.0910689463387453,15.256830282316585,4.2820560115572854e-24,3.260706936794363e-22
optimistic_combined,d_optimal,256,230,316,270.25440313111545,2.281448496895538,22.766739405858914,7.833569729036236e-24,2.3511623319709384e-21
optimistic_combined,d_optimal,256,231,93,121.87866927592955,8.5671762773292,9.564110131774271,2.0759408848142663e-23,1.5968477164931653e-22
optimistic_combined,d_optimal,256,232,259,232.32876712328766,1.7355621386626034,21.99922995121827,1.2521835227134501e-21,3.756087502670746e-21
optimistic_combined,d_optimal,256,233,378,311.5068493150685,13.88727535110095,12.394808987400324,1.8200542674629382e-23,3.511874946117605e-21
optimistic_combined,d_optimal,256,234,60,99.92172211350294,1.098939377656062,15.306991162890355,4.599501851151618e-24,2.58806514737846e-22
optimistic_combined,d_optimal,256,235,290,252.9549902152642,1.7831605247039932,22.6904368382109,1.5703209122037522e-23,3.1233346659463865e-21
optimistic_combined,d_optimal,256,236,162,167.78864970645793,7.381691447332613,13.526292467341491,2.678793084098201e-24,6.48925510802168e-22
optimistic_combined,d_optimal,256,237,279,245.63600782778863,1.6950528374712621,22.523520105288156,3.122917368850129e-23,4.368052759245936e-21
optimistic_combined,d_optimal,256,238,317,270.91976516634054,2.3108888422522837,22.758657301371343,7.757529011569889e-24,2.3615292577936148e-21
optimistic_combined,d_optimal,256,239,61,100.58708414872798,1.1094538867275534,15.354122824359791,4.959627886106048e-24,2.1617412137831455e-22
optimistic_combined,d_optimal,256,240,301,260.2739726027397,1.941104431682945,22.780242718840597,1.0387679906348726e-23,1.882330652639953e-21
optimistic_combined,d_optimal,256,241,322,274.24657534246575,2.4735929520012854,22.70196364233165,7.496537692655242e-24,5.8428283774102796e-21
optimistic_combined,d_optimal,256,242,14,69.31506849315069,10.68427599103105,2.545009477231872,9.592505139013738e-25,9.924264007157942e-23
optimistic_combined,d_optimal,256,243,278,244.9706457925636,1.6902214764551085,22.504791799072223,3.391985099283003e-23,3.7568875094538784e-21
optimistic_combined,d_optimal,256,244,253,228.33659491193737,1.7941582462891699,21.79008449388654,9.508661974589455e-22,3.3088976727530473e-21
optimistic_combined,d_optimal,256,245,62,101.25244618395303,1.1228162047992554,15.398026613993068,5.370529532017623e-24,1.9745928049537086e-22
optimistic_combined,d_optimal,256,246,220,206.37964774951075,3.8371700252616154,18.868899645829103,1.2628838187552724e-23,2.9631482048817224e-22
optimistic_combined,d_optimal,256,247,221,207.0450097847358,3.6742039780663207,19.059823707098815,1.3293692160796086e-23,3.1247506154075363e-22
optimistic_combined,d_optimal,256,248,63,101.91780821917808,1.1392992345305564,15.43843460785395,5.842308706513021e-24,2.0065008332304617e-22
optimistic_combined,d_optimal,256,249,222,207.71037181996084,3.524952789290207,19.236943207758955,1.4016597794034134e-23,3.3818774226947303e-22
optimistic_combined,d_optimal,256,250,197,191.07632093933464,25.391919965500502,-3.3550502194156593,5.317422485451901e-24,1.9590536675416556e-22
optimistic_combined,d_optimal,256,251,64,102.58317025440313,1.159254881586066,15.474999781807398,6.3876978684683696e-24,2.244457060151086e-22
optimistic_combined,d_optimal,256,252,223,208.3757338551859,3.3879403099701504,19.401734870544033,1.4804552379273237e-23,3.752527443054146e-22
optimistic_combined,d_optimal,256,253,83,115.22504892367905,7.023958956419973,10.61971140135067,8.993505950452119e-22,6.472147104067059e-23
optimistic_combined,d_optimal,256,254,224,209.04109589041096,3.2614296681595034,19.555936135684675,1.5665641089795245e-23,4.266930688497911e-22
optimistic_combined,d_optimal,256,255,361,300.19569471624266,5.867071578999154,20.093749944441882,1.1118002011149158e-23,3.0578848379794003e-21
optimistic_combined,d_optimal,256,256,308,264.93150684931504,2.0780077981588287,22.797396728247776,8.801983751142249e-24,5.064544810257896e-21
