feature_set,model,sample,true_CO_ug_m3,pred_CO_ug_m3,true_O3_ug_m3,pred_O3_ug_m3,true_SO2_ug_m3,pred_SO2_ug_m3,true_NO2_ug_m3,pred_NO2_ug_m3,true_PM2_5_ug_m3,pred_PM2_5_ug_m3,true_PM10_ug_m3,pred_PM10_ug_m3
template_projection,ridge_10,0,2400.0,2460.9571640744916,26.0,28.265748892993482,81.0,76.93491743667076,98.0,99.31806404128142,172.0,185.24987041417626,247.0,244.1402494343848
template_projection,ridge_10,1,900.0,885.2177131066853,49.0,51.62656291998589,2.0,1.910578916221871,14.0,17.171767921825875,88.0,75.30377783237915,96.0,97.20552800934244
template_projection,ridge_10,2,1400.0,2159.6237115104154,19.0,-15.324062687214862,17.0,20.10707345624411,90.0,92.36393098722962,124.0,151.402652811638,174.0,166.25778420148717
template_projection,ridge_10,3,1100.0,1150.1107397990622,82.0,78.83335521461287,2.0,3.4911916856841003,80.0,76.88677067377367,120.0,118.11348958136153,159.0,161.34162911355088
template_projection,ridge_10,4,300.0,684.768502749845,53.0,63.014719295711046,2.0,8.126800684712165,16.0,12.047332977408459,15.0,21.188712575883947,57.0,29.28374541275771
template_projection,ridge_10,5,1000.0,1095.5657850559962,7.0,5.162809266443837,11.0,11.430528047452977,40.0,41.56110193647158,28.0,27.002358425362274,28.0,28.992197237716965
template_projection,ridge_10,6,400.0,506.4147986292038,23.0,26.71207982679019,6.0,7.436050574201483,27.0,31.7965270615678,11.0,2.469937996710229,26.0,17.35212650330554
template_projection,ridge_10,7,4800.0,4684.499687325771,5.0,2.456250236470737,26.0,28.796133516579722,100.0,99.48133964570283,252.0,242.56620563487934,252.0,255.96349879647317
template_projection,ridge_10,8,1500.0,1422.8446970616042,13.0,26.828566879700173,7.0,13.233779116342708,46.0,51.080133647273,100.0,70.83771737712627,100.0,82.21895503840963
template_projection,ridge_10,9,1000.0,732.1425582996385,171.0,148.2789982907203,13.0,18.77293303519729,44.0,57.868626363611014,142.0,118.15169542821042,163.0,163.91833179003442
template_projection,ridge_10,10,500.0,426.024065850747,73.0,67.77716972887924,5.0,20.024785999535226,12.0,10.017708092801577,10.0,-11.346917325443968,18.0,-4.445436996601984
template_projection,ridge_10,11,2200.0,2205.978135025669,20.0,18.924128953228717,40.0,37.332596142511385,112.0,108.18582843986664,83.0,95.52310653459011,109.0,114.85531875521409
template_projection,ridge_10,12,1900.0,1832.8846014548599,14.0,12.892399809291717,21.0,20.29569828402403,78.0,76.7712079538671,57.0,55.931249201734005,58.0,62.80261097573901
template_projection,ridge_10,13,1000.0,1012.7440788678728,62.0,61.16151868954694,11.0,9.45885702349581,34.0,32.65556424686155,40.0,42.46527993216058,49.0,54.59338268129776
template_projection,ridge_10,14,200.0,332.2400138504772,98.0,126.5033576057615,2.0,-6.2910410599133275,6.0,4.60934581107346,4.0,2.213416298430417,5.0,13.862516182089877
template_projection,ridge_10,15,3600.0,3550.0955372477774,2.0,4.134317557739173,23.0,25.60281642223697,107.0,108.70665933905997,277.0,286.5405458612019,364.0,344.2928115249957
template_projection,ridge_10,16,300.0,146.03145763550992,94.0,90.0574231009511,2.0,4.715373006552602,11.0,12.51169366749324,5.0,1.8004633677519735,19.0,14.286939088256233
template_projection,ridge_10,17,1200.0,1820.6622051553622,158.0,167.95434257755386,11.0,-4.717911377355206,16.0,11.129306140060145,192.0,171.0606372421891,148.0,191.6652822214481
template_projection,ridge_10,18,700.0,1128.141564518229,4.0,-30.68867107898211,11.0,25.758588715592452,73.0,64.60701721625904,49.0,42.02817199055607,78.0,70.82558619507786
template_projection,ridge_10,19,900.0,779.0212488093987,144.0,133.6845340810594,8.0,10.946984844626307,35.0,35.53372558956737,69.0,55.20080905842315,69.0,79.03523596627214
template_projection,ridge_10,20,3800.0,3806.7110649803844,2.0,4.282975396265549,44.0,43.192393304145405,133.0,130.62865557583237,216.0,235.3901666851208,285.0,275.06075313286567
template_projection,ridge_10,21,500.0,512.017699351667,94.0,103.85393076242212,10.0,0.6346634841915453,27.0,30.087885718907817,33.0,21.82918437932853,18.0,40.46371154207466
template_projection,ridge_10,22,800.0,989.1064392472367,41.0,36.18616282682502,11.0,15.488037858926926,15.0,15.590535021247419,21.0,13.679905576152464,21.0,14.271689859131882
template_projection,ridge_10,23,200.0,474.5937068131792,74.0,82.0310118849809,6.0,2.656895607999793,26.0,26.456234906711266,12.0,10.830513603403944,16.0,16.144996810267614
template_projection,ridge_10,24,100.0,183.25586780837193,77.0,78.55113038413529,2.0,0.5177331569020538,8.0,16.6461519377863,12.0,11.910015471585297,49.0,36.32264047404247
template_projection,ridge_10,25,500.0,392.1832281119126,15.0,17.724414693569464,2.0,-0.5694009284156483,21.0,23.246829689558865,22.0,15.182467701146876,22.0,29.198618459565793
template_projection,ridge_10,26,3799.0,4436.201925367052,16.0,29.496641636000685,91.0,81.45070014085373,213.0,204.9473682935155,272.0,296.0474405984121,364.0,367.69750744842725
template_projection,ridge_10,27,800.0,537.5949637296525,8.0,-13.106918066731012,7.0,13.747520381901245,43.0,47.437395076000584,58.0,42.117838269941565,58.0,63.9817836050484
template_projection,ridge_10,28,300.0,723.3995531639006,51.0,86.69757201789145,4.0,-1.690257351822888,20.0,9.019243750235567,14.0,23.716907037036037,22.0,12.041523224175904
template_projection,ridge_10,29,600.0,540.2655899281935,119.0,112.74551659147497,3.0,5.349947333475544,29.0,28.79809638430962,25.0,14.629938276193442,25.0,29.283583165333496
template_projection,ridge_10,30,700.0,435.1994062317643,168.0,156.15971447486942,6.0,9.675905641085786,10.0,8.217793110106832,38.0,27.478279106963335,32.0,41.591869336611595
template_projection,ridge_10,31,1000.0,1084.3637022108592,13.0,17.533357242628767,26.0,22.506593460777133,48.0,46.592683235960635,23.0,45.71634141079803,70.0,61.630784294400094
template_projection,ridge_10,32,3000.0,2919.48730902336,5.0,6.422927805967333,30.0,26.780624974411722,79.0,77.81024410856901,59.0,92.12288914333308,104.0,92.5134235911919
template_projection,ridge_10,33,500.0,478.9371816969648,174.0,173.9452014074865,2.0,1.4004393960367718,17.0,14.0237309032497,24.0,26.44609715262682,30.0,42.344680014597564
template_projection,ridge_10,34,1000.0,1125.5631984349557,3.0,4.421361274417208,11.0,10.14901338848965,96.0,92.55883718439372,79.0,79.75917287928756,108.0,112.21369146677613
template_projection,ridge_10,35,4900.0,4544.476763293831,2.0,-8.538985097927181,72.0,82.37142250053527,111.0,122.92780272859707,202.0,203.67746099637705,247.0,224.15024203732196
template_projection,ridge_10,36,1600.0,1514.1300773990786,113.0,109.40327381176996,3.0,7.505998763971185,48.0,56.60153785050409,142.0,107.7232614873245,142.0,140.46812682893227
template_projection,ridge_10,37,2799.0,2806.8971478505255,30.0,28.838889287654602,103.0,101.45968119032169,82.0,83.78837474127732,81.0,107.00013230555993,130.0,121.8452442053239
template_projection,ridge_10,38,1400.0,1750.6359789724743,29.0,57.713328836329545,2.0,-2.585123377352124,54.0,61.08011716810719,147.0,130.58355952909864,161.0,155.89728232722683
template_projection,ridge_10,39,300.0,312.7052989996348,57.0,82.42338704343561,5.0,-7.858973054415946,19.0,35.26078336167927,28.0,163.51976422150173,348.0,259.48149306573373
template_projection,ridge_10,40,1300.0,1212.8915836461076,117.0,101.50831976953361,4.0,11.709628047752723,7.0,10.327356158854812,149.0,124.24677071064374,164.0,166.86398997420645
template_projection,ridge_10,41,300.0,817.8606509467483,38.0,79.86287566736706,5.0,-20.410767909807696,27.0,10.744354386606872,3.0,49.32519791000507,23.0,59.60905633533363
template_projection,ridge_10,42,700.0,600.6245249099245,77.0,74.64256343585603,3.0,4.694716632680203,6.0,9.40963685843144,32.0,30.26064608267251,49.0,44.86426820685989
template_projection,ridge_10,43,600.0,949.9712367088987,22.0,8.959130078425247,7.0,8.851160776874277,66.0,66.76859669738674,35.0,52.062366202306094,67.0,61.638610438890986
template_projection,ridge_10,44,500.0,926.3098243756863,41.0,10.624723430156827,8.0,6.716136320375975,30.0,35.81464302922609,12.0,16.18848405916541,26.0,43.738826204827625
template_projection,ridge_10,45,400.0,471.0072514689358,47.0,49.67867550818996,8.0,7.609035080498709,20.0,23.044031404360602,15.0,35.062174844944735,78.0,59.25529923991538
template_projection,ridge_10,46,1300.0,1500.4896561110388,104.0,104.42567507088187,2.0,3.2199679892121864,51.0,48.607322211251734,238.0,220.40899477213458,284.0,290.8351268659826
template_projection,ridge_10,47,1100.0,1250.4203422162013,104.0,103.11890943884575,40.0,39.268856410919284,61.0,54.52799400485222,128.0,109.17948281885117,128.0,151.02204385491515
template_projection,ridge_10,48,7000.0,6155.640033857078,12.0,3.430349467878841,44.0,48.522955038144914,66.0,74.52865445270724,83.0,157.78047161291113,166.0,106.97768687197677
template_projection,ridge_10,49,600.0,750.6452141517461,2.0,14.451158134587928,2.0,5.191298465750714,50.0,43.85784123523558,16.0,19.07435727201917,41.0,24.336670944261385
template_projection,ridge_10,50,3200.0,3010.1567459074786,5.0,1.344285947077097,14.0,15.822994743820294,65.0,65.43662805606186,282.0,258.04555941960416,294.0,307.0384199371929
template_projection,ridge_10,51,2200.0,2238.211869422379,2.0,-5.6043896675749,8.0,9.20465577149521,45.0,42.56151664427164,119.0,89.58383612293731,64.0,89.05905422354388
template_projection,ridge_10,52,600.0,755.4509124888984,46.0,43.5360320248363,7.0,6.814778268965149,70.0,65.1737714879073,40.0,58.50427043733146,86.0,83.0954600119331
template_projection,ridge_10,53,800.0,769.0120464148652,60.0,60.07426185184,13.0,13.711420214914106,69.0,66.44395380434321,50.0,38.42572705027451,50.0,59.680703483146964
template_projection,ridge_10,54,3400.0,3471.0108241434964,5.0,27.594340602287605,52.0,51.012127074334444,97.0,103.32664395812225,205.0,174.49777079800685,205.0,201.28714176440582
template_projection,ridge_10,55,4500.0,4236.003946492854,12.0,-10.767268549877528,29.0,37.70294787290004,128.0,128.88335788629377,143.0,171.19449636814778,208.0,180.13919081427755
template_projection,ridge_10,56,800.0,887.2551028664266,21.0,22.36881301766465,10.0,9.78109092417799,47.0,44.94954339197828,22.0,19.706772762379607,22.0,27.540386126604346
template_projection,ridge_10,57,400.0,189.42272991553205,59.976,69.00126351946511,15.0,4.997746365590089,26.0,26.16331290428368,174.0,120.28377739193768,134.0,189.30780892793325
template_projection,ridge_10,58,200.0,144.19913643784298,131.0,128.2254071150002,2.0,1.7434471719158608,9.0,7.409878596472964,15.0,8.18096132772169,15.0,25.229906627821705
template_projection,ridge_10,59,200.0,265.2083080240003,55.0,55.984667474699734,12.0,10.225349567498611,36.0,35.90754130222545,16.0,8.33438211786995,16.0,25.09607018124568
template_projection,ridge_10,60,500.0,513.1588997475152,54.0,56.92332535847095,8.0,3.7138479373103,28.0,28.785577787455615,11.0,6.22402846849306,11.0,21.803708589953175
template_projection,ridge_10,61,1700.0,1687.7984131828796,16.0,22.21875835339999,44.0,41.377320789885616,87.0,87.79055405108923,77.0,83.79838202220138,115.0,110.60261583118566
template_projection,ridge_10,62,1000.0,726.5062100214776,235.0,212.62818993144822,2.0,11.942846001386695,28.0,25.369921369248498,75.0,75.36559461533545,109.0,103.61392072572694
template_projection,ridge_10,63,700.0,736.5803528397507,31.0,32.05520339523379,8.0,7.859180599782361,48.0,47.87675756337058,42.0,47.00682476274817,75.0,69.4327972716876
template_projection,ridge_10,64,2200.0,2265.175514995897,5.5692,4.623888865409512,15.0,16.43554664462239,100.0,100.80826680235604,147.0,169.36964861627422,231.0,211.06090283730444
template_projection,ridge_10,65,400.0,352.29968810249534,38.0,41.829858501511,4.0,2.2382942372083736,5.0,8.607302111025724,15.0,12.939370505664726,27.0,25.944594953815695
template_projection,ridge_10,66,500.0,319.91698144835664,62.0,76.21003704088308,3.0,-3.7100570656316894,13.0,13.883221464853982,19.0,13.946701773352657,43.0,48.792480390491804
template_projection,ridge_10,67,2000.0,1890.3744962378819,1.0,-1.2861716881179106,10.0,11.730740429757919,31.0,34.57014468940646,85.0,90.50908025544575,110.0,101.2486571107311
template_projection,ridge_10,68,900.0,878.9377653124623,22.0,25.16882032743431,12.0,12.246720276113544,59.0,56.57186530455157,52.0,54.07152951954369,76.0,75.37464613960451
template_projection,ridge_10,69,200.0,684.1601934659789,47.0,52.913004174624746,3.0,2.3389946622009052,13.0,-3.04887791744882,3.0,9.491771540004024,5.0,10.674468179660266
template_projection,ridge_10,70,800.0,951.4438841575318,74.0,81.01057565106507,2.0,-0.7917527570051508,58.0,54.94671890124941,94.0,89.72325477439828,114.0,122.59534381732226
template_projection,ridge_10,71,600.0,690.3034737594459,32.0,49.67670825162901,6.0,-0.706998125653099,40.0,39.86147021018561,88.0,71.03491514336508,91.0,100.45837060186906
template_projection,ridge_10,72,5900.0,5732.272252226722,11.0,19.897069036760165,132.0,124.82774839548729,120.0,122.6296265128822,297.0,306.5596527492094,335.0,339.56897000760546
template_projection,ridge_10,73,1500.0,1492.242483244679,5.0,6.853087867973748,10.0,8.8757301689865,84.0,81.09978124357067,66.0,75.045273947659,95.0,93.67455771347639
template_projection,ridge_10,74,3799.0,3838.83401043294,71.0,77.55197093782566,53.0,51.2083672674951,151.0,150.23036744282277,335.0,306.7908296095585,352.0,379.22018490382334
template_projection,ridge_10,75,200.0,292.1341978850188,67.0,79.90814130201846,2.0,-7.473483064138938,10.0,26.822345317117676,3.0,-9.234610034538179,22.0,17.473642425838293
template_projection,ridge_10,76,800.0,768.9883022537083,77.0,76.28404345900942,5.0,6.662499284742237,27.0,26.955421747206916,132.0,107.25655622779031,132.0,143.98570469990923
template_projection,ridge_10,77,600.0,597.6897462047291,48.0,50.651368648284055,5.0,5.616601600692357,19.0,21.969769538070338,8.0,25.214074342672035,58.0,38.633791190477524
template_projection,ridge_10,78,1000.0,1087.953147076068,44.0,49.73766315128534,6.0,0.757218055669675,40.0,37.61633394463642,64.0,51.56954019790528,40.0,58.94736517701549
template_projection,ridge_10,79,3800.0,3785.532993061738,2.0,0.4722387394868477,20.0,14.497880281062457,108.0,109.83922827294936,213.0,207.10446435374917,213.0,226.82210137339712
template_projection,ridge_10,80,2600.0,2451.4639849279083,9.0,9.805196162413957,25.0,24.54429442336677,73.0,73.2923591602609,109.0,104.95887911589071,111.0,115.26580450512509
template_projection,ridge_10,81,2000.0,2175.2326305371143,7.0,11.065919432980607,17.0,21.008069923197937,90.0,83.29131902116151,152.0,149.91884064398914,190.0,181.04414504267987
template_projection,ridge_10,82,900.0,903.6568062461274,23.0,28.42109552744824,24.0,20.99692000239158,50.0,52.16759078579676,29.0,35.21017975960021,57.0,53.83916339654862
template_projection,ridge_10,83,1100.0,1086.136837708437,274.0,263.973791203827,27.0,28.921326171256993,48.0,46.80226085097006,198.0,164.58539032516663,198.0,225.015786865356
template_projection,ridge_10,84,400.0,1197.903836416996,2.0,19.663128634129542,8.0,-7.636364029363696,128.0,113.59473009762932,192.0,189.69747189629132,208.0,249.28245494842443
template_projection,ridge_10,85,500.0,547.9412956585563,38.0,43.15313561821333,17.0,14.751281958037376,31.0,32.61474048193523,12.0,17.756716125479585,40.0,34.493661115500586
template_projection,ridge_10,86,1300.0,1165.0241163937071,3.0,-5.928734003357832,3.0,7.091436554137703,59.0,62.497783125822956,75.0,60.12678310440537,75.0,78.58316293816351
template_projection,ridge_10,87,1400.0,1221.4405252123252,37.0,32.05645913582012,9.0,16.962871759482024,124.0,118.24122965241486,55.0,66.40262077059192,118.0,101.32605531480081
template_projection,ridge_10,88,900.0,694.5774117343718,88.0,102.45389439601695,22.0,16.518514122841797,12.0,9.059697304443695,18.0,22.20631588802032,25.0,34.98350042314182
template_projection,ridge_10,89,1200.0,1310.9762898176825,10.0674,11.108775862400876,56.0,56.566604950040166,65.0,68.7600800727511,78.0,92.30074777511985,154.0,134.7428854378937
template_projection,ridge_10,90,700.0,1037.270359854842,26.0,51.396077911813116,2.0,-19.021579105371544,38.0,56.60625470890817,18.0,38.60496910175974,18.0,24.87858661458
template_projection,ridge_10,91,5700.0,5535.00701388206,8.0,5.40220515772571,89.0,85.46757495588945,175.0,169.7726602994833,339.0,314.88012658959923,319.0,353.09325153538646
template_projection,ridge_10,92,700.0,815.1147392026976,30.0,39.21615719505624,5.0,2.5579024134985904,80.0,79.6081846629926,50.0,55.59433412185916,90.0,84.00558711890146
template_projection,ridge_10,93,1500.0,1459.8132278600663,32.0,34.865610204908904,32.0,30.00978022070857,44.0,45.06435928942166,44.0,46.83572280219995,54.0,54.09777694355903
template_projection,ridge_10,94,100.0,121.30102032695254,47.0,51.6902899085368,4.0,0.7723570914089866,49.0,45.38601445620588,12.0,8.703499240915548,14.0,28.99161832241657
template_projection,ridge_10,95,700.0,550.3630428580944,92.0,93.4873868109614,17.0,16.83254682524423,38.0,38.07401051458852,47.0,40.683305385995816,57.0,63.65723615638074
template_projection,ridge_10,96,1200.0,808.685530618335,16.0,0.6668604533784404,6.0,7.154760764803454,55.0,53.23221002141009,63.0,62.171878933021645,63.0,83.56326317639787
template_projection,ridge_10,97,900.0,789.1747954114246,180.0,172.0901444223196,2.0,5.082310073619945,22.0,24.114689060531873,61.0,54.05864556411868,71.0,72.4162058034207
template_projection,ridge_10,98,1100.0,1016.755640627862,71.0,65.65132112705484,7.0,7.999767083166702,63.0,62.22148722303299,54.0,47.63984133345152,57.0,64.3469386652591
template_projection,ridge_10,99,700.0,581.2160731006558,102.0,96.52601508562395,4.0,7.0316428668457505,17.0,17.901330079559365,35.0,37.6172481837981,61.0,54.71621217288808
template_projection,ridge_10,100,1400.0,1424.1595233671183,12.0,13.65650013797633,17.0,17.68777176635266,72.0,73.07527424043134,146.0,158.20054767968713,229.0,212.82005209157063
template_projection,ridge_10,101,1200.0,1546.522382075259,228.0,221.17128652253436,9.0,5.394819064255236,33.0,31.901856950924884,142.0,153.32596166966778,192.0,191.7910986465347
template_projection,ridge_10,102,1100.0,1182.8401274658045,21.0,25.672622694542053,32.0,30.304437850181515,65.0,63.05827550940793,71.0,81.17639939537275,117.0,112.7278938980039
template_projection,ridge_10,103,2000.0,1766.3418634203488,51.0,44.98689311051867,11.0,11.252063400312304,65.0,64.0151704325708,84.0,92.3021546229604,111.0,111.83127832162933
template_projection,ridge_10,104,1000.0,1044.7066641520978,60.0,54.459449748301424,2.0,4.732377580854838,32.0,34.14436132869907,124.0,100.80416207856248,124.0,132.3404169190117
template_projection,ridge_10,105,2200.0,2235.6171176575676,5.0,13.000298777220905,71.0,66.26896049796693,67.0,68.1292522787395,158.0,144.8889562713203,166.0,180.21013336442104
template_projection,ridge_10,106,2400.0,2227.972521863436,88.0,88.15592015524685,62.0,58.341661912713874,95.0,102.6532018391143,264.0,230.3860103978748,275.0,295.05683136605694
template_projection,ridge_10,107,2600.0,2844.5236646795547,35.0,55.75682744227945,155.0,144.12139095562193,102.0,100.26504284938444,100.0,163.6339723708192,242.0,213.58249288525116
template_projection,ridge_10,108,900.0,1084.984953775912,140.0,121.1270332428214,20.0,25.21235438144221,26.0,28.82061769102862,100.0,103.97172468923497,147.0,137.67331562436345
template_projection,ridge_10,109,1100.0,900.2947305110325,112.0,105.41199627924385,6.0,7.610796525857872,25.0,26.705658692191733,62.0,53.01250537288344,64.0,72.61848227970337
template_projection,ridge_10,110,700.0,730.689575375141,37.0,61.401825067216585,2.0,2.2504584172498205,68.0,81.19702892291168,51.0,47.73552451361043,160.0,116.1322772953913
template_projection,ridge_10,111,400.0,461.66303621872737,13.0,23.26048133370127,2.0,-6.391707763181417,50.0,42.466946369058505,9.0,12.917467671723358,16.0,36.46721181665504
template_projection,ridge_10,112,4900.0,4449.131641081658,17.0,8.099959178432456,9.0,14.779797646273595,103.0,106.36006492244789,247.0,233.6540327778496,247.0,246.8212435544218
template_projection,ridge_10,113,600.0,459.3253099024,197.0,175.9625324642206,20.0,25.433023927827513,19.0,28.663034474845634,62.0,64.68655706142272,127.0,111.00967960058564
template_projection,ridge_10,114,1200.0,1147.6130886462606,76.0,73.82197950930228,3.0,4.757017363626007,21.0,22.86105764421361,106.0,89.66243817332112,106.0,113.06628696654313
template_projection,ridge_10,115,5800.0,5599.323844287937,2.0,-17.765169339195992,27.0,37.00926817087344,163.0,164.07228525673926,343.0,385.5470734737109,490.0,449.1002032721792
template_projection,ridge_10,116,800.0,809.973448516247,126.0,126.0420245020269,7.0,6.952946159898872,39.0,38.632960708390875,118.0,95.24538577427255,118.0,131.64347299840978
template_projection,ridge_10,117,1800.0,2016.5571544260358,2.0,15.112592990874084,39.0,31.83953306833454,126.0,120.38516090622625,244.0,223.24015338694971,257.0,288.24349101659016
template_projection,ridge_10,118,900.0,773.0459890289692,167.0,157.5982619053479,2.0,5.115193904564908,26.0,27.117984447888333,65.0,58.822954401566854,79.0,82.46233184077991
template_projection,ridge_10,119,700.0,686.8701308714683,46.0,44.27854927930151,7.0,6.484722222423326,46.0,44.20519708312778,54.0,22.214739879077996,6.0,33.42324351751914
template_projection,ridge_10,120,3300.0,3325.760356392744,61.0,67.6278210813011,82.0,78.12410397259599,88.0,88.6161787099006,235.0,240.31768104295483,289.0,289.5063974212228
template_projection,ridge_10,121,600.0,583.3057496748362,62.0,63.886623677138175,7.0,9.655213549053615,35.0,36.56476853025654,27.0,40.37175010699974,84.0,63.66729347173917
template_projection,ridge_10,122,1400.0,1252.4637053125439,5.0,4.627008771006643,9.0,10.416791779298062,49.0,44.063197561186456,125.0,107.93738523061724,126.0,148.81291083948412
template_projection,ridge_10,123,1100.0,1226.3478019182792,2.0,-20.82573207210794,13.0,23.798602870573163,57.0,67.15377973167136,71.0,57.17911967583228,89.0,75.89147481454278
template_projection,ridge_10,124,400.0,460.53566536587255,59.0,66.35284489221576,2.0,-3.3700597799373018,27.0,24.762316963463167,3.0,14.398682508063672,26.0,30.221575139763885
template_projection,ridge_10,125,1400.0,1371.0941748822606,6.0,16.19631572145999,36.0,30.15548617625329,76.0,74.8251120801209,55.0,70.52241775833228,98.0,97.78115662137938
template_projection,ridge_10,126,1400.0,1348.6713282063465,160.0,154.5473329412545,14.0,15.868085146748706,38.0,38.67991833928466,107.0,92.20399816239008,107.0,115.9405582028613
template_projection,ridge_10,127,1200.0,1316.1628435237303,2.0,5.392206179970039,11.0,10.155495884286196,81.0,75.56254539973129,30.0,42.06529562489677,50.0,57.208914609072075
template_projection,ridge_10,128,800.0,850.4470678406065,14.0,17.7836266326293,27.0,24.725682270499767,52.0,53.70736629108324,19.0,11.952843519843924,19.0,26.728994420192734
template_projection,ridge_10,129,900.0,1102.7498979063644,28.0,30.24665837543096,2.0,2.305958105645148,9.0,6.659676744792364,9.0,12.374975792078985,10.0,4.7984731685886715
template_projection,ridge_10,130,3000.0,3394.146572383127,2.0,3.1628698902464123,14.0,16.37630175054771,111.0,117.04893165832397,257.0,224.26615350622242,257.0,254.88785798217654
template_projection,ridge_10,131,200.0,-72.95272304347213,83.0,101.99907594719429,2.0,2.4707093313775275,6.0,3.888939467408669,13.0,0.5443071324822313,26.0,28.077432343566812
template_projection,ridge_10,132,900.0,959.9548190938515,23.0,23.411468891262572,2.0,0.5860078256936951,57.0,53.529388239081655,53.0,51.78588428674279,71.0,78.53493760709785
template_projection,ridge_10,133,1300.0,1500.089150719978,2.0,-5.225584536348762,8.0,14.40450170119568,103.0,98.41863878002457,133.0,130.26482383804898,174.0,170.62271463446945
template_projection,ridge_10,134,1500.0,1012.9964073633436,2.0,7.97831693061201,4.0,0.3749677597294898,51.0,60.43316508669494,45.0,37.00581520234481,45.0,43.497375583507115
template_projection,ridge_10,135,700.0,752.3992989509829,31.0,27.88198249916612,12.0,14.722516853441224,49.0,43.2749503630949,22.0,18.23930139984055,25.0,31.16298132905419
template_projection,ridge_10,136,500.0,494.2259719401478,68.0,69.10619166631969,5.0,3.7177760627125007,37.0,37.307314927693405,22.0,16.471598187014074,25.0,30.876474956097866
template_projection,ridge_10,137,900.0,936.4388787489504,103.0,103.84338914810823,21.0,19.53222961864172,27.0,26.954314456621628,137.0,87.43114071815457,78.0,114.85103748491532
template_projection,ridge_10,138,1200.0,1247.2098743069569,9.0,11.76346459943229,3.0,3.4022811016568095,68.0,61.95798048921711,92.0,86.0681113897591,99.0,108.19976701773798
template_projection,ridge_10,139,3100.0,2706.3046879410495,5.0,18.163252739305392,61.0,62.727599087223055,104.0,99.01213080228365,158.0,138.43564536874823,177.0,160.34966780773985
template_projection,ridge_10,140,700.0,497.8559692005781,150.0,148.57545816264786,16.0,28.293833566112355,48.0,31.013383578831625,48.0,34.62444225014031,55.0,57.742359617050845
template_projection,ridge_10,141,1700.0,1720.7420114770212,2.0,0.3206090509284607,2.0,4.491160912411969,96.0,95.49884771178475,151.0,145.56944117625898,186.0,185.1537676344256
template_projection,ridge_10,142,1000.0,1147.3291920559943,94.0,97.88676293487674,29.0,27.609327556434646,59.0,58.06527434357991,123.0,117.50875924099876,157.0,160.12196158771224
template_projection,ridge_10,143,1100.0,1349.3288417210588,2.0,2.9413072442058805,4.0,10.204149084189194,82.0,76.15900840298873,48.0,59.86665266115645,97.0,76.94136545143499
template_projection,ridge_10,144,800.0,1594.4311430845546,20.0,30.327738169492516,2.0,11.196609541923529,41.0,27.288727282578265,124.0,100.18866387746287,124.0,121.9660822297969
template_projection,ridge_10,145,1000.0,1214.5044243639556,14.0,22.971124555945913,7.0,19.247023868516543,113.0,94.6089469086782,56.0,75.836513229291,132.0,93.46130046108736
template_projection,ridge_10,146,1600.0,1560.4044754942643,60.0,57.82481680797503,2.0,4.5158501231956105,81.0,78.62633575656432,177.0,166.6694485831781,215.0,216.97781337265727
template_projection,ridge_10,147,400.0,462.3663415197685,6.0,1.2181369850580097,21.0,24.398986037398018,101.0,99.03782010130055,69.0,73.72156931217208,136.0,129.84287864460583
template_projection,ridge_10,148,400.0,266.7222921483768,141.0,122.68689570967383,2.0,4.275587167403502,23.0,18.56629583910107,28.0,32.28669641798433,49.0,60.029703837106304
template_projection,ridge_10,149,500.0,498.2792371526714,222.0,202.83780749125623,3.0,8.96587602727819,21.0,20.389169345338868,30.0,21.182653429473937,30.0,41.8106783596766
template_projection,ridge_10,150,1500.0,1508.6908780695667,2.0,0.6139829348087602,9.0,9.554270811200864,64.0,61.40786250431928,56.0,63.205777213661094,75.0,74.18784887953227
template_projection,ridge_10,151,500.0,312.19232379164714,53.0,53.07121583759707,18.0,16.760971938082932,16.0,19.69165780115653,14.0,11.39190767714095,25.0,25.9699396981503
template_projection,ridge_10,152,2500.0,2522.4516460854707,20.0,18.76344486183897,17.0,24.477445405879074,125.0,124.51737090053084,308.0,301.74761506100737,362.0,359.9484776077619
template_projection,ridge_10,153,400.0,684.1410716069446,48.0,57.01433986579098,4.0,-2.087628362423155,29.0,29.99324821802495,9.0,15.55744235954944,15.0,16.22957831619928
template_projection,ridge_10,154,3000.0,2727.3270405413527,2.0,-2.359974393555092,6.0,6.080371931777401,54.0,56.58268863097417,103.0,105.15641249006123,103.0,104.56647566929688
template_projection,ridge_10,155,700.0,761.3613266069083,54.0,62.553100370873096,12.0,14.289991833235776,37.0,42.60674327339119,45.0,138.48109673178453,283.0,200.57118880059318
template_projection,ridge_10,156,300.0,314.33479506228264,64.0,63.584612325503315,2.0,2.4662958285965217,21.0,21.186464727453608,26.0,18.04077005545004,32.0,35.28810546330665
template_projection,ridge_10,157,1300.0,1310.6953535081204,24.0,20.86677128532778,33.0,32.54096084558892,68.0,68.3266175279218,64.0,57.72599120023168,67.0,76.74246835903078
template_projection,ridge_10,158,200.0,199.4444859910734,88.0,85.48286961457714,2.0,1.0418131534274977,2.0,2.049781205870268,5.0,3.0922874217825296,8.0,12.94138567942619
template_projection,ridge_10,159,700.0,728.338735578435,84.0,57.462616977917044,7.0,18.910457973025327,52.0,49.95844507771031,68.0,55.26296316138341,79.0,87.63570800395425
template_projection,ridge_10,160,300.0,519.9836301960106,75.0,86.39279168492274,2.0,-5.109223779249318,27.0,27.882234042187374,7.0,3.724070572684255,15.0,22.325630495762937
template_projection,ridge_10,161,800.0,727.6190510732413,27.0,35.35651410509851,17.0,13.535503000869738,45.0,45.24675021652772,6.0,7.8511369617196465,17.0,18.10594519154118
template_projection,ridge_10,162,1400.0,1522.3805981330738,8.0,5.133582546613084,15.0,14.732558092606256,106.0,101.1202980145049,161.0,121.41536464291201,126.0,160.77503691920924
template_projection,ridge_10,163,3700.0,3307.568943067309,5.0,-6.316107378503169,7.0,14.79880197551779,86.0,92.47688353132133,154.0,174.84066189595575,228.0,199.81055696652095
template_projection,ridge_10,164,2000.0,2091.0841375439477,33.0,45.764440692540305,75.0,73.18079138559308,38.0,38.157325531252745,220.0,212.38884795695236,276.0,281.6926691868744
template_projection,ridge_10,165,2400.0,2340.4123847046617,2.0,3.7359071677957445,14.0,12.300822683934639,49.0,52.67252272989725,57.0,68.53521775115343,71.0,62.7094745005991
template_projection,ridge_10,166,1000.0,894.6928230441354,2.0,0.7193256330437663,15.0,14.891503205249197,94.0,91.97219467873967,51.0,57.33481398633246,82.0,81.7978193692997
template_projection,ridge_10,167,900.0,1004.931177666966,28.0,24.93754471350006,2.0,1.9158210205796387,57.0,55.686820837896754,61.0,58.04955214661104,74.0,76.98201025070966
template_projection,ridge_10,168,1000.0,1161.8238238516972,62.0,71.63048838759724,22.0,20.494535823963083,52.0,47.57285007874795,34.0,56.897141421575746,94.0,77.01317888026117
template_projection,ridge_10,169,2700.0,2454.1832007598014,12.0,9.035156688894084,3.0,9.994569015739865,38.0,47.160445845141645,162.0,135.41421156084485,162.0,154.01115109683968
template_projection,ridge_10,170,2500.0,2494.754303178871,8.0,4.599772799984265,10.0,12.344376092314604,110.0,112.587992130083,270.0,249.63358429899117,310.0,316.094711855229
template_projection,ridge_10,171,500.0,509.9105031157211,66.0,72.2378989629552,9.0,6.21542321420638,52.0,47.6712558068499,46.0,39.74613858491376,51.0,64.54562711042782
template_projection,ridge_10,172,1600.0,1899.2082953703639,84.0,104.55265116003426,53.0,46.17177960104716,36.0,37.10197400132439,91.0,92.13102553776021,114.0,114.10433801559456
template_projection,ridge_10,173,1400.0,1440.4770213356542,27.0,26.05767511469752,7.0,7.386458202314616,96.0,91.2238343176738,84.0,84.16099579534496,105.0,110.78218860087445
template_projection,ridge_10,174,600.0,688.1221171476103,98.0,102.398313844732,12.0,13.25692490886617,47.0,48.563423855309054,232.0,184.75557074562232,232.0,254.75187251240197
template_projection,ridge_10,175,1000.0,1119.6909471179986,21.0,28.59737988330472,32.0,28.652237752429016,72.0,70.8284177362792,40.0,39.702931430870926,53.0,56.91854472587985
template_projection,ridge_10,176,700.0,1012.7301939998944,59.0,64.30208249329101,6.0,2.524328809862487,57.0,56.89920053025171,30.0,25.018194621428336,30.0,39.01465821272136
template_projection,ridge_10,177,1100.0,912.6809606025231,2.0,-13.610998642552957,4.0,2.809231071548181,54.0,61.3124597699691,31.0,32.08037392616916,54.0,59.756096770746716
template_projection,ridge_10,178,1600.0,1516.703621687656,2.0,-7.921028200164386,14.0,15.669763617679942,134.0,131.7005576782949,115.0,160.14027574484163,217.0,216.64218167906142
template_projection,ridge_10,179,1100.0,1202.930273637314,5.0,6.3276827249448075,2.0,2.3299443523206396,59.0,59.380271815317066,121.0,110.70985316784328,142.0,146.00696908690873
template_projection,ridge_10,180,400.0,600.1478021771047,136.0,136.74915029274655,8.8536,12.06688094612101,26.689,31.75139012952206,85.0,86.05390270451991,140.0,128.56216023701282
template_projection,ridge_10,181,1200.0,1568.4060969331192,83.0,57.22884052769212,2.0,5.901609623219343,38.0,31.876255268210006,99.0,118.81786861663204,128.0,128.36699682101857
template_projection,ridge_10,182,400.0,361.33788176285714,65.0,66.39538432291016,5.0,5.343883836287139,27.0,24.630956982774997,14.0,8.39544276355474,17.0,20.216037446139737
template_projection,ridge_10,183,1600.0,1285.6995569920314,2.0,-0.976813063807711,2.0,3.440644901409934,43.0,46.4552331082757,24.0,14.052822208215815,24.0,27.118077947473083
template_projection,ridge_10,184,900.0,1300.1598091733163,1.0,-11.383770615888267,4.0,-16.37657249722021,87.0,92.90880012393725,40.0,100.47038307167759,101.0,123.97569192108868
template_projection,ridge_10,185,400.0,527.5068814198158,45.0,50.93298638920508,16.0,6.206990268749188,33.0,39.96081778008319,8.0,14.028240636884448,16.0,25.336268519542003
template_projection,ridge_10,186,1700.0,1877.4925349326527,40.0,62.91916043023292,87.0,75.9229101875045,74.0,76.01637739706689,114.0,95.46769122546475,109.0,128.69330103785012
template_projection,ridge_10,187,500.0,671.1628637193531,27.0,19.18769750983192,2.0,6.76683849168375,26.0,25.223993981196976,29.0,18.758725691564116,34.0,31.568180635651117
template_projection,ridge_10,188,700.0,648.9313201849963,193.0,184.3966082121658,4.0,6.929764942206244,18.0,18.569700378092577,66.0,78.43713422966195,122.0,111.57777689612595
template_projection,ridge_10,189,5400.0,5200.854257546665,2.0,-3.0533808407541443,25.0,30.542241293831424,120.0,123.36044392592225,455.0,408.70623523882904,455.0,469.46117818698406
template_projection,ridge_10,190,500.0,545.6678009116456,72.0,65.86577297599166,9.0,6.183552437835507,8.0,7.646115518463532,10.0,1.5251874226903794,7.0,17.0214574722379
template_projection,ridge_10,191,1900.0,2566.5025188796762,4.0,2.537339568905871,8.0,7.279448169553621,122.0,126.81081423215855,272.0,233.58532751464642,288.0,317.8109798796726
template_projection,ridge_10,192,300.0,252.64144403242415,56.0,54.12853117248473,2.0,0.15806297119117652,24.0,25.836060195538124,13.0,16.81061588842811,24.0,29.73417903223111
template_projection,ridge_10,193,700.0,650.1964808036151,10.0,19.237145609187564,19.992,17.2283523077144,66.5172,68.15241484008828,110.0,88.2282556835096,118.0,134.9674782247768
template_projection,ridge_10,194,1200.0,1232.7828442136438,33.0,34.72785315615025,22.0,20.239422741317476,91.0,88.79719709021423,117.0,107.05486972366398,139.0,152.38742444418165
template_projection,ridge_10,195,200.0,137.9323621437843,57.0,57.22514390825769,2.0,5.142420249705431,21.0,29.720063070881498,4.0,-5.857661207600856,16.0,8.754391835263519
template_projection,ridge_10,196,100.0,85.68413045882494,60.0,61.521172646492836,4.0,3.534881495197034,9.0,9.38975511092648,5.0,0.608789817181858,12.0,14.894690777289469
template_projection,ridge_10,197,800.0,855.2642179745565,12.0,14.947405623421176,2.0,-0.2404497812200077,46.0,44.755701406692715,41.0,35.69701631050211,41.0,50.118052199689004
template_projection,ridge_10,198,900.0,896.062608059789,2.0,34.54688052052887,3.0,-3.9097936659257417,62.0,68.00603676805085,35.0,43.4852345058757,89.0,73.54734472629382
template_projection,ridge_10,199,300.0,949.6596432788031,76.0,63.236266480170144,8.0,-1.9058121556701249,15.0,38.661312258960976,16.0,29.23269301465993,5.0,10.53910787644078
template_projection,ridge_10,200,400.0,263.19176715174126,114.0,115.91535553321143,2.0,0.9350701308909599,10.0,12.77911918206496,6.0,2.248275174276074,20.0,19.720987912575552
template_projection,ridge_10,201,800.0,796.7217692504357,44.0,53.801665199972255,10.0,5.671550700760857,33.0,34.14545012951354,29.0,31.050396135763947,45.0,45.30855521850918
template_projection,ridge_10,202,600.0,593.4371626552914,73.0,63.295023598012364,2.0,10.331304864884075,73.0,71.91190829886399,39.0,64.7870570609046,133.0,102.92707660108007
template_projection,ridge_10,203,600.0,701.4298372190694,28.0,35.45268449158945,11.0,10.653276192204162,42.0,43.88275271542193,35.0,65.26927515899818,128.0,95.57590033184567
template_projection,ridge_10,204,600.0,601.0125942456748,53.0,48.245306945854836,3.0,2.033832358979769,42.0,48.98188950718459,70.0,55.32051450596109,75.0,83.56541668890418
template_projection,ridge_10,205,4900.0,4426.526400952573,2.0,-10.602377344300933,6.0,11.999022597226855,85.0,89.32528887332207,169.0,176.6397292426479,175.0,164.87976328089263
template_projection,ridge_10,206,800.0,649.2878670879809,41.0,47.26558182489708,10.0,0.09161777460172793,63.0,67.05463973070174,74.0,97.67990129814063,150.0,164.1212114705317
template_projection,ridge_10,207,2500.0,2225.0705883585074,28.0,24.991167797199694,51.0,52.58115594339491,85.0,83.70839091398905,170.0,150.9212756243927,170.0,190.40854643382136
template_projection,ridge_10,208,3000.0,3038.306963798108,2.0,-1.01640567875981,4.0,6.1623399969607,115.0,114.70399717092073,273.0,259.9820681517027,309.0,313.83320125929566
template_projection,ridge_10,209,400.0,364.4195519775375,87.0,82.7581872716072,2.0,2.897240745429789,36.0,34.541597787185324,7.0,2.6084978454494063,7.0,12.760647615917776
template_projection,ridge_10,210,1100.0,1562.7918400279364,9.0,26.371839567435323,17.0,10.049336982572942,86.0,79.65226167503022,92.0,115.20451544735046,158.0,149.05753409640872
template_projection,ridge_10,211,1900.0,1737.138453772634,6.0,-1.0952715676952636,22.0,25.68097765444746,32.0,36.20932214054431,39.0,53.7281122623248,75.0,54.898678711713345
template_projection,ridge_10,212,1400.0,802.6183832558239,5.0,-1.7417005791062294,12.0,15.10905524029479,55.0,53.317212700149234,27.0,24.15892138860881,35.0,43.67640815409379
template_projection,ridge_10,213,500.0,555.8613397802161,58.0,57.09472317454355,6.0,5.418976958689365,43.0,42.305182185016136,32.0,32.18403572906395,46.0,48.48728077076801
template_projection,ridge_10,214,900.0,950.6539455078939,25.0,-2.3241769598042836,14.0,23.025144499987274,65.0,51.31036471656239,37.0,68.9814267038372,64.0,54.11878638712086
template_projection,ridge_10,215,1400.0,1653.030564687152,107.0,108.81568608985548,28.0,26.140808635850725,101.0,96.3500475236001,178.0,178.54536614342314,237.0,240.98521454058377
template_projection,ridge_10,216,200.0,203.30110073850847,60.0,64.31076740532733,2.0,7.410308621919338,16.0,32.67937697790177,3.0,63.05839541924081,194.0,109.88404352805252
template_projection,ridge_10,217,500.0,409.2136025794367,22.0,36.55059555288528,9.0,9.342304132863202,30.0,39.92626906200277,49.0,78.28603578903113,169.0,121.43849448664255
template_projection,ridge_10,218,900.0,718.4194375115676,78.0,73.21229993085313,2.0,3.3934471647367577,30.0,33.425503320070646,57.0,43.25715177209146,58.0,63.77886583545852
template_projection,ridge_10,219,800.0,999.0299896314519,29.0,36.036592048578356,20.0,18.0672926626284,71.0,67.70949249780422,87.0,81.43218023457804,105.0,111.06385153579697
template_projection,ridge_10,220,1100.0,993.1430092336963,189.0,179.17461194132724,2.0,7.1650772025443885,35.0,35.38453252628519,84.0,95.66855895129899,145.0,130.12413182671727
template_projection,ridge_10,221,700.0,642.80457883769,209.0,191.59627806421443,4.0,13.116238776138902,24.0,27.29774395403333,55.0,40.537697223798055,55.0,57.63844793135725
template_projection,ridge_10,222,2400.0,2509.64737814659,38.0,40.548608736199654,85.0,79.72011533663132,123.0,120.29825143367594,125.0,159.56176197437145,215.0,208.6128566685004
template_projection,ridge_10,223,2500.0,2381.4325273605937,3.0,1.9072724390981435,29.0,27.883245717568165,83.0,81.83734758021433,64.0,68.60091394310024,64.0,68.42603543773177
template_projection,ridge_10,224,500.0,488.02286491905227,192.0,187.99258054833967,5.0,8.354861338903568,22.0,21.357155927684026,29.0,31.175221701435973,53.0,47.28667753236208
template_projection,ridge_10,225,4100.0,3897.47721417542,2.0,18.64301135978807,76.0,75.86354122620318,104.0,91.22737689722345,245.0,250.60465516041896,300.0,295.41771724821785
template_projection,ridge_10,226,1000.0,1054.9192629773179,142.0,141.2882934792372,9.0,11.012293400765152,31.0,31.820519750221614,156.0,143.86931738480166,190.0,190.7157038915223
template_projection,ridge_10,227,2100.0,1784.9122671118387,10.0,2.8902355695776194,26.0,24.626833599793603,72.0,65.87734722948636,137.0,134.75317914163475,137.0,168.48710923690314
template_projection,ridge_10,228,300.0,613.618478046398,88.0,90.4945787770387,19.0,12.747581716729687,12.0,20.64595181381203,6.0,15.130014400561805,25.0,24.869676009590435
template_projection,ridge_10,229,1000.0,932.6647274823443,2.0,7.393134349159176,8.0,3.5867307006574585,52.0,60.86417009340403,46.0,18.137081144789377,46.0,68.56201243965847
template_projection,ridge_10,230,400.0,462.62571821574807,66.0,67.89243635779212,10.0,8.885536294904028,44.0,43.6682310337213,38.0,58.60391037503755,105.0,93.25393070064726
template_projection,ridge_10,231,1200.0,1372.5795691217545,23.0,30.198569441652655,42.0,38.18877100995213,72.0,71.49750530983502,73.0,56.73577882644251,52.0,67.37454585289828
template_projection,ridge_10,232,200.0,139.92393545452705,116.0,137.16924424406267,2.0,-10.921550763167522,10.0,3.3327113225479152,24.0,51.77519382447265,69.0,76.18120071784142
template_projection,ridge_10,233,700.0,915.4997865501643,24.0,34.466191882847085,13.0,3.5806140944876983,25.0,17.88545945761941,38.0,58.60771343503896,66.0,79.23378099548901
template_projection,ridge_10,234,1000.0,944.1107762389117,275.0,264.1006508524915,25.0,27.694928951315816,24.0,23.069622509226413,86.0,70.86513699059421,86.0,99.062146070459
template_projection,ridge_10,235,1600.0,1782.1571547156766,105.0,108.8962545259607,44.0,43.95453051252134,32.0,39.28306999118414,228.0,204.92219325720401,259.0,261.6394910911834
template_projection,ridge_10,236,400.0,643.1284070760283,88.0,99.20446847862999,7.0,1.773917414018232,18.0,15.895269913993992,17.0,22.537700284838635,32.0,34.23959105112526
template_projection,ridge_10,237,1300.0,1321.563718998723,51.0,48.16458775036349,28.0,29.585541658016204,45.0,45.60109340377072,51.0,42.736928975580184,52.0,55.244943715644744
template_projection,ridge_10,238,1100.0,1333.252256639623,53.0,37.1805670249696,2.0,16.30728247270132,49.0,41.4205312903276,60.0,41.50149162541333,60.0,39.73280141022285
template_projection,ridge_10,239,1900.0,1829.9765578561792,4.4982,0.3361101430505826,31.0,32.859552827030186,116.0,114.0446654542578,93.0,111.24035413615343,161.0,145.51410489254283
template_projection,ridge_10,240,600.0,549.7213092184295,191.0,179.18412143983585,5.0,7.986838780625374,24.0,23.34312702868443,40.0,39.30756608702511,57.0,59.41613144897033
template_projection,ridge_10,241,1300.0,1399.0312789158233,2.0,2.239047367486414,8.0,7.987809452781914,95.0,91.97100886752409,93.0,101.9736771789712,139.0,135.78194109451036
template_projection,ridge_10,242,4000.0,3937.582593474438,2.0,0.6809016315683891,37.0,38.061649159889306,134.0,134.79161040456074,250.0,250.42636313893917,291.0,284.5121442481002
template_projection,ridge_10,243,200.0,-5.838837167447764,96.0,95.16105282432882,2.0,2.3376425647836765,2.0,3.392311745529973,7.0,2.6573314007672053,16.0,18.68224367778639
template_projection,ridge_10,244,2400.0,1809.038958493331,14.0,-18.990026676144254,13.0,27.008841534236787,58.0,68.72477573779287,91.0,78.1155583618649,111.0,81.78489177400762
template_projection,ridge_10,245,500.0,159.00895455299656,60.0,55.70440969157234,12.0,10.126456862750338,11.0,11.182689829938994,19.0,30.659817046646154,54.0,55.698703612077566
template_projection,ridge_10,246,4100.0,3856.8265621965347,6.0,2.495451453436374,12.0,16.40689599163016,128.0,134.56110436122586,216.0,194.19472775063218,216.0,214.29259820927558
template_projection,ridge_10,247,200.0,73.7718991283873,69.0,70.56061790532547,3.0,5.081367247147201,3.0,4.024734138116294,4.0,-8.04564739322106,5.0,2.4735819306122693
template_projection,ridge_10,248,900.0,895.6729326182119,48.0,52.70892117716341,18.0,14.842186149272546,19.0,18.72888745730441,45.0,39.8787071768857,45.0,53.90603672021541
template_projection,ridge_10,249,900.0,782.7453271937834,98.0,99.37493436717308,20.0,19.200866953651303,17.0,15.138780961567171,35.0,29.3989124952883,35.0,42.30509531960202
template_projection,ridge_10,250,800.0,840.3534683774692,38.0,34.42664046317168,4.0,5.104766684805995,82.0,77.73688711287046,48.0,40.77068808795165,52.0,62.30933695631616
template_projection,ridge_10,251,500.0,457.56782271112615,147.0,140.79953488583482,2.0,2.5615716672582156,19.0,19.1883622523235,20.0,16.717266712383513,24.0,29.52896824319214
template_projection,ridge_10,252,1700.0,1514.2768160832125,5.0,-9.392146604596022,10.0,14.841830972759784,145.0,141.8589644752256,100.0,95.70413689852836,146.0,144.65905724053505
template_projection,ridge_10,253,2700.0,2489.2400399205426,2.0,30.39142637144293,34.0,29.210998794686418,132.0,122.29564057014278,127.0,156.24392576761733,182.0,162.60106455883343
template_projection,ridge_10,254,400.0,455.04806455466996,80.0,69.77789006811092,3.0,1.8577971591465303,18.0,22.507054395738653,11.0,16.135208673222493,25.0,23.56112883836866
template_projection,ridge_10,255,2200.0,2183.711458752214,20.0,21.618576225761323,20.0,20.33134805058479,91.0,89.95983748475993,98.0,113.6368118200673,147.0,136.593629311228
template_projection,ridge_10,256,400.0,485.5054457961129,50.0,58.6609872814507,5.0,6.117652065755053,16.0,16.32324429614865,8.0,-3.0403451632168697,8.0,0.309617029448475
template_projection,ridge_10,257,400.0,787.3025847988298,51.0,34.11049075612907,5.0,12.689011521003085,26.0,34.92077620619693,30.0,119.6077150842188,233.0,142.025727570918
template_projection,ridge_10,258,400.0,671.376403416278,58.0,70.18346867528378,43.0,37.635233604988,15.0,11.175905578329193,12.0,14.593568545215149,15.0,18.416614643451126
template_projection,ridge_10,259,800.0,796.4726787637117,29.0,35.187220897940506,16.0,14.444715509687189,56.0,54.693731923225855,35.0,41.92537015613204,67.0,61.547135576243846
template_projection,ridge_10,260,1200.0,1188.1285652008232,45.0,58.279676023404704,16.0,14.713385491096641,42.0,36.94745625056158,114.0,100.52566795237001,125.0,127.37914211643543
template_projection,ridge_10,261,300.0,228.85361079345182,102.0,98.39914087114161,11.0,13.323050313012665,6.0,5.093602425560611,4.0,18.88076596410599,50.0,38.058944589234216
template_projection,ridge_10,262,1100.0,1014.0567706805832,41.0,37.20412176306708,18.0,20.97209132419461,38.0,36.16356172576286,46.0,34.52308919662439,46.0,48.21035832580119
template_projection,ridge_10,263,600.0,695.3899122952341,58.0,56.66598001327999,6.0,5.746734803882065,16.0,16.289143035799384,10.0,8.686506257906345,10.0,14.93392563750163
template_projection,ridge_10,264,300.0,70.45506207414405,115.0,104.33804995366343,5.0,10.150328784588543,12.0,8.607874489669143,36.0,30.530453100182932,58.0,63.61140284765049
template_projection,ridge_10,265,700.0,612.828709485687,89.0,49.76815795183115,4.0,11.270082597951301,38.0,23.776902561907093,72.0,143.03758227178287,249.0,223.96369887301302
template_projection,ridge_10,266,900.0,966.1815543375026,210.0,204.40936472140686,17.0,16.360539860814672,52.0,47.12664540018819,79.0,71.28473408316313,79.0,95.87586411240717
template_projection,ridge_10,267,700.0,640.8120889371104,126.0,113.62951842456084,3.0,19.406448783238066,32.0,44.224301060000684,20.0,22.29471645390266,48.0,21.073869150890687
template_projection,ridge_10,268,200.0,164.9296339180246,105.0,107.19770876368548,2.0,2.0349114110123523,11.0,8.225821126388375,6.0,-0.28794820400038645,6.0,11.975482712017126
template_projection,ridge_10,269,600.0,-154.2687685659314,34.0,20.684633488746,8.0,20.93120178494189,42.0,46.42031395767582,6.0,-22.942418395217643,13.0,7.6741105858780685
template_projection,ridge_10,270,2100.0,2087.3808951372534,16.0,18.083995662768963,40.0,38.39917683539733,91.0,90.99012114761359,211.0,181.847616285715,211.0,233.80133941479025
template_projection,ridge_10,271,2400.0,2241.3918402634945,2.0,2.1627781706643106,11.0,11.82732038951529,46.0,49.66458406020833,166.0,150.50892590486578,166.0,172.52034813822922
template_projection,ridge_10,272,1800.0,1922.983415489106,18.0,17.639119079875066,31.0,30.884618683517317,98.0,95.02505256049598,175.0,168.31385751440735,213.0,218.07511393255558
template_projection,ridge_10,273,1100.0,782.8349367399028,107.0,115.56487259661529,62.0,58.21805660329262,69.0,81.07711869998016,117.0,97.63625200051113,138.0,146.9890071818181
template_projection,ridge_10,274,3300.0,3073.08748662656,1.0,-2.6990881305547205,17.0,18.86238296922269,112.0,112.03155098149699,149.0,167.27568370079575,206.0,193.62652204648901
template_projection,ridge_10,275,400.0,392.31033846886476,72.0,72.37364851540349,3.0,3.0267179167084652,12.0,12.57438848753931,6.0,1.2680093272608275,6.0,8.42323215062045
template_projection,ridge_10,276,2900.0,2959.776191043935,2.0,-16.602480349113222,4.0,11.16646882199746,41.0,32.43511746427523,87.0,89.71861586489527,87.0,85.77427899286064
template_projection,ridge_10,277,700.0,787.8972892279567,27.0,27.80364494902253,15.0,15.026027333323077,43.0,44.4571875050123,9.0,5.901051215834016,15.0,12.520686743220821
template_projection,ridge_10,278,100.0,105.86467906022472,92.0,92.87339445743724,1.0,0.7481997758823624,16.0,15.531338769477436,3.0,-3.819650556725776,6.0,11.365706970723195
template_projection,ridge_10,279,1300.0,818.2687458652797,342.0,331.5767695957076,49.0,54.50888403591831,35.0,18.1409581143618,111.0,158.0252548696027,265.0,249.56566003386396
template_projection,ridge_10,280,1600.0,2564.90059160325,7.497,21.56050966785262,69.0,59.77989219918758,80.0,64.63633932420949,91.0,127.61685909778197,126.0,128.15526105889788
template_projection,ridge_10,281,2900.0,2954.2712494285433,6.0,7.125661537215869,38.0,38.30644101587461,121.0,117.63687807970001,191.0,182.48153590251292,215.0,222.88676791819006
template_projection,ridge_10,282,800.0,986.2680542306846,22.0,-45.28534319305261,2.0,27.52081419401818,71.0,94.99852318553206,66.0,26.293580967943484,66.0,34.86638980282157
template_projection,ridge_10,283,6700.0,6187.959881850964,11.0,-8.368060913160704,17.0,26.488058282030785,150.0,162.3930189291509,554.0,548.4192655367412,669.0,650.2382399370078
template_projection,ridge_10,284,1700.0,1396.0467911695737,26.0,15.4851385831305,12.0,21.831174844027345,133.0,124.76181928563432,118.0,120.20429143707956,199.0,189.91348079903221
template_projection,ridge_10,285,600.0,498.37608092206835,68.0,74.55249815519149,4.0,6.926983604103416,21.0,22.8096135998786,24.0,9.036934076068391,24.0,12.458649666740442
template_projection,ridge_10,286,1500.0,1675.0863761170642,2.0,1.198059478805213,9.0,9.94123995355375,96.0,93.33132989662447,130.0,127.82841998599162,160.0,161.38392347801704
template_projection,ridge_10,287,1600.0,1782.4645355790644,2.0,4.595352208473521,20.0,15.820451391519011,123.0,115.3526230010425,153.0,187.84504798860502,257.0,251.17166462939196
template_projection,ridge_10,288,400.0,590.6970274158126,36.0,35.448413905822946,3.0,2.45877349718843,69.0,65.94973057840623,17.0,14.814464327023131,17.0,27.734912193743114
template_projection,ridge_10,289,1300.0,1579.9014182867788,229.0,226.74450322056566,6.0,7.7942450700019235,12.0,7.515171337282069,79.0,78.09874342737866,87.0,75.71162764638319
template_projection,ridge_10,290,300.0,333.28584077039045,52.0,54.341513160886066,11.0,9.540830757219968,13.0,13.16236927556303,9.0,3.775697994734699,9.0,14.941866093672317
template_projection,ridge_10,291,600.0,648.0816536863437,11.9952,28.36858138643147,14.0,13.735699926386271,44.0,34.04852477919569,9.0,14.766444097458788,33.0,21.518279518177394
template_projection,ridge_10,292,1300.0,1203.7234939634707,27.0,23.902136612148652,4.0,4.787576424433061,42.0,44.82426835615104,60.0,48.33318397713633,60.0,66.19892828380159
template_projection,ridge_10,293,700.0,736.46659160173,201.0,189.71786552613133,9.0,11.63640723998465,12.0,10.674869610639249,47.0,40.93155344147425,48.0,57.59641788766446
template_projection,ridge_10,294,2000.0,1966.1549358631491,4.0,2.797768806151744,4.0,6.057883084353273,77.0,76.7401895358513,119.0,120.90690995030772,151.0,144.76478632644415
template_projection,ridge_10,295,1200.0,1283.4027027245286,35.0,18.543571391541313,22.0,25.912904366026503,40.0,45.27553662067231,37.0,65.87901835450043,114.0,88.97855495498524
template_projection,ridge_10,296,300.0,323.0157059482815,76.0,70.43094707912717,4.0,5.797076238869737,4.0,8.369295841294736,8.0,9.877228748633172,30.0,22.572813938497177
template_projection,ridge_10,297,900.0,1116.722357364745,12.0,14.579269019166432,12.0,9.6838527391142,88.0,86.89222122408637,51.0,67.44697969972133,102.0,97.21813009680265
template_projection,ridge_10,298,1000.0,692.5985119152768,219.0,200.3135849057313,3.0,9.888934905001737,19.0,16.77646009245433,101.0,81.06180173001623,101.0,116.54943189908198
template_projection,ridge_10,299,800.0,973.921370079325,2.0,5.565434239374234,9.0,14.759366123271601,69.0,60.86611692778419,18.0,22.216279619685317,40.0,27.657674713040066
template_projection,ridge_10,300,700.0,764.6183156987454,73.0,75.03313571407128,28.0,26.517041764454657,45.0,46.40212510008163,127.0,106.66682442664623,142.0,153.6167073492352
template_projection,ridge_10,301,1100.0,740.3127800489091,35.0,31.813211596144637,67.0,64.0443846856146,37.0,33.99384301659461,70.0,65.57367012917575,88.0,111.22230447743456
template_projection,ridge_10,302,1400.0,1406.9723487128967,5.0,4.663204147119529,3.0,3.474656555572899,65.0,62.246195655854066,112.0,98.42713737698443,112.0,124.20731366967108
template_projection,ridge_10,303,1200.0,1477.89439900732,152.0,143.3369751213408,19.0,22.478263865252373,23.0,17.251942491447736,67.0,69.58873079804651,70.0,85.22802409652692
template_projection,ridge_10,304,600.0,504.1614906476143,103.0,98.77130264245844,2.0,4.0802405712537535,7.0,9.771587760918038,33.0,21.66262942645686,33.0,35.88619447258985
template_projection,ridge_10,305,1000.0,1209.4303560107376,3.0,5.807065977464468,23.0,23.69862018329191,80.0,79.12883314749658,130.0,125.48055796396214,172.0,171.19232084100184
template_projection,ridge_10,306,800.0,765.2063893024956,32.0,32.64008131661065,7.0,5.585385702105619,26.0,23.67090747758124,33.0,31.030191392002457,34.0,44.22750124798961
template_projection,ridge_10,307,800.0,1157.6469373043603,2.0,7.438194406472768,8.0,3.405731979008266,71.0,74.44009736977868,59.0,77.44080962375126,102.0,97.52640780410425
template_projection,ridge_10,308,800.0,851.3019972062881,63.0,61.83534366231796,3.0,3.2072472946594175,35.0,34.800468746323986,49.0,41.8967583988558,49.0,54.69574239343445
template_projection,ridge_10,309,400.0,407.02314703465424,2.0,7.375065073015769,2.0,3.9018967157156155,52.0,49.85196689661273,7.0,-3.0431698118520245,7.0,6.694857027489803
template_projection,ridge_10,310,3800.0,3673.2890934598445,2.0,3.6221447703732537,69.0,67.18695139940502,115.0,116.28186211696749,103.0,165.58038745206917,225.0,186.74906160668752
template_projection,ridge_10,311,1399.0,1443.5726467254053,9.0,6.568793976214039,18.8496,15.743826154949367,71.2391,68.6670407731483,54.0,66.46084472951969,80.0,85.82399431287243
template_projection,ridge_10,312,1000.0,1032.716868881174,2.0,15.825447029687354,19.0,16.50715998121001,66.0,59.10120302203944,19.0,29.01717594841275,48.0,45.71697719209724
template_projection,ridge_10,313,2600.0,2575.4308707174896,151.0,150.15942238498567,95.0,91.86227686601727,70.0,70.03721594906949,174.0,177.45923521715707,214.0,222.3744214434301
template_projection,ridge_10,314,1200.0,1311.3063397120036,58.0,56.11920613059283,13.0,16.774784599812953,91.0,85.8128309238535,95.0,116.64093529337373,183.0,161.1002258033611
template_projection,ridge_10,315,300.0,259.58174786740653,25.0,35.239242039114686,6.0,2.8600534570423903,30.0,31.155612420111,8.0,4.211997987554668,13.0,15.121202762415066
template_projection,ridge_10,316,400.0,2030.2316517188744,52.0,36.145582924795946,15.0,9.182425620407642,20.0,26.81592251139903,11.0,38.29209574826707,12.0,10.066298010159144
template_projection,ridge_10,317,200.0,149.70033094687892,99.0,104.38052544865234,2.0,0.4337669842157137,2.0,2.661187814028466,18.0,24.725681183194055,51.0,46.2405863371727
template_projection,ridge_10,318,1300.0,1263.1570345788593,24.0,22.393901948519215,3.0,1.3296790153772609,27.0,32.1161486087059,46.0,39.694094557671875,46.0,50.59539895866831
template_projection,ridge_10,319,100.0,87.28441741959068,78.0,75.91681456341296,5.0,5.986509242638624,14.0,15.215635461239259,11.0,20.51844113910898,54.0,44.4858183528298
template_projection,ridge_10,320,2200.0,2381.202433549679,38.0,35.67957251992132,26.0,26.886255832411564,114.0,110.01917876926348,267.0,246.7570051369012,298.0,314.2090311831064
template_projection,ridge_10,321,4700.0,5259.80740102361,6.0,36.96663821849175,193.0,195.4337084316047,108.0,130.12178242425168,248.0,252.94976465136284,309.0,249.4351345251421
template_projection,ridge_10,322,100.0,121.1690687992434,81.0,79.64857695852459,2.0,2.974508498437702,13.0,14.696649363017869,24.0,27.964203915126355,58.0,50.61963807761343
template_projection,ridge_10,323,2000.0,2090.9470286129317,13.0,20.235902841950008,84.0,78.15887604802292,67.0,67.34507025676515,107.0,107.73037663544076,128.0,139.94299341570704
template_projection,ridge_10,324,1300.0,1361.7929046976408,36.0,35.6731351628589,6.0,7.188744937672977,73.0,70.68920389598348,107.0,90.52223113175454,107.0,119.57742342852625
template_projection,ridge_10,325,200.0,259.3728025631867,56.0,55.81302329551391,2.0,3.7361574837487037,10.0,11.366853108564698,9.0,-1.7061542641562113,5.0,6.941670287011107
template_projection,ridge_10,326,3300.0,3060.1813527756385,13.0,20.11022899074402,34.0,31.66661475604836,76.0,78.30925433064125,92.0,111.07221835622629,116.0,107.35338350892368
template_projection,ridge_10,327,400.0,756.0192416789428,88.0,106.97399017756271,23.0,24.982726055568456,60.0,45.183988309425004,70.0,104.24804448909893,184.0,156.6191435922778
template_projection,ridge_10,328,200.0,178.1840535826616,90.0,91.29948312037192,2.0,2.6087130596581005,2.0,3.179688851824217,6.0,11.387282908205805,41.0,30.740405410822305
template_projection,ridge_10,329,100.0,729.3096399807511,162.0,195.202686382662,4.0,-22.0020840530771,29.0,-1.2690188580963309,15.0,71.93755163466805,53.0,89.28866224652813
template_projection,ridge_10,330,3700.0,3565.871707921321,5.0,3.3696320053420905,25.0,28.342436141852026,108.0,110.46238629925978,215.0,241.43300501968906,313.0,284.6062141116288
template_projection,ridge_10,331,400.0,441.40408293391636,77.0,76.10525405928422,10.0,9.073180054694646,16.0,15.197594737935432,13.0,8.123833046053306,13.0,20.56190894793251
template_projection,ridge_10,332,4400.0,4145.018929553433,2.0,11.798147658888936,49.0,46.31152057634512,128.0,116.54604279827544,272.0,319.1692145093282,390.0,361.9175557583469
template_projection,ridge_10,333,900.0,1093.02430317741,209.0,200.7916192185915,4.0,12.788139786585548,34.0,32.66058248218672,78.0,91.10207291557843,139.0,118.68137927571904
template_projection,ridge_10,334,300.0,342.44066111507584,204.0,196.53420311246472,11.0,12.596818362457666,29.0,29.157822715486088,41.0,85.99210814794642,159.0,128.62827543066894
template_projection,ridge_10,335,500.0,847.898810854763,20.0,26.36546884602951,6.0,7.890880021163069,60.0,55.81204252005914,25.0,41.159701774291406,83.0,60.91322441469375
template_projection,ridge_10,336,4000.0,3837.674188310504,21.0,15.961606695236,29.0,30.62825694042197,115.0,114.05696273589925,248.0,231.47961014276666,248.0,261.3131798354966
template_projection,ridge_10,337,600.0,206.53380583145804,205.0,183.21668649854763,2.0,-3.662146697084223,11.0,9.40203690268251,66.0,56.286541063178,57.0,99.99879021557163
template_projection,ridge_10,338,1800.0,1483.0857294336304,46.0,53.51499782457797,44.0,40.941194551153764,58.0,63.30832457474362,138.0,130.9550658370937,192.0,192.49787838576088
template_projection,ridge_10,339,600.0,-3.839268093414148,49.0,49.82067396637852,9.0,21.04570367999799,32.0,0.8798248267977513,12.0,-10.242629794421589,12.0,32.9411265034759
template_projection,ridge_10,340,1300.0,1211.5651565660967,1.0,4.629965863137123,4.0,3.3286999101159527,72.0,68.94796325330933,75.0,79.02026025970423,106.0,107.7211452624561
template_projection,ridge_10,341,200.0,321.53186629858783,77.0,64.97573646185533,2.0,5.921628378389881,15.0,17.883998390616277,6.0,2.828050655736263,6.0,8.516344450082684
template_projection,ridge_10,342,1900.0,1896.7102228467852,3.0,2.71878383921959,28.0,26.1845670707293,88.0,88.55980557163412,82.0,102.57843735004413,140.0,129.3242362865749
template_projection,ridge_10,343,3000.0,3323.367370533989,2.0,14.962419690557113,63.0,60.46125666307996,108.0,113.09816549547807,225.0,202.7825294749705,253.0,250.33807941861252
template_projection,ridge_10,344,1000.0,996.4291231268317,4.0,24.68452902050607,37.0,33.76667940906251,83.0,76.8866209365565,33.0,35.85368143100351,50.0,53.10813175574517
template_projection,ridge_10,345,300.0,1066.014857270712,78.0,85.1446338999076,2.0,-20.13567678045697,2.0,-1.2928448462713362,9.0,70.89720042422398,26.0,45.98494133607699
template_projection,ridge_10,346,1800.0,1821.729222045573,15.0,17.98876706444193,14.0,17.189469407614826,73.0,74.05487942410831,113.0,121.25950459228184,169.0,149.4391544983376
template_projection,ridge_10,347,3100.0,3123.1193814984845,2.0,11.625229334110145,43.0,42.81280394790249,126.0,129.62441622655342,228.0,223.23293716412013,286.0,277.2087329404437
template_projection,ridge_10,348,1200.0,1214.308004749722,2.9988,7.495500079562795,13.0,11.084037126666175,76.0,72.02546016437397,72.0,75.24638618073669,105.0,105.97392955096059
template_projection,ridge_10,349,1300.0,1272.0159310167742,156.0,155.79764939866214,33.0,34.53385458393993,30.0,33.40539663530082,64.0,119.78320166231069,209.0,163.01487175878708
template_projection,ridge_10,350,400.0,302.81176535849283,144.0,137.02693049337677,4.0,5.984618089218792,19.0,16.525196112285926,8.0,7.992319690635895,18.0,21.549053018581404
template_projection,ridge_10,351,1500.0,1218.5790501783065,6.0,-9.212010738421398,12.0,15.78285872411468,61.0,57.37491060139422,80.0,66.24709782740054,80.0,97.31614965897232
template_projection,ridge_10,352,3200.0,3163.686558952286,6.0,2.943800288491609,67.0,66.16985398352304,146.0,142.20618739601963,237.0,236.457501249814,286.0,296.45285988897797
template_projection,ridge_10,353,1500.0,1177.2609616482455,54.0,71.96248097232754,2.0,-7.535260695418311,94.0,98.71142131130026,176.0,152.77225514992844,182.0,206.6712863698141
template_projection,ridge_10,354,400.0,514.1871875936519,38.0,40.30296686802198,3.0,4.956531366058952,54.0,55.82579386000963,18.0,45.331039692952466,106.0,77.45434619224623
template_projection,ridge_10,355,1600.0,1436.497424378591,43.0,38.42042307439597,11.0,12.48278766346397,50.0,52.07469350756599,51.0,46.17871095693108,51.0,54.61607336465011
template_projection,ridge_10,356,2900.0,2778.6629575989277,2.0,-4.977777602541181,41.0,43.66404238779356,86.0,92.93619857812152,108.0,104.42998981838912,121.0,117.66507015426264
template_projection,ridge_10,357,300.0,357.992720841022,92.0,86.74474813977163,14.0,22.208327265215313,23.0,31.37851938351732,25.0,0.7658584763173621,35.0,22.659882263878885
template_projection,ridge_10,358,700.0,666.5440091097587,105.0,102.05033691428292,2.0,3.6420342057988435,21.0,21.363551657083992,32.0,24.02037041604717,32.0,35.10019570037521
template_projection,ridge_10,359,200.0,181.33201475558144,42.0,52.934656264561106,2.0,-0.5802264116180407,2.0,6.624051789130178,8.0,-7.616528137114642,10.0,4.005765359486375
template_projection,ridge_10,360,1900.0,1992.6321242814188,27.0,28.204415444268943,21.0,20.828408695874565,65.0,65.28035689298719,185.0,179.58762452317703,222.0,225.67492989271705
template_projection,ridge_10,361,1200.0,1268.034368251358,2.0,1.1448403562503984,7.0,7.075247066597216,69.0,68.69085032302446,102.0,86.17777772567351,102.0,114.33304194092217
template_projection,ridge_10,362,1899.0,1774.3162809876385,2.0,3.2533554448397553,13.0,9.190727531102906,67.0,68.45215026742974,112.0,90.08687339470596,80.0,103.60377232501281
template_projection,ridge_10,363,300.0,244.10745391839419,74.0,73.26359825480225,2.0,6.772968905317585,6.0,6.0319982828206875,10.0,-4.411087083682617,10.0,5.557748240095464
template_projection,ridge_10,364,300.0,346.81583191911466,89.0,89.0487623526766,2.0,3.494371909990509,19.0,21.335880217752173,22.0,50.880082947235536,110.0,82.0594046734261
template_projection,ridge_10,365,600.0,539.8339322262482,37.0,33.55575653453573,2.0,2.721824457794378,35.0,34.492809186444056,6.0,1.5796527991253413,6.0,10.511610602659758
template_projection,ridge_10,366,300.0,115.44210784613165,93.0,96.88955407285769,2.0,-2.0985963178605633,10.0,3.3326418163044735,13.0,24.20558073628031,15.0,27.52991938468307
template_projection,ridge_10,367,4600.0,4613.477619811435,1.0,4.631455263092207,106.0,102.71540197022279,106.0,108.10912724475673,286.0,247.1317017324311,243.0,272.2490815958456
template_projection,ridge_10,368,700.0,585.6713008900425,82.0,98.9639646433188,2.0,-0.8290446174659127,44.0,41.66875725548953,32.0,26.68945645589899,32.0,33.210617000968455
template_projection,ridge_10,369,1800.0,1867.9224641034266,93.0,121.33039127721895,64.0,51.23855000239364,68.0,66.203695894917,218.0,204.61791416353083,243.0,266.15037279512455
template_projection,ridge_10,370,700.0,733.5741114327586,37.0,36.73112043286156,7.0,7.022677562983878,67.0,63.234450369144696,38.0,57.64180922995365,102.0,92.61567699723636
template_projection,ridge_10,371,100.0,177.9989290038145,59.0,56.09081310875978,2.0,0.8319948041138723,14.0,14.684174914341853,8.0,3.8021224148732955,8.0,15.762664238500108
template_projection,ridge_10,372,1400.0,1272.2092890750926,13.0,8.021784440341797,25.0,27.06091617770606,67.0,59.67460029640861,77.0,28.078222778281706,5.0,44.61552679188029
template_projection,ridge_10,373,2100.0,2042.3292746940965,107.0,111.5713903169518,63.0,57.84178340115665,62.0,60.7060470627132,111.0,128.36752130783717,159.0,162.306418248439
template_projection,ridge_10,374,500.0,571.0186655324819,32.0,40.72299173919003,1.0,-0.25853860051776856,39.0,37.877416647370765,15.0,25.310595341986883,44.0,40.08798728649576
template_projection,ridge_10,375,400.0,527.9264052683799,42.0,40.75173669198419,4.0,5.231199506691041,34.0,35.5072923929849,18.0,8.527311200606803,21.0,19.280313256304552
template_projection,ridge_10,376,1200.0,306.4287565916093,16.0,35.32024589800649,14.0,21.591240545919533,48.0,53.10855001512165,17.0,-12.57613551899719,22.0,29.244499167717947
template_projection,ridge_10,377,400.0,395.285324598521,77.0,78.9825223181432,7.0,7.317261447887642,21.0,21.350276587435847,10.0,10.066049549847705,25.0,21.961816031377154
template_projection,ridge_10,378,1800.0,1543.6270101721948,137.0,123.37182796007504,5.0,7.950941471516658,44.0,45.81937320280874,136.0,119.48106823625787,136.0,150.01073064572302
template_projection,ridge_10,379,800.0,1255.7079295284575,2.0,-1.7013804690077663,2.0,-2.8038021883551227,37.0,37.353186309232264,43.0,55.58615369255541,45.0,55.13318946630984
template_projection,ridge_10,380,1200.0,947.3969441200838,136.0,120.27703473094729,14.0,16.795299355128673,56.0,60.7172207037737,79.0,97.59323474119992,151.0,141.26125667632263
template_projection,ridge_10,381,1100.0,-189.16934706337497,23.0,-22.260636644116772,2.0,31.71513467400814,2.0,13.180550440268469,93.0,26.07960678112879,93.0,74.5785369438241
template_projection,ridge_10,382,1600.0,1749.5046803237506,54.0,54.438019503717996,2.0,3.0214179705579642,9.0,14.759557687150412,26.0,23.667001853475135,26.0,16.60054524010998
template_projection,ridge_10,383,300.0,-97.94318540363884,106.0,104.22519030253935,2.0,5.7877277173936275,8.0,18.446538325064083,18.0,28.914070253154875,70.0,56.01184448177858
template_projection,ridge_10,384,600.0,752.9902244276427,124.0,123.0853745222303,7.0,7.049853088009257,15.0,15.793082128485118,19.0,14.710930671733777,19.0,26.121836362524363
template_projection,ridge_10,385,600.0,421.0865261708432,27.0,45.470030815384106,16.0,8.026512040922382,41.0,41.88885247585411,22.0,10.902829246930523,6.0,24.727098444077242
template_projection,ridge_10,386,4600.0,4424.299820949505,2.0,2.0058775022284436,34.0,36.16391526556441,101.0,104.18464120388678,376.0,336.3476241800417,376.0,391.7355299993503
template_projection,ridge_10,387,700.0,186.9961848321227,58.0,64.01786948088026,4.0,7.090787918975337,9.0,10.061893351562553,10.0,-1.6543513919074258,11.0,4.116868196980263
template_projection,ridge_10,388,800.0,956.4327212621644,20.0,28.469339478255197,2.0,-5.237474731911435,45.0,49.3551394576524,40.0,37.327578835210545,40.0,47.493969768210995
template_projection,ridge_10,389,700.0,758.0474956615888,46.0,50.43536054596262,7.0,8.229628778280166,34.0,36.527371600405075,17.0,12.817935662632195,29.0,19.49591614085709
template_projection,ridge_10,390,2700.0,2530.2167785111,2.0,-21.462565842224876,2.0,8.02118414886663,56.0,67.86336137225109,163.0,146.64076825799958,168.0,163.3775521963073
template_projection,ridge_10,391,1800.0,1729.3650425082699,31.0,41.15497326289544,2.0,-0.27707108306039707,25.0,24.791283096022173,91.0,92.14150272547451,108.0,106.56613399748832
template_projection,ridge_10,392,1500.0,1323.6124096824678,18.0,11.765558033245476,14.0,15.264638275864801,43.0,40.57945489754219,100.0,85.02953900812338,110.0,120.40249238530575
template_projection,ridge_10,393,1300.0,1220.7971227968933,50.0,43.726855221198406,3.0,1.1154509738613143,90.0,85.1338569838548,82.0,51.58246451546006,29.0,69.78216826323998
template_projection,ridge_10,394,900.0,802.1528869821097,157.0,153.17760682862428,2.0,1.8233831540377636,6.0,6.2031770299713145,20.0,23.20378435478905,27.0,29.733316995633984
template_projection,ridge_10,395,1000.0,944.8469173456862,49.0,50.869219518173395,2.0,1.701993778704562,9.0,11.316843673795319,67.0,56.03139936546665,67.0,68.9450767292909
template_projection,ridge_10,396,1200.0,1133.1835419406423,25.0,16.94191699055483,17.0,18.381539696490446,58.0,55.71456433185277,45.0,41.05118169905341,45.0,58.00683282489721
template_projection,ridge_10,397,400.0,725.1257753316933,119.0,118.47099971215401,20.0,16.202349043730244,46.0,39.13682474939879,74.0,108.40486517962856,181.0,166.13156618749701
template_projection,ridge_10,398,300.0,316.61621782602697,115.0,110.8389913100772,2.0,3.623673223170597,23.0,21.70884719012508,22.0,19.039662855136065,36.0,38.52211266620168
template_projection,ridge_10,399,1000.0,949.3419122331568,72.0,70.17935130222858,4.0,5.73800777844586,22.0,26.219649855007493,98.0,93.73096233962137,131.0,125.4249005537935
template_projection,ridge_10,400,400.0,-663.0090407066373,113.0,113.47050066791152,2.0,2.215974657182869,27.0,37.824864940377296,22.0,-22.580774625019913,35.0,47.12387678104415
template_projection,ridge_10,401,800.0,832.3962771861288,7.0,7.067066575925047,5.0,5.682649702114508,58.0,55.950475388888954,14.0,21.003405621028314,37.0,32.801810742099605
template_projection,ridge_10,402,1300.0,938.9094935622654,180.0,169.71453414305614,24.0,26.447737093346205,18.0,19.35784698290683,115.0,107.89094554949367,149.0,165.7247646755347
template_projection,ridge_10,403,2600.0,2528.806511564635,4.0,-1.1498160762686211,98.0,95.52838413826692,102.0,100.96608985405246,121.0,138.9612234222093,187.0,193.3810877663973
template_projection,ridge_10,404,900.0,441.38387122942424,135.0,116.39319325312442,2.0,9.254884952779792,18.0,10.47840855373844,42.0,39.34169868280423,42.0,52.418182829401324
template_projection,ridge_10,405,900.0,1284.1884959028216,37.0,59.91160209265739,3.0,-0.8452925029253482,83.0,72.20585241428304,58.0,86.94926793315344,125.0,109.39495983788736
template_projection,ridge_10,406,300.0,295.81871154220937,100.0,100.27687736492851,3.0,1.9188721828565551,8.0,12.570697035253467,5.0,-1.0231904670622072,8.0,6.569402208292431
template_projection,ridge_10,407,2000.0,1907.9543932932347,2.0,-4.535347796203972,5.0,8.25567927313734,92.0,89.57315366086705,87.0,95.91340865239972,118.0,111.54980707861222
template_projection,ridge_10,408,1900.0,2142.706170781479,26.0,65.7816918782199,91.0,78.26577686320006,56.0,57.854914683696606,242.0,204.63160835809515,254.0,269.8839920037492
template_projection,ridge_10,409,1700.0,1282.0983452952905,8.0,-6.113894018526167,51.0,56.89523584737485,74.0,93.05805810005779,66.0,50.6923869130876,87.0,61.41916382486364
template_projection,ridge_10,410,900.0,859.4244131314372,19.0,44.27764464896009,7.0,6.005376917391253,76.0,72.16864393013046,73.0,47.98050568677254,73.0,70.78777355272192
template_projection,ridge_10,411,2700.0,2580.349935052024,3.0,5.948875551346802,51.0,47.91963504674604,92.0,92.40708802182587,93.0,107.34811196067783,124.0,122.35457577930636
template_projection,ridge_10,412,5300.0,5198.943717146288,2.0,-2.301115900330025,87.0,85.81705000941962,128.0,134.29871341624175,258.0,285.93394153149075,336.0,321.6401766312919
template_projection,ridge_10,413,700.0,522.9811388546416,184.0,172.42385869745357,4.0,7.3528359852308025,17.0,17.81481886814486,19.0,21.436822432168135,35.0,34.80299410817997
template_projection,ridge_10,414,3500.0,3203.0258897583453,2.0,5.965973858174436,49.0,42.97665289013655,83.0,75.24475113865955,130.0,189.2841852893717,234.0,199.5875535870665
template_projection,ridge_10,415,700.0,506.3925454347782,47.0,57.68669160094747,5.0,-1.0910541271531908,51.0,49.4366741157532,28.0,29.01361213223904,62.0,70.60363147293387
template_projection,ridge_10,416,3400.0,3211.47819587511,67.0,67.89164683518015,50.0,48.34590487961229,144.0,133.81091332990005,252.0,239.9003116175023,261.0,288.9048944789307
template_projection,ridge_10,417,500.0,633.6826171589468,86.0,87.86763117667618,12.0,10.51855909848442,42.0,41.7508361402349,49.0,59.24578826729686,93.0,87.6875688183693
template_projection,ridge_10,418,1100.0,1319.2651545582203,76.0,54.54201281764689,1.0,-3.126988770617631,71.0,74.73313812161508,93.0,96.4166409984839,100.0,129.8869651843732
template_projection,ridge_10,419,200.0,189.8096575438924,79.0,79.60504851549683,2.0,2.0501168292967193,10.0,11.753442382710837,4.0,9.328704438319008,32.0,25.83304784602541
template_projection,ridge_10,420,500.0,492.4912258699212,70.0,69.49727273884531,2.0,3.2062168696138293,3.0,4.6284457188523405,6.0,6.465984091309821,20.0,14.200092115287205
template_projection,ridge_10,421,500.0,317.2276267528882,108.0,96.07391277216902,13.0,16.425981673788275,45.0,43.68216068778147,34.0,58.28658723332816,111.0,97.0008185863657
template_projection,ridge_10,422,400.0,587.4805370680309,132.0,141.95045369758384,2.0,5.775670122641753,3.0,14.065481104392127,11.0,13.201485557484474,21.0,5.813539125471053
template_projection,ridge_10,423,400.0,432.3528102642048,81.0,83.63256514816146,2.0,1.339210936273691,13.0,14.412030096336508,5.0,-0.34987529591334976,5.0,3.023573298394581
template_projection,ridge_10,424,500.0,438.2428280583721,54.0,54.509428867043034,15.0,15.715954707268915,35.0,36.00019669395251,15.0,4.495294697111078,15.0,21.02879643025466
template_projection,ridge_10,425,700.0,814.3823544756672,67.0,66.36172609768968,3.0,4.352370054048732,71.0,70.82595369886731,31.0,30.85694357762533,50.0,45.04076181556572
template_projection,ridge_10,426,800.0,853.3190017921727,10.0,31.906231166767817,11.0,8.52184979624861,45.0,50.92898304932983,42.0,33.52667169220228,62.0,47.99730374915649
template_projection,ridge_10,427,900.0,1024.7027991119946,30.0,25.456942266096554,18.0,10.70229198723121,46.0,46.95193615557974,21.0,28.871782213928988,27.0,47.140674506380314
template_projection,ridge_10,428,2000.0,1989.632449221718,15.0,30.368940157543115,54.0,50.19185781020436,78.0,74.33956416720997,88.0,86.65569573520793,101.0,108.98243407535765
template_projection,ridge_10,429,1800.0,1977.678785038046,36.0,26.254678910094587,23.0,21.731845172487734,68.0,70.41122493077111,72.0,80.69175896112954,101.0,97.19856022909745
template_projection,ridge_10,430,500.0,703.75656287998,49.0,43.89031573398829,15.0,13.875263126029147,34.0,32.02058949312669,16.0,28.82467494391239,35.0,37.33569635944335
template_projection,ridge_10,431,3300.0,3561.089820955587,40.0,51.74957246758081,71.0,59.7540396210178,144.0,138.4843298903983,365.0,337.4209010861362,391.0,432.59970651028664
template_projection,ridge_10,432,200.0,181.8794326625507,100.0,101.7936234518371,2.0,1.9963650813664788,5.0,5.446899062960448,16.0,6.5100076104162525,16.0,18.557484505796197
template_projection,ridge_10,433,1500.0,1515.934856245603,33.0,44.400181393090584,4.0,2.717002660887406,27.0,17.80728427637566,67.0,70.84756806831427,67.0,72.39150450354379
template_projection,ridge_10,434,1100.0,1082.5302418998756,2.0,2.7149485654433363,2.0,1.7473958437582997,40.0,38.626872301154854,46.0,41.10727636178106,46.0,50.71276277186536
template_projection,ridge_10,435,900.0,687.1913011671182,2.0,22.469335646502657,2.0,-2.6146000707363424,53.0,43.8816967104147,59.0,45.014145758128386,59.0,61.18641559307862
template_projection,ridge_10,436,400.0,398.0744579278413,160.0,156.91666263861305,5.0,7.984034281051287,19.0,22.44068922452508,26.0,40.04187224955721,83.0,60.800406453419505
template_projection,ridge_10,437,1900.0,2026.8849129128866,46.0,47.73193157682176,48.0,45.247238087038156,91.0,85.02667191185049,145.0,147.12808509246452,172.0,185.8935385127735
template_projection,ridge_10,438,500.0,420.96126101775235,62.0,56.355402159947204,12.0,13.309964054489601,30.0,29.534659685264536,29.0,20.285604200182362,29.0,34.71226525157988
template_projection,ridge_10,439,600.0,1066.2297814940196,102.0,93.27624108105422,17.0,10.775423656537352,28.0,22.03878494536557,61.0,72.17766733435181,66.0,91.26455707306073
template_projection,ridge_10,440,900.0,907.3325507012347,2.0,5.775319018292002,2.0,0.39109177532803585,33.0,36.109206639692665,21.0,25.28694549283896,43.0,37.37884649598418
template_projection,ridge_10,441,600.0,893.7208019835273,126.0,121.45576500169201,3.0,1.9670351727277886,17.0,18.708528963651315,21.0,33.691547726201854,31.0,27.7238848653283
template_projection,ridge_10,442,8500.0,7663.072982413852,43.0,20.855277094326148,10.0,25.183113858260896,123.0,134.48205903173726,271.0,379.0639308033935,490.0,385.91652423361836
template_projection,ridge_10,443,600.0,601.6833451636254,38.0,30.139833713515195,10.0,9.381877009155644,36.0,30.651557712450277,8.0,25.10271418143055,36.0,41.719938989570906
template_projection,ridge_10,444,1600.0,1581.3395434531203,119.0,118.17518151725884,27.0,26.67083137987557,39.0,40.85473560093847,203.0,178.16030047876276,215.0,230.57620979894884
template_projection,ridge_10,445,500.0,-404.25514088717523,116.0,112.8494724379599,3.0,10.7940107738011,32.0,22.076953758755682,51.0,14.135962511903855,69.0,79.51363329413925
template_projection,ridge_10,446,1700.0,1682.5998035128912,91.0,84.80241494870809,2.0,4.194121047535182,40.0,39.56852058783056,157.0,135.55163005597797,157.0,169.73235422463753
template_projection,ridge_10,447,1200.0,1272.6079273675023,76.0,77.92215086799135,8.0,3.8392731169096557,44.0,42.141508406577486,109.0,105.50732325636179,122.0,134.05336327758255
template_projection,ridge_10,448,1500.0,1443.0140951666588,32.0,39.08652410016872,15.0,15.21365082788265,51.0,49.080209485499964,77.0,90.66051043231475,129.0,115.13970254844575
template_projection,ridge_10,449,1200.0,1172.0161765063337,11.0,11.560267212150471,3.0,3.0980803431279806,62.0,64.33882174491062,79.0,65.35101608241298,79.0,87.34864501661644
template_projection,ridge_10,450,900.0,1622.6380005652518,51.0,59.28595338732514,43.0,36.663835478605804,14.0,24.771092989919268,33.0,45.06230939457349,47.0,43.22304908121848
template_projection,ridge_10,451,1900.0,1787.4121472333775,1.0,4.828143039251017,18.0,18.71203627518892,39.0,42.01169377513343,171.0,144.6189800626082,173.0,179.89397263246462
template_projection,ridge_10,452,900.0,897.5946238442766,17.0,23.937497132655665,21.0,17.883310892779193,64.0,62.69254526714597,16.0,16.248790271038807,22.0,27.38865987205243
template_projection,ridge_10,453,3100.0,2935.779744103766,1.0,-2.5524911149081078,4.0,8.454978129579445,74.0,73.07887032630597,162.0,155.0306120055921,171.0,168.70349704752363
template_projection,ridge_10,454,1700.0,1824.763642437102,6.0,-23.212050082462895,3.0,16.478095807213215,70.0,72.08019680395842,127.0,100.19600166232058,127.0,130.09565998401638
template_projection,ridge_10,455,500.0,513.6217288334386,26.0,33.118523664572095,23.0,19.728239739828105,29.0,30.853414840740825,30.0,34.81462821061384,60.0,57.70062227147523
template_projection,ridge_10,456,1000.0,1031.5402426646065,3.0,-2.402871371677584,2.0,4.050172222068195,104.0,101.05010024317183,71.0,49.09051258126894,72.0,79.00298880313082
template_projection,ridge_10,457,2800.0,2905.235902601523,3.0,18.3542336794198,38.0,34.73861661553557,95.0,101.07443790368939,135.0,129.0815299650367,135.0,128.00364857933891
template_projection,ridge_10,458,800.0,842.2601403820938,50.0,51.52035466043668,17.0,17.099922783815746,52.0,52.34554700555173,52.0,54.07608946265519,83.0,79.70284812359104
template_projection,ridge_10,459,800.0,707.8669018760681,48.0,38.550826791948495,8.0,11.333898262779716,22.0,29.17668759052092,19.0,17.313893235351564,35.0,29.54531086084627
template_projection,ridge_10,460,2200.0,2244.8103913345476,60.0,66.3684174266713,91.0,86.1653811116068,57.0,57.52894517491469,149.0,137.31565647866483,157.0,171.65313887409167
template_projection,ridge_10,461,700.0,864.1679410575625,59.0,64.07978709880118,14.0,10.830498138310016,70.0,73.55995016740663,60.0,69.85382399745976,109.0,103.65875152696755
template_projection,ridge_10,462,1000.0,1253.1043736848633,26.0,24.196251504066254,14.0,16.310291112741282,63.0,66.85595876987149,102.0,131.59381778674654,225.0,186.48306755253162
template_projection,ridge_10,463,600.0,703.9054567173806,2.0,6.508560431824598,7.0,2.8484334424639783,112.0,107.44816183935419,47.0,62.51154569708355,100.0,104.66558306540833
template_projection,ridge_10,464,2200.0,2222.8301279261314,1.0,1.2038414763001128,9.0,9.480541457038786,91.9744,90.71446547452629,250.0,222.35505797604338,262.0,278.7809055775605
template_projection,ridge_10,465,1399.0,1635.7675845981794,217.0,218.01843493632884,79.0,74.82794136777346,53.0,52.63252215375672,221.0,209.54514106284458,268.0,284.3152040418418
template_projection,ridge_10,466,400.0,-43.84814937105284,41.0,57.81043490079793,9.0,-7.159060981323075,27.0,20.475787368566564,10.0,22.983448124071728,11.0,62.81170648874245
template_projection,ridge_10,467,600.0,570.446793228466,40.0,40.63423288551529,10.0,10.044158444316684,23.0,22.862696352210108,28.0,23.103997885336028,35.0,36.41568754193845
template_projection,ridge_10,468,300.0,336.0166447492179,84.0,80.52308014037911,2.0,3.758259699371308,9.0,7.687412959290029,5.0,2.0370184184861984,5.0,9.493768459645054
template_projection,ridge_10,469,1200.0,1286.5798293382898,2.0,7.807891820868278,13.0,15.594859911437421,84.0,77.98426501833637,94.0,107.12707785315555,162.0,147.46071731088216
template_projection,ridge_10,470,200.0,185.97291811166383,74.0,75.71696912831844,2.0,0.7344177798286697,6.0,8.885845389435104,14.0,15.57179909701641,34.0,32.52098876961696
template_projection,ridge_10,471,100.0,-1172.8805576285838,92.0,83.07465181803475,2.0,-3.689183314179635,4.0,5.703163045753371,13.0,-6.944967635753613,30.0,78.19177976205751
template_projection,ridge_10,472,200.0,71.71128245872319,44.0,81.79614734195309,2.0,4.897993030229273,6.0,7.507008285581946,7.0,-11.44237087566141,29.0,-6.9944591845128485
template_projection,ridge_10,473,700.0,933.5849654344936,2.0,8.368633688684,18.0,15.085844434712424,69.0,63.56411594290277,44.0,68.0454452958222,105.0,97.45270682152702
template_projection,ridge_10,474,800.0,1409.357333945698,64.0,74.03501366097922,31.0,29.523266419770955,60.0,53.44011318887098,54.0,71.83371346839537,122.0,107.75507594660502
template_projection,ridge_10,475,300.0,553.4399543757559,86.0,124.61196980311671,5.0,-16.59150838708505,13.0,3.0295916282839244,3.0,21.443991125140684,5.0,36.66649490457219
template_projection,ridge_10,476,1400.0,1350.5263098518553,2.0,13.80538575537107,2.0,-7.5830474333194555,74.0,91.1254786556867,110.0,91.83004462568209,110.0,123.07732878887121
template_projection,ridge_10,477,400.0,448.0628609242665,97.0,97.34869022922135,4.0,4.803147307217419,28.0,32.023899925948044,28.0,13.665844301401393,28.0,30.849384762026375
template_projection,ridge_10,478,1100.0,1278.9463821924735,35.0,30.878394507324565,2.0,5.696609042989001,38.0,37.197020089604386,115.0,98.615966366294,115.0,121.44759606863238
template_projection,ridge_10,479,400.0,627.9412509255081,92.0,92.49245351039346,2.0,4.979911620262998,10.0,11.230544110961638,20.0,12.97470086392255,26.0,20.99355284909295
template_projection,ridge_10,480,600.0,633.5857464208523,32.0,34.80870770749293,13.0,12.115558328647625,33.0,32.96124431431184,18.0,24.527789386410156,44.0,39.667036892607996
template_projection,ridge_10,481,300.0,409.9800944674356,38.0,40.12283991563412,3.0,1.5388405704381096,51.0,47.74260122223836,13.0,7.868782547940185,13.0,22.582998496245253
template_projection,ridge_10,482,2400.0,2361.682262039216,2.0,14.050851452369983,6.0,1.5424172650869235,64.0,68.01560069165231,91.0,101.38269811237389,113.0,102.34723348277957
template_projection,ridge_10,483,300.0,348.6244889993311,1.0,5.746599924141805,10.0,8.443469204284769,47.0,45.844952241369356,6.0,2.3868839365471217,8.0,13.883849804500173
template_projection,ridge_10,484,1600.0,1756.773868658203,1.0,8.185694315855983,39.0,34.854031330275575,78.0,76.67723442702851,117.0,107.13286174974267,126.0,138.45285278004656
template_projection,ridge_10,485,2600.0,2522.9102065215184,13.2804,7.79209424027303,52.0,51.325451271848095,140.0,134.97902794937704,155.0,152.67649912061412,173.0,189.8128801829029
template_projection,ridge_10,486,2300.0,2516.1265618212337,2.0,0.8352441933196388,62.0,58.718010050452854,106.0,102.67235442481174,109.0,107.97087072786621,115.0,125.28128279586257
template_projection,ridge_10,487,1100.0,897.0866157269043,65.0,71.75940018290041,5.0,5.053110558488672,10.0,13.456277084698144,4.0,4.983990777739152,6.0,0.31598637502311533
template_projection,ridge_10,488,400.0,777.1419683026934,66.0,77.67449156131661,7.0,7.90031953235847,19.0,12.621542016780495,10.0,2.296425627996186,5.0,3.525340519946795
template_projection,ridge_10,489,600.0,590.2761891380516,110.0,105.98122434937594,7.0,8.464511116784784,27.0,28.707408751550375,57.0,65.06567690455694,102.0,94.00588195103771
template_projection,ridge_10,490,300.0,264.32252182531545,107.0,106.37774806961579,3.0,3.500046437079389,11.0,11.162400629507516,3.0,-3.097159634527955,6.0,7.5973155258308225
template_projection,ridge_10,491,1600.0,1550.0005760055099,2.0,0.8714438076837325,12.0,13.164864581037888,90.0,82.62232462693191,52.0,64.23013405097004,92.0,87.86085963575542
template_projection,ridge_10,492,800.0,824.4167139505812,63.0,80.46932558535325,2.0,-4.7458382524546945,27.0,27.685123307146572,28.0,21.894515721731025,28.0,27.6662241170784
template_projection,ridge_10,493,700.0,813.9553515985083,121.0,108.30096036281356,13.0,14.5224118697076,49.0,47.328209583679026,42.0,63.84876847648654,102.0,92.49525331525139
template_projection,ridge_10,494,500.0,536.7879634736281,56.0,69.18793429241234,2.0,-2.148486947077119,8.0,3.8789781893859256,28.0,25.90940890964071,28.0,34.20423366541718
template_projection,ridge_10,495,1400.0,1568.8939311993431,11.0,15.033024930077929,41.0,39.78853510567079,64.0,65.33565019490314,86.0,79.72458463393419,102.0,105.03030970700402
template_projection,ridge_10,496,8000.0,6836.036071017411,3.0,25.216829750769442,9.0,3.126030294872809,130.0,128.87191204010594,266.0,280.0347979099238,266.0,256.7300720055913
template_projection,ridge_10,497,2200.0,2010.9726714629478,2.0,-4.62798896155379,2.0,5.027691457090382,53.0,53.78350189809082,85.0,82.29677179351249,85.0,85.0959093242399
template_projection,ridge_10,498,5100.0,4857.066987774307,4.0,-12.074379772567454,31.0,39.28513975327706,151.0,152.4065524363792,393.0,360.2852825791286,414.0,425.4563425652335
template_projection,ridge_10,499,3800.0,3726.916334394037,7.0,7.432228738287023,20.0,22.924382806015878,111.0,112.95425270323992,257.0,269.62078746845464,332.0,315.36684702922537
template_projection,ridge_10,500,1300.0,1017.2794444101395,117.0,114.65266462979297,4.0,8.506651423188814,20.0,16.611656945852147,74.0,79.31668924857094,101.0,97.75216893396507
template_projection,ridge_10,501,1399.0,1470.026096870249,93.0,101.04382182280276,24.0,16.984450385209833,38.0,37.05148502066048,71.0,42.59952049820673,30.0,53.241334980336184
template_projection,ridge_10,502,1000.0,997.4255269984417,46.0,42.26442313546539,7.0,7.853187989898005,58.0,58.454912223648684,93.0,90.56217507659267,122.0,124.15465850562603
template_projection,ridge_10,503,500.0,485.805076514308,36.0,40.18999751739948,4.0,2.8681037449877476,16.0,17.96714602308348,9.0,5.181374339457392,10.0,13.68152963174174
template_projection,ridge_10,504,1100.0,590.6114754235197,106.0,86.52845325476645,4.0,10.19601086068197,33.0,45.937015602202216,116.0,109.12685407968596,158.0,155.51551228185974
template_projection,ridge_10,505,1600.0,2120.4165958903814,51.0,57.739001787794635,34.0,28.63076069676365,97.0,92.15254105588201,182.0,181.71239373760454,211.0,227.9413238009036
template_projection,ridge_10,506,300.0,312.697815097731,142.0,133.10410038060422,2.0,4.353810478895356,15.0,27.011132236190335,14.0,18.079034748319884,56.0,40.25857406109745
template_projection,ridge_10,507,800.0,717.6722288823256,63.0,68.98549759006877,9.0,6.505860484546652,42.0,40.34542648493698,69.0,70.37809882544931,94.0,96.93611735447034
template_projection,ridge_10,508,300.0,265.62272737715466,104.0,103.70359008026674,4.0,3.35701739507868,7.0,7.92281296234426,9.0,10.522381543799725,24.0,23.7859635507872
template_projection,ridge_10,509,700.0,602.862797187522,159.0,152.00205718369457,2.0,4.182557877250577,36.0,39.68949267202918,56.0,81.61575902903293,156.0,123.76854991500618
template_projection,ridge_10,510,3300.0,3194.17458288288,38.0,38.17131015594642,28.0,36.29400536223239,42.0,36.08965190050363,113.0,139.97211614259447,185.0,139.871374634334
template_projection,ridge_10,511,6500.0,5956.119068434908,10.0,12.882126002841929,7.0,13.406577017191836,103.0,113.35735182600584,393.0,411.0844368261765,495.0,454.1632048102025
template_projection,ridge_10,512,3000.0,2783.9886430772867,3.0,5.215696105059635,29.0,29.190371277827943,73.0,75.29698334237351,65.0,116.67319635429416,170.0,130.76742209604092
template_projection,ridge_10,513,1200.0,1258.1223694717041,45.0,44.66335574491586,23.0,23.602464144594837,65.0,65.28694243741401,120.0,132.37559039091946,191.0,180.06187884356393
template_projection,ridge_10,514,300.0,322.8036837396162,64.0,64.3745866539406,9.0,8.642686926355516,10.0,11.015193637284732,3.0,18.271172955880495,47.0,36.34739214370063
template_projection,ridge_10,515,3000.0,2794.369685524439,7.0,4.6047745842666,31.0,31.24845610012258,82.0,84.10858327099108,51.0,87.09162987437449,108.0,86.88915603247455
template_projection,ridge_10,516,200.0,156.0389246654438,81.0,79.38813468569884,2.0,-3.5738797822407715,3.0,5.571189786320929,5.0,16.531958655341455,32.0,38.44698707589272
template_projection,ridge_10,517,600.0,584.9511335279836,53.0,57.327595456653135,19.0,22.154250849515776,38.0,37.63542599405355,24.0,42.88508245207629,100.0,74.39419312648928
template_projection,ridge_10,518,900.0,945.491106434898,14.0,21.03102476030474,18.0,15.403162726522895,21.0,22.995786399786475,51.0,52.52776012620105,71.0,68.5557632863617
template_projection,ridge_10,519,1400.0,868.5937047836114,69.0,69.58466026244825,5.0,10.399628972230504,17.0,16.982571172951253,44.0,26.00460473214136,44.0,42.723429984898594
template_projection,ridge_10,520,1300.0,1547.9647034952582,2.0,3.284360410993038,20.0,20.131830897327113,126.0,120.92235753400968,144.0,146.14516425522413,199.0,199.36062157196233
template_projection,ridge_10,521,1900.0,1863.6372927208024,176.0,168.84842830865267,27.0,27.518723990428047,63.0,65.204551586913,252.0,226.58916063853266,267.0,293.68325122052687
template_projection,ridge_10,522,200.0,20.676154050328023,41.0,40.536910409488684,1.0,1.2395512769702002,14.0,15.354340345195993,11.0,13.757949668038663,38.0,32.358014022423134
template_projection,ridge_10,523,1200.0,1137.4902680263478,90.0,83.9796289858583,27.0,27.760116224271275,61.0,61.42000411472317,138.0,148.33412243438994,208.0,205.60932093061328
template_projection,ridge_10,524,1200.0,1229.4644493611559,2.0,3.5014243562379193,12.5664,11.009255748287465,75.3451,72.54437757286927,65.0,41.892885698799304,32.0,53.845818804822116
template_projection,ridge_10,525,800.0,830.6670464135159,19.0,32.364214956327395,2.0,6.492187142757899,12.0,8.73929635365468,34.0,12.224793944622974,34.0,28.229066961651498
template_projection,ridge_10,526,300.0,259.7351483193074,67.0,66.9689843632517,2.0,0.25876887910939494,12.0,14.588513561956034,8.0,11.4042889515338,27.0,28.44206106606198
template_projection,ridge_10,527,400.0,371.8063363757682,54.0,59.484689512337006,20.0,16.533373953478534,9.0,11.099960772630098,16.0,11.834901548415118,22.0,26.54922685745197
template_projection,ridge_10,528,2500.0,2345.6718452784826,249.0,240.77090675210124,61.0,62.5353256375191,67.0,66.69724079262812,105.0,155.79894576459782,229.0,198.68309501448113
template_projection,ridge_10,529,1000.0,1100.9356769850508,48.0,50.23115981130553,2.0,0.6995632415862865,40.0,37.635927073075514,84.0,79.21434305331331,97.0,102.35157836388815
template_projection,ridge_10,530,3900.0,3607.648895607971,12.0,8.56519629192406,62.0,64.58873119936887,106.0,108.77844628614625,290.0,273.03448168333716,322.0,329.3582738339708
template_projection,ridge_10,531,1000.0,1120.4131690897782,22.0,12.677534681453011,4.0,10.817682166286794,29.0,31.635113050743733,39.0,32.99454857288298,52.0,34.73738624234883
template_projection,ridge_10,532,900.0,840.1304789035601,215.0,212.91504554666216,23.0,22.62391322805162,24.0,24.918845552559876,64.0,79.81036825775992,121.0,111.98735659305198
template_projection,ridge_10,533,1600.0,1440.9432447489278,54.0,49.31345865198253,4.0,4.570754619066594,68.0,70.33452333985889,114.0,101.2844525225844,116.0,128.28085741268407
template_projection,ridge_10,534,700.0,792.3217677374882,28.0,29.435973080043993,5.0,5.39120639819099,59.0,56.68325106002604,60.0,60.69198411611106,89.0,87.04509468260449
template_projection,ridge_10,535,1200.0,2012.5244862715338,141.0,158.60439917543914,13.0,11.141070071973399,23.0,24.86247512397167,76.0,105.51819384128945,130.0,103.67200717126302
template_projection,ridge_10,536,600.0,762.6049559526675,53.0,59.48420753085446,8.0,4.484821102584505,30.0,28.014585034715907,12.0,49.14346038701674,90.0,66.35922066075136
template_projection,ridge_10,537,1200.0,1185.7432186424198,127.0,113.51240885669132,27.0,23.907439681354703,51.0,51.42593444359899,131.0,122.90466840242928,131.0,153.79597048037
template_projection,ridge_10,538,1000.0,1053.2956593951874,9.0,12.663384137334297,10.0,11.56732411200727,60.0,59.353955021326485,33.0,72.92911406541062,140.0,108.29987532162767
template_projection,ridge_10,539,600.0,74.77289597221625,41.0,22.950438461569533,2.0,4.3271862472261144,41.0,55.71532116950806,8.0,-0.8415478508738943,8.0,43.73510339595805
template_projection,ridge_10,540,900.0,985.6613637009451,35.0,39.91359253174451,18.0,16.61038420241096,37.0,39.00061285180741,60.0,82.69424829198769,133.0,114.78405975051618
template_projection,ridge_10,541,500.0,499.0269984024234,30.0,33.36647556128759,2.0,1.3951487260998352,33.0,31.665222093227428,18.0,11.319378925847744,18.0,23.91128801985161
template_projection,ridge_10,542,400.0,382.3806689474933,36.0,42.12811374583052,7.0,3.010869011213355,33.0,31.428243630662145,12.0,15.423702621062517,25.0,29.80970992650782
template_projection,ridge_10,543,1200.0,937.4903144658667,47.0,55.70599065268711,2.0,-7.056404772523793,63.0,54.72413150443771,114.0,99.90799801215522,114.0,146.15419629864732
template_projection,ridge_10,544,400.0,515.8796083720605,141.0,102.89470473973614,5.0,19.660543927923392,42.0,21.069331663811173,43.0,51.15919010313135,48.0,66.16860185036509
template_projection,ridge_10,545,200.0,190.43396244378005,82.0,79.5776633474193,2.0,4.9401327581740375,2.0,2.0423490949553553,12.0,25.538699405806753,63.0,50.21333601778489
template_projection,ridge_10,546,1300.0,1212.7659823045267,14.0,23.467762378493845,20.0,17.645723600230603,57.0,51.15079019762021,25.0,38.64500650684294,51.0,49.30225166532971
template_projection,ridge_10,547,300.0,241.63470686373148,113.0,131.06687109377367,4.0,0.3070088950531904,7.0,13.928711962772013,41.0,26.661577488916805,41.0,41.06425197861955
template_projection,ridge_10,548,800.0,988.3790144858948,2.0,0.29499009453902403,8.0,7.372098519958536,87.0,82.91126465888507,58.0,73.10536959975009,106.0,102.91460800281095
template_projection,ridge_10,549,300.0,922.0090526027493,56.0,83.26160602714897,2.0,-0.9014273183394597,26.0,3.999856716617444,8.0,27.33076857112163,9.0,-13.819418915581181
template_projection,ridge_10,550,3700.0,3693.0214276013266,2.0,0.7625365394808767,38.0,40.26013744930842,139.0,132.30631336305433,355.0,334.4156724529389,406.0,416.8904794993663
template_projection,ridge_10,551,1100.0,1119.8100988556703,2.0,4.543033927628663,9.0,9.306227495473006,43.0,44.438004751684986,103.0,84.59548669924494,103.0,109.93315300718781
template_projection,ridge_10,552,1000.0,971.0717017520678,74.0,67.77076338267767,6.0,8.68414296060887,39.0,38.50910788721313,135.0,120.758864842366,154.0,163.33286862144604
template_projection,ridge_10,553,2800.0,3034.3153337182785,9.0,9.861734153810886,27.0,27.729067669571926,168.0,160.56964622726963,254.0,250.0112900944661,308.0,313.55974853904047
template_projection,ridge_10,554,1100.0,1142.1492562849023,2.0,10.059036981223322,2.0,-1.9413684938155225,45.0,45.973683365524685,40.0,46.10734950528864,54.0,58.05959029163709
template_projection,ridge_10,555,600.0,709.0066519457699,65.0,58.93495476987477,2.0,7.502380486117998,53.0,49.03854931317275,21.0,11.965348996903543,21.0,20.549725486640426
template_projection,ridge_10,556,700.0,719.9921088183776,115.0,104.00770650281228,3.0,5.474906166938611,47.0,45.21591088421319,35.0,42.186373127163016,68.0,63.63694234567701
template_projection,ridge_10,557,400.0,286.8310973656062,113.0,113.55971806662998,5.0,3.1593705994818766,29.0,26.06333085911839,31.0,12.548381987137788,5.0,25.494658876461884
template_projection,ridge_10,558,400.0,365.4754928889298,72.0,78.36349888255262,10.0,8.143087611141784,29.0,30.553350003140274,47.0,53.11496884454524,96.0,97.35927999050534
template_projection,ridge_10,559,500.0,470.7849861931471,64.0,66.10472288324745,3.0,2.7536710918751552,10.0,11.405136275200043,6.0,9.41748445121469,23.0,20.095603272277643
template_projection,ridge_10,560,2300.0,2355.9903628432185,2.0,-0.6014749271878017,2.0,3.4133795796841344,136.0,132.1422216963335,193.0,173.2593751228768,201.0,216.14854236397855
template_projection,ridge_10,561,900.0,877.60649965647,1.0,4.391849249753712,1.0,0.45015856549508726,62.0,63.79055347326726,53.0,70.44936697738638,113.0,94.65544176016598
template_projection,ridge_10,562,2700.0,2567.661916505481,13.0,16.20646959363821,30.0,29.930794208184263,46.0,48.492342717094445,165.0,156.67637561447526,181.0,180.08160705616538
template_projection,ridge_10,563,200.0,380.6441728886251,22.0,34.81641702969334,2.0,-3.0330804736919124,2.0,11.787143870358669,6.0,7.167187734078084,28.0,23.331717264825727
template_projection,ridge_10,564,800.0,656.6842643599575,6.0,4.856621607340607,2.0,2.9857414020954813,44.0,43.16818922737581,37.0,43.56364557998469,70.0,64.87162643029302
template_projection,ridge_10,565,1300.0,1323.0132254037512,43.0,50.83213567117452,42.0,37.72988151223888,38.0,34.3387295197184,46.0,52.30532366164804,60.0,60.259029776781844
template_projection,ridge_10,566,1500.0,1544.0095247652741,19.0,18.169012685591063,2.0,2.5364707565348468,45.0,50.42769262198051,77.0,66.3493836500717,77.0,82.07567685840411
template_projection,ridge_10,567,400.0,349.858666445954,59.0,58.4847432730587,12.0,7.827279648426219,28.0,26.374969855304755,3.0,7.636056956957148,8.0,22.365098917528428
template_projection,ridge_10,568,1900.0,1840.8354295399063,6.0,1.5333366138222928,3.0,3.6819650059953837,132.0,130.96152298215287,166.0,168.49488261183745,227.0,225.59835433473597
template_projection,ridge_10,569,400.0,484.1348186392752,59.0,52.655213022217744,2.0,7.655908746353768,17.0,18.437679146351588,3.0,-0.4507148377464034,5.0,-2.0699346839599144
template_projection,ridge_10,570,300.0,220.9517649994459,50.0,46.601314621644235,2.0,12.591119085503244,2.0,3.350643142879022,3.0,-18.080130028785376,8.0,-3.48809594413612
template_projection,ridge_10,571,500.0,413.52754153770513,41.0,41.72453661500181,2.0,-5.0564857645530115,27.0,26.214127016822445,16.0,16.163999936942133,16.0,33.00837806873875
template_projection,ridge_10,572,300.0,412.57123283786325,44.0,46.66567414019349,2.0,0.8883534394272026,36.0,34.07044980291172,10.0,7.174027359282945,14.0,17.613945774337992
template_projection,ridge_10,573,800.0,1202.6607567614308,122.0,119.8150433308144,4.0,0.5960402910298566,36.0,46.673212326305716,45.0,39.82322571651447,63.0,66.15898041160597
template_projection,ridge_10,574,900.0,908.0516621564084,16.0,18.750897980606986,10.0,8.703669574899969,55.0,53.8447845062708,18.0,23.783940072638458,38.0,36.969820464123586
template_projection,ridge_10,575,1300.0,1352.991245795251,31.0,67.47546159949003,17.0,17.78298409832321,61.0,60.907226231891656,103.0,66.26954943793739,103.0,99.92022086831201
template_projection,ridge_10,576,1200.0,1062.7010803798307,246.0,224.33753949136647,15.0,21.779371918629998,36.0,33.359731241839775,109.0,106.62610763643411,140.0,144.0927581136648
template_projection,ridge_10,577,700.0,658.9994329697976,42.0,28.66245560437133,12.0,11.715162497273997,36.0,41.39268608600614,31.0,20.044607560317374,31.0,44.48048051289574
template_projection,ridge_10,578,500.0,602.088752325361,2.0,4.589413110390048,9.0,8.401955705117878,67.0,64.9436843222397,27.0,35.00732919097519,62.0,58.60956623743113
template_projection,ridge_10,579,200.0,193.3285330874287,90.0,88.6486697440343,2.0,3.3637411321564272,12.0,12.244983762195616,8.0,3.3562455301283762,14.0,13.878035253302187
template_projection,ridge_10,580,1300.0,1350.538739288759,19.0,18.784402958101325,3.0,5.276036237619424,75.0,72.75578956849937,69.0,82.56903302822367,119.0,108.446694488554
template_projection,ridge_10,581,1200.0,1230.5316571319051,143.0,136.44722946720037,27.0,28.194002310605157,62.0,64.08352418379654,191.0,179.46520688586543,240.0,246.88251191050318
template_projection,ridge_10,582,3900.0,3809.2868594807233,2.0,0.531314736071387,57.0,58.14092527932055,122.0,120.6080699926103,243.0,234.4541943667937,266.0,271.9235463397891
template_projection,ridge_10,583,2000.0,1970.3152441705308,20.0,23.465215404550477,32.0,29.329309779945696,75.0,77.57589188783768,53.0,76.32994597050428,103.0,87.87437168247965
template_projection,ridge_10,584,2900.0,2757.129371537855,66.0,58.99918197234,16.0,18.763648857704915,84.0,85.76780468364967,208.0,185.04394145276868,208.0,217.29385251974946
template_projection,ridge_10,585,1500.0,1256.4915272652977,45.0,47.28438580361639,5.0,15.909430520363017,59.0,69.64750966498579,92.0,81.11783018313605,155.0,115.36370512966381
template_projection,ridge_10,586,1200.0,1748.3671636482613,219.0,195.15538801752675,23.0,44.57689189754548,27.0,38.68310053527857,103.0,90.76945088774275,183.0,136.29438996908382
template_projection,ridge_10,587,3500.0,3629.9089534671984,4.0,-2.5869399387431358,4.0,8.775090389543202,187.0,181.8967329370538,448.0,387.1299685699263,448.0,484.6416219215738
template_projection,ridge_10,588,3800.0,3612.4413768887134,10.0,4.699103818085931,35.0,36.75477517586132,116.0,115.46911079474424,172.0,169.73636302197275,182.0,185.05522571752462
template_projection,ridge_10,589,9000.0,8451.193517919728,8.0,-16.04068140771767,17.0,26.75990727304268,211.0,217.482801065558,458.0,470.4242858469701,521.0,496.3689276766096
template_projection,ridge_10,590,1000.0,1274.9636189426283,14.0,34.86870260799787,2.0,-4.989149780532751,52.0,41.47549314729636,48.0,68.71418247416888,78.0,72.89674301396435
template_projection,ridge_10,591,400.0,483.4714717491446,44.0,52.819149225945516,2.0,2.9259229645687395,40.0,39.25614677987009,42.0,60.41760618185921,113.0,95.11383271432616
template_projection,ridge_10,592,300.0,702.0887752756885,45.0,56.60429796222637,14.0,7.324452433910141,20.0,18.9956324745235,10.0,14.522813155526563,16.0,21.851509622363935
template_projection,ridge_10,593,800.0,610.6241582075503,210.0,207.22480198318073,9.0,6.207025006744885,15.0,12.281607343516228,46.0,46.14902700754727,59.0,72.82716025816721
template_projection,ridge_10,594,700.0,721.7230567393124,89.0,89.37659365161372,8.0,8.26293173667077,30.0,30.830278744099417,63.0,72.22857305853687,111.0,103.2145667528984
template_projection,ridge_10,595,2100.0,2513.569061854494,13.0,17.995486225960576,17.0,4.758302437526675,69.0,63.605418691054524,131.0,123.93524181619713,95.0,144.60381497673205
template_projection,ridge_10,596,1700.0,2359.5882850398375,23.0,58.93367714034052,90.0,88.04954616883994,56.0,69.22873689785499,75.0,56.33866046986451,75.0,65.69521610338376
template_projection,ridge_10,597,2800.0,2839.481274064001,6.0,4.310462413015486,7.0,11.323532288391927,83.0,83.7851286717158,225.0,198.83830592127555,225.0,226.6588879045627
template_projection,ridge_10,598,1500.0,1297.0934923228795,93.0,83.48433638845371,7.0,10.800498846908095,81.0,75.46162635428941,58.0,67.98710363671417,93.0,96.02203260594288
template_projection,ridge_10,599,1200.0,810.0443373947072,80.0,69.15338840953218,2.0,9.683334569405991,34.0,37.6500717291837,88.0,63.03573871668449,88.0,94.07771518728183
template_projection,ridge_10,600,3000.0,2919.1243499384746,2.0,45.017681746266206,109.0,97.8992059349241,94.0,86.00249248377402,118.0,129.9041742648024,143.0,142.2834391904231
template_projection,ridge_10,601,400.0,327.00758241176936,70.0,69.91606583124376,2.0,2.710311426493453,16.0,15.328813384223977,6.0,10.880027503581914,29.0,24.079719537796464
template_projection,ridge_10,602,600.0,595.4707997382786,91.0,87.82812516523967,5.0,6.5116449564722725,31.0,31.780847993954918,19.0,30.750924554065982,58.0,45.591504638829655
template_projection,ridge_10,603,600.0,644.212167971111,13.0,17.510078490814287,2.0,1.5684424279163327,59.0,56.92898434581478,23.0,22.651847551016708,38.0,40.1849839346294
template_projection,ridge_10,604,900.0,960.0412027809995,1.0,5.397277295449065,5.0,3.5149453863644062,91.0,87.59999152411612,50.0,38.56051856388865,51.0,62.68954950371445
template_projection,ridge_10,605,2100.0,2053.4423351990927,2.0,17.231910375141148,15.0,15.016907031884614,68.0,74.83490206039313,47.0,45.310475846223916,81.0,54.43394917078913
template_projection,ridge_10,606,800.0,881.6365662401794,55.0,48.854275076271705,21.0,22.87465333183411,49.0,47.77820717292215,37.0,29.390670010307744,37.0,43.24095691318903
template_projection,ridge_10,607,200.0,608.2861517323315,123.0,142.53317584190586,2.0,-14.770349807208975,17.0,13.968558630335039,25.0,53.27077583158136,25.0,43.953881261506694
template_projection,ridge_10,608,300.0,275.2598615848409,70.0,67.03846497939377,2.0,6.880939462176629,21.0,18.087821084497683,16.0,7.24812298908769,28.0,28.92667194284229
template_projection,ridge_10,609,1600.0,1544.5649502473757,8.0,8.235107840222689,2.0,2.824299096215313,56.0,55.604077576653005,61.0,55.973448114576314,61.0,62.69255617257909
template_projection,ridge_10,610,500.0,506.4932331000482,32.0,34.51756334163226,2.0,1.5718253249071346,12.0,13.241979280269874,11.0,9.97319382036271,20.0,18.4245159958801
template_projection,ridge_10,611,1500.0,1572.7085621340746,32.0,32.947166024513294,3.0,0.8159055666734716,38.0,38.924071762807856,173.0,152.896927633268,173.0,191.70546892727293
template_projection,ridge_10,612,9100.0,8233.16244089391,2.0,-23.120389245848813,8.0,17.899016676988236,155.0,163.13774001911602,371.0,379.738310492297,384.0,367.26533335955594
template_projection,ridge_10,613,300.0,278.8405373096308,84.0,86.42981189886657,5.0,5.426870695355991,10.0,8.22869032881055,5.0,10.407665823992176,33.0,28.313727124706617
template_projection,ridge_10,614,800.0,1033.6631908686409,25.0,25.806222783246763,2.0,1.2026304048093461,72.0,70.21696436023618,51.0,43.237758664476445,51.0,55.600015894995096
template_projection,ridge_10,615,1100.0,1322.871211638002,8.0,17.127419064790743,13.0,12.11638260373864,55.0,53.38538619493285,137.0,113.34016911253221,137.0,147.89753257104817
template_projection,ridge_10,616,2500.0,2353.237749245047,1.0,2.233218639979434,43.0,43.37738515287017,87.0,86.43965929787035,88.0,112.15727235414178,164.0,142.21675380942384
template_projection,ridge_10,617,700.0,726.4455280446622,20.0,23.019462999369452,5.0,4.663375184416669,34.0,33.12710596204951,13.0,15.330706113311095,26.0,24.42568653420676
template_projection,ridge_10,618,400.0,594.9480557463212,59.0,88.87586313180064,3.0,-7.880481514972454,2.0,-0.48114808904186646,8.0,15.699955161933275,11.0,10.959604569851251
template_projection,ridge_10,619,600.0,628.5671464207363,55.0,53.99291740315082,9.0,8.896235109719363,19.0,19.64292966111189,14.0,14.573389554235305,25.0,24.388228378105424
template_projection,ridge_10,620,300.0,622.6157146086997,63.0,82.41609326955447,10.0,6.776159889364553,29.0,6.237647074382927,16.0,40.14433723534215,64.0,62.83755146300639
template_projection,ridge_10,621,300.0,-1279.549151559297,61.0,74.57858652391047,5.0,-5.307466340853315,18.0,28.47636555675054,13.0,15.251596560673136,16.0,39.28248305868779
template_projection,ridge_10,622,400.0,403.9635619168828,52.0,57.344783565869825,7.0,0.026785693241428987,33.0,38.637563315948675,9.0,7.609675325367903,13.0,24.622504392311455
template_projection,ridge_10,623,1100.0,1075.6777953923036,88.0,85.14802474094836,2.0,4.024029645993005,43.0,42.98832013603853,145.0,119.40421905903533,145.0,158.91197261136017
template_projection,ridge_10,624,500.0,429.5145098759525,186.0,183.18026670470437,3.0,2.3525943643427443,14.0,6.584658433188075,26.0,35.79658791004254,43.0,48.01283836214787
template_projection,ridge_10,625,800.0,752.282972337814,49.0,49.248002098796725,5.0,5.6804012935048185,17.0,19.625001539646057,81.0,65.96827288034082,88.0,92.45021651765538
template_projection,ridge_10,626,700.0,239.19056641807242,93.0,120.57210020143172,2.0,-6.305638622950477,26.0,13.814453150569236,34.0,31.001171005931994,49.0,53.797020090232365
template_projection,ridge_10,627,300.0,336.9289367326737,59.0,62.492488958088146,6.0,4.25366695690202,20.0,16.977728667933008,5.0,9.767749678874424,20.0,21.206416132883234
template_projection,ridge_10,628,700.0,433.9535057437139,62.0,48.615426498427304,2.0,9.755601769757291,43.0,36.41154386663139,15.0,5.784754603614402,24.0,20.66068847397463
template_projection,ridge_10,629,700.0,840.8054374601218,4.0,7.497387677244539,2.0,0.4283637707875112,96.0,90.52087760080951,20.0,27.72544690445787,43.0,45.95377298719969
template_projection,ridge_10,630,800.0,657.6734258005322,168.0,162.07824070098036,2.0,3.909818809686861,22.0,23.597345133946877,40.0,42.40764155347011,64.0,61.043617473662394
template_projection,ridge_10,631,1800.0,1923.4182240084442,11.0,18.446956093361827,62.0,58.03994153888046,81.0,80.77004257961042,158.0,147.2566694454713,180.0,191.44274091480514
template_projection,ridge_10,632,900.0,1384.6805336760451,66.0,49.807335320948916,20.0,30.851149317289504,15.0,37.19044179753053,9.0,1.8976239071942587,26.0,-15.278261111155942
template_projection,ridge_10,633,500.0,516.7509004932576,56.0,57.632661731320624,11.0,11.020450694182756,14.0,15.920421699069095,10.0,6.219084624805362,17.0,17.224412165857885
template_projection,ridge_10,634,700.0,1087.3241751525134,210.0,207.0464046558432,2.0,2.972748647774271,13.0,14.095468928583024,80.0,73.18957390098724,80.0,86.08314982068235
template_projection,ridge_10,635,1000.0,1543.2535795571928,106.0,91.22188380828516,6.0,20.048977473458102,41.0,43.78960535861111,77.0,57.36402354100042,77.0,53.614811453220135
template_projection,ridge_10,636,600.0,572.5307126244908,152.0,152.25144884836894,5.0,7.5588218775134415,11.0,10.988214554200937,34.0,30.704206052875435,52.0,44.245770980390084
template_projection,ridge_10,637,1200.0,1467.682683233116,2.0,17.25402445615702,15.0,13.939079255713777,103.0,103.52568930151476,36.0,101.65953557302794,201.0,136.67624683035461
template_projection,ridge_10,638,1400.0,1222.7850801990812,36.0,28.439970921182848,2.0,0.10401670098336346,46.0,51.31117548279333,256.0,206.16723315851638,256.0,288.3840883150091
template_projection,ridge_10,639,1000.0,791.8377752555036,95.0,99.01395679965972,5.0,4.343344152704272,10.0,13.342441295749161,3.0,3.4954106208951004,6.0,4.5978289192795785
template_projection,ridge_10,640,500.0,685.7145695052351,13.0,14.094877772718128,4.0,3.0074485528193673,119.0,111.87468160031477,32.0,42.44848854166413,74.0,75.7272672644176
template_projection,ridge_10,641,1600.0,1395.4799601140987,38.0,43.1883729235517,35.0,27.270962771198306,47.0,44.98877028016509,86.0,87.7652022304039,98.0,108.83408374586095
template_projection,ridge_10,642,800.0,913.9618986246559,28.0,35.31406816615809,41.0,36.723557931513135,60.0,57.808755837689596,37.0,35.016948590099034,46.0,55.47993481302635
template_projection,ridge_10,643,700.0,751.362946307739,169.0,158.8794985163646,5.0,6.412280452245321,13.0,13.605293125815983,81.0,66.98206158515434,81.0,93.47914285349972
template_projection,ridge_10,644,1100.0,959.3857342494467,42.0,36.43954634511848,2.0,5.800023970005553,59.0,56.654358525430126,87.0,74.12618847600731,87.0,94.32025880070493
template_projection,ridge_10,645,5600.0,5672.1987979179885,1.0,5.229423356275454,134.0,128.93651974133604,144.0,141.0499846839338,261.0,299.73249664914897,342.0,333.5064908467604
template_projection,ridge_10,646,1100.0,1025.493220533414,39.0,42.54100355890471,3.0,3.6412617089188046,2.0,6.753149272080265,67.0,76.51378792650064,119.0,102.72067077542843
template_projection,ridge_10,647,500.0,1127.0345575070855,26.0,63.563947135311565,7.0,17.162345480697,40.0,47.192783548213754,46.0,17.030075106207484,83.0,30.236436619020793
template_projection,ridge_10,648,800.0,657.2368675070144,87.0,80.8569417115089,2.0,5.669840598713524,56.0,52.82556434855189,52.0,37.58212041699487,52.0,60.243121753932805
template_projection,ridge_10,649,700.0,791.7529767024777,66.0,72.00049934458727,24.0,23.698874044144233,41.0,41.78611305651181,89.0,79.27746784856312,115.0,114.14784234787271
template_projection,ridge_10,650,1800.0,1960.6547316787814,2.0,5.196071286673963,3.0,3.3597401968596383,81.0,81.28042312584715,288.0,243.2130138739208,288.0,311.6357966879479
template_projection,ridge_10,651,300.0,-58.176859448305095,102.0,130.08208472493095,3.0,-1.8782116493515648,6.0,4.262700565371844,13.0,8.774918134228344,26.0,31.840936109668604
template_projection,ridge_10,652,1000.0,922.6036361031213,114.0,103.77110477617634,4.0,10.03973373656682,55.0,57.567923801335,60.0,75.77531224325053,129.0,106.43932087195704
template_projection,ridge_10,653,1000.0,1090.949990350463,31.0,33.25054938850288,3.0,3.1786835436979537,54.0,53.473595318784824,131.0,121.22854204055609,157.0,162.04654363002862
template_projection,ridge_10,654,1300.0,843.39867711735,19.0,45.65174814389153,22.0,16.45373179214059,75.0,73.8942978978309,118.0,117.35986224861728,179.0,169.9026979295383
template_projection,ridge_10,655,2700.0,2447.3351382968967,2.0,7.905227922608638,7.0,6.870961870335469,115.0,107.23523609748256,344.0,294.6121909051244,344.0,374.4801055880106
template_projection,ridge_10,656,1200.0,1202.2305652483872,7.0,6.3453013353979415,6.0,10.011857413239898,82.0,77.05737074936766,74.0,90.65661214974628,129.0,115.42973273313393
template_projection,ridge_10,657,200.0,160.9849391388218,21.0,27.400039343913082,2.0,-0.905687503360836,23.0,22.950406927701753,8.0,5.872914709295998,13.0,19.687792933752874
template_projection,ridge_10,658,900.0,1212.9176536894436,42.0,62.088843320253105,8.0,-0.7016085827114455,39.0,11.78294377533799,105.0,132.19471591996933,105.0,151.367558962332
template_projection,ridge_10,659,300.0,260.6906993179765,33.0,36.73617387985323,2.0,2.169907434210632,20.0,22.115145023731394,6.0,0.18998012642511242,16.0,12.642239484310934
template_projection,ridge_10,660,700.0,790.4779497978639,22.0,19.690734668726222,6.0,7.625298219201268,57.0,57.61674372428261,25.0,36.191878465777904,68.0,55.72977025074992
template_projection,ridge_10,661,100.0,150.19022939153615,2.0,8.593222184963807,3.0,2.7736094666867483,3.0,6.651016305487438,7.0,19.655057247444184,60.0,40.969723256737296
template_projection,ridge_10,662,1100.0,1130.1211219273293,41.0,42.40545700141188,10.0,9.199338793305738,60.0,57.561413550330585,59.0,58.0941312005934,72.0,76.44833264157548
template_projection,ridge_10,663,300.0,936.9268413491636,116.0,122.31250643773109,2.0,-0.4335756638561836,16.0,7.472226234760214,4.0,18.050906451584133,21.0,19.038007061010006
template_projection,ridge_10,664,2900.0,2834.966251302588,2.0,-0.2844333742248111,19.0,22.292774659149185,99.0,103.18245194235406,235.0,254.08286641573213,343.0,316.99007533100746
template_projection,ridge_10,665,800.0,657.9949531867884,216.0,206.14331050382367,2.0,4.7589554050401155,11.0,12.12694928956688,52.0,54.183231082559885,77.0,76.0351344919229
template_projection,ridge_10,666,300.0,-615.212305724715,87.0,76.79475922489843,2.0,20.100255463015092,8.0,18.52166599581189,8.0,-28.055815307079712,35.0,2.516420026397057
template_projection,ridge_10,667,2100.0,2184.069622451928,2.0,3.8134360055046628,4.0,1.553476581969866,151.0,142.49338023309207,133.0,135.75963183223058,161.0,176.0288267076515
template_projection,ridge_10,668,1200.0,1254.423035938941,2.0,1.6832908347317002,3.0,2.90861168531133,65.0,62.36727688573961,66.0,58.700441403758994,66.0,74.0942560020268
template_projection,ridge_10,669,600.0,510.9461367946992,37.0,36.81110173551222,6.0,5.846084054824065,36.0,35.1294195557288,21.0,16.435814077046146,25.0,29.327102877032445
template_projection,ridge_10,670,1000.0,1955.514879905732,54.0,90.16921698076007,30.0,3.47798629343713,121.0,91.05561049321112,111.0,133.95198518304207,111.0,157.56762587339608
template_projection,ridge_10,671,500.0,485.9727161821553,46.0,56.82445166181204,2.0,-8.507437489020097,17.0,19.76734624282487,34.0,49.100517036682746,73.0,77.83300217965294
template_projection,ridge_10,672,400.0,419.47948688832355,31.0,35.471480748869624,6.0,5.701062740754864,29.0,29.807624551836522,3.0,20.315960814204864,54.0,38.30878897039142
template_projection,ridge_10,673,2200.0,2155.8414992529515,46.0,48.53971036164687,15.0,15.294521567112142,63.0,62.81028887716119,174.0,154.1879144255661,174.0,182.33173397460365
template_projection,ridge_10,674,2100.0,2095.4677482636143,14.0,19.73677720473394,61.0,57.361859137467725,73.0,68.55147540401023,84.0,97.75146620875725,114.0,119.84885930142556
template_projection,ridge_10,675,300.0,315.47203994725146,56.0,42.35516066909085,4.0,6.427150587390544,30.0,31.19704112869378,12.0,20.705867362160717,33.0,35.95756392088565
template_projection,ridge_10,676,1100.0,1207.7958199969125,77.0,80.40738344726438,34.0,28.71926145583685,52.0,52.6633567596313,63.0,52.55547024887844,50.0,67.6977454204855
template_projection,ridge_10,677,1000.0,1018.4752221624933,35.0,35.96287049839033,8.0,7.312224211836632,58.0,56.248123906712564,75.0,66.46198128339385,82.0,89.61422037725382
template_projection,ridge_10,678,600.0,-277.83088199081067,22.0,18.890486399351396,2.0,3.115501425588766,21.0,26.109379953578305,43.0,19.770277931278095,43.0,44.73241882156114
template_projection,ridge_10,679,1600.0,1987.9501448192455,1.0,10.013747454654613,12.0,6.244389928818375,145.0,136.28169427127273,278.0,234.8496217530911,246.0,297.6944465643736
template_projection,ridge_10,680,400.0,894.1766302435699,30.0,5.234086376317563,8.0,21.929900229150377,84.0,67.54089417717005,13.0,60.13553764187133,82.0,91.69120928756188
template_projection,ridge_10,681,1100.0,1059.1691564589778,44.0,40.380729904523974,10.0,13.781154810509538,44.0,44.0301022879805,110.0,96.61095242574314,124.0,126.45588910334055
template_projection,ridge_10,682,300.0,314.91342683801906,52.0,60.76583592109035,8.0,5.756465913582462,22.0,20.2285374597149,10.0,3.130388856016552,11.0,16.614654445487304
template_projection,ridge_10,683,1200.0,1178.0678576374617,2.0,-2.5562902744003324,2.0,2.878498970470206,74.0,69.22312457262447,76.0,74.05350168151693,93.0,99.04658139190536
template_projection,ridge_10,684,1300.0,1325.9758231321396,145.0,142.35278242729635,15.0,16.835752824407074,59.0,52.77054919290532,145.0,145.8618206084778,173.0,178.62025502560672
template_projection,ridge_10,685,1000.0,999.1924356694349,17.0,15.37447398478394,2.0,1.8753835008803126,76.0,72.47183857378842,42.0,35.845211190344806,42.0,52.23139964300359
template_projection,ridge_10,686,1500.0,1559.0950530116277,3.0,2.4400778925972944,6.0,7.105094146265637,130.0,122.7189052672143,125.0,116.15261728569965,152.0,158.01627883163354
template_projection,ridge_10,687,800.0,768.3304910119994,45.0,33.88639298087598,3.0,6.393420731277379,52.0,55.505094422757615,44.0,35.711961870905284,56.0,58.92411082992741
template_projection,ridge_10,688,1100.0,1123.1800980298124,5.0,8.195501751830058,9.0,4.650982899270694,97.0,87.1887337657708,91.0,81.46211245918596,91.0,124.3499018283312
template_projection,ridge_10,689,1600.0,1239.0867908766234,59.0,49.83042846037003,9.0,23.866148519505607,74.0,74.31815428537831,79.0,109.71682859122808,196.0,141.83451426862143
template_projection,ridge_10,690,800.0,781.7736259361791,41.0,37.548182651060614,8.0,8.721287586117858,38.0,38.45407707053155,19.0,15.662283259500285,19.0,23.740284972974237
template_projection,ridge_10,691,600.0,825.914670725937,20.0,17.129825848084046,3.0,2.0889816540065063,49.0,48.71723194026446,16.0,12.068761073998644,18.0,28.230420583741733
template_projection,ridge_10,692,1100.0,1015.3507916760423,194.0,184.54504965240943,5.0,8.448218368304094,18.0,20.17347048006882,124.0,116.02486045630675,156.0,155.64261753259836
template_projection,ridge_10,693,800.0,803.1235628120471,72.0,70.18197099449625,2.0,2.1206979520073332,56.0,53.05496223151406,46.0,37.407182686278205,46.0,56.64522560132853
template_projection,ridge_10,694,1900.0,2486.71488177016,11.0,7.3076179939439,51.0,44.928813157368616,58.0,59.28946812811387,84.0,95.33190821630595,84.0,97.84196743130354
template_projection,ridge_10,695,900.0,969.9600190293368,46.0,45.2594300390749,13.0,11.740940837001286,46.0,46.87808368399866,6.0,7.644766608841877,11.0,12.489432542028425
template_projection,ridge_10,696,6700.0,6308.155025553624,9.0,-6.7571000423157415,9.0,20.960408577616867,149.0,152.73956849566486,484.0,459.50441923004513,528.0,519.1640569717883
template_projection,ridge_10,697,300.0,433.27644315093016,77.0,74.39700207575439,2.0,3.4104702401345506,28.0,27.181373043850847,37.0,26.48092425363054,37.0,45.03873079469201
template_projection,ridge_10,698,300.0,232.9590782409773,89.0,82.00531901882079,3.0,6.038231495559261,26.0,19.35786822664517,19.0,40.25555722943384,78.0,70.18342471690977
template_projection,ridge_10,699,5600.0,5100.538845374678,3.0,-7.108881135556032,49.0,51.36001700689631,81.0,86.65052324463016,169.0,187.9986846172709,187.0,174.55607508627384
template_projection,ridge_10,700,300.0,186.89652845909222,105.0,102.79468281499518,2.0,1.898223803465596,8.0,8.70805136467525,5.0,-0.789801639192504,7.0,11.226183050441847
template_projection,ridge_10,701,400.0,217.49055686871895,87.0,74.60111592806842,2.0,15.244898631076857,27.0,38.7223742285572,16.0,-5.26444386854331,46.0,19.718222183593838
template_projection,ridge_10,702,1100.0,1033.8569603327892,43.0,35.04894468242945,25.0,28.606908389265758,33.0,39.5879033470823,104.0,78.40249793347189,104.0,108.6198411266819
template_projection,ridge_10,703,1300.0,1078.6711685437053,113.0,103.58262636549543,2.0,6.445623169990977,19.0,22.997156639995065,158.0,130.41770459648444,158.0,172.83306864443057
template_projection,ridge_10,704,1600.0,1667.250191703883,106.0,109.99453617501567,52.0,47.99209093590062,50.0,51.48939023072916,100.0,97.70712233159611,113.0,121.46613586460508
template_projection,ridge_10,705,100.0,-143.25589992948017,106.0,111.41476305266411,3.0,-9.912465494654759,3.0,11.861567443375996,9.0,29.68397446639291,43.0,53.4741518499489
template_projection,ridge_10,706,900.0,1059.5324073181487,25.0,27.15848497237337,3.0,0.567629005962365,54.0,45.825210767043714,18.0,26.895198264157308,26.0,30.09865561871412
template_projection,ridge_10,707,900.0,900.886185125837,18.0,21.08536541178222,12.0,10.01235595415341,53.0,52.47260249039092,16.0,23.73757737132722,39.0,38.29243659155706
template_projection,ridge_10,708,500.0,546.7133414796238,68.0,68.74608698860823,10.0,8.49316244071068,28.0,26.360276357887418,18.0,22.01253885735433,38.0,39.322234035658866
template_projection,ridge_10,709,200.0,185.9425067702175,58.0,61.618589356360694,3.0,5.6247285265076705,17.0,16.49196889095392,3.0,-0.4408362264995134,22.0,15.044256392654248
template_projection,ridge_10,710,1500.0,1733.1610687932953,2.0,-15.631607300960368,4.0,12.320640739998073,90.0,93.68021301883013,66.0,96.47623860193072,155.0,122.79326161016225
template_projection,ridge_10,711,900.0,784.9479740746033,99.0,94.22604441830407,2.0,4.294343264394648,13.0,14.79220200226142,50.0,39.32582602588496,50.0,53.126592554603526
template_projection,ridge_10,712,1100.0,1192.4150456259295,113.0,95.68609231366393,2.0,10.695067058546925,9.0,14.860002449283968,133.0,102.26234387253919,133.0,130.4535606512686
template_projection,ridge_10,713,1000.0,628.9765239173908,2.0,2.6084406267967992,12.0,8.827263792333099,67.0,82.03000951992851,48.0,55.238306682032025,128.0,120.20576781626691
template_projection,ridge_10,714,800.0,978.5739984785062,1.0,10.188987906804293,7.0,4.127586749619027,81.0,75.522060376989,44.0,66.97961588482868,112.0,103.87528739739395
template_projection,ridge_10,715,7300.0,6552.19256233266,2.0,-10.069952189896284,10.0,11.439099178035281,132.0,136.85258997163803,272.0,282.099040489635,272.0,272.7362125833403
template_projection,ridge_10,716,300.0,395.93856509085003,117.0,111.34991721409477,3.0,-7.332462300931455,31.0,31.913553749564404,36.0,56.0980621657184,67.0,93.0314955705186
template_projection,ridge_10,717,400.0,46.94332899621327,44.0,43.36603964566292,10.0,7.767360361359645,25.0,20.193695466881685,26.0,22.7014730628319,26.0,38.26013964670078
template_projection,ridge_10,718,2800.0,2509.556725835076,2.0,10.054042061246967,23.0,28.05709225610341,76.0,71.29338404775231,104.0,87.66302727004098,104.0,109.037877885298
template_projection,ridge_10,719,1100.0,1100.7286680784869,165.0,159.06874301070525,41.0,34.015769530742325,43.0,34.55866974684112,94.0,140.0756366923925,208.0,201.73493632881798
template_projection,ridge_10,720,1500.0,1533.9203069699136,4.0,8.592355659005172,12.0,13.363484070430989,69.0,68.23978846063045,100.0,105.52109366837958,147.0,135.47548045997326
template_projection,ridge_10,721,1000.0,1186.111539687045,2.0,6.447727269667553,3.0,0.9626377825510453,45.0,48.41447570995143,62.0,47.50329532125179,62.0,63.48551622351952
template_projection,ridge_10,722,1500.0,1834.2781156060016,2.0,6.215081063906581,5.0,10.326974030540551,108.0,102.16158223988622,115.0,88.23626335770832,125.0,123.62669653985488
template_projection,ridge_10,723,1100.0,1043.1637054102196,206.0,199.34982044286065,27.0,28.779569294630505,28.0,24.848662340656237,90.0,88.73953806035591,116.0,122.33080007285754
template_projection,ridge_10,724,400.0,451.1329081326538,65.0,65.30226011977237,2.0,0.7506198086415008,31.0,32.84218155915859,19.0,28.60504722355236,55.0,49.163085515376075
template_projection,ridge_10,725,500.0,442.10581133850224,63.0,68.16542130010008,9.0,6.40645379877339,21.0,20.335582928425442,13.0,9.11853642321465,13.0,19.139228302779273
template_projection,ridge_10,726,800.0,1174.6071693151964,13.0,18.446365098246545,2.0,-1.8311649980065585,53.0,48.90173669656229,69.0,67.99637555110442,87.0,92.12540202238745
template_projection,ridge_10,727,1800.0,1868.091435564767,29.0,31.14742908493233,11.0,12.23877348137836,57.0,60.063364966805295,264.0,222.78910655191257,264.0,279.78089425973894
template_projection,ridge_10,728,100.0,-326.00307766438027,77.0,86.65805097722641,2.0,10.926918474066959,2.0,-4.108845417227386,6.0,-12.927713320742939,30.0,22.84728202949168
template_projection,ridge_10,729,1200.0,1180.935312758891,94.0,91.28167953140499,2.0,3.8293357236457037,31.0,33.25707043849188,117.0,116.60770024776733,157.0,151.9018363012002
template_projection,ridge_10,730,400.0,476.94388981872646,56.9772,59.0496065017227,12.0,12.579272256388787,57.0,53.2789803943082,24.0,48.75217514809346,97.0,82.00865975530894
template_projection,ridge_10,731,800.0,886.2114542883478,2.0,8.037728480529161,23.0,21.18864035831063,43.0,41.518138722891834,38.0,38.85410746009591,55.0,57.00310426615915
template_projection,ridge_10,732,1100.0,1134.1929919327367,6.0,8.95043843992103,7.0,5.36425991594867,57.0,55.99765854212012,14.0,17.330462219438473,20.0,24.124217383368077
template_projection,ridge_10,733,1300.0,1339.804868526029,7.0,14.718309284074955,15.0,11.168196742431133,74.0,72.30455330861831,57.0,59.17911095257416,72.0,81.22913150739932
template_projection,ridge_10,734,1100.0,1513.6649947401838,3.0,23.5233803343108,3.0,0.8510876112679746,49.0,30.617027190309454,75.0,86.9968453340138,115.0,114.11350809352811
template_projection,ridge_10,735,1000.0,1167.9702445452929,6.0,7.736264376968734,19.0,15.915745964590462,106.0,99.52775738431023,71.0,70.6705207602991,80.0,97.59726171689795
template_projection,ridge_10,736,800.0,1087.283315997895,29.0,31.13041570368241,2.0,-0.43063847506297215,45.0,45.656723714021254,42.0,39.13346003407041,42.0,48.434787261895096
template_projection,ridge_10,737,1500.0,1572.289901986983,5.0,7.064356077246522,3.0,4.526641603307159,59.0,59.053635172347,155.0,132.9630367358253,159.0,169.91628313648084
template_projection,ridge_10,738,700.0,757.8352083253699,93.0,90.33916935079928,2.0,4.777947124510879,24.0,24.96089789262991,33.0,27.2151799826787,39.0,33.172845487589186
template_projection,ridge_10,739,800.0,874.7551036922324,89.0,97.82318876955989,4.0,1.8698402490955353,43.0,39.93897195780157,75.0,72.42754397589951,94.0,107.97798287016657
template_projection,ridge_10,740,600.0,600.8167080903733,135.0,133.61747289278458,13.0,13.624860528537077,27.0,28.03590977802719,29.0,42.975147841760986,83.0,72.50591916317697
template_projection,ridge_10,741,1200.0,1097.8120214074117,249.0,216.87475761890946,4.0,13.477851898266971,25.0,26.217237800639367,66.0,79.51340301369032,119.0,102.31317017164666
template_projection,ridge_10,742,800.0,775.8054436242185,82.0,74.73882549954706,2.0,1.5709467963047263,22.0,18.99729837596561,71.0,65.26236469095505,71.0,85.21908154972064
template_projection,ridge_10,743,700.0,714.9110091364008,95.0,90.85477935550176,1.0,3.2895485840578615,17.0,19.91699075847892,59.0,44.05229096193552,59.0,62.84099349527363
template_projection,ridge_10,744,1200.0,1285.0960420759343,78.0,87.7296797008606,72.0,67.20080586776133,29.0,31.69879162778522,52.0,93.57592582917502,160.0,132.18077061152778
template_projection,ridge_10,745,700.0,838.299956057557,242.0,235.64802183314572,14.0,10.149779680429258,15.0,11.145801753394878,43.0,50.928032551662184,58.0,70.81465752904677
template_projection,ridge_10,746,1900.0,2772.634398804681,1.0,59.857236347417,5.0,-3.1738886566303837,106.0,92.94070158681993,195.0,182.13361698786343,240.0,224.96765642629543
template_projection,ridge_10,747,1200.0,1055.3037807019423,46.0,46.65686476858304,10.0,9.593552377508818,81.0,78.71908035963642,94.0,102.2691417725021,140.0,140.9911746744316
template_projection,ridge_10,748,1200.0,1558.4113858039611,54.0,66.57529610447965,49.0,39.56535901601627,43.0,53.8917497553675,120.0,119.17004796639334,130.0,157.4814713181578
template_projection,ridge_10,749,1100.0,999.3606992428421,23.0,24.956198485072413,7.0,6.636822029343195,56.0,54.94159238418302,3.0,22.35907028827785,44.0,32.84185218739832
template_projection,ridge_10,750,700.0,697.8292937040983,21.0,29.514641412370022,8.0,6.605533526216238,53.0,53.85097082941208,41.0,90.29476596719168,173.0,134.27190631350413
template_projection,ridge_10,751,1500.0,1580.6969715634082,7.0,7.325274892372349,3.0,4.659889424213391,112.0,107.95517987190473,90.0,81.55383351739533,103.0,107.47697112823433
template_projection,ridge_10,752,200.0,116.50087288200166,111.0,113.10652984725218,2.0,3.5107044454718768,8.0,4.40958048312649,14.0,15.325413246429491,28.0,27.42718567031163
template_projection,ridge_10,753,1600.0,1474.13777056552,203.0,194.87797666544088,27.0,28.112546434030644,31.0,29.54234078077377,68.0,68.06130114575406,75.0,80.25454549777247
template_projection,ridge_10,754,900.0,961.1821069608072,109.0,107.68127928422668,4.0,4.979204348975681,47.0,46.72012235029234,91.0,74.64374756125964,91.0,100.69480210967457
template_projection,ridge_10,755,600.0,352.8228660951298,63.0,51.024475729258164,3.0,9.056579284009224,34.0,33.80080383300785,47.0,29.75612868081774,47.0,56.939347912759935
template_projection,ridge_10,756,700.0,885.3106443709349,2.0,12.336013212474903,4.0,-5.17195322970918,51.0,51.07952809862141,14.0,17.837400436580566,14.0,27.234711701120418
template_projection,ridge_10,757,1100.0,1168.6166216223385,14.0,15.4643264828766,4.0,4.694352894465707,48.0,48.151515186874335,97.0,80.9255690564413,97.0,103.42419493744401
template_projection,ridge_10,758,300.0,299.1592823916957,54.0,55.56843394219747,2.0,2.0939063607708714,37.0,36.480991712542114,9.0,22.426944370461705,56.0,44.3713458952447
template_projection,ridge_10,759,700.0,903.0837804113387,46.0,52.298459759243016,15.0,10.12986529971623,40.0,40.10737644471987,47.0,46.36158307958413,50.0,62.19496123066521
template_projection,ridge_10,760,400.0,624.8016172081503,47.0,56.76842780147564,2.0,-2.336166950021484,10.0,6.597108382601952,3.0,5.778461275226789,5.0,16.79987072056278
template_projection,ridge_10,761,400.0,425.9984214281877,66.0,60.810220434459254,5.0,5.6381227273716465,33.0,29.674903931804725,15.0,9.683854085211749,15.0,22.40952921316486
template_projection,ridge_10,762,100.0,138.68326201778677,66.0,68.30917218518552,2.0,1.5559256922453866,2.0,3.9919059832373947,5.0,6.025532790500009,22.0,18.370991544802592
template_projection,ridge_10,763,400.0,424.56465021119595,165.0,163.5491475560061,3.0,3.815054303744308,14.0,11.655767488435984,12.0,20.21918830622362,42.0,34.570423114604836
template_projection,ridge_10,764,1900.0,1968.5946422372936,4.0,8.303659901439715,37.0,35.73500899850095,89.0,86.92155079112034,98.0,99.70731522886973,124.0,124.39277150348296
template_projection,ridge_10,765,1400.0,1708.2703827898858,3.0,10.309090668480863,13.0,12.959160914770386,93.0,90.9593530169639,56.0,101.147830018444,170.0,135.87552263981394
template_projection,ridge_10,766,1000.0,1101.1402946575295,1.0,4.517530510685702,2.0,2.1198400332356044,81.0,78.84435756295207,75.0,82.0959291313876,119.0,113.2064986161282
template_projection,ridge_10,767,700.0,715.3568382716078,21.0,22.915409789736074,4.0,6.063026334209967,36.0,35.54475425416673,21.0,30.999088836821862,67.0,50.06457276930317
template_projection,ridge_10,768,600.0,548.669306160238,73.0,73.41245400171712,5.0,4.441962630570707,6.0,8.416864941438696,7.0,13.120662083367748,26.0,20.171299039684484
template_projection,ridge_10,769,1600.0,1609.5604973298787,55.0,49.92116789424025,26.0,27.101517198877918,52.0,57.73891406416915,190.0,172.38203751325824,223.0,226.38784622737552
template_projection,ridge_10,770,1600.0,1083.987337751602,7.0,19.29120638052155,46.0,38.00928192639781,55.0,58.54261351320555,72.0,86.79525888561334,113.0,123.91878608333131
template_projection,ridge_10,771,6600.0,6448.803504390143,14.0,5.57784429008651,46.0,50.05139553467408,190.0,190.73295438420752,518.0,472.57028155241835,518.0,543.4825510244584
template_projection,ridge_10,772,1000.0,740.6106419220109,135.0,129.14827275013226,9.0,12.016792463617762,39.0,36.94229168925271,75.0,52.570228691208044,75.0,82.58658202573915
template_projection,ridge_10,773,3300.0,3250.4818590437553,2.0,9.929138016464087,77.0,73.27894578646602,126.0,122.5090195886292,126.0,136.04950699029015,154.0,156.23217441303484
template_projection,ridge_10,774,700.0,734.763424765467,41.0,40.96282271268021,8.0,9.95404076515408,34.0,37.627410698187504,68.0,68.36019486394017,103.0,93.10187033958218
template_projection,ridge_10,775,1000.0,1610.1727672363054,44.0,99.15765826314524,2.0,-20.207136916187466,61.0,58.088877640659,37.0,59.99064547021585,37.0,53.02224399818566
template_projection,ridge_10,776,400.0,639.5028847220049,15.0,16.428923659001264,3.0,3.6277051099455235,40.0,40.17737397258917,7.0,6.335221618867351,19.0,14.267320146375368
template_projection,ridge_10,777,500.0,596.7001298301448,212.0,201.71862601960407,7.0,10.50818433389204,17.0,18.590293231330516,114.0,88.93309600574115,114.0,126.50107122350812
template_projection,ridge_10,778,1800.0,1565.9814516645624,26.0,2.671013448599915,2.0,7.887534300092977,20.0,17.75663683309211,79.0,79.91426262547823,79.0,95.85728173671976
template_projection,ridge_10,779,700.0,671.1883084302831,92.0,93.17428214048303,15.0,14.705018423859082,32.0,28.37999475312824,42.0,62.59618975653818,100.0,93.26752490957573
template_projection,ridge_10,780,600.0,855.1258315984587,14.0,21.218635771220832,19.0,12.3128658728686,70.0,61.46681895725163,44.0,40.4691435626657,66.0,78.53019757706436
template_projection,ridge_10,781,1400.0,1206.046698379303,60.0,65.76303324593901,4.0,3.2770375215347514,55.0,53.89624905390839,113.0,85.40799831847289,95.0,111.09781954787904
template_projection,ridge_10,782,1300.0,1405.0559241982908,2.0,4.114953643601886,2.0,7.8419989587183565,46.0,40.013587993902014,41.0,27.486816435931317,41.0,39.49232433750696
template_projection,ridge_10,783,1200.0,1324.29872393485,73.0,77.31611277020639,36.0,34.880820020052575,64.0,63.118852985967436,128.0,132.26629448906573,185.0,181.30177232554604
template_projection,ridge_10,784,2900.0,3322.9888244263884,1.0,17.997646063385105,153.0,143.1984169898744,124.0,125.7442557539155,202.0,193.32644952129095,223.0,237.2321177815165
template_projection,ridge_10,785,1100.0,1102.994289811133,49.0,52.67295884486849,23.0,21.134533513776308,47.0,46.6728867007811,69.0,59.34556315050972,69.0,78.04325527439389
template_projection,ridge_10,786,2500.0,2259.7374049954456,3.0,3.2104721183135183,23.0,22.961188736057984,88.0,82.73242313286443,98.0,96.84822641298587,99.0,105.49969978450285
template_projection,ridge_10,787,1000.0,1075.127652043954,233.0,228.3333600228453,42.0,41.477806932753765,30.0,29.452770745560112,253.0,179.05661142022782,188.0,241.77548201992758
template_projection,ridge_10,788,2200.0,1496.5257570503436,1.0,32.894496313654976,1.0,-12.27655322746,35.0,17.64371889504124,109.0,152.91533656334929,131.0,153.73732219472765
template_projection,ridge_10,789,400.0,119.71583215758096,50.0,55.69280849403628,5.0,-0.21948983198231709,48.0,57.5692067457131,11.0,14.950707394318812,50.0,43.35649427610547
template_projection,ridge_10,790,1800.0,1728.106018577103,3.0,4.605672103600227,33.0,31.780480062997334,60.0,60.12603065387663,45.0,44.7255210955309,45.0,49.16771079878546
template_projection,ridge_10,791,400.0,398.3726911218687,21.0,8.228478140847024,2.0,7.706606061914394,25.0,29.122734705387103,15.0,39.602313939280336,69.0,45.67432925179833
template_projection,ridge_10,792,1200.0,1378.2662754807684,185.0,183.60607935079577,40.0,41.77044737941088,38.0,43.25232707817015,153.0,186.7880520087009,290.0,253.48327327002508
template_projection,ridge_10,793,500.0,439.8513590375992,25.0,33.762863463365875,6.0,-4.144465144418776,61.0,51.26756280325265,20.0,35.328727261053594,29.0,55.610173933781546
template_projection,ridge_10,794,600.0,1036.8434510122993,34.0,36.168470722332955,10.0,9.331980721459503,52.0,51.537851389152365,24.0,24.730824013713736,28.0,31.16397501423846
template_projection,ridge_10,795,300.0,391.2075791977046,108.0,108.77482291587545,3.0,0.6931589208494398,9.0,13.605489632675543,11.0,8.997464289339646,13.0,27.64966166258185
template_projection,ridge_10,796,600.0,846.0814662513271,76.0,72.05201207923501,3.0,0.5486414819590131,39.0,29.072662741282688,39.0,47.47592693413741,54.0,68.56918999741544
template_projection,ridge_10,797,700.0,719.4283949759258,136.0,168.94871220513028,14.0,-2.866630111145989,41.0,24.85235382219884,63.0,64.34928276551176,76.0,110.5438733138081
template_projection,ridge_10,798,600.0,591.4775656168885,4.0,3.591776282678957,2.0,1.7973345558185425,54.0,53.23287138705761,26.0,18.348896453938735,26.0,32.06299393674851
template_projection,ridge_10,799,2100.0,2265.880528443508,38.0,38.97800579353533,13.0,11.563026425211769,69.0,69.28128637205195,150.0,110.05733685502844,90.0,121.59015221825364
template_projection,ridge_10,800,2200.0,2267.2831124888453,8.0,12.627645879515597,30.0,27.54050254481371,105.0,100.9116174874373,148.0,142.41059557398384,164.0,176.31996307310612
template_projection,ridge_10,801,400.0,47.51519919993325,200.0,205.4742574854736,8.0,6.971069312397033,16.0,14.624269094081015,46.0,33.478024733332845,46.0,60.11111641051917
template_projection,ridge_10,802,2700.0,2169.350612522182,4.0,-5.609190669665168,45.0,45.203366426712826,88.0,84.93332649941061,101.0,90.15145084090791,111.0,123.6292479760611
template_projection,ridge_10,803,1100.0,1384.116026095668,1.0,21.51280087554793,110.0,99.0481635778152,72.0,67.71204177545555,60.0,69.9958879630001,93.0,102.92511190189339
template_projection,ridge_10,804,500.0,475.78164469444334,71.0,69.11740103212625,2.0,1.4897539273909146,20.0,21.007986996171134,28.0,21.398749220086295,28.0,35.159875989492434
template_projection,ridge_10,805,2300.0,2083.8608156593996,2.0,-19.938454842629454,2.0,7.326327916508033,139.0,130.6546815208665,264.0,241.7173175079653,265.0,303.77041560782743
template_projection,ridge_10,806,1300.0,1194.7726134637642,26.0,24.03604177021453,9.0,6.368484591342536,74.0,71.95634725952098,93.0,101.27806479892422,135.0,136.32016203295
template_projection,ridge_10,807,1900.0,1874.6107594334826,2.0,5.302674320545783,10.0,9.0790677484464,64.0,63.40569912788514,101.0,92.5337729134291,101.0,108.96847395351354
template_projection,ridge_10,808,400.0,376.29728352436473,163.0,162.1957232360817,26.0,24.88302350352337,34.0,35.34613985705012,65.0,74.69973857813885,120.0,117.92511782719953
template_projection,ridge_10,809,1900.0,1740.6446646827424,45.0,38.849688967266374,3.0,1.8840914719147914,62.0,63.468542106815505,18.0,44.06149397916632,42.0,38.172878016441615
template_projection,ridge_10,810,1300.0,1216.829630454663,218.0,199.47916780457953,11.0,16.120343873669338,23.0,30.26549801677168,43.0,56.01383118143602,80.0,71.82632085451354
template_projection,ridge_10,811,300.0,250.66078543752997,98.0,99.63834258009757,7.0,7.404611485789589,22.0,21.286427497241608,20.0,19.590095873549274,34.0,35.14120145796359
template_projection,ridge_10,812,300.0,574.6169605275513,38.0,25.53592046201597,2.0,4.743107980021767,27.0,30.88969208724949,5.0,-3.0985464026582292,18.0,10.391731146806407
template_projection,ridge_10,813,1400.0,1345.1119936490495,68.0,72.03836961264604,38.0,35.43751374844404,44.0,44.271077849008215,50.0,69.22385267020195,98.0,89.60451932256672
template_projection,ridge_10,814,900.0,1387.3054678494866,80.0,112.71676154118278,25.0,4.259475442414869,38.0,28.056980593545976,21.0,51.42586403435985,59.0,84.56428424535378
template_projection,ridge_10,815,2000.0,2013.9171278964677,8.0,-0.5410653266120988,13.0,16.634391435683543,68.0,73.45676438847562,64.0,61.2644241113859,75.0,65.30312190543908
template_projection,ridge_10,816,3600.0,3300.439160412322,56.0,56.60593801821421,71.0,68.15690157958842,58.0,61.14257286024088,114.0,124.45351546787731,125.0,126.67489423955138
template_projection,ridge_10,817,800.0,750.8772576453234,102.0,103.58796585329627,3.0,4.676086940357736,21.0,23.26538117144848,63.0,71.07638264315725,115.0,99.3778490765859
template_projection,ridge_10,818,200.0,154.59018402926995,99.0,98.50345813343806,2.0,2.351834726488468,2.0,3.4329605446854217,5.0,3.082083298064873,16.0,14.863529212394042
template_projection,ridge_10,819,700.0,1364.8405861803192,69.0,51.096754754838756,7.0,12.884707486258526,17.0,21.60130897972103,38.0,37.5830453242929,38.0,35.19735232987715
template_projection,ridge_10,820,500.0,619.5981467410969,31.0,29.56181401042576,12.0,10.184758123461158,33.0,31.015716921055528,53.0,48.35001872745758,54.0,70.01998857196836
template_projection,ridge_10,821,2000.0,1528.1588426618223,45.0,48.953417004251946,2.0,9.031492556623643,29.0,33.29065310624833,259.0,213.85394844440404,259.0,274.61949805343005
template_projection,ridge_10,822,200.0,47.12887330470994,50.0,75.88276121386758,2.0,-0.13583627854326252,20.0,10.363881605054075,4.0,5.550393333978747,12.0,10.964329663516395
template_projection,ridge_10,823,1700.0,1744.9539213962134,196.0,187.02940290645736,19.0,20.79116714441431,88.0,84.79811241287305,245.0,216.26726704209702,263.0,285.84873756139143
template_projection,ridge_10,824,1100.0,1171.5146111042704,35.0,36.991809055835176,17.0,14.509177301632523,44.0,41.490120613623645,28.0,40.65675724983405,48.0,51.37623419458837
template_projection,ridge_10,825,1200.0,1585.2172698327272,75.0,64.05588283471657,35.0,40.907504725403044,73.0,80.54926542802414,121.0,119.28269850833699,163.0,152.08466972381262
template_projection,ridge_10,826,2300.0,2262.0899310922928,9.0,6.906360447007387,22.0,22.49625587186069,106.0,103.19312726327445,87.0,95.44105599899396,113.0,111.9270123626967
template_projection,ridge_10,827,400.0,785.954754531564,61.0,67.81435237681254,10.0,8.720563512069887,17.0,15.747274089706593,8.0,16.43319115248257,21.0,9.886962906078097
template_projection,ridge_10,828,500.0,633.8146389022803,33.0,32.472959064814525,1.0,2.6615219218939714,28.0,24.38356229673492,17.0,7.178035236217056,5.0,13.591071335519743
template_projection,ridge_10,829,8500.0,7813.669997339766,3.0,-19.682715418378393,14.0,27.16494546107442,171.0,175.43221990659075,427.0,417.99580956080626,447.0,433.62600468097014
template_projection,ridge_10,830,3400.0,3077.850970795978,37.0,28.14228714880437,2.0,7.183436008818067,54.0,58.425029714248225,187.0,171.34889700398818,187.0,187.09575497081656
template_projection,ridge_10,831,300.0,305.69054472554194,79.0,84.15648690940964,4.0,10.692777747360111,30.0,34.53992390891506,6.0,-3.655721356011142,39.0,19.613131105773164
template_projection,ridge_10,832,700.0,1319.5818707529702,57.0,81.70885056150559,11.0,5.832051523570101,62.0,55.745344065335,64.0,88.92486273603444,140.0,111.01828753009761
template_projection,ridge_10,833,100.0,92.47944888737175,62.0,62.76133921588893,4.0,3.401665784020576,12.0,12.726659494876557,39.0,14.317203744263765,16.0,32.68674825706253
template_projection,ridge_10,834,700.0,653.8964364146933,21.0,18.977406610761882,8.0,9.314794464424867,32.0,33.46080762708053,14.0,7.510910903137244,14.0,15.240876460400074
template_projection,ridge_10,835,1000.0,1105.143400172257,66.0,71.63672957899395,5.0,5.0238835612312975,46.0,45.37109799406714,94.0,77.38241103237473,94.0,98.97098028112367
template_projection,ridge_10,836,300.0,450.77867798651084,61.0,63.27233784989522,15.0,15.099211574472061,10.0,9.67854637628023,10.0,7.483422396189454,17.0,18.065891024123715
template_projection,ridge_10,837,400.0,596.6091753866773,71.0,70.89169267877996,7.0,15.467733813565193,23.0,36.257340730670016,29.0,201.6007377204458,455.0,292.96894666093624
template_projection,ridge_10,838,3400.0,2648.711810278064,2.0,-52.77043624825441,24.0,41.869435792519525,106.0,121.2758254385603,261.0,239.6600334805053,307.0,296.3109738658761
template_projection,ridge_10,839,1500.0,1446.6078930736935,71.0,69.05838166251388,4.0,14.78599333909815,34.0,33.042841106880175,110.0,75.90106097225782,110.0,102.53634012088447
template_projection,ridge_10,840,1200.0,1504.8838811632168,10.0,15.142326048824934,5.0,2.290407015688965,123.0,117.66839781066693,120.0,112.42075067514259,144.0,155.7945935630153
template_projection,ridge_10,841,800.0,1059.1074887663858,15.0,22.539553853386124,17.0,13.116420379612627,38.0,34.53695632651094,44.0,47.76652430723343,58.0,63.15082782222404
template_projection,ridge_10,842,3900.0,3825.2881180137183,2.0,0.8428185148005056,24.0,24.475097473116236,140.0,136.83360196633356,366.0,328.45154779443556,366.0,394.8070219239155
template_projection,ridge_10,843,100.0,371.31599797918295,133.0,134.4655474193503,5.0,2.5279219838901756,5.0,8.395068335563337,22.0,22.659291037561992,31.0,35.581917695643696
template_projection,ridge_10,844,500.0,496.4801249374194,50.0,48.53206917963378,7.0,6.658264050684913,33.0,33.05365274635763,15.0,24.219782096426677,39.0,38.05450206227904
template_projection,ridge_10,845,300.0,774.6091707463821,52.0,50.66008178511017,7.0,-1.6199314314285846,17.0,8.879672621696514,13.0,18.067596140910247,13.0,24.691254455319154
template_projection,ridge_10,846,200.0,141.2535420382676,67.0,72.39869825871651,2.0,0.6171722537874942,11.0,9.780038872353643,3.0,-1.2900651981111224,5.0,9.084689113916909
template_projection,ridge_10,847,400.0,371.661059422971,72.0,75.39751838850708,4.0,4.22903899191776,19.0,20.168900017155963,26.0,38.75780501655153,73.0,58.96711145852139
template_projection,ridge_10,848,1800.0,1877.927279598824,145.0,155.7414145841615,21.0,22.927208923130276,91.0,92.48397740147962,162.0,203.12048252796833,318.0,267.04545174230003
template_projection,ridge_10,849,600.0,487.1027636484738,129.0,133.09460813782923,2.0,1.3651423469817399,8.0,11.877143400779794,28.0,20.382455617305318,28.0,29.05609201906907
template_projection,ridge_10,850,500.0,639.9645352443227,62.0,60.48762382732203,5.0,3.299229487617513,63.0,56.517726760666356,26.0,39.70778592707028,64.0,68.54835809359355
template_projection,ridge_10,851,1300.0,1122.5175068139956,46.0,46.12294928203264,2.0,2.8434635561712494,34.0,37.16777426675032,89.0,73.2561965593131,89.0,93.91252436635097
template_projection,ridge_10,852,1900.0,1101.2250435999756,2.0,25.5186601227947,5.0,-15.34395247706752,54.0,57.57895417825895,106.0,117.31346060096669,106.0,148.86930605401483
template_projection,ridge_10,853,2600.0,2743.8425178692405,2.0,7.230549322006574,41.0,39.63538484096402,132.0,130.51441936552538,254.0,258.1104584083872,333.0,328.7772567620992
template_projection,ridge_10,854,200.0,228.04743957857238,60.0,62.842918681184116,2.0,0.5397658339490388,5.0,6.3406873723968005,5.0,10.38872862957436,30.0,24.4841638580441
template_projection,ridge_10,855,1400.0,1615.8892454077188,40.0,68.36888349124199,2.0,-4.6324901974741675,28.0,20.55813439282104,94.0,82.25856500706413,94.0,100.81102975739412
template_projection,ridge_10,856,600.0,608.3140353446735,113.0,111.10807709067493,4.0,4.056940467325308,43.0,41.9193760755182,38.0,37.11917582133979,57.0,59.137808304869566
template_projection,ridge_10,857,1100.0,1333.5581873493852,177.0,200.24505797111084,11.0,8.772393193143934,57.0,52.251696997692754,114.0,101.71091678592592,150.0,139.69183351025924
template_projection,ridge_10,858,9200.0,8553.07201621798,2.0,-17.37495646952945,8.0,21.04233177881452,144.0,151.47546524226595,458.0,496.93738202947736,578.0,522.2082192499631
template_projection,ridge_10,859,3900.0,3768.9409913317704,10.0,12.363678398203412,78.0,76.29850701369692,97.0,97.59624715044731,149.0,174.90757694633265,209.0,195.09319165091551
template_projection,ridge_10,860,900.0,931.0480046527293,124.0,118.67126260433145,15.0,16.571911247109178,44.0,44.961509380276794,70.0,87.2357389990509,133.0,120.64804746948525
template_projection,ridge_10,861,400.0,340.6587558105964,36.0,38.854510551330975,2.0,-1.617972929619027,42.0,40.16977070827528,19.0,18.33404220963824,26.0,38.12316296626433
template_projection,ridge_10,862,2900.0,2730.236559476264,14.0,15.326385593528869,40.0,37.88481765015358,63.0,65.05027882716193,166.0,156.2473191492141,166.0,176.0943608800397
template_projection,ridge_10,863,500.0,839.0153377767301,63.0,66.29496980651277,9.0,7.714774509604986,24.0,24.190961683638438,40.0,45.36258590260351,67.0,61.701673693551264
template_projection,ridge_10,864,800.0,939.300238846328,202.0,198.08449685002677,10.0,8.236458097773179,34.0,29.643819558016652,49.0,34.45099803504933,26.0,49.49010584685019
template_projection,ridge_10,865,800.0,856.4646936941624,61.0,64.28603747334789,13.0,13.930521039758068,26.0,28.481838883531644,48.0,74.24102199820831,127.0,102.31051067719007
template_projection,ridge_10,866,600.0,528.4579896147415,56.0,47.14403217866169,2.0,11.066563324661526,43.0,38.70607118202356,19.0,3.0419428979259777,21.0,16.804720914147325
template_projection,ridge_10,867,2500.0,2537.4905852547317,4.0,16.638520429458943,39.0,33.95652091876542,71.0,69.97094283423722,84.0,93.42220822468522,103.0,103.19874345349845
template_projection,ridge_10,868,900.0,437.97598992450446,2.0,-10.630761984839921,3.0,6.12491936610073,73.0,72.05230454653949,36.0,62.003599780080194,110.0,108.93322024345531
template_projection,ridge_10,869,400.0,321.59693057592244,31.0,39.5395185223376,2.0,3.575407248185007,29.0,27.780169515634448,6.0,-4.378102984341609,9.0,8.172464620739987
template_projection,ridge_10,870,1200.0,1487.8467639902171,47.0,53.543386272746396,3.0,-0.11597408202846715,32.0,41.639394747476544,205.0,174.0877773369437,205.0,213.27419907981147
template_projection,ridge_10,871,400.0,299.2765209287761,38.0,33.94537077741029,4.0,-0.5192685616083335,44.0,52.60665796855257,21.0,7.617223632859378,29.0,48.46319387664434
template_projection,ridge_10,872,2900.0,2828.726675866861,24.0,22.89066111097145,18.0,19.537643051974953,92.0,88.33306279694574,228.0,207.83190904981538,228.0,245.2118047813672
template_projection,ridge_10,873,600.0,692.9607801303943,44.0,53.72717851446038,7.0,-1.2402298008945056,26.0,18.19686034881945,22.0,36.5134614201448,41.0,46.08317464404879
template_projection,ridge_10,874,1600.0,1134.016890368812,85.0,108.93370116744984,9.0,-3.7250863487991257,55.0,46.79476855286442,175.0,163.37447370038433,175.0,209.17712233431632
template_projection,ridge_10,875,1400.0,1455.4605991783683,36.0,38.378512382051554,15.0,15.168113489170956,63.0,63.71354661752726,106.0,119.12673228603865,170.0,157.17466151152396
template_projection,ridge_10,876,1300.0,1933.2092902686866,50.0,42.82558552939192,19.0,22.3231206473593,87.0,79.7899317452267,132.0,135.94194044890816,170.0,182.39884516407022
template_projection,ridge_10,877,300.0,74.16353400966045,70.0,76.3754197289316,2.0,2.080066951180939,11.0,7.890348786531426,3.0,-1.1283124362910115,34.0,21.852352908034973
template_projection,ridge_10,878,700.0,700.3053603974037,36.0,34.598963315857105,12.0,11.510857056235235,39.0,37.056815845587586,10.0,15.322226672388467,23.0,26.06031662513375
template_projection,ridge_10,879,1300.0,1216.492590869718,60.0,54.520759589893665,16.8504,17.65625042392227,53.7886,53.451507058231975,45.0,34.51647723276023,32.0,43.877899029174365
template_projection,ridge_10,880,1800.0,1986.0251331517675,6.0,9.89897571640224,12.0,12.401814793031962,106.0,106.18314355833138,279.0,255.70894600460605,327.0,335.226472220348
template_projection,ridge_10,881,900.0,898.6936695550039,172.0,166.97836585927138,7.0,6.780168623148292,18.0,21.851265455966676,76.0,63.27069203819079,76.0,84.88076082298336
template_projection,ridge_10,882,400.0,884.7425278767348,83.0,66.85353793639929,2.0,-0.7638617158867138,10.0,12.314312298749591,3.0,17.65873804722942,11.0,17.565895092237568
template_projection,ridge_10,883,500.0,330.7822532661653,51.0,49.52260249021691,2.0,0.9373254781865263,20.0,13.347328178876992,7.0,13.945683901343273,32.0,30.782409583364284
template_projection,ridge_10,884,700.0,941.850179239142,36.0,46.46052759807828,11.0,8.382583580353318,52.0,47.84839176201308,15.0,20.605245102126716,31.0,31.137149156386485
template_projection,ridge_10,885,700.0,986.6096546129646,99.0,110.45124593415616,20.0,13.499920132236502,31.0,29.037901256281426,52.0,46.95934870955271,58.0,65.96582310437182
template_projection,ridge_10,886,2000.0,1979.1465489953252,2.0,-13.242319449912301,14.0,24.01263609803039,106.0,107.9753058216568,141.0,126.05477892345509,181.0,168.29205789985122
template_projection,ridge_10,887,1500.0,1452.216860163731,62.0,57.84584217898627,6.0,7.230448619302491,33.0,33.250131084117214,77.0,68.28528731746631,77.0,80.29701016729067
template_projection,ridge_10,888,600.0,518.5263239900755,60.0,60.762874612673976,2.0,2.0589538787187074,9.0,11.129941819127772,31.0,24.693517033215826,35.0,35.87241951546358
template_projection,ridge_10,889,300.0,336.51793481639504,66.0,65.49938468088911,2.0,2.693260913024247,8.0,9.824747367994611,7.0,12.829665793439105,34.0,27.72451029343027
template_projection,ridge_10,890,600.0,725.6306446179457,100.0,103.5132455228299,13.0,12.89024355215522,29.0,29.781000999199666,57.0,122.08794136182789,221.0,175.99409953892444
template_projection,ridge_10,891,1000.0,871.5207348025262,190.0,186.86052725680761,6.0,9.849074139612197,14.0,22.08400681922641,35.0,54.1856355091883,112.0,79.34796739276692
template_projection,ridge_10,892,400.0,395.37741073447046,144.0,138.47603555344887,2.0,4.385018915034889,2.0,3.7564680109247632,20.0,10.187618827418277,20.0,21.72827045981549
template_projection,ridge_10,893,1900.0,1273.1335743575817,210.0,209.63185792949304,4.0,5.891328791982589,48.0,52.77869353597943,182.0,143.77129344176075,182.0,196.73959340943514
template_projection,ridge_10,894,800.0,927.6793758520114,132.0,127.99962178166014,14.0,17.192203819439154,49.0,47.11980120766079,69.0,74.74854380196649,115.0,108.0562348539165
template_projection,ridge_10,895,1000.0,1078.4802703649343,164.0,151.25973379905528,13.0,18.368023961971627,24.0,25.492468012114422,39.0,79.98614117875637,134.0,107.58802857036534
template_projection,ridge_10,896,900.0,1227.8086295383162,2.0,7.215399125298134,15.0,13.982192155717712,130.0,126.28631864694319,34.0,89.19027285285364,174.0,136.99251768817717
template_projection,ridge_10,897,900.0,1117.5706523211659,2.0,7.038059570456575,8.0,8.034272750417063,99.0,93.79110199575996,102.0,105.91852063978875,150.0,148.26090046324867
template_projection,ridge_10,898,300.0,158.90827034804192,83.0,85.11331812202936,2.0,-1.4479000413702732,10.0,22.93654149845665,6.0,4.503119138802816,14.0,15.224119402356692
template_projection,ridge_10,899,300.0,26.402129372033414,92.0,98.77864995212389,5.0,8.520769140947795,6.0,-0.010401881811993974,3.0,-10.035110012489383,16.0,6.9749318809808045
template_projection,ridge_10,900,600.0,705.5569235583513,54.0,68.656866865526,6.0,9.377401552123423,35.0,36.25434968192532,41.0,61.30100607245199,129.0,85.43136089504713
template_projection,ridge_10,901,500.0,475.1247310361015,36.0,25.7490261225574,7.0,9.423470874300627,25.0,31.063092632777483,9.0,8.06400528266282,22.0,16.00466013891713
template_projection,ridge_10,902,1700.0,1944.725457197974,84.0,89.23401233565697,56.0,52.826729911326545,98.0,95.30802411979116,263.0,230.5139179771671,280.0,306.65233847621005
template_projection,ridge_10,903,1200.0,1189.7929891620734,30.0,34.44405897290651,11.0,10.539187473692898,40.0,40.00652513846815,64.0,60.16129916702434,74.0,74.19487937647284
template_projection,ridge_10,904,1200.0,1478.053546711692,122.0,133.81180652571908,33.0,26.839238424084463,46.0,41.651162366842556,165.0,159.24856831761974,193.0,204.88386609439937
template_projection,ridge_10,905,1500.0,1516.5826740154039,14.0,12.033123732299075,2.0,3.5099389764862607,65.0,64.29627410994416,197.0,165.1879910830446,197.0,213.73555459943344
template_projection,ridge_10,906,2500.0,2361.881842364368,2.0,1.5666700146973724,35.0,39.909288664651854,87.0,87.74524953078358,114.0,127.69370891582042,182.0,156.6359142186494
template_projection,ridge_10,907,1200.0,845.0473088036056,104.0,93.30131993581335,10.0,12.485842326134277,57.0,63.439165975301336,116.0,120.67244418247022,181.0,170.7016589449291
template_projection,ridge_10,908,2100.0,1744.328878034801,164.0,161.36112066039925,15.0,16.858076866616663,30.0,28.243675010535746,84.0,81.70004849480229,84.0,88.69067784362758
template_projection,ridge_10,909,4800.0,4385.192995427785,10.0,14.165281717929133,62.0,50.842705724441295,115.0,115.74091206383818,127.0,173.3632903394186,184.0,171.57819413884997
template_projection,ridge_10,910,900.0,928.8217560724648,44.0,41.70595256610592,3.0,3.657520477071886,54.0,53.61423449124019,66.0,65.05283860709477,88.0,90.28231949879755
template_projection,ridge_10,911,4200.0,4005.061706550675,10.0,8.72530263205126,43.0,41.939872991103236,124.0,121.70004915506547,208.0,203.94555695011195,209.0,221.4141439894838
template_projection,ridge_10,912,600.0,957.6284386977311,4.0,4.455365315359792,4.0,1.993018596897894,55.0,46.75278737097959,31.0,41.37776553246681,48.0,53.00316690727131
template_projection,ridge_10,913,2500.0,2517.27470977462,7.0,16.82389179030556,63.0,60.67478556028495,74.0,73.7548263122788,106.0,109.64906992043119,128.0,119.93217103059088
template_projection,ridge_10,914,2000.0,1989.8606694686064,43.0,49.38203619221646,60.0,57.95722323948832,48.0,51.944328439116205,55.0,117.27811895829768,196.0,148.73206060420983
template_projection,ridge_10,915,700.0,557.3067800837815,51.0,71.15485055686163,8.0,4.819243898412884,36.0,32.888121035383946,22.0,9.273608010705246,26.0,23.772494724667794
template_projection,ridge_10,916,400.0,808.8407819219058,136.0,152.20262692570262,2.0,-10.67915357467651,24.0,11.752547291898146,36.0,44.63275369671532,62.0,91.26492207301987
template_projection,ridge_10,917,1000.0,931.7423073307056,81.0,81.13890757654812,14.0,14.845496979649583,22.0,25.8648153660365,44.0,52.328162011242696,84.0,68.92470532922323
template_projection,ridge_10,918,2000.0,2015.7309141115302,6.0,11.193630984617101,55.0,49.73980440754222,72.0,69.85807741475449,116.0,95.3829556413102,87.0,114.21464322014917
template_projection,ridge_10,919,200.0,106.01894023408522,44.0,47.19411513759563,4.0,-0.3331715940640567,12.0,13.054719735427852,11.0,10.801741484448812,10.0,22.026236530829934
template_projection,ridge_10,920,600.0,730.6872532774553,85.0,89.18033602655333,21.0,20.784344302540237,38.0,41.04936189311413,56.0,97.4562737379024,174.0,138.66627648602542
template_projection,ridge_10,921,1100.0,1190.9556067049075,21.0,4.5811702095077464,2.0,4.718833548975127,35.0,39.364125698376284,59.0,49.90925723557955,59.0,64.14739171196396
template_projection,ridge_10,922,1500.0,1992.580029418752,2.0,26.882337757582345,9.0,-3.518877615323179,86.0,78.02078507678935,52.0,73.29340257388625,93.0,95.22260261031326
template_projection,ridge_10,923,500.0,548.649254718572,60.0,60.17258444274248,7.0,9.70173729164603,31.0,29.80258709541244,40.0,46.139434960359765,90.0,74.15360322849934
template_projection,ridge_10,924,2100.0,2299.231077091531,2.0,-1.6392161075224578,7.0,8.303517833265346,72.0,84.2175276290325,199.0,173.99615450408325,206.0,212.1259843935
template_projection,ridge_10,925,1000.0,768.111338125382,141.0,147.34548848465965,2.0,-3.6454959661616524,39.0,32.6215226302686,55.0,61.01896278322915,62.0,65.43733562091856
template_projection,ridge_10,926,2299.0,2323.4624679380954,102.0,112.13860461159138,22.0,17.00172561834172,78.0,72.74612141365645,188.0,192.60960441736762,225.0,233.99091130389354
template_projection,ridge_10,927,400.0,410.4343292927432,54.0,59.012461819523104,25.0,21.923634656943683,17.0,17.20752396660373,14.0,8.296517439785191,14.0,22.490301590753376
template_projection,ridge_10,928,700.0,95.82445556496191,65.0,37.62625832110872,5.0,24.88171292874909,23.0,53.88950585854396,82.0,16.941637209419298,82.0,57.292778725175886
template_projection,ridge_10,929,1200.0,1180.6398564833364,100.0,97.42170235932011,14.8512,17.52672408930266,70.6232,66.71504367700993,65.0,72.08359586393406,106.0,98.34359873590432
template_projection,ridge_10,930,900.0,870.075980560603,72.0,66.63747249168335,2.0,3.7620231093091494,32.0,32.26443009969588,57.0,48.88613059167588,59.0,68.75775357247298
template_projection,ridge_10,931,900.0,1085.1148365534646,136.0,136.61810679892997,41.0,39.68987512271588,40.0,37.95724973172539,130.0,120.70954842413673,152.0,166.53277763156433
template_projection,ridge_10,932,1200.0,1214.2661718204615,3.0,13.071877779366737,2.0,-3.82547032516368,42.0,46.27087969121085,130.0,111.46892362912546,130.0,140.7990781647825
template_projection,ridge_10,933,1600.0,1684.7756841214791,10.0,15.024717669989677,39.0,35.912917682397314,98.0,93.93314177257807,83.0,87.28997010348422,109.0,115.80997636521442
template_projection,ridge_10,934,400.0,540.5105292240133,48.0,65.36183499583356,4.0,5.845450180082375,22.0,26.929099431420358,11.0,-3.4194382642364047,28.0,8.148225712546477
template_projection,ridge_10,935,4800.0,4628.961449252378,7.0,5.440706247883867,91.0,89.29986107763044,138.0,137.48918496997135,264.0,262.4531840925748,294.0,302.4238358130532
template_projection,ridge_10,936,1500.0,1404.5008279546926,108.0,107.62595351488577,18.0,18.34435460950764,51.0,48.05023291487861,69.0,86.5189759332637,122.0,112.68583837231218
template_projection,ridge_10,937,600.0,880.8984462003082,9.0,12.834146454641221,16.0,9.419887121921848,64.0,62.462833516125,50.0,61.7442241476902,90.0,91.08006738939216
template_projection,ridge_10,938,400.0,396.0362354780517,39.0,44.858045464650175,10.0,9.18036316867261,17.0,18.759195041760606,8.0,12.600539266422345,35.0,25.668254365424005
template_projection,ridge_10,939,700.0,616.0801015893481,110.0,106.48537683745457,4.0,8.743294228818883,28.0,26.881063406352542,30.0,25.436855153331308,48.0,41.70638252821113
template_projection,ridge_10,940,300.0,369.8949582997293,68.0,72.68782453674292,16.0,13.71770267998736,9.0,9.801343781811923,12.0,5.739483007987886,12.0,17.317798575887096
template_projection,ridge_10,941,900.0,897.5936307449892,202.0,198.97186113394815,20.0,20.395695345810726,22.0,22.169252038527002,126.0,110.36178957009363,139.0,148.96510178173912
template_projection,ridge_10,942,1700.0,1539.156868953567,37.0,52.66694223961593,39.0,33.390465171744175,41.0,36.441005741549816,41.0,57.131943321690265,70.0,69.71952766896756
template_projection,ridge_10,943,900.0,948.5562162470198,2.0,2.2186751379928964,7.0,6.318636294807316,87.0,85.96636657839971,83.0,65.4786449434519,83.0,95.43810809575577
template_projection,ridge_10,944,1600.0,1700.4003472654617,3.0,1.7505393378690428,3.0,5.210317995823264,69.0,70.10379407134918,211.0,181.91553682639932,220.0,228.8907189339772
template_projection,ridge_10,945,600.0,428.6216347369449,27.0,38.731889236709094,2.0,1.0634485194427992,41.0,37.91947291352217,10.0,9.441254013419751,25.0,25.101120845731188
template_projection,ridge_10,946,200.0,387.9147827580389,36.0,57.92448355848023,2.0,-2.6083625738332916,31.0,20.87534749082255,9.0,22.164782129202308,33.0,26.686191312251978
template_projection,ridge_10,947,200.0,378.8748595902499,64.0,70.07916695790034,2.0,-0.2923449566193117,2.0,6.469498098005495,9.0,15.151283773273946,34.0,26.340544570185415
template_projection,ridge_10,948,400.0,428.75527644305294,52.0,57.11895849512236,11.0,10.136583985341305,22.0,19.132482511728437,7.0,1.5965386611277808,7.0,10.08190499689755
template_projection,ridge_10,949,800.0,623.7475042091751,104.0,97.72133562440037,2.0,4.030077672442399,13.0,16.499421230040262,64.0,56.072189735859695,81.0,81.48235336606119
template_projection,ridge_10,950,2700.0,2499.4355696917955,23.0,20.09267430057551,41.0,40.85600531545937,77.0,82.06595912969924,147.0,140.84774886453127,157.0,163.80693879968015
template_projection,ridge_10,951,600.0,381.6483477807891,33.0,26.203917651285618,3.0,2.413627673503406,24.0,26.414905117634454,43.0,33.511745958461276,43.0,53.37743952652816
template_projection,ridge_10,952,1800.0,1664.2750299073234,32.0,6.18740277764897,9.0,16.676034527657492,80.0,86.58072089354496,98.0,114.88675008866738,143.0,117.49563050351945
template_projection,ridge_10,953,400.0,524.0877275158155,46.0,53.23004782638755,6.0,1.9746052514732284,25.0,15.94629023083234,16.0,24.481329803958452,18.0,29.730308723703416
template_projection,ridge_10,954,500.0,627.6768167941601,47.0,57.533881478086194,2.0,-5.249123167869142,14.0,15.812316331162911,3.0,9.847480759965435,5.0,11.937032895929036
template_projection,ridge_10,955,600.0,587.3065538539255,71.0,83.31131166751145,13.0,10.384423543472721,41.0,24.946785079442,90.0,130.5530760382149,178.0,176.64974602388708
template_projection,ridge_10,956,400.0,1120.5340520356456,52.0,46.391872450305755,68.0,67.57550549210056,175.0,176.27094090765252,327.0,264.8693923551125,327.0,380.41682421886765
template_projection,ridge_10,957,400.0,419.5763590831367,88.0,86.56084586393231,7.0,-4.202904488501892,22.0,26.297639032485215,3.0,15.133989854209972,6.0,18.810160277121327
template_projection,ridge_10,958,2000.0,2254.185820306401,9.0,33.306755270711264,44.0,33.39203751482326,72.0,68.85686592344277,86.0,99.83614610686857,99.0,98.54123684971795
template_projection,ridge_10,959,1800.0,3067.353315097952,43.0,22.65252239467972,39.0,45.9810558068731,40.0,34.39773535602634,48.0,64.83249491257841,69.0,40.912116052694856
template_projection,ridge_10,960,400.0,560.3617934377744,66.0,68.0720781355091,2.0,-0.3853287459313304,52.0,47.41012042094603,25.0,33.50998867230033,55.0,56.49026791399933
template_projection,ridge_10,961,700.0,1510.9634092814067,92.0,51.293023078149815,2.0,18.787091075508112,25.0,62.49587508116296,34.0,16.52080610800197,30.0,-16.347691546272785
template_projection,ridge_10,962,900.0,861.4935332581827,46.0,37.39512449903961,3.0,1.6399741285235372,56.0,51.68280171536377,68.0,67.98821225154015,78.0,95.73957137865082
template_projection,ridge_10,963,1200.0,1234.074499941524,39.0,40.2268114343363,23.0,20.609374651045925,66.0,63.05426126207462,53.0,54.313311345204994,66.0,72.58431328311076
template_projection,ridge_10,964,200.0,-54.229043366043015,107.0,98.84389438137887,2.0,7.829227351759493,10.0,-1.2291571119281173,3.0,1.6256099504162762,7.0,12.10468954267671
template_projection,ridge_10,965,2300.0,2120.78730705851,2.0,3.0254954624846064,2.0,-0.0062023635934060906,56.0,63.73342583609847,35.0,40.1247484967941,35.0,25.773946155450403
template_projection,ridge_10,966,800.0,862.7531371781774,78.0,83.029167309525,17.0,16.863039288011365,29.0,28.834972249700684,41.0,46.82401121351273,71.0,63.23239606603144
template_projection,ridge_10,967,300.0,235.55850992731905,60.0,61.087817923450224,2.0,-13.12046443818762,20.0,26.334608969001973,4.0,22.927328884785894,18.0,50.23431556879112
template_projection,ridge_10,968,2900.0,3109.910106849199,2.0,3.233206115104764,40.0,39.60704638967087,133.0,130.03592141649682,328.0,294.00420809915715,343.0,366.5235356165243
template_projection,ridge_10,969,1600.0,1357.7415269583153,5.0,-8.968278970821302,15.0,30.77786430114377,63.0,64.26355960220954,78.0,64.22785362250247,102.0,75.76540609251559
template_projection,ridge_10,970,1000.0,1184.4914692334773,40.0,39.97357104991169,5.0,5.929520694438731,56.0,54.81422955034284,64.0,72.6135285589759,98.0,89.12667760478973
template_projection,ridge_10,971,500.0,541.6873941042227,33.0,35.99683882283378,2.0,1.5171211798397373,41.0,40.03511758155091,12.0,4.670558052449252,12.0,15.410565883354707
template_projection,ridge_10,972,2000.0,2190.7823424581857,10.0,5.95639074533949,21.0,19.125047227102833,103.0,99.68566453546973,83.0,124.41421127386758,179.0,160.48007402059793
template_projection,ridge_10,973,1600.0,1470.2070064258044,26.0,41.742999994798616,2.0,-3.101704731534733,40.0,46.828813584594826,70.0,51.61396554243299,70.0,70.23838215223452
template_projection,ridge_10,974,1600.0,1637.6391451177153,2.0,5.77684777289295,23.0,19.54484503131589,55.0,55.38219715041917,72.0,79.9385158082307,95.0,96.55782026927666
template_projection,ridge_10,975,1100.0,1238.9534033900054,49.0,70.63894783678457,47.0,40.87155850548019,31.0,27.287590302568702,77.0,66.01253991704303,77.0,88.78119023074238
template_projection,ridge_10,976,1800.0,1809.3152825105726,148.0,153.11723534062622,24.0,20.462682731952235,36.0,34.03909158803671,181.0,160.44389111364563,181.0,198.45970977782366
template_projection,ridge_10,977,500.0,543.1771914660873,53.0,54.6743729192074,6.0,5.026813447521887,34.0,33.13610848465012,14.0,9.348770361781504,17.0,21.26006481679184
template_projection,ridge_10,978,2300.0,2283.436836757691,2.0,-4.23597173536519,2.0,7.205118182992829,120.0,122.48165265260582,260.0,217.14324982936665,260.0,272.84381367971366
template_projection,ridge_10,979,1000.0,1241.151260459687,22.0,32.438256871726956,2.0,2.837956562932403,30.0,22.69604764559741,120.0,93.49110367160563,120.0,128.36288681076016
template_projection,ridge_10,980,700.0,631.1815639894301,34.0,32.41054858480144,10.0,10.01677342226711,44.0,40.59589630200437,28.0,21.207889040083373,31.0,41.366087655762854
template_projection,ridge_10,981,200.0,64.62287277665041,88.0,96.82894190140442,2.0,-1.5505340708950026,11.0,7.098640699367763,15.0,9.41941663532242,19.0,32.29986071252314
template_projection,ridge_10,982,1000.0,1090.875431036625,25.0,24.834026951189287,13.0,12.61312999794914,59.0,61.67863165044618,18.0,25.203215099938113,38.0,32.280983687886064
template_projection,ridge_10,983,1200.0,1135.3431673152043,11.0,3.61364044630686,10.0,17.057518135033558,56.0,52.10581940555867,36.0,29.84102025467405,51.0,41.32718427654968
template_projection,ridge_10,984,300.0,194.4466407446771,17.0,-2.689302563175403,2.0,1.3901361505165255,40.0,33.3439110756501,11.0,17.44722171065694,19.0,37.86531743947991
template_projection,ridge_10,985,500.0,532.3663037001356,43.0,51.01246355531379,8.0,3.367642816514566,26.0,27.837856900714687,15.0,24.35482405666928,46.0,44.936925095820165
template_projection,ridge_10,986,2100.0,1976.9168016943568,73.0,69.09896917204185,13.0,15.264212321881155,38.0,42.94730371034599,207.0,184.2665925876451,225.0,229.57999917772344
template_projection,ridge_10,987,300.0,393.3152208760064,62.0,68.14279496691955,22.0,19.507545804522703,15.0,16.052604985766997,18.0,20.542455226450052,42.0,40.06362928984832
template_projection,ridge_10,988,1500.0,1351.2072946767696,51.0,53.41660551374148,30.0,28.864445737832554,43.0,40.94291639062527,75.0,70.41209530182398,81.0,90.73791882767935
template_projection,ridge_10,989,2100.0,1814.7792257020023,2.0,11.297759320357315,12.0,18.19086453931566,74.0,67.2265427478271,93.0,67.63200659890227,93.0,94.8393255097947
template_projection,ridge_10,990,1500.0,826.0456659667699,35.0,58.20243042053271,6.0,-1.1769722280824713,44.0,45.622128039417476,151.0,127.55973583829018,151.0,186.43437641900158
template_projection,ridge_10,991,900.0,78.22200541352709,68.0,54.24638178489026,2.0,7.616053582437715,35.0,27.274516019991385,41.0,43.035621402534716,53.0,52.2753502196178
template_projection,ridge_10,992,800.0,592.1186145251934,137.0,146.94060159261159,2.0,-2.161627528927573,30.0,42.2403134837658,87.0,71.05665891230815,87.0,93.92835828709397
template_projection,ridge_10,993,800.0,849.5703922363673,81.0,78.37001614289343,5.0,4.440192607368395,112.0,102.03971588864991,43.0,51.50131520155928,83.0,88.37855068288397
template_projection,ridge_10,994,400.0,552.3918672382185,53.0,60.84822189301278,21.0,18.57193363896714,18.0,19.60850594582325,18.0,16.454491595951183,28.0,28.18450097433741
template_projection,ridge_10,995,600.0,604.4717673123818,60.6186,58.16110785144928,2.0,3.1446718122263704,27.0,26.497857610151165,5.0,12.058695909332002,27.0,21.59430330430598
template_projection,ridge_10,996,2000.0,1945.8744127445707,2.0,2.069419161730792,6.0,6.510532810433553,69.0,69.31861387285235,152.0,134.2533409869625,152.0,161.7153226567451
template_projection,ridge_10,997,1100.0,1082.8606799556355,198.0,188.81871671048012,12.0,7.1976215474558565,31.0,27.10213768007875,46.0,69.94776728659716,76.0,90.68661865753718
template_projection,ridge_10,998,300.0,306.21073958345323,43.0,44.644281597262335,2.0,0.8691004201480492,34.0,33.3130281490627,8.0,1.0347864752376097,8.0,14.11145791676931
template_projection,ridge_10,999,1500.0,1530.7293148650365,26.0,30.37749238505744,35.0,32.30824401215298,59.0,58.21422660631822,91.0,86.35329961400657,103.0,109.9621420048251
template_projection,ridge_10,1000,700.0,787.1900908522182,157.0,152.28935625918785,5.0,6.5724513220997025,28.0,25.152570653149066,30.0,34.18428496684592,44.0,45.90447069702787
template_projection,ridge_10,1001,1000.0,1056.516248838788,315.0,309.75141971037374,16.0,18.71031504402418,46.0,43.10200734054993,95.0,106.80994203745063,161.0,148.69986560391763
template_projection,ridge_10,1002,800.0,653.0415808146473,153.0,157.39420733870915,9.0,0.7316869460235971,32.0,42.6201017437236,42.0,67.53846201102994,98.0,78.88106977286165
template_projection,ridge_10,1003,1700.0,1498.35859467781,102.0,86.52568614343367,2.0,11.14025202934004,19.0,35.77346580911869,211.0,149.71452058618934,211.0,220.40039182262512
template_projection,ridge_10,1004,1300.0,1497.8915719753636,24.0,33.01870782958745,38.0,32.851971431552265,42.0,30.300070225398205,125.0,112.95915254642868,119.0,149.8398671799485
template_projection,ridge_10,1005,1600.0,1531.2685431352015,2.0,3.754596917873684,2.0,2.3452631693782564,39.0,40.65403809501317,176.0,149.61535228585691,176.0,189.24178598207283
template_projection,ridge_10,1006,1200.0,1151.3225248695676,20.0,24.671391079046742,16.0,13.932706922479849,73.0,70.85005270891303,42.0,66.54407943075019,98.0,87.07266080926982
template_projection,ridge_10,1007,400.0,110.8502330189624,56.0,67.03431275881846,11.0,6.133167770577133,20.0,19.342043536532728,17.0,14.695308514669719,17.0,27.228887375299777
template_projection,ridge_10,1008,2300.0,2555.828696655938,97.0,107.64289321330432,52.0,47.01048085427065,84.0,86.96870619803985,323.0,276.8862893894077,323.0,350.9454941809737
template_projection,ridge_10,1009,700.0,603.4181509344055,220.0,241.7306537345515,14.0,-5.889656805267935,17.0,14.512402953592343,43.0,64.099997537759,86.0,107.01967373189248
template_projection,ridge_10,1010,1700.0,1778.864308743378,8.0,16.58928725400714,59.0,52.69516526043175,88.0,86.5261636043204,113.0,105.81638035166931,122.0,138.06414565826807
template_projection,ridge_10,1011,2400.0,3270.9588388755665,2.0,47.91285995544358,99.0,89.56040510345997,143.0,135.80661541957895,190.0,258.03366218356405,393.0,332.68027153251495
template_projection,ridge_10,1012,700.0,572.3418675350332,204.0,190.17184152085252,12.0,15.517167399843617,29.0,27.5039530778719,51.0,38.2308683401249,51.0,64.33711512211201
template_projection,ridge_10,1013,1200.0,1330.0324274605691,43.0,13.806654843521336,27.0,41.28649011094238,91.0,89.07896288881487,118.0,107.81539682793877,137.0,129.96708994393236
template_projection,ridge_10,1014,2500.0,2737.704856024904,6.0,4.422744097408724,53.0,48.54534072171604,98.0,102.4699635288683,251.0,235.66844089285388,264.0,281.11925442550984
template_projection,ridge_10,1015,1200.0,1854.2166367110005,6.0,14.349044925452155,19.0,19.6619952587013,76.0,82.9149142936885,75.0,96.79097739022683,161.0,124.08702937134899
template_projection,ridge_10,1016,200.0,174.4363078426852,44.0,49.61447443291852,2.0,-0.13795267198260497,14.0,15.179282235793472,10.0,6.778934941140207,10.0,15.62054178232843
template_projection,ridge_10,1017,2100.0,2048.604414072027,5.0,8.968717225377041,27.0,24.810355206754203,78.0,76.87678214662667,84.0,85.32712986462454,93.0,96.87673953633727
template_projection,ridge_10,1018,600.0,573.1815009288746,61.0,49.13666487782235,2.0,3.4750851188671934,2.0,3.734678184780009,32.0,21.600043989937433,34.0,53.92898252739373
template_projection,ridge_10,1019,400.0,451.022583671019,62.0,63.7043033501424,23.0,21.688522755205398,28.0,26.154077314935744,29.0,27.885025165738433,44.0,48.41161475820857
template_projection,ridge_10,1020,1000.0,940.8612624159571,39.0,39.76873130745474,10.0,9.928186711762528,34.0,33.895032996323266,25.0,21.546086927969476,25.0,28.262104416781895
template_projection,ridge_10,1021,1400.0,1349.6422799130082,2.0,2.8522497991358406,2.0,0.7804162432382871,47.0,47.50915652752384,78.0,71.3742465038995,78.0,85.004115978976
template_projection,ridge_10,1022,1700.0,1670.7983339131044,6.0,6.152738830603155,24.0,25.986881298792397,70.0,70.02278896719183,68.0,67.81569492841238,87.0,82.32590045243502
template_projection,ridge_10,1023,2700.0,2363.720869961957,2.0,3.0249366916971,36.0,33.910550099572646,80.0,85.29906074107436,95.0,100.73842159589509,120.0,118.82321667898889
template_projection,ridge_10,1024,3900.0,3653.919294958394,5.0,-14.811688851095838,50.0,60.20405727389784,125.0,116.81097356150252,221.0,216.34181972299612,241.0,235.93390356502005
template_projection,ridge_10,1025,200.0,41.93422019555146,78.0,76.86244306805584,2.0,2.2032658614026897,8.0,7.53762044821643,6.0,-2.739870058794139,6.0,11.297278933816017
template_projection,ridge_10,1026,900.0,1151.873017507103,90.0,96.97839256844708,27.0,34.52976503172418,50.0,41.79025635458428,69.0,62.177024830265836,103.0,97.95391958418405
template_projection,ridge_10,1027,300.0,635.7274538995397,171.0,166.7459113062427,4.0,3.3251533855074076,11.0,10.734643579856495,30.0,22.861428831549766,30.0,37.96877261987049
template_projection,ridge_10,1028,800.0,672.6679008380364,66.0,85.741379623311,27.0,11.928235667909249,51.0,86.84241129030546,85.0,68.72955096627966,120.0,127.21111824842559
template_projection,ridge_10,1029,900.0,833.6337118270314,31.0,33.221221447636566,9.0,8.438832378074602,34.0,33.49525950577348,13.0,11.924796448640535,17.0,18.02017601557779
template_projection,ridge_10,1030,1300.0,1330.0454065153376,23.0,23.46884980874259,15.0,14.193968566497599,70.0,70.23392540284027,81.0,86.29953490884748,117.0,115.54633692745993
template_projection,ridge_10,1031,200.0,95.22417898004346,74.0,64.70603175829915,2.0,1.9243580621922067,10.0,10.802717562795323,5.0,0.26783267252314147,5.0,18.598160271809462
template_projection,ridge_10,1032,400.0,1009.3527969201275,28.0,9.66150602859944,2.0,11.431352207369418,26.0,33.9107809853284,6.0,-12.651926096106749,10.0,-5.89455895669802
template_projection,ridge_10,1033,900.0,1192.3965896711115,86.0,56.552670009767965,17.0,27.396843009688933,48.0,17.687792134768166,3.0,20.226952696574905,6.0,9.890197876284788
template_projection,ridge_10,1034,600.0,623.9247797683377,101.0,105.67002108453602,2.0,0.44674588437447227,24.0,23.37026064432739,27.0,23.210170728027826,28.0,32.28703858633236
template_projection,ridge_10,1035,1400.0,1532.920837088196,4.284,11.986138010340333,6.0,1.7633815185789778,103.0,90.28822395784434,81.0,117.97530680089437,160.0,154.18978228585917
template_projection,ridge_10,1036,1500.0,1436.7344429588766,116.0,115.48830615490832,26.0,24.114870412151394,41.0,40.448473098521184,66.0,60.304609654793225,67.0,77.31006840892555
template_projection,ridge_10,1037,1500.0,1356.7090464348487,36.0,33.631382824391075,3.0,4.861732782534709,51.0,54.452443798708494,106.0,82.37909473013191,87.0,98.445285498877
template_projection,ridge_10,1038,4200.0,3646.227384479249,2.0,-8.862576043367497,15.0,20.46655449264171,56.0,62.28841591492178,121.0,122.72207280752046,121.0,109.37391655588043
template_projection,ridge_10,1039,1100.0,1132.3968111092563,31.0,31.39052346857548,8.0,7.200131773396047,78.0,75.56070701269263,85.0,77.50178314754052,96.0,105.27828090504951
template_projection,ridge_10,1040,500.0,569.0664813909563,55.0,54.70347326327958,8.0,8.603301334081927,52.0,48.834771076119225,18.0,28.012917678529078,51.0,48.34089572957734
template_projection,ridge_10,1041,700.0,689.1681486713679,84.0,73.1370970885206,2.0,8.89937727037434,25.0,27.565854582710774,11.0,14.93680549480419,26.0,20.723880553894517
template_projection,ridge_10,1042,1100.0,968.3761398514526,181.0,173.36982343951084,2.0,5.088915613415876,13.0,14.61387149729439,116.0,95.78185128114899,116.0,124.96277613008957
template_projection,ridge_10,1043,700.0,561.6961969718888,83.0,78.13327756638296,4.0,3.386890767297208,35.0,36.84963803489654,52.0,51.72046049948497,77.0,79.64000321649264
template_projection,ridge_10,1044,500.0,500.8026671439047,54.0,56.00043862073422,2.0,2.1196521777357926,20.0,18.519304474290006,24.0,27.16843427778595,45.0,42.70761828110381
template_projection,ridge_10,1045,700.0,475.357030278657,57.0,53.15794213588683,2.0,2.895553351272701,50.0,51.846931934943015,15.0,23.855916560971757,51.0,43.963482652192845
template_projection,ridge_10,1046,800.0,701.9371981348633,88.0,87.5256140041482,5.0,3.424604689497926,48.0,47.96732843224266,34.0,44.618673567560634,70.0,67.99775636100009
template_projection,ridge_10,1047,500.0,665.2483639782563,25.4898,18.104047706305543,12.0,14.188869835356122,35.0,26.559708466610058,16.0,13.811489806554277,16.0,32.767056123618914
template_projection,ridge_10,1048,3700.0,3278.367213953478,2.0,0.4899654352553142,4.0,4.775229045474211,89.0,87.2953620772434,191.0,184.61373430682187,191.0,199.10260691136136
template_projection,ridge_10,1049,200.0,123.62086211588212,71.0,55.617585000602226,2.0,12.55076210534295,2.0,10.521501038541913,5.0,-17.51865375474364,16.0,12.763049084142835
template_projection,ridge_10,1050,3600.0,3464.5991714549127,2.0,-0.5932203865692358,3.0,7.327824934261258,86.0,90.11609539083739,245.0,218.62551558551058,245.0,246.95995703691355
template_projection,ridge_10,1051,1100.0,1189.935162469741,33.0,42.73964966629332,16.0,16.565278094478998,53.0,49.25883104930238,27.0,19.399786435513064,27.0,25.446601501261014
template_projection,ridge_10,1052,400.0,327.9024408005206,150.0,146.54087950576985,4.0,5.253650082202883,23.0,20.56246742701773,12.0,12.02153995267929,27.0,27.50713377897017
template_projection,ridge_10,1053,600.0,588.7638035547092,56.0,53.942671449833725,11.0,13.37874632991325,48.0,54.02757940815896,87.0,61.99526512340555,101.0,100.63462786612179
template_projection,ridge_10,1054,400.0,745.3998841464947,111.0,97.56742688762134,3.0,13.765137101417086,9.0,22.48464733910741,42.0,39.9003393564322,82.0,47.96047089920137
template_projection,ridge_10,1055,500.0,429.9847562304624,133.0,121.91760759828718,2.0,3.7285212322149217,11.0,13.904027921868874,14.0,7.210311309394342,14.0,19.15346265428812
template_projection,ridge_10,1056,1400.0,1504.3838695638046,3.0,5.509931678187122,24.0,20.634336884217554,103.0,100.16580622587183,123.0,122.99032955275081,153.0,161.0338631826175
template_projection,ridge_10,1057,200.0,42.497010287307376,99.0,101.32262821507803,3.0,4.718401044428205,9.0,20.487838978593324,10.0,30.440787331941195,79.0,56.238008687840214
template_projection,ridge_10,1058,400.0,-4.849308331637076,107.0,98.90924748882131,3.0,5.543110966100032,11.0,11.924363905069747,15.0,6.254565414644134,18.0,22.36691048715734
template_projection,ridge_10,1059,2600.0,2448.6596533342786,2.0,-6.683929005347949,17.0,18.655738404943367,54.0,63.43995892936171,201.0,174.45788814087362,201.0,211.87890201360676
template_projection,ridge_10,1060,200.0,196.61434700959194,64.0,60.21518945447689,2.0,3.751483179404401,13.0,14.564038372150172,3.0,1.8613463740203429,13.0,11.444453188255721
template_projection,ridge_10,1061,700.0,648.7232916741904,81.0,74.00735332014695,2.0,7.8311371861342485,28.0,31.265327443764612,79.0,58.46509715826862,79.0,81.51863416750574
template_projection,ridge_10,1062,300.0,509.30127517367407,77.0,89.93932678013633,2.0,8.237197438626485,6.0,20.546546518855546,26.0,234.49693542758848,533.0,340.06525276963674
template_projection,ridge_10,1063,400.0,465.5522178152129,62.0,64.84164954287446,2.0,1.009256971374752,26.0,24.253658665330875,28.0,22.438875024496262,28.0,34.044346248688925
template_projection,ridge_10,1064,1900.0,1889.9349498434726,12.0,19.921679411338843,31.0,26.9837370365358,58.0,58.246603570985855,82.0,94.06628318835776,113.0,111.69276064860138
template_projection,ridge_10,1065,5300.0,5204.332249018222,5.0,-6.761328504603895,26.0,30.33983888514812,211.0,204.80018176105062,380.0,354.29997712042467,391.0,413.2146342281669
template_projection,ridge_10,1066,400.0,418.6726924947243,57.0,59.30390213908386,3.0,3.207089895405039,7.0,8.787892765490575,6.0,5.993621470102042,20.0,16.273447633002505
template_projection,ridge_10,1067,700.0,1129.4732295943654,87.0,87.14927920438875,6.0,0.23959452966444772,47.0,42.871551764100786,60.0,64.37618388216131,60.0,75.35558474932958
template_projection,ridge_10,1068,500.0,489.19912662613024,43.0,42.73660654604309,2.0,3.0552666454334183,28.0,28.87027854939687,13.0,16.741841441100455,39.0,32.43568317123277
template_projection,ridge_10,1069,200.0,-11.126672147056752,87.0,81.21061036416604,3.0,0.6845902482653319,10.0,12.25241243099358,3.0,-2.696813968504074,11.0,23.17734454395118
template_projection,ridge_10,1070,700.0,364.0875439585766,50.0,27.487076245309254,19.0,20.348646976687036,33.0,22.017595687146226,30.0,31.15218028104173,42.0,66.21826213345977
template_projection,ridge_10,1071,800.0,728.2559755098196,126.0,118.52184297041046,6.0,8.376557379503968,20.0,20.074432595736024,55.0,48.017949947421855,61.0,66.10448643331776
template_projection,ridge_10,1072,5200.0,5107.314768647952,9.0,3.6473407726341094,48.0,49.64973417816151,152.0,149.8569474375735,465.0,419.40690227318566,465.0,494.5035823775588
template_projection,ridge_10,1073,300.0,360.34745636075843,42.0,47.880863803483024,2.0,1.3217189397075852,33.0,27.042461713167622,11.0,25.56219266648455,46.0,41.660715993704564
template_projection,ridge_10,1074,900.0,775.0652763666303,219.0,211.78669381976098,3.0,4.7449699106432774,29.0,25.354693748883417,88.0,77.1225219769505,88.0,103.11989288962418
template_projection,ridge_10,1075,1399.0,1460.3165693617057,244.0,233.4979955096043,47.124,45.20867753529442,78.6299,74.24936161657212,134.0,132.46178555115023,137.0,170.51461242895874
template_projection,ridge_10,1076,600.0,725.049802944957,6.0,15.844426783175415,2.0,1.2222097852952594,64.0,61.92009335350447,30.0,25.308522520577938,40.0,43.8600258693774
template_projection,ridge_10,1077,1200.0,1241.247647853906,21.0,28.987053024252994,54.0,49.44225453780364,42.0,43.19207423343605,62.0,67.98475887358973,96.0,95.78954793792771
template_projection,ridge_10,1078,400.0,143.1430059606073,41.0,59.5442011612366,2.0,-2.0480097529112324,20.0,16.495945276679336,5.0,-0.6778327190260569,5.0,12.522932622939749
template_projection,ridge_10,1079,400.0,380.9112879520475,64.0,49.71921408890586,2.0,3.897023790161029,11.0,23.186191482609715,3.0,20.432011446398356,52.0,34.66474698329466
template_projection,ridge_10,1080,400.0,447.7293513134749,26.0,28.32457485339211,4.0,4.938591407826165,46.0,46.46562748103443,40.0,35.27878797746022,61.0,60.74620371517674
template_projection,ridge_10,1081,2600.0,2338.9726674936255,81.0,77.5614044430627,17.0,18.641734221941327,36.0,39.23665275986977,77.0,91.59752489915688,107.0,93.54550577603
template_projection,ridge_10,1082,200.0,159.8814436116495,85.0,83.45925717948083,2.0,1.2866985117430243,19.0,19.452825954776674,11.0,14.150373296889583,31.0,34.42216174776915
template_projection,ridge_10,1083,1100.0,918.9599509467662,34.0,38.13405104252534,15.0,17.88222131422513,47.0,49.39987994251518,28.0,29.770675654487484,64.0,46.99828386319706
template_projection,ridge_10,1084,900.0,992.957084389343,5.0,14.918589596033648,16.0,12.232096682639794,86.0,85.75512410167995,22.0,21.643638876950682,33.0,35.81960518066451
template_projection,ridge_10,1085,600.0,631.538073689414,48.0,48.75072434854953,2.0,2.549115499043902,29.0,30.093596433435682,27.0,23.952041391205988,39.0,37.27542958842233
template_projection,ridge_10,1086,100.0,-1136.8848604409666,68.0,30.71444022496483,4.0,33.19610449680897,12.0,10.778326215579483,11.0,-22.096193518447606,33.0,18.758363875955794
template_projection,ridge_10,1087,1200.0,1239.8577319537317,82.0,85.01012236663944,2.0,2.370500322680128,40.0,39.231695979502035,122.0,102.55369556671333,122.0,132.62831522146962
template_projection,ridge_10,1088,1100.0,518.8562010486268,1.2852,-37.514225292115455,8.0,18.520209601016482,55.0,38.16320800102436,66.0,63.122567156168415,104.0,123.42337935559641
template_projection,ridge_10,1089,700.0,479.4723944485123,86.0,78.02004531699012,8.0,11.28234131022871,45.0,44.2340724752376,54.0,50.764235272422695,73.0,78.4729951876609
template_projection,ridge_10,1090,5000.0,4584.801870022115,3.0,7.306750658665798,37.0,28.909495243194645,97.0,89.43475812576733,237.0,242.84989901061522,237.0,262.4863467583713
template_projection,ridge_10,1091,1400.0,1300.8830929293024,2.0,25.459187655193567,13.0,8.667116447259946,90.0,93.60244916065122,57.0,78.53981042728743,140.0,107.02985580066651
template_projection,ridge_10,1092,600.0,612.6522140785441,122.0,126.05432413354319,4.0,2.349616634333888,12.0,11.028120558642307,42.0,47.84352918723311,65.0,66.41287777715311
template_projection,ridge_10,1093,400.0,535.6012502194075,2.0,0.6012924532667583,3.7128,3.1462923264676093,72.4709,67.47834039099841,18.0,6.133399334936982,2.0,18.749444277875952
template_projection,ridge_10,1094,800.0,915.7838503591386,42.0,49.248783075569776,8.0,6.261263865812074,11.0,13.669277998916677,149.0,122.63952715001327,149.0,159.9536319100598
template_projection,ridge_10,1095,300.0,349.15123129574636,97.0,98.44249799421812,2.0,3.4862233901242483,6.0,4.390788245345078,10.0,10.47006022023858,33.0,25.94035020522361
template_projection,ridge_10,1096,4700.0,4480.492307037832,2.0,3.997761724162629,55.0,52.24276497309744,110.0,111.0228858316857,177.0,190.56622537455496,188.0,189.88703206949464
template_projection,ridge_10,1097,1000.0,820.7901485631226,261.0,256.3376186525145,2.0,6.781754414490948,27.0,27.85907101990896,59.0,53.75933965012314,79.0,74.76126122248326
template_projection,ridge_10,1098,700.0,-679.265081020583,19.0,15.825310265447861,6.0,6.603985884536202,41.0,65.78797816738309,20.0,-12.762950331238542,48.0,29.991816448610237
template_projection,ridge_10,1099,800.0,940.0949850917997,70.0,73.01807978033862,20.0,19.944940403152096,49.0,48.139459532546965,94.0,115.36767432059263,179.0,161.83187635522015
template_projection,ridge_10,1100,300.0,-605.6620201368585,62.0,35.387187352308416,2.0,29.79514715102112,17.0,28.828924209735153,16.0,-25.470658018714218,16.0,-16.398099836365844
template_projection,ridge_10,1101,300.0,298.4651826798611,117.0,118.03237318146807,2.0,1.9915443326117472,9.0,7.55163322178889,18.0,15.41746983774992,27.0,30.42765910417046
template_projection,ridge_10,1102,1000.0,1140.6150168175352,98.0,133.18380336479547,6.0,-0.8647681102793161,37.0,30.670414486836346,104.0,107.23065268128549,141.0,134.87683804317913
template_projection,ridge_10,1103,1100.0,973.4765245845053,18.0,16.504082792684848,12.0,13.84743690517066,53.0,49.225111107596724,20.0,11.374235593955234,25.0,28.015176207862822
template_projection,ridge_10,1104,700.0,663.914696789648,25.0,25.827070349739838,2.0,2.6059467294549954,13.0,15.480389196096837,22.0,17.021197598468596,23.0,22.080064164912102
template_projection,ridge_10,1105,300.0,441.4653138613545,177.0,169.1218815516985,7.0,9.243720139405745,26.0,21.305708969629915,42.0,21.851607677683866,25.0,40.786865121385176
template_projection,ridge_10,1106,300.0,262.59549881853627,101.0,102.12061191380178,4.0,0.8798096529722113,24.0,19.061930051580827,12.0,11.888285905635357,12.0,25.803897613086164
template_projection,ridge_10,1107,1200.0,1131.1248159864276,325.0,311.9698109436387,13.0,20.84460970009524,42.0,36.76187447768395,156.0,129.68378273554376,156.0,165.8522593734327
template_projection,ridge_10,1108,1200.0,1205.3534900527836,2.0,4.888162084748743,2.0,2.3225844884155133,45.0,46.24389118160486,66.0,69.54616246991925,95.0,87.50333863690724
template_projection,ridge_10,1109,400.0,626.2773845308895,68.0,73.02208297948175,3.0,-0.1360954652285109,10.0,8.315127479484794,9.0,12.744376775404263,12.0,15.960865080564346
template_projection,ridge_10,1110,600.0,291.8535498038319,8.0,5.226405682572697,6.0,-2.4850647509582036,119.0,99.48754703725464,60.0,44.84173738962127,60.0,127.54617006647175
template_projection,ridge_10,1111,1400.0,1371.1855818398788,2.0,9.896073882172075,29.0,23.585031708924106,73.0,71.26619982650172,37.0,38.05931181667899,37.0,47.9999343028786
template_projection,ridge_10,1112,1500.0,1533.8722163089676,60.0,50.859885058268524,10.0,12.162127368297444,34.0,38.447200159106885,173.0,144.36156371507042,173.0,186.61787420325015
template_projection,ridge_10,1113,2800.0,2827.1107638270905,6.0,7.832299652047958,57.0,55.31851403030133,107.0,108.05719399934824,120.0,181.24784087321544,265.0,224.90687917640565
template_projection,ridge_10,1114,1400.0,1225.8699602569961,2.0,1.3536847981778308,3.0,4.555848061848671,54.0,53.641904878678965,50.0,34.464585970430896,31.0,40.80092746276895
template_projection,ridge_10,1115,100.0,100.28503114635305,58.0,60.97527507435291,2.0,1.0976902717336277,9.0,8.872816767474461,3.0,-3.453619900345643,5.0,9.293856095481388
template_projection,ridge_10,1116,200.0,-28.852782801879584,69.0,64.7835806178714,6.0,11.702770628265768,33.0,33.29844992311408,16.0,8.71082397192609,37.0,31.312610584572923
template_projection,ridge_10,1117,500.0,1009.511008011933,62.0,64.77458312848348,3.0,-0.6854333812549473,15.0,17.62755830438728,17.0,23.563415911813856,17.0,18.53510892357815
template_projection,ridge_10,1118,2100.0,2118.8194171090777,41.0,41.48537904896362,24.0,22.87282645096171,98.0,95.84754113084452,108.0,109.28946347755851,127.0,132.2681616403357
template_projection,ridge_10,1119,300.0,111.90022707634489,75.0,81.16589457766867,2.0,4.987429873510017,20.0,23.452922463550458,21.0,6.34644628330291,26.0,21.28762226201512
template_projection,ridge_10,1120,800.0,1013.6903948907229,50.0,3.1791981280999835,18.0,24.49627821257082,63.0,72.75504509296441,51.0,65.64867421047859,70.0,88.4115845212628
template_projection,ridge_10,1121,600.0,637.7990387306667,15.0,14.395374193586022,2.0,1.9257219673652273,41.0,40.57750792188223,40.0,29.84483105745042,40.0,47.19570649325999
template_projection,ridge_10,1122,300.0,-99.81974161708786,63.0,42.91607123144267,2.0,7.022938136864598,16.0,18.351036227384192,12.0,7.822542150733597,25.0,24.123238083749726
template_projection,ridge_10,1123,500.0,519.9837134685645,112.0,109.96527324734367,15.0,18.316608516155327,36.0,37.524088212217514,33.0,49.340599148859766,104.0,81.30048163440527
template_projection,ridge_10,1124,600.0,785.8123802051828,49.0,55.1487563272511,22.0,21.216438098742525,37.0,39.54440542013933,112.0,130.76850646228246,209.0,187.62797429406407
template_projection,ridge_10,1125,600.0,642.7105951239703,18.0,19.622608488184085,2.0,-0.10942680793833581,34.0,32.25951368711523,24.0,19.540636763976302,24.0,32.089161726635155
template_projection,ridge_10,1126,1000.0,1126.1055869857641,26.0,29.27642898066611,18.0,15.90419498178541,38.0,38.193329842957695,55.0,49.3341024008763,55.0,61.8873477468291
template_projection,ridge_10,1127,500.0,541.9473011296515,120.0,95.85571674940275,11.0,23.215615811082028,9.0,7.404618347788265,30.0,33.39749162794275,55.0,46.81847663635087
template_projection,ridge_10,1128,6000.0,5620.860208237925,9.0,5.588734259813251,96.0,94.51005517184633,122.0,125.63226972376484,272.0,271.121106190515,277.0,285.69501913962904
template_projection,ridge_10,1129,700.0,624.4100807614032,9.0,17.856094890496614,2.0,-3.115054399319318,69.0,67.63945994473923,32.0,24.493020623385483,32.0,48.48832949066461
template_projection,ridge_10,1130,700.0,767.9661629552384,34.0,35.934907300823824,9.0,7.640686697243222,20.0,18.849800066571177,32.0,21.944433397428988,19.0,29.942038203944776
template_projection,ridge_10,1131,1200.0,1321.7253341678345,25.0,28.20117482972589,20.0,19.3144028635106,58.0,58.20223073152828,82.0,75.09463653435547,82.0,84.23830128046785
template_projection,ridge_10,1132,3000.0,2775.1474878411454,74.0,66.1505542565657,9.0,14.927523105019153,44.0,48.767858433122534,181.0,169.28974846845608,196.0,190.17834147631885
template_projection,ridge_10,1133,800.0,658.143792858596,84.0,78.3714424806279,15.0,16.911576485212183,32.0,34.214754115352136,70.0,66.66636667603281,93.0,93.89799664477813
template_projection,ridge_10,1134,600.0,606.5465462550967,49.0,50.142845270736906,6.0,4.695545423998544,23.0,26.611524240840595,51.0,40.310237099065105,51.0,56.26834133254731
template_projection,ridge_10,1135,500.0,579.1146108913431,15.0,23.97496448888934,27.0,24.769649325443567,28.0,27.749930396533248,18.0,22.055477543805758,43.0,39.45879984740381
template_projection,ridge_10,1136,600.0,584.8969966851138,44.0,45.149260770434275,8.0,7.915678231893825,17.0,18.04641528660089,23.0,16.38307788341961,23.0,26.305381018637135
template_projection,ridge_10,1137,1000.0,1388.331638576217,38.0,26.454356898703928,2.0,-15.002698677100673,14.0,24.07119706277896,56.0,69.02131376011684,56.0,86.20482954692054
template_projection,ridge_10,1138,3600.0,3417.1007257955744,7.0,4.69663597958364,24.0,26.259884860117566,81.0,81.60592107465473,205.0,194.7728517049579,215.0,217.25872920335496
template_projection,ridge_10,1139,700.0,596.3741285863687,155.0,152.10309722969106,25.0,23.631754841578566,30.0,26.71154435612338,151.0,106.63335557868282,116.0,155.15713503334305
template_projection,ridge_10,1140,400.0,394.44096430575485,68.0,69.1818658505661,8.0,7.551415211506747,12.0,13.378226501312511,11.0,8.207268370043948,19.0,19.763920374637664
template_projection,ridge_10,1141,1500.0,1367.7137781553395,42.0,29.40584283611802,3.0,3.609692991850155,67.0,65.14126332036417,48.0,29.231464923255402,9.0,32.08419006468584
template_projection,ridge_10,1142,200.0,204.6745588159422,82.0,85.3125747314949,6.0,3.072999268147637,7.0,7.586846712492246,6.0,3.5590031923004233,15.0,20.08535954674184
template_projection,ridge_10,1143,1899.0,2339.6025872450514,198.0,170.36716350492458,64.0,61.27796496341708,28.0,29.08357906758236,219.0,214.54934784873709,248.0,268.10679479939756
template_projection,ridge_10,1144,700.0,792.7049092607238,53.0,55.42311844193118,7.0,7.895735930652312,54.0,52.93047399560656,57.0,58.44957286840582,89.0,82.56254701153563
template_projection,ridge_10,1145,2400.0,2560.8953035327504,11.0,7.400344368784268,12.0,20.05873006701722,55.0,65.19410002373131,128.0,117.32175726151665,128.0,109.65538560101854
template_projection,ridge_10,1146,1700.0,1729.9366563362987,3.0,3.189447512968705,4.0,5.123473690055889,75.0,74.97624992002218,185.0,157.60351045029165,185.0,198.34978237615468
template_projection,ridge_10,1147,700.0,829.7160171363315,26.0,30.40004980622045,11.0,10.3072406605358,49.0,48.62906712806052,34.0,53.466706352625835,93.0,77.3773558876616
template_projection,ridge_10,1148,300.0,325.8619386687486,90.0,86.82317542642537,2.0,4.4764463388932505,24.0,26.697490260937226,12.0,25.865053998259008,65.0,50.86035682896746
template_projection,ridge_10,1149,3300.0,3142.2036467634134,9.0,10.879777119674387,66.0,63.05290161361012,82.0,82.36983063638263,84.0,101.4125352766098,108.0,104.14646215313014
template_projection,ridge_10,1150,300.0,163.47457824609705,77.0,85.56374163023114,5.0,6.686545124582384,8.0,8.579530612633192,11.0,8.817158632940647,29.0,17.261020742941753
template_projection,ridge_10,1151,200.0,577.3044646939941,71.0,60.655575563064204,2.0,5.884309683749915,29.0,20.716035955682553,10.0,13.182002448693865,19.0,23.389671206697287
template_projection,ridge_10,1152,300.0,80.31050553338923,64.0,72.11411669607712,5.0,3.543096871493482,8.0,5.478769515199396,4.0,-1.3385055577396656,6.0,10.339080844609683
template_projection,ridge_10,1153,2300.0,2193.3274847270604,2.0,0.42779343389350544,8.0,8.124427610109159,81.0,77.6133403011234,101.0,107.0328131450776,120.0,122.32838296813918
template_projection,ridge_10,1154,1900.0,1954.3456932504496,12.0,17.250510916344908,18.0,18.81411127599548,69.0,71.88839806597157,180.0,194.80449550442532,270.0,248.8632571903415
template_projection,ridge_10,1155,500.0,559.0488476982533,75.0,76.27726470909604,2.0,1.2296010092154575,24.0,25.271746706171662,42.0,32.84783632744401,42.0,48.73558664308457
template_projection,ridge_10,1156,700.0,864.9775260838376,21.0,25.527040589383883,4.0,2.5951977014040857,105.0,100.07616892047561,47.0,49.16201212745931,74.0,76.93158460233015
template_projection,ridge_10,1157,1000.0,1086.2680226437458,47.0,51.72659185382431,11.0,11.358648255793167,62.0,62.58364535945709,84.0,105.8482972090614,168.0,146.36673901981442
template_projection,ridge_10,1158,1200.0,1110.4356567289663,172.0,162.26696927533348,3.0,6.095902180220721,33.0,33.31143503784064,129.0,108.77396968613331,131.0,142.98948834064984
template_projection,ridge_10,1159,600.0,639.0339493917286,42.0,47.23791405337655,2.0,0.4315920606404653,25.0,24.363410148842302,20.0,21.332316026479482,30.0,32.16452674820002
template_projection,ridge_10,1160,700.0,892.7489629734009,38.0,37.95250896973273,7.0,7.903386318493504,88.0,83.27641340653739,40.0,62.209446315927586,103.0,91.21432456361852
template_projection,ridge_10,1161,800.0,873.059697251523,7.0,10.665689611906316,2.0,2.226158873452361,44.0,44.05488881755022,34.0,26.270952632440007,34.0,33.94233077152478
template_projection,ridge_10,1162,1100.0,1111.9618509229658,226.0,212.13387120660002,2.0,5.533065178263925,42.0,42.04214673210876,126.0,114.33762778672448,145.0,154.241164946858
template_projection,ridge_10,1163,2000.0,2088.1257785814887,74.0,71.81010130316848,7.0,8.826732469165,92.0,91.0753391553649,262.0,223.4833789696259,262.0,284.2178611661708
template_projection,ridge_10,1164,1300.0,1127.0592250396303,6.0,-1.1043973573099635,10.0,14.96778396212823,58.0,63.02155417468171,92.0,74.10884513467379,108.0,106.06198504952482
template_projection,ridge_10,1165,1100.0,1369.9871096158683,19.0,31.235251094184992,16.0,9.387181263101049,73.0,77.51964406143296,77.0,77.7356113958608,111.0,103.209188243525
template_projection,ridge_10,1166,500.0,921.875583341129,152.0,147.82264451627103,12.0,16.826897822857905,30.0,28.726105331608323,72.0,125.81459004266796,220.0,169.39550114071528
template_projection,ridge_10,1167,800.0,808.8628906257077,52.0,55.925496876591794,3.0,3.4098082098826215,28.0,27.83901546245443,53.0,45.12376741192503,62.0,63.22434495931386
template_projection,ridge_10,1168,2299.0,2330.5123707478715,22.0,27.023058817557825,30.0,29.925401118526374,62.0,65.64192252773512,166.0,171.8105903767741,222.0,207.77591787893152
template_projection,ridge_10,1169,800.0,838.429492160869,47.0,54.06399057463399,14.0,15.652118055749458,96.0,90.54361602227813,95.0,109.6924126500484,182.0,165.94953625276833
template_projection,ridge_10,1170,1100.0,878.1295435303587,26.0,30.67372243088887,11.0,10.23856061934362,50.0,50.01405021566411,73.0,56.52457797780677,73.0,81.05958983226931
template_projection,ridge_10,1171,2100.0,2005.5769864625431,85.0,82.18582388801885,3.0,6.26741652094314,39.0,43.26558452027521,247.0,208.5072847747182,247.0,259.24553722096675
template_projection,ridge_10,1172,900.0,879.5777861231577,103.0,108.72041109946248,3.0,5.168313008930186,24.0,25.09374580051425,85.0,65.89911892056364,90.0,92.97396067333389
template_projection,ridge_10,1173,1200.0,1334.528008156044,84.0,86.76365215841051,58.0,52.45653280003278,79.0,74.89625806452848,100.0,101.97506443310102,129.0,145.8457956969351
template_projection,ridge_10,1174,500.0,728.7184573639647,101.0,100.36030396480052,2.0,5.242050552885457,18.0,18.691942142266843,13.0,4.531346924309162,14.0,14.441623807508378
template_projection,ridge_10,1175,2000.0,2155.9747661109427,2.0,17.66727221777593,27.0,14.880471643350251,103.0,90.43467950891606,145.0,160.331204329882,145.0,190.29548469413453
template_projection,ridge_10,1176,1500.0,1708.2380145594575,158.0,161.9725433922622,49.0,48.50423218924111,61.0,63.71060436247378,243.0,253.8183939120905,354.0,339.91565754390456
template_projection,ridge_10,1177,2400.0,2310.853596240614,13.0,13.158483061449829,32.0,31.547326457792273,87.0,85.45541801071045,119.0,128.92890956762565,154.0,152.60318907135007
template_projection,ridge_10,1178,1200.0,1670.5288860745502,43.0,48.264149288740114,48.0,38.29997510942797,44.0,39.50218345897769,119.0,102.83114505174822,92.0,125.73772149930106
template_projection,ridge_10,1179,2900.0,3160.2457438159,43.0,47.244956731399554,75.0,70.22917659500142,197.0,186.7346026827335,314.0,277.6052065143251,314.0,359.50387085241914
template_projection,ridge_10,1180,1100.0,1078.2393994847346,169.0,161.42979088017063,15.0,17.842093650178,47.0,47.23360459738558,172.0,141.81553904797283,172.0,191.7779919664142
template_projection,ridge_10,1181,300.0,453.10505534787285,35.0,40.957998492347386,5.0,2.887501465170269,25.0,25.327081796141712,8.0,0.9245802120163091,8.0,12.010706656543206
template_projection,ridge_10,1182,900.0,1116.4156556296907,36.0,36.06712268736783,30.0,26.226899490369227,107.0,100.36452560038579,23.0,24.760618502481613,24.0,41.99974455537494
template_projection,ridge_10,1183,6100.0,5833.0987881003175,15.0,13.387968468370445,120.0,119.13358167970738,128.0,131.6758282068402,270.0,288.3527911728511,319.0,307.519928894995
template_projection,ridge_10,1184,700.0,767.5187923772598,34.0,35.09296968868355,2.0,1.820551306390584,11.0,14.331430821452571,74.0,59.748318498337156,74.0,77.91036804005267
template_projection,ridge_10,1185,2400.0,2691.2803782344927,26.0,38.41192747163318,2.0,2.6282346216535935,21.0,20.067338504462583,197.0,177.87496763286123,206.0,199.012125530675
template_projection,ridge_10,1186,1000.0,1257.6359388589385,2.0,9.058122957096948,11.0,2.489053390172689,114.0,103.9526520066685,33.0,73.32863288276711,94.0,95.3701352743849
template_projection,ridge_10,1187,200.0,292.71371973352757,113.0,114.80225410822169,2.0,0.5807455328135571,15.0,15.496621273287005,22.0,31.12451443533748,64.0,55.62195926666646
template_projection,ridge_10,1188,500.0,619.8280136540329,100.0,106.09952972162074,13.0,10.151448397936075,23.0,20.59322162119546,35.0,31.209190241541947,48.0,51.69729380477601
template_projection,ridge_10,1189,200.0,378.0491336221703,67.0,63.22960479760863,6.0,7.38651383398321,22.0,26.315285536794597,13.0,8.691534746302793,18.0,18.71328867127761
template_projection,ridge_10,1190,1100.0,1212.620355505821,2.0,-5.747461276381259,5.0,9.816906772650277,51.0,41.709884815464214,66.0,61.07641111234642,69.0,75.70701826139309
template_projection,ridge_10,1191,3100.0,3526.875785044008,5.0,19.52120419139193,94.0,82.48679164824914,129.0,123.47394322881885,401.0,348.46972061419797,382.0,440.3595378275427
template_projection,ridge_10,1192,500.0,562.7885040057591,59.0,77.06662625152596,49.0,39.899770580801196,13.0,13.877492465074262,24.0,15.814925978258827,27.0,57.74651630452182
template_projection,ridge_10,1193,500.0,415.40859847556237,70.0,74.63208892944282,16.0,11.9314297452857,8.0,6.158363043150722,8.0,15.544237095286931,18.0,26.43441393367867
template_projection,ridge_10,1194,900.0,862.4142251562441,44.0,41.300913104828126,4.0,4.284811084265289,33.0,33.666969377159916,28.0,34.72062659886632,53.0,49.46592945356706
template_projection,ridge_10,1195,1500.0,1342.2692247552093,214.0,198.18795181108013,13.0,15.89895726359634,38.0,35.619733293790134,75.0,92.11231829302292,124.0,123.91207241378734
template_projection,ridge_10,1196,3500.0,3419.3321057229996,2.0,4.761547834440449,5.0,-3.1906110978518303,147.0,140.87349454499363,309.0,296.8900831349412,326.0,375.5605909652635
template_projection,ridge_10,1197,1000.0,1491.6866455289912,101.0,130.4934049429847,12.0,20.545041672542727,88.0,69.87086059488914,85.0,64.52395112637228,121.0,79.81633199172504
template_projection,ridge_10,1198,600.0,473.49551144130874,81.0,81.73676323069905,9.0,11.384842745852708,40.0,33.82334028701973,3.0,-1.510087033928471,9.0,11.321917238077376
template_projection,ridge_10,1199,4700.0,4405.52525591973,3.0,19.630113958597924,45.0,36.23718584178789,106.0,107.07498230806229,210.0,240.38386384622711,227.0,240.19948039526602
template_projection,ridge_10,1200,200.0,-114.59027783585361,103.0,97.22227800488044,2.0,2.444231821068211,11.0,7.163600280197841,10.0,4.8790815773454455,14.0,24.57049496660362
template_projection,ridge_10,1201,3000.0,2946.5283130180005,35.0,36.24738045569221,28.0,28.16779327893802,84.0,85.10607589523784,267.0,237.47496168072078,267.0,283.29739909812105
template_projection,ridge_10,1202,900.0,1361.663036592479,114.0,100.56403397795015,41.0,44.97226200220905,107.1666,83.4197020777838,82.0,120.979119210438,177.0,181.83830196586712
template_projection,ridge_10,1203,1400.0,1257.1059451894037,2.0,12.046284677850572,4.0,4.58836722236887,35.0,36.10332106253761,139.0,110.50982060509705,139.0,149.8196249423726
template_projection,ridge_10,1204,1400.0,1531.9163637214574,17.0,11.997375908572494,51.0,45.3226792905756,93.0,90.02083698043532,93.0,100.81566053828749,113.0,128.56982252031827
template_projection,ridge_10,1205,1000.0,984.4883665666339,72.0,66.47011374254775,2.0,7.74993037665539,5.0,13.647434516418805,7.0,12.071859025531353,33.0,16.031893198305397
template_projection,ridge_10,1206,800.0,423.0476529305604,56.0,61.22202092680721,6.0,5.496348716617344,28.0,34.652573311975985,23.0,14.101996569180969,33.0,27.815520741567155
template_projection,ridge_10,1207,1400.0,1511.8983531078966,3.0,-1.4393056590803184,16.0,19.47535337807765,78.0,73.12805715777336,48.0,61.23222683734712,90.0,77.83397053600034
template_projection,ridge_10,1208,900.0,1012.5623269617773,19.0,26.04961676591409,7.0,5.1575314580124,54.0,51.53566505874855,125.0,116.03406233598744,144.0,152.91065899953549
template_projection,ridge_10,1209,800.0,117.67709739384895,121.0,133.09487826708357,10.0,8.362914487552198,47.0,31.252311084893286,57.0,75.73995838971895,80.0,86.53426552707671
template_projection,ridge_10,1210,3600.0,3320.9022830278636,2.0,8.717244493630922,28.0,31.3704743709201,134.0,135.43422216838846,210.0,226.32424628312097,292.0,266.1254880531389
template_projection,ridge_10,1211,700.0,674.8418888078006,129.0,123.84000996182375,2.0,3.3981191101966193,37.0,35.600591489378836,62.0,49.72741588638458,62.0,72.12403574532237
template_projection,ridge_10,1212,500.0,551.4782397823382,34.9146,38.84362566566318,21.0,18.84187301880645,26.0,26.011313264821016,26.0,21.467061157877737,31.0,37.2953000008188
template_projection,ridge_10,1213,1300.0,1443.3104443147654,2.0,-1.7684472431485645,4.0,7.521055306954059,127.0,122.40404241173272,52.0,70.68313767720075,110.0,98.55754898306645
template_projection,ridge_10,1214,200.0,622.336545716174,41.0,42.546297896597444,14.0,10.707110972948238,11.0,9.227130239801767,8.0,17.286873022823265,24.0,19.489432348763927
template_projection,ridge_10,1215,1200.0,1232.4396167440254,125.0,123.67317561451163,2.0,2.996115383000337,36.0,36.22120566987968,128.0,107.33036839962435,128.0,137.88246868277085
template_projection,ridge_10,1216,700.0,727.684706378563,8.0,13.839355802681965,3.0,2.138979053523718,36.0,39.535497212663465,89.0,68.05212813500688,89.0,96.26248089469739
template_projection,ridge_10,1217,1500.0,1543.3289164469056,9.0,11.435855438553133,21.0,19.94351843353961,68.0,67.77381836920968,85.0,85.47140526183028,103.0,107.6337152885699
template_projection,ridge_10,1218,300.0,649.0589597261047,79.0,73.6092032802653,4.0,2.800288519512703,21.0,19.05640891940109,9.0,21.348819131525026,39.0,39.80960842703776
template_projection,ridge_10,1219,3400.0,3386.4444632484765,16.0,24.428037677257656,60.0,57.71061356122787,122.0,114.83384175636024,261.0,237.77585575949672,265.0,288.4555695902331
template_projection,ridge_10,1220,500.0,526.5939099403732,39.0,45.014217038344476,2.0,1.8877066509492373,13.0,16.853911407579695,11.0,5.108247767917177,16.0,11.097878473527231
template_projection,ridge_10,1221,2300.0,2317.6265040639287,2.0,-1.1043328105203258,8.0,10.792050183200196,128.0,125.43069315444981,118.0,144.56242271252182,201.0,180.6524138194639
template_projection,ridge_10,1222,1000.0,1106.2163531128738,2.0,6.46736266773307,3.0,2.344987052383221,35.0,37.39412900197791,160.0,131.39424554811046,160.0,172.79144726718226
template_projection,ridge_10,1223,800.0,577.102928558704,4.0,-1.16955700250562,10.0,12.404124540981933,46.0,47.469734287977055,33.0,21.972435714798763,33.0,38.658791419995566
template_projection,ridge_10,1224,1100.0,1221.007071905594,87.0,89.67671918536163,36.0,33.4004818134964,56.0,54.668164612584505,151.0,127.51918212085613,151.0,173.03685407939344
template_projection,ridge_10,1225,3399.0,3981.5453599516595,2.0,11.289287283933739,6.0,-6.943029986549517,66.0,65.71287174235557,176.0,212.30380103425364,214.0,222.75535346133387
template_projection,ridge_10,1226,500.0,538.1634440757904,244.0,231.2721411778033,22.0,25.510341927577254,22.0,19.329982407562994,83.0,67.97727153929705,89.0,102.94923371442556
template_projection,ridge_10,1227,2700.0,4405.809843160266,2.0,-3.425302931506515,15.0,23.070510829266603,73.0,73.48416904087928,172.0,165.00794384680017,172.0,134.27682497496724
template_projection,ridge_10,1228,1000.0,889.4342443739439,38.0,40.08478592995361,2.0,1.347574006448646,37.0,34.73073785140102,33.0,29.958462328568068,33.0,39.468640269812965
template_projection,ridge_10,1229,800.0,856.6080548968116,32.0,34.292426974654504,17.0,18.41432835143111,54.0,53.297945317258524,9.0,17.372631969523148,31.0,24.951093322498565
template_projection,ridge_10,1230,2400.0,2256.583403584198,2.0,-2.530680680525265,13.0,14.264531678472968,95.0,92.76335371396729,71.0,78.97059663782758,86.0,85.16088614205817
template_projection,ridge_10,1231,7000.0,5989.0968065336165,55.0,29.238216702396834,2.0,13.195706184513034,44.0,55.342221502170744,24.0,117.24602528183726,129.0,50.17588378713578
template_projection,ridge_10,1232,1500.0,1569.646514886916,165.0,135.14129703650053,56.0,62.76897882089204,52.0,45.6195307986049,237.0,266.11331357397137,369.0,370.36871857062886
template_projection,ridge_10,1233,500.0,392.39372940129897,83.0,69.19299745666324,2.0,4.0059259176938244,19.0,12.072503617265255,19.0,8.256845318053408,22.0,41.228884794825284
template_projection,ridge_10,1234,300.0,524.8293876584216,25.0,32.231451709592136,2.0,2.6667241810669857,62.0,63.07913385372825,77.0,127.1794048814277,235.0,189.4605720120378
template_projection,ridge_10,1235,200.0,51.508828403834514,75.0,73.17593211932613,2.0,1.6678503180615802,2.0,8.751555991033584,7.0,9.777497291367538,27.0,25.90607597976485
template_projection,ridge_10,1236,100.0,-186.06915467727822,46.0,46.77968600612853,2.0,7.091817575882866,13.0,18.95641978834121,5.0,-17.38631829254939,5.0,-6.399304728680477
template_projection,ridge_10,1237,3300.0,3739.0486735372524,2.0,-20.587571416554525,4.0,-4.518516112248472,63.0,73.05640278568852,171.0,185.06280128483357,171.0,191.75287441043972
template_projection,ridge_10,1238,500.0,572.2628228646564,103.0,106.52737713367276,8.0,9.036522867600922,28.0,29.67332004260307,33.0,79.7552729255846,161.0,120.13354581583279
template_projection,ridge_10,1239,2400.0,2242.2442219359696,2.0,10.380022849048068,36.0,35.47499954734476,94.0,96.85929027995083,161.0,161.88614892517217,219.0,211.24728053038046
template_projection,ridge_10,1240,400.0,459.47351979775556,24.0,28.91443920706227,2.0,0.7787058529980602,13.0,14.369405602753595,16.0,9.492609038700905,16.0,17.218702136491885
template_projection,ridge_10,1241,400.0,334.05910131831865,54.0,43.90519656823475,4.0,6.408356345210796,19.0,18.693163624205784,12.0,10.331426012071958,12.0,11.96181190569773
template_projection,ridge_10,1242,1500.0,1428.9112290428789,148.0,130.09287275862738,2.0,4.890011709519639,39.0,47.10111726848541,95.0,92.73096924917097,102.0,107.37393821368335
template_projection,ridge_10,1243,4599.0,4743.824609467645,107.0,109.56163404849765,89.0,90.31798397560844,216.0,202.82004271290396,322.0,308.65694827500954,364.0,386.6723971879809
template_projection,ridge_10,1244,600.0,1019.7542632924078,6.0,30.806659103632274,2.0,3.408857591013854,13.0,12.38238177229966,13.0,6.233861938934609,17.0,-7.3053415775411565
template_projection,ridge_10,1245,1900.0,1704.5352960393238,113.0,108.52888047142756,12.0,13.17684514560502,14.0,16.714440976306634,152.0,94.95872114196035,68.0,105.2693630708292
template_projection,ridge_10,1246,400.0,352.7000136375875,89.0,84.57563661928394,2.0,3.338509491289198,23.0,24.53135845939116,12.0,20.218414612284043,47.0,39.54427019001288
template_projection,ridge_10,1247,500.0,485.89208512221546,58.0,57.03914151057627,5.0,4.278099124164866,23.0,23.790060473030188,15.0,9.65997774353447,17.0,22.508650266430024
template_projection,ridge_10,1248,400.0,538.6036644533212,48.0,53.58527233922037,6.0,3.8067358611678905,52.0,48.560478944318646,18.0,18.94097912739982,32.0,36.91021549677377
template_projection,ridge_10,1249,700.0,611.7552860169787,95.0,104.01991587353342,13.0,16.60656202128584,30.0,20.502333929892462,51.0,53.40991315284753,76.0,72.5219012907975
template_projection,ridge_10,1250,1500.0,966.9133434599291,39.0,12.863231201396061,50.0,65.91562271088786,72.0,70.84246037217537,231.0,176.08293257236048,241.0,263.0697715949817
template_projection,ridge_10,1251,5500.0,5114.97753316966,15.0,7.4302580361918515,39.0,41.1261351462867,124.0,126.7574184722099,219.0,239.5029951264609,262.0,248.97624561622243
template_projection,ridge_10,1252,1700.0,1744.5410390827835,6.0,7.350551094349633,21.0,18.89244053403403,80.0,79.4400158979155,83.0,91.63229452912772,113.0,113.01676523248719
template_projection,ridge_10,1253,800.0,797.7808342381879,59.0,60.29789624650593,3.0,2.645726083888757,34.0,34.141467481759534,32.0,26.738085906382878,33.0,36.042067297391256
template_projection,ridge_10,1254,600.0,451.56866316605,189.0,176.3995403291513,5.0,10.363698284942,21.0,25.357443908097025,39.0,33.28660082122048,51.0,49.012246614262445
template_projection,ridge_10,1255,1000.0,1041.7215016978787,11.0,12.166911235409877,2.0,1.8512822001745874,98.0,92.3116420658574,22.0,38.90462303539567,66.0,61.46407782892811
template_projection,ridge_10,1256,2500.0,2635.3696061047417,2.0,4.178755847602844,21.0,20.055705162605243,138.0,136.63558572319621,286.0,263.34043397745626,313.0,331.72153815094066
template_projection,ridge_10,1257,1100.0,1209.9638564836273,80.0,82.13613098387845,19.0,20.04546608435721,52.0,53.205574230782915,111.0,129.69548969291645,196.0,175.58372229855576
template_projection,ridge_10,1258,300.0,336.26121972703766,53.0,51.15142772657533,3.0,5.208597544031601,22.0,24.19998683775729,6.0,-0.9046926517198415,6.0,3.257246436141884
template_projection,ridge_10,1259,200.0,285.7050546547771,46.9098,53.35956055266982,1.0,-1.122423361468746,13.0,13.7586846656206,10.0,11.99009923278102,26.0,26.383289129719188
template_projection,ridge_10,1260,300.0,180.22688559822564,48.0,54.77906712234711,2.0,1.4464598961586574,2.0,4.863469384778838,4.0,-4.297266115614278,6.0,3.4237877381964807
template_projection,ridge_10,1261,800.0,914.5841982178752,56.0,29.681322345003945,2.0,8.832008896093292,15.0,18.67952032724621,56.0,46.62901896737376,56.0,61.21733135304821
template_projection,ridge_10,1262,1100.0,1063.3078981087756,2.0,42.51191461242216,35.0,21.53942113287431,30.0,26.888036719339592,51.0,63.52433444085778,76.0,80.31864730209772
template_projection,ridge_10,1263,1500.0,949.7039138550864,2.0,-5.2830968139236205,7.0,6.751177221291217,41.0,54.50604810049994,72.0,61.89521100019622,72.0,75.59415101473422
template_projection,ridge_10,1264,1200.0,1206.0345919499446,19.0,23.55278905229084,2.0,3.0113147472992647,31.0,31.765870728115992,90.0,94.06249055536799,130.0,120.0295729603163
template_projection,ridge_10,1265,400.0,362.7706440405277,201.0,194.44684178900462,3.0,4.763106966343463,18.0,16.250803803926203,16.0,15.05457155650106,27.0,31.901898154626437
template_projection,ridge_10,1266,500.0,618.648384224426,73.0,72.90976477209178,12.0,14.349642970387098,35.0,34.39019866032129,34.0,59.365709312178794,112.0,87.61196283564834
template_projection,ridge_10,1267,1600.0,1970.9591237800782,2.0,12.487326837940692,21.0,21.003735776451002,66.0,64.24092213726999,91.0,75.50004868675089,91.0,87.73508727576038
template_projection,ridge_10,1268,1300.0,1909.1428245790469,2.0,9.566989211075224,4.0,2.710413712628384,96.0,104.7585172087277,40.0,64.04583815876389,101.0,58.703455162960275
template_projection,ridge_10,1269,900.0,1076.0928078168502,15.0,19.95696760193001,27.0,25.4567132083647,97.0,94.65945059571317,47.0,83.97678647804702,148.0,124.65302869084236
template_projection,ridge_10,1270,2500.0,2514.5467749389236,2.0,-22.553899408125133,21.0,27.987928860023107,142.0,133.11221699715944,214.0,212.16189659393447,250.0,275.6237163938812
template_projection,ridge_10,1271,900.0,172.4880562330411,88.0,52.92053133941871,24.0,25.424360499769925,35.0,34.47021796150171,73.0,80.95579119266552,120.0,147.48827802817215
template_projection,ridge_10,1272,1400.0,1475.2488841990069,16.0,27.753232423427537,47.0,41.78959239848542,86.0,81.58941508145318,162.0,137.8148775826354,162.0,189.28166107861207
template_projection,ridge_10,1273,600.0,696.4471749363767,75.0,79.47574073858792,2.0,2.055785027993309,24.0,24.452186832302516,61.0,48.49852333448128,61.0,65.7747443865557
template_projection,ridge_10,1274,400.0,582.0987848881263,202.0,217.16955768938746,2.0,1.8369691861429445,21.0,4.963048507604903,52.0,40.18901235241243,52.0,66.00192180732918
template_projection,ridge_10,1275,900.0,862.0821003165152,81.0,80.45421844222048,10.0,9.021156386397667,41.0,43.00562346677646,88.0,91.38651068919665,123.0,123.63376479650941
template_projection,ridge_10,1276,1500.0,1552.4691880971686,5.0,24.28866513356148,6.0,2.7706434422308472,55.0,51.519755589301106,51.0,43.328171771471105,66.0,46.08918327591419
template_projection,ridge_10,1277,2000.0,2092.0975508773727,2.0,1.0307203920183596,2.0,2.7649615874539553,131.0,126.31209532312172,209.0,180.77047006184188,209.0,230.4647531618341
template_projection,ridge_10,1278,500.0,589.7704971934553,19.0,16.3723638236227,8.0,7.35890761119502,40.0,41.830954538688765,12.0,13.226835360726824,29.0,25.872580124458977
template_projection,ridge_10,1279,1899.0,2422.9312724036154,102.0,110.83958398222069,26.0,5.521724792479391,74.0,87.86233861358681,216.0,188.68334712164477,180.0,229.3395001554797
template_projection,ridge_10,1280,1500.0,1297.565002947778,2.0,-25.81526214817673,4.0,17.56641517897373,56.0,51.161761274559794,98.0,89.61521954653752,124.0,111.76723129678443
template_projection,ridge_10,1281,1300.0,1669.3954248771995,7.0,-0.10299572217962805,7.0,7.107777188145805,70.0,78.76162901256922,31.0,57.666980862926465,65.0,39.300233038660494
template_projection,ridge_10,1282,2300.0,2273.9736483815295,2.0,5.982598284532642,36.0,34.142141584330986,76.0,74.26376653618988,130.0,132.7909823636887,156.0,160.19789465643444
template_projection,ridge_10,1283,200.0,182.57700082953193,72.0,71.32864911688898,2.0,1.567200763719999,12.0,13.138410370015109,7.0,5.301535772641699,19.0,20.72000935233328
template_projection,ridge_10,1284,1300.0,1190.2718535075799,52.0,42.84878573198715,2.0,9.481602577252515,31.0,25.91155386296328,102.0,84.90917263841853,111.0,115.40835312914308
template_projection,ridge_10,1285,2100.0,2061.1216521192105,7.0,19.61451115896857,51.0,45.79285313726412,91.0,87.03675049081406,58.0,43.43382324888984,23.0,42.45166098312423
template_projection,ridge_10,1286,1300.0,1492.14166522365,2.0,9.78993000554182,43.0,42.14819288422896,91.0,87.62757473847478,112.0,143.75875577444484,223.0,199.5626284655973
template_projection,ridge_10,1287,800.0,1047.049628657938,2.0,5.7923949786205,8.0,7.566980413642883,90.0,86.25596171892414,55.0,66.26725784728222,99.0,93.22171219390756
template_projection,ridge_10,1288,600.0,603.8653893702182,40.0,38.32851613258606,3.0,1.8039218901343066,38.0,35.78687836176704,34.0,29.455792837533366,34.0,45.4697225945847
template_projection,ridge_10,1289,1200.0,1116.2296795660009,220.0,219.77491334410269,52.0,69.685584007376,27.0,22.453213489520355,176.0,119.45425097126274,190.0,162.7013897957671
template_projection,ridge_10,1290,400.0,138.81071414070584,113.0,109.44447831814445,7.0,5.976617572873659,17.0,13.367863424644,26.0,21.712585501391047,27.0,37.71197840785064
template_projection,ridge_10,1291,400.0,395.00068246907006,73.0,74.58125155842203,7.0,8.108719870157223,15.0,17.060284318342745,16.0,36.76266223975167,81.0,60.591107743063546
template_projection,ridge_10,1292,1400.0,981.0929974206399,41.0,-1.1444929231885652,30.0,44.52670452038688,65.0,73.65329292512254,83.0,65.62615004441128,93.0,100.39400383477337
template_projection,ridge_10,1293,4000.0,3667.271423242816,10.0,4.329548445327454,37.0,38.56636480951409,100.0,104.55318642465447,139.0,152.0925715088149,168.0,157.84167478727153
template_projection,ridge_10,1294,1000.0,723.9374351145042,95.0,78.07899754400397,2.0,10.04186566836514,57.0,51.36336328329015,136.0,105.73855867924584,136.0,151.5542018227296
template_projection,ridge_10,1295,1400.0,1395.8782346018147,26.0,31.07119278694849,32.0,29.86894717618136,56.0,56.70775439113032,75.0,79.47419004336983,103.0,101.98873355482269
template_projection,ridge_10,1296,1400.0,1422.9644223596715,157.0,154.34262631295016,6.0,8.51146844273597,32.0,30.90051558034908,200.0,169.78557869061802,200.0,214.05276972022816
template_projection,ridge_10,1297,600.0,695.9859784281764,138.0,131.5644919677638,2.0,6.660678256411025,31.0,31.23514017049734,34.0,35.01050213337342,65.0,58.800247882604424
template_projection,ridge_10,1298,3600.0,3375.5377681310265,24.0,16.552349995676607,21.0,22.629571448844743,74.0,75.19252682989116,158.0,154.8392901742422,158.0,160.76316299149468
template_projection,ridge_10,1299,900.0,1062.7820693922654,30.0,29.393585393645846,11.0,11.587102810098608,68.0,66.71407553970982,62.0,68.39988198802827,104.0,101.02498195908551
template_projection,ridge_10,1300,700.0,671.0482027939046,100.0,97.77380365459878,2.0,1.418492105965326,38.0,37.198616108971116,20.0,25.863060459119104,38.0,38.94559668702243
template_projection,ridge_10,1301,300.0,238.58704930269107,47.0,53.638057204138114,2.0,3.541727750435527,25.0,35.66772648247087,11.0,5.176558493956577,26.0,12.330495147481471
template_projection,ridge_10,1302,300.0,275.7102318777272,65.0,66.24056931148672,2.0,0.5811799633162487,10.0,11.466495433684727,15.0,11.190048604119227,20.0,24.97054065884811
template_projection,ridge_10,1303,1000.0,1082.9491579462317,35.0,42.54144327085988,5.0,7.645487717898696,35.0,28.578880903680357,66.0,48.77654124154959,48.0,53.1566345932038
template_projection,ridge_10,1304,400.0,372.9292366134239,118.0,113.09323633227592,1.0,1.9663017126355893,12.0,11.547800848467958,9.0,9.963275592171428,19.0,21.74194674537597
template_projection,ridge_10,1305,2299.0,2250.511005213409,123.0,136.90919824868985,74.0,67.07401599122537,38.0,43.31842966218878,196.0,186.27972675143516,223.0,231.88243300514876
template_projection,ridge_10,1306,1300.0,1376.2499664076247,29.0,39.07090357352063,11.0,8.05947945000123,37.0,39.372629840545756,59.0,68.50598521201401,99.0,86.90981898404004
template_projection,ridge_10,1307,900.0,888.735913200687,48.0,57.4270549029256,11.0,5.042466543398714,54.0,44.400981592064355,29.0,40.31433709376103,44.0,67.19016331739635
template_projection,ridge_10,1308,1800.0,1718.6442128134245,10.0,1.514608048828734,26.0,29.000948034616016,55.0,52.953942525574256,33.0,45.40200591322716,54.0,52.79808311625692
template_projection,ridge_10,1309,3300.0,2840.0902805516484,2.0,-9.751861240795222,21.0,38.52591000176874,103.0,94.18618333056608,202.0,166.31456273827837,215.0,199.81642495232006
template_projection,ridge_10,1310,1100.0,1182.2201529374784,40.0,38.27393269975748,2.0,2.9158885367034912,64.0,63.077325837994536,136.0,112.82534124980896,136.0,149.93236614880755
template_projection,ridge_10,1311,400.0,343.74076944222656,24.0,28.31009205039567,7.0,4.93878429531526,38.0,36.586748789553965,15.0,7.449620021959319,18.0,21.98356744200906
template_projection,ridge_10,1312,1300.0,1246.8194256626862,13.0,-4.684329968790692,9.0,-2.0376139957223973,74.0,70.01606026087688,79.0,98.18591050973816,79.0,109.20099002287752
template_projection,ridge_10,1313,4700.0,4568.377323581328,65.0,61.52115818239785,63.0,64.94093214756124,125.0,125.00002814275618,257.0,246.58695108172884,273.0,275.754293082878
template_projection,ridge_10,1314,1000.0,1016.2558334965275,8.0,5.558488658077309,2.0,3.1243133263128247,62.0,60.656445814588025,33.0,26.916183518253995,36.0,38.15121556009248
template_projection,ridge_10,1315,2000.0,2092.519646478355,2.0,14.944892607018069,38.0,34.49396520221069,124.0,121.45534146498275,133.0,120.74030339479032,147.0,155.53211625552427
template_projection,ridge_10,1316,500.0,514.4950775084658,80.0,80.21470269962822,1.0,0.07873004717332854,7.0,7.165378141594232,24.0,10.61296249803226,25.0,27.653545927397175
template_projection,ridge_10,1317,600.0,693.8750716494264,153.0,146.046196045128,7.0,9.9476811077129,66.0,64.18144953135052,26.0,51.193718555976204,102.0,82.99802691727957
template_projection,ridge_10,1318,300.0,244.97303743867974,65.0,65.35364326996468,2.0,2.7902371304576814,16.0,15.878748152478856,12.0,2.421455355822175,12.0,14.326875583968103
template_projection,ridge_10,1319,700.0,622.1748383050231,51.0,48.875630440465756,13.0,13.76815344593171,26.0,28.748254594838272,41.0,32.096141602867405,48.0,50.220292349574024
template_projection,ridge_10,1320,300.0,239.6222881523055,84.0,83.3463748539033,4.0,6.297564876119713,7.0,9.464120823098703,9.0,25.593330432610585,62.0,42.497354687606084
template_projection,ridge_10,1321,500.0,647.1994718300467,96.0,71.17320586229799,8.0,17.152731475054907,16.0,16.82996196758085,30.0,43.65182180958047,78.0,65.97426691771314
template_projection,ridge_10,1322,7300.0,6482.406233886753,3.0,-12.614149019729751,8.0,21.487157484810318,177.0,176.64848221321097,475.0,436.01915938116986,489.0,495.22455616281763
template_projection,ridge_10,1323,2700.0,2452.4582375578566,34.0,27.125399839097607,11.0,13.33357479591897,48.0,51.200915251785034,61.0,82.8826067105871,100.0,79.23253387972636
template_projection,ridge_10,1324,700.0,702.78788630593,36.0,31.90850654818985,2.0,4.404114390242624,24.0,23.91235928132066,29.0,17.013646258545727,29.0,32.42898557901944
template_projection,ridge_10,1325,800.0,647.5308261961447,63.0,58.14609542297582,2.0,2.408193019524516,11.0,13.435633127745,4.0,3.8399432279921086,5.0,7.987746886904418
template_projection,ridge_10,1326,2000.0,2106.7125760169192,36.0,44.3054188529692,85.0,80.02223257446519,62.0,61.463521943753555,116.0,111.62959151416942,132.0,142.8249509236153
template_projection,ridge_10,1327,1400.0,1438.625206917302,50.0,49.72853455681384,21.7056,18.915484183799844,51.9409,51.425290951227794,260.0,151.65370776085487,120.0,197.65093249577643
template_projection,ridge_10,1328,1000.0,1095.187748335723,8.0,29.771867687540812,18.0,17.100316615458688,57.0,45.894117690998314,27.0,33.07199480011827,52.0,42.80879889874918
template_projection,ridge_10,1329,1200.0,1356.149875209677,119.0,120.89973013131895,20.0,20.000148873431073,77.0,73.47007025086458,74.0,87.41064551993168,116.0,109.82104928731223
template_projection,ridge_10,1330,3500.0,3090.8559111055392,4.0,-0.4091681982787492,34.0,34.81404750797905,86.0,89.0021967384287,155.0,152.13161590256783,155.0,164.96604077913463
template_projection,ridge_10,1331,1200.0,1135.8610868118708,30.0,34.711185986096865,3.0,0.23872491361638204,90.0,82.41999411005183,70.0,74.14705391302479,91.0,91.63460227024002
template_projection,ridge_10,1332,1200.0,1418.983756860646,5.0,14.790376289990107,56.0,52.20519003383939,50.0,53.922163846734655,30.0,30.134901843899257,40.0,36.75041002213884
template_projection,ridge_10,1333,1100.0,927.0682408969413,101.0,97.77663089624699,17.0,13.130945272523679,32.0,32.17884201742554,74.0,76.79581166953875,106.0,117.02069840787392
template_projection,ridge_10,1334,600.0,542.4169868201585,247.0,236.248329053121,6.0,7.318666573469155,28.0,25.810924011808417,44.0,46.918411675088734,71.0,76.95028140213134
template_projection,ridge_10,1335,1900.0,1877.5297896439383,2.0,3.2971454098404323,2.0,3.740425510231903,43.0,44.75952957082036,88.0,77.9762186619413,92.0,87.3431551472882
template_projection,ridge_10,1336,600.0,450.7378243106608,2.0,-17.40077748475524,2.0,6.990085291642075,45.0,44.61968666674956,26.0,22.946259771684787,44.0,53.70816129996609
template_projection,ridge_10,1337,1200.0,1297.5137365795422,18.0,48.63807649035342,20.0,13.194803256036685,33.0,34.027731747429044,50.0,29.175245430389104,45.0,48.84431669160064
template_projection,ridge_10,1338,1900.0,1853.4973212678892,102.0,101.51143184429523,7.0,11.655361169335062,24.0,24.84211828095478,186.0,145.20279944904325,160.0,169.69431850095646
template_projection,ridge_10,1339,2500.0,2518.6076839943153,52.0,52.25404784455693,49.0,48.83743832006305,83.0,81.37031322612386,105.0,110.53142456680166,126.0,126.63684046920001
template_projection,ridge_10,1340,7800.0,7178.135573706288,6.0,-25.192334539417246,11.0,16.186496619740755,166.0,190.47868169751007,494.0,462.85499406597586,527.0,516.2120942224544
template_projection,ridge_10,1341,300.0,383.27301870542715,94.0,96.73971982269558,3.0,5.048717353153167,15.0,19.321403066479725,23.0,86.24495722127735,190.0,131.86101024451463
template_projection,ridge_10,1342,700.0,547.2917119242784,92.0,91.23226479498157,2.0,3.6500822794419747,23.0,24.060716581972677,57.0,43.18654180630341,57.0,64.12924039787879
template_projection,ridge_10,1343,400.0,499.2653830646195,63.0,62.41953779703982,3.0,5.132225323419943,21.0,22.69376473473643,12.0,27.292814290291766,58.0,39.9381680740034
template_projection,ridge_10,1344,200.0,213.07660610897483,168.0,153.39429911301937,2.0,3.0143458318171206,20.0,19.336796036955374,32.0,25.73962344277561,32.0,45.97146743788761
template_projection,ridge_10,1345,600.0,557.9196279860686,185.0,184.1021175554785,6.0,8.996418327271861,25.0,37.091759679878976,32.0,12.576081966987175,82.0,81.27987745141057
template_projection,ridge_10,1346,1400.0,1338.0357644160188,48.0,49.07217487075694,31.0,29.312508987219463,52.0,53.53455947969688,84.0,81.81133207572536,105.0,109.70724040777473
template_projection,ridge_10,1347,1399.0,1383.0684623336995,61.0,61.44683333264633,33.0,31.129367637803984,37.0,36.94665710122521,36.0,46.0935158796442,54.0,53.687039945515025
template_projection,ridge_10,1348,300.0,209.1816899833875,78.0,90.38770654249102,2.0,3.5966980711051217,14.0,13.03836943500633,7.0,22.405695447983504,51.0,29.02458468300364
template_projection,ridge_10,1349,400.0,390.08313753260893,64.0,66.83056994385248,7.0,6.947378626269417,15.0,13.858126035256348,23.0,19.989378615820783,33.0,32.83881932214793
template_projection,ridge_10,1350,1300.0,1368.850561629788,2.0,5.612347294399292,16.0,16.33799735703746,109.0,105.85881986545425,110.0,111.57660178931896,152.0,153.59972741543567
template_projection,ridge_10,1351,500.0,395.3732314850108,67.0,63.81028277605797,4.0,4.589081001382352,15.0,15.939296598998304,11.0,10.867784748556687,24.0,24.00467997174904
template_projection,ridge_10,1352,500.0,595.2985299158164,55.0,55.12929579902259,15.0,12.942971113942441,29.0,27.610718760586874,20.0,19.07328887298268,23.0,33.27970238775505
template_projection,ridge_10,1353,1900.0,1853.611186163429,24.0,24.107490388969353,7.0,6.759163954337895,55.0,56.89179742287844,179.0,158.68809346561693,180.0,193.12591562338477
template_projection,ridge_10,1354,900.0,1820.1428324853043,150.0,166.08415580282173,7.0,-24.14782710164581,22.0,18.534739122114875,89.0,140.33972957845688,100.0,158.38960890188304
template_projection,ridge_10,1355,500.0,494.56387358990526,50.0,51.188506124158316,2.0,1.8539927150944742,35.0,34.72264287912927,9.0,19.22537374255095,43.0,35.36547089637378
template_projection,ridge_10,1356,300.0,-70.37542103885244,116.0,128.72572375124156,4.0,-0.5770147534000696,24.0,37.70911834201685,28.0,-1.8126823714979992,44.0,41.290035960915574
template_projection,ridge_10,1357,400.0,451.733388481377,73.0,77.85374180988043,2.0,1.0658535538183038,12.0,15.157143514656966,6.0,7.33114583217214,17.0,16.82173542314864
template_projection,ridge_10,1358,100.0,200.97910184863508,73.0,75.94586954777074,6.0,4.635021199448326,2.0,3.2460885325215827,5.0,5.324275203693489,18.0,18.00538845620018
template_projection,ridge_10,1359,900.0,926.8553415278359,3.0,7.231488586587012,2.0,0.5016454031432289,47.0,45.87684383107195,28.0,23.89737445452586,28.0,34.04096840859077
template_projection,ridge_10,1360,1700.0,1650.2719159249662,47.0,46.44593578218994,18.0,16.687126081563907,39.0,37.69079146217316,85.0,67.23285003758141,55.0,73.78789382021161
template_projection,ridge_10,1361,1000.0,973.1327446296127,17.0,21.208198097302827,11.0,10.805732967998042,80.0,79.49807442443023,37.0,47.10978640787826,79.0,70.25674369486532
template_projection,ridge_10,1362,300.0,305.2145292902587,70.0,87.25999929619081,5.0,-6.2021790311495675,18.0,26.665766294114796,14.0,22.48691082706501,37.0,44.157106975038744
template_projection,ridge_10,1363,1800.0,1926.3704538788284,2.0,4.97818205277629,6.0,6.367581478081817,90.0,87.70807093540466,210.0,180.5612244942663,212.0,229.83459416996936
template_projection,ridge_10,1364,900.0,1046.462961867811,186.0,209.10103704272396,22.0,19.761411012067022,29.0,8.678243420660259,56.0,133.52114677367643,208.0,196.10896419385358
template_projection,ridge_10,1365,2600.0,1545.115998795597,54.0,20.043604383226644,26.0,33.9308658339794,49.0,54.56290895687176,207.0,186.48096214480202,234.0,250.8092162953411
template_projection,ridge_10,1366,600.0,557.0764582307728,14.0,12.999678797096465,2.0,5.978978085851365,50.0,49.25126982153425,102.0,73.24856378065864,102.0,112.24818086859203
template_projection,ridge_10,1367,3900.0,3551.554450517613,6.0,8.639665663149621,47.0,46.61737191351601,94.0,95.35410641355384,91.0,129.1241385676074,158.0,130.91766939971828
template_projection,ridge_10,1368,600.0,907.0747775912874,155.0,167.22034545456702,2.0,-7.159849298955644,31.0,22.87604756499724,33.0,45.471478220542906,49.0,69.73992785656577
template_projection,ridge_10,1369,1600.0,1800.980745279132,107.0,111.54121041662707,45.0,31.325427095510044,58.0,44.60468184566156,165.0,160.2266990350306,156.0,193.44336510534444
template_projection,ridge_10,1370,400.0,390.87061142529933,56.0,59.85237018293752,3.0,3.7094947251890815,22.0,23.60088581801587,29.0,59.50441987301886,123.0,94.52228859682488
template_projection,ridge_10,1371,900.0,826.2607790477566,62.0,60.576561534726295,8.0,8.958684150764746,35.0,33.38204977495719,27.0,31.552877467280283,43.0,42.34663526268282
template_projection,ridge_10,1372,200.0,252.34244413804458,74.0,75.9870951194577,2.0,2.0799449035070676,14.0,13.171593211539715,10.0,20.286713488294758,46.0,37.457540836793385
template_projection,ridge_10,1373,2000.0,2060.2112583526064,3.0,10.349327935294404,59.0,51.85125851258872,85.0,83.12731750546891,109.0,100.19420425868171,101.0,124.29037477323172
template_projection,ridge_10,1374,400.0,397.6186399673412,59.0,70.15617783734871,3.0,-9.255136680454735,16.0,20.187888590201357,13.0,40.808063559315634,49.0,52.05476005467097
template_projection,ridge_10,1375,400.0,449.26879035421564,105.0,109.59161840899466,2.0,3.5863644792677274,40.0,37.985271447649396,43.0,44.66081155040144,86.0,73.83845877913113
template_projection,ridge_10,1376,1400.0,1441.9655073801605,2.0,2.8932189997390836,7.0,7.658998859654927,68.0,67.49191039847332,109.0,92.26441986725781,109.0,118.1419769141039
template_projection,ridge_10,1377,1200.0,1222.5244434680967,10.0,9.49437053586471,22.0,21.445000749459197,37.0,40.61657043517255,49.0,66.40858586912566,93.0,85.62139303120799
template_projection,ridge_10,1378,900.0,872.602520031488,232.0,229.05525935474978,31.0,32.192033812562286,29.0,26.964745969889385,110.0,107.31624648390512,157.0,157.5859494008958
template_projection,ridge_10,1379,2899.0,2753.08623612665,33.0,34.00858073972185,41.9832,39.15995511893897,60.1529,66.21196529175907,301.0,235.57271476619246,233.0,280.71511393096694
template_projection,ridge_10,1380,400.0,403.7415419797403,103.0,101.15189644812332,3.0,4.310665060937451,25.0,23.7066757383353,11.0,27.84013158037937,58.0,44.98579887582976
template_projection,ridge_10,1381,1000.0,1196.0958976001132,68.0,45.28066324012009,15.708,5.527507074910842,52.3515,77.04170209359759,71.0,103.47772830650844,135.0,134.04665091143227
template_projection,ridge_10,1382,300.0,311.7934327030831,71.0,74.61987438650279,19.0,17.989416911091837,8.0,10.832892515367732,14.0,9.897458012495832,29.0,26.886658830776142
template_projection,ridge_10,1383,1700.0,1820.731974039712,85.0,82.7703831956351,31.0,32.38703633941773,103.0,104.32795888017178,226.0,228.52302314645064,312.0,306.0092245892654
template_projection,ridge_10,1384,2000.0,2409.685245828291,83.0,83.1211944835023,55.0,52.833336234235226,122.0,116.75116876321462,268.0,237.8939313599466,277.0,311.08503660801864
template_projection,ridge_10,1385,500.0,828.4855603489568,52.0,39.900693397162996,2.0,15.360196799113025,45.0,39.11919227421423,89.0,56.9993395684437,89.0,88.78272371182601
template_projection,ridge_10,1386,600.0,701.7718710876154,39.0,38.926700126892925,2.0,1.7362887167026813,41.0,39.13937361218382,22.0,32.108150901286855,54.0,47.724748804450456
template_projection,ridge_10,1387,3100.0,3016.116791384883,2.0,8.313952587153878,20.0,12.768455090522984,56.0,53.99637424672065,92.0,107.38286103361764,92.0,98.18289054124628
template_projection,ridge_10,1388,1200.0,889.601008325982,16.0,19.655533799960338,26.0,22.522863369354692,69.0,75.81959809673987,45.0,54.426353100315424,91.0,98.4714482500115
template_projection,ridge_10,1389,1000.0,690.226166337438,134.0,97.3550621114701,2.0,10.702486847968567,32.0,24.369966795911818,53.0,51.31573973368341,53.0,67.88444431807056
template_projection,ridge_10,1390,600.0,650.9425275208325,39.0,41.03560358482017,12.0,12.282773538671734,43.0,45.94522980374279,34.0,48.599285689896405,90.0,74.89798215450823
template_projection,ridge_10,1391,300.0,22.763971728169736,74.0,60.17378992297066,2.0,3.3719557217911156,27.0,33.293094390601695,3.0,7.149359915002876,14.0,7.603461503292522
template_projection,ridge_10,1392,1000.0,1313.81874874776,102.0,94.71271757536276,26.0,28.754526480648714,32.0,28.12077078934798,103.0,128.74630700374001,189.0,167.98479592857325
template_projection,ridge_10,1393,800.0,802.6721295644027,23.0,14.537973275097677,18.0,18.90281322040731,41.0,50.620165103055385,23.0,21.243515400977927,45.0,42.583352824152286
template_projection,ridge_10,1394,1500.0,1559.6211739663718,52.0,53.18841279291692,47.0,46.16575995556784,65.0,64.86711946538324,63.0,74.31077349468043,104.0,94.04639620138923
template_projection,ridge_10,1395,800.0,88.35414805088976,55.0,22.966078319100205,16.0,29.546718563728454,39.0,62.414800648479044,3.0,-16.0864732336735,30.0,12.642278788897357
template_projection,ridge_10,1396,2700.0,2964.6216698149938,2.0,71.96548657138015,69.0,26.89110804651225,94.0,77.90120097972294,100.0,143.93194852929645,137.0,188.61171852939142
template_projection,ridge_10,1397,900.0,813.9050449522775,210.0,208.90367771053164,40.0,38.61900619403118,36.0,37.210640221695584,87.0,90.05973145885731,133.0,133.35933790113256
template_projection,ridge_10,1398,1100.0,1006.1661694142185,161.0,160.04796078625708,34.0,33.5570789010538,26.0,26.677254827934508,121.0,100.76929518437106,124.0,138.70581762649002
template_projection,ridge_10,1399,900.0,1360.8650062966808,2.0,20.721927607944913,4.0,-0.19241531437904946,93.0,97.56932507452552,90.0,90.35866761687001,130.0,116.02857253608859
template_projection,ridge_10,1400,400.0,775.4740339807076,51.0,-9.492167209267734,18.0,37.27698373066977,20.0,17.59607547381328,4.0,21.69252974880053,30.0,16.43808849082204
template_projection,ridge_10,1401,200.0,147.48201667549665,57.0,54.73478328988979,8.0,8.342780185931396,24.0,25.08961433153038,4.0,-1.0724270669877995,13.0,15.987608156646175
template_projection,ridge_10,1402,300.0,367.440666044624,71.0,71.10685462146344,2.0,0.5460966292953966,20.0,17.06904204737426,15.0,12.567107556157964,15.0,24.272480610198414
template_projection,ridge_10,1403,900.0,881.6568087401188,2.0,4.877782937480021,2.0,2.139958626419471,49.0,50.94972257952028,21.0,25.560859640882207,46.0,38.87640710561905
template_projection,ridge_10,1404,500.0,447.56697227697373,50.0,47.84220126634156,7.0,7.193862428398736,14.0,14.65345258684998,10.0,1.94990812317549,10.0,13.790659891010804
template_projection,ridge_10,1405,400.0,491.00177663836087,64.0,63.6721141577454,3.0,4.3239086413338175,49.0,47.825179533451745,9.0,17.62745998291158,45.0,35.517208602999915
template_projection,ridge_10,1406,1700.0,1459.8906009822933,2.0,-0.47260199864800967,13.0,2.0437265584313735,65.0,67.34912775123358,49.0,78.2897129055014,67.0,93.02265006493198
template_projection,ridge_10,1407,5000.0,4634.603753822498,2.0,-4.9517866443203005,49.0,53.12891683103633,84.0,87.07789430467898,95.0,136.41273766629956,160.0,123.39444954452867
template_projection,ridge_10,1408,600.0,1444.1985798641604,128.0,141.3637479925115,2.0,21.95863313797398,38.0,47.13255250435885,31.0,12.432474464431905,73.0,5.99787303476613
template_projection,ridge_10,1409,500.0,644.1289451816275,12.0,14.493869314566425,2.0,2.686262060339063,61.0,58.575338028913194,70.0,52.388795542415934,70.0,79.5243670065348
template_projection,ridge_10,1410,1200.0,1977.9903868914716,11.0,67.56381517299832,3.0,0.38383203328760374,76.0,66.27327630123088,89.0,57.092431119029385,90.0,62.27974391136145
template_projection,ridge_10,1411,300.0,294.09365325710917,86.0,84.12810799712088,2.0,2.6542495896253087,17.0,16.769444637901998,3.0,-0.579518277000787,9.0,10.963689620463143
template_projection,ridge_10,1412,1400.0,1422.1123735814747,14.0,15.120351987386897,2.0,2.3673369153048345,67.0,66.21734432030155,138.0,116.52284466827341,138.0,149.85950370191793
template_projection,ridge_10,1413,2500.0,2557.4878468826014,21.0,-6.630394952455234,118.0,114.5151484330523,101.0,98.61505806395468,185.0,182.67246185910517,201.0,246.22369252593168
template_projection,ridge_10,1414,2500.0,2487.248522820838,61.0,63.404418096253714,44.0,43.41408942962261,50.0,54.74486844140882,223.0,212.7555849550223,263.0,261.93574295647886
template_projection,ridge_10,1415,400.0,203.93759536474113,57.0,57.0684722311067,5.0,3.720472171870309,22.0,17.99030238098934,14.0,13.413371017340182,15.0,24.883507435546733
template_projection,ridge_10,1416,800.0,930.131563606381,8.0,13.975929159237914,14.0,10.895286173904159,54.0,52.03450403999974,80.0,66.89134231351271,80.0,93.52306815969962
template_projection,ridge_10,1417,300.0,191.93642159330852,96.0,89.44103018797527,2.0,3.875002431771428,14.0,13.123847950116442,3.0,-0.4047945437314553,7.0,11.941350282269468
template_projection,ridge_10,1418,1000.0,1036.7204532988255,7.0,11.313450944800621,49.0,46.35442761540985,108.0,106.24502087668432,100.0,109.617329677503,166.0,164.66425859155402
template_projection,ridge_10,1419,1100.0,641.3846268180786,12.0,11.09990491654964,6.0,-7.185751257749162,62.0,70.08002209361716,51.0,74.63326231165749,104.0,118.15931919694265
template_projection,ridge_10,1420,300.0,363.6201105286781,67.0,84.2167178797631,4.0,-0.034355934216295125,12.0,8.473403220526933,10.0,2.3434797965970944,10.0,12.384344255194193
template_projection,ridge_10,1421,1000.0,353.12394306197825,28.0,27.60925386842589,2.0,0.42230568050306516,45.0,65.58000824549957,42.0,21.230179899615244,42.0,37.004402222421106
template_projection,ridge_10,1422,900.0,1183.5082005920956,15.0,35.15646371254873,5.0,-2.6338696166972593,44.0,46.36282610092541,38.0,55.19961421184088,84.0,70.62848022934497
template_projection,ridge_10,1423,500.0,973.3420509158498,18.0,40.005629798369355,9.0,12.715565911425518,45.0,36.33254044535705,5.0,-1.2528041508472256,15.0,-13.822624746279928
template_projection,ridge_10,1424,900.0,1420.33193151857,76.0,61.86339768896053,29.0,25.16433217260535,63.0,68.67560968982181,81.0,108.45460394282975,172.0,151.88123483861227
template_projection,ridge_10,1425,1500.0,1500.1017659741217,22.0,31.164113874603476,53.0,49.040496671930164,41.0,42.422477562412425,87.0,74.13541217547231,85.0,95.5667462652378
template_projection,ridge_10,1426,3400.0,3309.6496016450646,4.0,-5.44856238146717,4.0,10.13160209259998,160.0,156.58276324919777,357.0,325.79022778503884,396.0,404.51512501940636
template_projection,ridge_10,1427,2100.0,2146.000625592643,12.0,14.866841382673975,35.0,32.66933407364375,78.0,76.87865489469064,74.0,81.76510240590338,92.0,89.6124681061635
template_projection,ridge_10,1428,1500.0,1645.5805714479284,3.0,5.862492125221415,4.0,5.122978779374298,45.0,44.4924850739844,141.0,133.88747669990804,169.0,169.68858310151094
template_projection,ridge_10,1429,400.0,452.99111084417245,55.0,54.165616016315596,3.0,4.227207144084359,50.0,49.31857239594989,25.0,34.239267276891894,69.0,60.07806863665294
template_projection,ridge_10,1430,2300.0,2129.5316101159315,114.0,107.60222887460102,9.0,11.518442821968623,21.0,24.418651527663542,115.0,106.96724411645637,115.0,114.42076089036675
template_projection,ridge_10,1431,600.0,785.5024598529778,46.0,47.35386420212579,5.0,4.142373722209854,32.0,31.02415701845053,34.0,29.529947430734737,34.0,40.42586514085198
template_projection,ridge_10,1432,200.0,599.372319328785,51.0,57.31013125007651,2.0,-10.605787740982413,13.0,10.557592295694057,13.0,28.048504215673574,13.0,33.825710871957895
template_projection,ridge_10,1433,1200.0,1184.935738139566,283.0,272.26372881197295,2.0,-0.08690530795088058,25.0,28.963549794581958,99.0,92.15890608915565,103.0,118.82773832891326
template_projection,ridge_10,1434,700.0,624.8078133115184,202.0,194.1542181844719,2.0,3.508170990817936,25.0,22.584857367207057,79.0,67.61284529202408,82.0,96.43290425607297
template_projection,ridge_10,1435,600.0,455.0010336230763,27.0,30.50137244608385,13.0,15.81933643940434,59.0,59.26501643040681,46.0,32.92358276357859,53.0,54.53869144149604
template_projection,ridge_10,1436,600.0,597.1525382989536,41.0,41.76292944065731,2.0,1.2899123688252363,34.0,33.50237753300094,19.0,14.52455620722607,21.0,26.26907960574856
template_projection,ridge_10,1437,500.0,675.5022526974304,54.0,47.403170342807925,2.0,-1.21145989016342,15.0,27.27643100071383,7.0,2.881688842235448,20.0,13.701499364169607
template_projection,ridge_10,1438,200.0,150.76231686721712,84.0,85.28553156894978,2.0,0.815727965092254,3.0,4.135465451192324,10.0,8.001231971298012,20.0,21.976039241636528
template_projection,ridge_10,1439,800.0,1100.2498011272864,65.0,67.42585707935066,2.0,-8.026947892936347,53.0,48.5092677752192,50.0,68.91758273847644,50.0,84.66419526558524
template_projection,ridge_10,1440,600.0,550.5584700010041,80.0,76.28890657447374,17.0,16.23101773699192,20.0,20.47655801863966,30.0,34.182639914346844,50.0,53.75904375475155
template_projection,ridge_10,1441,600.0,-62.28427916808914,17.0,31.11035584283631,2.0,1.396299018385255,13.0,7.946409714924144,42.0,29.165897083881774,42.0,57.59180913433532
template_projection,ridge_10,1442,300.0,340.9830578771439,36.0,38.823710886827726,7.0,6.989249573332529,5.0,4.8316854584129345,9.0,5.157133407386553,16.0,16.991853059223445
template_projection,ridge_10,1443,1100.0,1150.8877875208293,174.0,165.99701547835775,18.0,17.9920962104157,36.0,34.39483908101065,110.0,104.42589117837159,130.0,138.07587628147456
template_projection,ridge_10,1444,300.0,-23.621622503943627,54.0,52.831851260898134,7.0,5.751048978957757,39.0,36.671536160330305,10.0,10.51761110332329,38.0,42.164202304583696
template_projection,ridge_10,1445,1300.0,962.2163410041103,56.0,50.52165941273989,17.0,19.970083723771864,51.0,60.37611534741518,156.0,119.16272695319869,156.0,165.77033190547056
template_projection,ridge_10,1446,400.0,400.5081996794544,124.0,126.77896935369105,14.0,15.712387455186608,38.0,35.78733435535468,46.0,58.03272396266459,105.0,94.14334185462346
template_projection,ridge_10,1447,3600.0,3959.311876081927,5.0,35.65701164046094,108.0,91.42625656273233,114.0,114.3077505124827,194.0,204.15845723568464,220.0,230.70494012113113
template_projection,ridge_10,1448,700.0,742.0932303435709,15.0,13.884214611145183,30.0,41.24080169499513,52.0,51.76679766372228,30.0,10.780890959006143,42.0,17.69993271558286
template_projection,ridge_10,1449,800.0,810.2271541851518,58.0,55.65293752760531,4.0,5.570283277093065,54.0,54.51165018875017,116.0,90.77249185688461,116.0,128.1091469065597
template_projection,ridge_10,1450,500.0,362.39665230311414,173.0,164.38131742880947,2.0,4.172779500090879,13.0,12.280335517814926,36.0,27.833002572666487,36.0,44.802836574402114
template_projection,ridge_10,1451,3500.0,3447.464125945601,65.0,71.19690133868725,54.0,48.17836096451197,132.0,130.94643357772094,288.0,290.5254715271094,354.0,355.7331312181923
template_projection,ridge_10,1452,1100.0,1317.5848722794506,20.0,16.414269705601818,6.0,8.115460834561263,144.0,137.79993735285316,70.0,103.66061896319307,172.0,149.1426057071359
template_projection,ridge_10,1453,2300.0,2340.7893833684643,9.0,19.25880020555499,42.0,36.97908453696551,59.0,59.50016741580591,162.0,139.91052123107858,149.0,164.77463405275117
template_projection,ridge_10,1454,500.0,564.7730919743879,64.0,66.11348674812326,17.0,16.532846114404503,36.0,34.706539189312544,59.0,49.49759208679259,69.0,74.628059193204
template_projection,ridge_10,1455,500.0,628.6139666353881,78.0,76.39525722955733,6.0,6.397502705835267,23.0,22.910159369199892,50.0,42.57315505109256,50.0,58.24583327572475
template_projection,ridge_10,1456,700.0,665.3876825785019,118.0,112.43251260209342,5.0,6.751940904368075,38.0,39.674567837066114,44.0,52.74492004951048,86.0,78.23713225948366
template_projection,ridge_10,1457,200.0,307.8785546053904,91.0,98.19468393686236,2.0,-9.882826540288518,16.0,28.527612683782692,17.0,17.681806646269557,21.0,23.94380823666434
template_projection,ridge_10,1458,3200.0,3146.9941790333232,8.0,-0.29324299012630917,36.0,37.077592467900736,122.0,125.20135413875076,192.0,184.54411619716421,216.0,218.0939682829724
template_projection,ridge_10,1459,2900.0,2661.541953048377,2.0,-0.2483852997866336,22.0,23.113030769024164,66.0,67.98197593130953,88.0,96.24061213931596,104.0,97.35177145407977
template_projection,ridge_10,1460,800.0,446.60647013608593,59.0,58.24448106524341,8.0,10.649259409274652,62.0,64.91658105604014,50.0,40.184758790254556,82.0,81.65997770671153
template_projection,ridge_10,1461,400.0,353.74274266157704,28.0,33.74525877186478,13.0,11.289759805657607,22.0,22.53883025385126,12.0,10.978262794864037,26.0,28.575970608367143
template_projection,ridge_10,1462,900.0,236.35402033579703,112.0,103.37495726572334,19.0,12.243478951417279,62.0,72.20621115801939,67.0,83.24490448467752,130.0,139.96338370944846
template_projection,ridge_10,1463,1500.0,1644.6173952411118,18.0,28.259338950488228,16.0,11.656954994701707,78.0,75.61448106341123,173.0,130.74212121276082,130.0,162.5711000208881
template_projection,ridge_10,1464,300.0,636.5612965885048,60.0,67.54431245854902,2.0,2.081229791845539,38.0,34.080430515745014,22.0,44.14971588194518,87.0,63.05335552806262
template_projection,ridge_10,1465,500.0,216.70726869858152,65.0,93.51077790692247,16.0,8.832505778288926,15.0,8.335214864070288,30.0,39.016460739961225,77.0,79.94231993027624
template_projection,ridge_10,1466,1900.0,898.1771553517422,22.0,4.620680685626816,49.0,45.58681361638293,77.0,88.13443675148004,86.0,73.74534430246837,92.0,124.85121910089109
template_projection,ridge_10,1467,700.0,770.6456885529635,2.0,4.800418477407909,15.0,23.20673530812021,61.0,55.464404486972,53.0,44.03898288978813,84.0,70.24951479207829
template_projection,ridge_10,1468,1400.0,1353.4088162610165,2.0,2.068748988206906,3.0,3.0323072288308968,61.0,60.74880508181115,54.0,67.29191146569613,95.0,86.30962281783061
template_projection,ridge_10,1469,400.0,548.335661269406,37.0,39.98428683145508,3.0,2.0177908598899137,42.0,37.210241519687614,11.0,12.553051461475945,25.0,23.98109473283975
template_projection,ridge_10,1470,700.0,781.7379304946173,73.0,64.22424718531117,4.0,7.4809477330560945,54.0,61.47196322280942,67.0,50.69164859981714,75.0,78.52866836250689
template_projection,ridge_10,1471,700.0,418.23237905727194,37.0,36.18909546139798,2.0,6.870947145908874,29.0,25.394736290231954,9.0,5.550662958409035,28.0,11.969539696854696
template_projection,ridge_10,1472,2400.0,2696.759143948353,2.0,-2.538613921737003,11.0,11.89226571000736,152.0,145.35198045051155,263.0,226.9617617081531,263.0,292.6007770395995
template_projection,ridge_10,1473,200.0,222.92483127369746,73.0,71.59031010675761,2.0,6.680406838994216,10.0,11.960290976524405,12.0,-1.9918218586758911,12.0,12.828513719492605
template_projection,ridge_10,1474,1400.0,1615.963003440239,70.0,81.34201417707342,57.0,54.0951784715829,66.0,55.68295816838709,99.0,95.66726746515263,120.0,124.31222726114301
template_projection,ridge_10,1475,700.0,677.861877839395,70.0,70.6678389942718,5.0,3.6013477499629474,34.0,32.7030713820991,69.0,58.10860811630822,69.0,80.14492690164961
template_projection,ridge_10,1476,900.0,253.0656604053678,101.0,104.61986242800278,14.0,15.472971557146778,47.0,39.75719032802636,74.0,52.57678567952134,74.0,89.17079751801957
template_projection,ridge_10,1477,1300.0,1295.7546610667077,16.0,16.661553751783657,2.0,2.562288056192182,46.0,45.75569496047292,60.0,53.46099560742414,60.0,62.188849354147465
template_projection,ridge_10,1478,1400.0,1164.542275146555,21.0,-15.570150450793435,23.0,23.206243233467642,65.0,63.01443674150938,94.0,103.62241807365209,100.0,129.98558169122367
template_projection,ridge_10,1479,1500.0,1276.717384173439,56.0,53.161881745375695,10.0,8.503567570270143,63.0,65.08033379574744,178.0,162.6202496745736,202.0,215.88204393725806
template_projection,ridge_10,1480,800.0,752.6635876434514,5.0,12.758321092837228,7.0,0.7309981093676932,80.0,74.85697982776969,55.0,59.81280769407138,75.0,88.47728310585957
template_projection,ridge_10,1481,1400.0,1214.3802267705448,312.0,292.92797161291514,13.0,17.793505697191335,24.0,23.671994947323107,141.0,122.25862681281134,141.0,158.29122739082266
template_projection,ridge_10,1482,1800.0,1864.6445995018612,25.0,22.417159304431934,38.0,37.933090719511696,77.0,74.16882595664917,39.0,47.45401007802709,51.0,49.49643322977711
template_projection,ridge_10,1483,1700.0,1917.5582030805474,12.0,9.490425977605476,5.0,3.2584216609608045,56.0,55.16214756648023,61.0,67.63744246479227,61.0,61.81488362118099
template_projection,ridge_10,1484,700.0,885.2361619582654,76.0,99.9495082089978,25.0,24.83219283702831,87.0,78.62079195821269,55.0,78.7469782942565,134.0,109.84251777513055
template_projection,ridge_10,1485,300.0,312.246952449127,69.0,68.37048534427466,3.0,2.237999265460065,18.0,18.497063698902604,9.0,2.0823218337115463,5.0,12.204051990119993
template_projection,ridge_10,1486,5500.0,5135.2875430233535,22.0,12.959342475500335,66.0,67.69176955260835,144.0,143.209184278492,242.0,248.01849814609758,262.0,265.9240972531411
template_projection,ridge_10,1487,1100.0,1129.2715285518386,2.0,4.498886220436226,11.0,10.379174161498696,74.0,72.46586927561553,35.0,50.86843287946756,80.0,70.37238053340025
template_projection,ridge_10,1488,900.0,514.3700225532281,237.0,213.16048414161526,15.4224,20.16695584576153,41.8812,56.97953877430471,44.0,50.422916514164555,92.0,82.74927345029346
template_projection,ridge_10,1489,1400.0,1311.3068281950245,77.0,76.62457402165452,2.0,3.925492509732967,32.0,33.75457367110968,97.0,81.86970908011162,97.0,100.86638541530654
template_projection,ridge_10,1490,300.0,844.9934957476253,3.0,19.61632730548574,1.0,-4.193862425155492,48.0,43.6990298368153,10.0,17.050188845950842,22.0,13.473430631437623
template_projection,ridge_10,1491,500.0,515.155480092796,21.0,28.486384813812627,8.0,7.856564057371431,58.0,61.438754886769225,21.0,11.112950802051728,32.0,23.2469098355743
template_projection,ridge_10,1492,1200.0,1271.1746082884144,42.0,46.71092170079278,24.0,23.257656437204897,48.0,46.23430069229171,74.0,66.87133965485017,81.0,87.35695555554372
template_projection,ridge_10,1493,900.0,1054.4382191014267,14.0,12.027241366719707,4.0,6.862059513487802,53.0,51.65996182340133,22.0,32.31996495324019,51.0,39.082942026104064
template_projection,ridge_10,1494,1400.0,1415.8929316895415,145.0,138.3264815134121,13.0,16.022983012159145,69.0,68.27490465025868,185.0,176.0997170161863,231.0,234.5678496473323
template_projection,ridge_10,1495,1200.0,1165.0758560265076,177.0,166.6405962799025,16.8504,14.516378168585016,78.014,74.74082816449517,15.0,27.545353530676692,22.0,37.99140113576067
template_projection,ridge_10,1496,1100.0,1279.5162950571635,17.0,14.323215804690655,11.0,9.005526840616758,90.0,85.95910831385146,113.0,102.69204523690871,113.0,134.24272914436864
template_projection,ridge_10,1497,600.0,609.9724341997482,42.0,44.78245658905369,10.0,8.690447845368702,35.0,34.81135885099812,13.0,19.795120274075465,36.0,33.31798561730564
template_projection,ridge_10,1498,300.0,329.37713689170346,70.0,68.92181319195065,6.0,5.839389543786595,56.0,51.33569156138,4.0,2.7048975264803943,11.0,19.930061142627082
template_projection,ridge_10,1499,1200.0,1251.7071819911582,86.0,86.91156599269551,7.0,7.04921123510278,37.0,35.18355781762332,145.0,126.41038189342176,145.0,156.2296023294455
template_projection,ridge_10,1500,600.0,746.4742640085165,82.0,81.90652454976664,12.0,11.836543281652625,49.0,49.247620364852224,89.0,70.3641628631802,89.0,102.30131816960883
template_projection,ridge_10,1501,600.0,857.3431186902085,41.0,61.17092268890372,2.0,-5.53106720042735,16.0,31.754892671928005,51.0,37.57103463955244,51.0,52.151421045751974
template_projection,ridge_10,1502,800.0,872.5291288407564,16.4934,22.273563197980984,14.0,13.070158546639613,51.0,48.76025926201764,17.0,17.23211035450027,32.0,30.827939491880343
template_projection,ridge_10,1503,600.0,710.468519102146,41.0,48.199628536703806,43.0,38.35789908105324,33.0,33.63747126950216,28.0,28.68710643013616,46.0,49.61670448573671
template_projection,ridge_10,1504,700.0,764.6659296141718,259.0,249.71015077190722,16.0,17.586548076491354,17.0,18.139287332442834,68.0,67.68157181001483,95.0,97.62345743249644
template_projection,ridge_10,1505,1400.0,1214.4436336890064,165.0,162.5181206078248,9.0,15.55077179048136,33.0,30.354203171095666,145.0,126.17623550857273,156.0,158.5161489658649
template_projection,ridge_10,1506,2400.0,2068.432469469776,10.0,-16.96965106561686,40.0,57.04328915245276,95.0,106.40180559818495,124.0,95.20769486212822,124.0,118.6334231309958
template_projection,ridge_10,1507,700.0,1178.397816950966,21.42,41.05782644167127,15.0,10.888222499241916,47.0,40.55929510302229,10.0,28.189108149111505,22.0,16.738007807012238
template_projection,ridge_10,1508,400.0,890.1666993946947,72.0,86.26714423261481,3.0,-6.47382949830749,26.0,24.866763044898146,14.0,28.15400614443631,35.0,35.116037741435875
template_projection,ridge_10,1509,1100.0,1169.7427157369157,66.0,60.5713343992632,8.0,11.3686835321624,83.0,82.27798568169047,129.0,129.19851267255962,187.0,180.6514715886721
template_projection,ridge_10,1510,1800.0,1731.6737911501775,2.0,-0.9298085062157142,2.0,3.5383646484246114,75.0,74.32398376345542,104.0,93.1637847067284,104.0,110.4275628913575
template_projection,ridge_10,1511,4500.0,4087.8844395412443,4.0,2.1613079778344826,52.0,52.79030721136612,65.0,68.5858908832557,107.0,145.1461835583183,164.0,135.03936586891143
template_projection,ridge_10,1512,2700.0,2798.9132927287424,19.4922,40.733122916198724,86.0,76.14657335833029,84.0,86.71603977878178,129.0,125.57267472864407,142.0,141.56244183229657
template_projection,ridge_10,1513,1700.0,1572.0119533400552,68.0,64.61303637931805,14.0,14.736900951158844,39.0,39.52151534320859,118.0,104.52353115633744,118.0,128.18349862449796
template_projection,ridge_10,1514,400.0,441.14204049204955,36.0,36.13617488193485,2.0,1.3161893785399421,35.0,34.84044189567672,41.0,30.596086603104098,41.0,50.0853490914439
template_projection,ridge_10,1515,1000.0,893.563976276153,85.0,81.45591181421797,4.0,6.636686683467753,46.0,48.27859497489909,58.0,54.269712239203955,93.0,83.92012574191395
template_projection,ridge_10,1516,200.0,360.24603645440607,48.0,57.01207866750079,17.0,11.643714905923723,28.0,26.431921095048907,14.0,23.71143606847773,46.0,49.0907360683749
template_projection,ridge_10,1517,200.0,141.202077562235,85.0,95.77848923379582,2.0,-5.753197169775456,11.0,11.410367083784017,8.0,15.65040178246386,24.0,32.74749262255524
template_projection,ridge_10,1518,1300.0,1097.192264884986,159.0,145.4816814158683,3.0,6.208463287348961,20.0,17.746926490928715,62.0,62.55092975669622,62.0,73.44347855184458
template_projection,ridge_10,1519,200.0,368.86473343815146,52.0,55.965471377727525,5.0,6.195352454325221,2.0,6.938018460783525,3.0,2.945694682888714,19.0,9.562261293849147
template_projection,ridge_10,1520,1000.0,1295.7951773019731,2.0,1.1891784776314225,3.0,24.316346765075373,89.0,70.1930315627815,108.0,78.41594057066101,110.0,92.69128791986034
template_projection,ridge_10,1521,1500.0,1582.0103374282646,12.0,11.994603899562428,10.0,10.822296100278876,80.0,78.95261130936404,139.0,119.41330202724845,144.0,155.1603549224363
template_projection,ridge_10,1522,1600.0,1586.4033302661335,8.0,5.361511491904793,3.0,6.346160044877466,69.0,66.55180450523515,103.0,86.81759168488817,103.0,107.87938024371388
template_projection,ridge_10,1523,700.0,652.3840044022942,53.0,50.527783303025146,2.0,2.3994258096596432,25.0,25.32977115667438,18.0,16.98784600082825,26.0,27.80305212656272
template_projection,ridge_10,1524,4800.0,4880.193226481324,2.0,9.237318001281189,119.0,114.34174197819048,187.0,183.3278563438587,332.0,339.61971128185564,400.0,406.3935999498856
template_projection,ridge_10,1525,1400.0,1345.9266158412624,2.0,-7.789469578672367,2.0,4.570410382560073,97.0,102.40602313367515,84.0,74.59561015557938,100.0,103.42228903789778
template_projection,ridge_10,1526,2700.0,2650.6495254821107,10.0,-3.1531770078361347,82.0,88.27670298200577,83.0,83.2845999387618,66.0,82.39360288542129,104.0,81.22356078876844
template_projection,ridge_10,1527,300.0,527.688038097433,75.0,78.31047507046978,8.0,12.700587472560542,12.0,16.71874315268829,4.0,-5.5337844812136865,17.0,-0.8132483339328473
template_projection,ridge_10,1528,500.0,770.633236909355,260.0,268.40844036558263,37.0,36.90404758805751,24.0,38.94851825432543,86.0,73.22332271931162,118.0,98.35152008756934
template_projection,ridge_10,1529,1100.0,1228.5971305514993,36.0,31.246761984343383,27.0,29.047926260566243,90.0,85.48815078797938,85.0,73.11227872168519,96.0,104.3741902520187
template_projection,ridge_10,1530,1900.0,1708.6270839859046,37.0,30.591210375678813,38.0,38.40045751841427,76.0,77.82170705188403,127.0,127.98014304637758,159.0,167.3114876729247
template_projection,ridge_10,1531,1100.0,1258.0608053737815,1.0,7.316577787309257,9.0,6.66893160972357,58.0,57.237145294239745,94.0,83.54765897401778,100.0,107.7771240950451
template_projection,ridge_10,1532,700.0,619.0619347271291,14.0,12.438249558383106,5.0,4.223345951138711,53.0,53.68663723043453,43.0,32.92529886904309,44.0,52.95686130627468
template_projection,ridge_10,1533,700.0,686.0523562822008,81.0,81.4221955247016,3.0,4.379996550317637,8.0,11.79897722268813,25.0,55.65811812989672,112.0,81.28551157350593
template_projection,ridge_10,1534,800.0,861.462529270915,34.0,36.33245996437782,2.0,1.990754130710238,38.0,38.1655491179005,102.0,82.62154928501266,102.0,112.26348883649342
template_projection,ridge_10,1535,1600.0,1872.2384954484146,7.0,7.357250759941913,27.0,23.520468301274356,124.0,125.30628719255782,191.0,225.82773825337074,329.0,310.9117163243892
template_projection,ridge_10,1536,1200.0,1091.2348241525128,14.0,11.319696821901708,7.0,4.84673142597698,55.0,59.70426001778944,45.0,58.47114406307604,78.0,74.63443183826803
template_projection,ridge_10,1537,2500.0,2567.125415455318,1.0,0.10766791702162237,13.0,15.084609980352456,147.0,141.73476679410948,119.0,155.9996413279014,217.0,192.59297058758514
template_projection,ridge_10,1538,3900.0,3786.814381594845,2.3562,3.2130369131159995,34.0,32.96166562317599,130.0,126.83077264882647,246.0,248.55731885931976,279.0,283.69839091552547
template_projection,ridge_10,1539,800.0,796.0050880530331,244.0,229.04495793272528,2.0,3.7724174797317573,17.0,14.531144218866643,108.0,95.81591060258165,108.0,128.95698040581914
template_projection,ridge_10,1540,1100.0,1087.0252042844306,13.0,42.882413530902134,5.0,-6.035373277446533,59.0,64.29525725521849,41.0,30.28432726165901,50.0,66.95719841429579
template_projection,ridge_10,1541,400.0,382.6865444696173,66.0,65.54572064050666,11.0,14.96347461584713,26.0,27.272969682127158,12.0,23.176530704268224,75.0,54.585807655908845
template_projection,ridge_10,1542,900.0,759.9628055548014,2.0,6.768460430444776,2.0,-1.5055534733868026,80.0,78.94989629899194,25.0,23.779975787091935,51.0,43.453690368356874
template_projection,ridge_10,1543,500.0,526.173420900298,44.0,22.292502010671633,5.0,13.781607006062833,52.0,40.661353582472415,35.0,44.18367802206655,74.0,78.61234368963468
template_projection,ridge_10,1544,900.0,880.6578540337621,36.0,35.28390781877937,2.0,3.0050530047903106,45.0,29.705294582514504,50.0,49.60202404594996,78.0,86.00366031543003
template_projection,ridge_10,1545,1000.0,1224.0784136112102,22.0,33.892180781919464,11.0,8.587443771545798,54.0,56.13368499293361,118.0,114.06642338936189,152.0,142.35684882299824
template_projection,ridge_10,1546,2100.0,2020.1851340698322,33.0,25.943707279813296,7.0,9.17576386863712,62.0,63.51202978370712,99.0,95.78828229679645,106.0,108.85020443226401
template_projection,ridge_10,1547,900.0,575.8418704809943,175.0,172.9010317244306,4.0,5.259776967412968,16.0,14.444897039949062,82.0,76.37036365815096,102.0,109.18585234626337
template_projection,ridge_10,1548,300.0,293.9311702404931,72.828,77.0912417892412,6.0,5.573548672569455,10.0,9.858607675136838,18.0,11.512477345296006,23.0,27.06276724266354
template_projection,ridge_10,1549,300.0,443.92450591221905,78.0,75.52277690275666,2.0,2.610315500035293,20.0,13.764978904458367,57.0,49.39692013077325,63.0,82.367865634628
template_projection,ridge_10,1550,1100.0,1069.7981705708228,81.0,79.29429529062372,13.0,13.08639239987402,51.0,49.929750130254554,108.0,91.02289754469989,108.0,122.25109961066397
template_projection,ridge_10,1551,200.0,70.06191787964099,42.0,52.33886701988433,3.0,2.2925293590409836,8.0,8.957182194078804,10.0,-2.0254719843240565,10.0,11.104702411133317
template_projection,ridge_10,1552,1300.0,1266.9725822351004,1.0,-2.9274886161530773,5.0,7.848799421849316,92.0,87.62128447613651,93.0,88.22272322048528,121.0,125.27380433370384
template_projection,ridge_10,1553,1800.0,1704.3480859691306,4.0,14.864535367089502,9.0,7.440558593855865,26.0,26.932969804932107,54.0,73.43775224886973,94.0,77.1306869449642
template_projection,ridge_10,1554,700.0,623.6251864759871,192.0,185.28828362135158,3.0,6.08496739417917,19.0,21.75880657432409,78.0,94.93857453716893,153.0,136.2356419100463
template_projection,ridge_10,1555,2400.0,2616.0662205664785,17.0,30.030942744809973,7.0,7.265778115450056,30.0,30.68122971376979,66.0,66.47958642346103,34.0,28.853609963071847
template_projection,ridge_10,1556,800.0,287.66750664604194,37.0,13.830970110848995,7.0,8.14466591065063,46.0,54.788697393876596,12.0,9.958774325694748,28.0,43.368596341246025
template_projection,ridge_10,1557,800.0,652.5642227002439,54.0,63.332280971174185,2.0,2.5288548930834978,61.0,54.69439561322983,32.0,12.890332497922003,32.0,37.80219244650337
template_projection,ridge_10,1558,3500.0,3294.0938173624318,5.0,3.1367542612014887,57.0,56.85683271780337,151.0,136.33468994362372,236.0,228.56362478339213,257.0,276.22344006577055
template_projection,ridge_10,1559,400.0,940.0133587190741,47.0,37.04052092960858,2.0,4.662144207813824,26.0,25.05216872379952,16.0,37.89189427191958,62.0,43.010071071012405
template_projection,ridge_10,1560,200.0,194.91438844552636,52.0,52.5179666922218,5.0,5.112967520692473,2.0,4.005551954685352,4.0,4.969110775191382,22.0,18.84549851604001
template_projection,ridge_10,1561,900.0,1077.5990158818813,47.0,40.754726258265165,17.0,18.08485037219868,52.0,39.486770628484024,97.0,104.54239164130797,118.0,136.32260440429584
template_projection,ridge_10,1562,2800.0,2930.6226658351056,16.0,31.865628968661674,33.0,32.48831990461444,115.0,87.80351059194692,225.0,188.8561712242846,225.0,250.0173125081426
template_projection,ridge_10,1563,800.0,776.0803197720029,140.0,132.60547755376905,12.0,12.122108489653728,29.0,29.398584563312014,38.0,48.368474801579865,66.0,66.08115947316873
template_projection,ridge_10,1564,2800.0,2798.9631241211428,8.0,14.421130352639096,51.0,47.33030335606946,95.0,94.84607155699418,127.0,145.83908335159828,175.0,167.47522704703968
template_projection,ridge_10,1565,1500.0,1664.3295085687284,16.0,4.870850983224393,14.0,6.343413894085598,38.0,35.03714617911657,75.0,80.852816337301,75.0,109.01111441942149
template_projection,ridge_10,1566,5100.0,4695.997293540246,9.0,-8.964545083031524,17.0,21.74482066675575,98.0,101.63807160613678,224.0,235.7619712623056,254.0,246.74021763676888
template_projection,ridge_10,1567,800.0,716.3779374980583,117.0,106.50750989936401,13.0,19.616019952041025,63.0,59.029942858904874,61.0,78.77291939031146,136.0,118.94030900028673
template_projection,ridge_10,1568,200.0,433.4892579531046,45.0,44.779352468712716,2.0,-2.7057422275991687,15.0,28.949932693452368,3.0,-4.012144494630789,9.0,5.304001603354138
template_projection,ridge_10,1569,400.0,393.43674717229,79.0,81.16236525274705,7.0,6.401815367726588,28.0,27.550871534813936,25.0,23.068329016129027,41.0,42.889733408979126
template_projection,ridge_10,1570,1200.0,1883.9047488066503,228.0,233.31670796794475,33.0,35.4473794405925,44.0,26.299594036561828,186.0,199.25968112375926,293.0,273.638343271806
template_projection,ridge_10,1571,1400.0,1442.8951207651478,35.0,35.09635298989507,20.0,19.808001923463365,36.0,36.87539169886729,121.0,93.0502395512547,90.0,111.33020921116385
template_projection,ridge_10,1572,1000.0,1017.1214126696515,19.0,19.592376559292745,2.0,3.8266118574206764,59.0,51.77065599801145,37.0,22.56660303021286,37.0,37.03477140550844
template_projection,ridge_10,1573,500.0,509.2237011444789,144.0,139.40394958811686,2.0,1.1338674213121518,14.0,13.426613940207616,45.0,48.45005033499117,45.0,56.66832108273243
template_projection,ridge_10,1574,400.0,219.4416173709351,88.0,80.49088848442324,2.0,5.795066093583268,45.0,42.013268067527804,25.0,66.49309826562902,129.0,106.00126954365497
template_projection,ridge_10,1575,500.0,608.6019245542228,46.0,28.806125630400178,4.0,10.229764846361501,67.0,74.26411271598383,60.0,40.304635431645956,80.0,67.87934226804171
template_projection,ridge_10,1576,400.0,498.03198161064086,57.834,52.16250164244775,11.0,12.593041954707633,26.0,24.38267020825239,40.0,37.71675377795956,57.0,57.41373918771812
template_projection,ridge_10,1577,1100.0,1061.0065728618356,2.0,4.003109896669386,2.0,0.47791214098322854,79.0,74.6404533839355,57.0,49.67969642640019,59.0,70.22988023041863
template_projection,ridge_10,1578,2700.0,2390.9439104973494,45.0,43.1428404241407,27.0,22.243736600240943,91.0,78.455186973828,106.0,117.2085456114113,110.0,135.33384495216097
template_projection,ridge_10,1579,800.0,764.9803324008792,61.0,53.545064510426805,3.0,5.164858388613295,60.0,57.73841830175974,65.0,59.647951266752614,77.0,83.682719472284
template_projection,ridge_10,1580,800.0,739.626319961875,7.0,22.7212627550185,20.0,23.227548504981385,36.0,35.305960169994826,35.0,39.0900296502223,100.0,62.85996493672882
template_projection,ridge_10,1581,1100.0,1192.6045878170753,104.0,99.64032165910646,15.0,15.237100958871528,36.0,35.25040063525371,174.0,148.87348586557908,174.0,194.30838047613327
template_projection,ridge_10,1582,900.0,917.0813477299182,2.0,5.608244309469235,4.0,3.8650816382905617,48.0,46.72748024706339,49.0,39.22567442059058,49.0,54.37024202551565
template_projection,ridge_10,1583,700.0,656.0641815566511,25.0,28.208656183802894,13.0,15.319358596452117,37.0,42.29386055866882,40.0,66.20152339228177,133.0,99.46692072651928
template_projection,ridge_10,1584,300.0,325.4505982261095,104.0,101.20023039977043,5.0,9.147038684348907,7.0,5.634431572769252,19.0,8.001106283811268,19.0,20.969057877523326
template_projection,ridge_10,1585,300.0,404.2687597088045,50.0,56.38074116135118,7.0,3.427189980784739,17.0,15.113187478909936,16.0,19.506063898847295,27.0,31.730225240868208
template_projection,ridge_10,1586,700.0,910.9567402508242,51.0,59.33692512696828,2.0,-5.845638389713274,44.0,48.2731226422822,55.0,38.88683502013362,63.0,76.73318540114255
template_projection,ridge_10,1587,1400.0,1526.5912984161746,2.0,8.824197397272073,20.0,15.029415958530077,78.0,75.48828197900804,36.0,42.07909325156319,36.0,46.33484941256109
template_projection,ridge_10,1588,700.0,489.57986370624974,340.0,317.9419708983023,6.0,13.391212586703801,28.0,24.6175669267071,47.0,67.92343023736755,117.0,104.64570028870801
template_projection,ridge_10,1589,1900.0,1923.356100392802,4.0,14.561105556917951,70.0,64.5537479563206,96.0,95.38988144060757,103.0,107.59112750783413,137.0,141.50335800657172
template_projection,ridge_10,1590,2100.0,2176.9293938088376,40.0,45.696993773404934,49.0,44.77854371670676,66.0,65.03809649767018,65.0,77.9406066359523,94.0,91.46621147375075
template_projection,ridge_10,1591,1600.0,1226.5165189003035,66.0,54.72553367022804,2.0,-0.04378342702112725,43.0,53.00214398272685,87.0,99.58554415658372,87.0,89.16054759377121
template_projection,ridge_10,1592,1500.0,1660.2143924484712,2.0,1.3489825359290109,4.0,4.434280947590143,105.0,102.32741900993078,176.0,153.2271967005432,184.0,200.22568463427635
template_projection,ridge_10,1593,500.0,517.9073060017852,62.0,64.82599188941093,18.0,15.412862363592644,13.0,15.728207315803914,18.0,39.71300382136049,76.0,63.41262141026353
template_projection,ridge_10,1594,400.0,428.51151845279253,44.0,50.34143297517157,2.0,0.031881272368190494,18.0,20.65182239190116,12.0,3.606261598194365,12.0,16.02584111907258
template_projection,ridge_10,1595,4900.0,4318.991308094023,4.0,-1.786433505729704,84.0,86.73532748686146,69.0,72.14201004718477,118.0,142.04623453952755,157.0,134.37632333934744
template_projection,ridge_10,1596,2800.0,2676.4795923603265,4.0,-2.635441261362736,42.0,44.81256813312713,82.0,87.38901260162908,119.0,127.202795706482,158.0,146.67511110868617
template_projection,ridge_10,1597,4500.0,4451.53223752392,2.0,-16.238583694105998,32.0,29.20726298494524,141.0,139.63422026310138,371.0,369.0947240287934,421.0,452.6292164039577
template_projection,ridge_10,1598,700.0,1029.5780828772001,2.0,-1.107171109972981,5.0,8.944515503408901,75.0,70.8256507199698,53.0,72.02939636674057,128.0,105.26149090260742
template_projection,ridge_10,1599,600.0,563.8010418337224,71.0,64.41154540085266,3.0,7.47354148012789,18.0,15.263956977090828,33.0,17.005207017091124,15.0,26.479879566929867
template_projection,ridge_10,1600,700.0,723.5988065796586,95.0,98.26467221006547,19.0,18.714549123496255,34.0,31.948202770453662,50.0,62.01111535763244,96.0,89.88770379708893
template_projection,ridge_10,1601,600.0,632.8566719436545,62.0,65.85563936029715,9.0,6.6083969893999885,10.0,11.811931805341644,28.0,32.109814194682116,48.0,46.43397307190756
template_projection,ridge_10,1602,500.0,488.9489941886235,41.0,41.20960244165596,4.0,5.101229266118764,48.0,45.77476665403579,19.0,28.52043253181734,56.0,49.64998170590489
template_projection,ridge_10,1603,400.0,363.0570554419777,126.0,121.13686444953055,10.0,10.80760783248483,18.0,18.976256043089755,16.0,12.67037178389495,24.0,27.325431436942992
template_projection,ridge_10,1604,900.0,930.220181671981,8.0,11.253969182386179,18.0,16.258880442498395,68.0,66.36845695214566,27.0,22.778967234412377,28.0,34.475103212545136
template_projection,ridge_10,1605,1500.0,1264.5630002121793,2.0,1.0615975582456159,13.0,15.100613161965793,70.0,73.71091802125422,77.0,66.69006057332527,96.0,92.55766429815634
template_projection,ridge_10,1606,900.0,988.9161635993353,40.0,47.47034394310934,25.0,21.566993584849435,30.0,28.317347413990525,14.0,16.620342644783697,18.0,18.197857998528278
template_projection,ridge_10,1607,2000.0,2225.591512061311,5.0,16.612601663759627,79.0,74.07085603990585,49.0,53.65083670129784,147.0,151.40340225240556,190.0,183.81553105688187
template_projection,ridge_10,1608,1000.0,879.7340976494988,58.0,60.27273564183695,3.0,4.995882042393955,45.0,28.86014020247086,46.0,39.29786243555074,53.0,63.78800614232455
template_projection,ridge_10,1609,100.0,189.48627453021277,81.0,75.17852222790398,2.0,4.370077291889167,31.0,28.828978076111838,3.0,3.252587402600426,23.0,23.56152875085587
template_projection,ridge_10,1610,500.0,331.32561769007634,164.0,153.99108079462482,12.0,15.769973439059433,16.0,14.86639332223735,39.0,26.519600339454982,43.0,47.83707081237832
template_projection,ridge_10,1611,3200.0,2893.9392983506414,2.0,10.352935385405075,36.0,34.409299761620645,86.0,92.20375835916329,145.0,130.9945103012881,153.0,143.2189926818655
template_projection,ridge_10,1612,900.0,847.1140692404616,122.0,114.37492385317108,7.0,7.304780145441191,30.0,29.1492818520127,78.0,74.19579803762255,90.0,101.86025300443487
template_projection,ridge_10,1613,2100.0,2015.2204136094374,2.0,12.346541859864082,11.0,7.0999544447978895,95.0,90.3234657193226,60.0,84.42361090769101,110.0,98.75083188552505
template_projection,ridge_10,1614,300.0,21.76430608413557,97.0,87.5549901705497,2.0,10.146713514000599,10.0,11.693263051506044,4.0,-11.349246684242388,4.0,-0.7083213740396985
template_projection,ridge_10,1615,1300.0,1511.6216422589573,2.0,-32.98124783561502,19.0,34.7309062204365,97.0,95.79755904598741,82.0,94.99347657023945,148.0,119.77449844160131
template_projection,ridge_10,1616,800.0,1036.52377594362,136.0,140.0693111184201,6.0,4.744657627768271,32.0,37.32993136290079,24.0,33.7574822056252,58.0,42.55242871522153
template_projection,ridge_10,1617,900.0,845.3241747581228,34.0,31.627154512811774,8.0,9.536553434858547,34.0,34.50929668035021,17.0,12.61989445529099,18.0,20.025756510194498
template_projection,ridge_10,1618,2700.0,2613.6938556611894,2.0,3.623561115201369,11.0,11.518725081365556,69.0,63.53107190804889,101.0,100.68582129129848,101.0,100.66116673495301
template_projection,ridge_10,1619,1400.0,1465.3069483816896,2.0,9.900672432294094,19.0,18.263566132604666,67.0,59.73490007529439,27.0,27.81307317321044,29.0,34.07098953971773
template_projection,ridge_10,1620,1200.0,1189.5062166389284,19.0,42.62936900908607,11.0,7.855302370751297,66.0,43.67392110524179,41.0,62.478474340493364,76.0,82.10822359275984
template_projection,ridge_10,1621,2400.0,2420.09173534577,28.0,10.484512710318043,53.0,59.92021965147427,90.0,88.6152784420506,111.0,110.7990100082842,130.0,126.96978077647985
template_projection,ridge_10,1622,2600.0,2781.701588806979,11.0,16.77623514733279,52.0,49.117896792777486,124.0,120.3891398102329,221.0,215.30150428350925,261.0,271.3292405876927
template_projection,ridge_10,1623,300.0,304.4763434393716,16.0,21.521026696759293,2.0,-1.061290516770077,44.0,41.79104833846771,3.0,13.220640649879343,33.0,32.21639543227971
template_projection,ridge_10,1624,2600.0,2697.6041987484737,7.0,-4.085748429125864,12.0,18.728723191315105,64.0,57.26481605804109,162.0,145.65787980579688,162.0,171.40610234067276
template_projection,ridge_10,1625,1100.0,1202.2704860832073,59.0,61.88324088860179,3.0,4.261117542564481,42.0,44.77515694970397,122.0,133.11201295476923,195.0,176.31996080143708
template_projection,ridge_10,1626,2100.0,2189.751521414817,83.0,87.76292596764527,13.0,13.050584495233855,76.0,79.08200621458141,321.0,273.30122938320517,321.0,340.62060298706496
template_projection,ridge_10,1627,900.0,1007.7274104707766,21.0,30.52432897964516,19.0,17.47581504452435,52.0,51.14914246813766,27.0,15.917279882002418,27.0,27.9001831179595
template_projection,ridge_10,1628,1300.0,1383.6730778436372,7.0,16.214201475977,13.0,9.25577453636482,88.0,90.37348604239443,73.0,102.78619698368661,160.0,141.20833316856607
template_projection,ridge_10,1629,1400.0,1419.4712579137808,8.0,3.338338068432577,15.0,16.17986217160668,144.0,140.83335227693573,82.0,98.25778343710138,145.0,138.25501793201363
template_projection,ridge_10,1630,300.0,356.15908964744233,2.0,8.06805760219764,3.0,0.05027020953316175,53.0,50.04077068559352,8.0,3.2816812055685887,8.0,17.805724134091804
template_projection,ridge_10,1631,300.0,-22.2890868033237,85.0,73.75017250605175,10.0,21.211236874709737,20.0,22.057926802017963,20.0,6.618749833349057,36.0,22.895157918308016
template_projection,ridge_10,1632,2000.0,1945.6801348491485,2.0,9.737903691628574,13.0,13.1328477576462,73.0,72.24782213457634,103.0,120.76204289158227,159.0,143.5908091037887
template_projection,ridge_10,1633,1800.0,1982.975326770092,52.0,64.95035130736896,35.0,30.89904870768912,63.0,60.715709448052976,86.0,100.63746428950725,128.0,117.68864355752302
template_projection,ridge_10,1634,1000.0,876.0219542959668,223.0,209.51922256177085,2.0,4.060858763131465,17.0,18.184911739423406,92.0,80.51580622860804,92.0,103.93093952771343
template_projection,ridge_10,1635,600.0,653.2556133398917,118.0,112.40622914566214,5.0,5.167569819167808,47.0,48.93768372688495,54.0,77.7472073038705,126.0,110.27438705208574
template_projection,ridge_10,1636,300.0,255.5882139687278,87.0,87.19901971384814,2.0,2.949078719282035,7.0,7.8498963912802395,9.0,10.601478718307831,30.0,24.41557506508171
template_projection,ridge_10,1637,900.0,946.7944663065848,12.0,15.742332741603562,13.0,11.40199846704181,52.0,52.057898754638366,21.0,36.611585286148845,62.0,52.63835121551317
template_projection,ridge_10,1638,1300.0,1433.8971262403488,48.0,52.52127399224784,36.0,34.18563381215998,55.0,56.27148222980175,83.0,69.41678988468186,83.0,89.54228874766468
template_projection,ridge_10,1639,600.0,1146.264543354193,18.0,34.15025433929907,2.0,-8.314025866511438,37.0,36.826699906171555,10.0,45.90791131120482,18.0,24.79229295465501
template_projection,ridge_10,1640,800.0,759.502825576351,43.0,46.16357802208125,12.0,9.523909815178753,50.0,49.79128872008502,13.0,13.777589846608294,20.0,25.85435074028284
template_projection,ridge_10,1641,2000.0,1788.8084579973356,12.0,12.273645231833989,8.0,8.051842186148864,43.0,44.22032435547347,59.0,53.21013674442905,47.0,51.569004392005155
template_projection,ridge_10,1642,400.0,392.7089865045883,29.0,29.508828323127602,2.0,2.6447736067867496,17.0,19.242132019777525,4.0,0.10908679292106171,8.0,6.705344662829646
template_projection,ridge_10,1643,600.0,526.2817932189151,51.0,28.6104243298413,9.0,19.679512364981193,38.0,51.61327718023424,7.0,-8.372015797690253,9.0,-1.1732966238886036
template_projection,ridge_10,1644,800.0,811.1015930919157,141.0,141.7129155479265,19.0,18.013804792041938,28.0,29.71994946012647,74.0,80.39784807746612,119.0,115.87067657982043
template_projection,ridge_10,1645,400.0,-569.2465296939461,120.0,111.78630897228038,2.0,4.352470340799464,19.0,41.99335164754054,20.0,-13.014430281920838,34.0,33.06114259848006
template_projection,ridge_10,1646,500.0,193.29032221758598,61.0,81.05933374872268,12.0,11.59370934841483,24.0,17.50601119414236,25.0,30.733156798291965,50.0,49.44152315616933
template_projection,ridge_10,1647,400.0,345.4314486511719,59.0,63.291126862716936,8.0,8.775138915311283,25.0,25.412056721059926,15.0,8.525284351735351,24.0,22.93749501652718
template_projection,ridge_10,1648,800.0,847.0689212934212,37.0,31.848179318687357,24.0,23.9244729610993,28.0,33.2817359005322,9.0,9.809566492930685,12.0,14.27727055446816
template_projection,ridge_10,1649,3400.0,3253.2889480658437,2.0,-3.515622540294956,12.0,15.265757479272018,84.0,85.608718829586,254.0,228.61268299200913,254.0,263.1700367724527
template_projection,ridge_10,1650,800.0,869.998051569711,76.0,72.58752359230607,6.0,7.524911006017264,100.0,96.9561852697224,42.0,54.671267072708105,94.0,88.04809535991008
template_projection,ridge_10,1651,900.0,939.8320149536414,74.0,72.2761779693176,18.0,16.656588580616763,67.5437,68.3091644783303,82.0,83.22100444271666,120.0,123.34984235481492
template_projection,ridge_10,1652,500.0,537.6888282195463,45.0,48.86765435740315,3.0,4.6537118553982815,28.0,30.55580678301191,77.0,64.27195814712549,100.0,96.37636769298678
template_projection,ridge_10,1653,400.0,575.9819525493798,85.0,116.5967235047244,7.0,-4.731726584993128,18.0,26.810228349012085,20.0,23.236514299035115,42.0,22.480155190691036
template_projection,ridge_10,1654,500.0,466.67873114603276,68.0,77.030100299684,10.0,5.9453834097829805,26.0,32.19701402562382,26.0,26.241561937337252,49.0,46.93241422057845
template_projection,ridge_10,1655,400.0,447.4929494795176,90.0,85.61396491833669,2.0,5.820624956022293,16.0,17.787012650142785,7.0,-3.8451258726775706,7.0,-1.8777881744415623
template_projection,ridge_10,1656,1800.0,2397.482369800161,20.1348,3.597884212478071,29.0,36.46476506681724,133.0,140.59931689826684,231.0,195.8961072565786,253.0,241.871724136781
template_projection,ridge_10,1657,800.0,941.6957968516367,4.0,6.407476751195205,4.0,4.364439253790447,75.0,67.9210264917845,100.0,81.12091457405252,100.0,114.7753631951335
template_projection,ridge_10,1658,400.0,431.78369533399666,43.4826,44.26677251320579,12.0,11.597198128964866,32.0,30.461115400648506,23.0,25.663689343105183,44.0,44.203375218712324
template_projection,ridge_10,1659,400.0,-39.900463259690696,71.0,75.92977272486411,4.0,3.8268518276011996,8.0,23.023269584759703,9.0,2.7621008418063155,30.0,8.6578948402868
template_projection,ridge_10,1660,3600.0,3646.65082057827,2.0,-5.531895700535685,8.0,10.743803802192796,239.0,228.55860507784763,295.0,272.2864803062205,311.0,337.52503602803085
template_projection,ridge_10,1661,3400.0,3689.1583215283445,2.0,-0.020158992492810057,79.0,78.01040878772424,106.0,105.8967217333605,255.0,242.55105640534015,264.0,284.26628160938617
template_projection,ridge_10,1662,3000.0,2738.4672512562734,2.0,-0.5426484003906111,6.0,11.049126696047821,55.0,56.638578732354496,204.0,181.88902712323494,204.0,207.77899811838267
template_projection,ridge_10,1663,6500.0,6317.233330949464,2.0,-26.96152222683996,98.0,96.87133088694246,126.0,126.8100282702195,209.0,252.93130984187158,253.0,259.52909843416865
template_projection,ridge_10,1664,300.0,506.9212958927585,132.0,132.08143003561878,3.0,1.3009675503079254,9.0,10.223561955145698,28.0,23.94276707988901,28.0,38.493007201442595
template_projection,ridge_10,1665,1200.0,1478.6328346300359,54.0,71.79653415945165,16.0,9.40229312238172,74.0,68.23096091152124,168.0,162.62409846066515,198.0,211.71593458828983
template_projection,ridge_10,1666,500.0,548.3151171285087,42.0,34.99988255439523,2.0,4.325761955227701,10.0,17.88089189720702,51.0,28.10850536339833,40.0,46.92203418672062
template_projection,ridge_10,1667,1600.0,1149.1431832449407,48.0,27.778802505195724,2.0,41.01781663531697,86.0,94.74721826521362,168.0,94.84353517450495,168.0,107.69767541123882
template_projection,ridge_10,1668,700.0,159.57321447922823,149.0,127.16980005213989,7.0,16.848038550963707,71.0,48.99421868977047,42.0,66.4955425938759,104.0,107.40747481180294
template_projection,ridge_10,1669,300.0,261.76776540890296,104.0,97.0273442771574,2.0,5.720474671602306,25.0,25.018124775826017,17.0,14.097431000978617,38.0,34.27827911970111
template_projection,ridge_10,1670,1100.0,1466.5290965562754,88.0,69.78299907773508,24.0,32.29688787066852,50.0,55.25054566260518,74.0,79.54695806767707,139.0,110.42863832504341
template_projection,ridge_10,1671,900.0,832.2947249896303,172.0,168.4232942655147,19.0,20.00765777041478,42.0,39.88776769703773,86.0,89.62588901596845,127.0,127.90805311290569
template_projection,ridge_10,1672,400.0,164.82064654694364,72.0,81.52082720196034,7.0,13.640372479617064,17.0,24.504075766799684,19.0,-6.3401621943689435,29.0,10.866665744191806
template_projection,ridge_10,1673,1200.0,1328.9381184288382,109.0,113.50399921719008,32.0,30.74288523571729,38.0,37.57449438118902,161.0,136.7196076478181,161.0,175.22949699344917
template_projection,ridge_10,1674,1200.0,1342.7791045181382,2.0,7.88244989907205,25.0,22.613841382325607,97.0,93.3218303026639,45.0,52.924897303088954,71.0,72.2700668679004
template_projection,ridge_10,1675,400.0,169.38494435304665,7.0,0.44339631071576235,2.0,7.432343109599541,5.0,9.913071959791814,8.0,-6.008944344687464,8.0,7.000688381743615
template_projection,ridge_10,1676,4100.0,3790.8612949258077,1.0,22.828598704650645,98.0,85.13927419434013,125.0,120.36240041344988,148.0,224.5454977746403,292.0,262.89979890739136
template_projection,ridge_10,1677,500.0,614.3737284083222,19.0,25.250943053630884,16.0,9.50225017701791,46.0,43.669338437945555,10.0,9.435972391274916,10.0,31.483148677378907
template_projection,ridge_10,1678,1300.0,1300.8122147623205,11.0,19.231180577246107,36.0,35.90022948185426,122.0,116.94928602629071,146.0,181.95577572379196,287.0,264.92428464624646
template_projection,ridge_10,1679,6100.0,5660.378990058535,15.0,8.391895471386619,19.0,21.120764925326146,128.0,131.22297907982028,340.0,327.7310284538844,340.0,349.3522796335815
template_projection,ridge_10,1680,900.0,957.0719099842097,111.0,98.67973507140438,13.0,14.40004883522894,20.0,21.943210092922993,32.0,36.80552419987922,49.0,46.6572257857769
template_projection,ridge_10,1681,400.0,407.2627070613295,40.0,30.74796782994776,9.0,5.487828230222334,24.0,28.329490848908545,12.0,12.883535771525572,10.0,30.85030738341392
template_projection,ridge_10,1682,400.0,784.1799692536938,84.0,69.61476491592589,2.0,19.187581205017747,27.0,31.782347578314404,3.0,-13.62655626685708,16.0,-17.20939827071325
template_projection,ridge_10,1683,1500.0,1475.7142261450854,42.0,24.231910202871283,14.0,18.172646712401335,82.0,77.04225932931256,50.0,49.28015267448147,57.0,63.21115591983803
template_projection,ridge_10,1684,1200.0,1224.5491591642156,1.0,3.2391384532739522,8.0,7.991704714821083,104.0,98.69592703861724,83.0,78.28100619092265,99.0,109.62850002420831
template_projection,ridge_10,1685,1200.0,913.5822789952833,205.0,208.35114728616875,19.0,25.75296930366764,22.0,22.143348241091466,112.0,90.16984991037351,136.0,142.93530301077044
template_projection,ridge_10,1686,900.0,839.8240505978222,84.0,76.35942435013278,2.0,2.615920030538822,12.0,13.003895611651394,19.0,18.92427795608699,19.0,22.177430004329352
template_projection,ridge_10,1687,300.0,323.717761107745,39.0,37.73839680185188,3.0,3.304578427351819,31.0,29.64445626651429,8.0,0.26635747703856794,8.0,14.495021894223484
template_projection,ridge_10,1688,5200.0,4535.307259965783,24.0,19.851892216656303,16.0,22.877496186448838,94.0,100.05155534176095,209.0,189.83641956739785,222.0,213.7815716831388
template_projection,ridge_10,1689,3000.0,2873.7243648501176,15.0,8.505609195173541,12.0,14.906639052459044,74.0,77.60180818444366,213.0,190.91817493696828,213.0,220.53221125380412
template_projection,ridge_10,1690,1100.0,1189.8712608155604,4.0,6.466655858890995,7.0,7.11157387010187,78.0,77.53906887002226,59.0,80.34352593505892,126.0,110.84292761153013
template_projection,ridge_10,1691,1400.0,1344.6243689699252,38.0,22.17566136106951,20.0,18.318207232135713,55.0,49.590573857813204,93.0,114.22448130536651,141.0,142.57404972379183
template_projection,ridge_10,1692,2600.0,2929.1066995008778,58.0,35.75953836543932,14.0,12.025884482784633,86.0,97.02121363628862,109.0,155.73436608165323,211.0,196.1944526429213
template_projection,ridge_10,1693,700.0,612.4829270544669,46.0,47.41861266439227,2.0,2.7858666934339684,23.0,20.682398657169596,40.0,31.032801301168362,40.0,46.30422370172867
template_projection,ridge_10,1694,1800.0,2021.3486414878628,8.0,21.309983034019837,18.0,11.149979965504016,66.0,69.76598812935093,114.0,100.2482566415568,114.0,122.47456758369138
template_projection,ridge_10,1695,2200.0,2545.542921458129,4.0,8.916563701543652,19.0,19.717277646294843,73.0,63.39443295041844,56.0,86.6712937849118,89.0,88.8565494923512
template_projection,ridge_10,1696,600.0,457.51566839371503,54.0,53.335313978675586,2.0,1.8057443884437259,11.0,11.11552396413115,3.0,2.030099285256128,5.0,8.034488163324468
template_projection,ridge_10,1697,2200.0,1976.8716059794938,2.0,2.139467873955681,13.0,17.574813972075223,78.0,74.44960520472216,132.0,114.47609632711678,132.0,137.70671048692992
template_projection,ridge_10,1698,3000.0,3214.685217823725,18.0,21.84563350451252,22.0,24.320032180045075,164.0,164.74965241460308,162.0,168.29517394638845,234.0,209.26864497054507
template_projection,ridge_10,1699,500.0,820.6578915267885,61.0,46.930913631262406,2.0,-1.2957886822538836,28.0,33.09596066479128,37.0,59.849715303608974,92.0,87.48291273993462
template_projection,ridge_10,1700,1700.0,1831.0829089702322,1.0,-15.416166752770096,22.0,29.51135965713589,63.0,56.40584236688095,35.0,55.83949927473789,62.0,52.59494510619603
template_projection,ridge_10,1701,600.0,732.4508328530395,33.0,28.319275621597253,20.0,16.16292622533304,47.0,48.00887027784062,22.0,31.926131655045218,49.0,51.36538309077571
template_projection,ridge_10,1702,300.0,-195.5301020636573,88.0,84.06139244372761,5.0,10.373374359348997,4.0,0.6790400960049467,7.0,29.07270989529215,83.0,72.67964781136646
template_projection,ridge_10,1703,500.0,659.3486049337802,84.0,74.12052822736476,2.0,4.6655114433371825,28.0,29.129646297106632,16.0,15.283849549792038,29.0,29.689545673318065
template_projection,ridge_10,1704,300.0,502.21267337697725,64.0,39.301443661326985,12.0,18.922626023695496,16.0,7.948254211971289,13.0,1.4177111222274306,13.0,24.40296763968793
template_projection,ridge_10,1705,500.0,247.71338363618827,68.0,93.87191358329903,18.0,12.927935975190648,39.0,46.91514010246058,31.0,46.86670495480004,70.0,67.45530096167538
template_projection,ridge_10,1706,200.0,121.19270276609268,82.0,93.59055884441652,3.0,-6.03055281278788,2.0,11.089172605135005,3.0,7.739854540078468,5.0,24.361619740463553
template_projection,ridge_10,1707,400.0,330.465363865762,67.0,59.51527710486674,9.0,11.99571704176559,20.0,23.421952355155682,6.0,-2.171865654538479,8.0,7.22246023567439
template_projection,ridge_10,1708,700.0,394.9680435730139,5.0,17.254654778070147,4.0,-0.5490750462064984,30.0,32.74627942982047,53.0,27.339529019101008,53.0,80.91524975660657
template_projection,ridge_10,1709,700.0,732.2526780356194,66.0,73.02916117459218,28.0,22.928035799256634,22.0,22.850387680079262,24.0,26.039411079164935,36.0,41.78925524108323
template_projection,ridge_10,1710,500.0,515.1760375614836,18.0,20.792059556648695,9.0,10.277514232427784,48.0,49.9131837938784,57.0,96.56570613674003,183.0,146.47254687451738
template_projection,ridge_10,1711,700.0,695.8882713368325,41.9832,43.31312013438461,10.0,8.768528829713542,34.0,33.85450847248872,25.0,19.517473164506384,24.0,30.204892760082373
template_projection,ridge_10,1712,2300.0,2358.0979995754838,32.0,30.059157978683906,12.852,15.185824360647782,85.1995,74.14952997204846,112.0,109.10626141604759,128.0,124.43683722524173
template_projection,ridge_10,1713,2100.0,2052.160171442446,5.0,6.472047606124683,44.0,41.088158640086505,88.0,86.87208229567028,123.0,113.61696632570359,123.0,139.93705515307917
template_projection,ridge_10,1714,200.0,272.3833431690922,85.0,90.51737707997302,2.0,0.2772446664905974,2.0,4.342310722032629,16.0,13.005535842174595,23.0,23.894062972863566
template_projection,ridge_10,1715,1400.0,1377.5459123181336,75.0,71.80160144064428,9.0,12.831463219184474,70.0,65.72122400181668,97.0,121.33985965140786,178.0,164.14074327433804
template_projection,ridge_10,1716,500.0,297.5333613040324,61.0,73.87748123547996,6.0,-5.7005041628031226,11.0,14.439578579095674,12.0,18.55314566841396,12.0,20.35207116398857
template_projection,ridge_10,1717,700.0,769.7956877898358,34.0,40.4195809827966,23.0,19.941025379692192,37.0,35.47118190150551,50.0,45.431129994147746,59.0,66.26643506263768
template_projection,ridge_10,1718,500.0,-49.78417511004227,122.0,102.29875771158972,2.0,0.6522254494944555,21.0,24.009701925525324,39.0,37.880311710831975,45.0,58.28631262153132
template_projection,ridge_10,1719,400.0,505.1598286751108,25.0,27.570948204820894,6.0,7.135985134976853,65.0,63.99466624405768,54.0,62.70827035290343,111.0,97.9864828832639
template_projection,ridge_10,1720,500.0,656.7813851153461,117.0,112.77724357071045,4.0,4.914148914459515,21.0,23.052611839359173,57.0,45.29236897510658,69.0,68.68650465957262
template_projection,ridge_10,1721,1500.0,1452.2806157442947,205.0,194.20234031241807,13.0,18.734584141492114,24.0,25.41414671561065,155.0,173.74797848682192,248.0,226.07500120771738
template_projection,ridge_10,1722,2900.0,3972.7878695163054,4.0,28.78746960068804,18.0,14.106506020235534,85.0,64.2895033966609,252.0,258.16678038482087,252.0,272.50562417976107
template_projection,ridge_10,1723,1400.0,1494.6113924284298,25.0,19.785585153338147,2.0,3.221459785832794,133.0,135.43012362527628,204.0,167.02686267164876,204.0,222.55323198185616
template_projection,ridge_10,1724,300.0,315.2940137531481,54.0,51.39016249326867,4.0,4.557353683385951,21.0,20.95629911775204,8.0,9.572744185449423,24.0,23.39632061960677
template_projection,ridge_10,1725,1800.0,2059.288143526911,121.0,127.40856895482216,61.0,60.887043567995136,72.0,71.21499366563532,112.0,168.63947216167904,264.0,217.67839691099508
template_projection,ridge_10,1726,300.0,306.5539118276388,47.0,50.30430331545174,2.0,1.4646456277093431,28.0,27.98134200019905,12.0,4.421455551211537,14.0,17.641607435920164
template_projection,ridge_10,1727,1800.0,1833.781476797994,1.0,1.302972730468241,6.0,6.808837217005822,73.0,73.84855116330137,144.0,139.0151904325199,175.0,174.46258724409347
template_projection,ridge_10,1728,1600.0,1085.3141802984537,2.0,21.42138628491272,4.0,1.6280615959021514,79.0,90.83983075982557,103.0,99.91042768058796,181.0,159.0640903256754
template_projection,ridge_10,1729,1500.0,1366.8091710858976,224.0,212.6588935723288,16.0,18.905447581006857,33.0,33.11975953009862,115.0,110.51280916198846,136.0,141.91968525611267
template_projection,ridge_10,1730,900.0,932.3937695252014,19.0,26.67479977092992,32.0,28.00211934934535,47.0,45.844046478376654,22.0,25.925805195935375,35.0,38.79258083970227
template_projection,ridge_10,1731,2299.0,2328.079185804011,158.0,163.1013278822075,78.0,77.72226883201517,44.0,45.22599880491293,73.0,98.27620811204025,144.0,116.05736969180572
template_projection,ridge_10,1732,400.0,376.11953143299945,58.0,61.472918012273865,7.0,1.0044498315325594,28.0,29.83047260713816,9.0,16.455063786825967,22.0,30.586479453152563
template_projection,ridge_10,1733,800.0,906.9670722203514,65.0,46.223419709030566,22.0,27.211425349915377,52.0,52.708941125338605,94.0,76.24303184011308,102.0,113.03853977714112
template_projection,ridge_10,1734,300.0,275.84229584594925,75.0,63.26614951499095,2.0,8.641367008477665,27.0,30.213791203862005,21.0,11.195673979590296,36.0,29.98149951225554
template_projection,ridge_10,1735,2200.0,2234.852091241434,10.0,11.911480891111445,33.0,30.570256757822357,99.0,96.15476779554757,118.0,111.41082457248842,119.0,132.66998230973505
template_projection,ridge_10,1736,300.0,40.26101411685363,46.0,39.83239631345721,4.0,6.956191097388835,11.0,9.50740089862127,6.0,16.485324514366845,32.0,42.72461629951165
template_projection,ridge_10,1737,1900.0,2063.709971733266,46.0,51.026470967933435,53.0,49.816138586210144,76.0,75.1573220609157,183.0,159.48756336262144,183.0,202.3610125679237
template_projection,ridge_10,1738,1800.0,1536.7322308762232,10.0,0.06347194539097956,18.0,20.582681669851098,63.0,66.48308257599847,56.0,48.67770227968877,56.0,59.19651955219567
template_projection,ridge_10,1739,900.0,839.0918164827415,65.0,58.882083923675474,5.0,9.205234558755986,46.0,45.53344203981116,59.0,53.25130874084562,87.0,82.1486499217331
template_projection,ridge_10,1740,300.0,120.90223082954412,48.0,38.52459111585763,1.0,2.927357899695833,3.0,1.7971367870741162,11.0,7.492268139756021,14.0,23.632143452692517
template_projection,ridge_10,1741,1000.0,930.1572925112393,164.0,158.00470396140656,17.0,17.52133268398807,25.0,25.034036705415467,98.0,83.14674433372483,98.0,112.1923249512914
template_projection,ridge_10,1742,700.0,656.2784080531309,142.0,145.7302559307963,15.0,16.111228531559703,27.0,27.48762088528297,38.0,45.718162806589945,82.0,68.37874356683945
template_projection,ridge_10,1743,3100.0,3641.3485711241283,35.0,56.190141144405615,68.0,55.782881934458814,137.0,132.0991091200285,308.0,283.0375468378104,305.0,345.2334725377655
template_projection,ridge_10,1744,300.0,373.509580780398,25.0,25.285604323185034,6.0,5.608684299260041,37.0,38.84826720174212,24.0,14.463578693553359,27.0,31.536443005688014
template_projection,ridge_10,1745,1100.0,148.49020832223823,56.0,21.211076106562544,9.0,20.23874204631286,46.0,43.02697340680407,48.0,30.99768445378006,30.0,72.26371908378275
template_projection,ridge_10,1746,700.0,917.6172466612215,48.0,54.225586044825306,16.0,13.442122187284493,48.0,46.54715262997783,38.0,31.55107099159676,38.0,46.75416858917178
template_projection,ridge_10,1747,600.0,516.9727176988878,50.0,48.062533789420286,2.0,-3.360836325117438,41.0,47.13484645444128,51.0,36.98406381428783,51.0,68.03027823969495
template_projection,ridge_10,1748,900.0,940.1255524706123,29.0,32.615456460679454,12.0,11.459136881612418,52.0,50.92882649113316,39.0,44.718204007791115,67.0,61.79943938239793
template_projection,ridge_10,1749,6900.0,6569.844552820544,6.0,-1.9273568072773557,86.0,81.14846878841873,176.0,179.65386550325735,291.0,318.8499850065921,331.0,339.4346759723161
template_projection,ridge_10,1750,800.0,822.467420548563,33.0,32.10595312454468,8.0,9.647442239654996,26.0,24.949967362341045,46.0,37.51574431696634,50.0,52.176819704571955
template_projection,ridge_10,1751,2100.0,2114.0789756077793,10.0,11.585798094870967,31.0,29.074248270083594,78.0,76.10169195152866,78.0,92.40071848151655,108.0,106.57435888303046
template_projection,ridge_10,1752,1200.0,1314.896179109086,86.0,81.88044306878463,22.0,21.85388781245034,85.0,82.32444869874608,97.0,98.04358666840615,128.0,133.12977803973422
template_projection,ridge_10,1753,1200.0,1187.2144351646261,2.0,4.430479243187435,2.0,-2.864259951956724,72.0,66.66656299822596,95.0,87.49447834166978,95.0,117.43648883628464
template_projection,ridge_10,1754,1900.0,2025.485974993313,3.0,4.499411052251496,17.0,19.19968731436031,70.0,66.89053047668509,220.0,192.2740154588603,220.0,239.8610350502473
template_projection,ridge_10,1755,500.0,425.81842134233045,177.0,171.40865082804282,3.0,3.120940217219255,13.0,13.883307930623225,19.0,14.948716334321617,18.0,24.128868705462494
template_projection,ridge_10,1756,1800.0,1997.2537434539872,28.0,23.839948030569964,15.0,10.289421015489818,58.0,49.55619865878272,202.0,190.99233535733438,202.0,237.6410203596015
template_projection,ridge_10,1757,1000.0,986.5797936875157,48.0,48.18802859351228,20.0,18.81192328919835,66.0,63.62898288293479,62.0,53.08158622439929,62.0,73.70595566712512
template_projection,ridge_10,1758,1300.0,1481.171345343366,20.0,26.271821554312673,14.0,12.76149553404511,53.0,52.71383368202481,90.0,87.54902277162223,116.0,111.94374419151174
template_projection,ridge_10,1759,1300.0,1255.7834778032961,5.0,3.7917162567489484,4.0,6.380349539676086,68.0,73.03550291394315,29.0,55.87466962605891,104.0,77.64564514836175
template_projection,ridge_10,1760,2299.0,2728.818612223801,15.0,11.446589557085538,47.0,49.90440680349343,76.0,93.73807807507525,105.0,137.3751085918226,166.0,126.18233102655861
template_projection,ridge_10,1761,2600.0,2395.1162790344097,2.0,0.05787582237955746,3.0,5.340414026430693,53.0,54.22651281173593,148.0,121.351213556228,119.0,132.14914931225013
template_projection,ridge_10,1762,300.0,240.8262364686908,57.0,37.88604899967346,2.0,8.638530237710402,11.0,15.213613564176143,5.0,11.351758606972325,41.0,32.72269839695208
template_projection,ridge_10,1763,2900.0,2554.6700470873084,9.0,26.346759141173177,66.0,55.80453412425797,91.0,88.48667380266085,158.0,153.52771588631367,188.0,203.83736130501302
template_projection,ridge_10,1764,400.0,438.972527991147,69.0,70.95215915653013,8.0,7.072707856552698,21.0,20.375637185095727,10.0,4.767119256560136,10.0,15.18002901928972
template_projection,ridge_10,1765,1000.0,858.2331304126294,2.0,-2.8443064873088417,3.0,2.399857027655674,62.0,64.7890265250626,65.0,72.63510897878078,110.0,103.49767590125816
template_projection,ridge_10,1766,400.0,268.7549617915796,43.6968,39.96694098901217,10.0,5.821197338210812,20.0,26.45530004269832,10.0,8.57772472220853,22.0,36.007978167763525
template_projection,ridge_10,1767,400.0,378.90660806179574,56.0,59.148470240696874,5.0,4.412371626873597,19.0,19.089362355055584,11.0,7.987272200650239,18.0,20.01707760664398
template_projection,ridge_10,1768,2299.0,2151.713479511527,88.0,84.33781154430164,54.0,43.34249059129124,46.0,57.69772938899828,136.0,127.33057261867226,137.0,156.35065818285005
template_projection,ridge_10,1769,900.0,901.0045362659032,41.0,36.88290891005647,7.0,8.526317766145272,56.0,59.460636513840825,93.0,100.821599452919,162.0,146.16172068520032
template_projection,ridge_10,1770,4100.0,3957.895347503758,5.0,14.830027309061009,42.0,36.718172290155714,97.0,97.41812530237769,185.0,187.15155300355178,185.0,197.813645134939
template_projection,ridge_10,1771,600.0,-290.93745500966384,15.0,-22.07168018824926,2.0,20.02071719868235,26.0,30.29027331818642,30.0,-5.280842771648807,30.0,27.19544502616465
template_projection,ridge_10,1772,2800.0,2725.3898681843966,3.0,2.2559203764136555,36.0,33.06231098690202,86.0,90.96708775395635,233.0,203.8000715201,233.0,248.0196506229917
template_projection,ridge_10,1773,1300.0,1553.4908987925255,129.0,141.04023454023746,27.0,20.83598016150403,56.0,54.34742089880634,130.0,122.7471594737967,150.0,164.51060536714584
template_projection,ridge_10,1774,1600.0,1648.7413302043767,123.0,115.21382054706162,23.0,21.64562110518999,39.0,16.201737581452377,119.0,131.71122050648245,119.0,148.95149982924775
template_projection,ridge_10,1775,1900.0,1859.4072256967543,2.0,16.63328357078953,5.0,2.1966799179577983,50.0,40.10628339640483,115.0,104.40062476195907,115.0,131.54951201261548
template_projection,ridge_10,1776,6100.0,5946.200984566201,9.0,10.952361981140498,100.0,98.10413216666993,169.0,169.95414040033478,349.0,368.15804536942943,431.0,421.2996216306195
template_projection,ridge_10,1777,4900.0,4371.778450067477,4.0,-17.886170006604274,16.0,26.060124621438668,88.0,89.7390471084969,104.0,118.72038840707695,113.0,92.29106769211924
template_projection,ridge_10,1778,500.0,608.6069759710937,43.0,72.0515417247756,20.0,-6.08394476995805,27.0,62.72702682546942,14.0,29.916980612303824,25.0,40.23342586929134
template_projection,ridge_10,1779,2800.0,2843.0089667015523,128.0,121.2667878985443,51.0,52.10048915572264,113.0,111.3093645515994,311.0,271.8658702922139,311.0,341.77713438850867
template_projection,ridge_10,1780,2600.0,2630.9683255396694,1.4994,0.5350999551793052,19.0,21.272753824341244,74.0,71.71810425453421,106.0,93.72626190937129,90.0,92.82707720818252
template_projection,ridge_10,1781,800.0,730.2986914206642,39.0,34.173206304014855,2.0,6.150575513107814,45.0,45.53046456327969,24.0,14.785383559987963,29.0,28.51979716774413
template_projection,ridge_10,1782,1300.0,1284.5881985318488,7.0,9.124478942006412,4.0,3.0705903296359693,94.0,88.21759614460252,74.0,67.19748703351017,76.0,91.60971618377904
template_projection,ridge_10,1783,1300.0,1299.8485273658366,2.0,0.4808954217398522,8.0,7.483738916671996,76.0,72.7862619798725,56.0,51.284646764773605,56.0,65.0301761215855
template_projection,ridge_10,1784,300.0,1002.0422047005052,12.0,70.4371593837268,15.0,-1.5824750483816903,16.0,-0.7915625869086753,15.0,20.9832373833464,41.0,40.45329120656682
template_projection,ridge_10,1785,1800.0,1772.4192236862532,230.0,224.18369424630535,12.0,17.540775639686217,36.0,39.70879410355553,198.0,168.0806160597265,198.0,203.09342979477384
template_projection,ridge_10,1786,2100.0,2095.313191127759,3.0,37.50344154933357,6.0,6.57648554336847,59.0,61.46105990286011,53.0,70.06421002143392,111.0,69.5629150404173
template_projection,ridge_10,1787,1500.0,1678.18965461705,68.0,67.92482831053778,4.0,3.856373750157065,44.0,44.08800505222134,271.0,211.71264922551683,230.0,267.3882022450602
template_projection,ridge_10,1788,1300.0,2097.3601029904257,91.0,82.22079740971404,35.0,32.51695793018175,51.0,73.85529120512028,171.0,154.42510572765815,194.0,173.2316294335717
template_projection,ridge_10,1789,300.0,259.74065190620024,69.0,74.2248323982272,2.0,1.0990556817242254,13.0,14.547226277005663,6.0,2.101924932309828,18.0,14.811606937540006
template_projection,ridge_10,1790,500.0,468.22089858232096,70.0,68.03164146179346,8.0,8.456190946189793,18.0,17.539498829377834,17.0,11.959212725701633,20.0,24.556824615289415
template_projection,ridge_10,1791,2300.0,2454.235805345896,1.0,6.615169926516877,12.0,9.835749278668747,87.0,88.55014739291995,239.0,218.96298294939785,257.0,268.80445274156347
template_projection,ridge_10,1792,2300.0,2482.9957975239595,4.0,6.417727478456754,59.0,60.82515034624776,133.0,129.58929970987262,138.0,130.3966256483613,165.0,163.0138612563553
template_projection,ridge_10,1793,1100.0,1044.3256276653465,83.0,79.2101126741139,2.0,3.8174168533399087,46.0,46.13820872691566,72.0,64.1390508730614,83.0,85.79612536223067
template_projection,ridge_10,1794,900.0,243.5402193801949,49.0,21.92995182642749,11.0,22.504630511867155,67.0,60.46777412954992,76.0,79.70076953084552,103.0,106.58403891533455
template_projection,ridge_10,1795,1100.0,1221.8724266490933,177.0,167.09429817790266,25.0,32.521794503805644,67.0,61.966848492687426,126.0,103.021401574218,140.0,149.2668416716752
template_projection,ridge_10,1796,700.0,701.5215245950251,36.0,34.55938652951492,3.0,1.6728884555164125,15.0,20.06199288120198,70.0,38.844683067364905,35.0,53.075679691079145
template_projection,ridge_10,1797,1500.0,1417.8558096584195,26.0,23.8685399160236,51.0,53.658811766348094,92.0,84.18260139878143,62.0,55.25688668302746,70.0,78.58721249438761
template_projection,ridge_10,1798,400.0,420.6135595745668,73.0,79.22987325315086,2.0,0.7092691492226422,7.0,6.610840783391367,7.0,2.526225706444336,7.0,9.802935800969365
template_projection,ridge_10,1799,2900.0,3007.549668643982,2.0,4.921342538170613,25.0,24.98391434687241,107.0,107.09888259169291,312.0,282.2041927029946,334.0,350.5581285511154
template_projection,ridge_10,1800,1700.0,1674.1130502398264,2.0,12.402522515164996,2.0,-0.9400253146915976,53.0,52.22873027085546,128.0,123.4819677180582,152.0,153.65062079275427
template_projection,ridge_10,1801,700.0,115.87227721000318,59.0,4.583998724132719,3.0,25.199706257527346,30.0,39.803232646144984,35.0,18.350541783063314,20.0,23.290592423635985
template_projection,ridge_10,1802,200.0,186.5334406069942,108.0,106.91655776127092,2.0,2.3675644655171695,16.0,15.81326109179728,10.0,5.439446059649782,17.0,20.652055417182197
template_projection,ridge_10,1803,1900.0,1328.4352460125724,71.0,56.112327483350334,2.0,10.067004370374471,66.0,65.23279880162266,71.0,67.55377589718209,83.0,77.56169718591902
template_projection,ridge_10,1804,400.0,609.548017352889,126.0,124.08444806895861,2.0,-0.6495717906023959,24.0,28.339735239373,12.0,31.17887275877184,52.0,49.24090605501328
template_projection,ridge_10,1805,600.0,670.4399715388663,62.0,66.30089933248462,7.0,6.546498611132387,34.0,34.072268708092395,105.0,86.80672524739877,112.0,121.32658785949069
template_projection,ridge_10,1806,200.0,195.62632080637877,74.0,74.438215105129,4.0,4.054736926632062,13.0,11.857921644124445,7.0,4.312426679172873,12.0,15.251163780607726
template_projection,ridge_10,1807,5800.0,5732.349100393326,1.0,27.426980116949746,134.0,130.72959253362748,167.0,162.06093930790348,290.0,292.7864039890028,326.0,312.25979463057934
template_projection,ridge_10,1808,1700.0,1572.7191514404835,40.0,47.17249699138244,4.0,-7.462448489669226,40.0,32.73190311345904,229.0,216.81585674093492,229.0,275.3030803713292
template_projection,ridge_10,1809,800.0,655.9454734738107,74.0,73.64022772730641,12.0,8.805009258088369,11.0,14.903462154936896,16.0,10.03038408550043,3.0,16.02290664446332
template_projection,ridge_10,1810,2200.0,2151.3871794536444,106.0,106.1378998181895,50.0,48.40545952987796,80.0,77.78251670518199,105.0,102.67126259232185,114.0,124.06678446744071
template_projection,ridge_10,1811,600.0,810.9916449434479,24.0,26.75624262888772,41.0,38.31908562895045,45.0,43.6917335153383,14.0,13.045913169336089,18.0,24.952848713925718
template_projection,ridge_10,1812,2100.0,2096.343661920865,2.0,-1.4089948938832109,3.0,5.394620004480537,96.0,96.37978703060708,123.0,142.96080561905217,199.0,178.51403551157085
template_projection,ridge_10,1813,300.0,264.93225132999,82.0,85.00153633662809,2.0,0.27621976533075276,12.0,12.9304723027441,34.0,44.91510156625548,78.0,72.2084403034898
template_projection,ridge_10,1814,1399.0,1693.6160021483283,78.0,81.11136776582761,77.0,71.61952759351311,68.0,63.95215286482741,125.0,129.7072378651195,157.0,172.91055138840989
template_projection,ridge_10,1815,600.0,630.392331630583,46.0,46.14535805307448,2.0,2.525240587149071,30.0,29.082997087435235,22.0,18.32690942169082,26.0,28.2465171099865
template_projection,ridge_10,1816,2100.0,2123.711037243222,3.0,11.624645068847599,50.0,42.37424904507184,94.0,100.43381098502672,134.0,124.8436075543,137.0,147.16086426597528
template_projection,ridge_10,1817,700.0,303.68228011977385,127.0,74.57566485967395,5.0,30.029819439466053,11.0,33.52445444042909,56.0,18.169315474668338,82.0,69.99251889209356
template_projection,ridge_10,1818,1500.0,1620.4237731163753,83.0,89.27994729220168,38.0,39.06464561565459,61.0,65.50764251267273,93.0,185.2939198601361,331.0,252.44484461654662
template_projection,ridge_10,1819,2300.0,1520.599079956312,3.0,32.28660374408942,48.0,41.9243817699086,78.0,54.316830668820046,204.0,165.1972555609832,211.0,248.47863078024403
template_projection,ridge_10,1820,800.0,702.7099632957757,123.0,119.84672927625192,8.0,10.586014266303682,26.0,28.964407564820863,117.0,107.93256552361528,155.0,153.26079599589548
template_projection,ridge_10,1821,1400.0,1060.619063306282,45.0,36.366233363532395,6.0,9.184478925698869,25.0,27.739241918810773,58.0,48.83745523400525,58.0,55.409337853849905
template_projection,ridge_10,1822,1100.0,1007.1364391699115,59.0,59.996621339704134,33.0,30.087189782295052,29.0,31.24390658388516,29.0,39.268568948278755,56.0,55.827840295418206
template_projection,ridge_10,1823,1100.0,800.7725695043257,226.0,223.25486276606847,5.0,11.419916177248739,35.0,42.29015565330548,97.0,64.50103661971198,97.0,100.80885469842696
template_projection,ridge_10,1824,2600.0,2509.4234296966865,6.0,15.536737202201088,37.0,32.350402739704464,53.0,51.71517801864429,59.0,69.0671917651602,66.0,77.83194623353508
template_projection,ridge_10,1825,600.0,657.7483617464194,80.0,78.85383803482888,9.0,9.668940709513251,35.0,33.75464086915804,27.0,40.135497387936056,69.0,59.90326503347633
template_projection,ridge_10,1826,400.0,380.3270747412647,73.0,68.38715734888085,2.0,7.845539660770731,11.0,12.933210618081254,7.0,-5.927810498471445,10.0,3.0364100715565456
template_projection,ridge_10,1827,700.0,703.4911141535737,44.0,43.767588616373025,3.0,1.9511710869896515,46.0,43.42734866158183,44.0,38.012977008717606,44.0,54.48445643711614
template_projection,ridge_10,1828,3300.0,3139.7690134340532,11.0,15.293272129981482,67.0,67.22054565006647,80.0,84.93508284034165,287.0,237.67887725083318,266.0,287.8817486997939
template_projection,ridge_10,1829,900.0,504.6439299360235,51.0,80.83241904280702,10.0,-2.4016227640152064,32.0,31.690286987095234,47.0,55.405540275880846,47.0,52.72969100647864
template_projection,ridge_10,1830,1400.0,1311.8407474467658,174.0,158.89207724946576,9.0,16.12823921095649,24.0,37.282451077372535,80.0,86.46531204345678,132.0,107.92590730124725
template_projection,ridge_10,1831,1300.0,1352.0254482834462,80.0,84.01439674177936,26.0,23.957584995078687,54.0,55.34643679428206,120.0,139.00465813404438,202.0,187.42920796148258
template_projection,ridge_10,1832,1700.0,1670.1208648655088,171.0,156.13364128681997,85.0,81.61674660500047,62.0,67.66176968777287,301.0,272.68413969469543,349.0,376.3568343104
template_projection,ridge_10,1833,1400.0,1230.8695701013107,2.0,3.795780813570282,2.0,-1.0147803076263333,42.0,38.87568926372827,70.0,75.71263095464803,91.0,98.11852446094463
template_projection,ridge_10,1834,1300.0,1295.6413259509752,18.0,19.32458011248471,5.0,4.291019165250173,45.0,45.35291457597002,167.0,110.22718876805916,100.0,137.9107513892033
template_projection,ridge_10,1835,1200.0,1211.1307438870317,197.0,196.32416450112453,38.0,35.26559241161224,44.0,43.93606633388453,180.0,189.70442767047513,248.0,251.36595854609038
template_projection,ridge_10,1836,800.0,788.5695557348638,3.0,3.2853472035049407,2.0,1.752916506528484,71.0,68.80069714725629,25.0,29.266280859382256,47.0,47.595655775500795
template_projection,ridge_10,1837,900.0,1018.4416174508737,43.0,56.6464455710853,45.0,40.853030268757976,45.0,45.07258855681676,79.0,94.87197404198919,149.0,137.77084027259934
template_projection,ridge_10,1838,1700.0,1814.5924576818595,2.0,-1.9766768205091338,6.0,11.134702495663252,52.0,46.28579268176319,145.0,121.648948585006,145.0,147.96717854935605
template_projection,ridge_10,1839,500.0,372.1819252434992,44.0,40.98490403451386,7.0,10.007797024618087,11.0,11.585192467666076,17.0,3.933331019990163,19.0,15.808439720470545
template_projection,ridge_10,1840,1200.0,1366.6220432220737,4.0,1.3887335145917987,13.0,14.474691020042972,99.0,96.6942367344796,131.0,124.52064116810763,165.0,169.73567590529126
template_projection,ridge_10,1841,300.0,511.4264177556489,91.0,106.80335709080742,3.0,12.219876327271894,11.0,27.501198393908805,9.0,24.28368600677853,98.0,45.49829805904559
template_projection,ridge_10,1842,1200.0,1192.9183978842789,98.0,94.38612674015742,16.0,17.018742441776368,56.0,56.79477523071599,117.0,97.38892080947859,117.0,130.25868406591462
template_projection,ridge_10,1843,3400.0,3227.1279496625784,6.0,2.045143856365897,34.0,34.303990262364515,77.0,77.92400747113533,126.0,132.24218880646768,140.0,137.75333953526763
template_projection,ridge_10,1844,900.0,1279.7356409946622,96.0,70.71355860187919,2.0,11.214418886901802,24.0,23.563226875893868,75.0,70.44441273506689,76.0,80.4956520441011
template_projection,ridge_10,1845,3200.0,3120.039394975748,10.0,24.531731065358407,31.0,20.669182269932087,94.0,96.49753567507393,202.0,211.1788414286508,219.0,237.30704594642586
template_projection,ridge_10,1846,1400.0,1127.9990660241178,100.0,96.71772083631382,7.0,2.924399274487074,49.0,53.38513183719976,77.0,74.72136225382022,84.0,101.5652535712949
template_projection,ridge_10,1847,2600.0,2930.576569962621,5.0,19.282032657247044,49.0,44.78673026384823,109.0,105.06456099971089,183.0,183.6916333708273,221.0,223.143956113206
template_projection,ridge_10,1848,8700.0,7952.413137403225,2.0,1.8069511153202669,9.0,17.482403836164824,174.0,168.44542321010144,391.0,407.5769784229663,440.0,425.4578243766996
template_projection,ridge_10,1849,600.0,672.520502611154,20.0,22.728208338890312,7.0,5.27721905891457,41.0,39.86904675225277,12.0,20.37102751721033,33.0,32.141017118642154
template_projection,ridge_10,1850,1100.0,856.8179902202819,2.0,0.6147297802325795,5.9976,4.785895636699143,47.0137,47.36484107362188,62.0,43.26297483167099,26.0,52.44161850324387
template_projection,ridge_10,1851,1100.0,1172.0539255313802,2.0,-1.6213475022725419,3.0,5.22714342803112,74.0,67.56300172570863,48.0,69.53620763104493,114.0,100.52045869107444
template_projection,ridge_10,1852,600.0,726.0520304759382,23.0,34.65070950611772,2.0,-3.5897273347451186,45.0,39.69743346082924,31.0,29.33898037792956,31.0,41.60228601938781
template_projection,ridge_10,1853,1900.0,1795.7654504019397,177.0,153.1985267880224,11.0,15.620795194312837,18.0,21.945459740747957,129.0,119.49200541692106,131.0,139.7061623346138
template_projection,ridge_10,1854,700.0,940.4518638718979,68.0,60.86928891188338,9.0,10.414140410667766,38.0,39.5514158566231,53.0,47.95000498239694,77.0,76.62118661453695
template_projection,ridge_10,1855,1300.0,1405.5066851043227,5.0,10.966726512110782,5.0,12.999960902663801,68.0,62.9877562392861,146.0,146.71749387391404,219.0,193.71400564781771
template_projection,ridge_10,1856,2000.0,1951.4254633913797,14.0,23.739437563338505,39.0,28.009881716981234,67.0,60.36622813910927,149.0,146.24266745064807,144.0,177.6501411901146
template_projection,ridge_10,1857,1800.0,1620.2018961209233,2.0,-11.721586186593015,3.0,1.6366298705310491,45.0,52.04123190415802,111.0,98.58826028923971,111.0,132.34668518543802
template_projection,ridge_10,1858,2600.0,2684.981290442988,5.0,-8.995405521513817,46.0,41.34471921368502,132.0,136.0855284027073,161.0,155.67652239137763,161.0,187.604512451676
template_projection,ridge_10,1859,500.0,-82.97079694843865,21.0,19.41869140181857,3.9984,3.923405396399456,56.0,51.89439947522234,51.0,30.275091548163353,43.0,67.42873442813675
template_projection,ridge_10,1860,1000.0,517.31131002413,18.0,20.85402694317584,12.0,21.474519912145315,52.0,55.70106904761799,23.0,13.254657294296607,44.0,25.77194815123329
template_projection,ridge_10,1861,1400.0,1462.4215164265413,16.0,21.139619136531806,41.0,37.748728058575004,63.0,63.84128622164116,52.0,67.62140172480305,97.0,88.97072758852896
template_projection,ridge_10,1862,400.0,518.0626969742594,101.0,97.42754941438011,2.0,-6.246398505212857,24.0,9.456472429470736,12.0,40.961802126738846,12.0,44.09131657290053
template_projection,ridge_10,1863,1600.0,1588.6293950211277,163.0,155.37312110400876,15.0,20.36473317437087,63.0,62.44253765522528,200.0,197.48713039586482,269.0,261.4468620176888
template_projection,ridge_10,1864,900.0,936.2345735827396,43.0,40.57133993969628,2.0,3.2843833237894433,61.0,59.205291027570084,37.0,34.009921028959816,46.0,49.16371845402353
template_projection,ridge_10,1865,1900.0,754.6048271672653,14.0,5.330919676817672,33.0,32.08999703980604,84.0,70.08710069660685,146.0,147.19605486449876,147.0,199.67540526294482
template_projection,ridge_10,1866,8400.0,7773.835427206267,10.0,-6.2328681334744545,22.0,30.885458088470052,134.0,141.72671352512575,503.0,474.06904716985264,503.0,506.1678402540242
template_projection,ridge_10,1867,600.0,589.7253455321186,2.0,6.1104921483550925,2.0,-0.5442007650176013,57.0,50.231315832354646,24.0,25.87885220393845,37.0,49.24490256680469
template_projection,ridge_10,1868,1000.0,875.5621161660815,212.0,191.24799835427788,31.0,36.50568124063059,26.0,23.55608552824301,92.0,86.93740933524184,115.0,120.95118635734265
template_projection,ridge_10,1869,3200.0,2926.6345798151715,87.0,70.60570327259202,47.0,52.529333434773456,42.0,43.627314412828646,196.0,180.7564529287182,196.0,208.00017090268778
template_projection,ridge_10,1870,300.0,538.8592386012485,66.0,75.8676976309735,2.0,6.022830671653329,14.0,23.099687830889085,74.0,210.301720988677,432.0,303.547900648707
template_projection,ridge_10,1871,2200.0,2302.7804643750815,4.0,10.211423679396376,58.0,54.30476989957822,76.0,77.22808229329964,166.0,147.67750365078962,166.0,182.88362464837337
template_projection,ridge_10,1872,1800.0,1583.8900126838976,31.0,26.287979471666443,9.0,11.887641732230799,78.0,74.05113725635798,64.0,76.84557830519744,112.0,99.48645991394335
template_projection,ridge_10,1873,600.0,197.26504107703204,197.0,183.59413089059606,10.0,15.49088106223812,2.0,6.3059613115432995,40.0,54.928646907807874,84.0,74.38612469738045
template_projection,ridge_10,1874,500.0,465.4283371296459,40.0,52.59551766145722,2.0,-0.6828513764123816,10.0,7.452913517175929,41.0,40.101038514485396,52.0,58.75130067005363
template_projection,ridge_10,1875,700.0,793.0410968693103,2.0,8.752805887604929,2.0,0.7105654668571422,58.0,58.44564914338509,66.0,68.26609898243066,103.0,97.47830703206431
template_projection,ridge_10,1876,400.0,373.12327151207774,3.0,1.806208789820829,2.0,1.5611537380146334,4.0,7.516833115302234,15.0,12.60606147369073,26.0,24.075470379377208
template_projection,ridge_10,1877,1800.0,1696.6565731191445,200.0,188.3166896624892,16.2792,18.443894504635153,49.0667,49.684707765570636,149.0,128.99211318530828,146.0,161.071075901825
template_projection,ridge_10,1878,800.0,651.9940622136464,30.0,37.08450447960413,14.0,13.443183375697988,40.0,40.73176623138149,52.0,54.88899252933591,98.0,87.09960698815033
template_projection,ridge_10,1879,2000.0,1967.496429898877,103.0,101.88000840582318,40.0,39.89764684708873,65.0,64.25290801973046,137.0,143.7012569837475,183.0,179.45177157354482
template_projection,ridge_10,1880,300.0,351.75727182453545,83.0,83.55317296359486,2.0,1.8707407624811427,22.0,20.125755780969047,16.0,28.111936401660245,54.0,48.285535883102874
template_projection,ridge_10,1881,500.0,269.3438390342965,195.0,182.5070631762022,2.0,5.544080961200512,34.0,35.1125191309565,18.0,22.182419736957407,51.0,46.316775887665614
template_projection,ridge_10,1882,1000.0,1100.5523481629702,71.0,75.06050460867742,27.0,32.05606295446529,45.0,59.500116100875886,83.0,199.2519175577167,395.0,282.34978800246614
template_projection,ridge_10,1883,800.0,679.6226341696313,140.0,134.17309899024568,3.0,5.06116229153632,41.0,39.95875504569845,50.0,57.27185603537576,89.0,84.29224326603767
template_projection,ridge_10,1884,500.0,565.3177464514204,58.0,57.89320299165957,11.0,9.29632875935349,25.0,22.201314241062008,14.0,15.10576869606001,14.0,23.570242531765246
template_projection,ridge_10,1885,800.0,773.943550232896,53.0,56.67120840436306,4.0,3.0706752550437457,28.0,29.1493168763524,73.0,64.45899087141512,84.0,87.14003029074777
template_projection,ridge_10,1886,300.0,289.79835233476194,58.0,61.88726402201328,3.0,5.563640213389464,23.0,22.195031460882856,9.0,2.5918772047693324,19.0,14.917125005958084
template_projection,ridge_10,1887,800.0,678.8459851194514,92.0,85.80159241252906,8.0,13.203463620742433,56.0,55.69283953050472,103.0,97.03940520020821,153.0,145.66330379735788
template_projection,ridge_10,1888,2200.0,1916.6484578109528,2.0,16.3153853812115,39.0,40.01345807851301,74.0,72.32860196483777,123.0,103.11325332759004,123.0,128.512091166864
template_projection,ridge_10,1889,2500.0,2471.152485469949,44.0,55.24170195963286,70.0,65.61085583453965,58.0,60.53648281818119,81.0,101.05377366247899,130.0,115.67889762817224
template_projection,ridge_10,1890,2900.0,2157.4696638099904,4.0,-12.133855296607976,36.0,51.99525821828102,93.0,99.8265387434086,124.0,98.76353420987826,148.0,131.37413620495914
template_projection,ridge_10,1891,4100.0,4453.090552236146,2.0,21.109361256047947,10.0,8.877703360079192,103.0,107.69225720846077,372.0,323.25510797796295,372.0,382.36637612840116
template_projection,ridge_10,1892,700.0,485.7391399017695,47.0,67.81972383149414,2.0,-2.149340630314404,9.0,6.034654564475012,20.0,21.40323667653631,34.0,31.152072954081547
template_projection,ridge_10,1893,2799.0,2961.7037921459696,5.0,15.356038758026166,47.0,42.93534936893936,98.0,101.22974036773576,229.0,253.85137388766577,330.0,312.7199093498609
template_projection,ridge_10,1894,700.0,5.385122685423312,131.0,106.2920884800946,8.0,20.406925736492784,20.0,29.9005800187835,25.0,0.6600345597111783,25.0,12.264188157373184
template_projection,ridge_10,1895,400.0,419.5752821074914,91.0,88.0190826573364,2.0,4.062774888950107,33.0,32.83884309713981,22.0,37.832034306384756,80.0,63.43032561378698
template_projection,ridge_10,1896,700.0,888.6057721909965,11.0,15.079167046695638,10.0,9.16012210571485,72.0,68.71752750543067,92.0,97.38040539470234,140.0,137.70581872713603
template_projection,ridge_10,1897,800.0,1051.1643669811588,39.0,31.64124676594765,10.0,10.368234569496073,41.0,41.30750648071512,14.0,18.57652938766462,22.0,21.63824605150083
template_projection,ridge_10,1898,600.0,756.5359784253243,17.0,-16.83544890622734,3.0,10.02474253353082,52.0,62.54925254601049,14.0,-2.1911470241738726,14.0,4.9447327938961365
template_projection,ridge_10,1899,1000.0,198.04746572239765,191.0,214.3952199745092,12.0,9.429406855756168,22.0,34.90967914848882,110.0,103.34660121742793,149.0,136.06540225242048
template_projection,ridge_10,1900,1300.0,1217.1697302162054,40.0,80.18818573775613,11.0,4.669906033252783,87.0,95.6075356525244,100.0,102.80277383562844,170.0,143.61200501675495
template_projection,ridge_10,1901,100.0,38.772296342644495,89.0,85.62271674413967,2.0,-0.027184965023746344,7.0,8.610140255673471,22.0,14.068334859482107,27.0,37.283396639659685
template_projection,ridge_10,1902,200.0,187.41234282702476,42.0,47.38684065964019,2.0,3.005227590092746,13.0,13.268960080124856,7.0,-4.56313465424995,7.0,3.685232511121228
template_projection,ridge_10,1903,900.0,1217.2478488492484,2.0,13.574196384720274,3.0,9.821227307523081,100.0,79.39048568119043,43.0,41.58628452680441,46.0,43.30744566774159
template_projection,ridge_10,1904,1900.0,1982.979233968947,17.0,12.335290935772633,8.0,10.531882733891457,95.0,92.90847532672939,250.0,239.27016990102513,299.0,303.72588020019253
template_projection,ridge_10,1905,400.0,311.1756361647706,116.0,118.7503623199448,8.0,7.127271733566582,16.0,15.301893802366344,45.0,33.9692828632992,47.0,55.28914642064575
template_projection,ridge_10,1906,2200.0,2500.5961513466636,87.0,79.43021137253474,51.0,33.1204436164624,42.0,34.488642718009515,88.0,140.48360632357037,105.0,150.82302691660445
template_projection,ridge_10,1907,1900.0,2246.599032990387,9.0,12.356346814080304,49.0,46.91062777192385,121.0,124.90235624709968,368.0,305.71846440628576,368.0,399.38538063169517
template_projection,ridge_10,1908,4500.0,4060.832939155379,3.0,0.04029520736292369,25.0,30.242461409261892,93.0,97.41473851083859,97.0,146.9421391272267,192.0,145.13980118197594
template_projection,ridge_10,1909,600.0,785.9198903507821,57.0,68.33899832818021,2.0,-5.355234359549021,28.0,24.172215605435785,48.0,51.16257182070106,48.0,62.52347265673958
template_projection,ridge_10,1910,1500.0,1531.7133161337915,3.0,1.8246647941323317,8.0,7.403364767952441,81.0,77.86392549739335,139.0,129.28913114622134,151.0,164.59290149045316
template_projection,ridge_10,1911,600.0,595.3870053815722,1.0,7.2003709370703675,1.0,-0.3154342628693545,32.0,34.67613131150314,19.0,26.443832396214837,50.0,41.37663601920662
template_projection,ridge_10,1912,500.0,276.4233516809753,65.0,66.92859144109131,7.0,1.9583359604954165,30.0,29.642817926601754,13.0,17.48790685633955,31.0,38.810815428129715
template_projection,ridge_10,1913,1800.0,1684.4602883624761,259.0,245.55968758734195,2.0,6.87398306833053,23.0,22.750763659343935,155.0,137.53935413785746,155.0,169.45174871164275
template_projection,ridge_10,1914,1100.0,1175.0032207765785,49.0,52.584308415222885,29.0,27.535477572443323,37.0,38.23143239227386,85.0,74.0396706148215,95.0,99.2186388690408
template_projection,ridge_10,1915,700.0,1011.8495653105706,27.0,24.155842183107147,2.0,1.0870212645430897,20.0,17.63338770619452,61.0,46.87159421703873,61.0,72.23772699063119
template_projection,ridge_10,1916,100.0,382.33743084971866,2.0,11.825089872419618,2.0,-3.192655987647294,5.0,7.604788070715614,18.0,17.34638177222881,24.0,21.975762314143154
template_projection,ridge_10,1917,900.0,602.905962839697,22.0,13.758863611323271,6.0,6.984452524227178,26.0,28.64062286797927,29.0,24.033033152067055,30.0,35.9261366463068
template_projection,ridge_10,1918,1900.0,2549.523044629349,2.0,30.796789036857074,26.0,22.78280443298569,127.0,121.99407658745662,160.0,165.98189271340536,205.0,195.7008685038084
template_projection,ridge_10,1919,300.0,276.25560497851495,61.0,77.68538277762809,6.0,5.006077194700968,29.0,32.2306577411462,7.0,0.4262823146850536,32.0,19.81603338505859
template_projection,ridge_10,1920,1500.0,1134.1041628647129,2.0,46.55997279693899,26.0,19.78552204696563,77.0,57.68773412700731,87.0,86.74788877265473,107.0,109.02439208686113
template_projection,ridge_10,1921,700.0,380.5912954623212,48.0,37.00959244945703,11.0,10.88377620331844,33.0,39.63398949009663,35.0,20.469865401819483,35.0,47.54562335620719
template_projection,ridge_10,1922,400.0,436.2530984289866,123.0,121.22346917925638,2.0,1.4045423261163172,18.0,13.060318636600549,34.0,28.511628781318308,42.0,53.24614251534555
template_projection,ridge_10,1923,1100.0,1247.9054544220528,61.0,61.23171388845607,50.0,50.71237792753617,46.0,46.57299317033005,91.0,78.88158363932187,88.0,95.68674823416546
template_projection,ridge_10,1924,2000.0,1994.238132003109,93.0,93.11688433902123,72.0,67.66916082277795,63.0,60.62766633966266,51.0,55.29906245073596,53.0,66.11241527861029
template_projection,ridge_10,1925,1600.0,1616.0255795049125,19.0,19.550920678168602,2.0,3.509956511007047,72.0,71.79389734364604,136.0,118.5908340158534,141.0,148.29916618813348
template_projection,ridge_10,1926,2100.0,2178.0302329030756,2.0,22.52623185214493,22.0,15.82459335649396,76.0,68.90882526102413,96.0,107.06755620933173,129.0,127.3046786702179
template_projection,ridge_10,1927,1700.0,1675.2649176542777,107.0,104.80178794276814,49.0,47.55310136862003,35.0,35.911013397633894,130.0,117.22906237491745,136.0,148.2982308703795
template_projection,ridge_10,1928,1000.0,1861.692406138201,23.0,26.063708091847644,8.0,16.89313036267501,92.0,93.45378662476168,124.0,119.37154029879011,162.0,136.26196442544705
template_projection,ridge_10,1929,200.0,190.94127863836752,61.0,62.357367936433405,2.0,0.8728022681853957,20.0,19.15902359778632,8.0,1.7223431975777714,8.0,15.584085471220263
template_projection,ridge_10,1930,2200.0,2147.086606893333,17.0,14.120572760728223,68.0,70.55425172380623,91.0,83.09652329379306,172.0,146.38043000833892,142.0,177.88216147476427
template_projection,ridge_10,1931,1200.0,1227.533608579317,34.0,31.043237458925088,7.0,9.530528571710857,42.0,43.97232788183385,22.0,41.24625761840238,64.0,50.17552772830295
template_projection,ridge_10,1932,1700.0,1671.50615299637,2.0,4.5013783536894465,2.0,-5.154112974298856,45.0,47.590986839112475,81.0,80.12858866011508,81.0,95.14105742370137
template_projection,ridge_10,1933,900.0,1043.570097138198,40.0,43.28831375310946,22.0,19.581304221567066,62.0,56.57735140071716,109.0,97.12751582515737,116.0,133.6563476685846
template_projection,ridge_10,1934,400.0,440.8388994797899,118.0,116.90667468859252,3.0,3.3938073286000776,10.0,10.750710485522433,26.0,21.771497363072044,32.0,34.114615108097055
template_projection,ridge_10,1935,900.0,888.8665224930164,19.0,-7.3460751491985405,6.0,14.860059379828677,61.0,63.65393004394383,29.0,92.82121776922517,186.0,129.62970204529296
template_projection,ridge_10,1936,4700.0,4696.622092811006,94.0,98.85144131099506,74.0,72.9822714338211,172.0,168.97686735257557,421.0,380.04558307478186,431.0,460.4434854764411
template_projection,ridge_10,1937,800.0,542.8991634960781,123.0,112.17100592601409,5.0,9.363483662452055,31.0,32.7932500013447,39.0,41.70480160579239,84.0,79.41059305501108
template_projection,ridge_10,1938,300.0,318.14339455460606,95.0,104.0268278134653,2.0,-1.3881676955885585,8.0,0.06100125145572832,3.0,7.010299020052457,8.0,17.835973449915613
template_projection,ridge_10,1939,2900.0,2753.045595188324,6.0,8.409596207065874,60.0,57.86766216321317,74.0,75.83287186718411,95.0,110.9928290591869,132.0,124.03660138162988
template_projection,ridge_10,1940,700.0,645.7666871811612,166.0,159.15703458235663,8.0,9.376708005208924,15.0,13.721897654534999,68.0,57.9537437080285,68.0,79.08575337518302
template_projection,ridge_10,1941,1100.0,1204.2131194314663,30.0,36.50382486553822,2.0,4.699821622550413,34.0,43.151172978880155,134.0,112.37722588098681,148.0,139.37633862113861
template_projection,ridge_10,1942,2100.0,2302.122583108196,7.0,4.09909839095581,33.0,28.212359075459492,138.0,134.50806884525673,138.0,130.01974413142116,142.0,159.61618283928144
template_projection,ridge_10,1943,1300.0,1196.3045569430237,79.0,79.77101282453921,3.0,6.7887417241789585,93.0,89.00072447009188,100.0,107.15859017442737,160.0,146.6869406960303
template_projection,ridge_10,1944,2000.0,1896.5074556624031,2.0,-6.633951813463,3.0,7.516877231529158,58.0,57.89065064046903,73.0,68.09548644022263,73.0,72.65267151633735
template_projection,ridge_10,1945,1100.0,1200.3059440541183,3.0,-2.876773103343311,5.0,7.3135645317317,56.0,56.04137319691107,40.0,41.687683126929635,55.0,53.46333629424738
template_projection,ridge_10,1946,2200.0,2404.7125254724647,2.0,5.731476823435656,4.0,-2.242918942098621,78.0,74.31855455537286,193.0,179.2649203223765,193.0,220.50422589350842
template_projection,ridge_10,1947,200.0,225.77831595386942,76.0,80.6204493335475,3.0,1.9363578479010162,6.0,6.545887114119317,3.0,11.640537770096017,35.0,26.365142855578853
template_projection,ridge_10,1948,300.0,759.334783510843,53.0,44.4543294246427,7.0,13.016728575200828,3.0,1.5669231782321305,4.0,2.2036519461830295,10.0,0.7524835453044858
template_projection,ridge_10,1949,1100.0,1139.7759789663985,21.0,21.995645210689936,16.0,13.794857895038616,45.0,43.83809795343554,45.0,42.496168173686556,47.0,56.08784893275802
template_projection,ridge_10,1950,200.0,186.6051715690212,34.0,37.04153993305192,3.0,2.2550510033669866,18.0,17.933521972717692,4.0,2.3864658058634234,12.0,15.06256329929532
template_projection,ridge_10,1951,5600.0,5359.088363455353,58.0,51.25501038237513,89.0,86.6257864836614,148.0,148.36970563028046,339.0,323.04401619409873,339.0,367.19843938054044
template_projection,ridge_10,1952,600.0,657.9387435657574,168.0,156.54464208687813,4.0,7.06474477974683,17.0,18.356995031723642,43.0,44.205835375567545,66.0,63.64216258038373
template_projection,ridge_10,1953,500.0,505.86418077450264,58.0,60.00894424408578,2.0,2.17921120019691,7.0,7.716640987980824,4.0,9.26094382997745,24.0,17.274162035044
template_projection,ridge_10,1954,900.0,926.2946709350538,84.0,79.51981808032784,12.0,13.272512712228195,55.0,55.948162046538826,61.0,69.74858140285644,107.0,100.93832338794559
template_projection,ridge_10,1955,1400.0,1569.37139311608,38.0,42.63002616453105,2.0,9.312485132133737,34.0,33.348434840858545,100.0,81.02435805361498,100.0,90.68135485217957
template_projection,ridge_10,1956,700.0,977.7783305467813,77.0,93.28507934384488,2.0,-3.672069801202623,22.0,17.055260439702245,27.0,32.09942659883573,27.0,31.62824397117754
template_projection,ridge_10,1957,600.0,642.4048138891503,48.0,51.0922096632658,2.0,2.0036839993166016,48.0,45.9138801407891,29.0,26.58716515226258,39.0,41.62185423648519
template_projection,ridge_10,1958,300.0,115.85950105321672,61.0,76.12752825106796,3.0,1.6324449710145466,32.0,34.36762889947147,12.0,6.453941989441745,12.0,10.272657245163359
template_projection,ridge_10,1959,400.0,578.936289283741,40.0,44.94648393383347,8.0,5.213872009780678,38.0,33.402806707267125,14.0,8.611405303906324,14.0,23.85926267087062
template_projection,ridge_10,1960,2000.0,1933.801669046858,60.0,62.17990011624342,37.0,36.64195754544611,52.0,54.45154635498286,57.0,91.42718695283787,137.0,110.34446862444568
template_projection,ridge_10,1961,300.0,467.0765643333874,75.0,76.86483457480745,7.0,0.9990935454101244,28.0,23.969669707967952,8.0,11.612808258977509,8.0,13.485289980578813
template_projection,ridge_10,1962,1000.0,1065.0600651171449,24.0,21.635555883973282,24.0,19.484728521046044,46.0,39.78834337661869,31.0,60.73285674539095,61.0,57.021271140329496
template_projection,ridge_10,1963,1200.0,1179.63016655853,2.0,4.276322949367945,2.0,2.9809021615371627,40.0,42.45634297408643,99.0,79.80818352290773,99.0,103.62171592190371
template_projection,ridge_10,1964,800.0,883.1807830292416,5.0,7.135427474741022,7.0,6.301228664231871,65.0,60.31597764167901,10.0,13.6477569614935,22.0,24.471866199222774
template_projection,ridge_10,1965,200.0,298.50171407404946,55.0,59.506838830563304,2.0,0.5387534699151288,2.0,2.8098617185777357,3.0,-0.2407356505551519,6.0,8.353558691550603
template_projection,ridge_10,1966,3100.0,3319.8774253115134,58.0,75.66244971548718,119.0,113.6703952894119,107.0,110.37081972942755,211.0,296.6213776447967,450.0,384.8304241432777
template_projection,ridge_10,1967,300.0,389.6198049383296,46.0,46.131565979678705,6.0,6.803178048230109,34.0,32.123012991913825,5.0,10.448207835372301,29.0,25.93083933042213
template_projection,ridge_10,1968,200.0,67.31344849804714,80.0,81.21372124558775,2.0,3.4585105283597066,10.0,12.5209109714514,12.0,9.870570402248262,39.0,31.65051446563983
template_projection,ridge_10,1969,1100.0,1026.9402866512023,134.0,127.27943630746077,17.0,17.43159999351803,35.0,36.38538346778235,52.0,52.87379652420554,71.0,72.67900896985978
template_projection,ridge_10,1970,800.0,722.5726655571212,187.0,172.19148449925498,3.0,9.763745860641393,16.0,18.703532204388235,97.0,74.51539813275127,97.0,102.029640147836
template_projection,ridge_10,1971,200.0,171.11930307929288,69.0,70.5520987473771,2.0,1.158330833643836,10.0,9.31243360265642,5.0,-1.10028261533526,5.0,11.893111540525652
template_projection,ridge_10,1972,1000.0,707.0699075762228,119.0,104.27856228410829,3.0,5.243239554086207,44.0,46.204382874177334,36.0,24.09304045063645,24.0,40.3457079990621
template_projection,ridge_10,1973,100.0,150.83424689096887,63.0,65.87715000182968,11.0,9.354559521198118,9.0,10.418067752854363,7.0,-2.221770714231525,7.0,12.164779816636454
template_projection,ridge_10,1974,600.0,723.3674831433051,121.0,118.89062582726493,8.0,9.539622047256536,53.0,51.027176620505195,54.0,63.49864217646827,103.0,94.99485063258642
template_projection,ridge_10,1975,1200.0,1011.2528374374418,89.0,78.7904791617051,3.0,12.740029671426932,35.0,30.56877568147446,65.0,56.91930296336669,84.0,79.24259738492097
template_projection,ridge_10,1976,800.0,1149.5113497579732,23.0,43.51149710691264,75.0,70.52891038554122,86.8419,83.19689100539989,3.0,-0.3647025804322652,25.0,16.102261697405652
template_projection,ridge_10,1977,600.0,622.7738597713491,23.0,25.006154387944136,6.0,5.3429242663275485,32.0,33.9972298811497,30.0,26.347066572422293,42.0,42.32912104625585
template_projection,ridge_10,1978,900.0,1549.7206445626462,28.0,46.99531333381168,39.0,25.271002778744,46.0,50.570252615833304,25.0,31.30981287088464,45.0,46.92955675833602
template_projection,ridge_10,1979,600.0,601.6723147685003,33.0,32.80957633475825,4.0,4.2539933606101155,46.0,46.1749322291088,22.0,23.721692246206743,41.0,39.21675660437725
template_projection,ridge_10,1980,5900.0,5717.425557537138,6.0,-6.490052956845105,26.0,32.37776730391876,185.0,185.25116810473787,401.0,402.29869658320104,470.0,462.13945376764525
template_projection,ridge_10,1981,500.0,911.2239121301333,20.0,17.420572752701133,17.0,15.775799679498475,38.0,33.87038439745384,21.0,29.448781468271328,35.0,43.941220041609796
template_projection,ridge_10,1982,800.0,1163.7854020627624,81.0,94.11705061619006,25.0,18.010867881143007,42.0,35.078071418807504,93.0,106.68568847061252,132.0,140.42641744157035
template_projection,ridge_10,1983,1399.0,1613.5872592370333,25.0,37.936196256712456,67.0,61.21007531376145,76.0,73.78710718463282,172.0,162.82599366477268,210.0,222.2947461040772
template_projection,ridge_10,1984,1300.0,1355.4009781198588,8.0,13.8350638200465,2.0,0.9797805043327479,77.0,76.79704011285881,88.0,97.50529747479061,141.0,133.34392959602624
template_projection,ridge_10,1985,600.0,879.6248070944727,36.0,52.92240504164511,21.0,12.44498209366806,23.0,20.30435137101773,52.0,30.900697375234245,5.0,38.15785075861936
template_projection,ridge_10,1986,1000.0,1092.1873321562887,93.0,94.99805642524458,46.0,42.33237733433092,50.0,48.60058686541356,86.0,81.17976747546464,101.0,114.74621990653534
template_projection,ridge_10,1987,800.0,1477.9771232822266,83.0,73.91780157742994,5.0,4.078832374286208,29.0,50.199822042120545,56.0,62.949082891822826,97.0,58.283169899364516
template_projection,ridge_10,1988,2000.0,1813.7600085113395,1.0,3.275294198930766,32.0,32.70985094514779,86.0,86.28879053627708,57.0,76.29001351069577,111.0,94.97483368588176
template_projection,ridge_10,1989,1300.0,701.9134216888609,21.0,0.17506509913540924,5.0,4.54757225110027,43.0,59.98071146649323,59.0,50.746047286750155,59.0,75.25671958618261
template_projection,ridge_10,1990,1100.0,-26.448149275718833,147.0,132.91719995281596,12.0,17.612024463880715,39.0,42.21358004591463,124.0,90.87754270127733,151.0,169.9089630329973
template_projection,ridge_10,1991,1500.0,1286.3385071686953,18.0,37.773242589213915,21.0,30.14293504733662,66.0,62.36020125195692,3.0,-12.642950972525725,3.0,-15.289813490631104
template_projection,ridge_10,1992,600.0,817.9205790928023,23.0,32.984206074832606,39.0,34.818112432837395,42.0,37.393874348806136,18.0,14.437200587992606,30.0,33.52794581784944
template_projection,ridge_10,1993,1700.0,2232.5650074512932,2.0,-5.112640262276258,2.0,-1.3333041483622292,55.0,46.548464754153535,88.0,105.36502009741031,100.0,105.47297998045552
template_projection,ridge_10,1994,1700.0,1469.1493934383209,292.0,275.18626644120195,10.0,13.802271661034636,18.0,19.507411027980154,177.0,153.2186727035837,177.0,196.16134686864012
template_projection,ridge_10,1995,2500.0,2702.865017384577,84.0,93.25614229420022,102.0,95.13355381034427,97.0,96.92028125363686,141.0,159.6084740329266,205.0,203.09478924371405
template_projection,ridge_10,1996,1200.0,1150.475071407511,2.0,18.51211052133241,24.0,22.41090663800202,70.0,69.89021591993598,58.0,63.03771397622454,87.0,78.99541815104328
template_projection,ridge_10,1997,1500.0,1578.0178308040122,19.0,25.306816678383555,53.0,48.95803535196224,70.0,68.34172154958898,79.0,81.56264875782084,102.0,107.56677129241417
template_projection,ridge_10,1998,3000.0,2744.2154891402433,2.0,-8.952092421467498,5.0,22.561310177443904,110.0,105.37945146022398,128.0,129.21099041673864,177.0,171.43559124859263
template_projection,ridge_10,1999,200.0,169.27330288323606,62.0,62.1231152834785,2.0,1.4741113235920178,10.0,11.24774639829576,6.0,0.403046104268185,6.0,10.463441437651184
template_projection,ridge_10,2000,100.0,237.62697620768552,105.0,107.53871939986797,2.0,0.11468027536580827,8.0,5.590238930718364,17.0,13.435390548307154,19.0,20.82028826994275
template_projection,ridge_10,2001,600.0,637.35070256063,36.0,40.05872984014669,6.0,5.397800908157739,28.0,28.11838705870155,25.0,35.86916061025674,64.0,55.32439141825569
template_projection,ridge_10,2002,1300.0,1266.5544813417523,18.0,17.771211229826037,5.0,5.426476217396415,48.0,48.65715771588921,76.0,65.55975290666811,76.0,81.99278090734259
template_projection,ridge_10,2003,2600.0,2526.963703258426,2.0,12.119423513648194,22.0,19.998319148406438,92.0,94.10418182094563,89.0,140.5020891765522,220.0,178.91151377882147
template_projection,ridge_10,2004,2500.0,2560.6916214426733,8.0,18.78772278158143,100.0,91.22697564814415,87.0,84.2197234805258,60.0,58.4876668573921,38.0,60.74089106648682
template_projection,ridge_10,2005,800.0,933.995220175389,2.0,1.3008840563837154,2.0,1.9951340000060558,43.0,35.432642736208294,61.0,59.34379769186268,61.0,76.71481368287431
template_projection,ridge_10,2006,800.0,824.6854199850462,50.0,55.30771866486375,18.0,13.586142127985902,19.0,20.583413139638616,14.0,13.92072169267449,17.0,24.886128118651413
template_projection,ridge_10,2007,2300.0,1964.849359292787,2.0,-0.013600849650423186,9.0,14.009240859442249,80.0,76.22389978651212,133.0,128.1593089046296,154.0,149.5360522761395
template_projection,ridge_10,2008,2100.0,2025.5328008914773,22.0,22.26703319779692,8.0,11.165665908073299,40.0,45.99279761681726,232.0,197.22357965269737,237.0,243.0654618564443
template_projection,ridge_10,2009,400.0,374.78231052643685,86.0,82.24597615707724,2.0,3.4001554887685916,34.0,31.53967614543073,29.0,30.53432095312987,56.0,57.80185167493462
template_projection,ridge_10,2010,2300.0,2349.666591522526,28.0,19.34191641134816,45.0,51.1091981885722,106.0,101.50826206559137,232.0,198.24375943616434,232.0,246.14650777580593
template_projection,ridge_10,2011,700.0,598.0311777717249,4.0,6.222369265422479,17.0,14.06508521762184,73.0,70.97980149167172,33.0,23.55465045117836,33.0,47.373771032921354
template_projection,ridge_10,2012,600.0,716.6565286313361,25.0,24.519621593369862,2.0,-3.442718155765478,61.0,61.87115881609893,10.0,20.88572813718877,17.0,22.928263732215044
template_projection,ridge_10,2013,2800.0,3023.87570329115,28.0,35.01435335033424,50.0,47.384413616653354,106.0,109.15484678290585,172.0,159.6418895699742,174.0,180.36499631826646
template_projection,ridge_10,2014,600.0,593.5617766908819,55.0,67.7030232975422,17.0,16.42851503733646,27.0,32.25148462029401,16.0,23.91767056164347,66.0,47.102074758640555
template_projection,ridge_10,2015,1000.0,1114.2225614645856,43.0,39.49606735624252,12.0,3.7070759628732795,15.0,21.822081606799017,47.0,46.64498413488524,47.0,63.672222807238946
template_projection,ridge_10,2016,500.0,477.9968973774097,132.0,116.739655834182,6.0,2.733230584347101,4.0,-2.6539948219088174,13.0,25.50025875071399,21.0,50.97840248465906
template_projection,ridge_10,2017,600.0,542.5579874660175,130.0,124.94032198881969,13.0,19.75713186588612,29.0,25.595283037534923,47.0,21.652596361450726,47.0,46.0170019162676
template_projection,ridge_10,2018,300.0,108.81221960348898,107.0,93.60719966641172,2.0,5.90627923773166,29.0,26.89752565957964,10.0,13.544144617220383,27.0,27.102302631105246
template_projection,ridge_10,2019,300.0,390.39136243860185,90.0,85.47030913236333,2.0,-1.2022497574805104,10.0,14.368968268754578,21.0,21.307365974346915,37.0,40.104765151667905
template_projection,ridge_10,2020,1000.0,1121.4631874671888,85.0,87.18570594365764,25.0,24.662464355801795,54.0,52.973949701159924,129.0,107.82814039152447,141.0,150.19953258512845
template_projection,ridge_10,2021,400.0,398.2254387690464,65.0,68.40221570236476,26.0,24.40234552056225,14.0,17.2041109245112,19.0,26.283288592294454,56.0,47.49210120608838
template_projection,ridge_10,2022,3400.0,2962.356037435651,5.0,-3.1259582366315968,2.0,6.958022342910866,71.0,69.9508540158713,105.0,107.45027168451644,105.0,98.02047262742835
template_projection,ridge_10,2023,200.0,120.83303803319973,68.0,71.08045100462448,2.0,2.0051566600568087,7.0,7.0237202363447295,3.0,-0.5056089241109589,10.0,10.847660545684462
template_projection,ridge_10,2024,600.0,666.3140459024819,44.0,46.66511198587965,11.0,11.774008504359244,38.0,40.053979988769974,73.0,93.20702346125157,161.0,136.75021089563853
template_projection,ridge_10,2025,1400.0,1324.0491223876636,4.0,4.391079206703807,3.0,2.9161362593148823,25.0,28.11195668593669,99.0,72.68974647829376,70.0,85.49827778462443
template_projection,ridge_10,2026,1900.0,1447.5361880067394,19.0,11.493695268187736,18.0,34.21970948038171,68.0,70.47411171903808,75.0,35.11794391281302,75.0,64.32099277362059
template_projection,ridge_10,2027,100.0,97.78484240248781,73.0,74.73239634202594,2.0,1.0330950335539022,9.0,9.88288338058328,13.0,3.8806557932503267,13.0,18.66810146060415
template_projection,ridge_10,2028,500.0,897.4728910730776,2.0,16.525316853602945,3.0,0.9990206598682576,21.0,35.81780152593541,10.0,-14.14648616383164,25.0,-20.613856965490157
template_projection,ridge_10,2029,400.0,496.2341933456621,40.0,39.81918563098105,6.0,5.669387542118461,35.0,33.46074128371641,8.0,8.338198555394357,19.0,22.68788331809708
template_projection,ridge_10,2030,2400.0,2503.5973527021624,2.0,14.413526307241938,24.0,18.19162932670534,50.0,45.64972888606259,44.0,66.30930351062933,72.0,65.25026038067996
template_projection,ridge_10,2031,500.0,584.4705551824776,6.0,12.007975795173188,17.0,14.602439989075819,46.0,46.96067935610764,21.0,34.733050173133456,68.0,58.983580635687865
template_projection,ridge_10,2032,1600.0,1808.6292901477714,126.0,97.47345276892528,23.0,28.54472612743161,74.0,71.44268168719603,281.0,243.20977907639232,281.0,321.1224060401672
template_projection,ridge_10,2033,300.0,261.9050338636134,53.0,53.58198635252972,6.0,3.2321172011147663,26.0,26.755849836633395,6.0,2.8730302879586844,6.0,15.582927174859975
template_projection,ridge_10,2034,4000.0,3880.975914396925,3.0,-0.5480491372967435,31.0,31.771849353677737,146.0,142.2161406648271,229.0,214.17724702835048,229.0,247.161751154897
template_projection,ridge_10,2035,4300.0,4006.385698544541,2.0,-6.986153501948365,11.0,17.01504058757361,120.0,120.33774417581228,173.0,210.0758168732497,264.0,232.54168910571653
template_projection,ridge_10,2036,2400.0,2413.518645403886,2.0,10.713714565778488,12.0,13.781179055560319,89.0,94.00232765931491,145.0,185.68258593282505,285.0,239.09449465430762
template_projection,ridge_10,2037,2700.0,2678.449864033675,2.0,-2.1824332451913833,6.0,13.358898129983881,56.0,57.51857774249563,186.0,194.70477440526747,255.0,230.98151584854037
template_projection,ridge_10,2038,400.0,348.41294028565017,67.0,65.34709148730381,7.0,2.836465723540732,13.0,14.765150053709945,8.0,11.054786738658294,12.0,23.451660745435845
template_projection,ridge_10,2039,900.0,955.4437620491082,18.0,24.523526278949596,10.0,7.668397581159656,39.0,41.2145801004458,51.0,66.91591684132223,104.0,91.43015468491286
template_projection,ridge_10,2040,300.0,409.02591307996465,88.0,88.51802839767481,5.0,3.912794197349786,14.0,14.460506648951807,11.0,4.313868427521868,11.0,15.170855921795464
template_projection,ridge_10,2041,500.0,382.3588410644014,35.0,23.163075051965535,2.0,7.988455210875301,32.0,29.507526150261654,15.0,9.500208643720839,21.0,20.541209563537123
template_projection,ridge_10,2042,800.0,838.4704095188063,118.0,115.01218242156295,2.0,2.1456522035193952,16.0,17.427656772106744,17.0,28.801483740642354,44.0,37.22238807599051
template_projection,ridge_10,2043,1100.0,1220.6351328170035,4.0,4.686226740988566,17.0,16.80816062654075,53.0,51.45160198480828,58.0,52.158350462555276,65.0,71.6689992603508
template_projection,ridge_10,2044,2800.0,2860.4683797280654,4.0,8.887674037491749,61.0,57.029070035711264,94.0,93.64168273509506,103.0,122.64779234411122,147.0,141.20105010721585
template_projection,ridge_10,2045,400.0,259.799795503077,95.0,96.8195575073153,6.0,5.763834068293733,20.0,19.266052301979954,11.0,5.143154477292796,11.0,19.04554093556395
template_projection,ridge_10,2046,1600.0,1538.7845241038035,11.0,11.968712658914157,2.0,4.915171983791298,36.0,35.496078012411786,25.0,26.418794919518007,25.0,19.34269873778291
template_projection,ridge_10,2047,200.0,126.9867577977925,82.0,86.56414451469435,3.0,4.443856337320593,8.0,9.836327090531093,3.0,-9.894959904967678,5.0,1.3558802638352176
template_projection,ridge_10,2048,800.0,499.25212120071046,3.0,-23.707256177070548,2.0,10.966725399931214,31.0,26.903170547596055,46.0,66.44728564128665,49.0,71.63545446525934
template_projection,ridge_10,2049,300.0,375.70579233779677,68.0,72.04192179134199,2.0,2.5173681944540185,24.0,24.69066201798879,20.0,42.205011396533834,88.0,67.59186583796648
template_projection,ridge_10,2050,2100.0,1872.006653078256,1.0,-7.781667875561354,58.0,60.056719104077224,64.0,68.44585233470232,78.0,63.77566654175985,74.0,78.96861542029711
template_projection,ridge_10,2051,1700.0,1719.4361167986947,3.0,7.8318447647606035,5.0,10.568538282654808,96.0,97.54935801992575,105.0,102.98832123883147,155.0,138.2336200117948
template_projection,ridge_10,2052,400.0,764.7379418811324,50.0,40.91449500458731,3.0,-6.054730813880182,39.0,29.45602988755152,8.0,28.159514879313583,18.0,48.14724094185856
template_projection,ridge_10,2053,1500.0,1546.598384884995,3.0,4.531230155888373,25.0,22.57962789298741,77.0,73.03315579922247,41.0,41.183661197712645,41.0,51.20591138852014
template_projection,ridge_10,2054,800.0,791.7822151364412,52.0,51.31254924710475,25.0,23.42284197308868,42.0,41.71534868476363,36.0,50.532324017942585,80.0,78.0702923049576
template_projection,ridge_10,2055,1900.0,2314.8677240048874,2.0,7.015886677840143,34.0,34.830447520540964,109.0,99.59333779561433,325.0,301.43834207242764,379.0,395.02285832971495
template_projection,ridge_10,2056,800.0,1012.8413772015484,56.0,81.73334089243312,10.0,3.190690152509326,63.0,66.16252637242744,43.0,78.93655369276573,137.0,99.12851042457669
template_projection,ridge_10,2057,1100.0,445.24878440755174,113.0,161.1950775071149,2.0,-18.56895464142596,35.0,40.65276880856907,44.0,51.75634436616517,44.0,76.69123329341328
template_projection,ridge_10,2058,1200.0,1240.5623586224738,28.0,30.63527156027664,2.0,2.1656574360849206,25.0,26.577084505564656,59.0,52.65406119013916,59.0,58.81842747150229
template_projection,ridge_10,2059,400.0,494.1619084590458,100.0,71.94570206630719,4.0,11.711271331698704,12.0,24.956493425304835,11.0,7.5513511832022715,20.0,19.34570504924774
template_projection,ridge_10,2060,400.0,449.42259469577596,74.0,71.61133758206512,3.0,2.7726547348974417,28.0,27.238354249731145,17.0,34.50451911346221,65.0,60.81562448555997
template_projection,ridge_10,2061,900.0,579.678404396495,26.0,-33.118672042824,3.0,-1.4954175390570246,57.0,60.19605478007897,65.0,86.7122430773125,94.0,150.83859617883883
template_projection,ridge_10,2062,3000.0,2938.7209350280655,3.0,6.450117766684627,43.0,41.350403972734895,93.0,92.74826987569716,156.0,146.2117541694666,156.0,165.12154411435847
template_projection,ridge_10,2063,700.0,656.5180572364695,133.0,131.98697278297442,26.0,25.908900486458762,16.0,19.453476100304787,68.0,60.632187162257466,76.0,95.60772317003051
template_projection,ridge_10,2064,700.0,626.4542691367662,242.0,231.51875153739297,18.0,21.29208234200848,22.0,22.238668182266085,71.0,70.72352279912357,104.0,104.15688645829528
template_projection,ridge_10,2065,2100.0,2213.339496361934,5.0,9.674342552277587,27.0,26.585925335597814,91.0,93.13010737876282,78.0,146.08237883393522,244.0,187.19499921935608
template_projection,ridge_10,2066,500.0,460.6167084593227,81.0,77.32973561966114,2.0,4.197369937350942,22.0,22.645991769316062,50.0,56.261958977980356,94.0,86.62248903552711
template_projection,ridge_10,2067,700.0,785.2870683859414,144.0,144.46741534115125,37.0,35.16403528352995,47.0,45.237368791019925,89.0,87.4862246801507,123.0,129.18325057656062
template_projection,ridge_10,2068,1200.0,1281.1336333736801,4.0,5.109423926104675,9.0,10.36977008204925,89.0,88.74422992906747,70.0,98.81832530800969,163.0,137.8981848107444
template_projection,ridge_10,2069,1700.0,1977.0690094440845,2.0,1.287102189904779,2.0,3.6685825365945988,140.0,132.34874273527817,117.0,133.15262390224265,176.0,169.27079712104225
template_projection,ridge_10,2070,1600.0,1591.60891920279,93.0,83.57464762057913,26.0,19.848330151083346,38.0,31.280456949170787,92.0,120.94392875007853,137.0,155.76572338413828
template_projection,ridge_10,2071,900.0,911.5625702200616,33.0,37.89922370417422,5.0,4.1348914705458455,45.0,45.2862287588948,70.0,61.831243856370406,81.0,83.86539377918135
template_projection,ridge_10,2072,1300.0,1486.0472560535425,11.0,21.16161356668308,48.0,42.75947556785088,88.0,84.91794032481366,110.0,113.37862759014314,151.0,154.43495396487054
template_projection,ridge_10,2073,1200.0,1090.5688897693487,34.0,34.32320510287501,1.0,0.1288809812584688,25.0,28.674897535549935,55.0,51.375976657693556,62.0,63.4302716350877
template_projection,ridge_10,2074,200.0,315.0689765437254,39.0,40.8509660405337,2.0,-9.053258248105537,12.0,6.9506527872473995,4.0,23.315642318644457,10.0,26.994831612802187
template_projection,ridge_10,2075,1500.0,1534.5772941938442,2.0,5.319655442358091,2.0,3.945977303984204,64.0,64.96930057555508,228.0,188.9625800911403,228.0,241.57725262125575
template_projection,ridge_10,2076,300.0,84.14505878354544,89.0,86.38953145943735,3.0,0.505035550468536,2.0,3.346173733247255,6.0,12.260268637947235,11.0,26.373640905631063
template_projection,ridge_10,2077,1700.0,1732.4103777562061,4.4982,16.22999214266892,43.0,42.03467159724746,85.0,81.66301254620078,67.0,81.27871232385597,109.0,100.00517604875822
template_projection,ridge_10,2078,2600.0,2955.776716969746,2.0,8.364118325114667,46.0,45.489342595264134,202.0,193.61922529190625,368.0,339.0778123956031,423.0,444.0847530684831
template_projection,ridge_10,2079,500.0,560.0844500732157,36.0,35.35137033926637,1.0,3.4071231404894,20.0,26.981344271687604,6.0,6.395073868542966,21.0,10.671269671081362
template_projection,ridge_10,2080,1700.0,1415.536821142453,2.0,-10.444021575372801,2.0,16.389636380522518,81.0,81.48554835298914,184.0,133.5198020480869,184.0,183.15518771289308
template_projection,ridge_10,2081,3700.0,3492.667048290121,2.0,0.05475511662177723,10.0,13.38978682965144,84.0,86.73302024701758,257.0,232.430226416088,257.0,263.21081024146986
template_projection,ridge_10,2082,2200.0,2216.6800847869595,19.0,25.079098055823657,44.0,40.44529329503474,76.0,78.27094377964183,242.0,210.23740451501973,242.0,263.19886264820866
template_projection,ridge_10,2083,1300.0,1143.308764561581,31.0,24.503241443652612,2.0,4.7273654410729105,46.0,46.098565007197266,89.0,74.84170238918452,89.0,98.48183359868288
template_projection,ridge_10,2084,800.0,766.201668215384,44.0,44.87593311799233,11.0,9.511955771017949,27.0,28.867022511437987,19.0,15.318771681323668,19.0,22.882140384263494
template_projection,ridge_10,2085,600.0,549.4419476633717,64.0,72.3910180867714,2.0,0.6275484566284621,32.0,36.46523442728134,27.0,22.929489269180273,49.0,43.38593542772092
template_projection,ridge_10,2086,3000.0,2635.5205987639333,1.0,1.5478145801289145,14.0,13.493953535473105,66.0,66.27869811233742,89.0,92.52522821028461,97.0,96.83918668208796
template_projection,ridge_10,2087,900.0,822.1162360811793,38.0,40.46858315620054,6.0,6.9415989699117,37.0,30.826014090464962,41.0,31.9673304774765,41.0,49.700155810401924
template_projection,ridge_10,2088,700.0,215.42028668808143,161.0,147.29007738715387,4.0,8.593017183096237,22.0,27.15802904979269,49.0,41.847708022566074,76.0,75.94551200226681
template_projection,ridge_10,2089,300.0,366.4014828636614,36.0,39.26448537751702,6.0,4.742357854366219,35.0,34.68637494403716,9.0,7.030043981709412,19.0,21.523690025843564
template_projection,ridge_10,2090,800.0,799.4373454145007,2.0,-0.6386612882335783,2.0,3.811185015364666,48.0,50.04209254812907,25.0,34.916109291394555,68.0,53.92097915814687
template_projection,ridge_10,2091,800.0,795.7415115962326,146.0,136.21392517891573,9.0,11.443203531915028,43.0,45.28201897688322,68.0,84.17742628687792,134.0,122.37593516374292
template_projection,ridge_10,2092,300.0,381.63947090100703,75.0,37.92648636580372,4.0,26.42077790273845,5.0,18.87564115072365,10.0,29.210457274918497,122.0,63.220758888953036
template_projection,ridge_10,2093,2700.0,2826.105125377094,58.0,62.64335205718192,63.0,59.729975122298264,129.0,125.28388597450927,244.0,225.45748277541298,263.0,282.74535369814066
template_projection,ridge_10,2094,900.0,1297.9593286452232,5.0,7.7981180697714265,6.0,-0.8257989949633266,80.0,85.43820850828737,80.0,77.65514419969881,95.0,98.42471182280032
template_projection,ridge_10,2095,3700.0,3962.109219314966,12.0,28.26984426067228,140.0,130.60700743756632,169.0,164.3539464460187,231.0,233.72739374165272,270.0,286.3166848917224
template_projection,ridge_10,2096,1000.0,907.8250498958643,112.0,104.31974337230659,2.0,4.069859957975689,40.0,40.590579521298466,81.0,68.296579729099,81.0,92.2864666099407
template_projection,ridge_10,2097,2899.0,3151.500422055017,47.0,65.5399713608677,153.0,141.2422132658917,110.0,107.73994479381676,191.0,204.00929666745722,250.0,259.19348952092844
template_projection,ridge_10,2098,700.0,1298.4764811661805,28.0,24.531376698016032,21.0,16.139651321862782,74.0,81.24297565702949,58.0,112.27796448043054,171.0,143.05748639529878
template_projection,ridge_10,2099,1500.0,931.3580513733787,52.0,47.27846157935465,20.0,13.62194684087941,67.0,59.29437802517,47.0,70.39254801733071,99.0,114.01383622929784
template_projection,ridge_10,2100,800.0,958.9784739603035,14.0,20.256365755537743,11.0,9.594933133546569,57.0,56.053859598484735,55.0,69.61623126494041,108.0,97.77014931274579
template_projection,ridge_10,2101,300.0,263.67487176611485,62.0,77.52772103063515,4.0,-3.5802626646206743,32.0,24.091744723227663,6.0,17.91766956083626,20.0,36.77982641568619
template_projection,ridge_10,2102,400.0,593.279221933654,52.0,51.31531348772077,4.0,-0.15936158497138386,32.0,30.81173229807472,11.0,17.033285687766224,24.0,30.504560186051094
template_projection,ridge_10,2103,400.0,381.9444878041036,126.0,123.67737751032222,2.0,2.964009601948007,14.0,14.743283358822545,26.0,42.53690636674788,80.0,68.00609728306071
template_projection,ridge_10,2104,3800.0,3618.930842471843,19.0,25.16330939770515,51.0,48.43848017198888,63.0,64.32925040920169,151.0,144.88443179925585,139.0,147.22423564440095
template_projection,ridge_10,2105,700.0,816.1850128282874,85.0,53.77382426585742,47.0,52.46420009418895,61.0,70.07504492841773,94.0,105.59887413902698,224.0,196.04880915533437
template_projection,ridge_10,2106,500.0,529.7174537272862,2.0,2.972402688674471,2.0,2.271295022822505,38.0,37.93692578721595,12.0,6.1802382772817595,16.0,17.969096212351104
template_projection,ridge_10,2107,1700.0,1847.2973752136083,2.0,-3.363938123335103,28.0,30.763128070185125,139.0,138.08452042397877,120.0,152.72561648009523,237.0,211.20245935089224
template_projection,ridge_10,2108,2400.0,2393.2267934055335,11.0,20.625022690366166,63.0,57.37132581010757,62.0,64.41913578150711,129.0,132.1255190308954,156.0,158.24866457673778
template_projection,ridge_10,2109,400.0,406.8312297033208,40.0,42.231068335244494,2.0,0.5851923420963345,31.0,31.26541358330183,5.0,12.064101625665486,31.0,27.937920246464472
template_projection,ridge_10,2110,400.0,224.05588788882176,78.0,69.01757146906576,6.0,5.2510272500590265,24.0,23.77342345024738,14.0,14.296501316479649,14.0,26.920837837465655
template_projection,ridge_10,2111,300.0,235.0305048815959,108.0,103.9351559562154,5.0,5.537748111044049,4.0,6.392251845480757,15.0,1.8730501261080548,5.0,13.58184601211751
template_projection,ridge_10,2112,1200.0,1145.8439249692929,98.0,96.06622499116793,9.0,9.959400386863592,19.0,22.4601865913984,147.0,119.16913323261086,142.0,155.13907754527781
template_projection,ridge_10,2113,1100.0,928.8814053570957,31.0,29.55149549270996,2.0,2.1804663045323913,10.0,15.179259707148262,67.0,43.9905906254157,43.0,54.41265368539366
template_projection,ridge_10,2114,1000.0,963.0884108198218,116.0,112.19517278495961,12.0,13.726748862244714,25.0,25.271794856834124,42.0,41.22180990416126,56.0,54.789846115633814
template_projection,ridge_10,2115,400.0,308.56056561942273,64.0,65.52251781494627,12.0,11.51330367458462,5.0,5.52896832605844,7.0,4.64913984150526,13.0,15.48100116202454
template_projection,ridge_10,2116,100.0,-6.40863249103495,29.0,59.9776234833431,2.0,0.9006875773865382,26.0,30.600338176803863,4.0,-8.87364542213487,18.0,-14.328091014794225
template_projection,ridge_10,2117,1800.0,1712.129209894378,18.0,32.716114809271964,37.0,33.62641707797797,54.0,59.49410921382673,58.0,66.92077767953488,98.0,87.42356054164357
template_projection,ridge_10,2118,500.0,409.57309758577867,44.0,33.078171788074016,2.0,-0.20027488806656635,27.0,34.354099096686944,12.0,7.430220978561977,12.0,28.514821039231535
template_projection,ridge_10,2119,1700.0,1741.4552856892992,2.0,-3.8957808304363652,28.0,31.377100878830078,73.0,68.7919072398067,85.0,119.86638580159408,176.0,152.9493386764874
template_projection,ridge_10,2120,3200.0,3807.4771306181174,1.0,16.644184482424635,70.0,54.56522826462139,126.0,127.76251128058934,221.0,182.36098606355216,173.0,230.31778278426202
template_projection,ridge_10,2121,300.0,268.9610026816665,69.0,73.0616428936766,3.0,1.4474722447381492,6.0,4.835208941756122,5.0,2.0060556607244564,6.0,11.865597512525014
template_projection,ridge_10,2122,300.0,313.94099924302634,48.0,48.38730370798101,2.0,2.3870275779916614,12.0,12.993083760655168,16.0,12.223946565968589,27.0,26.197287446824433
template_projection,ridge_10,2123,800.0,852.1553890532884,6.0,9.245225110017202,6.0,6.091081894332664,56.0,54.93106667901199,44.0,48.12201324013064,73.0,69.00713002504062
template_projection,ridge_10,2124,1400.0,1189.3591244171084,25.0,-3.9567439650710483,10.0,22.3063728870955,8.0,16.225890218713396,99.0,89.71443807381344,110.0,97.25924851135173
template_projection,ridge_10,2125,600.0,658.4963522678669,39.0,50.06068985136834,9.0,9.536595300042803,26.0,27.80462436460824,37.0,23.792580024527176,37.0,27.581705268271577
template_projection,ridge_10,2126,1000.0,992.2658768851159,28.0,25.98800221073194,5.0,7.178563768718057,88.0,84.81419318032789,48.0,51.52655563538394,78.0,76.1454236120731
template_projection,ridge_10,2127,300.0,315.45731898046984,125.0,121.71577237165113,3.0,3.9491005794482774,25.0,27.374729821468488,9.0,30.862770548969976,73.0,55.14377478665727
template_projection,ridge_10,2128,900.0,892.0406232441276,125.0,120.84748994774588,5.0,4.445726279018661,29.0,28.41079006599131,78.0,66.4381849577777,78.0,90.1838206992906
template_projection,ridge_10,2129,300.0,486.08613442668354,75.0,79.13461557957541,3.0,1.8667193591404665,19.0,19.13423382292491,31.0,45.556126054366494,78.0,67.42440600910194
template_projection,ridge_10,2130,700.0,785.9258489995425,34.0,37.51677975174318,6.0,6.548305152684078,51.0,51.13754751905489,39.0,54.15764764298062,98.0,82.31864829874456
template_projection,ridge_10,2131,1100.0,1227.8122886554086,82.0,82.56695403013433,10.0,12.959057454245396,89.0,88.69531310911862,110.0,170.86886760906455,292.0,240.33476243390066
template_projection,ridge_10,2132,300.0,331.9647326349252,49.0,49.006448546194044,2.0,1.8548186775976667,24.0,23.740123364169424,10.0,10.691106601420259,25.0,25.67380955351669
template_projection,ridge_10,2133,1300.0,1195.115442077113,226.0,212.18554346274453,8.0,11.041239418219337,22.0,19.574669127455834,104.0,75.29162231949735,70.0,93.24107618042471
template_projection,ridge_10,2134,400.0,156.3961542819152,13.0,9.45252815083294,3.0,-10.668030477414268,8.0,-2.827218325670998,11.0,48.45149585066011,11.0,66.85507963312304
template_projection,ridge_10,2135,400.0,556.321286402016,101.0,102.72521696859084,2.0,4.762664550115375,10.0,13.830830399620545,34.0,125.91005723199692,257.0,178.11288418817196
template_projection,ridge_10,2136,1000.0,1063.5356014842866,24.0,28.199974229524734,5.0,5.613217488351992,55.0,55.396944149622335,64.0,76.73657389898757,121.0,104.8889513063855
template_projection,ridge_10,2137,1200.0,1116.941745161467,5.0,8.959801118185482,4.0,3.0694477235488424,55.0,56.743656596364325,146.0,104.28769337365611,115.0,140.35846036110954
template_projection,ridge_10,2138,2600.0,2684.784518375793,2.0,-3.73475257260354,12.0,12.909667150921496,142.0,142.29648106796517,215.0,230.29466293872008,288.0,283.782893448334
template_projection,ridge_10,2139,2700.0,2723.3905073955616,125.0,128.37258629928644,76.0,73.42495066593474,72.0,73.07140794486338,148.0,197.24502751207427,275.0,245.20711542489204
template_projection,ridge_10,2140,3100.0,2980.603203327818,80.0,76.860691981504,39.0,40.95832068521158,79.0,81.67787490253284,216.0,212.10487813127523,250.0,247.3278124925452
template_projection,ridge_10,2141,400.0,544.8982831260945,43.0,46.87192394474971,7.0,5.507745731306734,31.0,29.120220906370065,19.0,21.49191598231306,38.0,36.9163848295058
template_projection,ridge_10,2142,400.0,878.0635713885418,41.0,61.63587846457049,5.0,6.390777385470464,40.0,37.17227914229259,9.0,-9.629037025152371,10.0,-4.521231174381555
template_projection,ridge_10,2143,3500.0,3432.936648467494,5.0,13.930635395930423,63.0,57.773742281029335,89.0,85.59259272741329,135.0,139.9922428767798,138.0,147.81490825454088
template_projection,ridge_10,2144,6500.0,5783.352520894695,2.0,-14.60967365248571,17.0,25.48213916830683,116.0,120.24483342291384,289.0,282.6373057939753,289.0,281.9987817011188
template_projection,ridge_10,2145,900.0,779.5485968962809,98.0,94.04653907250203,6.0,9.841628257090685,56.0,51.794754000033684,70.0,52.90941298127575,70.0,78.38184516355287
template_projection,ridge_10,2146,1900.0,2090.451092022252,14.7798,19.90698314221268,106.0,93.5693871774494,119.0,122.30312943533266,165.0,157.62300601040056,181.0,211.88060767558682
template_projection,ridge_10,2147,900.0,914.9157344968609,243.0,240.73653097556695,20.0,18.551620870899757,24.0,22.041000256291348,111.0,127.11255242308364,173.0,175.6701676692918
template_projection,ridge_10,2148,1100.0,991.3961329907502,140.0,129.81489771542283,2.0,6.240890567764101,20.0,22.20005278406999,88.0,74.1899903577196,92.0,96.5226388402517
template_projection,ridge_10,2149,1500.0,1505.3768691455437,123.0,125.4629812955464,38.0,38.746362600271404,44.0,47.906469300513294,159.0,184.6929680813193,275.0,247.60767724867256
template_projection,ridge_10,2150,900.0,421.3997117494481,40.0,29.050233854485462,15.0,18.981972179320856,52.0,48.296729548378025,45.0,44.790197573803624,69.0,72.07267733283915
template_projection,ridge_10,2151,1000.0,379.61265936936127,72.0,50.57116231492864,2.0,12.085110508026636,22.0,30.32162078477103,38.0,22.565732140239376,38.0,33.50799321576228
template_projection,ridge_10,2152,900.0,1003.2559458678793,2.0,11.042648279716147,3.0,-0.6705516236489775,67.0,56.55460417151753,15.0,20.436801333696444,21.0,30.291897958906688
template_projection,ridge_10,2153,2300.0,2275.209297842699,1.0,2.1618946341259715,3.0,4.059450894815443,59.0,62.05228131935626,254.0,195.05846280329,198.0,228.6073169977387
template_projection,ridge_10,2154,1400.0,1563.6172406746566,17.0,11.906591990785422,26.0,27.83079060926008,80.0,75.29810331183165,59.0,82.71487295915418,100.0,85.91103016487146
template_projection,ridge_10,2155,3500.0,3471.558817646516,2.0,8.85629176362567,58.0,54.867900445624805,98.0,97.45994498283282,240.0,217.96563973106703,240.0,258.9509337668453
template_projection,ridge_10,2156,300.0,245.9290272480016,54.0,51.64580318106503,2.0,2.978098945475967,17.0,17.88991398907345,10.0,4.928404527898294,18.0,21.38786120491399
template_projection,ridge_10,2157,200.0,458.0231670861998,51.0,52.65750994091847,2.0,0.632281669996468,4.0,1.804641253593097,7.0,15.768341431355978,26.0,19.68259652409077
template_projection,ridge_10,2158,1000.0,1059.6346022890732,55.0,50.60308115279176,2.0,2.003355806051589,69.0,69.97007633376619,138.0,113.2694687646646,138.0,155.54146234791716
template_projection,ridge_10,2159,1900.0,1450.1837527655357,2.0,35.026458145880085,2.0,-16.075494091919253,44.0,53.66750992945876,134.0,121.98371889197995,134.0,161.46753447891433
template_projection,ridge_10,2160,800.0,220.47650316991974,63.0,79.0015451055549,2.0,5.667155184646418,8.0,14.35844881595223,8.0,-0.42439021430983814,48.0,17.86314371761128
template_projection,ridge_10,2161,400.0,488.1878674180425,71.0,68.80205231912959,2.0,2.5525578608538844,2.0,1.7473720398781794,19.0,11.290967805208822,19.0,20.6264746540392
template_projection,ridge_10,2162,1400.0,1335.392982540942,191.0,194.2149078638253,43.0,41.018929436170666,49.0,50.49159870225079,186.0,166.0380473457691,218.0,226.42509472105885
template_projection,ridge_10,2163,1000.0,1232.696679185567,2.0,0.4250446198613247,24.0,25.231675072595053,125.0,118.95732751503488,115.0,116.84209656559655,163.0,165.204323202376
template_projection,ridge_10,2164,500.0,518.2345215027005,21.0,5.3615645422537455,2.0,2.53446327386086,68.0,70.1122208363104,30.0,25.623636967839325,30.0,44.75267008465078
template_projection,ridge_10,2165,400.0,393.16641930724336,58.0,59.65243365870464,2.0,0.619242434616563,35.0,34.78957809113929,24.0,17.105392050725435,24.0,32.11766190841895
template_projection,ridge_10,2166,500.0,532.8209839939915,103.0,120.41046778642607,2.0,2.347283046551029,13.0,8.974628955770655,17.0,5.41917758372297,29.0,23.878847787646194
template_projection,ridge_10,2167,2200.0,2065.135337326427,13.0,14.661920261114297,26.0,25.441092728950473,52.0,53.33499232104831,37.0,51.06124819764678,56.0,47.157148188782976
template_projection,ridge_10,2168,1400.0,1451.7602999475137,15.0,16.839876167573145,22.0,19.860343096855726,65.0,61.52932913355308,35.0,36.20154946812959,35.0,43.578889502440624
template_projection,ridge_10,2169,400.0,309.83635401376443,38.0,41.329832827107616,28.0,19.67252116891497,23.0,22.82985278530755,18.0,23.19670280280249,32.0,52.90173123465254
template_projection,ridge_10,2170,800.0,1109.257842628592,15.0,15.009309989261268,24.0,24.195806730964307,79.0,72.69609873496523,52.0,58.63271209883298,75.0,78.8334332769804
template_projection,ridge_10,2171,3800.0,3276.1602699201135,3.0,-26.659098595767716,39.0,46.07633559807809,103.0,90.83078564781769,146.0,157.19571764315265,158.0,157.2069813534976
template_projection,ridge_10,2172,1600.0,1702.6789397357106,33.0,40.0903554498204,11.0,11.985562827014174,34.0,42.17739882151312,83.0,64.05404026804703,89.0,87.1898736543567
template_projection,ridge_10,2173,300.0,274.58318936281637,51.0,50.07807489965365,2.0,0.9982225656134727,19.0,21.31663582843224,16.0,16.432450809598883,32.0,33.55205106143568
template_projection,ridge_10,2174,500.0,183.4915338638143,146.0,161.57367798159538,14.0,9.404298417028716,17.0,16.9992826561147,49.0,62.359063082100334,95.0,94.78022429609477
template_projection,ridge_10,2175,300.0,526.6951632515572,67.0,72.74979349222397,2.0,-4.313923603879305,9.0,6.94042693065628,8.0,20.012991997124793,18.0,24.634351568038838
template_projection,ridge_10,2176,700.0,811.022477354898,2.0,-2.2725015882279536,8.0,10.451517798870336,81.0,79.75250630192397,45.0,71.73772976103935,132.0,110.90097788904973
template_projection,ridge_10,2177,600.0,460.49510861368924,236.0,227.38731200539024,4.0,6.617510562318628,23.0,23.99356669539198,41.0,39.54610822195935,63.0,61.636926287711525
template_projection,ridge_10,2178,100.0,435.96235516097397,58.0,58.04644974208304,2.0,-0.3334191503682593,8.0,5.21529548279846,15.0,18.871540681538015,29.0,33.43111790855839
template_projection,ridge_10,2179,800.0,1127.4622202172216,1.0,10.318350454160324,16.0,15.013696699838487,79.0,75.79130202271185,27.0,32.51708705305049,49.0,39.93628476456804
template_projection,ridge_10,2180,4200.0,4056.659815129723,2.0,-25.627795950021394,17.0,30.231486121348503,253.0,237.7335418892164,320.0,331.1891053113833,427.0,425.8442454500505
template_projection,ridge_10,2181,500.0,1307.8603190201404,54.0,90.175876570119,9.0,-4.260683084879419,21.0,23.954534670211917,13.0,38.81795616839988,26.0,15.813700292863672
template_projection,ridge_10,2182,900.0,891.5925752140594,2.0,5.928075304664141,21.0,28.43978868420144,60.0,53.764443592854626,41.0,26.57734962612337,41.0,22.98708204568335
template_projection,ridge_10,2183,500.0,691.2193613557126,2.0,9.020556333899819,17.0,14.190980214859321,80.0,77.15007596064143,28.0,41.31800520278858,74.0,69.0450719926518
template_projection,ridge_10,2184,1000.0,1101.0467369647351,2.0,-5.206285758546315,8.0,5.04830876772731,47.0,44.12966309198743,101.0,91.38372611866392,101.0,122.89667858020917
template_projection,ridge_10,2185,700.0,875.8360644002998,33.0,31.3825940459719,8.0,11.291578714026423,31.0,28.451558817270037,24.0,28.402692745009382,24.0,20.466468747768516
template_projection,ridge_10,2186,3300.0,3210.4252373461104,2.0,1.045528926298232,43.0,40.27774315193812,183.0,172.64161550513998,171.0,189.6030999440804,227.0,232.3072844088363
template_projection,ridge_10,2187,1600.0,890.1226262795052,12.0,3.2076306383743187,36.0,31.043426202734324,54.0,56.170615000674516,61.0,53.46769771205842,61.0,85.56049212869662
template_projection,ridge_10,2188,400.0,542.8962811156409,64.0,62.14126316841231,11.0,9.074865890430932,22.0,25.552182843863843,9.0,12.124567621605081,14.0,22.6148102885452
template_projection,ridge_10,2189,400.0,677.6076404063404,12.0,6.95815635909976,3.0,-2.1510902107211773,58.0,44.68009040866441,7.0,33.315757037278225,27.0,49.474612776822184
template_projection,ridge_10,2190,1200.0,1651.325811924582,144.0,158.94316020436435,26.0,20.738085670909364,66.0,71.44771336299286,182.0,178.8290223137178,220.0,226.11778208576106
template_projection,ridge_10,2191,4000.0,3397.1271774131574,7.0,5.473736990507767,42.0,42.778291727272176,78.0,71.58541752574828,222.0,208.93959363005996,220.0,255.22120638983907
template_projection,ridge_10,2192,100.0,350.3258622830609,31.0,31.0934062403144,2.0,5.487116239657388,2.0,-1.0241795396893707,12.0,1.0567836484995752,12.0,-1.1122875730285244
template_projection,ridge_10,2193,1500.0,1323.0667409097912,1.0,-3.906079421215793,1.0,3.503509984263742,26.0,31.681819684328406,66.0,60.38153969856738,77.0,71.3866928379607
template_projection,ridge_10,2194,1400.0,1229.3169521836153,181.0,170.45656534135753,25.0,27.86821074816408,28.0,27.651796475084893,78.0,70.20908337483945,78.0,86.87641959513351
template_projection,ridge_10,2195,700.0,904.8530655278819,216.0,206.5361449121805,2.0,6.064185428722167,15.0,12.38368124320948,37.0,34.45058032242024,45.0,44.2352711210809
template_projection,ridge_10,2196,2000.0,2024.5209811422478,77.0,74.72110095550704,58.0,56.56012044044119,89.0,85.6111470422133,145.0,162.1872383841768,216.0,214.08659654805743
template_projection,ridge_10,2197,800.0,790.9497282781927,43.0,47.34996825832211,2.0,0.10424854675465944,55.0,52.476020229880426,35.0,34.90267564173202,48.0,51.68356481512767
template_projection,ridge_10,2198,2500.0,3033.306405336669,146.0,169.74318782362946,67.0,65.30530607605803,85.0,70.53343819095956,194.0,170.771802818072,198.0,209.2574749861664
template_projection,ridge_10,2199,500.0,531.3271555785468,50.0,49.322975564704834,10.0,8.936333295839876,55.0,50.70538232417978,40.0,20.092147229864395,12.0,35.322999374262224
template_projection,ridge_10,2200,1500.0,1455.4285848015093,117.0,109.47408308664987,15.0,13.944539617353957,50.0,48.95317375858186,47.0,57.25448452534384,57.0,63.21413513070473
template_projection,ridge_10,2201,1000.0,917.057340405134,2.0,-2.884167000893399,13.0,24.916389383852486,115.0,104.03668476452242,87.0,124.2233796055605,209.0,169.21983150508362
template_projection,ridge_10,2202,300.0,443.58504400950903,102.0,105.96025681045033,2.0,-1.0665653035458345,17.0,17.995343127732838,6.0,5.608445612355013,24.0,22.85375420636896
template_projection,ridge_10,2203,1400.0,1198.5350347488095,48.0,30.707409696930767,7.0,22.720163922853924,54.0,59.4613280961035,83.0,48.1671037030106,83.0,57.82674712334752
template_projection,ridge_10,2204,800.0,1423.0574615087999,239.0,248.21702110475303,4.0,-12.28354533959458,43.0,58.22698398001801,34.0,52.60480049606285,60.0,80.99211975876051
template_projection,ridge_10,2205,1100.0,932.3580811107091,245.0,241.78589686278593,11.0,11.709591076833732,18.0,21.14441091909455,67.0,62.34510196213846,113.0,103.24236737233036
template_projection,ridge_10,2206,4800.0,4172.359783391535,3.0,30.823143160205078,23.0,5.764396942625442,100.0,103.99737272498945,78.0,136.94309242235056,106.0,106.05806011925986
template_projection,ridge_10,2207,200.0,-52.34762636471328,71.0,85.2437488218155,2.0,-0.509788625735565,2.0,-2.9771342649822685,4.0,4.541549627924837,23.0,27.17194325651481
template_projection,ridge_10,2208,500.0,527.1435761595347,49.0,46.93757272603905,34.0,33.468351739685524,39.0,39.2730071868787,19.0,23.71860679603909,43.0,37.25981137373469
template_projection,ridge_10,2209,700.0,781.062454195938,212.0,205.9037669865193,3.0,5.758287671225618,17.0,16.599800644862356,45.0,47.77741557289439,70.0,64.91757207379597
template_projection,ridge_10,2210,700.0,681.0772271492951,75.0,75.31782337673368,4.0,4.929977854232758,33.0,32.229280483014875,36.0,30.180857116369886,44.0,47.23603032476393
template_projection,ridge_10,2211,600.0,709.9697763274103,21.0,30.61561114796023,15.0,10.549758906306423,44.0,40.91696101364542,32.0,28.565608802645947,32.0,42.68570552884028
template_projection,ridge_10,2212,1500.0,1186.0428587215845,14.0,7.375068345309423,47.0,54.877160371801615,84.0,82.32638497552873,161.0,184.9235394118411,272.0,245.42962242952908
template_projection,ridge_10,2213,1600.0,1784.6509049813626,15.2082,6.850008552190687,41.0,44.91943884468416,124.0,109.23865690367347,229.0,204.5135848669438,231.0,262.4413165287425
template_projection,ridge_10,2214,300.0,376.33658072861533,120.0,109.15768347797479,2.0,3.930540388534025,16.0,15.9785440583193,10.0,21.22776502501219,43.0,39.46271417639021
template_projection,ridge_10,2215,3900.0,3382.8485415816394,10.0,2.4430466329292813,48.0,48.20540885308069,90.0,91.12168226990255,86.0,96.13050647800172,87.0,90.82229410548686
template_projection,ridge_10,2216,1100.0,1261.6496745697511,12.0,10.31987440912797,11.0,9.735097390475264,62.0,51.45028590969822,84.0,95.67257033170682,113.0,123.77355641393991
template_projection,ridge_10,2217,1000.0,912.1054267757254,200.0,194.46960959260363,40.0,42.10882196164431,12.0,14.485019757571287,153.0,121.84747568023606,153.0,168.1238137558187
template_projection,ridge_10,2218,600.0,740.6459616793095,76.0,77.51551299181766,2.0,-5.3966234738583925,31.0,35.201701235238396,33.0,26.71678345312492,33.0,50.184450630788724
template_projection,ridge_10,2219,4600.0,4317.458611689942,11.0,5.720462659615698,91.0,94.41943654176129,92.0,95.51904810946172,171.0,172.57767453261042,171.0,166.3396177225122
template_projection,ridge_10,2220,700.0,593.4160424326459,209.0,199.96534545163826,13.0,14.223642203560852,19.0,20.75474470925728,75.0,78.07277392367331,110.0,112.84393823664098
template_projection,ridge_10,2221,1100.0,1178.3218640289417,15.0,17.460716228255265,2.0,2.4661402335040012,54.0,53.59817366329612,65.0,55.41485348042526,65.0,71.7013195627583
template_projection,ridge_10,2222,200.0,209.95037160075594,62.0,64.19797646885158,2.0,-0.18089080442049266,2.0,3.550221856424443,4.0,14.830843036151123,35.0,30.826192280744337
template_projection,ridge_10,2223,2200.0,2123.8494735224276,2.0,8.23643004595079,66.0,62.75801119359713,105.0,123.78398554425101,149.0,133.01603147329726,175.0,170.81821056970497
template_projection,ridge_10,2224,600.0,654.3490452064889,33.0,34.42652553593588,7.0,6.947908567703022,44.0,43.682975207825116,22.0,26.377478328435558,46.0,42.395694724758364
template_projection,ridge_10,2225,400.0,139.94287563353646,75.0,72.71227184779204,15.0,16.440991298890253,31.0,22.106530146548945,21.0,20.446289670921864,58.0,66.58806485078729
template_projection,ridge_10,2226,500.0,479.51307195016193,42.0,45.69660710892899,2.0,0.5768545331441199,21.0,21.571509803574283,22.0,16.404143220306324,22.0,27.063969348462052
template_projection,ridge_10,2227,3399.0,3762.5855007238424,107.0,116.19813154308471,94.0,96.15653224921839,107.0,103.8471725171936,172.0,175.03878807322982,227.0,211.8197881616452
template_projection,ridge_10,2228,100.0,335.8158208685478,103.0,106.62577811513486,2.0,1.837139769783935,10.0,12.665144770730429,8.0,-4.940087305661507,8.0,8.04453983001386
template_projection,ridge_10,2229,3299.0,3090.652915676409,30.0,29.922535434599247,14.0,16.945849815019873,62.0,67.02153445208172,310.0,266.55199076389374,301.0,316.7051555261172
template_projection,ridge_10,2230,400.0,448.77567615139026,106.0,85.24164848849072,4.0,0.6276821535726604,5.0,-4.305544618072609,12.0,22.042962852302686,12.0,30.941833593009534
template_projection,ridge_10,2231,100.0,143.52584328260286,138.0,135.28673243503204,12.0,12.43248346450049,11.0,10.46604976518018,18.0,15.014963738541482,33.0,37.52252750701561
template_projection,ridge_10,2232,600.0,614.8987848190334,18.0,25.191928079976115,10.0,6.917905540005213,35.0,35.484398900126024,33.0,26.41745360149325,33.0,40.606314634309626
template_projection,ridge_10,2233,500.0,846.6905975796894,22.0,20.491498305411284,2.0,0.07887073335808914,7.0,-12.85598567559395,28.0,36.93579030640913,28.0,56.086722314232674
template_projection,ridge_10,2234,500.0,563.3790484758025,86.0,85.76845839793327,5.0,3.516677674085951,42.0,41.173176796881165,42.0,46.768782320141256,72.0,74.69641466601497
template_projection,ridge_10,2235,700.0,681.6735788079985,70.0,66.39111256407396,2.0,4.2023295495943795,49.0,48.09154413489609,30.0,29.315358767409926,48.0,46.569626955439276
template_projection,ridge_10,2236,700.0,192.24851044336333,2.0,48.09607072038186,3.0,17.92543749295823,128.0,100.66849468312937,43.0,1.178755136822332,43.0,42.98960931852303
template_projection,ridge_10,2237,1500.0,1490.3679004220344,30.0,41.296792097371466,3.0,-4.624854155330892,47.0,51.36320362549278,156.0,155.74928492075188,170.0,187.22531576589256
template_projection,ridge_10,2238,400.0,540.543477467318,49.0,53.6771685792637,5.0,2.472478984305299,46.0,42.36664033289769,7.0,5.6002818940624906,8.0,16.273095922268325
template_projection,ridge_10,2239,1300.0,1489.6379742784704,98.0,108.10303197879486,13.0,8.67006181956203,37.0,45.85375590029947,102.0,92.94306463425369,120.0,111.68036775812477
template_projection,ridge_10,2240,900.0,754.4152002083753,224.0,208.1157463577877,8.0,11.856058315982109,31.0,29.482177469260122,76.0,65.53064648687712,76.0,87.89643010121054
template_projection,ridge_10,2241,2000.0,2235.4332326769277,15.0,13.085129258521668,75.0,69.45056579665906,67.0,69.47999985751557,184.0,145.67741643263327,165.0,194.394427424765
template_projection,ridge_10,2242,1200.0,1272.6155936816801,2.0,1.6990265882140676,9.0,1.9169099721631273,71.0,63.031580672946404,106.0,107.08565697277177,118.0,140.9385903876308
template_projection,ridge_10,2243,500.0,561.2235471809694,60.0,64.63466988609223,19.0,16.127361962591802,28.0,27.278758161875224,16.0,15.544151970261666,23.0,29.28102734827152
template_projection,ridge_10,2244,600.0,619.8312002708668,55.0,58.04034352589762,2.0,1.4419119897171466,15.0,15.653010158012478,7.0,13.651161953155963,27.0,20.95355279230354
template_projection,ridge_10,2245,1000.0,945.6901915902924,10.71,8.828940424038898,10.0,10.352768540608956,60.0,57.58906195981941,58.0,50.095517976747345,68.0,74.16726846394477
template_projection,ridge_10,2246,1200.0,1163.0321252424976,34.0,59.97602317202426,6.0,-0.004271246422536734,22.0,24.473320667337326,141.0,122.12519512682222,151.0,152.8924502973738
template_projection,ridge_10,2247,700.0,959.2882102534941,37.0,41.350067870112824,45.0,40.70742727918048,87.0,80.40212036934165,41.0,52.23710728499928,78.0,85.0601005271815
template_projection,ridge_10,2248,1600.0,1523.9745907670992,2.0,4.405386909902198,17.0,16.624327223229386,87.0,82.95302379554781,93.0,95.81927352434003,122.0,123.96697468244287
template_projection,ridge_10,2249,1300.0,1326.4107909084046,14.0,15.640802244457369,2.0,-5.2609577507241685,73.0,62.552256225603095,109.0,111.68516039543789,109.0,134.9186186623414
template_projection,ridge_10,2250,100.0,280.4496983985117,39.0,48.25154173297756,8.0,5.295757252011546,30.0,32.00464676176766,28.0,42.805745287923145,91.0,74.27769599129216
template_projection,ridge_10,2251,2800.0,2802.9451963956053,32.0,24.59570401824368,7.0,9.345109563213992,151.0,146.89078880747743,277.0,245.4709751717771,281.0,303.32968960046765
template_projection,ridge_10,2252,400.0,743.1893026833565,55.0,54.365087877051664,4.0,8.411472787471212,30.0,31.43500543533134,6.0,14.756225529451726,24.0,18.401424975228707
template_projection,ridge_10,2253,1100.0,1104.3652167963694,66.0,66.76635050755252,7.0,7.555752434517688,16.0,19.276120659845628,170.0,140.29301266307363,170.0,183.06386225592445
template_projection,ridge_10,2254,1200.0,1201.5304636523033,21.0,22.553704387038152,15.0,15.676558705999957,53.0,52.525298856531954,59.0,67.85583721896731,99.0,90.82304950541553
template_projection,ridge_10,2255,1900.0,1941.0098469143102,75.0,71.63892519730716,8.0,11.146454529531649,66.0,67.98480796651634,317.0,264.33112426298914,317.0,341.0689960867117
template_projection,ridge_10,2256,1600.0,1505.7083648480657,129.0,123.97263258839439,8.0,10.69213319780949,39.0,40.48876809021006,167.0,141.31855306264117,167.0,178.82743295658753
template_projection,ridge_10,2257,300.0,228.55853780625228,48.0,55.98853275260369,2.0,5.587335431675964,33.0,31.635509792554625,18.0,5.897818931724913,26.0,22.01689680258272
template_projection,ridge_10,2258,1100.0,804.0887123577505,2.0,-6.991424113253444,15.0,25.103484057860925,79.0,82.69286367063754,67.0,89.61008521469788,160.0,127.10507759901799
template_projection,ridge_10,2259,7200.0,6993.672462818948,11.0,-14.357428765086041,46.0,57.8342438780482,161.0,162.8096153739797,428.0,452.19352083757275,514.0,487.47064061160427
template_projection,ridge_10,2260,1700.0,1766.256885612996,64.0,60.28173228108078,3.0,4.438354110246687,28.0,28.14757103564548,113.0,97.50781612573698,92.0,97.77316659431042
template_projection,ridge_10,2261,3000.0,3209.4492728590176,21.0,19.437228247206633,34.0,35.056344875773085,78.0,90.49882664321308,249.0,220.1342335741672,249.0,247.34792011564255
template_projection,ridge_10,2262,1400.0,1447.4137180711057,18.0,23.248787731470713,24.0,21.235977827838106,39.0,37.029027298087506,61.0,52.95487432807964,51.0,63.23899723999577
template_projection,ridge_10,2263,1900.0,2114.7032130838247,61.0,65.54589245080719,76.0,65.46297491931283,64.0,58.22600709414429,102.0,91.46137988652771,74.0,113.58374066274831
template_projection,ridge_10,2264,2000.0,1760.7581038136984,2.0,13.82190436497087,6.0,12.35359460006756,99.0,103.47902218491699,119.0,110.258739646002,160.0,136.75142857910552
template_projection,ridge_10,2265,1100.0,859.6737536212993,125.0,111.07608603886743,2.0,9.426071618214145,38.0,36.526452795931014,57.0,60.726539849412546,91.0,79.94338090294256
template_projection,ridge_10,2266,2700.0,2636.2112203989145,4.0,5.335049584986152,36.0,34.377967860500206,79.0,79.26987955978363,150.0,139.48960852985945,150.0,160.2542744582778
template_projection,ridge_10,2267,2300.0,2301.87495265036,9.0,15.66095794752271,48.0,48.28434228636681,139.0,141.08711602551566,164.0,188.46304818836438,272.0,247.0268885869395
template_projection,ridge_10,2268,1900.0,1925.828298343415,98.0,95.04259681473536,17.0,13.624791172824855,66.0,64.5208086449083,219.0,206.99588850730316,248.0,264.77220715216185
template_projection,ridge_10,2269,500.0,423.74816355254507,172.0,166.50086959472088,3.0,5.340535047624542,14.0,16.149067430471618,15.0,40.75786107194624,87.0,66.63547068627086
template_projection,ridge_10,2270,2000.0,1927.7047719880488,4.0,-9.397438613326344,28.0,30.608185162460423,96.0,105.20921053743935,79.0,74.1090146468739,106.0,98.23954893375488
template_projection,ridge_10,2271,3600.0,3967.424514103057,33.0,27.722297371920508,67.0,63.82509443829712,97.0,111.01231726950587,160.0,178.24376510443554,196.0,188.22970869452305
template_projection,ridge_10,2272,400.0,405.2876805967908,54.0,57.70749805661741,3.0,2.58410782225571,22.0,20.998233525036305,12.0,16.680745214116143,33.0,29.805714610106435
template_projection,ridge_10,2273,1300.0,1162.3460545728083,135.0,133.64045594948453,17.0,15.381968932397369,45.0,46.330372049358374,90.0,106.9597524678242,149.0,144.00665272621887
template_projection,ridge_10,2274,3400.0,3120.9708513511277,3.0,3.051327619140274,12.0,15.005922843163988,71.0,72.17548558034443,85.0,99.74799336231888,108.0,92.08824496319247
template_projection,ridge_10,2275,600.0,699.2652872237684,108.0,104.67184690814622,6.0,6.078192531931046,59.0,55.936311379355296,67.0,55.95341129695513,73.0,85.31111908182082
template_projection,ridge_10,2276,3100.0,2786.0360795836737,58.0,53.22927734544798,20.0,22.226397887919717,25.0,29.99509728475739,127.0,127.98233797692303,138.0,131.12394653765762
template_projection,ridge_10,2277,600.0,815.9787631433143,89.0,86.37333890668184,5.0,3.7398193739444263,42.0,47.13872014837142,60.0,56.083918262186344,81.0,73.24620201583097
template_projection,ridge_10,2278,1000.0,1175.145059426531,137.0,138.22820792182995,18.0,22.274376569549375,28.0,38.67846047420466,51.0,31.204714503247473,64.0,48.84475135060188
template_projection,ridge_10,2279,8000.0,7351.287265529648,4.0,-18.46535503020469,5.0,16.518673931479448,191.0,199.54081369440374,406.0,381.1166475736341,409.0,408.45338419657037
template_projection,ridge_10,2280,400.0,318.01705531424057,145.0,136.40399997856736,2.0,11.612660415108088,12.0,17.267370591524475,6.0,-12.945143253103026,7.0,-6.479268033848555
template_projection,ridge_10,2281,5500.0,5221.85521104647,8.0,-2.0297066663137855,23.0,29.14276252627213,191.0,196.24814923541288,444.0,408.2852091460311,490.0,489.37497729068537
template_projection,ridge_10,2282,900.0,967.3109534817992,56.0,57.94996103106808,8.0,10.09781390811549,39.0,40.10210764592709,84.0,82.85492248690835,122.0,110.87638032947785
template_projection,ridge_10,2283,1400.0,1657.1083610147407,116.0,126.24455355164693,22.0,33.385930329396416,63.0,76.88300498335335,219.0,188.12127235014304,267.0,243.79051259677354
template_projection,ridge_10,2284,400.0,318.58415282464614,38.0,49.830110667513274,2.0,2.5971031738632586,38.0,40.018950782536265,17.0,4.999119964023663,17.0,21.92783989458711
template_projection,ridge_10,2285,2500.0,2423.8375976309962,4.0,9.061669642485029,57.0,53.46992923960007,87.0,89.19175711955594,120.0,110.76548313781029,120.0,131.56882395312815
template_projection,ridge_10,2286,800.0,422.69175831822747,23.0,-49.22644767213855,2.0,18.88760085332445,46.0,60.673781263765996,65.0,54.64794660365368,69.0,88.2542656463886
template_projection,ridge_10,2287,700.0,863.0084214794729,76.0,76.0387180585251,10.0,11.19804013530787,52.0,46.87489372720611,67.0,89.39446209972068,139.0,125.26121830335477
template_projection,ridge_10,2288,700.0,715.8254671334812,66.0,67.53712352254144,3.0,3.049399902462259,59.0,55.77489862648437,23.0,29.98133232043321,49.0,46.65645372151324
template_projection,ridge_10,2289,1800.0,1772.7570575613565,5.0,2.47066593083251,11.0,13.388883621437984,80.0,77.65384015307248,117.0,109.21156983233847,131.0,133.61983455012412
template_projection,ridge_10,2290,100.0,440.2029270406267,87.0,81.05185630408732,4.0,10.1439151958902,27.0,16.78772453153421,7.0,12.87075529970005,23.0,8.986591495690845
template_projection,ridge_10,2291,1700.0,1755.9913689821517,4.0,18.040647953167657,45.0,40.285735001043975,122.0,115.4922420334074,142.0,122.91061857869828,144.0,162.74253247890275
template_projection,ridge_10,2292,5500.0,5148.505456238612,4.0,-1.2189497676313152,18.0,21.423761149744582,126.0,129.354550801122,331.0,327.91173022576527,368.0,362.8378839193864
template_projection,ridge_10,2293,2600.0,2647.516471910334,2.0,5.7747221965223545,6.0,1.4304655362036947,92.0,89.68206039822978,167.0,157.79812552345675,167.0,184.92453745881488
template_projection,ridge_10,2294,800.0,902.7140047993878,60.0,64.79752401321663,23.0,20.099905044977223,26.0,26.52578710855296,40.0,38.80272696378874,48.0,52.444935892933856
template_projection,ridge_10,2295,600.0,570.0916101292461,44.0,47.014976398594605,4.0,3.640889811113956,19.0,20.01264203146881,30.0,25.545709373519415,38.0,38.40612433908119
template_projection,ridge_10,2296,4800.0,4530.981564529949,8.0,5.266901204131777,61.0,59.36357696906875,125.0,123.86743177194137,262.0,223.13077788632668,199.0,236.58533915912855
template_projection,ridge_10,2297,600.0,869.7645348510405,37.0,47.98406185113118,20.0,16.42978424070095,74.0,73.83601555214906,68.0,118.25798040512495,210.0,175.82429350488928
template_projection,ridge_10,2298,800.0,789.5232773049065,87.0,84.37672393604043,5.0,6.612504518759799,23.0,23.023194926466513,26.0,39.504835512600216,63.0,53.429066814269504
template_projection,ridge_10,2299,800.0,815.3565021414977,41.0,18.52133344325884,3.0,9.987477226386325,64.0,74.98385025170596,52.0,61.96710336327047,100.0,92.11742407837343
template_projection,ridge_10,2300,600.0,90.22252523714701,2.0,8.874910077022989,2.0,-0.12448536538646415,41.0,42.899165891101205,17.0,17.412566033239727,39.0,39.197894675301086
template_projection,ridge_10,2301,500.0,531.7530425051024,100.0,97.32947532321131,15.0,18.71030622104098,42.0,43.050503412990835,58.0,80.80560385869055,151.0,125.8171963512907
template_projection,ridge_10,2302,900.0,918.3628242509567,6.0,9.50614593409199,5.0,3.1481063321178837,68.0,64.67661719029076,15.0,26.510753521093996,41.0,41.43361526152478
template_projection,ridge_10,2303,700.0,-330.56589204492,128.0,110.88015486990474,4.0,10.213323112823709,32.0,35.89440264629535,50.0,26.2670987816853,50.0,74.33483692816263
template_projection,ridge_10,2304,1300.0,1482.8768348907838,28.0,51.04203655764473,61.9752,53.464372673316404,76.5769,74.76014548391517,168.0,171.21594538664334,232.0,234.71907506168122
template_projection,ridge_10,2305,2700.0,2656.3383879451926,2.0,-0.35231362002470945,22.0,22.312638089641524,111.0,109.59584379128064,195.0,171.83621865329462,187.0,203.84900634212357
template_projection,ridge_10,2306,1500.0,1761.977294969815,27.0,33.80696295982776,31.0,27.557194985038862,54.0,40.99651283477871,129.0,195.95854359560212,255.0,235.81576249286036
template_projection,ridge_10,2307,1900.0,1104.9425188044952,11.0,-6.1130783454621564,25.0,24.279298457329762,59.0,50.88923525735684,95.0,84.59695952336251,95.0,118.0812011051079
template_projection,ridge_10,2308,700.0,233.37296693928715,30.0,33.2209222243613,12.0,17.687642237236442,45.0,47.99765038808477,21.0,2.8122155547821137,21.0,21.365427846856292
template_projection,ridge_10,2309,600.0,579.7545489218243,29.0,27.702615454782674,2.0,1.5043728390246116,45.0,42.43096808772308,35.0,26.821967524399675,35.0,44.713448118071675
template_projection,ridge_10,2310,1000.0,1455.5803034507135,1.0,1.847994125663348,8.0,8.293398398826296,109.0,102.17643636034973,59.0,114.41729738557194,193.0,160.65043010050252
template_projection,ridge_10,2311,400.0,439.93024413824,25.0,24.88854808677523,1.0,1.0352084513170645,18.0,19.525333743064184,9.0,2.9662619566137067,9.0,10.893815145194651
template_projection,ridge_10,2312,200.0,192.22240760235468,69.0,73.1486871712272,2.0,7.297546247706228,20.0,17.750120116421456,42.0,35.94168095435972,76.0,65.07715407160714
template_projection,ridge_10,2313,800.0,1173.6618920340277,19.0,30.941985396384005,3.0,4.872967544778277,61.0,58.343411924975406,78.0,94.02308954818936,153.0,129.16473328880483
template_projection,ridge_10,2314,400.0,358.69512589092665,38.0,36.937499164270264,3.0,1.8768231409094902,63.0,63.152266305978415,11.0,20.36668057838709,49.0,46.3388346791779
template_projection,ridge_10,2315,4000.0,3274.0063583797064,164.0,140.2117331107747,3.0,13.735358214628443,30.0,36.23485969005584,25.0,62.85002522561847,66.0,31.128681496603832
template_projection,ridge_10,2316,500.0,461.98274166563374,24.0,21.918248724846798,2.0,0.6976432727878468,55.0,47.99438053917172,11.0,24.25073761727961,34.0,39.44493785748443
template_projection,ridge_10,2317,400.0,1159.5923473940543,75.0,73.60259759451316,4.0,10.091791321674076,21.0,19.159562567986875,15.0,16.52772687907784,17.0,-10.601673149432088
template_projection,ridge_10,2318,800.0,896.7258531967286,25.0,17.58821418100159,3.0,3.9661453835614306,82.0,75.79328188465395,68.0,62.05963840171368,68.0,81.94600095741372
template_projection,ridge_10,2319,1800.0,1320.1190799270148,14.0,27.124377683447378,18.0,22.35446447161598,56.0,47.30015776629409,37.0,49.009091643814834,96.0,79.55942343534048
template_projection,ridge_10,2320,1000.0,1113.727796856503,3.0,4.387053034965859,6.0,6.155333191259475,95.0,90.99400960694254,73.0,80.14203179055195,116.0,113.9845072501356
template_projection,ridge_10,2321,300.0,517.5797518123553,64.0,65.29271098522655,22.0,13.97222481076318,7.0,-2.0877621638343697,8.0,26.27296113474827,24.0,44.195828684786854
template_projection,ridge_10,2322,400.0,286.57566867511935,47.0,56.24622862710134,2.0,-0.806482598606836,60.0,51.63255622747516,104.0,78.6921570922977,105.0,134.49570071228294
template_projection,ridge_10,2323,2400.0,2583.044162154323,28.0,27.589890657374866,48.0,38.65132665013662,60.0,54.91123068106424,85.0,112.39069173944802,93.0,108.5973925483864
template_projection,ridge_10,2324,1300.0,1279.7294417390783,5.0,7.724011149398734,26.0,26.041261343132863,89.0,85.19051566520261,53.0,58.532994288606005,88.0,86.89946386886079
template_projection,ridge_10,2325,200.0,6.783973639081296,63.4032,67.71343910888079,8.0,7.758867831520484,7.0,6.896422803992998,18.0,19.326908936172245,54.0,49.82818938948405
template_projection,ridge_10,2326,700.0,287.03212545007295,188.0,176.9243807662769,5.0,4.594585047443271,17.0,24.461846160825623,32.0,14.509107789408361,32.0,39.91210056771034
template_projection,ridge_10,2327,1500.0,1537.864108392508,9.0,8.41785889087712,10.0,10.823601393935553,100.0,98.4937956097393,180.0,151.1458198029835,180.0,199.5684414143346
template_projection,ridge_10,2328,300.0,396.834939702664,62.118,63.64267279049894,5.0,5.2644234796541785,17.0,23.51907640698476,23.0,43.96055629213855,98.0,73.6504699444774
template_projection,ridge_10,2329,500.0,254.60301481160138,41.0,48.98760632424436,5.0,0.6464868762064775,30.0,30.46010648931738,20.0,15.059357119203781,28.0,36.59074005766789
template_projection,ridge_10,2330,1000.0,821.6391645655576,21.0,26.15151991198606,32.0,32.684985464240256,38.0,36.597140499616735,36.0,43.54790993848384,66.0,58.66476690957843
template_projection,ridge_10,2331,1900.0,2100.2903398678945,2.0,0.751331105944054,11.0,6.304572887256233,70.0,79.16136266253072,102.0,95.65177349855335,102.0,107.29122264775249
template_projection,ridge_10,2332,600.0,681.5267990048792,59.0,70.18912578292122,20.0,15.602346946710968,36.0,36.47687192106557,42.0,45.66428797258015,68.0,69.51168023449218
template_projection,ridge_10,2333,200.0,211.68733042564327,90.0,92.97377008504769,2.0,2.625066689900594,14.0,13.997797941107969,33.0,50.41770290275838,99.0,82.5864362126708
template_projection,ridge_10,2334,1700.0,1686.1428685907842,16.0,10.94613561439359,18.0,27.97011028115524,80.0,83.89032503441254,55.0,59.362068325296946,81.0,56.82562460619756
template_projection,ridge_10,2335,400.0,478.1191725976274,158.0,152.46873491870446,3.0,3.852835988370355,27.0,27.802945389431766,30.0,26.167188122270858,38.0,41.6065108602174
template_projection,ridge_10,2336,500.0,172.43606747361855,142.0,138.56382923401748,2.0,2.968743418882795,22.0,24.00300351522999,13.0,1.3881809735019033,15.0,25.525356013304588
template_projection,ridge_10,2337,500.0,252.13297918849707,14.0,-5.931324083634472,2.0,-8.92659129590355,54.0,64.01704103363205,25.0,34.05824567253616,34.0,55.59998551487967
template_projection,ridge_10,2338,1200.0,1142.679928186354,149.0,143.08653450863778,2.0,2.7478115957716156,47.0,43.92937647763738,141.0,121.68612535310314,141.0,160.82631096538842
template_projection,ridge_10,2339,600.0,548.9504586680156,131.0,125.45501822293842,3.0,4.63447324950646,22.0,21.84763709906366,56.0,44.36960386980466,56.0,65.85375769301466
template_projection,ridge_10,2340,1100.0,1262.9130505282276,25.0,30.284458716728288,38.0,34.19707560090262,60.0,58.04558344298833,55.0,53.89841182331958,65.0,72.15613678754686
template_projection,ridge_10,2341,5800.0,5441.124661802448,5.0,-17.01046312732018,34.0,47.77974351300637,124.0,131.82246049776165,233.0,244.73622186886678,292.0,252.2785674135324
template_projection,ridge_10,2342,1100.0,1049.128483574529,78.0,72.80975418305978,3.0,14.561310438830118,61.0,60.60650829174085,65.0,73.80063756873878,143.0,112.55133498397312
template_projection,ridge_10,2343,100.0,134.64018775979252,16.0,14.701901363318697,7.0,6.634900422618037,34.0,34.005218178631864,23.0,16.358975202500268,32.0,36.88744857700512
template_projection,ridge_10,2344,600.0,558.7380044305282,223.0,213.84458594967964,6.0,9.493742811158498,25.0,25.978773412005335,87.0,98.12580621144915,154.0,142.89104288507338
template_projection,ridge_10,2345,4300.0,4203.433059630239,4.0,-11.597442188680787,26.0,29.389702138969334,163.0,169.58766505851366,371.0,331.6711587001303,371.0,393.2079185659908
template_projection,ridge_10,2346,2900.0,2950.6302035126564,2.142,5.639984719330933,13.0,12.376098716189505,120.0,121.20941852674773,224.0,223.78267597841932,276.0,273.82185373604625
template_projection,ridge_10,2347,2500.0,2527.3455597279935,102.0,108.76363933688174,69.0,65.8231721637647,82.0,80.2176011656534,192.0,167.69616275982003,194.0,210.2778296535711
template_projection,ridge_10,2348,500.0,520.9871807624149,54.0,57.06253903066004,10.0,8.501782598946763,34.0,34.00104439351105,25.0,16.666241272210932,25.0,33.30889771173291
template_projection,ridge_10,2349,700.0,737.7958000554606,44.0,49.064684918173946,11.0,8.08508392010645,33.0,33.44403471495532,22.0,25.446955173489073,38.0,38.8095019441118
template_projection,ridge_10,2350,700.0,708.3554848602138,49.0,49.416061719382384,11.0,10.769521263844332,24.0,24.77103179520208,31.0,32.9102051687643,50.0,47.33589161495702
template_projection,ridge_10,2351,400.0,555.1914635565024,114.0,112.22351976223678,6.0,5.790561502617518,34.0,32.3087636649388,27.0,35.895453070412636,58.0,56.27733662175227
template_projection,ridge_10,2352,1800.0,1885.010634973928,15.0,22.592805682121217,52.0,47.70502885825848,86.0,84.70996153430391,119.0,128.05700131314578,166.0,166.76310657233213
template_projection,ridge_10,2353,1200.0,1217.5541150425584,36.0,35.830077800672115,5.0,5.741160633171804,82.0,80.48269240579364,103.0,102.50007273206127,139.0,141.04817305031335
template_projection,ridge_10,2354,1400.0,1408.0597999117765,5.0,16.275410278600077,22.0,9.697830071706452,86.0,70.71798774295617,74.0,100.45609132053482,107.0,140.03332020241024
template_projection,ridge_10,2355,100.0,78.70637825689664,25.0,24.313621733119867,2.0,0.3310589820808989,17.0,17.777021277823437,10.0,10.878074319390123,23.0,29.843714094217603
template_projection,ridge_10,2356,300.0,351.75408854269756,109.0,105.59833334902459,5.0,2.9223327517144106,14.0,12.19500230624719,76.0,44.66547286761777,38.0,67.11001565170912
template_projection,ridge_10,2357,500.0,516.7444628206287,33.0,31.876479269787716,7.0,6.528390789999374,37.0,35.79076011347058,18.0,13.7849044819055,18.0,25.462509403090195
template_projection,ridge_10,2358,400.0,279.9201061127802,64.0,55.46432484161228,2.0,3.0309968018682376,10.0,9.715333711722089,15.0,13.491280763611826,19.0,26.146590600846267
template_projection,ridge_10,2359,500.0,600.7403502137382,65.0,66.55668058084592,10.0,7.61465986386203,25.0,26.871795526982453,20.0,31.569095318711952,49.0,47.73602418540634
template_projection,ridge_10,2360,1600.0,1373.2902338332888,23.0,19.97708626705098,33.0,37.63209037019809,60.0,58.1074799748994,75.0,93.43430556528244,136.0,116.20248905978934
template_projection,ridge_10,2361,1200.0,1335.2134369943237,40.0,44.25053351140512,4.0,3.7475070120237906,48.0,47.147592929115135,122.0,110.36248121713142,127.0,138.31925248333496
template_projection,ridge_10,2362,1200.0,1257.3078137307778,56.0,58.59373535942897,16.0,18.946924020316192,64.0536,67.98170650046764,108.0,96.38187624734849,142.0,129.4158502929675
template_projection,ridge_10,2363,1200.0,1292.1500307875954,11.0,0.62214870068766,7.0,10.21231831515841,50.0,52.46192026968862,164.0,103.69359340193294,87.0,125.09276884578108
template_projection,ridge_10,2364,6600.0,6367.830871039557,12.0,4.172386289867006,41.0,45.74057612146971,172.0,173.8604935107672,532.0,482.57342386477615,532.0,555.6207392298679
template_projection,ridge_10,2365,5900.0,5617.2179201346735,14.0,12.104992867475971,50.0,50.952955466346936,154.0,153.29091418857482,368.0,346.4299132652361,368.0,384.21191614705924
template_projection,ridge_10,2366,2100.0,1936.8205343028424,156.0,137.65236985180442,24.0,25.517498906393204,19.0,30.254717664739132,231.0,205.85392967533528,231.0,249.51768271210824
template_projection,ridge_10,2367,1700.0,1882.7033474518742,9.2106,7.025615814666288,20.0,19.1744054503597,111.0,107.55950785449619,218.0,198.0948638681119,233.0,252.71544673073825
template_projection,ridge_10,2368,700.0,1248.5090836427423,14.0,-12.085621819367063,16.0,34.630132994999464,81.0,81.72959241635706,50.0,37.94484091980843,113.0,76.92536182693273
template_projection,ridge_10,2369,2100.0,1869.9406480834762,108.0,91.56116599910868,16.0,23.607937291413705,32.0,32.81311102552487,106.0,89.19730946685482,106.0,116.63277455873856
template_projection,ridge_10,2370,1300.0,17.755232158335048,11.0,7.725425089506103,19.0,14.735176352621394,27.0,27.095203113908166,25.0,69.63114211944044,105.0,85.54434556862113
template_projection,ridge_10,2371,700.0,856.9516133445325,75.0,79.5678781147607,39.0,37.3281803746529,56.0,56.491541900384256,62.0,92.71948212684688,160.0,138.07098762459754
template_projection,ridge_10,2372,500.0,489.9240013430742,41.0,41.668228195136955,5.0,3.879185154862707,30.0,29.746446252454593,22.0,15.232524929759691,22.0,29.80735235963928
template_projection,ridge_10,2373,600.0,647.6313542583955,42.0,46.01717685913974,11.0,8.97778857353445,51.0,47.918941960919945,20.0,16.516730858037377,20.0,29.16617065065641
template_projection,ridge_10,2374,500.0,886.0122168612081,2.0,7.938338059494306,2.0,-2.257022852442544,33.0,28.949154663830658,30.0,45.23326540367847,63.0,64.49576363880453
template_projection,ridge_10,2375,600.0,730.4259761943741,73.0,75.77994458555904,14.0,14.204203870156048,54.0,55.465341104381174,50.0,98.54199077096993,185.0,146.74570377289143
template_projection,ridge_10,2376,400.0,302.0688671362126,67.0,65.21639114410188,2.0,4.273570763875677,4.0,8.903297153491884,13.0,0.6225988508389548,13.0,11.749904296916654
template_projection,ridge_10,2377,100.0,55.961234214932574,57.0,55.9558767273539,5.0,6.868839359860557,9.0,8.300594181617619,7.0,-2.2525715990408344,9.0,13.232026143268072
template_projection,ridge_10,2378,400.0,413.1152544748386,54.0,60.796110523250135,14.0,10.136913466098893,12.0,13.15636409620916,31.0,25.04767417857294,31.0,40.15600904225133
template_projection,ridge_10,2379,200.0,746.7625897389019,103.0,90.886994178392,2.0,-2.567017151335376,9.0,6.42789104597253,16.0,14.516746610197302,16.0,31.53334481114605
template_projection,ridge_10,2380,300.0,279.36931604104916,38.0,45.8591443659803,3.0,3.0424920252408043,6.0,8.766734431628855,5.0,-0.8882986928032466,13.0,7.235277015527529
template_projection,ridge_10,2381,400.0,605.0821318250764,49.0,40.76809342329946,2.0,10.382909590745838,13.0,2.7060260587707745,10.0,0.013919370902343076,10.0,6.006887572692591
template_projection,ridge_10,2382,700.0,628.5140010009054,36.0,34.68147198453957,2.0,3.4573990977658244,15.0,18.021795133815537,60.0,59.2142213463479,90.0,84.83153672575139
template_projection,ridge_10,2383,3700.0,3701.308045544116,2.0,6.120194675778372,82.0,78.65124312376601,87.0,84.01885614132442,117.0,162.71548531216732,201.0,183.85582579973325
template_projection,ridge_10,2384,300.0,349.3341688824413,58.0,54.69546736432007,2.0,3.5708113439815783,20.0,20.963632241876862,11.0,10.39431859321843,26.0,23.10048703821687
template_projection,ridge_10,2385,800.0,773.5504605560079,6.0,4.700038378233927,2.0,1.5210050918199833,54.0,53.43302268284827,25.0,20.27239656376809,25.0,31.90601861247353
template_projection,ridge_10,2386,2800.0,2775.9439847747244,2.0,7.542066292843572,27.0,24.333630733024965,106.0,104.60961724089748,157.0,146.7577155330606,160.0,170.48935841681703
template_projection,ridge_10,2387,300.0,435.75975711556134,31.0,27.52498466483316,7.0,7.9711091261333475,36.0,36.81800678210212,3.0,-3.5584184656760556,5.0,18.087506942521443
template_projection,ridge_10,2388,800.0,652.7817335049706,175.0,179.46658668107386,2.0,2.2949038866562823,22.0,19.27624261722089,67.0,68.25853062915684,101.0,93.28838039471766
template_projection,ridge_10,2389,2700.0,2762.1047594225683,19.0,20.60890858603026,48.0,46.27657668430261,83.0,83.41252695738811,122.0,120.46114098993361,136.0,137.5148514006025
template_projection,ridge_10,2390,1100.0,913.624544483897,62.0,88.21214623051021,2.0,14.039636138482484,69.0,49.977877436233584,88.0,58.701660575760854,89.0,56.40420192286815
template_projection,ridge_10,2391,700.0,616.7881711594584,132.0,126.09490033580495,3.0,6.544398475000817,44.0,44.724487626017016,81.0,67.95847206237346,97.0,96.99421029053147
template_projection,ridge_10,2392,1400.0,1691.603375998899,18.0,19.060134422856216,36.0,34.03130794373536,152.0,143.626680943457,159.0,135.688827764581,159.0,187.59265577345064
template_projection,ridge_10,2393,300.0,376.08496725883344,81.0,79.20103688794563,3.0,2.428110820230664,9.0,11.387145562276991,9.0,10.983911874299181,25.0,22.495092958768993
template_projection,ridge_10,2394,1700.0,1887.6094760867952,28.0,37.3224024908353,19.0,15.659229027821223,81.0,84.24325479785101,238.0,201.84656894337672,238.0,258.42231338487994
template_projection,ridge_10,2395,900.0,1018.8848594642845,52.0,58.424562858221734,34.0,28.705021796034785,37.0,35.890682513470026,23.0,23.378029346898217,25.0,37.85972154073859
template_projection,ridge_10,2396,1100.0,1207.321118093596,1.0,4.567614465059094,5.0,5.1590511875359475,74.0,84.8862527583901,63.0,79.9693941181521,123.0,102.61959812861184
template_projection,ridge_10,2397,1000.0,708.8313495346144,94.0,104.11756567262283,12.0,12.343716388261416,3.0,-3.9163605039659615,32.0,43.56418153451841,55.0,49.615550769086596
template_projection,ridge_10,2398,400.0,366.3075267251429,81.0,80.58256200055116,13.0,11.019577732024487,10.0,9.805761215412673,13.0,3.2859979613986496,5.0,17.107440009824387
template_projection,ridge_10,2399,500.0,631.5828076272544,7.0,8.672298172612209,5.0,2.7813138931098944,62.0,60.12911722604956,21.0,25.449523372877437,41.0,42.56767829535381
template_projection,ridge_10,2400,2000.0,1666.3427461752276,20.0,56.4691635463681,53.0,48.19427204173609,54.0,40.59758250619597,173.0,185.84334982367824,268.0,231.6534859418439
template_projection,ridge_10,2401,600.0,727.2544924807281,73.0,79.39089640472027,27.0,24.535350873230815,36.0,37.68454275780917,75.0,81.02405290552792,123.0,117.45223528475644
template_projection,ridge_10,2402,1900.0,1863.8534076356186,4.0,7.1601662840208675,28.0,25.69023695519705,82.0,79.72391667792567,84.0,93.56767462932933,116.0,116.02962137363787
template_projection,ridge_10,2403,1600.0,2041.498663421364,6.0,-21.072825933039027,7.0,16.059357378795156,101.0,104.07494128777368,118.0,115.21954913506922,157.0,142.2453205769462
template_projection,ridge_10,2404,700.0,713.7604269543182,21.0,21.01353465064416,2.0,1.5227245562915215,44.0,42.84521727115714,32.0,26.096903761067864,32.0,39.64282027023751
template_projection,ridge_10,2405,800.0,485.5852823335848,33.0,32.31927825748889,3.0,5.838187978458034,37.0,37.52897313708652,69.0,47.11501064800114,69.0,79.56986282248991
template_projection,ridge_10,2406,1000.0,940.0911275859969,165.0,156.25928057249325,32.0,34.8753142270162,32.0,33.36218651847163,99.0,109.15298370419869,164.0,154.7714800604183
template_projection,ridge_10,2407,400.0,590.6561751940594,70.0,60.55931633720977,5.0,7.847459749361183,21.0,21.401212658556695,18.0,49.39247411597928,106.0,74.78628770163465
template_projection,ridge_10,2408,2600.0,2808.6198262890994,4.0,18.66297006869607,38.0,35.09197309227521,76.0,72.61416228558565,113.0,109.4875005679132,117.0,121.9533199193499
template_projection,ridge_10,2409,200.0,285.62946567986444,89.0,91.11337091307054,2.0,1.0231521657409814,2.0,4.164730776743461,3.0,4.924586608271213,18.0,15.515403063787957
template_projection,ridge_10,2410,500.0,607.2183352416635,170.0,169.03515461164497,5.0,6.4073030264893465,30.0,27.939436701515973,13.0,49.75940549912778,114.0,86.47379594019957
template_projection,ridge_10,2411,1100.0,1207.0595770084544,68.0,71.32107731977834,20.0,19.858686253370863,43.0,43.245930129814134,105.0,110.17488328563786,156.0,147.67750883538116
template_projection,ridge_10,2412,1700.0,1308.006988939192,28.0,8.255954548806045,4.0,3.4556633003372834,76.0,82.21690083301034,152.0,138.860231578568,170.0,191.92452930183026
template_projection,ridge_10,2413,900.0,811.4614780322423,2.0,7.172537556026889,2.0,-0.7979873553671073,42.0,41.39213883229556,23.0,18.393963514128366,23.0,29.251281574349548
template_projection,ridge_10,2414,600.0,613.5680469469304,31.0,31.214920196264412,9.0,8.553380406432762,36.0,41.08425129311097,30.0,46.45993587239858,86.0,70.92793397916523
template_projection,ridge_10,2415,1900.0,2066.409047728658,19.0,21.914870761493596,4.0,-0.8069503581727151,74.0,75.10430330080635,270.0,244.26368552063664,273.0,302.4433305816789
template_projection,ridge_10,2416,400.0,431.1253547464397,53.0,53.53448590897398,5.0,5.074556018200585,18.0,24.42408825111584,11.0,30.17035469313349,72.0,53.468194796505394
template_projection,ridge_10,2417,200.0,174.11295475742418,77.0,68.30811833919532,4.0,-0.03549229717916802,11.0,9.607770359102894,9.0,6.911724448134407,10.0,30.890283892073782
template_projection,ridge_10,2418,800.0,740.9386015159884,117.0,109.84470909730317,2.0,4.022047099114589,35.0,35.56541655666698,53.0,52.6913115957304,73.0,74.72976633194986
template_projection,ridge_10,2419,900.0,1327.6172053787384,2.0,9.235896084115751,3.1416,-13.878045845569728,50.9144,50.47238804603328,130.0,100.435423673635,73.0,130.72430101875975
template_projection,ridge_10,2420,1300.0,1461.0923959954835,2.0,2.1408361423649893,18.0,23.870146885132883,79.0,82.15678277547738,100.0,85.84719843477426,131.0,121.15119980165784
template_projection,ridge_10,2421,1300.0,1804.841444074424,68.0,95.24048505475464,31.0,15.835611699923392,72.0,82.72177148790618,85.0,90.4187119080139,111.0,104.0755605301998
template_projection,ridge_10,2422,900.0,787.6042243628,64.0,61.1354883921092,2.0,2.033165644142711,66.0,66.85681044576,49.0,55.437350341078925,87.0,86.60216175518168
template_projection,ridge_10,2423,2500.0,2489.9799034195357,2.0,3.1559140412676996,38.0,36.98607113237082,79.0,78.05976372694246,134.0,124.2203657740773,134.0,143.5150436287914
template_projection,ridge_10,2424,1100.0,1114.5732901710544,2.0,-0.8099151145541583,5.0,9.948129299958879,109.0,110.71500265153259,58.0,93.04954273500928,180.0,137.5137024744941
template_projection,ridge_10,2425,800.0,962.5419816038452,2.0,6.662877036316772,9.0,7.057318583009398,82.0,78.53512856696665,77.0,81.46473543353106,116.0,116.93848097182884
template_projection,ridge_10,2426,2000.0,1833.0228898569806,2.0,5.162457729543895,26.0,23.124484724807374,82.0,81.42121824856395,165.0,155.39659666492219,178.0,194.6019246278658
template_projection,ridge_10,2427,300.0,179.63064655979883,100.0,86.17074658541344,2.0,4.885359067641739,13.0,-0.6442521023608094,3.0,5.3210457450242785,15.0,39.42453726602288
template_projection,ridge_10,2428,300.0,190.95326001498893,101.0,91.73508842259922,2.0,4.307336986817971,11.0,13.859962016582735,12.0,4.489830466364623,12.0,15.177766060937898
template_projection,ridge_10,2429,500.0,412.7726730028585,103.0,104.80848011513388,4.0,4.952114355679974,24.0,22.18504014912024,20.0,13.160902901659796,24.0,28.69126330308319
template_projection,ridge_10,2430,600.0,501.9113667687494,2.0,38.8452652868434,2.0,-0.40827038357889656,51.0,35.3721968618799,15.0,26.04328687869522,33.0,30.7258353801968
template_projection,ridge_10,2431,1800.0,1599.7332113191906,103.0,93.20587546254558,9.0,12.066219862902717,35.0,37.30221805562866,80.0,72.55490789283354,80.0,83.2429420063776
template_projection,ridge_10,2432,2700.0,2956.025969537024,57.0,48.88119931438698,66.0,69.50124628836285,127.0,119.86391252078275,238.0,216.29272041256576,251.0,265.9646590446588
template_projection,ridge_10,2433,700.0,719.7575001384912,79.0,79.3569262702504,8.0,8.097816321706947,12.0,13.71561364971857,32.0,50.583268455474546,86.0,70.50464648824355
template_projection,ridge_10,2434,400.0,686.1719443072031,7.0,16.51775103306897,4.0,5.848762515572341,56.0,55.41432214313998,18.0,28.05274742818552,69.0,45.7209178181525
template_projection,ridge_10,2435,100.0,313.3636087803934,86.0,92.86032061841249,2.0,-0.9615755278028306,11.0,6.603574549289007,8.0,37.22154310477455,86.0,77.53595450629601
template_projection,ridge_10,2436,1100.0,16.46933608859763,31.0,-4.695441506879462,45.0,48.17228057227648,61.0,53.63968084871347,62.0,75.74739781333119,95.0,126.68932077206806
template_projection,ridge_10,2437,1200.0,1619.357117060973,9.0,41.78924512257901,4.8552,-15.473912148299634,78.4246,67.69554862295382,60.0,88.4025977567691,60.0,100.87836701904223
template_projection,ridge_10,2438,1100.0,1029.8137389960234,167.0,154.394357651123,12.0,15.276497869508296,33.0,36.34169075012974,111.0,88.47621489659153,111.0,125.96915047510227
template_projection,ridge_10,2439,2000.0,2241.1136258779943,1.0,3.1215005238101554,15.1368,16.081268069048996,97.3122,96.80230019883581,178.0,169.95158940181562,208.0,207.5831884714911
template_projection,ridge_10,2440,300.0,239.05482342905418,102.0,101.58769079623664,2.0,-3.398233007192294,12.0,10.573141428316866,13.0,40.84565765414554,62.0,61.118089936571074
template_projection,ridge_10,2441,400.0,340.53318125638714,102.0,104.67523381064791,6.0,-7.103684311814986,4.0,6.553290775242594,16.0,23.108171500333484,16.0,38.22995912325004
template_projection,ridge_10,2442,700.0,524.4222390067414,29.0,67.15882752660174,2.0,-25.53322698393537,47.0,36.55998983032756,19.0,63.59929810590151,19.0,55.73561877026718
template_projection,ridge_10,2443,200.0,164.90914844852364,70.0,65.80864092035739,4.0,6.679957845154833,13.0,15.651301280873575,10.0,11.329084742326188,38.0,29.346431323135263
template_projection,ridge_10,2444,900.0,727.2218560589783,33.0,33.3769518592627,2.0,7.190240253077777,32.0,27.008762902297768,71.0,47.62107135191124,71.0,81.95675355490962
template_projection,ridge_10,2445,800.0,727.2075484668266,29.0,45.30373298878548,5.0,3.801172624165485,45.0,33.703419652899896,28.0,34.476921540550684,44.0,51.517040907783354
template_projection,ridge_10,2446,1100.0,1545.44273915316,34.0,59.37696045330558,50.0,35.50513814117484,75.0,72.5910977787211,63.0,66.69343401686342,69.0,89.9861403325379
template_projection,ridge_10,2447,700.0,554.1657008256122,223.0,215.03038276406878,10.0,10.002729932536184,14.0,12.340009242638004,47.0,45.74794967260031,56.0,66.32893849841984
template_projection,ridge_10,2448,600.0,680.9102912693471,137.0,139.95220701481816,13.0,10.640921597724159,23.0,21.286373442335375,69.0,52.459881411726414,55.0,72.84733038871872
template_projection,ridge_10,2449,1300.0,1673.2263355492414,25.0,-15.65603957526335,12.0,19.059301913891264,107.0,119.78487354226954,95.0,114.03168123807146,180.0,164.71779275817008
template_projection,ridge_10,2450,2400.0,2225.343050351571,2.0,-6.3559929523339775,31.0,32.38955710976361,65.0,68.11853840535684,94.0,90.42542683078825,94.0,95.2730305727539
template_projection,ridge_10,2451,3100.0,3220.8814466665535,10.0,14.398773024614663,73.0,67.44651831322857,139.0,134.3365117180487,180.0,190.71628268350628,220.0,231.97963220347413
template_projection,ridge_10,2452,1900.0,1925.8754341145884,2.0,4.702966577869411,2.0,2.5140984917578564,83.0,85.25446737951187,155.0,134.88317416574327,159.0,166.81824999930527
template_projection,ridge_10,2453,700.0,795.5838511119653,41.0,45.4895435424672,28.0,26.9688291174376,56.0,55.0367211269021,47.0,59.06749862909975,101.0,92.56748147856467
template_projection,ridge_10,2454,1400.0,1431.542287448122,5.0,4.708077453774436,2.0,2.372060045952029,52.0,49.95876030838949,81.0,72.27435125448652,81.0,87.0226288421067
template_projection,ridge_10,2455,600.0,685.5882794056581,60.0,51.432767911863124,30.0,30.12083687970324,94.0,90.85026515551644,56.0,84.31064491763149,121.0,114.27043859350972
template_projection,ridge_10,2456,700.0,594.3463947995737,69.0,65.18756472515655,7.0,6.515522932835594,61.0,58.86333953302242,55.0,59.89153688467181,85.0,94.88153095690146
template_projection,ridge_10,2457,500.0,425.53509120449326,35.0,33.63648304077333,2.0,1.0421215067336025,31.0,44.79582060033627,16.0,9.802314504478701,16.0,19.039550796602484
template_projection,ridge_10,2458,1500.0,1321.0647046137028,29.0,37.19909941255586,7.0,3.2153813856315985,21.0,25.75997040398763,155.0,105.1025814624596,102.0,135.1590411109037
template_projection,ridge_10,2459,300.0,307.5719954944043,2.0,10.047063779124983,2.0,-1.2689583588432232,60.0,57.410637877413066,8.0,19.246275755416008,37.0,36.81350922691995
template_projection,ridge_10,2460,200.0,-88.43593445722581,103.0,112.73942069582046,2.0,-3.709468395873122,9.0,14.296832103846619,7.0,6.396592557053751,7.0,35.36882293675404
template_projection,ridge_10,2461,600.0,618.4048142845048,42.0,45.3872152399019,4.0,3.3916381094269585,48.0,45.034714097735645,43.0,32.86068519044279,43.0,51.51312891388562
template_projection,ridge_10,2462,1500.0,1473.3318886858779,67.0,66.04373289891399,2.0,2.9249038512489687,40.0,40.305106024167365,158.0,134.77082089874597,158.0,170.45261584313653
template_projection,ridge_10,2463,1100.0,699.6849733308288,4.0,-7.711213335300499,6.0,9.011948029772558,49.0,44.18774154311267,62.0,54.781224434538714,62.0,77.0687945530099
template_projection,ridge_10,2464,1100.0,1634.007036592425,84.0,83.09810640795948,23.0,33.17055003823768,46.0,57.22559392896313,52.0,56.8266104073365,92.0,61.753350811786525
template_projection,ridge_10,2465,1400.0,1375.9069766590892,95.0,89.93830186616474,2.0,4.841317293605938,51.0,52.20593602978478,180.0,157.32373955089122,196.0,205.23794268954242
template_projection,ridge_10,2466,900.0,874.8972156393726,16.0,-2.276078495211756,5.0,4.751123894114533,65.0,63.32874743603496,154.0,129.28220416717483,154.0,190.99475314689113
template_projection,ridge_10,2467,700.0,790.2534830887482,45.0,45.57418979414582,2.0,1.8909583414327074,59.0,57.998582719412504,27.0,40.55558190282705,72.0,63.036791988356796
template_projection,ridge_10,2468,600.0,525.8095925102245,13.0,11.78015256653238,3.0,7.549888670800621,76.0,72.97250235915972,20.0,31.939279896128866,83.0,61.16363508125332
template_projection,ridge_10,2469,500.0,462.1698994036327,115.0,111.08493289520462,4.0,4.9889109184664076,36.0,35.45072226439514,48.0,44.65830026788995,65.0,70.0465205287235
template_projection,ridge_10,2470,1700.0,2183.5558442232436,12.0,22.842717664031937,55.0,50.51945579624009,76.0,47.47579031465637,199.0,204.72877006612816,209.0,233.7725442609975
template_projection,ridge_10,2471,1700.0,1846.654305502486,14.0,16.665520605822167,28.0,26.333101271061437,97.0,98.25066376625816,177.0,162.38132327237605,203.0,207.66495093893943
template_projection,ridge_10,2472,1700.0,1729.2913152429537,2.0,-19.457818005725528,20.0,25.079463556581207,67.0,65.39544343214408,70.0,82.0090442237459,84.0,89.85467738758895
template_projection,ridge_10,2473,1800.0,1808.559456251206,14.0,15.145378357421777,21.0,19.11360879312554,88.0,87.24070340449124,124.0,134.78886542927413,174.0,172.07195818065097
template_projection,ridge_10,2474,300.0,207.7774322596838,78.0,69.3324859413863,3.0,6.1538834364733415,7.0,7.917650519263454,18.0,2.8246891207513016,6.0,14.715489373000992
template_projection,ridge_10,2475,800.0,756.5498082329818,82.0,87.96085687827278,16.0,17.79004188346124,44.0,50.37203842041531,130.0,97.70598688295735,130.0,123.13513809421195
template_projection,ridge_10,2476,600.0,810.9458940407952,2.0,9.3412174025053,3.0,1.9318656782555799,38.0,35.5639452932453,26.0,26.95479901857815,46.0,46.91644740525862
template_projection,ridge_10,2477,900.0,1042.6235102223166,2.0,-9.546693110026553,2.0,4.913656879999369,75.0,67.59820908802217,41.0,48.8993739634552,74.0,67.43132074871278
template_projection,ridge_10,2478,800.0,613.7807079211616,107.0,106.48675035624666,2.0,-1.3914586002674856,21.0,27.221090686212,45.0,30.620220331837018,45.0,56.96518860487447
template_projection,ridge_10,2479,700.0,189.77879297389018,219.0,190.15412520515764,12.0,19.1569118079559,19.0,19.234324571525114,34.0,43.80595892819739,73.0,75.05022340042447
template_projection,ridge_10,2480,2100.0,2436.9873223991817,4.7124,21.049047433598396,101.0,88.46967120194495,85.0,83.73272622042978,126.0,104.56324860188845,102.0,137.71517961257058
template_projection,ridge_10,2481,300.0,708.4119912649177,53.0,40.505924984815195,12.0,19.264096660502705,6.0,3.2891737784269637,9.0,22.581121183516387,18.0,-5.590698760693158
template_projection,ridge_10,2482,2100.0,2229.3185577213508,2.0,46.41378474743843,52.0,50.6603485385311,99.0,105.45896816881739,95.0,94.4241081139887,132.0,112.00743897363125
template_projection,ridge_10,2483,1500.0,1412.890982188838,2.0,6.0303127915212755,5.0,4.098665309917402,36.0,35.127961375999824,37.0,36.63312324407455,37.0,38.461557775022655
template_projection,ridge_10,2484,800.0,817.1766512734736,46.0,49.606054898514806,12.0,11.428676285318119,61.0,58.44266609251686,33.0,28.248369109889403,37.0,38.35125030479348
template_projection,ridge_10,2485,800.0,1016.8201334400724,15.0,31.271271537013302,11.0,7.78399937367052,82.0,78.94483602528989,47.0,67.93683402484449,111.0,98.74839588691256
template_projection,ridge_10,2486,1800.0,1029.2515163266721,225.0,195.37945728143342,2.0,21.37883630800188,34.0,23.63622325860389,109.0,77.89051093672259,109.0,107.75459757507579
template_projection,ridge_10,2487,800.0,835.524178025459,19.0,21.89283688429775,2.0,1.2626742789566912,52.0,49.71551074074074,39.0,32.414993987334135,39.0,44.82014545542474
template_projection,ridge_10,2488,300.0,262.19470825266774,24.0,26.713410458783407,2.0,1.309877666159629,6.0,8.001117948041937,10.0,8.405395422985492,24.0,21.998443479139013
template_projection,ridge_10,2489,700.0,662.4468870341476,68.0,77.12581424999928,2.0,-0.6947085087436395,16.0,18.37792228904612,92.0,73.20333032082432,92.0,102.08675155942824
template_projection,ridge_10,2490,600.0,865.5827962848122,64.0,47.800665112859505,24.0,24.534203538188365,42.0,40.6518515471605,54.0,68.13563615182838,101.0,105.92051307559264
template_projection,ridge_10,2491,500.0,539.7801672815224,112.0,106.2115531928261,5.0,6.751230884745073,28.0,31.113330621286707,42.0,49.92542953313139,92.0,81.23927581615035
template_projection,ridge_10,2492,1000.0,1263.9380318101855,23.0,11.133784854331616,40.0,32.3505841194093,83.0,82.71652768677882,120.0,120.54381478102795,130.0,159.93848762517675
template_projection,ridge_10,2493,300.0,285.76341137605675,81.0,81.28361233891204,2.0,1.6179528676264887,5.0,6.106472331590055,9.0,3.1902882508792487,9.0,12.762141370613719
template_projection,ridge_10,2494,700.0,486.9385509404367,197.0,174.6597812856108,3.0,12.189201035501757,22.0,28.01592624766618,146.0,117.83578989085642,165.0,174.3251557973564
template_projection,ridge_10,2495,600.0,493.9992696515867,113.0,99.51751087937446,2.0,5.262043760484065,24.0,26.746876656563934,55.0,43.462384415635995,55.0,65.35345735027005
template_projection,ridge_10,2496,800.0,777.7527477348381,40.0,39.793141450849006,6.0,6.230247440550425,34.0,34.14224201667193,64.0,53.24879257034855,64.0,72.05527916427636
template_projection,ridge_10,2497,700.0,1004.7734503475011,151.0,163.9299461146386,3.0,1.2248912131147875,11.0,27.592469063695262,69.0,60.83850104403187,82.0,60.39548167903077
template_projection,ridge_10,2498,500.0,553.1225008771191,83.0,86.13951085637382,2.0,1.4303091743209873,17.0,23.165609745307123,7.0,50.534022328958855,113.0,77.10415420995032
template_projection,ridge_10,2499,1200.0,1378.8065616574497,24.0,28.513252438061638,18.0,16.97097192764828,85.0,84.51957854763279,79.0,123.80466211707937,202.0,170.49020879946463
template_projection,ridge_10,2500,2700.0,2560.5975096753364,5.0,6.481252671037886,28.0,28.399683466032414,84.0,84.4603603971272,80.0,106.96518812334638,142.0,121.6444279929629
template_projection,ridge_10,2501,5900.0,4875.049893663849,2.0,30.90777879403164,55.0,61.30398678782271,153.0,173.26999932328283,323.0,274.0247224249024,346.0,300.7257480122116
template_projection,ridge_10,2502,1600.0,1643.3423633730222,22.0,12.824400342367404,29.0,35.307972460414575,67.0,67.20132228723017,63.0,54.94560574184213,82.0,71.82016211514306
template_projection,ridge_10,2503,1400.0,1379.992374210312,2.0,2.926366034092659,3.0,4.3054271334098,53.0,52.0106985738491,91.0,80.37298263343632,97.0,101.73420822360906
template_projection,ridge_10,2504,2200.0,1987.4431776118518,2.0,-26.82699484368426,12.0,19.3616596187004,81.0,83.11137051897023,84.0,78.87867527415575,86.0,93.71816069171456
template_projection,ridge_10,2505,200.0,294.96545346911387,72.0,68.61585357933541,2.0,1.9075377566284004,7.0,9.988337860034243,10.0,2.1790895344288543,10.0,13.448160085032114
template_projection,ridge_10,2506,1500.0,1665.7844566630156,45.0,45.97857343498035,24.0,21.88888907975678,93.0,90.98469901782536,229.0,189.26327620909922,229.0,257.36182035480044
template_projection,ridge_10,2507,700.0,723.4153236716936,29.0,28.86546139515968,2.0,3.3034168573482994,44.0,45.21061251088045,42.0,44.12705102143501,77.0,69.47871699351117
template_projection,ridge_10,2508,600.0,1274.3061576528276,6.0,25.729775419157853,5.0,1.0656539013649517,94.0,77.3131301765412,52.0,68.12786394447937,94.0,87.43360348305588
template_projection,ridge_10,2509,900.0,1087.7209052589988,183.0,161.81543100935767,13.0,12.990051137322668,36.0,20.93512792894254,92.0,91.20464309604684,101.0,139.9847583687063
template_projection,ridge_10,2510,200.0,39.57590085257084,83.0,58.90490308841027,2.0,9.303681014427584,15.0,19.376758568209507,3.0,-3.137509745933613,19.0,13.050934019020133
template_projection,ridge_10,2511,600.0,654.8912954463054,2.0,0.029567298378523788,3.0,6.684749771044304,63.0,61.47345408251761,17.0,11.584427345667834,24.0,22.94727587716497
template_projection,ridge_10,2512,600.0,632.7966367550416,168.0,149.50227457058875,2.0,6.9623470678802715,22.0,24.168469316093905,34.0,30.555402607008958,47.0,39.74105616578943
template_projection,ridge_10,2513,400.0,203.2237690848974,18.0,25.034926625514395,4.0,-1.9406352607383983,54.0,51.9918385873644,30.0,22.26769179684581,30.0,51.9911917190601
template_projection,ridge_10,2514,1500.0,1462.859127969266,80.0,75.24193654139009,2.0,3.292423681753762,58.0,58.7347538762715,165.0,141.2142634312422,165.0,180.44148632239458
template_projection,ridge_10,2515,500.0,579.6075226774464,132.0,130.21380606833623,18.0,18.072118592424413,32.0,32.59070795051927,84.0,70.09676072278043,95.0,104.19677360530339
template_projection,ridge_10,2516,700.0,716.1649919565816,1.0,1.1449959739695217,6.5688,7.823497145809031,120.1005,115.13708227067968,65.0,78.72327863958287,132.0,125.34023443548114
template_projection,ridge_10,2517,700.0,750.9601842877686,15.0,33.22684300635571,2.0,-9.41910789709692,59.0,51.2929532078166,35.0,49.59825388923171,35.0,50.6961756296376
template_projection,ridge_10,2518,1100.0,1151.2069975141158,93.0,105.75511012484633,39.0,34.95795347555001,30.0,29.349095924835705,55.0,61.47049642033959,78.0,76.3444275677727
template_projection,ridge_10,2519,3300.0,3162.0998583709957,16.0,21.357892194707752,71.0,70.06633187663587,114.0,113.45562600959191,163.0,137.9621897520331,157.0,158.89173467310115
template_projection,ridge_10,2520,4000.0,3784.5259091414728,2.0,-6.984047505506425,5.0,9.714173980484091,103.0,106.69370848590887,257.0,261.3613687752571,315.0,302.4550791007555
template_projection,ridge_10,2521,300.0,104.21867731363614,75.0,79.9304221755182,4.0,0.5475163936267347,3.0,8.435718490735852,10.0,4.918893559798306,10.0,12.63947466678141
template_projection,ridge_10,2522,500.0,435.88545199289445,145.0,138.24089932862216,6.0,7.36561426881447,16.0,15.707280960780508,21.0,15.79666648361642,24.0,30.19512062325761
template_projection,ridge_10,2523,2200.0,1992.210334441791,3.0,6.310796192600272,3.0,-0.27993152311197456,62.0,62.733204938852,201.0,190.32753479374674,212.0,229.82251568726872
template_projection,ridge_10,2524,200.0,298.16876257487945,57.0,62.690792836380005,2.0,-0.08091272097991187,15.0,19.997750451039348,8.0,2.15986523982977,8.0,6.665626986474464
template_projection,ridge_10,2525,300.0,311.6465108974643,42.0,44.738749175974625,2.0,1.2573540772975402,19.0,19.3477529970447,9.0,2.8907588869080882,9.0,13.040503731213278
template_projection,ridge_10,2526,200.0,270.1682227902038,80.0,81.32900826482778,10.0,7.52121088629738,9.0,9.367355648745182,20.0,13.84782250698548,20.0,27.210271026058507
template_projection,ridge_10,2527,3400.0,3447.5359842449307,2.0,9.370698962038936,66.0,64.12362106130252,116.0,115.83834412093458,176.0,211.96369361323008,277.0,250.9125267664169
template_projection,ridge_10,2528,300.0,345.3607863431471,55.0,58.382899084384455,2.0,1.1358367173688624,12.0,9.873288875274568,4.0,4.464568423985028,5.0,9.346856936808976
template_projection,ridge_10,2529,200.0,123.22327799973891,61.0,59.132930845937864,2.0,2.218108915330065,8.0,9.380548422244466,9.0,1.8994330200524416,9.0,13.14735474415103
template_projection,ridge_10,2530,1300.0,839.2703125099038,31.0,-0.7697021739208125,6.0,24.156864595120997,67.0,80.475399884626,138.0,114.37164956345066,178.0,157.96128058225725
template_projection,ridge_10,2531,500.0,462.39022842482177,69.0,79.86957333950271,3.0,-3.3495473311400854,35.0,36.34765325373029,13.0,7.013547931362396,18.0,28.663530849216755
template_projection,ridge_10,2532,400.0,415.16877495890515,51.0,52.93013809578926,4.0,5.376977654533906,2.0,5.046031754904234,3.0,28.33358326371831,76.0,49.24704442945566
template_projection,ridge_10,2533,500.0,854.6471631344031,18.0,25.48272269328649,7.0,10.007809341470496,82.0,82.09347846312312,32.0,37.351113974444466,78.0,47.69128753317014
template_projection,ridge_10,2534,400.0,366.79478575875567,41.0,56.460425681734066,3.0,-3.4205290397558006,39.0,50.925223363643724,14.0,22.043860624026983,46.0,31.1535541533068
template_projection,ridge_10,2535,1700.0,1920.9072250133881,21.0,35.225841158672566,17.0,12.524112781630869,49.0,53.41388650587764,30.0,68.81109184825938,101.0,78.61954885566414
template_projection,ridge_10,2536,900.0,874.8181405779926,164.0,155.28687548272768,11.0,12.042150073134346,19.0,19.28201862892097,55.0,47.24359218490201,55.0,63.62134716978027
template_projection,ridge_10,2537,500.0,-218.6016307305133,7.0,-31.785260294404708,3.0,19.871855124856545,107.0,93.86530235944275,38.0,35.26911721780526,78.0,82.66364426149396
template_projection,ridge_10,2538,3400.0,3548.4044685110575,13.0,12.569412868995173,57.0,55.23176594690867,194.0,186.57797324568463,309.0,276.8223875213476,309.0,343.8035735451947
template_projection,ridge_10,2539,400.0,343.05504977123144,44.0,46.290847484345775,4.0,3.741543818573559,17.0,18.05323249587255,17.0,8.988786088922907,17.0,20.93935505200068
template_projection,ridge_10,2540,1500.0,1170.5079868208627,13.0,15.66551345613452,17.0,18.530908086217874,65.0,68.61791492923308,49.0,56.19146249005897,78.0,65.69511036889519
template_projection,ridge_10,2541,400.0,311.1546678421121,116.0,113.12418930480787,2.0,4.129349220795648,19.0,18.794009278168442,22.0,31.082907438515967,65.0,58.569360251948
template_projection,ridge_10,2542,2500.0,2587.865223532335,34.0,33.510091554496704,34.0,34.56432530407529,90.0,90.80501100575523,77.0,110.18232286065084,168.0,136.43176230889978
template_projection,ridge_10,2543,800.0,821.1687221294947,3.0,2.126473726307495,3.0,3.539805145714487,52.0,51.57565654240897,25.0,32.874043055133676,52.0,47.81757864007228
template_projection,ridge_10,2544,200.0,346.760405948267,35.0,40.743359795874916,3.0,2.2132206349928527,32.0,37.345201414196005,11.0,10.800154077539503,30.0,27.32260369556404
template_projection,ridge_10,2545,1400.0,1038.559596066256,185.0,167.26943250441323,17.0,28.19642153464263,59.0,63.10132311014952,102.0,105.82843368153883,148.0,136.60439165152462
template_projection,ridge_10,2546,1100.0,1781.9545485332542,64.0,71.77479138750108,57.0,55.01780368782654,47.0,42.93810485026947,65.0,57.27156685529082,88.0,88.57121443676331
template_projection,ridge_10,2547,1900.0,2040.9005233509718,1.0,-5.6566013832891855,7.0,10.040359173405193,120.0,120.68520821688901,97.0,154.77683166553945,247.0,203.15757259974578
template_projection,ridge_10,2548,1500.0,1653.839442598261,11.0,7.0938753737280535,22.0,20.903232919629282,35.0,35.814880292603945,207.0,183.15173998972566,212.0,236.4436858225239
template_projection,ridge_10,2549,600.0,1100.0361509422078,16.0,66.79110896489483,3.0,-1.7556617337457734,41.0,31.804995113604487,17.0,4.526786801249685,17.0,1.9991894198516889
template_projection,ridge_10,2550,900.0,1162.55193957984,32.0,25.52508078707383,14.0,16.076380733730602,52.0,53.36854331705899,29.0,42.86888823580019,65.0,52.192285163298195
template_projection,ridge_10,2551,2400.0,1800.6315032354087,8.0,8.67271489371371,25.0,30.872957697356828,88.0,98.0207221312495,124.0,110.3894827885165,151.0,133.68909044573854
template_projection,ridge_10,2552,700.0,1154.2342298109322,2.0,-1.7747484070359434,11.0,12.889412799837029,146.0,130.43355201597268,67.0,82.30992213314344,117.0,126.8000782108466
template_projection,ridge_10,2553,400.0,7.909477921328744,85.0,77.86737923812922,6.0,10.735832959711745,15.0,16.315473766758757,11.0,-0.7336685923774837,13.0,12.550650184315657
template_projection,ridge_10,2554,900.0,1011.8093400468866,158.0,153.05822487938516,17.0,19.203436558236536,50.0,49.35976299271328,87.0,94.56824432861941,138.0,131.29892713289928
template_projection,ridge_10,2555,500.0,456.94898413745057,45.0,63.263391923439684,8.0,6.881497828164887,31.0,32.27168468134451,18.0,4.792577951495829,18.0,12.93211237578717
template_projection,ridge_10,2556,300.0,465.0459687008786,74.0,98.42000645839738,6.0,1.7629227694380472,10.0,3.453645511882094,11.0,20.980468246362257,38.0,28.36223019009371
template_projection,ridge_10,2557,5300.0,5072.210299016088,3.0,-8.700974955717257,12.0,18.71303966821131,170.0,168.5339302870868,397.0,359.95415887937753,397.0,414.9931961005666
template_projection,ridge_10,2558,700.0,857.8234362900921,38.0,49.87319923065501,6.0,4.302462793084942,25.0,24.29219710439302,69.0,55.434780798547266,77.0,81.44228571562314
template_projection,ridge_10,2559,900.0,799.1483319038746,45.0,93.68162774399707,10.0,-14.025294839213823,40.0,38.02474715046118,89.0,90.97336722306936,89.0,124.28245522397468
template_projection,ridge_10,2560,300.0,1531.6978911875465,68.0,58.889772504817465,7.0,6.808556043529059,9.0,2.592825913433053,22.0,22.26760893061641,51.0,32.45279950823142
template_projection,ridge_10,2561,600.0,616.6202636870397,23.0,14.420216203130593,13.0,14.882236716804634,45.0,43.208218378706185,10.0,13.13966014110592,20.0,25.401688331542786
template_projection,ridge_10,2562,400.0,409.7627921121109,75.0,76.61751401052096,8.0,8.075049203510186,20.0,21.06794260097925,14.0,13.40586834992203,33.0,29.3843329437545
template_projection,ridge_10,2563,300.0,287.4342154720682,73.0,75.09072820047132,2.0,-0.48370814878572865,13.0,14.419976025028056,10.0,20.321218964923126,43.0,40.87084817303261
template_projection,ridge_10,2564,200.0,238.14038354086347,108.0,109.42447601787791,2.0,1.4042802533646341,21.0,20.401512335487045,9.0,9.702621431175046,30.0,28.461901091089516
template_projection,ridge_10,2565,1600.0,1400.0708430823338,2.0,-11.00459692603745,6.0,12.458765022207853,53.0,50.482744585493386,80.0,78.37201823463585,95.0,94.5969096122075
template_projection,ridge_10,2566,1400.0,1627.5940495711357,14.0,16.40220664588506,21.0,13.544911573216009,98.0,102.3349563395746,84.0,137.2636393119003,180.0,170.94533386235918
template_projection,ridge_10,2567,2200.0,2461.260368742146,2.0,4.660512278210753,30.0,27.274317399495608,121.0,120.720880729774,198.0,192.99143585936162,236.0,242.58165306580574
template_projection,ridge_10,2568,900.0,778.0137264289627,41.0,38.648367801762475,12.0,12.129735747188791,34.0,37.05522843028052,31.0,26.981045787921488,36.0,40.86671806354052
template_projection,ridge_10,2569,700.0,922.1852352675231,50.0,53.58125601595094,34.0,25.869603968088754,77.0,73.2633410601543,75.0,82.29945617786798,95.0,113.42704911236255
template_projection,ridge_10,2570,900.0,846.6745319787046,33.0,30.280845864744364,9.0,9.336254752660157,57.0,55.58770462183994,59.0,49.80948899754335,60.0,72.1964312431419
template_projection,ridge_10,2571,400.0,312.00111508908253,47.0,40.878477664532745,5.0,5.545527517458355,26.0,33.18319487224881,8.0,2.0960423450642622,8.0,10.310827875071055
template_projection,ridge_10,2572,1000.0,1698.5747890009156,2.0,14.488075589937417,9.0,4.164223541129475,147.0,126.32236207947614,64.0,118.31078470760707,155.0,148.55410129947802
template_projection,ridge_10,2573,1400.0,1350.7961235126631,21.0,21.142628047715178,4.0,6.70318429016382,56.0,56.180764231013285,182.0,148.15667023689883,182.0,195.1416390041203
template_projection,ridge_10,2574,800.0,772.0462301440843,74.0,79.98981034681762,17.0,15.565397164352397,39.0,41.24723110222369,89.0,69.78899318699524,89.0,99.1173143885998
template_projection,ridge_10,2575,4300.0,3446.452677205296,5.0,1.7232674341349892,70.0,63.8425533355664,112.0,125.08620338019762,177.0,201.79578235219046,241.0,245.70085457060253
template_projection,ridge_10,2576,4400.0,4166.414359165256,15.0,9.175408076740531,61.0,59.40194594356366,103.0,102.6576796706423,82.0,136.87939468030467,154.0,129.1324188226375
template_projection,ridge_10,2577,400.0,379.46948696602294,47.0,50.86232608327814,2.0,0.8463839994781619,16.0,16.47127029162705,12.0,6.393074944058938,12.0,16.526464233587447
template_projection,ridge_10,2578,900.0,1189.7903719520073,54.0,55.11841463701133,2.0,4.210469845600311,80.0,80.2314103909035,61.0,46.05120054864118,73.0,73.26092256369681
template_projection,ridge_10,2579,800.0,795.8874206075242,73.0,68.87955538928112,6.0,7.274428402312008,39.0,41.93461466280569,111.0,103.19313702806767,145.0,144.0210636055948
template_projection,ridge_10,2580,300.0,236.34356121870394,48.0,54.36034066606456,2.0,-2.4240012091017302,17.0,4.719951832787835,12.0,17.432325457206097,12.0,41.2495468195195
template_projection,ridge_10,2581,800.0,756.9974055286258,186.0,187.1293994637589,2.0,-0.28071197903526546,26.0,26.55441783336748,42.0,33.76578214730446,42.0,48.62382610357659
template_projection,ridge_10,2582,100.0,35.2515345769325,57.0,47.027480296189935,2.0,2.6552984993347337,17.0,19.208648441314587,7.0,1.7414401665155594,7.0,16.86271584952371
template_projection,ridge_10,2583,1700.0,1702.3177230402248,2.0,2.6932381400430927,6.0,8.062485961344803,69.0,69.10505834306554,75.0,68.12055033125435,81.0,77.9128293479495
template_projection,ridge_10,2584,200.0,231.13964214987573,81.0,78.26774044894178,2.0,0.5825787205230721,3.0,2.9117908438821374,33.0,24.79153236932246,33.0,42.2519300429399
template_projection,ridge_10,2585,1100.0,1376.3076417400766,30.0,25.746888203412443,8.0,10.2912934231685,59.0,55.39205117429227,146.0,130.15765837062384,146.0,159.52089132850648
template_projection,ridge_10,2586,2100.0,1962.7212232179186,21.0,51.72704244161294,48.0,26.49107512549381,93.0,82.76035069967281,127.0,156.2957718641055,151.0,184.41691655901508
template_projection,ridge_10,2587,1200.0,1200.8502286970238,47.0,47.881657612244,17.0,15.717998095211763,35.0,34.86243863731868,87.0,75.81211627683163,87.0,97.9117625539695
template_projection,ridge_10,2588,2400.0,2417.9378505102322,99.0,98.9000685388205,41.0,38.33798213788664,100.0,99.94663955230074,324.0,276.6898950798677,324.0,359.2366991788012
template_projection,ridge_10,2589,300.0,223.16962816252953,69.0,-1.0345096579332491,8.0,23.37753588531583,37.0,51.52972632269055,17.0,19.054246439690303,36.0,33.5041773540145
template_projection,ridge_10,2590,400.0,24.122845613258278,57.0,50.633131219286945,3.0,9.538213719871248,15.0,14.46517725354682,24.0,17.92780986844253,42.0,24.695362057189385
template_projection,ridge_10,2591,3200.0,3033.9962020331163,5.0,-2.4441656142692096,9.0,13.350904113452103,107.0,107.16254848150302,169.0,175.4185331485171,211.0,201.88624993780024
template_projection,ridge_10,2592,100.0,77.0354026358741,110.0,109.32449203630692,10.0,9.465472532667185,12.0,11.135795472937964,20.0,10.308146302906778,20.0,29.367727647063603
template_projection,ridge_10,2593,700.0,885.4400416235577,194.0,174.63092123474934,5.0,8.444951547055176,20.0,19.386361774668348,31.0,39.523184479721124,63.0,65.70539333686749
template_projection,ridge_10,2594,400.0,128.31232640058238,68.0,64.30166269961938,2.0,3.6665071740538426,49.0,54.322181397974674,19.0,4.493203208716295,19.0,20.765772769872953
template_projection,ridge_10,2595,1100.0,1084.8244663588832,100.0,100.35573120694926,2.0,2.6904697897076684,46.0,45.08367435670801,143.0,119.54728736293627,143.0,159.04969971223926
template_projection,ridge_10,2596,1600.0,1683.5487052301148,204.0,190.38140952535366,16.0,18.413114112558134,26.0,33.276647256034835,72.0,69.07025306523397,83.0,90.00140902514201
template_projection,ridge_10,2597,800.0,704.0244038011705,152.0,153.96535692606028,2.0,1.0204984492436306,39.0,24.537782030271387,48.0,44.37013857655277,61.0,76.11783134585448
template_projection,ridge_10,2598,1200.0,872.2580957597233,162.0,162.5482600633308,19.0,23.822087341391708,29.0,39.44110801971253,69.0,41.020538890907034,69.0,55.38251018152737
template_projection,ridge_10,2599,200.0,205.38465043424776,87.0,90.78483113378508,2.0,1.5635782811564347,14.0,14.155024936328772,5.0,-1.225805380147051,10.0,11.09780098132542
template_projection,ridge_10,2600,400.0,373.9748770268736,50.0,50.00420176530822,14.0,13.383594890945684,17.0,17.308202149085766,13.0,4.678914575746802,8.0,14.842272090849178
template_projection,ridge_10,2601,1000.0,892.6722864576576,5.0,5.504302497796118,2.0,2.6902806360442852,18.0,20.86806196504158,41.0,32.40503980886813,41.0,41.51106715769272
template_projection,ridge_10,2602,3900.0,3579.599794060535,11.0,8.725920678548682,27.0,28.76399050171734,61.0,62.67270013882069,138.0,142.8148698577936,146.0,139.67923064556595
template_projection,ridge_10,2603,2000.0,2210.0205424596124,6.0,13.372329320580818,66.0,62.190754766811,117.0,113.06730106456644,130.0,136.13251594214302,173.0,176.4808688978446
template_projection,ridge_10,2604,1000.0,873.7047765879756,202.0,193.02376735269286,5.0,7.687317768772454,12.0,13.636463400291944,100.0,92.96899578649598,120.0,122.0738684313009
template_projection,ridge_10,2605,1000.0,960.3158995653777,125.0,116.53086495565032,6.0,6.798165369733644,40.0,39.11668260112437,134.0,126.7917610454882,151.0,163.7279919964751
template_projection,ridge_10,2606,1100.0,1099.0680166043906,112.0,109.62137194471558,5.0,5.310993117271842,32.0,33.45103321307729,125.0,114.63141052294228,143.0,150.23999823973597
template_projection,ridge_10,2607,200.0,281.5353849767331,31.0,31.558152735340087,3.0,-2.0817239662420572,26.0,23.966368099185576,4.0,7.090980116376272,11.0,21.416500747118647
template_projection,ridge_10,2608,600.0,-36.385383235939116,136.0,88.03088098289463,8.0,22.423137127111392,20.0,21.17880128289976,77.0,60.94490086193135,91.0,123.95300868973465
template_projection,ridge_10,2609,200.0,398.56659795526184,76.0,91.82684862537289,6.0,9.046182528665693,3.0,-4.014265992509465,26.0,63.03798032341345,119.0,91.20964992545284
template_projection,ridge_10,2610,400.0,410.78235654101445,71.0,89.69015146560994,2.0,-3.3681376618014642,9.0,3.7414328570049378,10.0,23.858247105917208,49.0,40.76836063611333
template_projection,ridge_10,2611,200.0,-114.88901549483171,62.0,46.239265612201784,2.0,12.983592273958337,4.0,18.646244445446605,4.0,-10.755670258411996,8.0,-10.491874153248347
template_projection,ridge_10,2612,1600.0,1206.8654272569456,2.0,-11.008208515989494,14.0,13.133601292885515,126.0,130.04079793196087,118.0,140.64000024517563,189.0,196.25968819880285
template_projection,ridge_10,2613,200.0,48.52490734781077,70.0,86.62742189040195,3.0,2.0168880181544147,6.0,7.125165460775186,13.0,42.59444366705252,111.0,75.89291393976443
template_projection,ridge_10,2614,1200.0,1222.1257123076512,17.0,14.789142063444345,13.0,13.417800165118413,34.0,35.136039108975524,66.0,59.483817883973245,66.0,72.04537969110669
template_projection,ridge_10,2615,300.0,475.64705368811474,71.0,88.82727374295477,2.0,-2.7618792691697944,15.0,13.105535131445393,12.0,5.235648010655666,12.0,9.74956167528083
template_projection,ridge_10,2616,1300.0,1483.539095764043,21.0,26.343439444734184,26.0,23.543145227465835,89.0,86.89042332387007,50.0,53.229947816450306,60.0,62.152372644593456
template_projection,ridge_10,2617,3400.0,3225.0750111489315,10.0,0.5590950847842251,20.0,22.638687296312757,97.0,97.40728314402995,206.0,189.87068191735784,206.0,218.2670371389466
template_projection,ridge_10,2618,400.0,-176.21245126815006,62.0,78.82699705943573,2.0,-13.242068815012667,5.0,9.57510625309137,4.0,2.963177273742616,25.0,19.066165438630577
template_projection,ridge_10,2619,4800.0,4466.335249468587,2.0,-6.717223613437085,12.0,17.12176462704154,99.0,102.34661010531684,238.0,241.36634407222326,272.0,259.7361347717951
template_projection,ridge_10,2620,1600.0,1573.471253814384,8.0,15.323147652692022,8.0,8.947102968818907,51.0,51.25143874335196,193.0,166.83350033886973,205.0,212.2278969711517
template_projection,ridge_10,2621,500.0,647.9490413620232,184.0,223.19642275089015,5.0,8.143650635640991,28.0,46.474765039245064,53.0,23.150574840195738,104.0,39.348585350366804
template_projection,ridge_10,2622,1000.0,1008.4817279922224,12.0,8.851672032872884,8.0,7.493808209661498,79.0,78.16478758985645,46.0,36.9336856595892,46.0,57.64272606063607
template_projection,ridge_10,2623,1100.0,1013.8386048357398,264.0,252.49315411996244,19.0,25.47110064582258,33.0,30.068903401888956,113.0,102.46972054378108,143.0,144.59279305590465
template_projection,ridge_10,2624,300.0,293.91863238130884,84.0,82.76142279372183,4.0,4.378832980571767,5.0,2.525199185985798,6.0,3.9376736696221997,11.0,14.755584855331392
template_projection,ridge_10,2625,300.0,853.9519265896806,80.0,77.80479379439197,2.0,-4.466983850725454,16.0,16.239791327121374,4.0,30.844473496059358,10.0,17.60268525335661
template_projection,ridge_10,2626,5600.0,5215.795350336214,5.0,-8.282596048771424,4.0,12.494915301194599,123.0,124.40522885803051,325.0,302.55324101059125,325.0,328.2889144714584
template_projection,ridge_10,2627,500.0,183.14448349979807,26.0,-17.726484304516703,2.0,16.23290567720268,45.0,40.92849540968707,16.0,25.068370702440397,58.0,59.11405306751932
template_projection,ridge_10,2628,800.0,630.3310669350213,236.0,225.07109025781673,10.0,14.913266311394391,29.0,26.250837707305173,83.0,67.21874072541999,83.0,94.0040848711025
template_projection,ridge_10,2629,800.0,778.3717973231321,182.0,174.43688445591147,21.0,21.293941074630943,57.0,53.39858868655137,51.0,42.625710133109585,51.0,67.33648650431084
template_projection,ridge_10,2630,1000.0,843.4917574499161,48.0,43.84636993350555,19.0,18.894716029055676,24.0,32.85337611372604,46.0,89.83564723618633,162.0,126.68235780236024
template_projection,ridge_10,2631,2399.0,2281.787477283015,46.0,43.45957634738534,3.0,5.869191076917019,34.0,37.83024655412656,272.0,218.48109549257182,239.0,263.6101127202757
template_projection,ridge_10,2632,400.0,908.3277652043471,34.0,44.50601510163421,3.0,-2.433090494007283,21.0,21.40814273111647,17.0,24.64616344177903,52.0,28.682677717542802
template_projection,ridge_10,2633,1800.0,1940.432509442756,42.0,38.63771186104179,7.0,3.3364184060561115,165.0,154.5761074126736,124.0,136.21043454926598,161.0,174.84555582833693
template_projection,ridge_10,2634,600.0,458.7951833330826,3.0,5.146523681637369,2.0,5.938413503671059,36.0,34.96754979998599,22.0,13.356368800726187,32.0,26.320818010743977
template_projection,ridge_10,2635,900.0,1066.978114592109,55.0,85.59777423381777,13.0,-2.0219397860511297,49.0,29.18722067281863,48.0,64.76422989922727,90.0,99.40803841296228
template_projection,ridge_10,2636,300.0,1071.2054595666243,72.0,46.54415545475168,3.0,4.217060838980386,19.0,42.56440995622421,6.0,22.981389286379695,39.0,27.196858604723417
template_projection,ridge_10,2637,600.0,641.4530891888631,28.0,30.554428280761265,14.0,11.877773814128368,43.0,41.618469676367134,14.0,14.78954609488737,20.0,26.390119790849738
template_projection,ridge_10,2638,3200.0,2939.0878869856756,2.0,6.599605946698198,38.0,38.119867709491096,2.0,10.587447977158405,104.0,112.00018097929718,118.0,101.5103868358364
template_projection,ridge_10,2639,900.0,72.16995247079717,28.0,23.967126159591224,8.0,19.772399891319573,48.0,42.797196928933054,46.0,28.196620173860055,56.0,48.77805225285897
template_projection,ridge_10,2640,800.0,761.6362121811799,142.0,136.82764311305505,5.0,7.42646362522412,42.0,42.70690835373155,28.0,62.269729416849046,119.0,93.90358208710765
template_projection,ridge_10,2641,800.0,725.6528624676668,1.0,0.6875456072277544,12.0,11.477651666363826,65.0,64.74387471695786,14.0,14.397015396670128,27.0,30.096803841946553
template_projection,ridge_10,2642,400.0,-361.1272441042488,61.0,77.9563938800672,2.0,3.9773144785268144,14.0,8.64873291829852,9.0,10.130682387190518,41.0,39.81418684761687
template_projection,ridge_10,2643,600.0,622.3991557104426,46.0,48.89391310411348,10.0,8.114497677157544,24.0,22.912354954373175,22.0,22.624754988351015,29.0,35.413031417965186
template_projection,ridge_10,2644,1900.0,1878.0535669632563,12.0,13.266866863099423,17.0,16.557592292693972,43.0,43.86545211281057,117.0,106.41270757242971,117.0,124.41505293586573
template_projection,ridge_10,2645,500.0,521.3745482757246,67.0,61.921545792602465,2.0,5.907283139385758,25.0,26.52234331988048,46.0,30.759096924458603,46.0,47.929454945710376
template_projection,ridge_10,2646,400.0,-260.4655250663261,111.0,131.83361481503036,2.0,6.484703459709479,12.0,17.003963762862917,56.0,19.886509449982285,50.0,43.93815350657477
template_projection,ridge_10,2647,1100.0,1222.6865021131782,2.0,7.388614105478553,2.0,1.1802438381441647,95.0,95.49275955943673,71.0,97.57805548753926,158.0,138.1886845003173
template_projection,ridge_10,2648,2500.0,2395.520066309082,2.0,2.304622348336075,3.0,3.032521571366278,88.0,85.53190206175232,140.0,132.28325208882083,142.0,151.42253111798647
template_projection,ridge_10,2649,1000.0,1136.0891979892233,18.0,15.057484491440306,7.0,8.67453137193155,95.0,92.49377548887993,62.0,84.00741700836078,136.0,121.83608420145035
template_projection,ridge_10,2650,500.0,556.6784741870703,44.0,47.11944242857542,2.0,2.918570568264908,54.0,54.80466130708125,29.0,44.36198764268538,90.0,72.20659165408713
template_projection,ridge_10,2651,3000.0,2901.3304865103955,1.0,7.326576185460482,55.0,51.12525205336545,65.0,66.79499759531677,221.0,187.80276245165732,190.0,217.9642750570643
template_projection,ridge_10,2652,700.0,802.039622352778,1.0,4.506549052834636,14.0,12.624875623504042,96.0,92.21939052552648,33.0,53.99124757702049,95.0,88.85284876932687
template_projection,ridge_10,2653,1400.0,595.9535444871896,30.0,65.68313492493277,27.0,37.65322854808855,68.0,89.6966616317122,144.0,69.3577446514817,144.0,106.74093572402431
template_projection,ridge_10,2654,700.0,1302.5005800146603,25.0,28.469337894685737,2.0,19.030161801827862,47.0,20.07733075220036,29.0,34.43151725830999,29.0,27.418851940185306
template_projection,ridge_10,2655,1500.0,1502.7456883955301,32.0,28.42855096644419,2.0,5.09625457186462,50.0,51.45466820186728,79.0,69.94680480020794,79.0,75.2600617476822
template_projection,ridge_10,2656,3600.0,3841.9195442223236,1.0,16.583262573185223,156.0,143.68898875238392,159.0,152.71152605168004,217.0,210.0566190865835,217.0,252.98666826339633
template_projection,ridge_10,2657,200.0,162.47084596881746,57.0,58.80319386933502,3.0,3.42251481103086,15.0,16.086530126839605,6.0,1.9139778665473983,21.0,20.086772381834933
template_projection,ridge_10,2658,2300.0,2475.637857399374,5.0,11.259953973078694,58.0,53.87523011053103,105.0,102.84215076354702,114.0,119.55471455328839,139.0,143.31451111760498
template_projection,ridge_10,2659,900.0,854.9222327533627,182.0,173.80583402579396,26.0,28.682841835562872,43.0,40.454802571592936,84.0,83.88656946990398,120.0,121.90622755412437
template_projection,ridge_10,2660,1400.0,1473.2112919098195,19.0,20.285932616396728,2.0,2.817930465698849,61.0,61.2696991845511,167.0,140.3540910389344,167.0,180.41481799753637
template_projection,ridge_10,2661,300.0,339.77359362175105,72.0,79.21156489247622,6.0,4.138619132782482,9.0,11.741046271901894,25.0,27.799409657251218,59.0,49.78822962614685
template_projection,ridge_10,2662,200.0,-25.933162768853663,94.0,95.40152408948241,3.0,0.4069648134026185,9.0,13.520947971465539,31.0,52.34863237561865,88.0,83.06637315512933
template_projection,ridge_10,2663,1200.0,1965.197572789597,50.0,55.953087379989334,22.0,17.358174302320855,63.0,72.82057180364932,104.0,112.76710618821511,142.0,132.5130056567063
template_projection,ridge_10,2664,8400.0,8012.76658903617,2.0,-32.930020511977304,42.0,51.53432335980676,159.0,170.75224814456345,512.0,481.5081909575775,512.0,517.1674408948567
template_projection,ridge_10,2665,600.0,713.3179391481191,10.0,25.240337536461794,2.0,-0.84271577612793,36.0,37.18604751801769,29.0,23.104773649069877,34.0,32.738486662793264
template_projection,ridge_10,2666,500.0,694.2443112461357,23.0,28.32257502799718,10.0,10.118005661931377,76.0,71.49942088817718,41.0,71.03100539952874,133.0,110.64958760020119
template_projection,ridge_10,2667,300.0,384.6438603463214,68.0,73.92915906518851,2.0,3.9051757960872866,21.0,16.504019897042674,6.0,9.945066115890256,18.0,8.56162748885572
template_projection,ridge_10,2668,600.0,670.4046993848725,42.0,43.570170644796484,2.0,1.2346591410002326,49.0,46.907560447243384,28.0,34.538096231153105,54.0,52.794388847288026
template_projection,ridge_10,2669,1100.0,1303.4646531511544,38.0,42.3029235444115,28.0,22.249521838226485,64.0,62.949510421918845,61.0,70.59616626548579,81.0,88.55537575651843
template_projection,ridge_10,2670,4600.0,4507.20638291464,2.0,-11.479903387784915,25.0,27.85838469703015,134.0,144.2125367893894,389.0,410.29294752804253,518.0,494.7803365667987
template_projection,ridge_10,2671,500.0,418.6085083527786,159.0,150.19648324101328,3.0,4.628872972893232,32.0,33.10897659141433,31.0,57.37743958826251,105.0,89.64007821629211
template_projection,ridge_10,2672,300.0,450.331536449189,76.0,84.93733910847153,6.0,5.298942372945167,11.0,14.172854242584108,16.0,6.842088572228121,16.0,10.237843518408397
template_projection,ridge_10,2673,500.0,507.73301408743635,52.0,51.76053435200981,7.0,6.4426480511174,28.0,27.056124969557455,17.0,19.500027302592358,33.0,35.91936132906363
template_projection,ridge_10,2674,500.0,433.26680571636575,218.0,204.20642854462247,2.0,4.238372691732096,53.0,48.945156063413016,33.0,25.31773212681923,33.0,49.733819306848154
template_projection,ridge_10,2675,600.0,661.4474655597168,87.0,91.54073934418977,9.0,10.853863258386728,36.0,46.772053504008156,41.0,85.35506342604317,187.0,129.87820943357434
template_projection,ridge_10,2676,2100.0,2241.458514944472,4.0,0.22665618381738284,24.0,23.646055831531083,60.0,61.59172550232038,168.0,161.47401618831617,195.0,196.25868845673335
template_projection,ridge_10,2677,600.0,661.6013722928463,245.0,232.98727557696176,3.0,3.43025056354198,22.0,19.74155703748044,86.0,70.19926381342904,76.0,97.29898040203338
template_projection,ridge_10,2678,2399.0,2016.6716622943384,19.0,49.286497519136674,68.0,60.62626742368618,130.0,109.99668036814268,115.0,121.25413835233309,142.0,148.35186163426286
template_projection,ridge_10,2679,2300.0,2484.1508756871726,2.0,19.793852311096344,2.0,3.8799899672836133,30.0,32.74615009322643,138.0,125.37489750202137,147.0,135.82004929727492
template_projection,ridge_10,2680,2000.0,1639.3540533971923,2.0,-14.71029439384607,3.0,11.296603827633543,80.0,70.57862362094576,96.0,70.4541685515083,96.0,104.71013429615088
template_projection,ridge_10,2681,500.0,504.3320849030126,55.0,46.32342314569524,2.0,3.9866590440121925,26.0,34.42401913638069,9.0,11.041462600085637,9.0,9.573922737138346
template_projection,ridge_10,2682,2500.0,2565.6209580764908,5.0,8.32272022252738,52.0,49.73412553912355,137.0,132.04336953840408,152.0,146.19933642060533,166.0,180.4891860347201
template_projection,ridge_10,2683,300.0,308.64720378290497,110.0,110.9881183417648,2.0,1.4556330491631968,12.0,12.54290078864522,15.0,15.765554102051198,37.0,33.873228159780155
template_projection,ridge_10,2684,1700.0,1623.0818430074382,2.0,4.385399971273536,2.0,2.12695815601689,53.0,54.42208337483328,129.0,111.21875124306068,129.0,136.77021866051246
template_projection,ridge_10,2685,200.0,128.1008654165446,105.0,101.06307046730555,2.0,3.620090311015616,10.0,11.40669438159754,6.0,11.409794202657807,37.0,28.644431321148446
template_projection,ridge_10,2686,600.0,644.4442466542176,21.0,23.752414046490166,6.0,3.204177555082458,24.0,25.978250583404677,11.0,7.925231052603948,11.0,16.819332545911692
template_projection,ridge_10,2687,4000.0,4027.117836105902,1.0,13.421326245243122,115.0,107.79948803767161,122.0,122.7220817562206,246.0,257.9387241487468,303.0,305.49988874389953
template_projection,ridge_10,2688,300.0,504.9260554073825,70.0,86.02537361675594,2.0,17.648203693776228,5.0,29.306125715193502,94.0,396.028070442473,862.0,565.980472141487
template_projection,ridge_10,2689,4700.0,4503.505336964225,22.0,19.185828330619074,110.0,101.06639450912395,111.0,101.90748027836543,286.0,282.9001999756765,303.0,345.96408305505236
template_projection,ridge_10,2690,1800.0,2037.652738081255,28.0,31.169885041180443,71.0,63.80472498505303,73.0,75.56262497216855,142.0,96.53692495153109,73.0,115.95155066393741
template_projection,ridge_10,2691,900.0,914.9729567060208,119.0,117.81422368492005,11.0,10.69223980533809,31.0,31.379414003377708,148.0,122.1065392259134,148.0,165.4216851616009
template_projection,ridge_10,2692,1100.0,1054.8400837933054,35.0,33.023658349455985,2.0,1.8441537893588595,50.0,49.81515019316201,88.0,75.62151043707586,88.0,98.85958901792782
template_projection,ridge_10,2693,1000.0,915.1341117445504,221.0,205.092704253648,9.0,13.575531566336068,31.0,28.011727792517455,48.0,50.602933446661524,67.0,68.32114351494528
template_projection,ridge_10,2694,100.0,252.0588488067864,88.0,92.56104587343842,2.0,0.6657748096728184,3.0,4.595165616286394,11.0,22.182484865900342,52.0,39.0922143355271
template_projection,ridge_10,2695,1400.0,1751.3495062180612,41.0,44.833137305541385,23.0,26.801821269522193,58.0,62.25638116909167,107.0,220.513876674537,395.0,293.4289924157127
template_projection,ridge_10,2696,1000.0,976.3282179850955,32.0,30.655942918408897,2.0,4.561389245071089,60.0,62.235491521719894,95.0,84.5270052000443,119.0,116.68585423573258
template_projection,ridge_10,2697,1900.0,1390.824947454621,20.0,19.523033218890234,50.0,47.44980145566567,71.0,79.69435457131726,94.0,90.16851842659587,107.0,108.75186428193828
template_projection,ridge_10,2698,900.0,934.1439300457191,80.0,85.00879971734403,41.0,37.1009970811435,20.0,19.849230993008728,86.0,54.86335002332868,48.0,73.99635568441232
template_projection,ridge_10,2699,1900.0,1955.4556109940509,5.0,4.57130997944536,20.0,21.01513744635595,104.0,102.0676553565049,136.0,136.39609378713573,176.0,175.45135651471264
template_projection,ridge_10,2700,900.0,832.4209715574241,103.0,103.1698253941629,17.0,14.635655217405118,22.0,16.078197101193638,66.0,55.25041812911717,67.0,80.0094074257959
template_projection,ridge_10,2701,3900.0,3420.374800084681,16.0,14.815998280880734,28.0,27.003226053091286,108.0,92.183979770911,201.0,207.09603526798878,201.0,230.437686980673
template_projection,ridge_10,2702,3700.0,3604.9188551456045,50.0,55.75139458901268,107.0,100.29496365584774,85.0,85.1483198637292,167.0,164.97106353899915,167.0,184.00215787123128
template_projection,ridge_10,2703,1100.0,1675.9955063746706,44.0,13.346873089305781,11.0,17.75484111022641,57.0,50.469160392740164,96.0,112.93026096944789,169.0,167.49284702778814
template_projection,ridge_10,2704,2900.0,2751.8068718183417,2.0,-1.7961061922413677,7.0,9.802089494111526,62.0,66.37437852275147,199.0,177.47137716697745,199.0,201.32911416666855
template_projection,ridge_10,2705,100.0,394.12089154488683,65.0,65.3494149605649,3.0,3.136215017525137,7.0,8.06117927020022,5.0,1.9644345310798315,17.0,9.900146647109807
template_projection,ridge_10,2706,300.0,398.08694851966004,79.0,90.00023466784037,7.0,5.432766000571737,18.0,13.873172101056909,14.0,14.140137620711513,30.0,33.39853112345611
template_projection,ridge_10,2707,700.0,762.5805826128333,42.0,44.880458547600526,18.0,15.626344794212862,54.0,51.29289602745454,52.0,33.553589751796316,31.0,49.80198656300812
template_projection,ridge_10,2708,1300.0,1365.6640536446505,2.0,-0.7412411011087343,5.0,6.380050232604093,132.0,127.47206876247415,114.0,107.63931538593654,135.0,144.12783275774848
template_projection,ridge_10,2709,300.0,472.9201038741925,139.0,127.03335326521815,2.0,5.544834635292997,13.0,5.224380967661965,5.0,5.966837604183709,5.0,8.01084073097249
template_projection,ridge_10,2710,2200.0,1700.9129137901282,90.0,73.93137258644649,10.0,-0.5320649167575713,106.0,112.04123348871252,171.0,145.1759726016009,171.0,212.8079850640039
template_projection,ridge_10,2711,1300.0,1430.5938577729055,199.0,177.45544766827237,21.0,11.258547615827418,58.0,60.11903861055651,188.0,182.58126817182279,219.0,267.6293434769557
template_projection,ridge_10,2712,600.0,655.6019341163445,2.0,4.309640954871995,2.0,1.3157508143748036,24.0,25.246123843218648,29.0,22.931840406987085,29.0,31.431688052149426
template_projection,ridge_10,2713,1100.0,983.107576546444,52.0,35.34075943053794,3.0,3.5068498360879214,45.0,50.513378744853966,47.0,39.86882050757489,47.0,59.69688255721724
template_projection,ridge_10,2714,1200.0,1416.6881127321487,7.2828,27.225821634002518,27.0,22.885514497811858,64.0,63.17145232342923,67.0,56.13090584762854,73.0,74.33284557246168
template_projection,ridge_10,2715,500.0,565.6576008725964,76.0,77.0516275481706,7.0,7.003965518613624,39.0,38.31204192614041,54.0,44.164681426044126,64.0,69.0066087074861
template_projection,ridge_10,2716,1600.0,1561.9348888803415,80.0,76.12683947629894,11.0,13.885406910379508,32.0,34.065260844194796,138.0,124.63496125527021,155.0,155.664235774884
template_projection,ridge_10,2717,400.0,458.90421239782484,90.0,86.72435144131815,6.0,6.582505287998057,32.0,31.315876750936603,28.0,30.939932675566595,53.0,52.46410735737897
template_projection,ridge_10,2718,1600.0,1843.3894183392883,22.0,17.886302569898135,9.0,9.041558673526566,143.0,131.68882691709118,108.0,125.14875403807258,168.0,170.40177723965445
template_projection,ridge_10,2719,2400.0,2417.9643155888625,4.0,17.418847797040733,28.0,26.37823404509792,63.0,62.37313240801752,94.0,87.01692213162491,94.0,87.42971495147017
template_projection,ridge_10,2720,400.0,718.9540516018278,122.0,121.63825044207641,2.0,2.3772723911023697,14.0,13.866222364913796,7.0,16.73441477684191,41.0,36.0881100637814
template_projection,ridge_10,2721,2600.0,2887.4914136628404,2.0,16.600488432862697,16.0,9.547332367297535,110.0,116.55682531454812,86.0,98.38765659181877,97.0,84.33785217828917
template_projection,ridge_10,2722,400.0,483.2559443357409,73.0,73.33972064943438,2.0,1.488791334309795,38.0,35.59459455362555,51.0,39.205904109344004,51.0,61.56324491883937
template_projection,ridge_10,2723,200.0,-158.6827640290278,72.0,77.2977279178797,2.0,2.21666467080564,3.0,9.013289361576156,7.0,4.29192758076573,29.0,30.49693374216139
template_projection,ridge_10,2724,1000.0,2002.7735828758737,44.0,74.190995087044,2.0,8.796388248860058,26.0,2.908324883706044,132.0,117.80907193276883,132.0,118.3239279218429
template_projection,ridge_10,2725,600.0,667.2943572120229,55.0,55.7039005546448,5.0,5.259172909484052,67.0,63.04435714523686,23.0,25.90549386567274,41.0,43.12087936129652
template_projection,ridge_10,2726,1500.0,1548.3935204213303,19.0,21.68028975930644,3.0,3.6084469734280873,32.0,35.888296685758604,208.0,175.3742022573644,210.0,222.14015166205266
template_projection,ridge_10,2727,600.0,688.9578973110677,48.0,45.76358191752752,11.0,14.082890961901716,40.0,43.594417181611966,17.0,11.884432313220174,36.0,27.166168560294793
template_projection,ridge_10,2728,700.0,506.35873167492673,61.0,71.38329954118863,2.0,1.7528071439908786,11.0,8.566492137734976,5.0,6.614571460815782,6.0,7.504609240138805
template_projection,ridge_10,2729,400.0,428.18889361214235,51.0,51.770767018889075,5.0,5.649846647899933,28.0,29.103873533379506,16.0,32.3175273783625,71.0,56.22838017150466
template_projection,ridge_10,2730,200.0,237.3641475244957,63.4032,69.39948773705353,4.0,4.165459391612075,9.0,8.741672054388985,3.0,0.1225084553551028,20.0,15.002265158759485
template_projection,ridge_10,2731,6200.0,5855.570704597152,8.0,4.52706645335256,38.0,47.494991091011755,122.0,127.91912348519426,319.0,290.3486833387002,319.0,305.43990393415953
template_projection,ridge_10,2732,800.0,487.76249375416216,2.0,0.6436656394381686,3.0,4.660394802406232,51.0,44.20581275206288,41.0,44.09886002935752,56.0,64.17091153319015
template_projection,ridge_10,2733,600.0,833.2403909057239,79.0,65.9140024124894,2.0,-2.832798208848617,12.0,16.804102647020706,46.0,57.16799782809265,54.0,63.898899685133905
template_projection,ridge_10,2734,400.0,402.09268317031854,75.0,70.05125541135575,2.0,4.50134752181212,11.0,14.265008517566734,14.0,17.179097903880482,39.0,28.722216038280024
template_projection,ridge_10,2735,700.0,765.2438926331693,10.0,14.564145430419622,2.0,0.29320637735948196,43.0,40.77074396599033,31.0,31.128578036472007,43.0,45.703665416560234
template_projection,ridge_10,2736,1399.0,789.2306207882204,4.0,10.394384392386009,13.0,31.159046993261413,80.0,59.44750706015695,60.0,70.30808263820053,81.0,57.02980971776668
template_projection,ridge_10,2737,400.0,442.60480148398585,70.0,43.56137046253592,3.0,10.24422711007804,19.0,15.194905665108976,7.0,8.806646345619697,10.0,22.03128263560454
template_projection,ridge_10,2738,2400.0,2418.255458627872,2.0,1.647326101050865,3.0,4.85010438008722,88.0,86.4314571216341,197.0,175.4239552906441,197.0,210.60709392058538
template_projection,ridge_10,2739,3500.0,3909.7906775365336,1.0,4.876923084733093,71.0,65.78684367001303,91.0,98.29901302099952,206.0,204.95076006611092,223.0,225.30129885537406
template_projection,ridge_10,2740,1400.0,1579.8380273115358,3.0,6.030325904027215,8.0,7.4143106275594715,108.0,104.95656701716655,113.0,130.44052956409422,185.0,174.73763148183446
template_projection,ridge_10,2741,500.0,472.4926610878425,115.0,108.78889617289263,2.0,2.63089966818662,16.0,15.566092062907416,10.0,8.887783872978659,17.0,23.657231156486972
template_projection,ridge_10,2742,700.0,536.7988958198162,9.0,7.6348578631040525,7.0,0.4393094511732496,32.0,33.1835361571021,34.0,38.48976744410394,44.0,66.96995683092467
template_projection,ridge_10,2743,600.0,642.256752131576,92.0,96.75889301625486,4.0,5.774970440360153,13.0,14.384707299206049,39.0,25.646484976588773,59.0,49.058652809899435
template_projection,ridge_10,2744,1200.0,1125.619708737,183.0,178.8486070742768,20.0,19.905875209012315,24.0,26.420680234158695,170.0,144.22436551888143,170.0,190.12218311075208
template_projection,ridge_10,2745,1600.0,1506.947762718728,57.0,58.74543909129463,15.0,17.852133158316107,54.0,55.24103947386791,108.0,147.28424094905773,233.0,193.78169358642464
template_projection,ridge_10,2746,400.0,598.8239741182597,67.0,74.74712949566194,4.0,15.864172013984112,15.0,40.26392487523277,88.0,364.25655177676816,769.0,506.807501977774
template_projection,ridge_10,2747,3600.0,3271.2305667087057,6.0,-2.348636554758535,19.0,20.323638446644896,58.0,62.0335348123547,97.0,104.28284514096123,97.0,93.56114540736601
template_projection,ridge_10,2748,1100.0,1058.8422817454834,232.0,233.65788082796854,7.0,4.771241377831446,33.0,33.40882197200311,140.0,113.52328771869716,140.0,155.75262636290282
template_projection,ridge_10,2749,800.0,912.7219154577448,11.0,13.838712071026464,8.0,7.683014741277519,75.0,72.73433700925386,37.0,47.14424594777437,77.0,70.67758124315245
template_projection,ridge_10,2750,400.0,-605.7865957451143,85.0,101.76816984786404,2.0,-0.571818427775467,3.0,-17.481955252979667,5.0,4.16356819058565,14.0,32.707019390954
template_projection,ridge_10,2751,200.0,668.7057454378102,76.0,68.19480502983791,3.0,-7.278568737347831,2.0,-8.88792363807383,10.0,67.30473155388137,55.0,79.06303885639736
template_projection,ridge_10,2752,600.0,507.59303537376707,64.0,63.13625444531441,16.0,23.138765045580094,33.0,25.504011543217874,21.0,4.189026368345964,26.0,19.482152168421536
template_projection,ridge_10,2753,600.0,673.627486855178,2.0,1.005750429596958,2.0,1.6109247186842985,79.0,76.52280758984446,35.0,26.76162648144438,35.0,45.91153214136611
template_projection,ridge_10,2754,1400.0,747.2817243635332,109.0,91.857325931579,8.0,15.233170839453859,28.0,39.61708358962149,134.0,129.54302132127248,204.0,182.08359186072397
template_projection,ridge_10,2755,3300.0,3166.966920086496,2.0,1.7584619996953208,19.0,20.778573645177314,117.0,116.9777113096267,183.0,185.42274340456703,217.0,211.77920301874428
template_projection,ridge_10,2756,1100.0,1307.943777724602,18.0,29.657712189198232,22.0,19.193017618427103,63.0,62.56983756628482,87.0,83.92431772652913,111.0,106.09544614641315
template_projection,ridge_10,2757,300.0,589.1563684280117,68.0,49.097007470868036,3.0,4.868952403765972,6.0,11.707348126752137,10.0,66.4126773188241,141.0,104.10342780968443
template_projection,ridge_10,2758,400.0,349.7569294544098,139.0,166.34194117447709,18.0,27.819861359333636,27.0,22.04984050451393,72.0,31.608031398607437,75.0,59.82484246776403
template_projection,ridge_10,2759,1000.0,1346.9586037460497,53.0,54.31710013109524,30.0,22.863113241337906,52.0,53.037963950188626,60.0,95.37815402403292,123.0,119.44323037528274
template_projection,ridge_10,2760,400.0,297.5473748143369,70.9002,77.0830221922527,4.0,1.2898871951860222,8.0,9.214884996631426,7.0,12.561361430729093,31.0,28.257793353708223
template_projection,ridge_10,2761,1000.0,1219.3552750156632,24.0,25.984476655863226,12.0,14.074113073822632,88.0,87.15242180732149,87.0,102.28269695202741,158.0,140.8409769758701
template_projection,ridge_10,2762,300.0,326.65082682869445,63.0,62.264012861457246,3.0,1.6904419984718526,15.0,16.472470054146484,10.0,5.3933018218888265,11.0,17.002363204610973
template_projection,ridge_10,2763,400.0,405.69374699393916,51.0,57.58736787067575,7.0,6.25445699784138,23.0,20.938799960843856,11.0,6.142975295018616,14.0,14.94029445332032
template_projection,ridge_10,2764,1300.0,1119.4308063158612,2.0,28.17377620984617,2.0,-12.095986931109154,37.0,26.35124288584166,85.0,91.02073396113212,88.0,110.00161623525887
template_projection,ridge_10,2765,300.0,354.3698157636545,53.0,53.219649700594054,7.0,6.3513910470469686,13.0,12.437969256577802,4.0,1.7359822192470062,4.0,9.90888627014074
template_projection,ridge_10,2766,700.0,695.3165490704034,34.0,34.50838175419666,3.0,2.5987207277546407,44.0,41.51519630384028,16.0,12.53533788753198,16.0,21.059163924099238
template_projection,ridge_10,2767,2800.0,2767.7702008321694,2.0,-4.293634286631999,3.0,8.23192803369762,110.0,113.3202106926768,315.0,286.43946108245285,356.0,357.5756182402273
template_projection,ridge_10,2768,400.0,399.54390391142294,29.0,33.99741889824348,6.0,3.5008899659528048,38.0,37.78786272228843,12.0,4.987826482378495,14.0,21.650918905270444
template_projection,ridge_10,2769,1600.0,1475.4849979125656,15.0,9.290270842893271,8.0,9.021915463555253,52.0,51.82206463124348,124.0,107.00411541817309,124.0,136.676962406784
template_projection,ridge_10,2770,600.0,1209.752144747328,5.0,56.05212543514679,4.0,0.18161228520631845,38.0,29.49694397374472,23.0,17.043887574040006,61.0,39.285025763519
template_projection,ridge_10,2771,600.0,531.6471784896873,99.0,89.83356974031028,7.0,12.720708940932708,36.0,35.398630788983084,39.0,35.65850986674967,69.0,64.54761895646064
template_projection,ridge_10,2772,500.0,765.5073523124545,41.0,37.83798543137641,2.0,8.646227030063821,4.0,2.3272306490115113,10.0,7.61260982152389,10.0,4.9617292375121025
template_projection,ridge_10,2773,1000.0,941.2504582854083,8.0,7.0336040371609485,4.0,-0.26264186471692774,41.0,39.78294695000825,25.0,40.06094795917903,49.0,54.668828880013386
template_projection,ridge_10,2774,1700.0,2869.512145349104,54.0,83.91267506072141,48.0,42.038223122193564,53.0,37.03583546769752,112.0,121.68849396652794,149.0,147.6949275470791
template_projection,ridge_10,2775,2100.0,2058.9767481797016,10.0,14.0155367918383,25.0,24.848595902756998,72.0,73.65020876788469,200.0,172.55018525045136,200.0,212.90583703968002
template_projection,ridge_10,2776,1899.0,2121.448897590728,16.0,25.622887131474396,82.0,75.51946516686027,97.0,94.10446752176173,81.0,90.66853472563697,110.0,115.42677107085373
template_projection,ridge_10,2777,200.0,534.6988547327458,61.0,79.59268164166775,3.0,-16.539924553321647,9.0,17.85424734825515,49.0,110.19972603948987,193.0,175.5014482534372
template_projection,ridge_10,2778,2500.0,2505.761680522388,24.0,31.42873098246406,27.0,23.223978036921473,44.0,51.14927619272945,27.0,53.04334838752453,60.0,43.065762361430046
template_projection,ridge_10,2779,800.0,781.9174052981462,22.0,21.674712343489738,16.0,15.725757966997886,51.0,51.34592428524562,18.0,21.22239048590783,33.0,33.06350297687334
template_projection,ridge_10,2780,2600.0,2566.5137228332633,1.0,10.519756517974514,80.0,73.84666354603816,68.0,68.02285757619066,92.0,94.85838467256336,96.0,104.5902313892897
template_projection,ridge_10,2781,400.0,432.9748591382636,52.0,53.07677473318592,16.0,15.774206824577888,26.0,28.025946156683354,10.0,1.5899995482092635,6.0,9.444112809609635
template_projection,ridge_10,2782,100.0,158.8441293507476,62.0,57.695165735361385,2.0,5.919343351791907,16.0,17.250783403243915,5.0,13.228380240429857,63.0,37.398639070685505
template_projection,ridge_10,2783,400.0,573.8115429157593,45.0,38.81705581607316,1.0,5.627521857283968,13.0,11.456735519341436,9.0,-0.8450576362053681,11.0,8.94981460372395
template_projection,ridge_10,2784,1100.0,768.947597435703,145.0,115.19542308014339,4.0,16.273087811447738,32.0,32.74550305602077,73.0,66.34995312934285,88.0,86.48447743478374
template_projection,ridge_10,2785,900.0,865.4111466829193,46.0,45.258680587216354,2.0,6.155403823155716,24.0,15.588786643706946,54.0,42.9004537599424,54.0,59.913594756414746
template_projection,ridge_10,2786,1900.0,1886.783804875192,2.0,7.105530717026539,29.0,29.131359785619704,77.0,80.60465489885976,91.0,123.5157775347875,195.0,163.15599005464279
template_projection,ridge_10,2787,1700.0,1832.6676898549892,2.0,1.8304765008373778,5.0,6.607726869480421,62.0,64.17210325626073,69.0,96.66541702481294,154.0,124.10034012978082
template_projection,ridge_10,2788,1700.0,1601.778964443186,246.0,225.51677544638335,30.0,38.1593336854925,31.0,34.45396430012063,247.0,200.75935594150698,247.0,264.8869678108323
template_projection,ridge_10,2789,1100.0,1364.0746846508714,1.0,15.99250772264341,6.0,1.2873961699192815,129.0,129.99317932595847,62.0,79.514275281365,148.0,131.91456799534467
template_projection,ridge_10,2790,600.0,598.512612155664,87.0,100.3439449565981,2.0,-3.3927901011582424,26.0,28.588084103767194,55.0,36.24042037711531,55.0,57.188411881056844
template_projection,ridge_10,2791,1200.0,1068.123373593105,313.0,295.0757561152569,7.0,10.054186947534717,34.0,32.62928391993359,125.0,127.39484061196282,164.0,170.12297234413677
template_projection,ridge_10,2792,500.0,302.74900146213895,156.0,137.46355920669964,2.0,4.457716374443516,14.0,14.066367460457371,20.0,20.057704867169953,20.0,36.50170260407448
template_projection,ridge_10,2793,500.0,457.29377074412025,82.0,82.12853579806874,2.0,2.8045809918578364,37.0,37.285016455314235,30.0,19.049029148449968,30.0,37.24704344841756
template_projection,ridge_10,2794,2800.0,2775.500368422224,2.0,1.457170671984798,44.0,43.79805854932399,122.0,118.5770913907048,143.0,137.11370487035305,152.0,160.8449735072292
template_projection,ridge_10,2795,1100.0,1009.4654507801376,67.0,63.56805898184839,3.0,7.381782783902501,66.0,62.82061890330048,57.0,45.04587346468923,57.0,57.80271813020114
template_projection,ridge_10,2796,500.0,368.787809443778,34.0,33.60727400272134,3.0,1.219232126529425,17.0,18.60909006825895,13.0,9.139802815528725,13.0,18.71438102022759
template_projection,ridge_10,2797,1000.0,564.556283297049,303.0,293.1676450618131,11.0,13.449592822936266,28.0,35.871270423035256,117.0,107.32632106134237,135.0,155.63627273100082
template_projection,ridge_10,2798,500.0,567.6217207436641,159.0,155.79422303031578,2.0,4.020939407152584,42.0,43.08405381582377,71.0,110.12292284774264,195.0,162.92202154958272
template_projection,ridge_10,2799,100.0,202.09285600522503,55.0,59.0989625952111,17.0,15.59244601256657,28.0,27.32035975822426,39.0,24.59525199131312,39.0,50.40252379622756
template_projection,ridge_10,2800,1000.0,877.2972275543219,2.0,-8.760287496388258,2.0,-0.028884332484631514,52.0,29.022013913565903,34.0,52.280647860465905,34.0,71.09141712577429
template_projection,ridge_10,2801,300.0,179.06606824835717,59.0,60.25731174508944,2.0,2.7462754838578363,3.0,8.377641232536156,10.0,7.225425733622643,26.0,20.52067339371078
template_projection,ridge_10,2802,900.0,879.7140337499584,66.0,66.19447875800938,2.0,2.7371206907283305,25.0,27.96979967438703,138.0,110.84462985557381,138.0,149.79613508831153
template_projection,ridge_10,2803,1100.0,1248.927334156006,60.0,59.03208186108342,38.0,37.0192947681796,67.0,66.85901787261311,108.0,123.00966793486799,175.0,169.04857965720794
template_projection,ridge_10,2804,2700.0,2647.007419829338,92.0,87.92281281961317,60.0,58.517809211978125,86.0,84.24001973750279,113.0,116.21187541093195,124.0,132.05942772603086
template_projection,ridge_10,2805,600.0,292.3929181155718,107.0,123.16498661541743,8.0,-3.0654431857507465,40.0,27.31175220163065,40.0,54.32822267116103,88.0,93.10268181217182
template_projection,ridge_10,2806,700.0,643.1306178400667,54.0,55.18792781157695,4.0,4.275186590358432,18.0,19.090328087532114,10.0,5.5293759850436,10.0,10.465434653897077
template_projection,ridge_10,2807,400.0,341.885208370943,173.0,162.57513364739864,4.0,6.200051680828185,16.0,16.863667068415033,80.0,62.82455528196102,80.0,93.27299406360923
template_projection,ridge_10,2808,400.0,120.49712800067255,76.0,67.71011228869376,9.0,-3.7390454767606567,44.0,44.5277555066519,35.0,57.93642662327167,70.0,95.3162504668916
template_projection,ridge_10,2809,200.0,290.43231589575623,79.0,76.31176474637027,2.0,2.7160806334276373,11.0,11.900056611060663,13.0,4.887504374521555,13.0,17.455662420103877
template_projection,ridge_10,2810,300.0,334.26294249700857,106.0,102.75953819456448,12.852,13.696689955813916,34.6957,34.15582146182151,18.0,11.736675605451467,24.0,30.954275601022104
template_projection,ridge_10,2811,2200.0,1974.911012435276,28.0,42.06639119802607,24.0,22.17102918191273,88.0,81.90900575319395,352.0,288.47056939813694,352.0,393.65327005300105
template_projection,ridge_10,2812,400.0,696.6002738999707,82.0,77.95087173531105,4.0,3.5788741201514007,28.0,24.68389026056355,8.0,11.136405753423844,8.0,17.80023682275238
template_projection,ridge_10,2813,500.0,379.2025569305165,2.0,-8.914541320092766,2.0,12.534760802854196,62.0,56.40949378479868,20.0,7.7389914374673054,27.0,20.847615603648308
template_projection,ridge_10,2814,600.0,582.2423245225906,31.0,31.533631173668265,2.0,2.8849921375058045,29.0,29.902489451771544,25.0,21.312114091594076,35.0,32.84328321254276
template_projection,ridge_10,2815,1200.0,1417.1039072954256,44.0,50.08442796784443,29.0,27.14101507301163,50.0,50.16303871085723,87.0,113.06411104628353,164.0,143.2775354660307
template_projection,ridge_10,2816,900.0,1103.422191269305,2.0,7.8908320378080745,23.0,19.865524543113306,63.0,60.18553027706726,31.0,26.035269598790876,32.0,41.58473340298196
template_projection,ridge_10,2817,800.0,657.1995691751612,93.0,91.30622903654071,7.0,9.385421838627368,8.0,8.074134970031139,28.0,24.17076847574068,36.0,36.38119719560113
template_projection,ridge_10,2818,1300.0,1647.1931793129386,10.9242,68.53501262517423,8.0,9.240908968198603,78.0,76.30398691478777,113.0,83.36233185014443,113.0,115.01876691359885
template_projection,ridge_10,2819,2100.0,1820.6940321432226,73.0,71.35837713248195,13.0,10.805325594164385,15.0,16.776583277975817,80.0,69.69753773606298,53.0,68.58134833522055
template_projection,ridge_10,2820,300.0,543.0065675283251,80.0,76.1758203005582,4.0,-3.4676242732293456,12.0,7.877321684943325,8.0,54.504598492056715,57.0,68.75453384431344
template_projection,ridge_10,2821,5700.0,5189.796467775675,2.0,-5.344551264485091,9.0,16.253932765062494,88.0,89.40299170261434,282.0,266.55551212336763,268.0,263.6007829002671
template_projection,ridge_10,2822,300.0,232.41529462332232,73.0,66.62181902326999,6.0,6.516657280059572,15.0,10.854154214484488,8.0,0.7262459057020436,5.0,18.460043134981603
template_projection,ridge_10,2823,1500.0,1552.788815390844,98.0,84.17342162336745,9.0,15.015346855930169,56.0,53.78781910417293,127.0,100.60261161092818,127.0,133.15209677751304
template_projection,ridge_10,2824,2800.0,2675.691326707817,53.0,48.36954872306726,63.0,57.07135040710719,102.0,106.23623829846576,153.0,160.96551104728826,184.0,197.53839144301753
template_projection,ridge_10,2825,900.0,748.6697265376463,138.0,121.64867346076907,2.0,7.962343286789836,36.0,39.73649711762741,58.0,72.43454195024096,111.0,102.7940445036772
template_projection,ridge_10,2826,1800.0,1871.8835100422516,36.0,33.81718702590136,36.0,36.968717816262405,51.0,55.98476553487042,160.0,181.56428024491296,257.0,232.19274803297688
template_projection,ridge_10,2827,700.0,899.6889969939232,47.0,21.364497743990448,5.0,17.390146599667837,32.0,63.03997151360612,38.0,82.6346272293302,222.0,135.8446858083907
template_projection,ridge_10,2828,1100.0,1050.1315060499032,128.0,119.74738930852327,8.0,11.047827237129919,24.0,24.068435435928677,111.0,92.56978152277989,111.0,120.52680844345552
template_projection,ridge_10,2829,900.0,800.3141282259057,56.0,46.015986503478814,4.0,7.195125153696191,42.0,38.133012480651026,73.0,64.36070066992487,75.0,91.32995527674503
template_projection,ridge_10,2830,800.0,718.8206324045734,39.0,38.43071835987372,15.0,15.508940784237005,41.0,40.7685737357704,18.0,19.37370730407705,31.0,30.733134068390285
template_projection,ridge_10,2831,400.0,453.41778172649504,81.0,77.59906624166065,2.0,1.8982023803931671,25.0,25.900784332504045,9.0,5.608241540367402,11.0,15.369762095950676
template_projection,ridge_10,2832,400.0,380.2692171302597,40.0,39.11010791952517,3.0,3.0201048335782907,12.0,11.659253875917358,37.0,26.55628882554283,37.0,45.800235480380096
template_projection,ridge_10,2833,600.0,368.9020402375261,131.0,128.62183072459356,2.0,5.808317579634341,33.0,31.458452243961247,33.0,20.372084789968767,34.0,39.26490596878209
template_projection,ridge_10,2834,300.0,324.3113900023959,66.0,73.45318892575777,8.0,8.974466780942896,10.0,8.752407452491397,3.0,-2.6371509092266763,6.0,6.29115167723225
template_projection,ridge_10,2835,800.0,651.8085096159091,74.0,81.3017470394328,2.0,-1.3767746228888473,46.0,43.29395211763134,55.0,51.242253975909136,69.0,80.01636727729044
template_projection,ridge_10,2836,600.0,672.5715726884072,55.0,53.67727137407975,8.0,7.491287513625252,30.0,34.50796471233124,11.0,19.13025310490447,30.0,11.553617389079378
template_projection,ridge_10,2837,900.0,834.6765725443125,149.0,149.3677180793759,35.0,33.79351631687066,48.0,43.86071865167786,66.0,98.60166032770213,155.0,144.64359378907122
template_projection,ridge_10,2838,300.0,381.9180453900225,55.0,55.367316293277796,2.0,0.3745193217073606,35.0,38.42441602558378,9.0,11.780361715175573,26.0,21.975663827438055
template_projection,ridge_10,2839,1100.0,1262.2840262118814,9.0,14.678760841868844,15.0,11.616873042457325,72.0,70.23781196341908,105.0,91.0556407468355,105.0,119.92606592064142
template_projection,ridge_10,2840,2500.0,2337.097848150601,16.0,28.955877986033393,38.0,32.56984565292721,81.0,82.54450953420347,80.0,104.18467344170847,117.0,101.6577373001077
template_projection,ridge_10,2841,2900.0,2732.9042830059543,17.0,11.074316296546343,29.0,31.689291711278834,90.0,90.44802886828563,144.0,135.92932017901563,151.0,156.35419812313404
template_projection,ridge_10,2842,600.0,205.90179550920266,95.0,92.18955125656501,2.0,-4.624186745368766,15.0,9.18566686219112,20.0,21.710559623252777,20.0,50.4800062933997
template_projection,ridge_10,2843,1200.0,662.8666199148823,199.0,204.18178556742555,14.0,14.099978172608616,42.0,46.38673559187255,114.0,160.4038754624055,263.0,224.77279405561535
template_projection,ridge_10,2844,1899.0,1625.7107094863936,32.0,54.505894364478536,24.0,20.970688889337687,91.0,91.24437214645792,150.0,98.75425965664654,115.0,131.20863008282745
template_projection,ridge_10,2845,500.0,287.11516102914914,171.0,160.43409980215733,2.0,5.077788766997292,14.0,21.14175671871378,23.0,12.546399725612915,33.0,29.478926296941168
template_projection,ridge_10,2846,300.0,50.28790841420164,82.0,79.06626742880344,4.0,0.31329807500877926,3.0,10.807050742880755,8.0,9.84214096413281,8.0,11.86763309363748
template_projection,ridge_10,2847,2000.0,2059.5376132724073,107.0,109.73382289897765,70.0,66.21510298005192,82.0,80.79620736834359,83.0,111.53503965144114,156.0,146.22833843945253
template_projection,ridge_10,2848,1400.0,1482.6089392625463,26.0,31.19720736052817,25.0,20.93562185513166,52.0,54.70241340567167,54.0,89.0331804506289,136.0,116.26950687536944
template_projection,ridge_10,2849,300.0,300.3385624033747,77.0,77.69593979567793,3.0,3.753817108578552,22.0,20.54507679771223,8.0,5.143022861343127,16.0,16.614492318524142
template_projection,ridge_10,2850,300.0,268.3891011519487,58.0,55.77964276935672,9.0,9.587809400415166,23.0,25.202840582661054,11.0,20.928105634784316,56.0,44.776395087737946
template_projection,ridge_10,2851,1700.0,2582.9285559571376,60.0,75.68113277528548,24.0,15.457172993767815,99.0,93.41802202111533,299.0,269.5779907518023,313.0,340.6175262986388
template_projection,ridge_10,2852,500.0,519.7506588038962,140.0,133.7574006393208,15.0,20.50764631596661,20.0,24.107962858041923,53.0,65.78713942760638,122.0,98.56136291800571
template_projection,ridge_10,2853,1300.0,1176.9414086506977,56.0,52.08074430577145,2.0,2.7871398092584485,24.0,26.110458521428704,76.0,67.58980962773606,76.0,82.8307246943316
template_projection,ridge_10,2854,200.0,248.34409112096773,101.0,104.00782627310394,2.0,1.8046600012592737,5.0,1.681132896281639,11.0,10.704317918352885,21.0,25.05040154019011
template_projection,ridge_10,2855,2600.0,2452.9592290626947,132.0,132.32274399207284,36.0,35.23233207001885,34.0,33.49477177242058,239.0,219.8489149206376,255.0,266.13798107456057
template_projection,ridge_10,2856,2000.0,1941.5029112771185,103.0,103.57592741593953,57.0,53.83317772549558,69.0,67.37696889052768,96.0,108.72485578720332,134.0,136.72102988223406
template_projection,ridge_10,2857,400.0,494.1042616794135,71.0,90.60753526465271,5.0,4.977142786465114,20.0,23.630442887340966,14.0,16.476621113396426,76.0,37.53583307820361
template_projection,ridge_10,2858,800.0,863.3978493526972,85.0,82.1193414114343,8.0,-1.0099303992385327,14.0,19.464487427816806,66.0,68.3693288747401,61.0,87.26875600300093
template_projection,ridge_10,2859,1700.0,1697.9348982655606,2.0,1.5423092449589788,14.0,14.016268235701531,80.0,80.17387649030468,87.0,84.4256069578171,101.0,105.78712682784922
template_projection,ridge_10,2860,700.0,271.91479694774364,36.0,32.174150938666074,13.0,12.829088200587085,41.0,46.34596263066439,20.0,14.274749945052761,20.0,17.365289154544612
template_projection,ridge_10,2861,700.0,870.6650633061204,43.0,42.18989887947092,8.0,5.085604747899808,61.0,58.221044223367365,48.0,39.99018551236161,48.0,64.82797753783382
template_projection,ridge_10,2862,2600.0,2281.044656324254,2.0,24.881169631557036,19.0,10.628075005795882,65.0,55.945681932937,75.0,89.14028332246347,80.0,103.82119360933301
template_projection,ridge_10,2863,1700.0,1553.4335383954976,26.0,20.07700396493737,9.0,11.23478362608488,61.0,61.035547988314725,68.0,69.1239175202084,84.0,83.90825265367727
template_projection,ridge_10,2864,600.0,544.1871427391752,50.0,49.218539732180446,7.0,10.205190729230274,29.0,31.300273388117155,13.0,12.833965905038554,38.0,27.44264348740475
template_projection,ridge_10,2865,600.0,660.5803914276787,46.0,55.18279161435285,45.0,39.96395596895545,21.0,21.30611105785298,13.0,11.658749897957478,17.0,24.60452358723488
template_projection,ridge_10,2866,500.0,283.88556469732237,100.0,93.39357478864076,2.0,3.0652364588048346,4.0,7.978403226124577,17.0,9.788053230433931,17.0,22.234886336660608
template_projection,ridge_10,2867,800.0,1072.4934610506295,60.0,82.03693232411065,9.0,-12.108416495624342,15.0,20.093745115029723,18.0,38.004262855490076,11.0,31.981749443856373
template_projection,ridge_10,2868,1800.0,1712.2098229636663,2.0,-9.479218925559024,2.0,9.60704651228534,65.0,68.0851369746452,66.0,72.31506440311362,110.0,90.02659396230874
template_projection,ridge_10,2869,200.0,158.45732752737194,75.0,74.62340596229527,2.0,3.012599089544116,2.0,3.9651467690651856,4.0,-3.81739139913509,6.0,7.325645515924265
template_projection,ridge_10,2870,100.0,162.4700989773553,37.0,39.46935891743418,7.0,5.44186662348519,18.0,17.78011477167921,13.0,5.050330671669613,13.0,20.595216049976273
template_projection,ridge_10,2871,300.0,172.2173952465514,58.0,76.92164287657454,7.0,-1.3203053541704914,23.0,18.156643213273334,13.0,19.545221756006875,23.0,32.366490024249046
template_projection,ridge_10,2872,2400.0,2209.1256722221297,2.0,-0.9932503674349036,4.0,6.658419778003378,43.0,47.57686658730724,123.0,110.2866143198278,123.0,122.41452392220695
template_projection,ridge_10,2873,500.0,1221.4663476468882,145.0,133.06522635573828,13.0,-6.242824525485711,15.0,6.0519177031523625,74.0,91.87649202482413,74.0,133.66403785599726
template_projection,ridge_10,2874,600.0,582.5251897720792,55.0,58.49618252080866,7.0,4.792663162737094,20.0,20.98186537586875,6.0,11.943938395423615,24.0,21.21345010534941
template_projection,ridge_10,2875,2000.0,2387.563722836481,2.0,10.836696810996628,13.0,15.133556331432464,78.0,74.20948108093228,201.0,186.97018995439743,222.0,226.55136480333675
template_projection,ridge_10,2876,1000.0,1040.7025966832073,2.0,-5.622367078780471,24.0,25.758524436103237,68.0,69.73610372897322,32.0,22.41205493084147,32.0,34.31408456286616
template_projection,ridge_10,2877,1200.0,1067.9255656643547,136.0,129.51227973823003,2.0,4.501234396459791,27.0,29.942272648340026,90.0,78.85012750516293,97.0,100.61864225806951
template_projection,ridge_10,2878,600.0,116.46927806053782,85.0,73.17337418608933,3.0,22.491982584143468,22.0,26.705452489758414,6.0,-16.433489863163658,24.0,-8.867895410941173
template_projection,ridge_10,2879,1700.0,1824.910678043365,70.0,74.78730367614563,61.0,58.93127935127178,67.0,70.46289676145452,187.0,165.1862544639301,212.0,219.25764669016613
template_projection,ridge_10,2880,900.0,1319.1749127427545,29.0,24.980119868977972,10.0,6.585166940900228,85.0,74.91283858477047,86.0,87.87370078931278,115.0,143.1320988375995
template_projection,ridge_10,2881,400.0,331.9029890718441,107.0,101.39271118955395,4.0,4.264173320070785,14.0,13.90276952530781,14.0,9.083253928366219,14.0,22.789071013508035
template_projection,ridge_10,2882,200.0,177.61548779494,82.0,82.83455452296543,2.0,3.036322374634924,2.0,2.565102279409224,6.0,2.0900477624940805,18.0,16.280863824532148
template_projection,ridge_10,2883,2900.0,3203.979470031057,2.0,-4.429896034691687,12.0,16.814074368484114,196.0,192.6968572641594,340.0,338.63632891760267,445.0,435.52002556770753
template_projection,ridge_10,2884,5100.0,4941.157046964368,9.0,10.866497041580658,92.0,89.88673010260692,121.0,122.55766759332772,200.0,231.64618969788125,268.0,250.50642598083488
template_projection,ridge_10,2885,800.0,572.6246428726746,2.0,-35.93477087072115,2.0,4.8077826134697705,42.0,25.339898864137442,29.0,66.86858182289227,46.0,71.47661360268359
template_projection,ridge_10,2886,600.0,653.9320671263586,24.0,22.935995020676614,2.0,6.020825133471611,21.0,23.30222941894281,105.0,80.44262490574185,105.0,109.18652839590789
template_projection,ridge_10,2887,2500.0,2360.7890996262668,8.0,1.0087765756111082,54.0,51.75402219780316,70.0,69.54093338069131,54.0,38.74328837611502,8.0,33.098127277633
template_projection,ridge_10,2888,900.0,1015.2111011322756,30.0,42.948214538194996,40.0,37.80745603082188,53.0,51.869797277311136,18.0,22.02196427241229,35.0,33.18144572940946
template_projection,ridge_10,2889,400.0,53.48449968871887,70.0,70.13292232964386,5.0,1.6052257638763443,9.0,9.368003204988817,13.0,11.417630990551515,20.0,33.37988820180274
template_projection,ridge_10,2890,500.0,1528.2509305039316,71.0,96.04431348841686,13.0,1.0772682941808522,32.0,19.040054558428594,28.0,77.80333334127232,48.0,44.161352204583956
template_projection,ridge_10,2891,300.0,-122.56566622767014,73.0,116.769788208166,3.0,1.4119057013030432,7.0,23.93647661187253,12.0,-20.348183474300427,15.0,-8.346328875167174
template_projection,ridge_10,2892,200.0,57.84885525086247,52.0,49.703583483233004,2.0,5.6553507163080905,13.0,15.32013154459689,7.0,-10.489054520667551,7.0,11.92225413273718
template_projection,ridge_10,2893,1000.0,1015.926878026215,17.0,21.247351477510676,10.0,9.469594540714716,52.0,51.56258415143655,35.0,50.38025865182289,83.0,70.57359652865637
template_projection,ridge_10,2894,300.0,371.67583061237553,66.0,71.57315485351963,8.0,5.56682504153645,25.0,23.66947956721445,17.0,16.360016857687533,29.0,32.21967814918982
template_projection,ridge_10,2895,700.0,781.4774200533493,3.0,3.6086898411633257,2.0,2.3491559781643634,85.0,82.12278014530517,28.0,43.32947009486631,78.0,69.26144105372745
template_projection,ridge_10,2896,1300.0,918.5419588708286,2.0,34.61316327524012,35.0,26.137450189502857,75.0,72.30965862098225,42.0,57.61308692988901,64.0,70.66427764945661
template_projection,ridge_10,2897,400.0,165.54721321082093,59.0,55.897107031329135,4.0,2.5840184304700866,27.0,22.805560900158433,4.0,3.902588741501873,5.0,16.832168562327908
template_projection,ridge_10,2898,500.0,492.67146271984643,37.0,35.03466394592005,2.0,1.1144013110566533,19.0,19.406092690090784,13.0,15.986060186162021,25.0,28.168502101906313
template_projection,ridge_10,2899,800.0,610.8503148017062,43.0,21.56233465038796,19.0,30.444972570087877,68.0,68.62028850686602,36.0,25.858400744060333,53.0,56.6508039349995
template_projection,ridge_10,2900,400.0,415.18543205999254,50.0,52.319169779659894,2.0,1.0227557424217544,22.0,20.918941092059804,10.0,5.586175918099883,10.0,14.663037878905655
template_projection,ridge_10,2901,2000.0,2010.6384121630927,32.0,34.8679910742013,62.0,56.57643897129805,70.0,67.8988849500088,150.0,136.6755081532985,153.0,173.43629475758365
template_projection,ridge_10,2902,300.0,204.11863934633516,104.0,82.13983880846635,6.0,11.990242463849277,41.0,47.51332838383491,11.0,8.098416726745256,18.0,6.1754961645327455
template_projection,ridge_10,2903,2500.0,2515.852978485248,12.0,18.90679638323124,52.0,48.898197276327195,83.0,82.19688447699136,140.0,141.8053090651208,163.0,167.74564078209806
template_projection,ridge_10,2904,500.0,629.9517399518,63.0,65.62606677157858,6.0,9.619785105203428,25.0,37.04060928872015,27.0,27.35700927767069,60.0,32.66561667596315
template_projection,ridge_10,2905,300.0,-887.1944058206657,22.0,14.96390296896783,2.0,6.206847727426672,28.0,34.49489073696981,7.0,-18.486375091417457,7.0,7.792822518275116
template_projection,ridge_10,2906,500.0,545.0035708685303,21.0,26.51474495306127,9.0,7.693865015628152,44.0,41.83489096874453,14.0,12.058631927095078,23.0,25.019527899492147
template_projection,ridge_10,2907,1900.0,1922.1059974054651,4.0,0.4338999073218801,10.0,8.05317217981472,115.0,112.06277275141377,122.0,121.76864435472817,136.0,151.12022044163533
template_projection,ridge_10,2908,600.0,566.8557465902182,42.0,44.82366285040588,3.0,2.656649263373872,30.0,29.387768533721623,12.0,13.287942577337574,26.0,23.736705460460584
template_projection,ridge_10,2909,3200.0,2975.292071242268,2.0,2.4068593552365485,18.0,19.25498303889784,67.0,67.50057013398602,218.0,164.06822871683673,151.0,182.96967906074275
template_projection,ridge_10,2910,2600.0,3423.087525824826,3.0,24.143234983017393,9.0,4.2708265558120555,52.0,50.904180330129925,83.0,106.27321532790249,117.0,96.83551163788249
template_projection,ridge_10,2911,500.0,526.6722383292193,26.0,28.948449744527547,3.0,3.330148368904819,73.0,71.06022983118575,25.0,33.5342499624777,64.0,60.03470231661415
template_projection,ridge_10,2912,200.0,267.69608503432846,96.0,99.34689035132601,16.0,15.48106987691146,15.0,16.729824676020698,18.0,43.192959901015,95.0,73.93129485567269
template_projection,ridge_10,2913,500.0,631.8733521041576,24.0,30.445748036526023,4.0,-0.2627335393490302,53.0,53.22278847266812,45.0,38.20397076458168,45.0,59.869060239587576
template_projection,ridge_10,2914,900.0,1165.0010322906576,35.0,38.61031852466884,23.0,20.40193223416683,65.0,62.431394159860034,50.0,62.502302078719126,87.0,88.65837582867553
template_projection,ridge_10,2915,300.0,384.52148314175827,58.0,42.23638766356902,6.0,6.538376021526917,46.0,40.53850081212326,30.0,37.442015779595145,58.0,72.51697212003606
template_projection,ridge_10,2916,200.0,173.4452713783121,62.0,68.00376834201509,18.0,13.570989499318655,12.0,12.865959166206395,12.0,11.888275560165525,22.0,29.517795577096535
template_projection,ridge_10,2917,700.0,922.3461099220006,3.0,-1.0799045641727147,2.0,7.351783020625286,61.0,58.247345254052846,40.0,62.2372398579889,88.0,67.10960107860636
template_projection,ridge_10,2918,400.0,442.7112511073208,100.0,120.58412972999727,5.0,3.6377570335238687,5.0,2.1468356265513506,13.0,6.442744349306906,15.0,9.614131304904475
template_projection,ridge_10,2919,400.0,401.29668613927504,55.0,59.42744909109347,3.0,1.223956491691201,12.0,13.097428184838783,19.0,12.594237190500309,19.0,24.0881781984572
template_projection,ridge_10,2920,700.0,888.275302163772,4.0,22.60583854930546,4.5696,-1.2521732444578237,46.3978,37.15469930518389,38.0,24.291497326765487,23.0,52.12520815919724
template_projection,ridge_10,2921,400.0,342.74595232791523,62.9748,61.69287053023138,3.0,4.177047641794077,35.0,36.93471529566765,11.0,11.522236032664935,33.0,27.550613012240333
template_projection,ridge_10,2922,300.0,308.44039041458814,123.0,115.8170076181537,2.0,4.627429742260496,6.0,6.2971577415977436,20.0,11.350729050790804,22.0,30.5374138774456
template_projection,ridge_10,2923,700.0,563.4329988698134,198.0,185.54065080904462,10.0,13.543149260132354,16.0,16.687313432496282,35.0,37.649534035684084,59.0,57.894524210487276
template_projection,ridge_10,2924,900.0,568.2897960803499,42.0,27.048540550724102,26.0,34.09696733002246,51.0,62.04779523727587,66.0,57.088055406348474,111.0,97.13194805843112
template_projection,ridge_10,2925,3600.0,3622.3182701954593,4.0,-6.557971881761546,162.0,154.11757077060113,85.0,91.59989427683475,222.0,218.7023216307761,230.0,270.3410226859135
template_projection,ridge_10,2926,300.0,-21.251529623448278,40.0,55.62513389530806,7.0,-3.022232404316375,12.0,10.271962359261828,8.0,11.297426667543888,17.0,33.23659210672602
template_projection,ridge_10,2927,300.0,589.6915433377865,61.0,84.39270783962048,4.0,-2.800896438176027,12.0,5.956807402855688,13.0,52.41968951211521,105.0,84.03710044907248
template_projection,ridge_10,2928,400.0,1408.1526408010207,67.0,45.38360440665721,2.0,-1.7204281411414737,5.0,30.853888268204628,12.0,20.95425052468878,44.0,30.554625112675353
template_projection,ridge_10,2929,2700.0,2612.726277381843,36.0,38.7549007183852,66.0,61.986922067899464,62.0,63.437546026792866,75.0,80.67375406690287,76.0,81.33295475379217
template_projection,ridge_10,2930,400.0,649.8062988419175,55.0,81.93920905853805,26.0,15.477607935766503,9.0,21.997211208728128,13.0,6.3043420473086655,13.0,7.8931022974156235
template_projection,ridge_10,2931,2500.0,2304.3651864125563,79.0,73.2619445424166,2.0,6.74299523866288,22.0,28.05919344563091,226.0,196.28952386645645,226.0,231.70262256811222
template_projection,ridge_10,2932,300.0,375.69750705487706,37.0,42.68182185053219,2.0,0.4572071271983287,21.0,20.6953092171626,3.0,-3.0734307250915975,5.0,8.068714985172463
template_projection,ridge_10,2933,1800.0,1686.6157266455364,22.0,37.71621682954547,40.0,29.973633645316845,48.0,44.21052910811345,67.0,88.88490095673065,100.0,101.12794400877011
template_projection,ridge_10,2934,1300.0,1316.7147613526377,9.0,11.561433528723583,7.7112,5.744854863762088,61.59,60.47132324117479,90.0,75.6628776067449,79.0,96.6025632032984
template_projection,ridge_10,2935,600.0,763.1979484010747,2.0,-7.4493444370932025,6.0,7.782513576538311,119.0,114.44290204289717,21.0,31.14467956415377,63.0,65.11672594404743
template_projection,ridge_10,2936,700.0,782.9243265227159,61.0,61.33136255470951,5.0,7.227955974173275,19.0,23.893450792275218,19.0,10.662939085640218,23.0,18.344232581007844
template_projection,ridge_10,2937,1800.0,1739.3247468424292,2.0,3.4971860327984317,24.0,23.46291140698604,78.0,78.45867356684614,94.0,84.33037063566032,95.0,102.42385761755376
template_projection,ridge_10,2938,900.0,1002.2875834656132,4.0,5.79896569381733,1.0,0.5866783777126976,72.0,67.58034493612749,29.0,33.30759654319851,42.0,45.90007671678215
template_projection,ridge_10,2939,3400.0,3182.6803184406845,6.0,3.6840930346297185,21.0,24.076485375902372,88.0,88.45687527503476,113.0,148.69370858208353,195.0,164.34744591334072
template_projection,ridge_10,2940,2000.0,2104.7192191764816,3.0,2.993273339470072,47.0,48.91886088155305,97.0,90.82909102117772,100.0,89.03073956816857,127.0,130.65481186113163
template_projection,ridge_10,2941,600.0,613.3738033039509,222.0,223.8608697279827,5.0,4.728045226359757,27.0,28.778815704326355,60.0,94.2186093951833,157.0,132.45265144582044
template_projection,ridge_10,2942,3700.0,3662.6756482800893,19.0,23.636798043038134,85.0,82.35417559476106,111.0,112.17286915824145,185.0,207.7973471065871,258.0,245.14962357562354
template_projection,ridge_10,2943,1500.0,1407.0701064467157,5.0,2.7015575110159418,2.0,2.514167112455768,67.0,65.2526734020465,23.0,24.80594789015302,23.0,25.498781521784394
template_projection,ridge_10,2944,900.0,940.5857219471613,8.9964,7.095348239826471,38.0,40.834499346541946,54.0,53.0652248398601,25.0,26.379101506992,53.0,44.79984819115453
template_projection,ridge_10,2945,500.0,579.2909132489075,30.0,-21.67695384470163,28.0,40.16818119130355,34.0,30.08108803555728,13.0,16.000846848708377,16.0,20.30645895543151
template_projection,ridge_10,2946,2000.0,1859.4713263383555,171.0,139.60684087612947,9.0,12.557528266779936,26.0,37.37338524080626,42.0,72.77908523354938,91.0,79.34246328252036
template_projection,ridge_10,2947,300.0,317.4643798332452,89.0,86.91668133740919,6.0,6.128691951155561,28.0,28.502895887209142,16.0,16.626157459764293,35.0,35.54807114887451
template_projection,ridge_10,2948,3799.0,4218.122280095597,65.0,49.232049258325745,82.0,81.03933092607765,166.0,161.717324688058,238.0,231.6235816544819,241.0,261.3997606127605
template_projection,ridge_10,2949,900.0,1108.506552100359,48.0,44.71946446759921,16.8504,16.98387683337596,78.4246,70.89124599305218,38.0,64.44887974558641,100.0,95.77448239314822
template_projection,ridge_10,2950,1200.0,1053.3583911337432,39.0,28.38087429053055,2.0,4.248790898595681,26.0,32.96170985036954,57.0,45.56471011860452,57.0,60.565487573878414
template_projection,ridge_10,2951,300.0,296.9649097848262,49.0,52.71253155795547,2.0,0.06769886054523155,2.0,3.429977085086307,7.0,3.8925805058920417,7.0,13.15703999904008
template_projection,ridge_10,2952,1100.0,1150.774084549839,26.0,24.96304381377712,8.0,8.678772343624102,116.0,112.87021101048396,113.0,148.79489641236813,228.0,207.0425529477236
template_projection,ridge_10,2953,1100.0,1209.2520520011378,3.0,-8.208146509803257,19.0,27.906436499812934,73.0,77.96786551924981,18.0,10.115674317397193,18.0,-4.936859008525417
template_projection,ridge_10,2954,900.0,858.3520492936227,30.0,32.20985280293278,3.0,4.801285746643348,21.0,25.96477148863685,76.0,63.648686976792604,94.0,89.22629980963393
template_projection,ridge_10,2955,700.0,1531.4532393511934,9.0,90.89761842755965,2.0,-18.014627133672107,45.0,38.03867897363217,78.0,62.205612178284376,78.0,68.83752944846029
template_projection,ridge_10,2956,1700.0,1695.7214940165143,4.0,9.129419652397829,21.0,21.0363263860596,67.0,64.26833720186852,80.0,90.48326818499466,119.0,111.35394157221204
template_projection,ridge_10,2957,1700.0,1803.6372270311456,110.0,110.117321805167,7.0,8.056538749597447,60.0,55.98462016458763,210.0,183.42736123005358,213.0,232.76413646757794
template_projection,ridge_10,2958,2200.0,2077.5482322016833,16.0,18.62519843419505,22.0,23.84836315564236,55.0,56.68323393253902,95.0,82.56037006661192,95.0,91.70674604597097
template_projection,ridge_10,2959,3100.0,2516.043844651558,4.0,23.152211035131586,41.0,50.25875399348645,81.0,79.96467517620472,104.0,103.48512643723186,164.0,99.91131226391943
template_projection,ridge_10,2960,600.0,682.6735720954051,3.6414,7.033886972825826,3.0,3.012506722844016,46.0,45.88288700637891,18.0,16.966227686274934,38.0,29.954851015143973
template_projection,ridge_10,2961,300.0,311.2379505355914,63.0,65.93638905277399,2.0,-0.23849847362599874,29.0,27.00134280286564,16.0,10.835114870490017,16.0,26.399780603465075
template_projection,ridge_10,2962,1000.0,1182.7555120785676,66.0,72.67177811818337,10.0,11.257204729849883,51.0,55.90652612808837,77.0,100.21412277486354,168.0,135.01533127897818
template_projection,ridge_10,2963,2300.0,2343.8038617843804,3.0,8.831918015455528,34.0,34.107320573318034,87.0,88.87003477435618,160.0,187.64996223972082,264.0,236.8672927662463
template_projection,ridge_10,2964,1300.0,1324.8349112179767,31.0,25.52572081799272,2.0,3.9476698775546684,89.0,86.33245190422721,63.0,74.77939933157006,103.0,98.08900729238312
template_projection,ridge_10,2965,1000.0,882.4062857279,33.0,9.410373463973762,10.0,19.429858567001652,50.0,44.042230353041504,26.0,23.358562689689954,29.0,31.11732005575513
template_projection,ridge_10,2966,900.0,1009.1400911645401,30.0,49.24359754740846,14.0,12.377107289329624,41.0,32.854131734956425,43.0,42.025341585084796,50.0,49.16321429179622
template_projection,ridge_10,2967,1100.0,818.3357507107378,127.0,126.4764938134634,14.0,15.941657856949247,30.0,30.11082683565373,35.0,49.18394900323142,90.0,77.4223337633178
template_projection,ridge_10,2968,700.0,288.2787437799941,104.0,109.76904140518278,2.0,-13.550612637725598,8.0,7.24205793621973,55.0,71.78935104631043,55.0,87.35661122113757
template_projection,ridge_10,2969,800.0,365.192248125029,119.0,116.21724545451374,6.0,7.485174781578303,63.0,58.756291037180596,88.0,64.95827806758845,96.0,105.30309159651938
template_projection,ridge_10,2970,500.0,883.985577102344,58.0,64.27151247456092,6.0,6.403429828901823,44.0,44.64903246993964,33.0,59.065226232076725,117.0,87.08158980593697
template_projection,ridge_10,2971,2300.0,2273.8235548193866,68.0,61.51811779052815,39.0,41.30262981929415,82.0,79.23389691793801,213.0,149.84210342825222,140.0,186.68736960476207
template_projection,ridge_10,2972,400.0,-65.53796157210354,114.0,127.33601716971249,6.0,4.418494824010095,20.0,33.78241214155474,44.0,53.819041199116214,122.0,99.2900183636023
template_projection,ridge_10,2973,1900.0,1591.4830071334623,5.0,-23.773258872498175,60.0,61.74274744185134,73.0,60.03585739079028,84.0,76.61173700526659,95.0,121.20603406829308
template_projection,ridge_10,2974,1000.0,1337.3812014151629,2.0,1.9937279303955862,2.0,4.757268828609979,77.0,75.86074058439331,56.0,57.33636664679116,79.0,70.50569898019984
template_projection,ridge_10,2975,2300.0,2834.4350194379954,2.0,43.04836552185347,16.0,7.1479936448149,83.0,109.925382920597,135.0,132.46211950218168,165.0,126.23939878365127
template_projection,ridge_10,2976,800.0,836.8915115752234,4.0,4.670637913589573,2.0,1.222670429803074,52.0,51.29712508891713,33.0,27.074793924946228,33.0,39.056674094765995
template_projection,ridge_10,2977,1000.0,859.6949680599294,116.0,119.74365581602028,14.0,13.377203545490257,26.0,18.8118704756703,81.0,61.31327859409946,67.0,75.92034806115059
template_projection,ridge_10,2978,1700.0,1432.90588490679,11.9952,-3.9898795116609236,11.0,18.735019477121995,121.0,113.42326177449962,282.0,199.7192443093793,223.0,277.1098558942098
template_projection,ridge_10,2979,800.0,848.1161630837059,27.0,26.066625711088065,8.0,10.062895680969172,40.0,40.36007809273195,17.0,13.916116140438945,25.0,20.588969727700743
template_projection,ridge_10,2980,300.0,249.770284876828,90.0,97.2168990022164,2.0,3.37139720416579,16.0,18.97748892918279,45.0,68.60070982999481,143.0,111.18587321963575
template_projection,ridge_10,2981,2100.0,2208.5555534906644,47.0,39.36004791523737,18.0,23.194891412860283,78.0,74.37733102549537,98.0,95.55531978377972,118.0,112.66346573220677
template_projection,ridge_10,2982,700.0,468.80623015779383,266.0,251.95692306758508,7.0,13.304381280172299,10.0,11.4941897348926,72.0,56.160048414441306,78.0,84.12499832976022
template_projection,ridge_10,2983,100.0,337.03655714124375,82.0,104.61585663056624,2.0,3.677021104722723,11.0,9.743361630535375,4.0,-1.9267627365563698,5.0,-3.785033873406732
template_projection,ridge_10,2984,1500.0,1880.883373356795,11.1384,23.280285457795607,50.0,45.37275674444438,95.0539,90.62777540021148,175.0,154.16485667597834,184.0,206.67269177451175
template_projection,ridge_10,2985,1400.0,1490.906622690437,2.0,14.12381839476405,2.0,1.3551504725134205,109.0,103.45435652858114,76.0,79.26943022235685,117.0,109.65095211683658
template_projection,ridge_10,2986,2300.0,2642.538308378844,67.0,88.378077914783,87.0,71.45013682492934,98.0,94.00352501305906,195.0,177.03460743915718,168.0,209.55979830642224
template_projection,ridge_10,2987,400.0,606.5784820830277,97.0,99.47553214570078,2.0,-2.3008108754488017,14.0,12.557171050513539,19.0,23.304734266179658,22.0,30.171147444491183
template_projection,ridge_10,2988,700.0,1372.2338671724292,62.0,88.228578381425,2.0,-6.607152817569327,6.0,13.288576201665691,35.0,42.077672639041026,40.0,25.76381661957953
template_projection,ridge_10,2989,500.0,513.8814826953986,48.0,46.59379747660783,2.0,5.1250700231642465,34.0,35.13955866200196,37.0,29.124118172162873,48.0,43.473403123929195
template_projection,ridge_10,2990,600.0,696.6972839844105,187.0,192.7390902679459,15.0,14.309488550763941,21.0,23.04573088571053,35.0,29.340556180578467,53.0,47.727257011694626
template_projection,ridge_10,2991,200.0,776.0752107929966,41.0,61.758961238380145,2.0,-6.716987475787652,10.0,14.913368689478801,3.0,3.175961002622799,5.0,1.204762819332089
template_projection,ridge_10,2992,800.0,631.7621272693807,12.0,-2.0458255760346447,22.0,33.26905912037298,98.0,102.1296250192047,87.0,128.42849352073264,243.0,191.55379131675218
template_projection,ridge_10,2993,1700.0,1649.7154780208537,32.0,47.04792398487821,7.0,6.430252495287521,66.0,59.984737897466545,154.0,130.36927290415844,154.0,161.23688789493528
template_projection,ridge_10,2994,200.0,53.83281671873715,95.0,107.70918971548454,3.0,1.3272550094956657,4.0,11.263871336178077,10.0,4.793962633765588,22.0,16.4748467046861
template_projection,ridge_10,2995,5500.0,5521.324857243181,8.0,15.800911281596058,49.0,44.0287231193915,96.0,95.34151013961612,292.0,290.85118825240875,292.0,296.1441659166836
template_projection,ridge_10,2996,1500.0,1493.00527566524,2.0,6.0454970358479585,38.0,35.673807097526094,56.0,55.550187251018436,48.0,49.42914411271457,58.0,61.29675383931494
template_projection,ridge_10,2997,400.0,340.8408478127159,28.0,47.12071267056992,2.0,-0.7091212642897116,38.0,43.22668485694461,12.0,13.73565499371496,38.0,32.61644046059867
template_projection,ridge_10,2998,800.0,796.2765628599607,28.0,46.70961219788853,7.0,0.05184816067890452,64.0,58.825945891649866,81.0,70.42622085284714,81.0,97.11921325417084
template_projection,ridge_10,2999,500.0,480.94244612379305,51.0,63.36395300859354,11.0,8.82552639454996,32.0,27.013041920935684,10.0,11.395219266133253,5.0,19.569193890349354
template_projection,ridge_10,3000,1300.0,1429.3829123129508,110.0,101.36015482715453,11.0,15.518474345191928,62.0,60.71326069814725,192.0,160.3007644388913,192.0,206.24037030436455
template_projection,ridge_10,3001,600.0,891.6873317912963,43.0,61.61528389298506,19.0,9.408690274760431,35.0,24.244590577106283,20.0,28.708380569371386,23.0,39.36339310683955
template_projection,ridge_10,3002,300.0,346.891434092249,65.0,67.56532696424858,6.0,4.498004044302853,14.0,15.052427138183553,6.0,2.5291369881007455,10.0,12.72445154224593
template_projection,ridge_10,3003,100.0,686.0770713331701,85.0,66.20883670616603,2.0,-0.497958264410725,6.0,1.6520413012943038,6.0,22.89307441124977,6.0,29.354868469932683
template_projection,ridge_10,3004,300.0,272.0666880928844,72.0,60.23029418585105,3.0,7.040294771863147,27.0,21.94217445635813,8.0,3.8807821481917415,14.0,20.402472644729713
template_projection,ridge_10,3005,200.0,112.03676062987734,40.0,44.409505622715244,13.0,11.956677525490349,27.0,26.0510164460455,8.0,6.594443444992137,26.0,40.478615625995005
template_projection,ridge_10,3006,700.0,739.233068339655,60.0,59.144668861499596,20.0,21.868957274289077,53.0,44.29850378166641,114.0,101.31673646955562,138.0,144.91221452961497
template_projection,ridge_10,3007,800.0,810.5911227936599,32.0,27.68196337362015,13.0,14.559621151102535,69.0,65.87828466584926,53.0,40.85072996415299,55.0,65.03169118897881
template_projection,ridge_10,3008,500.0,606.2715346213716,32.0,30.008067577553472,2.0,3.196801332396621,44.0,47.74480705191952,40.0,27.479990624720152,40.0,47.657956527211155
template_projection,ridge_10,3009,700.0,827.0806497751335,131.0,136.2130891171903,11.0,5.8288958781639195,22.0,20.926666936103775,64.0,66.34083374814735,69.0,79.93023531834211
template_projection,ridge_10,3010,1600.0,1690.3794185672398,11.0,-11.854999645540858,30.0,38.86056625790461,64.0,65.21982333535829,81.0,75.34781988792587,89.0,90.84978469201808
template_projection,ridge_10,3011,800.0,1613.9654922107984,127.0,117.22805344966852,15.0,-12.735704078828773,80.0,50.13663101684419,58.0,134.39379662797455,144.0,190.22851187984443
template_projection,ridge_10,3012,500.0,461.53082490675604,17.0,22.5067816587839,2.0,1.0800923783029486,38.0,38.80940010903349,29.0,18.257071867020883,29.0,32.85879899314425
template_projection,ridge_10,3013,900.0,865.2508084755193,102.0,98.1547404599224,6.0,6.890685721148127,50.0,48.83807642858429,52.0,54.52369300591498,80.0,77.9177259945692
template_projection,ridge_10,3014,1200.0,1280.2084194382614,2.0,9.484330630790481,2.0,-1.3546725394877033,28.0,28.446017182370195,58.0,55.293405170870514,58.0,63.23713904332549
template_projection,ridge_10,3015,1600.0,1419.8253078032342,190.0,172.34623023542318,35.0,42.06779995552913,56.0,55.846599270771016,113.0,88.09850815787343,113.0,111.73524325020101
template_projection,ridge_10,3016,900.0,794.5331760389802,181.0,175.8340485113802,12.0,15.59487225033482,33.0,34.542343946298466,77.0,57.29846800310708,77.0,85.13398774050742
template_projection,ridge_10,3017,1700.0,1721.9556981557885,105.0,107.85862878186022,50.0,46.70572739215446,56.0,53.33326888913099,117.0,113.05832561473076,134.0,145.22998035203372
template_projection,ridge_10,3018,1100.0,1027.8665608127867,156.0,148.9337985566591,2.0,4.481021704011869,36.0,36.371350570437876,100.0,94.57063790327655,124.0,126.5808258159867
template_projection,ridge_10,3019,700.0,549.7131086007156,53.0,51.44419141915917,3.0,3.476511610680289,25.0,26.123287067541106,47.0,36.05776955170012,49.0,56.02303017712726
template_projection,ridge_10,3020,800.0,1305.8265810557489,2.0,25.668103879299984,16.0,1.279680469491927,87.0,88.95582664298183,81.0,85.11349285864236,100.0,115.20339813081543
template_projection,ridge_10,3021,2100.0,1720.9283106388057,6.0,-21.007488498230117,45.0,36.53404434303544,88.0,89.90975980934826,76.0,97.38076100944224,116.0,147.88520379108814
template_projection,ridge_10,3022,1600.0,1489.6055503173482,2.0,-0.0802079467242649,3.0,3.572970418710012,45.0,45.18676130846114,73.0,67.90625666661882,73.0,77.83860189104396
template_projection,ridge_10,3023,200.0,96.44695841927455,24.0,29.11212830297743,2.0,0.343973782157839,4.0,8.00679788811928,4.0,-6.30700788746978,5.0,6.626558735914443
template_projection,ridge_10,3024,900.0,925.5760915376228,89.0,91.92698005241724,19.0,18.354344445860704,51.0,46.91500743473836,101.0,104.16733535732929,143.0,144.18609908171632
template_projection,ridge_10,3025,1600.0,1366.6817421380006,45.0,46.95949056166291,64.0,65.36307006420208,61.0,65.55355925137826,128.0,98.58396500900156,128.0,147.62691740696047
template_projection,ridge_10,3026,600.0,563.5590567271328,175.0,171.8001337196687,10.0,10.613315226848979,26.0,25.45873521410185,43.0,61.83789442934368,104.0,91.97835779888337
template_projection,ridge_10,3027,900.0,952.3462549627793,47.0,53.57676784547174,30.0,29.382138818398015,44.0,42.25608808317243,45.0,37.00265711462213,55.0,57.05872889096431
template_projection,ridge_10,3028,100.0,138.92311660495238,117.0,115.41014313783131,2.0,3.362449349146255,23.0,22.849273105258316,34.0,47.851719541218664,94.0,82.96567089059177
template_projection,ridge_10,3029,1300.0,1423.0910225173873,238.0,235.47992980510728,76.0,72.2181395096093,30.0,29.99715809924819,116.0,122.12986394495523,149.0,162.37267304961892
template_projection,ridge_10,3030,1400.0,1326.4371458443718,44.0,44.499044817190914,8.0,7.224870495380186,45.0,48.404623910461886,43.0,53.652329574166714,68.0,62.15875356748131
template_projection,ridge_10,3031,1000.0,848.3361418560437,357.0,337.78862968687173,9.0,14.050926461866258,25.0,26.335853130270333,180.0,148.8392879851702,180.0,204.5638073308893
template_projection,ridge_10,3032,2299.0,2001.8234401249665,2.0,-6.521492197904763,9.0,4.773308009259869,97.0,91.96662215775369,95.0,108.51498296741102,97.0,115.77923794648848
template_projection,ridge_10,3033,1100.0,1219.6117770462,2.0,5.024678378077489,15.0,12.55856741284362,92.0,87.51877549503402,74.0,86.9491643112716,124.0,121.8531891284882
template_projection,ridge_10,3034,1800.0,1662.7609475820013,26.0,21.14861308285095,20.0,21.33420486520883,96.0,94.48159854257946,100.0,103.2198835358453,133.0,132.653313955545
template_projection,ridge_10,3035,3100.0,2948.565147272642,3.0,12.769773719491312,48.0,49.37416375212446,69.0,68.49628141719401,129.0,141.30035943864928,166.0,152.6870342813245
template_projection,ridge_10,3036,1000.0,852.8045750818178,57.0,71.42286962588008,12.0,5.2724793497182,21.0,22.864593431408924,12.0,16.160792851193364,25.0,27.51551579962303
template_projection,ridge_10,3037,5200.0,4994.985043238846,13.0,2.138580823916655,99.0,89.49863948799234,171.0,166.56394308493188,314.0,336.0993260907305,373.0,406.6170170833939
template_projection,ridge_10,3038,800.0,845.4316807800142,93.0,89.85753663051466,20.0,21.063736552622533,58.0,55.71166958831435,45.0,41.54017564265445,59.0,63.4630943123139
template_projection,ridge_10,3039,300.0,306.3018200013995,77.0,74.508931951388,2.0,2.4899029207737264,29.0,28.638745735507783,8.0,39.7769895287864,89.0,69.06669031424387
template_projection,ridge_10,3040,800.0,765.8778145872614,2.0,2.7896020845024125,5.0,13.653203708659554,63.0,69.27839513332903,38.0,78.78937690195674,177.0,118.13292233333692
template_projection,ridge_10,3041,1100.0,1246.5014030804061,27.0,29.680738601753163,11.0,10.804138082110835,83.0,80.4667732692665,83.0,107.3956475133594,166.0,149.47257491691613
template_projection,ridge_10,3042,700.0,587.3803711361669,190.0,182.00752057254647,13.0,15.59221206251184,24.0,23.926836939068313,36.0,39.902383307864625,64.0,62.413170179253974
template_projection,ridge_10,3043,1100.0,1108.627101053583,53.0,55.3910380326725,2.0,2.8597045305763125,31.0,33.73559433907937,61.0,45.19381538758256,61.0,60.45462999189181
template_projection,ridge_10,3044,700.0,11.158745837204833,47.0,21.400522315768256,12.0,33.547105817664146,14.0,45.58287681676494,30.0,-6.799403884864134,30.0,-1.2973307715659814
template_projection,ridge_10,3045,2700.0,2529.1804000816173,3.0,-4.7109437817946755,12.0,24.586578383537883,40.0,45.16678748199173,91.0,81.6528099780598,91.0,64.08044672226809
template_projection,ridge_10,3046,7400.0,6606.267821487404,16.0,13.230652110713592,88.0,89.6242271881187,152.0,154.92069352584815,156.0,204.26661244597892,214.0,184.32107941563936
template_projection,ridge_10,3047,1300.0,1693.9993401810798,48.0,59.75807807196123,6.0,-1.249302295248457,47.0,44.02019505683353,149.0,143.79259610990724,173.0,186.14637015576068
template_projection,ridge_10,3048,1800.0,1509.692961463485,208.0,184.37089718943338,13.0,18.122671440109563,43.0,45.22211081926552,214.0,187.7767382941829,214.0,234.6475970073091
template_projection,ridge_10,3049,1100.0,1278.7496610231274,25.0,27.79410246450559,24.0,19.731859997035556,49.0,48.96525687893444,64.0,86.16252771969737,115.0,114.35203015749703
template_projection,ridge_10,3050,600.0,545.8555724619515,39.0,47.11286012031558,2.0,-0.38137296901241946,55.0,55.04886146271376,42.0,49.68307298758546,85.0,76.84639804448696
template_projection,ridge_10,3051,400.0,430.89039669053545,105.0,106.02445072680273,15.0,11.749304024262656,27.0,26.694520080434565,23.0,18.643271675903264,23.0,35.22924944542429
template_projection,ridge_10,3052,2600.0,2627.9738805686334,13.0,19.022402418527896,24.0,21.72422326082224,48.0,54.113137376366424,85.0,98.52723608150048,111.0,94.62120255491519
template_projection,ridge_10,3053,300.0,275.8257998526219,51.0,51.325122472941885,2.0,-0.5205999225609563,13.0,12.919536723146997,3.0,9.484844717405963,21.0,24.853033504039843
template_projection,ridge_10,3054,900.0,979.5464523476203,155.0,147.24692076731574,2.0,5.756944768224491,30.0,26.038877665513986,88.0,72.73061512703252,88.0,100.9985240761456
template_projection,ridge_10,3055,1000.0,1156.6256799746664,58.0,63.610967938259584,26.0,24.953087566531927,71.0,64.15330182080301,98.0,97.1140751240065,133.0,137.55670056296742
template_projection,ridge_10,3056,900.0,1243.054819396519,86.0,103.43586336305106,53.0,55.15388620258097,36.0,46.77642731196493,104.0,295.23539887489164,589.0,421.08359637226647
template_projection,ridge_10,3057,1100.0,1096.1934032668557,2.0,11.453043737136475,26.0,22.6077827558114,60.1529,59.490392391271826,27.0,35.33948238215425,55.0,52.11415699159131
template_projection,ridge_10,3058,1400.0,1481.3794303604975,2.0,29.59170106611279,2.0,2.658124508127285,52.0,45.761748658234374,39.0,36.319710719506176,39.0,29.687778732874605
template_projection,ridge_10,3059,400.0,382.141484097804,165.0,162.15570236208646,5.0,6.361185143260617,19.0,20.132019380432876,31.0,58.865193066661426,114.0,92.84560819379489
template_projection,ridge_10,3060,700.0,866.9513110546477,25.0,44.35264723870807,9.0,5.186427361767162,66.0,58.955374012511605,89.0,89.24335617203589,112.0,115.7970457263812
template_projection,ridge_10,3061,400.0,404.1365565238257,69.0,70.15884907448266,7.0,6.586568422234416,21.0,20.631472177981156,12.0,6.554898846211941,13.0,18.99357001177117
template_projection,ridge_10,3062,500.0,458.73373734544793,38.0,36.522819685942295,3.0,1.9741987786629558,8.0,9.451406315560327,5.0,5.298840953766003,9.0,13.108668719007
template_projection,ridge_10,3063,1100.0,1013.2268897836213,8.0,10.352897821350517,2.0,0.4654671784521529,38.0,44.59551869798178,93.0,77.79040232116053,93.0,101.0304808484598
template_projection,ridge_10,3064,700.0,915.0710602934125,130.0,132.4768024928453,19.0,15.182030088655065,34.0,27.23946607682045,66.0,91.19567844542401,129.0,125.35531957865103
template_projection,ridge_10,3065,800.0,858.2455509767813,2.0,7.3075074807548575,4.0,2.550825527957965,21.0,21.049765991283458,56.0,47.57596366047632,56.0,61.85184948681711
template_projection,ridge_10,3066,700.0,804.1521720063334,5.0,7.166724461347648,2.0,1.4339199506503633,78.0,75.20894014633915,31.0,39.492873368293026,65.0,62.082178887183765
template_projection,ridge_10,3067,3400.0,3407.7622986001206,7.0,10.137446920162006,54.0,51.19464955651157,116.0,117.25905235421021,339.0,304.25816180961726,350.0,376.6129454633267
template_projection,ridge_10,3068,600.0,770.979398326037,2.0,7.187739991912721,2.0,1.5683804962827281,66.0,64.74616506929114,21.0,38.73218156167645,74.0,58.61031324827702
template_projection,ridge_10,3069,1100.0,1239.446264107539,2.0,3.8866673597879995,2.0,1.8387632334139923,50.0,49.585159176962314,68.0,58.412802891035085,68.0,71.83818370092126
template_projection,ridge_10,3070,300.0,287.05017685599637,80.0,75.58759503464167,2.0,3.137611262573051,16.0,16.109694968705327,21.0,17.154905508919974,29.0,31.318967784299147
template_projection,ridge_10,3071,300.0,266.73733265723706,34.0,33.271023337354244,3.0,4.380093134908131,7.0,9.800052949141374,3.0,9.039144014280353,34.0,23.786455177585623
template_projection,ridge_10,3072,700.0,909.5159544162361,33.0,50.68313202530844,7.0,-2.347169778413603,41.0,40.869546511126345,140.0,133.5712070180928,190.0,189.43187653498288
template_projection,ridge_10,3073,200.0,496.2753602069282,69.0,82.10472875707457,3.0,10.435612926628519,14.0,29.12626913389485,41.0,280.0132664726452,629.0,409.4688096272881
template_projection,ridge_10,3074,1000.0,990.2373578858643,230.0,235.036844868734,3.0,4.636354189747026,23.0,24.6632816564639,106.0,94.33997792021981,121.0,124.56330480457689
template_projection,ridge_10,3075,700.0,813.5209404101765,13.0,17.47747769899248,18.0,15.104009898847199,63.0,61.03378425531006,24.0,28.20715333509788,40.0,42.48764843272919
template_projection,ridge_10,3076,800.0,807.5331521794301,72.0,74.38127270008054,28.0,25.554364120524422,27.0,27.659638476139936,64.0,53.39839726303592,64.0,73.93877608756092
template_projection,ridge_10,3077,600.0,729.2101441167084,10.0,-3.4955189348403195,2.0,0.2318529712371582,51.0,63.337777049218374,22.0,18.762882276381973,22.0,32.47828199537582
template_projection,ridge_10,3078,3400.0,3377.453880616491,2.0,6.149050337836577,37.0,33.73838921972387,122.0,120.91840484404776,238.0,218.89000990429685,238.0,256.54308100419064
template_projection,ridge_10,3079,1500.0,1531.1333672680596,58.0,53.23855338067772,16.0,15.688075856129169,83.0,83.36305170652341,75.0,83.71864425427987,110.0,109.28140672209884
template_projection,ridge_10,3080,1000.0,1048.6575300454317,21.0,25.03787756341132,5.0,3.8313482832292944,59.0,56.606226068686816,112.0,96.1499928617015,118.0,131.60075330898036
template_projection,ridge_10,3081,1100.0,963.7693498572005,150.0,132.40002434988315,76.0,82.17136444049123,52.0,57.46238637924575,96.0,75.51082165147187,136.0,120.38274531595323
template_projection,ridge_10,3082,300.0,101.27383780713262,19.0,6.575753423379425,5.0,8.455280641030749,35.0,43.61929911654872,13.0,-10.934651190838949,13.0,9.864972220954343
template_projection,ridge_10,3083,900.0,906.4249149454479,48.0,48.84779353951484,9.0,9.485238823301842,39.0,37.616289654613496,23.0,29.487240758766966,42.0,38.58098590466717
template_projection,ridge_10,3084,3900.0,3753.482612501398,31.0,34.848478093576176,73.0,70.09396825323789,74.0,77.34752917264248,240.0,223.3972878796305,240.0,252.99440912861124
template_projection,ridge_10,3085,1000.0,1051.8568583630358,23.0,15.637838115479589,2.0,4.305054631496267,35.0,34.5441501972991,39.0,34.799696925148474,39.0,42.96180613974273
template_projection,ridge_10,3086,3000.0,2904.027127313322,6.0,1.7698823171179043,7.0,8.49945373391357,120.0,118.29710310625418,165.0,154.1447426159403,165.0,174.17665309949228
template_projection,ridge_10,3087,1300.0,1246.7782978932485,34.0,38.599279536488126,22.0,20.958318339310686,71.0,67.70484626559644,68.0,57.18041408531306,68.0,79.70621902860081
template_projection,ridge_10,3088,1000.0,1321.2413492836286,2.0,10.488686958203246,6.0,7.9944949882260445,43.0,37.97213586780107,44.0,37.62004684546956,44.0,38.16888381584474
template_projection,ridge_10,3089,1100.0,1025.695778023001,72.0,93.41944535264517,7.0,3.000703965428663,84.0,82.72953899747789,48.0,51.887582208337435,84.0,62.60200039365275
template_projection,ridge_10,3090,300.0,495.9781460789069,52.0,44.96929420149732,7.0,8.195025287918671,15.0,17.644618760004235,38.0,26.58096406736899,45.0,50.35624883299593
template_projection,ridge_10,3091,900.0,889.3387158362239,195.6,187.19387808580683,17.3,19.04555373720597,30.8,33.368484538186706,83.9,92.00378169585377,134.0,129.36463731143178
template_projection,ridge_10,3092,1200.0,1124.676940594921,21.0,23.796242686641065,14.0,14.065360624283267,40.0,40.711712216467426,33.0,41.574437351118924,63.0,54.34125528143084
template_projection,ridge_10,3093,3000.0,2776.394401807007,2.0,-0.5312894148212806,8.0,10.67219464237943,75.0,76.62574628578838,136.0,137.9597209480591,159.0,151.82118681084305
template_projection,ridge_10,3094,1500.0,1516.7103037386996,8.0,6.343199670214673,4.0,8.813483382240003,34.0,39.121979409958,82.0,67.44852859823649,82.0,78.3832386350744
template_projection,ridge_10,3095,1100.0,511.83179346630504,35.0,18.895763257809172,30.0,40.7177303590222,86.0,87.03209877367689,108.0,102.20244213380907,180.0,163.08595686202665
template_projection,ridge_10,3096,800.0,736.384082393056,171.0,162.71530472377583,16.0,19.43000428228469,34.0,35.282508109994815,68.0,82.3062092279442,129.0,114.92960381242244
template_projection,ridge_10,3097,200.0,219.6879481207833,93.0,86.86531278983882,2.0,4.36102383988697,14.0,14.541034386390876,9.0,2.2967514496040025,9.0,11.466275695579483
template_projection,ridge_10,3098,1000.0,683.8709112898845,263.0,239.48137806851264,7.0,16.394741020655047,25.0,27.999563527825334,89.0,90.65605476483563,140.0,127.80354245710325
template_projection,ridge_10,3099,600.0,628.9089723491052,5.0,7.805841389754583,7.0,5.116953659600892,42.0,40.55412770109311,30.0,24.318964396297055,30.0,39.29771469800065
template_projection,ridge_10,3100,800.0,844.9906713942135,2.0,6.873267845632775,2.0,1.0826558775367126,56.0,54.07410616173361,30.0,41.59224479919365,66.0,59.37422055994987
template_projection,ridge_10,3101,2000.0,1930.7967710006656,2.0,-2.9715432180692005,19.0,22.883785903921765,90.0,81.11262688594658,116.0,118.07928540334684,152.0,148.1488402893372
template_projection,ridge_10,3102,1000.0,1309.6471380460018,25.0,36.586465333755115,40.0,34.310196280661096,128.0,121.78389294404013,147.0,140.69654274542853,182.0,197.85525595443977
template_projection,ridge_10,3103,800.0,785.7596102904272,19.0,7.553251633597981,5.0,8.084138985724646,60.0,60.42587257744738,25.0,42.187919056453744,76.0,65.49133269816781
template_projection,ridge_10,3104,300.0,399.2086274936472,56.0,52.22046383771753,5.0,2.81466560371568,11.0,13.86624168058598,6.0,7.743063877789595,18.0,21.992292666151684
template_projection,ridge_10,3105,400.0,466.6150340005647,55.692,64.47164373384219,24.0,19.170668323702877,7.0,9.553540506680655,7.0,3.9492092396836256,6.0,12.147956672543742
template_projection,ridge_10,3106,500.0,533.8966060784882,188.0,181.93956293493113,8.0,9.797388177076368,25.0,22.42847092357812,39.0,67.00681246508866,108.0,92.9254620984925
template_projection,ridge_10,3107,500.0,469.36721142023873,14.0,15.254052133968521,10.0,8.565547516224132,44.0,41.809922115877484,14.0,17.04443397699346,30.0,35.70036323320605
template_projection,ridge_10,3108,7800.0,7712.543076644108,17.0,12.99430705588729,14.0,11.643800239736896,225.0,229.46104653402745,586.0,552.8031187123945,586.0,620.0412115705461
template_projection,ridge_10,3109,800.0,1007.1168974749095,48.0,69.45707904187904,11.0,10.257462487578604,58.0,47.937559381646906,28.0,35.47506909754503,64.0,40.231462977170835
template_projection,ridge_10,3110,2300.0,2145.3747067598642,38.0,31.76432855103438,2.0,3.7960776509024363,45.0,47.403714954735335,65.0,68.08352327772968,65.0,61.680656075166766
template_projection,ridge_10,3111,1200.0,1300.0718323681697,72.0,88.28533501266075,25.0,21.65590224735447,43.0,43.40545320036604,69.0,62.061632514051425,82.0,82.2701253776504
template_projection,ridge_10,3112,400.0,477.53286276280244,36.0,33.5994079563503,11.0,13.30718609187239,15.0,9.955389169649443,7.0,10.185951009620922,13.0,12.079631832939853
template_projection,ridge_10,3113,1700.0,2003.6225298457775,73.0,93.29719760932551,35.0,37.93501451879041,55.0,45.13009629398017,78.0,79.06996289794577,117.0,97.76982560348812
template_projection,ridge_10,3114,300.0,290.4313974364268,19.0,1.4140778890441013,2.0,5.159970717824702,29.0,30.051604446117864,4.0,7.301649661398756,25.0,23.076638068884037
template_projection,ridge_10,3115,500.0,236.75743754116274,117.0,109.67447406864756,6.0,7.923029168548248,14.0,17.362405735508013,46.0,36.23235164946937,56.0,66.06027765249057
template_projection,ridge_10,3116,1200.0,1294.2496726782626,17.0,30.633082252005636,5.0,1.671931674450148,48.0,44.51982033904053,87.0,80.45074547705687,87.0,92.31741191092712
template_projection,ridge_10,3117,2700.0,2887.035230899907,5.0,36.147416244827355,64.0,54.99491911860576,86.0,83.58335240398031,100.0,101.4248502211251,127.0,126.24725012440001
template_projection,ridge_10,3118,400.0,323.71631737604673,59.0,62.9969035855704,2.0,-0.6526036476158072,8.0,10.86541110444486,10.0,4.8361845542117265,11.0,15.223095057776362
template_projection,ridge_10,3119,1100.0,1322.5851133291583,79.0,88.8583408014201,45.0,39.46070803597835,70.0,71.73088242155468,125.0,120.55224423174218,165.0,183.7448174061678
template_projection,ridge_10,3120,1500.0,1711.1441373019652,101.0,109.30805911118344,9.0,1.381042717197916,103.0,106.2502598386463,117.0,163.74893071003567,214.0,200.25546950934577
template_projection,ridge_10,3121,500.0,393.2448953907581,166.0,172.22918329256527,10.0,10.347936891695404,26.0,33.297886131388395,45.0,64.21627520627044,123.0,103.43496373868152
template_projection,ridge_10,3122,400.0,426.9045685961354,61.0,62.28117016790004,3.0,3.6240542829739315,9.0,8.63037367680645,7.0,12.688000377966631,31.0,23.734143209165197
template_projection,ridge_10,3123,1000.0,953.7442244130549,34.0,38.18509255959124,21.0,15.8513071540503,37.0,38.42941232522327,20.0,20.514318501028903,20.0,28.9566074141498
template_projection,ridge_10,3124,800.0,626.4856271011095,26.0,24.490635730943026,3.0,-1.426512136601998,59.0,68.18191841511374,46.0,61.28439746735469,101.0,96.50475455697398
template_projection,ridge_10,3125,1400.0,1272.7767637137852,209.0,195.3063395614161,8.0,9.357962765532974,22.0,23.03261772575484,128.0,113.23797254868668,128.0,145.22959975000686
template_projection,ridge_10,3126,1200.0,1211.3478569743593,38.0,42.88849451376177,44.0,40.89967710150319,36.0,39.21071045965681,71.0,68.29497427865392,91.0,92.87965563960647
template_projection,ridge_10,3127,300.0,214.42808239800866,128.0,124.50004591819564,2.0,1.8473004491378635,10.0,4.30232104034981,10.0,9.052157571497887,10.0,21.349899732295
template_projection,ridge_10,3128,5900.0,5683.657026400994,5.0,8.595779996931078,92.0,88.3154118092819,119.0,121.7962377953447,323.0,304.9248858707205,312.0,330.28299788648803
template_projection,ridge_10,3129,1700.0,606.67406046385,4.0,-12.005938013359213,11.0,21.417216906221306,52.0,62.86764989996275,132.0,95.46041968899948,157.0,161.24227648478316
template_projection,ridge_10,3130,2300.0,2142.4445306503276,46.0,42.35460053832714,33.0,34.33340484669052,76.0,75.12631699085955,113.0,116.79877463830022,141.0,142.60290693730013
template_projection,ridge_10,3131,500.0,770.8351080338336,2.0,8.534619930095268,23.0,18.81486503048658,70.0,70.49153094447155,58.0,55.59725647393061,80.0,87.68250575929918
template_projection,ridge_10,3132,1000.0,934.0116012356557,64.0,63.504778062289745,3.0,4.167675774840866,23.0,26.46761975788447,64.0,51.01181882821156,64.0,67.47440887652996
template_projection,ridge_10,3133,1600.0,1416.833842682055,52.0,52.04889154814732,4.0,9.980520076908924,67.0,61.01162904838413,175.0,139.8853866900698,175.0,187.88573349548645
template_projection,ridge_10,3134,400.0,386.143102784177,67.0,68.42369375934891,2.0,1.7757389483993364,13.0,13.16806084741355,17.0,10.58551587507472,17.0,22.041357692879032
template_projection,ridge_10,3135,400.0,277.31128300748264,173.0,158.21792877453566,3.0,7.5612962257427085,24.0,38.751828267170225,19.0,15.397212082230311,46.0,22.364958426619495
template_projection,ridge_10,3136,300.0,211.64925374077893,86.0,90.23611260409825,11.0,9.845677052864517,6.0,9.669861440886763,16.0,12.777984342880501,35.0,30.284655648019083
template_projection,ridge_10,3137,800.0,905.3779596007384,173.0,167.56792613265142,26.0,26.76585785431584,49.0,49.398290728847485,107.0,101.38685287552138,138.0,142.84226473175096
template_projection,ridge_10,3138,300.0,-137.46516266293384,109.0,157.74950288199517,2.0,-1.3406968145681564,11.0,1.1042310403147013,33.0,21.823760468912916,87.0,78.15843027032166
template_projection,ridge_10,3139,2100.0,1957.7212201029279,8.0,5.858860672378036,11.0,11.740542984143959,58.0,58.43562614751839,63.0,62.45178055981707,63.0,64.21595179946038
template_projection,ridge_10,3140,300.0,109.16454183565361,51.6222,70.36894510017707,3.0,0.8977737152137291,12.0,21.452929062048575,15.0,5.17905568524894,37.0,25.35269862052705
template_projection,ridge_10,3141,200.0,173.70297716619075,81.0,79.68808508108759,2.0,2.8760441288542147,17.0,19.728230736025647,9.0,-0.5711577816056348,9.0,11.802801278467626
template_projection,ridge_10,3142,200.0,258.3851759938906,67.0,67.98756144749203,2.0,0.9348934028016114,4.0,6.004059965798646,3.0,2.2850349662886202,13.0,12.298357434103366
template_projection,ridge_10,3143,100.0,94.43397230300593,118.0,115.23081715986167,5.0,6.255392623011192,3.0,5.323521292670229,15.0,12.122867096355918,36.0,32.0235551597207
template_projection,ridge_10,3144,1800.0,1750.6584104825224,2.0,3.7736304200601936,15.0,14.602638167675998,54.0,54.66248316029812,67.0,70.31044335535375,83.0,80.11961386202343
template_projection,ridge_10,3145,400.0,244.7330378003312,53.0,53.38282138002748,2.0,5.264796258117162,27.0,27.811275952958972,12.0,1.1799171845419352,18.0,20.30611828122396
template_projection,ridge_10,3146,900.0,657.29035438465,87.0,76.38614753551383,12.0,14.553997144878547,35.0,33.689374834040194,66.0,51.29564878556479,66.0,79.69568640980498
template_projection,ridge_10,3147,700.0,654.8736286161623,34.0,34.97868760453648,2.0,1.9537007903547874,22.0,22.801213422566263,31.0,23.76843063575277,31.0,34.308207889470765
template_projection,ridge_10,3148,1700.0,1421.6389794412112,48.0,43.87848409834871,13.0,12.857913384719474,41.0,41.30990814195634,59.0,59.57594719218852,63.0,69.65042252878685
template_projection,ridge_10,3149,600.0,740.622635229336,68.0,69.13714487277677,12.0,23.677361499010907,51.0,55.44155213508203,74.0,48.18252040255528,118.0,89.37118709504321
template_projection,ridge_10,3150,2100.0,2207.1228570123913,16.0,20.78717174266297,16.0,14.031607961596283,86.0,87.61941968360134,142.0,115.23866774521316,103.0,124.04309557057039
template_projection,ridge_10,3151,600.0,498.2767794218778,9.0,12.870415374674941,6.0,-1.1568674217733292,109.0,120.89954534018307,41.0,79.73797034627098,167.0,144.69123605458543
template_projection,ridge_10,3152,1700.0,2006.2465047332155,9.0,1.314508320441412,19.0,21.780146589548576,141.0,139.61239872738471,154.0,150.35578186248003,200.0,198.88073469902042
template_projection,ridge_10,3153,600.0,525.8377354785476,52.0,53.16069170608802,2.0,1.8043918654600812,21.0,16.85232080224406,62.0,52.24793655528609,62.0,73.45477316227901
template_projection,ridge_10,3154,2000.0,2351.5903345827305,21.0,11.448911148363678,52.0,52.3671175857603,59.0,56.587734841788894,104.0,118.73925511094617,162.0,159.01781984030052
template_projection,ridge_10,3155,2300.0,2068.1588424882248,3.0,-2.7246353629133537,8.0,10.434607822872673,32.0,35.88249373363705,58.0,60.48343536969874,58.0,52.95321282497188
template_projection,ridge_10,3156,1700.0,1843.7944210175615,52.0,62.14989582243372,41.0,37.331892547619596,52.0,58.587792350808165,224.0,237.64950110605108,331.0,311.90854667627445
template_projection,ridge_10,3157,500.0,340.454494397805,148.0,133.13160099832976,2.0,3.6057172091892653,16.0,17.360336493919966,39.0,40.80839751770266,58.0,64.8676266012664
template_projection,ridge_10,3158,800.0,904.3287289906318,38.0,26.907418135737785,2.0,6.710865889816736,25.0,33.14546398299032,48.0,33.99854050393324,48.0,43.26324974544314
template_projection,ridge_10,3159,800.0,1010.9082706788643,2.0,3.8432319934655794,9.0,9.990714692862262,124.0,118.98983067587673,56.0,77.38832002647031,129.0,116.36057192263763
template_projection,ridge_10,3160,600.0,430.1900135725765,130.0,137.5845627890233,3.0,-2.134682737963077,11.0,17.658533666065722,30.0,29.602652817474414,40.0,45.99621620314369
template_projection,ridge_10,3161,800.0,688.0953739836125,77.0,70.37339948536089,2.0,-3.0876822725338204,38.0,34.21096337112132,108.0,100.87876505469453,108.0,138.96766577673958
template_projection,ridge_10,3162,2600.0,2619.7209784291267,2.0,11.510880118560038,22.0,21.09533064153803,59.0,58.01613154491974,182.0,168.69238942648144,182.0,189.21347796146148
template_projection,ridge_10,3163,800.0,776.5895314900607,86.0,83.5847388913929,2.0,0.1973410615022857,20.0,21.620496927442648,57.0,49.64556771656578,57.0,64.47030044768208
template_projection,ridge_10,3164,1800.0,1769.8821264694745,33.0,45.750419470435176,28.0,22.216154912933806,41.0,43.86911683081124,168.0,144.5985830714551,168.0,186.4933786120389
template_projection,ridge_10,3165,900.0,949.9263501140799,61.0,61.503960734540634,2.0,1.788456254852072,66.0,65.07815765868729,71.0,79.70855890165197,117.0,112.01162074178814
template_projection,ridge_10,3166,100.0,182.34674643495532,78.0,78.60738436840901,2.0,3.521479290218247,4.0,6.263908259799521,14.0,-0.36720501795380756,14.0,14.08784912109185
template_projection,ridge_10,3167,400.0,456.4373331753486,68.0,73.07189510764708,15.0,11.552207822352948,15.0,15.89312703698441,3.0,4.986161554001185,10.0,14.068018539188444
template_projection,ridge_10,3168,1000.0,441.18877273347846,37.0,23.958523975202496,20.0,21.856075241255873,66.0,77.65624116143297,65.0,77.51421848100476,135.0,110.85421950917018
template_projection,ridge_10,3169,300.0,731.9936533447508,70.0,101.01301811052,3.0,-11.575766824775775,25.0,6.157209381546885,9.0,42.46847148452369,43.0,51.146682639482876
template_projection,ridge_10,3170,700.0,616.518715503795,2.0,-1.5267220159753023,3.0,3.2094069775696976,69.0,69.41721208208574,34.0,33.52051406861784,56.0,63.210670375104655
template_projection,ridge_10,3171,700.0,601.328428902585,108.0,108.4306947524854,10.0,16.06524133253462,54.0,55.953720796158706,49.0,82.62050858970939,162.0,123.79947339658575
template_projection,ridge_10,3172,1900.0,1769.436410871055,3.0,6.534782708975037,12.0,13.87436002414319,2.0,10.17733614297915,98.0,118.07571713548124,171.0,139.53075391900728
template_projection,ridge_10,3173,1100.0,884.493701051925,135.0,138.12731559294164,32.0,33.08102982966941,66.0,66.13559324543375,118.0,110.64390781079317,173.0,175.20525175807842
template_projection,ridge_10,3174,700.0,701.3517480797013,64.0,70.7599763481353,2.0,0.048584937617919266,15.0,16.658536370624645,84.0,68.28304142483604,86.0,94.75854032719069
template_projection,ridge_10,3175,800.0,720.9446158220996,168.0,156.7017476412811,8.0,10.607494352425569,61.0,61.35772587067015,56.0,71.38383829625303,117.0,108.25740816396541
template_projection,ridge_10,3176,500.0,194.1126995723264,45.0,55.597763305131885,2.0,6.367319049220232,26.0,37.228573460490296,12.0,-3.8822880002023936,20.0,-7.187383782626611
template_projection,ridge_10,3177,3300.0,3251.4124005747026,2.0,-6.344569086674596,62.0,71.35983497526247,128.0,128.86912577022144,131.0,160.40022420180412,235.0,190.78060383626502
template_projection,ridge_10,3178,200.0,333.6172758444276,74.0,82.92231960069606,2.0,-6.042437501358405,10.0,-1.6828794733380619,8.0,23.61407615783866,19.0,42.429988909541485
template_projection,ridge_10,3179,2300.0,2396.3389053323363,3.0,-10.676530916975878,27.0,23.70218382040728,83.0,63.91824278022366,33.0,66.8784623592357,37.0,51.022312873091295
template_projection,ridge_10,3180,2300.0,2262.464281727534,22.0,14.544292010418296,9.0,11.451050105439975,34.0,40.58349973869521,304.0,258.50689164637095,304.0,324.43214295514144
template_projection,ridge_10,3181,3100.0,2926.222192103026,5.0,0.9950785594259628,8.0,10.589311400557955,70.0,72.34761613379031,213.0,191.723917267286,213.0,221.55463699069807
template_projection,ridge_10,3182,1100.0,897.0813657806189,131.0,136.08593285506805,10.0,-0.4072033546246505,52.0,58.290529562636195,109.0,92.53540913235506,112.0,141.1387592875151
template_projection,ridge_10,3183,1600.0,1666.6193727045163,5.0,-19.04489406520466,29.0,14.694430300298682,83.0,83.04003338303951,92.0,106.52309001551885,96.0,150.41965004435548
template_projection,ridge_10,3184,400.0,231.42559271520395,139.0,128.22418097673108,2.0,5.057875065794574,11.0,11.84220229578505,18.0,10.319298150417353,22.0,28.250607992678866
template_projection,ridge_10,3185,600.0,315.90054695234323,200.0,176.63786025956267,11.0,16.8647270921667,72.0,66.36684463959251,48.0,31.872613185393206,58.0,82.03352016023416
template_projection,ridge_10,3186,500.0,519.0883921081479,141.0,138.3905873615313,10.0,11.262349617110154,26.0,27.47116163712414,70.0,74.54870280951867,117.0,110.07857869327252
template_projection,ridge_10,3187,1000.0,1807.0990899289425,2.0,7.13649100236124,3.0,-1.2412575572693374,49.0,60.2687145232769,109.0,45.11841249017195,48.0,80.951015062374
template_projection,ridge_10,3188,400.0,407.9098355414202,52.0,64.73413019924446,3.1416,0.8878259088808615,22.3777,22.13109769886579,31.0,7.636900681922654,2.0,14.204986641247558
template_projection,ridge_10,3189,300.0,345.4216428222592,66.0,65.35639953201027,5.0,4.301324963873093,19.0,19.170674020932513,5.0,0.6928534425363466,5.0,9.994680433872333
template_projection,ridge_10,3190,600.0,657.5371567275183,227.0,230.24208424966312,3.0,5.40998002866089,16.0,21.8491651155218,42.0,49.594658844772795,104.0,74.98211912221124
template_projection,ridge_10,3191,1600.0,1828.6542070588637,5.0,5.321294328373128,19.0,20.193384247524374,120.0,120.36478687727396,112.0,149.64924271082964,232.0,200.24878924834843
template_projection,ridge_10,3192,3100.0,3037.2688156969352,2.0,4.165688675920748,36.0,36.119055595204756,105.0,104.95903007260638,179.0,179.7559775321111,211.0,209.75918124998458
template_projection,ridge_10,3193,2400.0,2251.7542760364854,122.0,108.94981898423855,13.0,18.824426442198845,105.0,106.4826154778284,334.0,276.92429280445515,334.0,360.5193265175235
template_projection,ridge_10,3194,500.0,465.71970001770035,63.0,61.650835899224454,3.0,2.700257603717887,49.0,44.74903284843624,14.0,18.34672118298389,33.0,38.05508663847566
template_projection,ridge_10,3195,900.0,667.9369541309147,104.0,101.03529825549825,10.0,9.874543991571898,41.0,44.353593041374836,61.0,72.70345510333976,113.0,107.0702883596997
template_projection,ridge_10,3196,6600.0,6363.202584323239,9.0,-7.95814270693252,19.0,26.249329126257912,199.0,198.65005452903443,399.0,377.01615033595414,401.0,417.1647754601677
template_projection,ridge_10,3197,2500.0,3144.446079009771,2.0,7.546695347996597,63.0,59.892911214116594,132.0,129.48434810676181,174.0,176.14198870927953,221.0,212.76743085889984
template_projection,ridge_10,3198,1600.0,1428.566997491647,17.0,45.23334565378508,37.0,31.077059371316253,69.0,68.80815940858244,110.0,105.66013801496047,140.0,135.03117985278053
template_projection,ridge_10,3199,800.0,1459.5730541162532,2.0,-47.48489859081762,3.0,28.85922492221934,56.0,58.18132909001622,78.0,53.16575068541353,78.0,66.74486584489256
template_projection,ridge_10,3200,700.0,1095.5479880579678,3.0,5.503745234088996,3.0,-3.2725484172187667,64.0,58.68659144489875,29.0,57.588925568832806,82.0,88.35361409012525
template_projection,ridge_10,3201,1000.0,1029.5008304408045,142.0,140.90695246634988,2.0,3.060399374071638,40.0,37.67824277649694,40.0,47.78237733518408,74.0,67.73589176529751
template_projection,ridge_10,3202,1400.0,1382.7389758113297,131.0,124.46496173303788,2.0,4.357063553072317,36.0,37.30565696918864,166.0,140.91097945554367,166.0,179.84454297215876
template_projection,ridge_10,3203,2200.0,2377.105091867112,56.0,45.49212918698097,29.0,30.419705596723773,113.0,106.98152848056955,139.0,138.38637196301343,155.0,168.47290996562236
template_projection,ridge_10,3204,400.0,451.88225984520136,60.6186,64.44700472777237,13.0,11.342300334978287,16.0,17.204850375837793,27.0,29.68888616693969,51.0,48.36105597822006
template_projection,ridge_10,3205,1000.0,896.9036393341561,12.0,-3.7658403924631543,2.0,10.048967754688398,47.0,58.96083594323392,59.0,43.34350028669419,59.0,58.18282671232057
template_projection,ridge_10,3206,3500.0,3609.10077696798,8.0,25.39979071874118,88.0,88.54700948157657,87.0,89.87046552394753,216.0,207.45766916469003,247.0,249.22146502248054
template_projection,ridge_10,3207,3600.0,3606.417640364102,2.0,5.5542752293075,18.0,23.223603283323556,166.0,166.3784487150797,274.0,235.87869503444443,274.0,279.43088203952317
template_projection,ridge_10,3208,800.0,558.5156681810938,267.0,259.0718013975363,4.0,2.257177217828856,31.0,40.49866692788589,39.0,23.776924487034556,39.0,46.73578312151188
template_projection,ridge_10,3209,400.0,364.60923284863657,50.0,47.61921062966633,3.0,3.2095740846128766,7.0,9.44434815956317,10.0,4.107560634109461,8.0,13.82821773427682
template_projection,ridge_10,3210,600.0,450.80206105652985,46.0,42.82906439603623,2.0,4.956972174837517,30.0,27.707638360500837,20.0,17.472039537219345,22.0,23.933727366311203
template_projection,ridge_10,3211,800.0,500.1729874116918,35.0,19.329875427566733,9.0,15.749098685934753,73.0,78.66359392609333,64.0,61.70101034787132,121.0,102.98450650705449
template_projection,ridge_10,3212,700.0,816.7643767800348,2.0,12.3937693820709,4.0,3.722232913038276,70.0,70.2907328163095,63.0,124.99014142998821,237.0,181.85899463324228
template_projection,ridge_10,3213,1200.0,1199.4490612403308,48.0,57.78373845264929,54.0,49.982853996003364,61.0,51.30288894802565,93.0,88.41474824119423,93.0,121.84252824289257
template_projection,ridge_10,3214,400.0,404.31901516227595,58.0,64.50609174894464,11.0,10.043809923335093,27.0,28.580352374489465,14.0,-1.794070198673694,5.0,11.418126908928016
template_projection,ridge_10,3215,1100.0,1003.7225695809644,142.0,107.30115438615904,21.0,29.980409946532163,42.0,46.81553381054911,218.0,180.3309516258514,218.0,245.8533760522154
template_projection,ridge_10,3216,1400.0,1569.2654594268342,12.0,-7.413038659184323,2.0,6.235311327586855,17.0,32.3424118011488,77.0,74.22047013595655,77.0,83.03937292272529
template_projection,ridge_10,3217,1300.0,1468.0890170926978,40.0,33.192383680318144,4.0,6.338452952240113,64.0,61.06428678234292,140.0,138.15909044726948,172.0,176.5633771843424
template_projection,ridge_10,3218,700.0,326.55785338716385,51.0,34.420350039859564,12.0,11.937564346624377,43.0,54.867823382336226,24.0,20.758023523475543,25.0,30.27477074608977
template_projection,ridge_10,3219,800.0,743.6671234107728,211.0,191.97849491075704,25.0,22.316988409276227,39.0,50.017612984360504,79.0,65.02243299141816,79.0,109.51738903324696
template_projection,ridge_10,3220,300.0,261.16046085779897,174.0,166.87238030318736,2.0,3.2292165379726736,10.0,10.680618213851552,23.0,24.231501234966757,43.0,44.11457343229812
template_projection,ridge_10,3221,1399.0,1157.3110174609171,113.0,130.24335213068588,29.4168,32.061514835302724,77.1928,80.06275625823315,111.0,67.90419199145832,100.0,130.81044823716874
template_projection,ridge_10,3222,500.0,719.8746965991593,40.0,31.06001756848352,17.0,17.285774652516412,34.0,35.08443404686792,9.0,21.955496774743423,26.0,16.303910795116863
template_projection,ridge_10,3223,3100.0,3086.0835959347205,68.0,94.67232893332314,78.0,77.31742938400976,86.0,95.85639906942617,92.0,113.73316197706438,180.0,119.71855444946716
template_projection,ridge_10,3224,200.0,-766.1475835468684,60.0,91.59722759732287,2.0,-3.3149778895549016,28.0,46.71028315619024,20.0,-3.5151807257334013,55.0,31.030078359466515
template_projection,ridge_10,3225,3400.0,3355.7171901627935,8.0,7.295505225871281,64.0,64.21409321607706,102.0,102.78807947794057,115.0,137.78819258335338,164.0,150.79038407695305
template_projection,ridge_10,3226,4200.0,4209.279359626308,2.0,6.135325023617845,83.0,78.8301395699327,115.0,117.38873450958778,152.0,200.84375774916504,253.0,224.54983549781355
template_projection,ridge_10,3227,400.0,109.50675679746769,58.0,97.03488979786403,6.0,2.154592322418509,14.0,-3.936383258580129,19.0,13.760595324538116,19.0,30.78967134328022
template_projection,ridge_10,3228,2500.0,2467.2933857731923,13.0,17.3355536974019,65.0,60.90171219377073,95.0,93.36397784091292,93.0,108.13481022700054,126.0,127.39704587025955
template_projection,ridge_10,3229,3300.0,2824.7083580083145,5.0,13.407633842761498,29.0,22.777255903750923,107.0,98.80337357596741,160.0,169.42302707145603,183.0,194.3435663073157
template_projection,ridge_10,3230,1500.0,1439.0303788230958,2.0,56.838891379533784,10.0,-13.444789094789376,91.0,74.56912014541166,100.0,121.77289502689513,145.0,179.24068347297828
template_projection,ridge_10,3231,1600.0,1067.224164536384,43.0,55.62491531842586,21.0,10.157056768718757,70.0,56.231342248544294,77.0,87.2877246912424,81.0,112.02661617034336
template_projection,ridge_10,3232,3100.0,3305.979107147684,1.0,11.498235994749542,66.0,63.527908030567794,87.0,86.56119638462528,199.0,201.90471475576066,238.0,232.7997218490355
template_projection,ridge_10,3233,1600.0,1607.6222729547417,56.0,61.518579087976605,67.0,63.20141489317959,44.0,45.507390640043425,56.0,76.89246906091635,109.0,99.69219238623685
template_projection,ridge_10,3234,800.0,528.2981842729242,100.0,95.60734805018146,2.0,6.8234785942919824,32.0,27.080569829278677,47.0,29.581295800312745,47.0,52.67454606700968
template_projection,ridge_10,3235,400.0,133.6677395522695,43.0,39.84137980357228,2.0,3.0075709200154,11.0,13.316675118368764,7.0,-2.4504832813656208,7.0,11.444079881694321
template_projection,ridge_10,3236,300.0,367.6397777719552,43.0,39.22088822893191,2.0,8.082732548896468,34.0,36.9834328731874,16.0,34.31626779529862,92.0,57.85929229156941
template_projection,ridge_10,3237,1500.0,1570.0760944355084,2.0,4.760643929578777,2.0,1.3585228236918265,88.0,85.1914577088751,127.0,111.18842138517871,127.0,140.4360571988091
template_projection,ridge_10,3238,200.0,17.009690490574712,74.0,78.49424567133413,3.0,2.7273404796037894,11.0,11.499476617305696,3.0,-1.5808473849688909,18.0,19.59105673549645
template_projection,ridge_10,3239,700.0,794.008893121587,16.0,24.425632028989746,7.0,4.8082692841891,62.0,60.17313759394388,42.0,45.24831790553995,69.0,68.64336715960957
template_projection,ridge_10,3240,300.0,241.36468207347082,58.0,55.541716107239125,8.0,10.534522987965925,14.0,11.960180289304091,7.0,22.669131263953403,54.0,41.41488164836935
template_projection,ridge_10,3241,800.0,1026.831133998258,17.0,18.95202616696369,19.0,12.569211745523514,68.0,62.493939841827995,45.0,61.820027079336825,68.0,77.76959079678626
template_projection,ridge_10,3242,1100.0,1444.7437582399573,175.0,223.56067447233565,4.0,0.4406525999839719,22.0,34.42893751376158,101.0,91.1971046808529,122.0,93.06324147071102
template_projection,ridge_10,3243,1900.0,1817.3204687410812,5.0,2.741500528977575,39.0,40.028858868879645,53.0,47.983804680633824,37.0,52.070019593633084,54.0,48.35061004289578
template_projection,ridge_10,3244,3300.0,3381.9002461345126,2.0,1.4618650179669999,21.0,16.568625312940373,97.0,109.07526707508002,269.0,256.6350062438479,291.0,296.24388469827073
template_projection,ridge_10,3245,700.0,844.6549927677391,124.0,107.07529850477403,2.0,-2.6621962022324883,33.0,33.13213242019223,47.0,71.25585277336504,71.0,83.0331460469553
template_projection,ridge_10,3246,2100.0,2115.2555271543138,16.0,6.383090753436072,13.0,19.1739650407883,91.0,92.15904031630288,147.0,123.41436696153494,147.0,149.57715112143293
template_projection,ridge_10,3247,300.0,171.61173641408777,76.0,97.05980091455507,3.0,-0.7739639981306379,13.0,21.020068081450336,3.0,-9.775814468192351,6.0,-4.189905858893951
template_projection,ridge_10,3248,300.0,123.30520865866242,41.0,39.79363505414878,8.0,3.779032456498168,21.0,17.706390283635066,3.0,49.000957266046356,100.0,72.7834155482478
template_projection,ridge_10,3249,200.0,148.4504252133961,65.0,68.87082934396389,2.0,1.8886456922006953,15.0,15.056013342943963,10.0,0.7158783611777579,11.0,14.545052915761204
template_projection,ridge_10,3250,1900.0,1954.2427174951486,16.0,22.89175177947977,67.0,60.382401957408575,65.0,60.153128472760834,63.0,69.06784091424679,63.0,81.36446210589351
template_projection,ridge_10,3251,400.0,1048.5977921821495,31.0,24.7109363858021,2.0,12.028346997324206,28.0,19.473300884460432,19.0,36.40196330587908,37.0,4.9516717539816
template_projection,ridge_10,3252,1300.0,149.04209652332474,4.0,24.933850499222565,68.0,46.640362267085536,64.0,91.17658553058685,67.0,48.46592430014432,72.0,93.73919343491696
template_projection,ridge_10,3253,3500.0,3507.9159387721293,7.0,1.5103030284385426,15.0,17.795535950863112,154.0,150.66709939098985,263.0,240.43556512628956,269.0,282.5070876556275
template_projection,ridge_10,3254,1000.0,863.351518502777,226.0,210.66847560316714,3.0,8.162599039044371,24.0201,27.39106843822931,59.0,61.305204749328254,90.0,83.45073072978259
template_projection,ridge_10,3255,300.0,351.9610807253724,61.0,59.208465006579374,2.0,1.193007613026701,16.0,17.836350879318083,10.0,9.674554882452,21.0,24.02104231572541
template_projection,ridge_10,3256,800.0,789.7037767578822,153.0,143.2212698290107,2.0,3.141766615005576,37.0,36.24088138221636,54.0,51.4137996364457,63.0,72.51198936486497
template_projection,ridge_10,3257,600.0,626.3692932422089,5.0,7.409586347022781,2.0,1.6191016840022545,42.0,42.28023302008519,18.0,16.5600659314386,31.0,30.28647635195469
template_projection,ridge_10,3258,1100.0,929.5114470381873,178.0,164.6763068969206,2.0,11.234619053239005,13.0,10.15045416296391,86.0,77.80422650490868,86.0,81.08403428989101
template_projection,ridge_10,3259,1600.0,1797.1103478937305,1.0,7.86556472442323,7.7112,6.108295155574796,98.7493,98.0417928074507,322.0,242.09523364817633,267.0,317.33429876494813
template_projection,ridge_10,3260,600.0,589.8709063255469,142.0,135.52921105170873,2.0,11.0129237255424,24.0,19.507123949970335,41.0,41.07246726344562,64.0,50.28512514282579
template_projection,ridge_10,3261,1000.0,1131.319181850903,2.0,11.990597271281338,39.0,37.284540370216874,63.0,61.63732646812004,33.0,45.20740135934037,76.0,65.0584802815925
template_projection,ridge_10,3262,1600.0,1538.125936306565,42.0,33.54134373410457,9.0,12.9353495801199,54.0,57.13997912234089,56.0,62.03803436545084,79.0,70.76974897423605
template_projection,ridge_10,3263,1000.0,1379.5149242504965,198.0,186.70782952902752,26.0,28.193177728450966,24.0,28.364163797839343,82.0,89.4516503701651,120.0,115.69236977904502
template_projection,ridge_10,3264,1700.0,1750.8891930275036,2.0,-2.507966603894765,24.0,21.602566771590038,111.0,112.80204900855499,95.0,94.50055162078965,124.0,126.45898193755193
template_projection,ridge_10,3265,400.0,389.96829507970483,78.0,79.46033766415091,9.0,8.437526570267949,27.0,26.780642484510857,16.0,9.827596057042399,18.0,23.69309713516367
template_projection,ridge_10,3266,3000.0,2594.0670971863356,56.0,44.046982776235474,14.0,18.08944331234569,33.0,43.884367102755995,171.0,150.04198253208045,151.0,153.84673635217686
template_projection,ridge_10,3267,200.0,195.92466681500923,94.0,75.31781349670945,2.0,5.8057193699921505,16.0,22.651991599777194,5.0,9.294322040038338,5.0,20.794072367021215
template_projection,ridge_10,3268,100.0,-79.790265488469,66.0,82.46535027179041,2.0,-1.2347068305711435,15.0,8.683400418812134,11.0,15.046637173273382,29.0,34.51907870292186
template_projection,ridge_10,3269,400.0,317.91015815630715,81.0,40.212150993286095,2.0,4.57428486618652,12.0,1.756375814938977,5.0,13.318942240458227,8.0,36.13626847450483
template_projection,ridge_10,3270,2300.0,2018.331913160935,118.0,114.18354152456136,3.0,9.06862397149968,56.0,57.62746856931058,162.0,138.3039467313589,162.0,168.7233027195491
template_projection,ridge_10,3271,2400.0,1233.4518622220069,36.0,26.056479613313,23.0,33.409898166332326,58.0,69.42835162257492,161.0,120.12730418936378,180.0,181.16763153607616
template_projection,ridge_10,3272,900.0,995.7487738919054,91.0,92.53706779522383,2.0,3.660537449273308,53.0,50.599979084110295,68.0,62.27144258893978,81.0,80.69491141574642
template_projection,ridge_10,3273,800.0,890.6569881622586,2.0,6.376422861543006,2.0,0.9386145297833703,66.0,63.49412096307872,36.0,41.17593458293796,61.0,58.84407777153072
template_projection,ridge_10,3274,400.0,257.92045115061546,244.0,235.3979699238794,10.0,10.914473043337354,29.0,26.982202332781004,68.0,55.855436990598946,79.0,93.44008908258657
template_projection,ridge_10,3275,1400.0,1622.361919946687,8.0,40.64844556030207,2.856,7.296677063963665,86.0207,72.8288286200075,137.0,85.49814077020316,102.0,119.65430268214772
template_projection,ridge_10,3276,2300.0,2331.185410946039,171.0,167.25483972119014,24.0,23.651082026255924,58.0,60.26083740817529,284.0,246.06694434377488,284.0,311.3119891533389
template_projection,ridge_10,3277,1300.0,1469.3522482945261,10.0,21.119162017892307,44.0,40.78243430698955,51.0,51.92858469590564,41.0,69.66982588504331,115.0,90.52085513566726
template_projection,ridge_10,3278,3000.0,2908.4789217917896,31.0,35.23353982295624,16.0,15.760312140069088,65.0,65.97074051113181,245.0,219.10048106586072,245.0,256.1997670819674
template_projection,ridge_10,3279,900.0,847.467058392566,17.0,38.145492097982185,2.0,-3.078101703686757,86.0,75.79435178272827,108.0,87.83109530407295,108.0,134.02256402926136
template_projection,ridge_10,3280,500.0,509.1051691802876,60.0,60.02592497143396,2.0,0.9551310475114505,22.0,25.62779589938352,38.0,27.616929064006015,38.0,41.23327561452563
template_projection,ridge_10,3281,1100.0,1168.345285136971,32.0,32.3676764815758,20.0,19.645420620555438,66.0,63.46951575610019,51.0,63.89441324679591,91.0,85.7471092395648
template_projection,ridge_10,3282,300.0,256.65953681166525,100.0,90.58054725516257,2.0,5.649476020581249,14.0,14.035434141277783,28.0,17.305990377182674,28.0,34.40951170184678
template_projection,ridge_10,3283,900.0,880.0703234965742,66.0,58.07280044490965,3.0,4.653706104965895,60.0,57.101134063732694,50.0,42.55609561248125,50.0,59.91261829210769
template_projection,ridge_10,3284,900.0,871.310860461211,121.0,118.95201202018706,2.0,2.5237562602446015,23.0,23.028266992530398,73.0,62.02928133006381,73.0,80.46628168319081
template_projection,ridge_10,3285,800.0,668.1852167878114,77.0,74.99652107872309,2.0,1.2213701447235774,45.0,42.97626712310265,46.0,52.94434502612402,77.0,78.70153101860836
template_projection,ridge_10,3286,300.0,308.08812942089537,112.0,104.89489748501705,2.0,5.873585334502625,17.0,17.04663496155495,16.0,18.655590719168245,46.0,37.771063054908126
template_projection,ridge_10,3287,600.0,596.3012637186467,79.0,77.25983934997197,22.0,22.23709513476239,30.0,28.916386097911257,46.0,16.812715814869634,6.0,28.163293953045113
template_projection,ridge_10,3288,400.0,537.809115043526,2.0,13.281934929524539,7.0,2.1489803159348213,49.0,47.2828829137142,3.0,0.3291057468241121,5.0,16.187347392385092
template_projection,ridge_10,3289,4300.0,4037.0925595688404,19.0,30.13608021860241,44.0,37.69673437622174,67.0,70.07730624589959,358.0,326.2984319831645,358.0,382.63396631162345
template_projection,ridge_10,3290,1300.0,1499.7965141112109,10.0,10.17429888188257,14.0,12.460258018175546,78.0,81.2098195905607,121.0,107.71625010126097,124.0,132.98399304676414
template_projection,ridge_10,3291,400.0,481.8472578396754,20.0,25.81817546474004,10.0,8.625269362525362,28.0,26.165733378605406,21.0,11.683443718128956,21.0,24.11501966568848
template_projection,ridge_10,3292,300.0,535.47342670472,79.0,88.87643891691263,2.0,8.693066413188857,16.0,30.07976124542738,9.0,-2.3097793016989243,47.0,6.903947686624036
template_projection,ridge_10,3293,900.0,988.7435655153114,185.0,206.84924324184723,2.0,-2.7616064435129086,30.0,30.917138210506362,64.0,61.12048025670169,97.0,85.75115828900425
template_projection,ridge_10,3294,700.0,717.9694902350752,49.0,62.88812581595484,4.0,0.07359468387140566,56.0,53.46015967143407,36.0,37.15705789058416,46.0,51.00799265113992
template_projection,ridge_10,3295,200.0,258.90004799496126,62.0,66.94447311122966,2.0,1.5269029611719347,8.0,9.049687803806293,7.0,7.707372951695461,25.0,21.63499959051579
template_projection,ridge_10,3296,1100.0,1092.4395787880787,2.0,3.9224850470834625,2.0,1.9902092879925242,60.0,60.39203925098772,56.0,75.62009004155243,121.0,100.74223634126405
template_projection,ridge_10,3297,400.0,419.2444943610403,100.0,99.29186350907193,3.0,4.37655510685906,26.0,26.427784799390768,16.0,13.235194086637094,30.0,28.81399113445704
template_projection,ridge_10,3298,200.0,-84.23554021555697,126.0,139.85725689974979,3.0,-0.5002130443007236,3.0,6.738260591195207,28.0,32.105648015392354,81.0,71.99001113223123
template_projection,ridge_10,3299,1000.0,1059.73668584301,7.0,7.751760655771271,15.708,15.077843605330377,93.0009,88.60109833392283,61.0,61.3518901642431,84.0,89.78933362690985
template_projection,ridge_10,3300,200.0,156.36456847159047,92.0,91.23455180878818,4.0,6.071826900679278,23.0,26.495740687328574,10.0,28.77577419437977,75.0,53.14180053990522
template_projection,ridge_10,3301,400.0,205.46982362973722,52.0,53.58934233721166,2.0,-4.890930687486721,13.0,15.641722908126432,18.0,32.04274151312484,58.0,64.79525195817403
template_projection,ridge_10,3302,2800.0,2850.015777431181,2.0,11.419770612397151,57.0,55.519799932710406,130.0,127.87566302571378,154.0,196.64709018933223,278.0,247.5471070785743
template_projection,ridge_10,3303,400.0,411.81467962506906,38.0,41.48379070288344,16.0,15.057391602399075,50.0,52.30858161338989,48.0,91.36803678129671,169.0,139.2561666756783
template_projection,ridge_10,3304,800.0,746.8473942526656,34.0,19.98924844289403,9.0,22.516986202543293,111.0,119.20057800994701,53.0,62.3780816730628,139.0,100.58561321146352
template_projection,ridge_10,3305,1000.0,940.0352620547715,120.0,115.97533131217597,2.0,4.668235291020581,38.0,37.34486131118174,111.0,102.05414617160888,136.0,138.1930197871723
template_projection,ridge_10,3306,100.0,48.062522994977826,71.0,77.80319446477336,2.0,-0.21257660036681614,3.0,4.6727482693798095,9.0,1.8241487847365931,12.0,18.07003055706781
template_projection,ridge_10,3307,300.0,273.12253457913914,57.0,63.80979659055774,4.0,4.916645035468486,11.0,9.290088570855787,8.0,-2.950025406667095,8.0,8.661358669103862
template_projection,ridge_10,3308,1700.0,1532.3043307475548,14.0,1.4236413539883088,15.0,18.194121962676537,36.0,29.371422001330576,65.0,66.14350079195158,65.0,74.1885518432709
template_projection,ridge_10,3309,500.0,477.8167058789296,200.0,191.29259847582196,8.0,9.8421037206896,11.0,11.532379089239036,41.0,58.51477742575055,99.0,88.45596113622099
template_projection,ridge_10,3310,1800.0,1929.806351554414,8.0,8.31466563875761,40.0,37.03368126485455,95.0,94.7703752180918,132.0,123.4466568816846,147.0,157.9537190864156
template_projection,ridge_10,3311,1000.0,942.1152276464185,360.0,347.6010463486169,5.0,2.4428691354909446,24.0,-13.264603896902159,104.0,121.02442203050522,104.0,150.95363660930073
template_projection,ridge_10,3312,600.0,591.6877965955223,5.0,-6.32182668820851,2.0,1.6524983806706182,56.0,51.407752675638626,55.0,65.66848223082988,87.0,92.1311339965476
template_projection,ridge_10,3313,900.0,910.1562207143736,226.0,223.53253835270885,17.0,8.49426250095988,22.0,26.945451685525274,76.0,86.87023084426103,111.0,108.20414249161334
template_projection,ridge_10,3314,900.0,946.5222260853143,139.0,141.3302220424257,19.0,17.43036982461656,35.0,36.67097198173211,77.0,93.88449290393574,148.0,135.58597859013827
template_projection,ridge_10,3315,8000.0,6889.824442640635,95.0,71.90096273631649,5.0,15.127554580491552,28.0,37.21491542475897,62.0,113.53911446696733,62.0,16.466586978199516
template_projection,ridge_10,3316,900.0,945.9944096197898,41.0,43.01322569986612,23.0,20.754344092649752,62.0,59.62165554419192,53.0,52.3649702198785,69.0,75.71597139728893
template_projection,ridge_10,3317,6200.0,5989.461109627216,2.0,-4.3456775586857574,90.0,88.98910125032718,119.0,125.94428989571341,245.0,259.96077319297166,281.0,271.970037224237
template_projection,ridge_10,3318,600.0,716.9798401058896,49.0,51.84762927615171,21.0,18.1919231169787,67.0,65.9322615875848,53.0,65.67206756868379,101.0,99.2611648580607
template_projection,ridge_10,3319,700.0,1192.5366533766953,84.0,44.39898434455281,2.0,7.933221669717793,18.0,11.916667195664303,27.0,39.43839576279964,35.0,44.64752568688702
template_projection,ridge_10,3320,400.0,500.43950767521244,93.0,94.33522371288771,2.0,9.850272288862978,10.0,13.818578163710086,22.0,-1.8480082073433124,22.0,11.4878882303761
template_projection,ridge_10,3321,1000.0,1535.8417038160796,62.0,48.98636632924008,9.0,16.97064520211014,113.0,96.65650582301235,125.0,131.70638668519138,163.0,167.54033981960538
template_projection,ridge_10,3322,300.0,311.7640540185288,59.0,62.288129132481,5.0,4.349912780708184,27.0,26.197573368863054,18.0,9.809587800405836,18.0,24.340870317305075
template_projection,ridge_10,3323,500.0,465.0518910339954,229.0,217.72768536606037,7.0,9.756739716127568,16.0,16.136139195934902,44.0,37.675642449539744,55.0,60.762141087580794
template_projection,ridge_10,3324,1100.0,1127.496120077434,199.0,210.30064360863915,32.0,25.063562954951365,30.0,20.374350714150232,134.0,119.28203022818329,134.0,149.7818990289439
template_projection,ridge_10,3325,1200.0,1316.5040113376365,73.0,82.50945337123856,20.0,16.96167151903694,57.0,56.82887328794108,233.0,193.13344956407593,233.0,258.6426006359378
template_projection,ridge_10,3326,600.0,564.341169938576,34.0,34.25123215592551,8.0,8.420028678060014,37.0,38.31770049278769,11.0,22.20293204643822,48.0,37.53111723729302
template_projection,ridge_10,3327,900.0,886.5954359220921,23.0,28.103456758289884,2.0,1.3801343895677007,18.0,21.951933334699806,71.0,59.723067468000465,71.0,70.71081084051247
template_projection,ridge_10,3328,300.0,521.9708750030718,34.9146,20.98958809624662,4.0,9.860219970079712,23.0,27.24072194511208,9.0,26.562933885033537,57.0,37.724297507219234
template_projection,ridge_10,3329,1200.0,1092.5877978528752,58.0,55.79544207967063,4.0,4.914332202172833,37.0,37.969636510522264,9.0,17.431949787571348,26.0,19.64695814075462
template_projection,ridge_10,3330,1400.0,1332.4107141681782,2.0,1.5545719337321913,7.0,6.923175123950365,56.0,55.05495895222049,30.0,30.933795778222077,30.0,32.81713643386321
template_projection,ridge_10,3331,2100.0,1996.9142152184793,7.0,33.77728193716368,62.0,49.7154390527214,75.0,73.30193373209391,194.0,177.36887834000726,197.0,225.60061917059005
template_projection,ridge_10,3332,300.0,297.2856611157192,102.0,102.26959345726208,3.0,3.3370219329364,14.0,13.700344263911049,13.0,28.519245736952463,52.0,44.744711908727275
template_projection,ridge_10,3333,600.0,521.6092469037195,122.0,124.84620184290266,10.0,9.715858043506044,44.0,44.1115848816275,43.0,35.581743648258275,61.0,56.600614811664684
template_projection,ridge_10,3334,600.0,1006.526791327988,105.0,128.16395109412963,2.0,-4.340283614285541,40.0,49.19976851556435,52.0,31.115997325997277,52.0,58.255491861877665
template_projection,ridge_10,3335,900.0,641.3148044349167,228.0,200.79879773754266,19.0,23.69484459236361,22.0,21.761378693534333,98.0,74.9016834029436,98.0,113.22580794842838
template_projection,ridge_10,3336,400.0,325.4514590864487,110.0,107.09737757876538,2.0,2.405406005175532,12.0,11.633274307499576,12.0,8.486733704810788,15.0,20.695412699037504
template_projection,ridge_10,3337,1800.0,1734.1147251482023,63.0,61.64333569390703,12.0,13.797449444719073,40.0,41.37934854099703,140.0,124.80287061281533,147.0,152.15269569836187
template_projection,ridge_10,3338,400.0,382.7278146815129,33.0,36.800053205618596,3.0,2.0313516459481438,15.0,14.94031336292791,15.0,8.309413266510788,15.0,19.044782164290964
template_projection,ridge_10,3339,500.0,741.4332515666081,63.0,85.46102850015697,19.0,13.996627402842153,35.0,40.13502248499941,12.0,19.965315078853408,52.0,35.44185093921776
template_projection,ridge_10,3340,300.0,400.91793428142637,13.0,12.96134394288599,3.0,4.870501671025799,54.0,58.53596795653611,20.0,19.379338170651735,46.0,30.368399438078598
template_projection,ridge_10,3341,800.0,539.4026800079741,75.0,71.89163181174601,26.0,24.648484451416635,68.0,68.51374035876307,93.0,92.7187231173593,136.0,153.03523313732273
template_projection,ridge_10,3342,800.0,909.4538023187929,211.0,221.01057359958375,4.0,4.579521885345477,18.0,6.074326935590555,44.0,50.26962919224532,66.0,69.31634497195573
template_projection,ridge_10,3343,1600.0,1790.231494232804,12.0,17.965005436921203,58.0,52.78525965855288,97.0,93.11552860348502,74.0,68.8467019396774,74.0,91.24556451738466
template_projection,ridge_10,3344,100.0,714.9169735129642,44.0,75.76862362906566,3.0,-11.875895580594738,22.0,10.390662715586863,24.0,39.35604070735123,25.0,28.47469323329328
template_projection,ridge_10,3345,900.0,1024.6375487329342,6.0,13.94438556956765,17.0,14.554419505152442,79.0,71.39684370121319,16.0,21.02008004020456,25.0,32.82463099302713
template_projection,ridge_10,3346,1100.0,1044.3557924554789,101.0,97.33930116185431,2.0,3.2019671626988906,32.0,33.09450522742483,134.0,111.73883934118169,134.0,147.44174630967711
template_projection,ridge_10,3347,1300.0,1148.2085436993661,3.0,12.451430009191974,15.0,14.23689605029956,94.0,88.48788017870953,54.0,62.68074108762905,87.0,85.08577083813938
template_projection,ridge_10,3348,600.0,890.0362125331294,35.0,44.98762291689388,4.0,-0.03105564984493725,61.0,57.64695009960419,62.0,61.12325626865251,79.0,83.27156207755478
template_projection,ridge_10,3349,300.0,297.33085681386547,65.0,65.93846000299331,2.0,1.2748974798143617,14.0,15.373520685301443,5.0,0.17494728839642448,7.0,10.514943055276206
template_projection,ridge_10,3350,200.0,555.2349502495938,49.0,32.14908127237195,2.0,10.95266956072668,14.0,15.745134510354234,8.0,49.45393127217308,105.0,67.94599372031826
template_projection,ridge_10,3351,900.0,967.2467375605963,97.0,78.89721143857929,2.0,3.9358456940735245,78.0,80.56617114565928,38.0,55.447722787772406,75.0,68.79675558299334
template_projection,ridge_10,3352,1000.0,933.5636751956281,101.0,97.7044365091646,2.0,2.9505269800404523,19.0,20.593349919778365,70.0,58.82394303892248,70.0,75.34937301976305
template_projection,ridge_10,3353,600.0,610.6655533925549,38.0,39.12978268893934,2.0,1.7722786884173942,42.0,40.1356625380386,19.0,13.818510862135284,19.0,25.39167888223629
template_projection,ridge_10,3354,2400.0,2293.3011642818383,1.0,-1.1066484705973565,14.0,15.42806578361534,49.0,51.672733331743494,145.0,131.64710660752445,145.0,148.7574874512798
template_projection,ridge_10,3355,400.0,389.02411696083607,93.0,91.60194400004133,2.0,2.77328473155678,28.0,28.415682507553036,21.0,16.93364335567876,34.0,34.458907520462304
template_projection,ridge_10,3356,900.0,903.4711847575823,46.0,37.33419634586045,6.0,4.347567031704047,19.0,10.526313804683518,21.0,38.792860351990676,29.0,51.719143527091845
template_projection,ridge_10,3357,900.0,598.4537289957948,85.0,68.53916037719165,5.0,10.219737457728696,21.0,23.91872139841658,22.0,15.242053086720901,22.0,22.933782186791277
template_projection,ridge_10,3358,600.0,673.791512056547,50.0,48.92147340186058,2.0,2.6462372020243468,53.0,50.67404465633314,30.0,43.1833547299845,73.0,65.16093273231856
template_projection,ridge_10,3359,900.0,943.2444876933648,12.0,17.527857734456305,7.0,6.502153480769696,53.0,45.59740201775291,105.0,93.47562561770724,114.0,125.57395583333984
template_projection,ridge_10,3360,700.0,633.2519203074052,292.0,269.2172380200734,6.0,10.36534058676674,21.0,17.805677493780756,28.0,70.94324129790292,119.0,100.30822504055027
template_projection,ridge_10,3361,4100.0,4200.656089912602,2.0,34.87220804129929,32.0,15.990202022732639,161.0,152.8823239054528,275.0,285.06762296605143,311.0,322.6001385470223
template_projection,ridge_10,3362,200.0,213.60476208799741,134.0,132.39100728843067,2.0,0.85567454981277,19.0,19.49569434275427,17.0,17.080159267574174,34.0,39.73643199343111
template_projection,ridge_10,3363,1300.0,1687.6668899347276,79.0,113.0014682299666,159.0,139.76496951345905,94.0,88.67048308596617,139.0,131.58952473195907,157.0,191.17692393963466
template_projection,ridge_10,3364,300.0,156.67971812356245,74.0,83.23536640541609,5.0,3.344286307125122,24.0,29.51730312301218,26.0,123.03627283415739,258.0,189.7284366613846
template_projection,ridge_10,3365,800.0,715.3515492590943,31.0,43.502303035381146,3.0,4.25670006446501,30.0,24.521779400098826,82.0,44.719193537732316,61.0,80.30403302372325
template_projection,ridge_10,3366,2900.0,2818.887851342066,12.0,9.783053365017551,37.0,36.99939400417307,84.0,84.40076003036157,177.0,164.2594847581339,179.0,189.8044629954358
template_projection,ridge_10,3367,800.0,456.30143030955037,43.0,13.753246198092533,19.0,27.049488091588753,75.0,67.90138030282716,52.0,55.47455661959758,79.0,94.44759560193552
template_projection,ridge_10,3368,1100.0,1352.8860029975037,8.0,6.026266881651161,13.0,14.3796284556961,139.0,134.45288848510427,81.0,102.86506598643433,154.0,143.8022834454925
template_projection,ridge_10,3369,6600.0,6261.208072478651,1.0,-0.3185671215313661,94.0,93.70371511145431,130.0,134.75427482396648,394.0,376.997575080943,407.0,417.5836444079572
template_projection,ridge_10,3370,100.0,206.38230587493445,92.0,94.5313839836247,2.0,-5.612659569639812,9.0,8.728948389716898,3.0,9.846247144028169,17.0,22.35290586327301
template_projection,ridge_10,3371,600.0,598.9063562112955,83.0,85.80532117571855,13.0,11.635049144474669,37.0,38.58564917711881,60.0,50.68538630111554,74.0,80.17893659023773
template_projection,ridge_10,3372,200.0,187.2274665234106,160.0,139.62390240739745,3.0,10.789759926986033,19.0,27.532975422313008,11.0,24.93472608688262,73.0,46.393249424413824
template_projection,ridge_10,3373,1800.0,1354.8058895818415,2.0,-10.236205793319485,7.0,14.313199266707654,61.0,68.86574206452596,105.0,85.41001259446071,111.0,111.23083787601259
template_projection,ridge_10,3374,200.0,151.23951087389378,24.8472,43.0095766817762,6.0,3.7202454804573293,30.0,34.50967274009584,6.0,0.6690388364759627,9.0,3.00703355070263
template_projection,ridge_10,3375,1300.0,1852.2335013672136,159.0,141.31128502799675,3.0,5.213039117562078,36.0,45.54518094881605,136.0,128.98733237013576,151.0,147.1001536539178
template_projection,ridge_10,3376,400.0,206.64864382950896,138.0,126.17421140091092,2.0,7.717016862675123,8.0,9.10786253642339,44.0,73.07811486992765,131.0,106.00764676539853
template_projection,ridge_10,3377,1600.0,1319.0670276079868,57.0,36.24765753047484,107.0,106.04750471722924,89.0,100.32708394431441,193.0,143.71734510057624,222.0,232.02319935884236
template_projection,ridge_10,3378,2000.0,1707.3525244364791,232.0,218.89977001549434,23.0,26.18792466028357,29.0,32.50937899112698,161.0,155.23000159094676,190.0,195.29112397175396
template_projection,ridge_10,3379,1800.0,1736.388487294318,35.0,32.660382298551596,54.0,54.84739322090754,58.0,59.05613125970901,37.0,83.66518346700087,139.0,106.85868222493772
template_projection,ridge_10,3380,500.0,606.1750192141196,2.0,5.986525812937515,2.0,1.3337372958947213,84.0,79.20954979419355,25.0,17.73870607992692,29.0,38.38263967677632
template_projection,ridge_10,3381,300.0,261.73173639503864,66.0,66.58230647676115,2.0,2.0320798991671047,21.0,21.02653502756706,6.0,6.135820949520607,23.0,23.371313820944124
template_projection,ridge_10,3382,700.0,551.6784570442984,2.0,-10.116302484826136,2.0,-1.5634246294903402,94.0,85.57386240197614,26.0,49.87017139312682,76.0,91.01430286265071
template_projection,ridge_10,3383,2500.0,2450.0637112535132,11.0,7.494765912862611,16.0,20.79232806243794,69.0,72.98620870454988,208.0,176.79891195966906,208.0,213.3254559554025
template_projection,ridge_10,3384,500.0,733.0666085502455,59.0,46.31760800778153,12.0,17.214089128797355,46.0,43.62278445903682,31.0,60.48197766459892,101.0,85.7284549007554
template_projection,ridge_10,3385,800.0,310.41440926092093,173.0,148.60399263096434,4.0,7.865610371416175,35.0,41.93282750860137,75.0,53.75986459376322,75.0,98.262091602732
template_projection,ridge_10,3386,400.0,490.09915016692605,61.0,79.90456545000437,2.0,-1.6445247356488384,25.0,20.792014466065943,15.0,65.58877805111022,130.0,95.1472708938099
template_projection,ridge_10,3387,1200.0,1194.97359873802,17.0,35.21037508633531,23.0,17.0303872547667,47.0,43.35256170692749,29.0,24.117932553617337,29.0,37.014065993097915
template_projection,ridge_10,3388,2100.0,2038.890401653164,2.0,7.296083124781035,41.0,38.05554386067156,84.0,83.18843513060844,104.0,109.34306835400938,130.0,132.43709797495973
template_projection,ridge_10,3389,600.0,809.3113893500592,48.0,52.68010048140312,19.0,16.564971958578194,35.0,37.00002687484901,40.0,38.306129367747225,55.0,56.343023791714266
template_projection,ridge_10,3390,2400.0,2331.8156130364077,2.0,4.374560796360484,25.0,29.152410232602023,66.0,60.29151814886582,135.0,144.51496569741198,183.0,171.753576602418
template_projection,ridge_10,3391,700.0,856.6020920977408,27.0,29.349348213293933,9.0,8.02692040106253,76.0,73.36513093741429,31.0,54.007086614538366,95.0,82.58227298621709
template_projection,ridge_10,3392,400.0,351.7613002337846,49.0,53.48160443284783,7.0,5.466085360775811,24.0,24.408323673529058,11.0,5.364453427593091,11.0,16.89277967613485
template_projection,ridge_10,3393,1200.0,1315.5619689780665,1.0,4.738169209732412,15.0,14.967862109821862,95.0,95.91231061425728,100.0,126.93960125726835,203.0,177.7052218518848
template_projection,ridge_10,3394,800.0,894.0216457952649,2.0,1.0044232083228124,2.0,2.5315596356256638,89.0,85.31044786104067,46.0,57.832167540057995,91.0,86.90919704408236
template_projection,ridge_10,3395,500.0,175.65370391424244,33.0,46.844542048588806,4.0,-8.625046584264696,34.0,18.008160975817866,12.0,38.68656690990459,27.0,47.95411501371835
template_projection,ridge_10,3396,500.0,500.92081539115065,41.0,41.609254482534425,12.0,11.229798182767833,29.0,29.313622675993326,17.0,11.077389303409277,17.0,23.32719153437469
template_projection,ridge_10,3397,500.0,264.3426874765197,62.0,46.82642704227675,7.0,6.6790637185983215,24.0,33.08573604852329,6.0,-0.8697990651760392,20.0,26.794983890695917
template_projection,ridge_10,3398,700.0,805.3216419072019,3.0,6.121930829801869,5.0,5.032140835626809,43.0,44.33575392160172,23.0,29.712077949474704,49.0,45.01819524095498
template_projection,ridge_10,3399,1400.0,1500.119750896483,53.0,53.799423888436316,24.0,25.44009846983113,78.0,78.99998955722668,144.0,142.53998053237123,192.0,188.30737269464214
template_projection,ridge_10,3400,2700.0,2677.1979811117635,20.0,20.871134263714012,47.0,41.214253185847,106.0,102.46008538014752,150.0,158.10237672379318,166.0,184.7269353612494
template_projection,ridge_10,3401,700.0,566.1125165005325,116.0,105.80877776360748,20.0,19.994265310919445,29.0,30.921220525901266,63.0,64.39515154797449,87.0,95.47665362077656
template_projection,ridge_10,3402,1900.0,2502.244013422907,17.0,41.467806629659904,2.0,-2.3773482990182,64.0,69.49455037183613,268.0,219.83167017254303,268.0,275.3598780966686
template_projection,ridge_10,3403,5900.0,5898.9522259537,10.0,-13.77616578812031,9.0,18.17864306796818,109.0,116.46692183605384,463.0,425.4788552699059,483.0,485.62068871001304
template_projection,ridge_10,3404,500.0,537.8608717494051,37.0,41.74194461428098,18.0,15.493860830461495,44.0,41.526844976673445,4.0,7.742006247195619,17.0,21.372637272514922
template_projection,ridge_10,3405,800.0,791.5008452206735,6.0,7.611054522378019,4.0,2.6310423677497106,65.0,62.06984051526046,22.0,23.79850251865858,34.0,39.23328741177819
template_projection,ridge_10,3406,200.0,144.73610629749237,101.0,100.06461996758756,3.0,4.872443808822251,10.0,11.3311038293553,5.0,4.233379858814445,20.0,15.358756869513982
template_projection,ridge_10,3407,1000.0,1049.4911225957371,11.0,18.81937148723815,6.0,3.2178401888552806,80.0,76.49637850721776,73.0,73.59019074355804,95.0,100.96868772375694
template_projection,ridge_10,3408,300.0,216.29183170738725,83.0,81.38744053406994,3.0,1.47055296202128,11.0,9.528006559364087,12.0,7.172215071990493,12.0,24.675100489631205
template_projection,ridge_10,3409,300.0,-157.25904523028316,109.0,89.15168369251649,2.0,6.712906707381325,8.0,-16.012983532457078,6.0,19.41977411768068,23.0,54.04589306667642
template_projection,ridge_10,3410,300.0,307.21278789144674,40.0,32.90864538875543,12.0,18.08655843874034,14.0,28.299421212664736,14.0,-3.748862951666993,28.0,14.952555139237603
template_projection,ridge_10,3411,4800.0,4638.631165960929,1.0,9.498252496965144,67.0,64.26271839679282,110.0,112.00953318312918,284.0,277.773156885365,310.0,310.847937850862
template_projection,ridge_10,3412,100.0,-154.4366756123825,154.0,152.70516210996965,2.0,5.483009695595534,7.0,3.0763016247048185,70.0,48.14329142609574,74.0,82.54037217758571
template_projection,ridge_10,3413,500.0,351.39864657302144,190.0,185.97499582298227,5.0,10.639780530009066,21.0,24.397204621894304,36.0,43.914416081243594,84.0,64.81978297938875
template_projection,ridge_10,3414,400.0,900.6852987048984,82.0,99.62434921669796,11.0,-6.71251558180913,9.0,-16.97771223755577,8.0,46.08552956711129,8.0,58.69050859005436
template_projection,ridge_10,3415,1700.0,2096.8609921055927,4.0,11.120090695528681,43.0,40.750992069512805,141.0,136.1907983263728,193.0,222.69270992083156,316.0,297.64977513353676
template_projection,ridge_10,3416,1400.0,1389.6039291908492,180.0,180.82120084919157,19.0,21.471194250082586,57.0,55.73323657595917,103.0,117.06128070705043,169.0,150.71519278649404
template_projection,ridge_10,3417,500.0,611.1024895241568,43.0,62.60671741228471,20.0,17.846141688579536,37.0,39.435621493301404,12.0,-1.7908822845104737,14.0,6.22052226065982
template_projection,ridge_10,3418,1000.0,1117.822656004223,12.0,12.312447885321198,14.0,14.979079862837798,104.0,100.14659364786901,66.0,83.88064297037498,132.0,120.9442746416376
template_projection,ridge_10,3419,300.0,616.747544151755,91.0,106.0680505365621,5.0,-0.6364290600600331,12.0,14.417891470736315,21.0,67.95907547521139,138.0,97.67726039489456
template_projection,ridge_10,3420,3600.0,3425.6576774018467,27.0,37.05414733471315,116.0,107.40659426358197,69.0,69.67186140829241,95.0,110.72864752891674,105.0,110.78321553275967
template_projection,ridge_10,3421,1400.0,1450.8761876318647,63.0,62.114319689397945,11.0,11.698670746195425,27.0,28.993715926577085,167.0,135.1737661360042,152.0,166.74102439290957
template_projection,ridge_10,3422,1600.0,1826.6073044224127,2.0,6.953377602402568,42.0,38.10864955944052,92.0,89.44709243293303,75.0,100.83971992981694,136.0,128.2717671542476
template_projection,ridge_10,3423,1000.0,1445.519120646354,60.0,60.99576619578384,6.0,3.4953777427312094,22.0,26.57234944498268,21.0,31.751176250412215,28.0,23.954373766669192
template_projection,ridge_10,3424,300.0,247.19048986493988,140.0,130.89623927608204,3.0,3.180479624399462,14.0,16.206943196318704,16.0,7.586972391654669,16.0,26.321938097799247
template_projection,ridge_10,3425,600.0,360.9814295381318,48.0,14.293061718584497,2.0,7.701017015079955,30.0,22.102187374638827,37.0,50.41974125098564,54.0,76.46601141971601
template_projection,ridge_10,3426,300.0,237.8613802046591,54.0,53.188217126883046,2.0,5.257588372840528,9.0,6.144888675897263,3.0,0.15001460514558573,6.0,6.752538929317112
template_projection,ridge_10,3427,3200.0,3119.1613755827666,2.0,1.434635612383829,25.0,25.85124984579359,114.0,111.80663141832413,216.0,197.60612453637782,218.0,231.44389494770348
template_projection,ridge_10,3428,1300.0,1325.96552285678,2.0,1.4690678998034414,2.0,3.9948000747411356,64.0,63.96225349178502,84.0,71.93490924455622,87.0,89.89271833832092
template_projection,ridge_10,3429,900.0,905.3817636363103,128.0,130.68001683875224,26.0,25.165642020750713,42.0,42.20685803054401,63.0,89.56745844593965,151.0,131.63145362590987
template_projection,ridge_10,3430,1700.0,1843.2127376161707,3.0,7.151868205439435,2.0,2.413870470820454,105.0,101.91590546303658,218.0,205.98143596545407,262.0,267.58200036314156
template_projection,ridge_10,3431,1000.0,1173.7550584879805,2.0,3.494166497929619,10.0,10.39131368337845,126.0,116.71434268775562,68.0,70.1387594962558,96.0,100.86201347816316
template_projection,ridge_10,3432,200.0,-60.49809446134941,84.0,136.31208502013254,2.0,-6.546083077279691,13.0,0.6991074322169979,12.0,7.471237900426274,28.0,23.170656913075803
template_projection,ridge_10,3433,500.0,642.2723390153241,19.0,28.788764151580185,2.0,0.05243848577406318,26.0,25.482407453006253,40.0,31.106872016701338,40.0,45.34255484125632
template_projection,ridge_10,3434,500.0,225.93120637474226,58.6908,87.97327980499006,45.0,39.352196545675106,25.0,31.21036620696467,29.0,20.87401928441753,35.0,18.363496489158123
template_projection,ridge_10,3435,800.0,1006.0019720340287,7.0,8.518135262415754,14.0,12.982305912742401,120.0,115.31136111510989,66.0,83.94212446649765,131.0,125.5553908981039
template_projection,ridge_10,3436,300.0,140.62921968504747,68.0,55.59671349373596,4.0,17.505371460226336,11.0,10.984871736109966,7.0,-8.333887051200989,5.0,-18.306726069121495
template_projection,ridge_10,3437,1900.0,1929.2502688320942,2.0,0.4912555028310095,7.0,8.61732311392416,90.0,86.72770110579673,128.0,114.46574005852798,128.0,137.45481987157308
template_projection,ridge_10,3438,200.0,258.4920722355656,49.0,55.27631785350318,2.0,1.7458515333113365,22.0,24.148720365018143,13.0,6.2777226491580365,24.0,18.712933770367187
template_projection,ridge_10,3439,700.0,521.6115105484931,3.0,19.53505284568959,2.0,-9.766192431543486,42.0,37.23565149302043,18.0,37.983864532041736,52.0,58.76998431660957
template_projection,ridge_10,3440,100.0,-556.7416910775139,43.0,43.67006164741355,2.0,-3.9111434916148955,8.0,5.422257275675868,5.0,10.782048034352812,16.0,29.433503706733717
template_projection,ridge_10,3441,2600.0,2529.1437912187685,12.0,18.947541185479714,57.0,55.73648211050776,61.0,61.20256546022809,200.0,177.0621467966468,200.0,212.60803111001604
template_projection,ridge_10,3442,2500.0,2781.2443192551686,52.0,47.27312299477413,37.0,35.54022829739812,100.0,102.7396439105915,268.0,275.8686394073471,358.0,355.6751035394556
template_projection,ridge_10,3443,300.0,512.965777630672,88.0,79.42748834649451,2.0,0.3878908247031543,6.0,11.992535342608186,10.0,5.760648162788144,10.0,16.748497050029755
template_projection,ridge_10,3444,800.0,634.5944027602243,21.0,26.22295136487769,6.0,8.535044256350648,67.0,58.53452377774839,81.0,76.0229477328398,110.0,113.90418813832898
template_projection,ridge_10,3445,300.0,422.2130060953888,64.0,83.10981639811251,11.0,6.949663814695068,17.0,14.890456710363495,20.0,38.019102106837174,66.0,64.89471437611414
template_projection,ridge_10,3446,1000.0,998.3746681774235,57.0,57.60297331720384,7.0,7.9440339609585475,34.0,36.61486145338451,109.0,89.80566953350771,115.0,120.99725987001004
template_projection,ridge_10,3447,400.0,645.8495387090717,182.0,181.71518343645545,3.0,7.671283747279418,28.0,23.27475020205234,24.0,33.11827733136442,55.0,41.69041676215918
template_projection,ridge_10,3448,200.0,610.6713185558806,68.0,86.38978648157607,2.0,12.981718181520474,2.0,19.963933572960176,116.0,394.1992267182921,827.0,564.7812972812552
template_projection,ridge_10,3449,1400.0,1730.5090604828774,122.0,67.74148627874945,12.0,22.06932241754526,51.0,48.450517399051996,148.0,168.533047267494,200.0,195.69363048670957
template_projection,ridge_10,3450,1100.0,1383.3434011171737,40.0,46.28718170268643,34.0,33.72525463575654,109.0,107.81675104661358,126.0,177.90040684883732,292.0,251.12086281637778
template_projection,ridge_10,3451,1200.0,1346.664109561938,8.0,8.266239599198308,8.0,9.83770618090647,100.0,98.102787695702,88.0,116.2091998186628,182.0,158.71234635056496
template_projection,ridge_10,3452,400.0,141.58256173159293,42.0,18.83576008844183,2.0,10.792899189991239,21.0,26.98831420696228,8.0,-14.020161801087085,10.0,26.24883717147624
template_projection,ridge_10,3453,300.0,465.05411256128,86.0,96.94769032658802,5.0,2.3300458059004754,3.0,17.61854384465446,10.0,28.265545881956882,70.0,46.20287460580729
template_projection,ridge_10,3454,300.0,418.7869040002247,36.0,48.07360281471983,4.0,-7.757073062994811,28.0,23.185476575049197,5.0,26.61122026900543,40.0,36.36554659059418
template_projection,ridge_10,3455,1100.0,1606.536017632001,10.0,-1.6071266616442372,12.0,17.455307251913666,75.0,78.77197137335854,47.0,60.94782482184853,107.0,85.8503044455954
template_projection,ridge_10,3456,1700.0,1400.9086475911183,19.0,27.108664229131485,2.0,-1.943503993914236,42.0,43.10498253129065,72.0,67.60059497247393,72.0,79.30294296661599
template_projection,ridge_10,3457,1400.0,1045.3613089946675,32.0,31.319379052706466,27.0,24.009041198776366,46.0,51.205784624076315,55.0,43.40364558395064,57.0,64.86544605424687
template_projection,ridge_10,3458,2200.0,2407.3041437818047,70.0,75.14706086283184,62.0,60.97484991731278,62.0,59.31814994576135,250.0,216.7849843026349,250.0,271.47415329633
template_projection,ridge_10,3459,1200.0,1265.0437432817519,97.0,92.33554275194484,12.0,14.909274007386161,84.0,81.02512925730363,68.0,90.51939947138081,142.0,125.19431633012933
template_projection,ridge_10,3460,300.0,344.94741413206305,33.0,32.162039673968366,2.0,-0.23170191153206332,38.0,28.301029835896312,8.0,15.199014987189855,8.0,25.204353434986928
template_projection,ridge_10,3461,300.0,129.5770453401451,55.0,53.207944704791636,3.0,5.293524537196005,17.0,19.856705827029636,6.0,-0.314164643322826,22.0,18.528993339879833
template_projection,ridge_10,3462,600.0,695.9232919640773,34.0,38.76422512569715,14.0,10.682519460252358,57.0,58.12296866055635,42.0,57.87578472032146,89.0,84.94924629609764
template_projection,ridge_10,3463,500.0,524.3093894438236,31.0,33.302876079723816,3.0,3.111702404746133,18.0,19.851902335060355,30.0,28.132149347098917,45.0,42.50454505764607
template_projection,ridge_10,3464,3300.0,3282.150668863162,1.0,7.6130806296869835,72.0,64.38703544020862,86.0,81.47323886436223,101.0,130.63549051979675,176.0,170.5159066570522
template_projection,ridge_10,3465,500.0,493.5968803494429,105.0,99.73232365612293,3.0,3.9035451466678204,30.0,29.37701038894078,40.0,42.1126715995763,67.0,67.62926488720237
template_projection,ridge_10,3466,1100.0,1639.5872490980414,16.0,-6.372604725943141,2.0,6.031409840576931,9.0,14.921943812863546,23.0,26.213370189522955,23.0,25.616715742174648
template_projection,ridge_10,3467,1100.0,1119.6808536682786,64.0,66.22763116914882,16.0,14.601335211417446,22.0,24.274061368434893,47.0,68.8991537197991,105.0,88.7004104433689
template_projection,ridge_10,3468,1000.0,882.4342525428349,60.0,53.70673646464071,3.0,6.470725126297825,36.0,43.30917376950912,108.0,82.65318615419663,108.0,104.55118889913689
template_projection,ridge_10,3469,500.0,806.1317325390874,57.0,66.28317291092692,4.0,-1.6334204096091316,32.0,28.69939870589142,21.0,34.197923124349686,38.0,40.191118583495
template_projection,ridge_10,3470,800.0,749.6724583051273,37.0,38.59630922176834,7.0,7.139407140807242,41.0,40.465895112465425,16.0,11.917345216478978,18.0,20.698069191195444
template_projection,ridge_10,3471,500.0,396.09406390453853,38.0,40.587041013387264,2.0,1.869354832768602,26.0,29.52346517144713,27.0,29.518321463970167,58.0,52.094347432722806
template_projection,ridge_10,3472,400.0,113.3537370704098,64.0,70.14131797389362,3.0,0.5936652720866356,10.0,15.57340583151619,10.0,26.91922958576211,66.0,47.29054097481967
template_projection,ridge_10,3473,500.0,1068.0227811026903,159.0,148.31112566762266,7.0,9.265370576642718,18.0,13.573000095576432,24.0,101.39634199652234,179.0,136.6699114232873
template_projection,ridge_10,3474,2500.0,2600.275027634721,38.0,39.02833583350434,69.0,66.95361867104425,130.0,129.06049150000354,232.0,201.8464934256986,235.0,259.82572131135305
template_projection,ridge_10,3475,1500.0,1515.2257552911074,28.0,29.458597032003414,33.0,30.826442656021193,53.0,52.147503124116234,82.0,64.26892344815396,61.0,78.81980676784622
template_projection,ridge_10,3476,2800.0,2914.0027550825907,9.0,13.611796486498285,75.0,69.84708222628424,112.0,111.35238052016925,236.0,212.95341329240495,236.0,263.0191685706101
template_projection,ridge_10,3477,500.0,382.40302739242975,59.0,55.163626576331154,11.0,11.493826923316954,32.0,32.908301667540485,10.0,9.156632033805167,20.0,22.343408551998024
template_projection,ridge_10,3478,900.0,1004.9432867093677,3.0,3.5038035096903286,5.0,4.160080965424097,63.0,62.96016394065046,83.0,82.06029495374725,111.0,113.19814017162149
template_projection,ridge_10,3479,1100.0,1094.6630509694926,111.0,110.20850269929483,21.0,21.752732225866065,35.0,35.32922241899884,87.0,79.01681348785054,106.0,107.51334602024578
template_projection,ridge_10,3480,200.0,155.27186430081406,118.0,117.30549595885688,3.0,2.1448143921750837,11.0,9.758434871329065,27.0,18.953746646145035,28.0,38.7132135801682
template_projection,ridge_10,3481,300.0,129.15379515736186,95.0,76.63812818098117,2.0,-2.728061830326622,16.0,10.450795074974756,7.0,30.518524719719466,20.0,47.611412314167744
template_projection,ridge_10,3482,1900.0,2874.457459836156,9.0,51.42019750405688,2.0,-11.132536547835544,49.0,45.98798587625414,344.0,306.34978112599094,344.0,363.9697785198156
template_projection,ridge_10,3483,2000.0,2149.5311116531184,10.0,17.308189608889776,64.0,59.05016117652451,96.0,93.06672813946219,167.0,148.94230974009818,167.0,189.47019709557946
template_projection,ridge_10,3484,1200.0,1309.9261944759419,47.0,52.015690739502894,10.0,10.574820640048076,37.0,41.48767337790337,139.0,118.06592255871108,151.0,152.64110383192255
template_projection,ridge_10,3485,700.0,865.7500339132944,34.0,40.929876952758065,7.0,4.628222028953429,62.0,58.75798979385288,44.0,59.85992396788168,99.0,88.66556252942786
template_projection,ridge_10,3486,100.0,32.67713276771315,101.0,98.92662470641727,2.0,4.100120430217739,8.0,7.985114374191284,7.0,-1.6441736763985944,8.0,13.044121250338122
template_projection,ridge_10,3487,3200.0,3125.1102307045458,2.0,2.600501051348772,20.0,23.52047808326742,91.0,95.04535193075503,199.0,220.0707531925866,292.0,262.785808868514
template_projection,ridge_10,3488,4400.0,3905.8320857998815,3.0,4.869761655629347,19.0,22.970858170251308,88.0,92.68458118437033,271.0,250.67649871875548,271.0,274.432742012444
template_projection,ridge_10,3489,1500.0,1557.730236022138,117.0,111.81872328109802,15.0,16.236593973146057,48.0,53.31223821802587,271.0,233.91313252361962,291.0,309.5766108620734
template_projection,ridge_10,3490,400.0,441.82308107762935,31.0,38.303317456842066,2.0,-0.05762433669781508,16.0,15.753319415436756,21.0,15.776498349358107,26.0,27.241645735332952
template_projection,ridge_10,3491,1100.0,1263.879287155104,136.0,128.51562371232734,19.0,17.85031436836956,44.0,45.40226702152028,184.0,156.96801969668257,184.0,204.91032138474105
template_projection,ridge_10,3492,1200.0,1427.1832198849268,6.426,11.11497536467973,26.0,22.159685505302203,97.0,91.22692394886278,185.0,130.2335957045048,124.0,172.25064432173656
template_projection,ridge_10,3493,500.0,399.1132919876354,65.0,64.42850217184937,2.0,3.459707958910492,6.0,9.923921748673884,8.0,30.38028970127084,72.0,49.15386904416076
template_projection,ridge_10,3494,700.0,702.415483522731,36.0,41.64282694910534,10.0,4.7548259310891385,35.0,37.367415218189976,17.0,32.050336994820086,55.0,53.637158480581725
template_projection,ridge_10,3495,600.0,676.4397036744142,140.0,139.27748820614573,7.0,7.04924036751866,26.0,27.516987163440046,61.0,62.578222223714356,94.0,89.8547620675867
template_projection,ridge_10,3496,300.0,368.01940475152196,95.0,98.46637295953936,5.0,5.038251515497102,14.0,14.917082866676907,12.0,24.53827132602826,51.0,38.924219630789864
template_projection,ridge_10,3497,1200.0,1455.574819335708,27.0,28.708497750709558,2.0,-7.592473481534542,95.0,79.27458893976458,57.0,93.48162038280023,88.0,99.54463910071682
template_projection,ridge_10,3498,400.0,340.02388621190653,31.0,32.91012756986194,2.0,1.2845811164749126,7.0,9.297240186059817,6.0,4.400265002152025,12.0,12.49450914267301
template_projection,ridge_10,3499,1000.0,1042.396056737835,5.0,8.359383950026881,7.0,6.4348624058632655,65.0,67.13088794127108,45.0,62.85568871090936,107.0,90.66118018582118
template_projection,ridge_10,3500,400.0,454.57499643286417,37.0,40.311965152123385,2.0,1.6415974314062165,28.0,27.870226000783337,6.0,5.892728525658896,19.0,16.964788323851394
template_projection,ridge_10,3501,300.0,316.90342848264436,109.0,105.71658049807635,2.0,3.9809903419605774,9.0,8.686981142462663,7.0,1.7494453386663764,7.0,12.166305609755028
template_projection,ridge_10,3502,2000.0,2009.1358649175997,2.0,12.518488756588333,3.0,5.842181568517429,140.0,133.1842634155499,269.0,223.55880346321584,269.0,293.14016312289004
template_projection,ridge_10,3503,900.0,1101.0882777213474,46.0,19.165978034207193,20.0,10.195873337553005,53.0,64.4115899508593,72.0,85.04088644413936,99.0,120.43123796637187
template_projection,ridge_10,3504,1400.0,1451.3494444806145,78.8256,81.12490767756697,24.0,24.582449746074726,66.0,66.63895358352435,72.0,119.53300440460889,197.0,160.75077242340458
template_projection,ridge_10,3505,400.0,311.13017893180927,19.0,21.785198752245414,1.0,0.032195848450781384,6.0,9.845853762582031,17.0,11.676402429738701,25.0,22.718279396851827
template_projection,ridge_10,3506,1200.0,1313.4870085535658,16.0,19.294732156846926,26.0,23.699193611415787,63.0,62.03240088877758,34.0,43.35358187148393,57.0,57.039009192911536
template_projection,ridge_10,3507,1200.0,1270.4308685948845,122.0,126.47617005792992,53.0,51.1457153434275,40.0,41.66504635611774,63.0,100.11576797769663,166.0,139.36719037525893
template_projection,ridge_10,3508,1200.0,1612.164876461505,7.0,23.22407159998987,11.0,2.048426878698711,152.0,146.73321034228073,85.0,124.72348257648085,171.0,167.7326705411827
template_projection,ridge_10,3509,300.0,216.12297165070322,56.0,63.092666255361564,8.0,3.658010665982708,23.0,24.546304077528234,10.0,21.915161875362287,50.0,48.36739590620354
template_projection,ridge_10,3510,1200.0,1243.0029786590792,8.0,14.714696611801074,13.0,12.682246280287934,81.0,79.07135678036397,81.0,85.96388931065556,123.0,117.53412338146087
template_projection,ridge_10,3511,800.0,751.9254548215915,28.0,31.16604627530897,2.0,-1.0307254464818119,12.0,16.50927919056079,59.0,46.84080965212638,59.0,67.60881591298485
template_projection,ridge_10,3512,400.0,142.19042341875797,36.0,34.9988698981221,3.0,1.6134619967568042,24.0,24.99715326121389,8.0,19.481310259569327,42.0,37.85499381612915
template_projection,ridge_10,3513,1200.0,970.4954221350625,26.0,35.57572356903518,2.0,-5.0660782395592445,48.0,58.77812565744098,142.0,112.41562414412303,142.0,167.55752937439928
template_projection,ridge_10,3514,1400.0,1404.7040228148762,2.0,6.305354500166203,15.0,12.623980376282594,89.0,87.42711342876433,68.0,80.08553674390406,109.0,104.65880113581336
template_projection,ridge_10,3515,2600.0,2577.2006961718903,7.0,7.35068533830222,50.0,49.32905026530717,77.0,78.29987748351509,81.0,82.56014835242564,85.0,85.98128257621698
template_projection,ridge_10,3516,2200.0,2571.9275754015052,2.0,17.505218329003306,26.0,26.64362085844015,98.0,89.71276206769768,106.0,110.02805082480657,132.0,121.12104945554427
template_projection,ridge_10,3517,1700.0,1828.7875703082059,89.0,56.13610360502723,60.0,65.8140797131077,49.0,59.0303344624084,95.0,106.23608523407202,137.0,131.0073926629094
template_projection,ridge_10,3518,1100.0,1205.560720552803,37.0,37.70616728429809,28.0,26.206178573607236,55.0,53.874107774458345,64.0,93.08110538707905,137.0,124.61106613591389
template_projection,ridge_10,3519,400.0,360.1552617720889,24.0,27.70659879407433,2.0,4.200557185197919,35.0,27.949949457223003,8.0,12.038419667008625,25.0,26.386273825322533
template_projection,ridge_10,3520,600.0,580.5758749166466,206.0,195.22455867912126,6.0,11.247486110848921,29.0,28.80031994015402,45.0,62.31635982240031,114.0,93.9858208233377
template_projection,ridge_10,3521,400.0,572.0548464239217,111.0,104.35021349570515,4.0,4.638048881226698,27.0,31.754763830258362,8.0,4.902957899939153,18.0,16.573800644876854
template_projection,ridge_10,3522,2000.0,2016.1488998900882,6.0,6.537163663036907,31.0,29.075839396567954,77.0,74.2091394426118,102.0,95.43753896328833,102.0,116.05820505150936
template_projection,ridge_10,3523,800.0,724.7727376397454,127.0,140.42629079920744,11.0,11.032453079889779,18.0,16.486124129686864,48.0,60.69703650994952,95.0,81.72153669064264
template_projection,ridge_10,3524,1100.0,1153.8929061497145,115.0,110.45770288508263,17.0,21.73953200915416,23.0,32.30816381156209,72.0,95.1621876635859,158.0,121.80259045466568
template_projection,ridge_10,3525,500.0,417.68697055240136,161.0,153.11627018253756,2.0,4.629346521892378,18.0,18.12903051819034,22.0,25.73450321910927,46.0,43.955067387512685
template_projection,ridge_10,3526,300.0,284.7912137448167,46.0,47.57703290882831,5.0,4.294341451279989,16.0,17.961621777942717,3.0,9.761801067740976,30.0,24.66266947894367
template_projection,ridge_10,3527,700.0,683.2328528074022,52.0,48.488321196314295,2.0,1.4058710910505035,62.0,60.13355774796467,35.0,29.537193689832776,39.0,47.6682596457534
template_projection,ridge_10,3528,1300.0,675.1555776452874,20.0,5.7080605879432795,8.0,9.48738354035303,29.0,25.296072781257013,68.0,71.68706826931808,77.0,106.621261147876
template_projection,ridge_10,3529,400.0,463.2546547141469,28.0,29.29401129996439,6.0,5.619265793521905,51.0,49.75759948415501,40.0,28.604074528786988,41.0,50.234818547896985
template_projection,ridge_10,3530,3200.0,2927.629923703518,17.0,21.490170213646905,54.0,51.58719654686294,58.0,60.90427103151237,118.0,120.76980159633554,126.0,127.80375205385056
template_projection,ridge_10,3531,900.0,882.4193629902836,74.0,74.13902415077582,26.0,25.60583122437241,28.0,28.09211881060631,50.0,50.879098123759064,73.0,75.87542936684183
template_projection,ridge_10,3532,1900.0,1844.1195815065155,44.0,45.06867705933644,4.0,6.491164339807391,66.0,70.55596459529471,288.0,236.21786779423843,288.0,309.12141604467047
template_projection,ridge_10,3533,600.0,419.7079656082592,48.0,34.298157336349284,2.0,2.2620414490211687,18.0,19.085272801147692,13.0,28.776628671731828,21.0,32.34026280320741
template_projection,ridge_10,3534,1000.0,991.6425525963801,36.0,34.22503597714758,2.0,2.2475051498672407,39.0,39.14867902122232,46.0,39.947698356628074,46.0,50.94558691966719
template_projection,ridge_10,3535,200.0,60.488576991399896,94.0,113.44005226891065,2.0,2.3745050119089637,14.0,15.432949050808602,19.0,10.69543638035924,27.0,20.60106549062212
template_projection,ridge_10,3536,500.0,318.09988839558775,75.0,46.27630330890716,3.0,18.13394854639283,42.0,53.504644820685876,31.0,5.133211515767542,32.0,22.258202443004762
template_projection,ridge_10,3537,2300.0,2373.4457684339595,2.0,-4.742685090072079,6.0,8.531676408111903,124.0,119.2705390630187,197.0,190.8074684209554,238.0,243.37580466745464
template_projection,ridge_10,3538,4100.0,3823.810624862015,2.0,2.5911351877103854,76.0,74.25165714104521,104.0,105.92876520392173,138.0,157.22663070335048,178.0,170.8481281315627
template_projection,ridge_10,3539,900.0,532.1293240569659,115.0,91.06393216137474,2.0,0.6944455975475954,11.0,11.589589618198978,56.0,50.82992846309121,56.0,85.42252506581568
template_projection,ridge_10,3540,2800.0,2637.745015798226,30.0,25.665846693161996,2.0,5.018096572835285,61.0,64.62376074181907,179.0,164.5026934487426,185.0,186.25919571641543
template_projection,ridge_10,3541,700.0,758.0534013787451,91.0,84.99703836216901,11.0,11.391524104378929,69.0,65.39315337547124,43.0,72.41457624795967,124.0,110.92353425047352
template_projection,ridge_10,3542,400.0,549.7868285591352,62.0,59.33118100783107,13.0,24.227622271168485,15.0,7.280550159435016,26.0,13.907715333661201,25.0,24.263272342344436
template_projection,ridge_10,3543,1000.0,607.4309704834549,47.0,45.6568675953334,17.0,26.9911534283056,31.0,17.505867046841516,33.0,38.59222982825318,33.0,26.484468024958957
template_projection,ridge_10,3544,500.0,592.60324192104,49.4802,46.146181499507904,15.0,21.17337640293363,24.0,23.72556237527142,65.0,68.14276674958171,114.0,96.93758057199518
template_projection,ridge_10,3545,500.0,413.3879000904808,200.0,191.0829923580329,3.0,5.506944406145669,20.0,18.791864570637042,33.0,36.154871809101245,60.0,59.64846681919281
template_projection,ridge_10,3546,400.0,439.5206911029567,35.0,37.393965416003155,2.0,0.5779494866599872,17.0,15.264934525205113,13.0,7.727703594278708,13.0,19.253025938215956
template_projection,ridge_10,3547,1200.0,1262.4785053242122,60.0,64.19791197748792,40.0,39.086269956028175,52.0,51.92046116529744,45.0,57.330898509806005,87.0,76.84718242286687
template_projection,ridge_10,3548,1700.0,1992.9923765861554,21.0,35.87483448320944,68.0,62.4612248620253,78.0,76.4966642090113,176.0,172.02119098402915,219.0,224.12005412338837
template_projection,ridge_10,3549,600.0,816.8962537525608,81.0,67.50560507342132,7.0,20.964341077632586,34.0,38.76291917888821,43.0,14.895169009701931,43.0,35.07492650607267
template_projection,ridge_10,3550,700.0,842.6015748633059,176.0,177.602428848133,10.0,9.441421480202113,40.0,34.25576585865306,48.0,83.44090509512307,139.0,115.67925674645343
template_projection,ridge_10,3551,1000.0,974.2099556145424,22.0,20.823846311554554,5.0,5.159357922673669,44.0,46.288133802388636,33.0,26.9372532122542,33.0,37.21778041038853
template_projection,ridge_10,3552,1200.0,1255.090861125537,1.0,7.745990707958569,2.0,2.8001218642688954,64.0,63.86349549584756,94.0,104.14981884284839,153.0,137.25090399096518
template_projection,ridge_10,3553,200.0,-141.6554678997477,91.0,81.63096032550276,3.0,6.563235804024654,9.0,8.726534133439351,7.0,5.099751540949313,28.0,31.307393801565354
template_projection,ridge_10,3554,900.0,1324.7798615668717,34.0,32.71149483197287,17.0,20.544521512798564,46.0,35.68027843496213,36.0,50.15132944027681,63.0,52.63677000871209
template_projection,ridge_10,3555,2500.0,2457.9723711200973,2.0,0.8405259736772948,36.0,37.96684560009315,84.0,84.73188429930596,71.0,107.53619401122968,154.0,125.24358102616958
template_projection,ridge_10,3556,1800.0,1632.612936566185,162.0,148.61203323219326,2.0,7.385289615930965,33.0,34.762947301221274,138.0,119.73107049881082,138.0,144.96049126704685
template_projection,ridge_10,3557,3900.0,3571.0786858934125,6.0,0.23108581683445095,18.0,20.875101748831383,111.0,118.90843885466865,182.0,213.01385102495422,273.0,236.62370596234803
template_projection,ridge_10,3558,500.0,108.1848903707189,134.0,120.21665876971076,6.0,21.546358574855347,9.0,3.8015693604739482,27.0,14.796391754870498,27.0,19.109876141203188
template_projection,ridge_10,3559,1000.0,1027.1151460738524,40.0,36.96107619970668,2.0,1.9534585982285524,61.0,56.978290615908094,44.0,38.734352680889955,40.0,51.20942962376878
template_projection,ridge_10,3560,500.0,682.6026665456734,16.0,20.12327540388697,12.0,9.958964572590727,53.0,50.01464671177073,42.0,57.90843109638587,91.0,86.82336868412442
template_projection,ridge_10,3561,1300.0,1050.8341663156712,159.0,145.76156236064244,8.0,16.23644106393909,21.0,15.98728281296409,138.0,138.36642906505494,186.0,187.32198284736046
template_projection,ridge_10,3562,1500.0,1606.8369783328221,100.0,94.91418165846778,20.0,22.204306063953112,41.0,44.79569657261875,124.0,126.1768447647885,176.0,163.93453134488755
template_projection,ridge_10,3563,800.0,968.2000762502498,43.0,47.759461647887605,4.0,5.159007388309211,45.0,46.3360025454195,120.0,119.22309975368137,177.0,164.29913601073858
template_projection,ridge_10,3564,300.0,490.46862167761356,74.0,81.65301242218852,2.0,4.048476149757201,21.0,26.23381675073234,80.0,146.05954972456374,279.0,212.5835779028768
template_projection,ridge_10,3565,600.0,731.9902216470051,97.0,94.51080667930275,2.0,3.3942884077885633,30.0,25.417443884070213,12.0,13.257262805381487,12.0,16.64046217475463
template_projection,ridge_10,3566,3600.0,3493.4951843795443,1.2852,-6.538767551659106,22.0,26.03888395153695,118.0,111.28647006836817,203.0,201.01116373425506,238.0,247.5927643298135
template_projection,ridge_10,3567,500.0,563.140380990297,86.0,66.69303658993897,2.0,10.20835968867383,13.0,16.628182441902148,22.0,9.664424181177182,22.0,15.981197370638839
template_projection,ridge_10,3568,400.0,411.23083090549926,49.0,55.78795864295988,2.0,1.590503579606196,37.0,39.09962291176322,8.0,25.970670211168567,53.0,36.09877766577186
template_projection,ridge_10,3569,1400.0,2079.8620108399236,15.0,-10.899562376304246,16.0,21.094626479661454,46.0,46.14960227089322,79.0,83.30721286639724,80.0,85.79150272570119
template_projection,ridge_10,3570,300.0,310.9523536695441,143.0,133.99601052646065,2.0,4.167099327522358,11.0,12.56293149014136,8.0,21.882397214509254,53.0,43.72679054190527
template_projection,ridge_10,3571,1800.0,1371.618272741413,86.0,97.05050059040954,16.0,10.448151520939764,42.0,42.344368272269634,103.0,118.9042825949885,127.0,149.52998732209193
template_projection,ridge_10,3572,800.0,869.9393122621107,26.0,29.001075220760956,8.0,6.436128436169289,53.0,50.763200384719454,55.0,46.3903399268451,55.0,64.84027549459374
template_projection,ridge_10,3573,1000.0,1215.0889813270412,24.0,28.67293533837584,43.0,31.949949571359426,83.0,82.75899868903957,59.0,76.23682556440606,90.0,105.67223161857869
template_projection,ridge_10,3574,1700.0,1914.9245302824625,1.0,32.66106264511842,11.0,7.900575966539009,77.0,75.82128842822347,188.0,167.3055231982289,211.0,205.4061411056337
template_projection,ridge_10,3575,500.0,724.6917967696129,72.0,79.17051855019508,12.0,9.070508255296629,65.0,60.70204237545326,60.0,85.94479519718702,134.0,123.60667475396724
template_projection,ridge_10,3576,400.0,518.0705693358318,52.0,57.305487817650416,5.0,5.73354900322779,49.0,49.307961761072846,29.0,76.1339980543969,158.0,118.01494204366529
template_projection,ridge_10,3577,600.0,620.4406048513642,72.0,66.08496097575744,15.0,15.821981606623362,56.0,54.5860331921385,47.0,43.62535011136137,64.0,69.99674421554653
template_projection,ridge_10,3578,3400.0,2375.8268466605846,2.0,1.2186904785411485,9.0,12.713995666776402,87.0,88.09558546672258,119.0,109.99950281563603,119.0,118.22986543643653
template_projection,ridge_10,3579,800.0,1088.8461823746866,48.0,54.379832657291566,18.0,14.171259368796639,56.0,55.87255650973571,69.0,51.54828054038039,63.0,76.78301929135928
template_projection,ridge_10,3580,800.0,1042.7634442621238,74.0,87.2766029648504,11.0,13.307869037764943,49.0,48.101685276693345,79.0,86.99599292065633,144.0,119.86308004850412
template_projection,ridge_10,3581,900.0,1075.9016788893773,55.0,54.16334807287083,21.0,23.234346336503112,35.0,33.3155777038966,153.0,128.8383926218877,159.0,166.6852271376026
template_projection,ridge_10,3582,300.0,524.0602956613743,65.0,83.95068861414191,4.0,-3.2333239149024298,27.3049,19.248262147706583,7.0,18.040664164108534,29.0,28.670524220691547
template_projection,ridge_10,3583,900.0,-51.50979627410857,187.0,186.8406615267971,47.0,52.321373409111466,35.0,31.920107132194378,159.0,113.23978126367774,203.0,209.0519166313834
template_projection,ridge_10,3584,1800.0,1421.201886785322,2.0,0.7601406095446137,19.0,14.410944054634765,75.0,87.76940224912276,95.0,87.16601394534482,112.0,124.40667193442302
template_projection,ridge_10,3585,700.0,808.172528191187,43.0,45.95381389881398,10.0,8.867749987695394,41.0,38.572052160970344,25.0,20.284003572515708,25.0,30.638292535028015
template_projection,ridge_10,3586,1000.0,742.4006768553077,92.0,101.23598986474572,17.0,18.928974298448168,34.0,39.292928158415954,41.0,24.580257238989738,51.0,36.766215466268605
template_projection,ridge_10,3587,1400.0,2120.5446629198923,6.0,-2.880683108000163,5.0,7.096619396526009,95.0,70.71816277421314,105.0,104.97851521878778,119.0,136.8227399028182
template_projection,ridge_10,3588,300.0,344.45656875481257,69.0,71.4308526990913,3.0,1.3119362819707394,18.0,18.085551757769643,10.0,18.337351489577664,37.0,35.294196467196016
template_projection,ridge_10,3589,400.0,867.0754809056618,51.8364,71.98305106080522,4.0,3.824865847023979,22.0,27.89508534507752,13.0,-8.977377733464024,19.0,-8.193290734241273
template_projection,ridge_10,3590,400.0,624.9096498835379,143.0,113.38092882066732,2.0,8.508382842293049,10.0,8.025404330930371,16.0,22.936845907154698,16.0,35.37356463067434
template_projection,ridge_10,3591,1000.0,772.5093250406644,91.0,85.00027576735883,4.0,1.546289777824656,17.0,20.729271198274304,55.0,48.446994417358134,55.0,65.00405932423436
template_projection,ridge_10,3592,100.0,128.2185432351971,75.0,77.23206632911273,11.0,10.573975308616797,6.0,7.598341142851581,28.0,25.49320456230084,51.0,49.97790336388797
template_projection,ridge_10,3593,700.0,760.896824920974,2.0,6.063665095552217,8.0,8.003649814488107,58.0,56.94756125906248,29.0,50.878008980226014,95.0,77.86779900656909
template_projection,ridge_10,3594,4900.0,4442.272276808989,2.0,-6.5604092021407325,8.0,15.839453961847761,77.0,83.79009172241614,260.0,253.75595995310383,288.0,269.36521993673745
template_projection,ridge_10,3595,1300.0,1922.478406454291,8.0,31.171042799414543,3.0,-9.726980938232634,43.0,42.290113850644914,49.0,62.905603320029805,61.0,63.877520890169144
template_projection,ridge_10,3596,500.0,720.7204713374152,60.0,53.32804292275194,9.0,3.370567310538041,31.0,31.961185195564443,7.0,15.675326333982284,17.0,32.282471019021244
template_projection,ridge_10,3597,3700.0,3121.020205026448,11.0,-17.963305747143878,24.0,19.94668041705959,75.0,76.20458581564684,235.0,187.73900217128516,147.0,211.2553420419621
template_projection,ridge_10,3598,900.0,107.79527719771545,93.0,101.9292603102499,7.0,10.743047633886423,36.0,29.482916378776913,68.0,49.33635284183305,68.0,85.53754408007856
template_projection,ridge_10,3599,300.0,224.63136425670712,67.0,67.24320311754363,2.0,1.454614236982108,5.0,6.429471356534705,5.0,2.537960139287705,11.0,12.970271008071663
template_projection,ridge_10,3600,900.0,742.4425592962407,52.0,12.43035743584909,3.0,12.578499045136134,11.0,17.14008650613784,37.0,21.58439510044228,2.0,13.465807376960086
template_projection,ridge_10,3601,800.0,816.6284289480798,20.0,23.46383830635188,6.0,3.964648618936465,53.0,50.42971107689504,35.0,30.455787453194795,35.0,43.8198832322986
template_projection,ridge_10,3602,2000.0,1915.734394785461,2.0,-8.215748027011301,4.0,9.563236003679972,71.0,68.63971258420841,116.0,126.23722423957545,165.0,155.3002759369565
template_projection,ridge_10,3603,500.0,471.04140809680507,47.0,33.79660611006019,8.0,-2.919582798363761,27.0,35.132778700779944,17.0,24.117241969193962,31.0,56.78071424983914
template_projection,ridge_10,3604,400.0,384.8314423217573,121.0,116.17375104403607,2.0,3.7443888991726535,21.0,20.67552678805011,34.0,31.823691326648074,52.0,52.70450911997695
template_projection,ridge_10,3605,1500.0,1858.3212443420662,12.0,16.306780775197495,32.0,31.45215819922003,147.0,140.19879570068332,204.0,202.38194064812873,268.0,273.1123376401055
template_projection,ridge_10,3606,900.0,1122.5210936336787,5.0,-20.063344179861602,10.0,18.05108614721943,87.0,97.79249802584388,49.0,50.71184073557981,66.0,52.48789653519445
template_projection,ridge_10,3607,500.0,536.0508253077744,65.0,64.70558081594525,2.0,3.211659451922559,38.0,38.53675400958954,24.0,42.25986469580237,83.0,67.11891424056378
template_projection,ridge_10,3608,800.0,1009.4356276603651,86.0,84.87891729734463,2.0,-1.0737342715615252,50.0,47.63698801654652,44.0,53.800924196879436,64.0,72.05163579432805
template_projection,ridge_10,3609,200.0,184.96913175292775,83.0,84.73915239460224,3.0,3.3787573373327984,20.0,18.7416965393141,6.0,0.34331716252651745,12.0,15.067124814090192
template_projection,ridge_10,3610,600.0,621.7775765286863,84.0,82.93809177300835,2.0,2.529270102246203,29.0,26.944635471500572,40.0,28.429716984876222,40.0,49.607236725310855
template_projection,ridge_10,3611,600.0,901.7378173491838,200.0,200.93155161351743,4.0,3.4662760352937916,15.0,12.447542960199698,77.0,75.0696554150433,77.0,89.25042416135152
template_projection,ridge_10,3612,5500.0,5164.007430456753,14.0,3.474029258144718,23.0,28.564123799730375,169.0,165.9809025303225,259.0,283.08508709964974,327.0,309.0671240723886
template_projection,ridge_10,3613,1800.0,2142.6288648344243,2.0,22.03244092469599,30.0,32.195643862496695,78.0,70.70730502876125,83.0,92.88496667521436,121.0,100.12589794633764
template_projection,ridge_10,3614,600.0,1244.9258797085902,50.0,44.080293817775065,8.0,12.928638109254095,83.0,71.38122755457306,58.0,77.38729622590452,129.0,112.90958590229872
template_projection,ridge_10,3615,400.0,364.6129950155946,36.0,37.80892083351074,2.0,1.8039145867386068,29.0,29.61906568022185,12.0,17.1095156515783,39.0,34.459723569583176
template_projection,ridge_10,3616,800.0,840.4321958321741,57.0,63.01383902299138,23.0,21.436008695327196,31.0,31.066783045121312,77.0,63.643183516836274,82.0,90.02529151373031
template_projection,ridge_10,3617,600.0,749.8244968067931,23.0,27.564355142765088,10.0,9.329185508875582,78.0,74.31305204106536,60.0,98.0243654484222,164.0,138.0687453480651
template_projection,ridge_10,3618,800.0,1067.6689603547775,2.0,8.736763434413774,5.0,5.252790258330645,141.0,132.8463094608749,44.0,111.13233471035164,211.0,167.99370298132928
template_projection,ridge_10,3619,900.0,863.3221403165379,79.0,77.10823566838178,4.5696,5.498022769089152,49.8879,43.882362356415136,45.0,27.270399876103518,19.0,37.4996836576435
template_projection,ridge_10,3620,1000.0,938.2713572364046,253.0,240.59490196689333,27.0,29.09372503416161,31.0,30.285275353010164,84.0,73.1541135035233,88.0,100.8417941610801
template_projection,ridge_10,3621,1200.0,1213.3622730066904,49.0,50.35961217605461,2.0,2.897410220660829,23.0,26.116955491554002,156.0,129.66786918961054,156.0,165.8453891489746
template_projection,ridge_10,3622,500.0,384.7211905241006,109.0,103.87058926559185,3.0,2.5979580566945497,16.0,19.918861976148143,33.0,23.522632755475513,33.0,41.23526641188348
template_projection,ridge_10,3623,2100.0,2107.657826789403,10.0,13.059237424209414,48.0,46.323427903863006,42.0,44.1440673504856,144.0,132.80545312382088,146.0,156.73251851660345
template_projection,ridge_10,3624,1500.0,1478.6346237229304,24.0,23.56989813055008,4.0,4.8332029455426255,51.0,52.803144504089495,130.0,111.07966991661843,130.0,138.36802328253773
template_projection,ridge_10,3625,1600.0,1663.9308169135747,127.0,124.30838663026648,6.0,7.705815165327737,42.0,44.39439948851486,168.0,161.53245263321486,205.0,204.2548903111096
template_projection,ridge_10,3626,1000.0,263.8496442195525,50.0,7.146739078510528,2.0,11.87298117698412,20.0,37.299722836826184,76.0,49.49864397769282,76.0,84.21332136814958
template_projection,ridge_10,3627,100.0,121.26601595890565,75.0,73.74224593072411,5.0,6.474631348351455,18.0,18.26725459971974,4.0,15.51581697341021,47.0,32.617468468709816
template_projection,ridge_10,3628,2100.0,2147.7831210105255,11.0,17.145487255942655,53.0,48.977914763845824,72.0,71.1345119010132,46.0,77.19541631876338,106.0,90.41687860143921
template_projection,ridge_10,3629,1200.0,1079.4985954638296,186.0,174.03683684477113,5.0,8.910161538664976,38.0,37.258883013640556,114.0,95.85546704609972,114.0,126.25605003125378
template_projection,ridge_10,3630,1600.0,1745.7878676942826,2.0,-2.024571455835769,4.0,6.837055435698016,85.0,80.13146167628997,22.0,38.9982586795548,51.0,40.62176052974134
template_projection,ridge_10,3631,4900.0,4506.801270277812,12.0,0.7060424252648048,26.0,26.224580272002164,93.0,96.13325575179991,165.0,174.67722948079688,166.0,166.94877216713823
template_projection,ridge_10,3632,200.0,252.59393377015465,61.0,73.11086762176438,2.0,0.37951572651998866,4.0,6.454660097756147,9.0,4.33371933826686,15.0,12.028539960549452
template_projection,ridge_10,3633,200.0,663.6805219845097,107.0,127.58872531393622,2.0,-6.13896016923213,13.0,10.490716451196867,7.0,2.5116275187717747,7.0,5.651253230270086
template_projection,ridge_10,3634,600.0,552.5406982728388,46.0,49.36311117480408,5.0,3.592678887349754,29.0,25.367355206596493,19.0,21.74426140232847,29.0,33.733590378879626
template_projection,ridge_10,3635,800.0,901.3808395176859,96.0,93.65077735782614,3.0,5.251025437002511,72.0,69.85454436120993,48.0,71.77190295551253,126.0,106.4675546507514
template_projection,ridge_10,3636,1300.0,1207.9804900084623,16.0,13.393656933624733,14.0,17.84503936231149,48.0,48.838965048378114,22.0,45.432913081109696,89.0,60.6087852958502
template_projection,ridge_10,3637,600.0,631.2839229836238,42.0,35.07012832728074,7.0,10.034034456233822,49.0,47.64832463753223,36.0,36.92483676133014,65.0,61.12854253434811
template_projection,ridge_10,3638,2000.0,2592.867259323077,8.0,38.99551385761826,47.0,37.964170331979865,58.0,57.775366036652855,165.0,131.34448814985862,175.0,169.35297184204921
template_projection,ridge_10,3639,3000.0,3144.5138319242437,6.0,23.077301752675424,35.0,24.602301334763776,95.0,94.32576339801142,161.0,171.78144479933715,180.0,196.1627559950372
template_projection,ridge_10,3640,1600.0,1665.2452765478722,125.0,123.31669860070451,60.0,57.563441702851044,87.0,83.61051022065075,178.0,176.8322980947418,231.0,243.49779988205808
template_projection,ridge_10,3641,2500.0,2252.4131042809513,2.0,7.765312702036681,45.0,38.65397068270673,95.0,93.99245213796135,113.0,130.18090185744032,153.0,160.35801365121046
template_projection,ridge_10,3642,700.0,1255.823614860434,63.0,71.90966865358862,19.0,15.175867287013467,45.0,42.875322907560516,33.0,46.41624982028853,59.0,51.79185876244053
template_projection,ridge_10,3643,2000.0,2031.8328631696704,6.0,10.867897424924237,40.0,36.42972055936591,65.0,65.41592765747677,104.0,88.21685716266698,86.0,101.4206351357796
template_projection,ridge_10,3644,800.0,802.2523977472925,45.0,43.01008957429533,2.0,2.173279121695453,37.0,36.23956881230317,16.0,17.42999405557552,25.0,27.956840538395824
template_projection,ridge_10,3645,400.0,531.4048672963974,237.0,210.9722570608624,3.0,9.803290340322778,18.0,18.80388619312931,94.0,71.55122338305762,94.0,106.36063873175378
template_projection,ridge_10,3646,1200.0,1219.0840922593788,7.0,5.6559379507391085,10.0,10.58755670333267,42.0,41.04155746239989,68.0,59.64942739455559,68.0,73.54569231892962
template_projection,ridge_10,3647,900.0,956.9987191513358,6.0,7.916382352617397,5.0,5.2518585941990885,62.0,60.36720782540432,33.0,32.97194285018633,47.0,46.655485702122036
template_projection,ridge_10,3648,1399.0,1547.9990414329445,243.0,245.418183416147,69.0,68.25880231255876,52.0,50.806390027025294,162.0,192.42271522556467,275.0,261.86376532890756
template_projection,ridge_10,3649,400.0,492.17239643804396,25.0,20.106466603766748,7.0,8.574836172384712,29.0,28.549937148500298,9.0,6.550449400520051,17.0,18.7648676099475
template_projection,ridge_10,3650,700.0,513.7686341050418,214.0,203.03546016552843,11.0,14.542887347603855,21.0,22.710778551108415,58.0,54.82587817614865,82.0,83.35476396067301
template_projection,ridge_10,3651,2100.0,2080.952230909109,7.0,14.477446461668123,64.0,58.401140447149615,88.0,83.09651072757379,94.0,93.91166130929145,100.0,115.8016295129514
template_projection,ridge_10,3652,500.0,571.4466049872154,50.0,55.5420971127935,18.0,16.927505645914508,57.0,56.43397932240444,36.0,95.5808019878421,185.0,144.32017048037176
template_projection,ridge_10,3653,800.0,747.8621721080906,87.0,92.48477462794656,8.0,9.061142460848737,8.0,2.649859652304876,92.0,76.01586223819096,92.0,100.26656200347686
template_projection,ridge_10,3654,600.0,404.5033755914651,136.0,120.14377298787254,4.0,7.04219781576869,11.0,15.286088557778086,21.0,33.014299247624436,39.0,33.85062579500426
template_projection,ridge_10,3655,800.0,1106.6984876006438,59.0,69.86543296408027,9.0,11.584466024251924,28.0,24.69354962817279,61.0,58.57994997395307,98.0,77.2939260116653
template_projection,ridge_10,3656,300.0,155.40639876042042,55.0,48.18287281917786,3.0,6.218497382445758,22.0,24.55811892904945,7.0,-2.0287931636363936,7.0,9.695548772635092
template_projection,ridge_10,3657,500.0,544.6193868969755,22.0,24.278107427606187,2.0,1.2335321040304539,34.0,33.58831891188109,11.0,10.801082661573986,19.0,20.505826075305166
template_projection,ridge_10,3658,800.0,1021.5122703501876,78.0,84.18375649006482,19.0,18.2030434252606,50.0,46.00414224163776,99.0,99.76117894071729,144.0,142.29139682139305
template_projection,ridge_10,3659,1300.0,1404.7657468637087,32.0,42.25726564823097,8.0,0.30661524514310834,89.0,80.38745789123203,67.0,87.7389205587923,119.0,129.16759545549073
template_projection,ridge_10,3660,2000.0,2395.6678492167784,3.0,35.245698692935626,13.4232,3.248547012819591,93.2062,90.84041015578813,90.0,109.82024990073275,136.0,127.15010852762208
template_projection,ridge_10,3661,700.0,578.1040659149342,15.0,30.02248067782367,2.0,0.19839706650196476,15.0,25.10120168932551,20.0,16.028278264075517,27.0,12.91660214874095
template_projection,ridge_10,3662,1000.0,919.2821156744112,138.0,122.44253312736949,2.0,8.269103716877236,38.0,38.82392662843775,66.0,60.07359089102101,81.0,79.07879131061098
template_projection,ridge_10,3663,600.0,752.8819564487198,68.0,77.59417914431295,10.0,6.091143159593196,52.0,51.36177286343475,46.0,69.66038301618914,121.0,107.52035965952089
template_projection,ridge_10,3664,400.0,1432.1775519476491,47.0,51.41737836266327,2.0,-1.9140808019308029,65.0,67.44853228144856,14.0,21.742745000149156,14.0,2.5456263466626297
template_projection,ridge_10,3665,100.0,200.90102895923792,70.0,72.8752682844981,8.0,7.248753017588152,31.0,29.679863165459082,20.0,18.4227633804447,40.0,42.02946650653372
template_projection,ridge_10,3666,600.0,1664.881552370198,8.0,-11.557683058128077,12.0,3.9166321053903186,75.0,53.67293529227849,16.0,69.46036734750604,19.0,53.918436343282075
template_projection,ridge_10,3667,800.0,881.0717493065181,32.0,38.107705750635986,15.0,12.740403410857693,38.0,38.65847136576016,103.0,84.16225122700645,103.0,116.15377498833782
template_projection,ridge_10,3668,400.0,484.00333412901443,147.0,139.36914068065113,8.0,11.488590746339614,57.0,52.575357477676285,18.0,30.077141748166525,59.0,53.1740362003728
template_projection,ridge_10,3669,700.0,574.2808929937186,178.0,178.04029464613632,2.0,0.948036550346437,7.0,10.220851980976462,43.0,28.33598423334177,43.0,53.71857165424885
template_projection,ridge_10,3670,4600.0,4238.816856571271,1.0,4.194619762327008,102.0,105.22172800663198,105.0,131.88597215182276,259.0,230.85379201477147,269.0,252.9168719953431
template_projection,ridge_10,3671,4300.0,3251.951618625323,10.0,0.0711522806863627,3.0,23.144789257271142,87.0,82.2709373393599,191.0,197.14267344629894,283.0,240.88556082737918
template_projection,ridge_10,3672,600.0,437.4278581432343,148.0,156.118557911486,6.0,5.470150595303817,33.0,26.75784069899942,47.0,51.66075190279728,76.0,79.72881208283127
template_projection,ridge_10,3673,300.0,533.7742144208795,71.0,77.38344991413052,4.0,-10.205765181171893,12.0,14.337197714340597,14.0,44.27476045841614,14.0,32.95848349220698
template_projection,ridge_10,3674,1300.0,369.541859076033,212.0,211.6877301562846,10.0,26.012828144147726,26.0,31.57759403218847,71.0,33.713230972426544,71.0,50.63604024961278
template_projection,ridge_10,3675,4100.0,3878.7983642530417,11.0,8.874114523712308,59.0,58.88850377905259,116.0,116.04050192826335,159.0,169.32359260995867,183.0,181.04207829259332
template_projection,ridge_10,3676,700.0,594.5272839476214,188.0,181.97364929888505,2.0,3.993301218559658,25.0,25.25648065909932,54.0,45.92603188084136,62.0,65.73404752176779
template_projection,ridge_10,3677,500.0,623.3015737497734,68.0,103.1605134551906,7.0,-7.2249929188149355,11.0,8.494781521911626,17.0,27.125759725569118,28.0,39.5144494346888
template_projection,ridge_10,3678,800.0,905.655699781124,19.0,22.71384892330559,2.0,1.1933877108153919,59.0,58.705420069308346,44.0,53.32760085036636,83.0,76.36825419709025
template_projection,ridge_10,3679,1600.0,1658.8524216765309,89.0,98.3748111592057,26.8464,25.079301967630883,42.4971,38.98738115747696,88.0,132.13125590893705,195.0,163.66950871849156
template_projection,ridge_10,3680,4600.0,4477.599861535282,2.0,-19.264938289016854,38.0,40.443169913513444,104.0,110.81883173165326,171.0,198.87414477215822,176.0,173.6315396933881
template_projection,ridge_10,3681,1200.0,1433.678530882839,1.0,-12.304809218056448,3.0,6.880823881199513,45.0,43.015022495222304,47.0,31.259234816027046,23.0,28.975595344470563
template_projection,ridge_10,3682,600.0,668.9310349805586,56.0,59.19125709751345,3.0,2.546444784623352,33.0,32.625312803393754,9.0,2.3804635876284124,12.0,14.76989762514269
template_projection,ridge_10,3683,500.0,377.93214487054547,40.0,14.594227055684769,15.0,18.71484582029208,38.0,18.33079899120358,18.0,25.27617998195668,19.0,25.322070045490207
template_projection,ridge_10,3684,600.0,618.3952052636007,39.0,31.50481684888618,3.0,6.960985426073263,44.0,46.72035920973347,32.0,58.57041212539905,119.0,91.36629488929368
template_projection,ridge_10,3685,300.0,223.14029618844904,88.0,86.25344597254593,2.0,2.6375403077565487,6.0,7.684074119374841,3.0,4.866634962152162,19.0,15.78605475564801
template_projection,ridge_10,3686,700.0,756.7189203769603,16.0,19.72335201877479,10.0,9.258706303003141,72.0,65.49084424314339,9.0,4.559448458944644,9.0,16.755650292078315
template_projection,ridge_10,3687,300.0,496.42319016260683,101.0,108.29503130914466,3.0,8.159100698625185,11.0,20.042280450382275,41.0,184.20805476836713,402.0,269.6745445043175
template_projection,ridge_10,3688,400.0,290.8928690909497,81.0,90.92344747481943,7.0,3.937398557315353,24.0,23.76386342595744,22.0,11.668987425322896,24.0,29.347239877988372
template_projection,ridge_10,3689,2100.0,2264.1390109337544,12.0,17.564508173887425,58.0,54.33959506790554,109.0,107.73200106637825,195.0,206.6657888986829,271.0,267.93935760356254
template_projection,ridge_10,3690,2700.0,2619.9658807064707,115.0,112.69343429902446,69.0,66.96971357325972,67.0,68.14853013891673,215.0,194.8079085080255,220.0,242.25417110843486
template_projection,ridge_10,3691,1600.0,1490.093134816783,176.0,168.48548000790862,19.0,20.41344928928418,27.0,27.719485548106093,95.0,85.8513723503919,95.0,102.64532232505383
template_projection,ridge_10,3692,800.0,529.5726546685968,32.0,53.611789473797366,29.0,18.71075626057144,65.0,79.23252686875198,66.0,66.0836612632017,116.0,129.7313086472637
template_projection,ridge_10,3693,100.0,230.3514134187801,70.0,76.40889725766228,2.0,1.8753867578735228,12.0,16.840330273758447,3.0,5.316685971696984,31.0,20.20651748340019
template_projection,ridge_10,3694,500.0,419.5635583884956,69.615,52.45869353959476,11.0,13.237952582198702,37.0,38.974605441044844,11.0,5.665798670977438,22.0,33.875724917581095
template_projection,ridge_10,3695,1200.0,1234.3959324603286,153.0,157.63552848379257,27.0,27.9795950039982,32.0,30.095921852948468,166.0,186.23192109406017,274.0,252.64208925705063
template_projection,ridge_10,3696,300.0,281.4402717382551,46.0,48.52336317674255,6.0,5.874109679194751,16.0,15.030321803465739,9.0,10.60084365283744,32.0,29.95597513832199
template_projection,ridge_10,3697,1400.0,1246.2901376728164,2.0,14.044240729825603,3.0,-1.9046580187731852,52.0,58.630641883434194,81.0,80.06144858489547,110.0,103.36188505783646
template_projection,ridge_10,3698,600.0,697.993666198653,14.0,20.158267190788074,2.0,6.135301456503157,62.0,55.066653103240995,19.0,11.658767952966215,39.0,43.315169833097386
template_projection,ridge_10,3699,3600.0,3590.7935894727734,8.0,3.49454313633764,47.0,45.033547620859196,157.0,154.102024895507,228.0,212.20663278958415,222.0,249.08994076718858
template_projection,ridge_10,3700,400.0,456.63056374121504,43.0,46.70890502488962,7.0,6.129478481035573,4.0,5.7901408644531145,11.0,8.30872824955614,20.0,17.845318824098044
template_projection,ridge_10,3701,2800.0,2322.1933967384275,2.0,-14.032086977193003,14.0,26.897023718832322,79.0,82.23869290362427,110.0,118.04593150046969,164.0,138.1495213774334
template_projection,ridge_10,3702,1700.0,1766.58453656207,12.0,11.900264971686639,17.0,18.610289579598497,83.0,82.05991911052482,173.0,151.9059716628936,187.0,196.27203251334734
template_projection,ridge_10,3703,300.0,205.80241065769724,89.0,82.12753333495937,2.0,4.112338809362303,11.0,12.536663529955554,23.0,14.315905143116026,32.0,36.068127065546946
template_projection,ridge_10,3704,900.0,996.069331935404,20.0,-0.562699799052929,6.0,5.493929837823247,65.0,39.003942250612376,88.0,101.5490018334354,93.0,131.0351904359262
template_projection,ridge_10,3705,1500.0,1896.14050629456,37.0,45.948575992747635,74.0,65.90690946808866,66.0,64.91866217267057,105.0,118.81195187862093,143.0,152.76015759546985
template_projection,ridge_10,3706,700.0,840.5771489946151,24.0,21.09669692517687,33.0,30.445193043906315,36.0,34.959389356629295,32.0,34.643481365208174,46.0,57.8437625792373
template_projection,ridge_10,3707,4100.0,3643.3745526027014,2.0,-14.566001750353394,22.0,19.70680193192463,150.0,138.88170707646702,302.0,299.20316007046983,323.0,366.6554918619503
template_projection,ridge_10,3708,600.0,675.8852535402611,107.0,105.4692635048373,2.0,0.3008613741616415,54.0,53.82967069971606,86.0,71.30673521586222,86.0,108.89411193529325
template_projection,ridge_10,3709,600.0,781.3874138383545,13.0,18.586378216810857,4.0,-1.1475485599402422,56.0,51.54375823177719,70.0,60.40661203494999,71.0,92.10464795591432
template_projection,ridge_10,3710,400.0,436.67940289483454,70.0,68.48895301535194,8.0,5.931888087576043,5.0,3.9251888907303965,10.0,29.045746410016946,65.0,52.68279220624961
template_projection,ridge_10,3711,4000.0,3584.0226480439806,122.0,112.55821375500861,21.0,28.376844643801313,28.0,31.104285770056872,141.0,166.65752633069934,195.0,167.69398322220698
template_projection,ridge_10,3712,1900.0,1907.1415777859488,2.0,-0.5167639690504089,4.0,4.07859093591977,61.0,59.20059642557587,128.0,130.16120969887612,155.0,155.70007460138248
template_projection,ridge_10,3713,500.0,605.2851183337044,114.0,102.00731143278028,3.0,0.4663654478894088,29.0,33.36993580658823,11.0,28.518239865236588,45.0,44.41598826941028
template_projection,ridge_10,3714,400.0,397.1324791689681,58.0,60.449420486944774,9.0,7.791043528424365,23.0,24.73512544674319,12.0,4.229418872089568,12.0,17.647933520791298
template_projection,ridge_10,3715,6099.0,6053.418403298052,26.0,31.681099149546704,168.0,159.74633088579773,208.0,203.02163807882738,223.0,268.7071599229327,304.0,298.84850697621937
template_projection,ridge_10,3716,2200.0,2143.542685494438,2.0,2.0072308289105223,17.0,16.813107472591504,72.0,74.46428445891263,72.0,90.10925470000723,115.0,100.77896596910578
template_projection,ridge_10,3717,700.0,636.7927567889021,135.0,112.55904146826259,3.0,14.358103905134332,41.0,36.50602842447284,36.0,91.4237534855659,174.0,128.72601506453395
template_projection,ridge_10,3718,500.0,1231.4655727647355,49.0,93.50195493882413,2.0,-5.528494398594626,30.0,28.480978614666046,66.0,51.01098565890452,66.0,60.04328436742544
template_projection,ridge_10,3719,1500.0,1635.750183175737,124.0,118.64871094199816,4.0,3.8756899888549263,25.0,26.609957671671086,188.0,161.7110546545644,188.0,204.50483846625232
template_projection,ridge_10,3720,500.0,379.5422463927566,204.0,193.01963641946287,6.0,9.035556587122844,19.0,20.284963267044862,50.0,55.6604392132194,94.0,90.0218455849586
template_projection,ridge_10,3721,600.0,641.0893994096921,125.0,117.37929209084538,2.0,-2.1692684782564537,9.0,9.934300414294732,54.0,56.028045724085054,54.0,76.81677276997381
template_projection,ridge_10,3722,800.0,755.4960446526127,82.0,81.83126369437954,4.0,0.9050765363522562,22.0,20.556699501301757,54.0,28.414876946446533,12.0,36.090034474919264
template_projection,ridge_10,3723,500.0,458.7396589910163,151.0,151.69586932899387,8.0,8.42355316783511,7.0,7.2941338401816935,18.0,32.191638956223024,57.0,45.51336868144107
template_projection,ridge_10,3724,400.0,500.5009573628839,122.0,124.2521939726816,2.0,4.943848884133052,22.0,22.371663830370572,34.0,47.50814509085261,94.0,74.83396812631479
template_projection,ridge_10,3725,2700.0,2559.8518357309968,27.0,24.59454997493235,21.0,22.81129629045846,71.0,71.89636334791139,127.0,134.37010213348822,161.0,153.21287251192635
template_projection,ridge_10,3726,1800.0,1654.4404152398083,2.0,3.8334080161215383,12.0,11.91567936409633,57.0,57.81672705754964,68.0,61.58634617714813,68.0,69.86408912265006
template_projection,ridge_10,3727,3600.0,3736.7721271825867,2.0,20.165561205274223,95.0,84.21126317861119,118.0,114.83971812996276,225.0,253.16569630640592,318.0,311.9998728444948
template_projection,ridge_10,3728,700.0,843.3238529460966,241.0,256.6276145048786,8.0,3.7330700555087244,22.0,11.66128297369282,63.0,67.4700443582291,77.0,87.90071123837453
template_projection,ridge_10,3729,1800.0,1678.0169818452175,107.0,101.52084538453711,7.0,13.391942668669085,36.0,40.21883465980728,79.0,69.10805068305035,85.0,71.37132048758366
template_projection,ridge_10,3730,600.0,469.57174038016,186.0,174.0986539971259,5.0,9.734824847894274,30.0,32.64342122817122,36.0,47.119386796917645,84.0,72.71555920536821
template_projection,ridge_10,3731,3000.0,3114.806090436963,4.0,8.702091791069378,7.0,7.366917291134035,116.0,114.37982226364136,210.0,198.38706787439773,230.0,236.32526727175443
template_projection,ridge_10,3732,1100.0,1198.5516010540605,56.0,59.27489324940083,30.0,28.50646455335315,71.0,65.9841706525553,38.0,50.0657867471309,72.0,69.18672593955816
template_projection,ridge_10,3733,500.0,282.8735691927669,116.0,92.29649852498139,8.0,13.020417837844054,24.0,22.524859206019674,66.0,59.519556877019184,76.0,84.84034571357179
template_projection,ridge_10,3734,1300.0,1351.1571629264322,12.0,1.3702300878351963,17.0,18.457594096396523,78.0,73.19543998580366,82.0,96.74949163303225,112.0,124.81210885723735
template_projection,ridge_10,3735,700.0,784.4491351801864,11.9952,13.238424601651907,16.0,14.171207957937654,61.0,59.63310271923807,37.0,37.96002514737168,50.0,56.21398906345051
template_projection,ridge_10,3736,1600.0,2323.6601775120553,50.0,44.931349082725,28.0,32.184350474950264,64.0,89.74120201963964,74.0,30.915881902433142,74.0,54.269414685873194
template_projection,ridge_10,3737,500.0,428.25444289380323,149.0,138.48777428806613,2.0,5.038060098936889,12.0,13.629732944923525,19.0,15.526660736442068,24.0,28.439999105451776
template_projection,ridge_10,3738,500.0,535.2609905407113,63.0,59.85550056391329,2.0,4.007392812720585,35.0,33.60502520516417,10.0,10.015226730566198,23.0,19.339931045508294
template_projection,ridge_10,3739,1300.0,1404.674383577122,5.0,5.307571086749746,22.0,25.420456647208496,118.0,110.29782526905691,111.0,123.50936583556509,180.0,178.1242060068907
template_projection,ridge_10,3740,3700.0,3685.781238273432,18.0,24.113064308538533,74.0,70.01299611714455,109.0,107.89647428307029,301.0,273.47344999691245,301.0,327.7143609043543
template_projection,ridge_10,3741,200.0,291.80904100607404,53.0,49.42461988743253,10.0,8.247374210631417,16.0,18.352539096760083,3.0,8.892937689318515,11.0,21.23432667759586
template_projection,ridge_10,3742,400.0,440.4766615554943,161.0,158.49519323212508,8.0,6.800306758267748,42.0,39.36771077573631,61.0,62.41503864188203,87.0,97.13542612111704
template_projection,ridge_10,3743,800.0,-273.1564549717034,22.0,-20.897317990116548,8.0,22.496623303861725,65.0,57.455314165937345,32.0,6.713834505234601,45.0,65.6282849632276
template_projection,ridge_10,3744,2200.0,2500.948215225172,18.0,18.922576833917198,17.0,24.607128241020988,98.0,92.07393099396566,321.0,291.64591143495284,380.0,374.24633089418273
template_projection,ridge_10,3745,2200.0,2139.836365317235,1.4994,-3.6015299834507886,6.0,6.751421046454162,116.0,113.20923960152592,149.0,140.88359351048183,168.0,179.2316151973988
template_projection,ridge_10,3746,300.0,625.912381386157,56.0,61.16172495488356,2.0,7.285294244204927,12.0,14.939536352485028,20.0,-18.598950316128906,20.0,4.4333571850015545
template_projection,ridge_10,3747,2500.0,2210.566463221811,12.0,6.364217038866478,49.0,40.30231767222438,99.0,97.74310236002401,165.0,151.5114064985783,165.0,208.28343069539926
template_projection,ridge_10,3748,600.0,1488.3070510687594,13.0,30.282937120576086,2.0,3.3973177654126623,20.0,17.052339866431062,12.0,-8.715097167657035,26.0,-22.30280092104816
template_projection,ridge_10,3749,400.0,488.6889442920317,44.0,30.066311426226545,12.0,19.13737896175273,25.6625,28.615729680394214,28.0,11.418377008846576,26.0,33.1922564700387
template_projection,ridge_10,3750,1400.0,1361.7113655548978,26.0,22.728921883929083,6.0,6.737996253242137,75.0,73.67991800933497,75.0,70.80440972678781,83.0,89.28416148890611
template_projection,ridge_10,3751,200.0,239.057629842119,56.0,54.799876245153015,2.0,2.961117761648751,2.0,-4.556157226598046,8.0,18.454296414145546,33.0,38.08577452862002
template_projection,ridge_10,3752,1200.0,1335.4688649149884,93.0,100.47699865891398,63.0,58.46562217961563,52.0,51.949599628084954,84.0,104.2959604105524,154.0,145.51165564764733
template_projection,ridge_10,3753,600.0,583.5429438435648,168.0,162.39854396826485,4.0,6.367379306009042,24.0,25.639489882645517,34.0,57.791085994647574,108.0,87.29694137698135
template_projection,ridge_10,3754,700.0,770.4908748325499,125.0,111.5369329319688,14.0,13.93757036193315,38.0,45.247404653853664,67.0,75.79345105717043,114.0,113.03244792514548
template_projection,ridge_10,3755,4200.0,3953.9506843054623,6.0,11.868305747680253,87.0,80.94451941666713,92.0,91.92967811918783,179.0,193.2897745363702,218.0,220.60554174899204
template_projection,ridge_10,3756,500.0,464.56317586411194,124.0,121.21090417209226,2.0,4.88723825948596,19.0,18.445203884061513,14.0,12.773399471688464,28.0,24.311335674586687
template_projection,ridge_10,3757,700.0,1005.1156768598881,2.0,2.2238453323082936,2.0,3.9259790556994805,96.0,90.64051448887288,76.0,81.2918017035535,127.0,118.27361889328895
template_projection,ridge_10,3758,600.0,632.4926797734295,31.0,33.493099850103775,2.0,0.46348359062019107,28.0,27.91018321578195,17.0,11.849225043512064,17.0,21.809932310287408
template_projection,ridge_10,3759,1100.0,1340.1085382527326,134.0,142.07372847304356,14.0,10.466110965519604,28.0,33.379605679373604,49.0,53.39098503001753,83.0,66.49882038062387
template_projection,ridge_10,3760,900.0,-119.8284109779488,226.0,157.7964190314518,3.0,22.465609032773365,33.0,58.58200393107283,71.0,67.26162156408876,134.0,129.4771830825565
template_projection,ridge_10,3761,2500.0,2308.776789572831,4.0,8.829414045226187,50.0,51.2843088798899,93.0,91.82652260549303,101.0,120.44371541000696,163.0,145.68334077990232
template_projection,ridge_10,3762,400.0,546.9264870885742,44.0,51.81376072014595,2.0,-0.6219853935696751,26.0,22.135420797200812,16.0,12.744285614177514,16.0,22.31432106313241
template_projection,ridge_10,3763,3700.0,3490.6716766085747,2.0,-1.040263071737236,33.0,35.794211982518846,96.0,98.24676922495163,209.0,195.39492209380853,214.0,217.27993941863863
template_projection,ridge_10,3764,700.0,680.8409005007879,46.0,49.18703408813019,6.0,6.544021273897991,52.0,52.53995765236829,37.0,37.067099954891404,62.0,58.649705681539835
template_projection,ridge_10,3765,300.0,560.0089435657688,41.0,48.169083886736544,2.0,2.7355196069095324,32.0,33.58583968241193,7.0,15.56325358162897,47.0,29.226457330710986
template_projection,ridge_10,3766,400.0,496.2298164355202,225.0,213.8031147081417,3.0,0.18622053508312675,16.0,11.3025212049508,24.0,32.415070529197706,34.0,44.526999410130294
template_projection,ridge_10,3767,400.0,296.9246819039106,89.0,82.64523704340908,2.0,2.537025323308285,7.0,8.586091018773196,10.0,11.350249011721445,18.0,20.822699551593246
template_projection,ridge_10,3768,1000.0,943.8641433645981,170.0,166.51388948050052,22.0,21.587969839300325,15.0,16.500138033052266,106.0,89.84986402147194,106.0,120.30787495798931
template_projection,ridge_10,3769,2800.0,2505.091817765604,125.0,112.89116598717337,2.0,6.623976579229103,41.0,42.656855810091486,134.0,127.38180474611931,134.0,136.16270482540094
template_projection,ridge_10,3770,400.0,285.36996663717446,68.0,66.73373424435655,2.0,3.3468689098289985,2.0,2.838125667746752,11.0,4.156375531527729,12.0,14.026705375543784
template_projection,ridge_10,3771,1399.0,1512.7472834740572,55.0,48.428403637603985,27.0,30.998193605546163,93.0,92.73347922421598,110.0,151.65544059190296,239.0,204.23401901022046
template_projection,ridge_10,3772,2300.0,2159.288708210497,2.0,5.783398300281206,6.0,7.284983685879126,30.0,34.70108265079461,186.0,161.0896907834429,186.0,189.2686310802118
template_projection,ridge_10,3773,1100.0,927.2484650442755,12.0,16.52073002553999,2.0,1.0113880270283904,37.0,38.12190982856687,44.0,34.4175057311428,44.0,47.51050510784037
template_projection,ridge_10,3774,2600.0,2635.0858999394986,1.0,3.3921259449043504,63.0,60.24467226811079,89.0,77.76365768519625,84.0,115.24328719174284,141.0,136.42055128007104
template_projection,ridge_10,3775,900.0,1184.278017626329,5.0,4.149831131432187,6.0,13.200144474252127,80.0,85.64917775801149,96.0,74.48899790835337,110.0,94.35918316759634
template_projection,ridge_10,3776,800.0,723.6701580753287,45.0,44.83090690562548,5.0,5.3414335432376205,18.0,18.944608016795364,11.0,9.000751714878376,11.0,12.164167098069612
template_projection,ridge_10,3777,800.0,584.1460787617854,127.0,132.51434444056284,7.0,2.525898252949821,22.0,15.688912921755303,48.0,50.56138591651245,53.0,73.03448018518552
template_projection,ridge_10,3778,900.0,997.2038594991998,92.0,80.89710730486854,2.0,-1.4316703706885985,34.0,28.16714105611463,99.0,83.84116888557239,99.0,127.11034913942669
template_projection,ridge_10,3779,1600.0,1240.7834014593243,3.213,7.815588002075991,20.0,21.29837158257785,44.0,47.49597621313915,47.0,35.63756521584005,62.0,50.96916978981806
template_projection,ridge_10,3780,400.0,325.9308383451877,40.0,45.47534787680003,2.0,2.389660148537123,37.0,28.780665911617874,23.0,19.17975297123097,23.0,34.82076418441352
template_projection,ridge_10,3781,400.0,311.5240500155719,84.0,85.85527669648377,6.0,7.11062024051628,17.0,15.918060248256651,11.0,5.611512588130367,18.0,14.798254020783645
template_projection,ridge_10,3782,500.0,528.3800012041861,20.0,23.560964558043267,2.0,1.088610613203027,25.0,27.0531740967715,17.0,11.731103941763138,25.0,23.21817729789521
template_projection,ridge_10,3783,1200.0,1296.6375857025937,27.0,28.124293306736195,27.0,24.719687036521506,79.0,77.03767994663521,81.0,75.93569512454468,93.0,103.51696921184961
template_projection,ridge_10,3784,1800.0,1781.9698247954816,48.0,38.989279443735235,13.0,11.103397776408372,89.0,83.73901220594881,88.0,108.18157192423548,124.0,133.33515981905944
template_projection,ridge_10,3785,300.0,432.11639662255607,88.0,95.49586369522441,2.0,-1.4266439191222542,27.0,23.484764966029495,11.0,16.257941696826187,29.0,30.5583376794484
template_projection,ridge_10,3786,1800.0,1720.6556945426873,6.0,5.439785782162623,2.0,3.3950251915843577,48.0,49.03062230191727,116.0,102.24324428449347,116.0,120.85954512816184
template_projection,ridge_10,3787,1200.0,1554.4418496399612,20.0,57.04992104389649,30.0,18.381629697686,49.0,46.7263091493425,92.0,80.07181460543012,64.0,77.61441234168826
template_projection,ridge_10,3788,1000.0,653.5831777120428,2.0,-28.10572905579498,8.0,10.852039746614327,96.0,90.92942097402201,138.0,143.56991733849983,174.0,192.70978638660722
template_projection,ridge_10,3789,2100.0,2077.444181319255,19.0,24.241411622471524,24.0,22.03986764475302,110.0,103.52884074188894,108.0,119.7329573081044,145.0,146.08128079262303
template_projection,ridge_10,3790,600.0,-96.56685416577534,53.0,16.70211510414333,6.0,16.56157971265447,31.0,36.39397366791899,50.0,36.13801308177604,64.0,70.72803602055825
template_projection,ridge_10,3791,500.0,300.35231870521477,17.0,19.641587047517596,5.0,3.8904936026276484,53.0,48.71618505247986,10.0,12.743199719155442,25.0,34.84267544801136
template_projection,ridge_10,3792,5400.0,5496.067234603817,1.0,4.9420534441699004,74.0,71.48321502683292,133.0,127.94915291555665,248.0,243.92306592036562,250.0,252.8242644671971
template_projection,ridge_10,3793,900.0,375.9458568639734,12.0,6.303572995200398,18.0,23.891471207165807,80.0,73.93474698839975,22.0,8.95451570234269,36.0,47.36277742512954
template_projection,ridge_10,3794,2400.0,2377.3256442557586,6.0,5.961897865321781,46.0,38.89951029952631,77.0,76.09434540639323,69.0,92.51008444401721,88.0,100.70198553413928
template_projection,ridge_10,3795,1300.0,1331.470317017553,1.0,1.8654823031513033,6.0,5.936858643513391,71.0,70.01473896942467,112.0,89.61806877986461,100.0,115.9416129222335
template_projection,ridge_10,3796,400.0,589.6442883366547,4.0,18.07874072289401,2.0,-1.2566427502009443,51.0,48.006271432492134,4.0,1.8696237367500999,20.0,15.473641720430209
template_projection,ridge_10,3797,700.0,766.6855693318169,92.0,89.10141680484386,3.0,4.200476689916968,42.0,41.764634232062555,37.0,27.979382819950835,37.0,41.02381177866701
template_projection,ridge_10,3798,500.0,466.1969650530324,76.0,71.23589298173022,4.0,8.376900318636332,9.0,16.978525850523553,38.0,22.147211923119656,38.0,29.17212940596147
template_projection,ridge_10,3799,300.0,-72.9348778210408,114.0,108.86994736870558,2.0,2.425442757588401,21.0,19.99687489213689,11.0,-2.3369644690022255,11.0,22.115747600301617
template_projection,ridge_10,3800,800.0,756.7103391932399,2.0,3.463453840690363,2.0,4.621169056501243,45.0,46.26036793500583,19.0,5.687465406925853,19.0,16.07081829601971
template_projection,ridge_10,3801,1400.0,1796.1329632316347,3.0,24.661604354987915,2.0,5.2142136109014,109.0,99.14691592285378,129.0,117.58362246949721,171.0,167.53333881922725
template_projection,ridge_10,3802,1400.0,1456.9479691219785,27.0,31.82664643594168,28.0,26.904290037522774,74.0,73.4891566054683,149.0,138.59845379480237,178.0,183.65450253163996
template_projection,ridge_10,3803,800.0,668.4900816305949,115.0,113.50328104900287,6.0,7.972835016784149,34.0,38.14261602468586,22.0,64.21767724206143,143.0,109.43184084100771
template_projection,ridge_10,3804,1800.0,1668.8571833730368,17.0,8.125115890924206,18.0,20.56764024431837,53.0,54.97064049887731,143.0,120.73295365338561,143.0,146.80400083424487
template_projection,ridge_10,3805,1400.0,1250.494872137137,3.0,0.9734885443773109,4.0,3.852577223635805,56.0,58.182817877336774,132.0,101.4346917942105,107.0,128.36710903079674
template_projection,ridge_10,3806,300.0,550.2316022942958,89.0,95.2349887172901,19.0,17.007353818460807,46.0,43.24654756761505,109.0,107.289138413183,156.0,158.19910230286848
template_projection,ridge_10,3807,300.0,173.70374214871572,77.0,76.05898624567985,2.0,0.8097999431610958,13.0,14.428751269199402,9.0,11.818118883063875,27.0,27.409522158434356
template_projection,ridge_10,3808,500.0,615.7574142029404,111.0,110.23669924065983,2.0,3.4555733520729923,37.0,36.81758696674998,85.0,89.83980115777054,136.0,129.16843293432487
template_projection,ridge_10,3809,700.0,978.4628605871055,81.0,88.29202990475567,4.0,-3.7576190641176037,58.0,66.21057285544931,28.0,47.97771086461306,77.0,59.41692125954655
template_projection,ridge_10,3810,600.0,707.1258783751657,66.0,47.459045795980835,16.0,24.27896358561038,43.0,47.96038574071605,47.0,26.34755456718728,58.0,54.131118685537096
template_projection,ridge_10,3811,800.0,911.3194016613065,17.0,18.850978362709625,5.0,6.693426335336529,66.0,62.61770074770648,10.0,19.329472837886485,42.0,32.79019739748017
template_projection,ridge_10,3812,800.0,828.5068975429402,1.0,12.503451388204361,1.0,-3.2462164619718923,45.0,44.8663404388717,22.0,17.35641373834916,26.0,31.945830266133214
template_projection,ridge_10,3813,600.0,552.1342249592321,177.0,170.64048199745085,16.0,17.3200854215251,34.0,33.41599595034174,53.0,54.926378593871036,84.0,85.20972322764975
template_projection,ridge_10,3814,2900.0,2495.019121368702,19.0,25.90742415434975,94.0,86.97793365153188,106.0,112.0871634628494,153.0,151.45744647668653,187.0,198.62266130204142
template_projection,ridge_10,3815,2700.0,2642.803011008461,5.0,34.831968154767864,61.0,61.750191893529916,90.0,84.5916207964639,160.0,123.49195066233936,165.0,154.26851926327032
template_projection,ridge_10,3816,4400.0,4191.279797442501,2.0,-4.685596462777347,18.0,20.014513681826845,129.0,122.52054161384035,258.0,253.42227549359401,276.0,290.4070218525829
template_projection,ridge_10,3817,2800.0,2630.59491505864,3.0,0.043076588653171655,19.0,18.108669678485942,100.0,98.20468583149574,129.0,126.64269567371531,129.0,140.30575572222241
template_projection,ridge_10,3818,900.0,1159.2593619757233,2.0,15.33563403366658,3.0,-1.4490848913561631,37.0,35.813764492297324,65.0,55.75423195200369,65.0,75.84059431517932
template_projection,ridge_10,3819,400.0,317.9298702405655,88.0,82.23536089965936,5.0,5.153870499309642,11.0,14.043114365835741,13.0,9.019633884532936,16.0,23.427365730250813
template_projection,ridge_10,3820,700.0,818.2384919692204,2.0,9.05157264150234,2.0,1.257388208914099,43.0,42.27009280387556,19.0,26.338530913620936,56.0,45.21025124172774
template_projection,ridge_10,3821,1100.0,1132.512215083969,8.0,7.940342981783921,5.0,6.166726608853315,68.0,68.15237291579567,82.0,87.6596986136704,127.0,119.32694421317147
template_projection,ridge_10,3822,1500.0,1494.3426410906025,62.0,64.34509568670816,13.0,13.16103740413028,80.0,79.91433364411463,187.0,161.27069396096618,203.0,210.37455964292747
template_projection,ridge_10,3823,1200.0,1149.9562050487798,48.0,48.904780505729775,3.0,3.048583000861301,42.0,39.57342741225166,101.0,86.65039374673768,101.0,111.96667449754374
template_projection,ridge_10,3824,1000.0,999.5009602194009,65.0,68.13027724383278,4.0,3.9707700022914594,31.0,32.040207245221794,69.0,73.55275682299863,105.0,98.22472921023106
template_projection,ridge_10,3825,1500.0,1817.6970754212077,80.0,103.53001863948867,44.0,23.101694885206626,75.0,71.91187242299443,201.0,181.9082724906076,189.0,249.41032080125893
template_projection,ridge_10,3826,900.0,857.4082080908253,69.0,64.2498808395659,3.0,5.696150515855226,29.0,31.163623511563756,49.0,56.953200875255476,85.0,74.61230865737281
template_projection,ridge_10,3827,600.0,734.3156980611824,67.0,74.05659179688256,13.0,15.529898278852578,45.0,43.71546993859798,52.0,27.036951991159285,45.0,55.144586811703306
template_projection,ridge_10,3828,700.0,589.1115953071663,25.0,27.42235207832394,5.0,4.716514043315042,34.0,33.318571536987,33.0,24.43712513527813,33.0,37.47659573253986
template_projection,ridge_10,3829,2000.0,2250.7186427057322,4.0,1.4779024608013174,118.0,114.6280493899153,75.0,80.79245800076494,173.0,150.41320582799545,186.0,195.9015963339886
template_projection,ridge_10,3830,300.0,240.30210492561775,103.0,100.40790201471945,2.0,2.3680583241478654,14.0,13.777058650729728,6.0,6.8341401647134745,19.0,19.80105594026007
template_projection,ridge_10,3831,500.0,172.1696635443916,269.0,241.17806457161234,14.0,22.076239862335736,12.0,13.781270073285377,53.0,47.24226857478488,79.0,84.35538144464819
template_projection,ridge_10,3832,1100.0,1333.0588929530516,230.0,250.06315870044943,27.0,32.60617232851042,31.0,29.550707967658745,96.0,95.87610366328398,158.0,114.31199476971616
template_projection,ridge_10,3833,400.0,475.463724978634,45.0,49.23314715821765,5.0,2.532459322957303,24.0,26.128762635124342,64.0,49.22272418915462,64.0,74.74561014370454
template_projection,ridge_10,3834,700.0,704.4712996602775,125.0,120.26404937189896,11.0,12.561361640165424,36.0,35.0797717693217,62.0,62.78680017400875,90.0,89.844946985015
template_projection,ridge_10,3835,1400.0,1339.5976335247046,67.0,66.88153864069015,7.0,7.0184656100011775,13.0,16.888081453277145,62.0,56.31042921739643,62.0,61.80322802025263
template_projection,ridge_10,3836,1800.0,1743.4725321142353,2.0,-26.111448691587952,5.0,9.377870623797149,65.0,76.51374715691611,153.0,143.4853223934801,189.0,195.91979609856298
template_projection,ridge_10,3837,600.0,479.6823025609118,142.0,138.86076702869917,16.0,16.675755864563826,58.0,60.29507677633754,57.0,90.52401950121909,165.0,141.49085018315677
template_projection,ridge_10,3838,800.0,904.2182511559911,37.0,36.09435005100975,3.0,3.0599776098969933,28.0,27.425009315876764,68.0,50.86826453563404,47.0,62.477115851498134
template_projection,ridge_10,3839,500.0,450.2596158376267,61.0,60.928694596977,2.0,2.193434814929736,7.0,9.026919623946213,10.0,8.620266191708026,18.0,16.444483543255743
template_projection,ridge_10,3840,800.0,862.8761541923928,2.0,14.706435693294111,2.0,-1.8475004162882183,43.0,45.98059527278706,8.0,16.696691209016414,35.0,23.3632265803122
template_projection,ridge_10,3841,400.0,392.8936053396327,60.0,72.63787104434768,2.0,1.723694764847373,11.0,8.302423167884541,30.0,71.94427808178627,134.0,102.05665099938483
template_projection,ridge_10,3842,600.0,465.95871399875284,56.0,52.38421966868885,2.0,3.2414558517772,17.0,18.358287426225793,18.0,8.282674249513207,18.0,21.486201087677145
template_projection,ridge_10,3843,600.0,602.91996849899,64.0,74.7287085590689,8.0,3.0421634521543908,30.0,23.1046681458386,21.0,32.61254938720188,30.0,36.54187747046353
template_projection,ridge_10,3844,1100.0,950.0678354430368,114.0,111.60155907605579,5.0,5.322524345352939,24.0,27.783023604723713,85.0,78.58932816882589,103.0,105.4541516730418
template_projection,ridge_10,3845,400.0,1082.6841464263434,59.0,87.70782230219591,3.0,-17.62440007189462,15.0,1.6481625607533061,4.0,36.55232269844166,17.0,49.476827216408374
template_projection,ridge_10,3846,900.0,938.1380715461581,32.0,39.942499312714986,2.0,-3.7429268856318156,21.0,12.655222506301506,76.0,74.48939690090752,76.0,90.91291264302639
template_projection,ridge_10,3847,2500.0,2706.6018719621925,22.0,22.100884583396457,92.0,86.8446745681628,143.0,140.78626106161977,188.0,173.87667467508192,194.0,215.96557040029384
template_projection,ridge_10,3848,2200.0,2385.898895556338,45.0,49.876616977257825,54.0,49.51045884910059,117.0,116.78486533788589,158.0,147.60125994589023,172.0,185.25374786905235
template_projection,ridge_10,3849,3000.0,2653.103466406111,6.0,-10.386888700658076,30.0,36.38674223343387,70.0,65.72593612948245,77.0,94.82409274257964,99.0,93.74108749635734
template_projection,ridge_10,3850,200.0,264.0703315917383,48.0,59.66875647131543,37.0,30.34795878417813,38.0,36.52605889479001,3.0,-2.767876742217851,6.0,11.993203621178509
template_projection,ridge_10,3851,700.0,167.95481107099772,80.0,49.031111827724956,4.0,12.44369393310169,17.0,35.787724729014755,71.0,84.09523817667652,116.0,92.9763402997484
template_projection,ridge_10,3852,2200.0,1286.2691275094046,3.0,8.702819319840245,13.0,19.93549900711872,45.0,48.0880352973975,126.0,82.12456780092465,127.0,125.96390879969138
template_projection,ridge_10,3853,200.0,186.94206079325136,76.0,64.7639262349081,10.0,8.556400760070321,15.0,10.3145379840119,10.0,7.735673472638453,12.0,32.7948624276373
template_projection,ridge_10,3854,1200.0,1145.229323240368,214.0,203.63580722821914,5.0,6.953953361588123,40.0,37.34266215217859,160.0,138.17104528943227,160.0,181.76943397968165
template_projection,ridge_10,3855,4200.0,4221.258346676078,2.0,10.437644707161617,102.0,96.1142134182439,124.0,123.65371346655965,249.0,232.4442313228217,246.0,268.71364400156256
template_projection,ridge_10,3856,500.0,766.986860263555,54.0,51.28975515376618,6.0,13.84162545868289,23.0,11.269260174592226,16.0,-16.70784817298926,33.0,8.430827659887399
template_projection,ridge_10,3857,1200.0,1257.5985773300158,109.0,114.59707525044561,33.0,31.930070534696952,60.0,60.649421468845816,162.0,166.3621846406561,234.0,226.81448515202928
template_projection,ridge_10,3858,2500.0,2129.1814272906067,6.0,23.421299283790965,35.0,29.847282269166627,97.0,96.54834326406748,71.0,80.20972908447177,78.0,79.90731368083499
template_projection,ridge_10,3859,1000.0,1107.9736575326676,10.0,14.212170334547395,10.0,8.678006093817574,70.0,67.84607557541872,21.0,36.458713032458206,57.0,48.19446294762032
template_projection,ridge_10,3860,1000.0,962.7522378528381,107.0,100.38444975323924,7.0,7.521373857436181,44.0,44.089146326693054,80.0,94.31872328809146,137.0,131.9235801445843
template_projection,ridge_10,3861,1400.0,1419.7772087618816,11.0,20.798375291030567,10.0,9.56519993372946,61.0,62.599885009702724,52.0,54.08437212315616,81.0,69.34040148345304
template_projection,ridge_10,3862,1000.0,804.0110598138835,159.0,174.9333063344209,2.0,4.642699313934218,33.0,26.65504249707265,62.0,54.83704571435984,62.0,63.293607090898966
template_projection,ridge_10,3863,1300.0,831.5816939897927,3.0,-25.476589272884468,2.0,12.606510799171904,84.0,80.06973193667538,48.0,60.18303010137209,86.0,77.95888198495422
template_projection,ridge_10,3864,900.0,852.6700323834664,2.0,6.947222897018179,2.0,-0.005697340121480821,51.0,50.14443658967269,26.0,36.8591463974576,58.0,51.90951454289959
template_projection,ridge_10,3865,400.0,546.906409861979,85.0,95.4257536305796,10.0,2.1467256026861907,14.0,13.09264607201306,16.0,15.942107037275264,13.0,24.12471123688246
template_projection,ridge_10,3866,1200.0,1227.4196545390062,2.0,5.377879631695436,16.0,17.404668196502037,79.0,81.04161136439626,31.0,33.0564850759323,49.0,44.0373579717256
template_projection,ridge_10,3867,900.0,1017.6229972585056,19.0,24.932936970776993,2.0,-5.712889828971166,74.0,75.19279909164491,101.0,92.96701518940107,101.0,119.82575428410743
template_projection,ridge_10,3868,3500.0,3173.8405464090265,2.0,-3.802156859582425,24.0,28.406951266610307,80.0,85.36317724834643,153.0,163.29274756682685,202.0,183.52173586752212
template_projection,ridge_10,3869,700.0,554.1485109349533,126.0,136.69571181788544,13.0,11.959217769524535,25.0,24.656272023385334,68.0,56.52506637931657,94.0,87.89997064661894
template_projection,ridge_10,3870,500.0,534.7422893407404,57.0,56.66086673948278,8.0,11.226122123365329,50.0,50.421128817310425,25.0,38.401857626167626,84.0,64.01704762752775
template_projection,ridge_10,3871,300.0,226.70397347638902,67.6872,77.28164475692815,4.0,-0.17439847836664413,7.0,8.68502654728178,13.0,8.543016703322579,13.0,16.394099104864665
template_projection,ridge_10,3872,4000.0,3887.105360144077,10.0,23.104969731264752,40.0,38.37623171086387,76.0,77.25993184413906,368.0,331.7634432075584,368.0,385.0109845148995
template_projection,ridge_10,3873,1100.0,953.7171534825543,79.0,74.84904251922262,3.0,5.335207397141021,61.0,60.41116255919658,51.0,58.28088584471869,88.0,80.98954171885035
template_projection,ridge_10,3874,500.0,1115.6585706221445,20.0,83.586402435358,24.0,30.775770196322235,56.0,70.46675954730571,25.0,22.55675910887043,104.0,26.235115818113712
template_projection,ridge_10,3875,2200.0,2326.081549050359,126.0,113.9124140240468,25.0,26.609009171271467,124.0,120.57132940971442,303.0,263.4210310544836,303.0,339.35352185875746
template_projection,ridge_10,3876,600.0,596.8436591372512,56.0,58.45965520008921,4.0,2.9643524912212715,21.0,20.31589321343663,53.0,41.825285335603226,53.0,61.64726442500816
template_projection,ridge_10,3877,700.0,1291.8386632109023,134.0,143.88050267545236,28.0,26.14845612599941,42.0,41.80139154635945,77.0,126.68928707160916,219.0,180.21444278551098
template_projection,ridge_10,3878,600.0,615.2436944104185,49.0,52.97640532570088,10.0,7.1097848897930245,24.0,27.230970802782203,10.0,9.820696219968099,15.0,18.47084990235176
template_projection,ridge_10,3879,1600.0,1716.5241506079085,1.0,6.546032598487187,33.0,27.85181247779019,74.0,72.80930054764406,141.0,123.78723561252292,132.0,154.52331680796664
template_projection,ridge_10,3880,900.0,1041.3352481635588,2.0,9.871322916010143,2.0,1.0558296085419752,67.0,67.1698779587783,84.0,109.7656783333388,177.0,153.51849302870247
template_projection,ridge_10,3881,2100.0,2027.8752967276105,147.0,137.7013234572973,26.0,27.932209015706587,40.0,40.469181864601794,160.0,149.29925956936103,166.0,177.29352136710955
template_projection,ridge_10,3882,900.0,792.8701217763978,2.0,19.37570053506952,4.0,1.6500555918755708,64.0,56.5177424141933,41.0,30.005109108059052,25.0,39.41812903282532
template_projection,ridge_10,3883,1000.0,1140.5528969367806,63.0,57.70086962988365,2.0,5.12950967225866,52.0,50.27186862660032,85.0,71.59525327845965,85.0,93.57115114374996
template_projection,ridge_10,3884,900.0,956.6295032113708,21.0,21.715620756860417,15.0,12.202558889178624,83.0,82.55418773809839,75.0,98.69792769706218,145.0,139.11279413088678
template_projection,ridge_10,3885,1200.0,983.0207681248373,19.0,19.971171543141935,2.0,9.47431140276883,19.0,23.826021127122125,60.0,32.72454484851309,60.0,42.39309798740696
template_projection,ridge_10,3886,500.0,526.1511567331635,148.0,154.89640551630873,9.0,5.9745637285910025,20.0,19.33834781234139,25.0,43.28261002588943,83.0,72.65837771857363
template_projection,ridge_10,3887,500.0,433.66577911172146,70.0,70.6277892341622,2.0,2.8123462550774754,13.0,12.623694023308445,28.0,23.402082932780843,41.0,42.341926780620184
template_projection,ridge_10,3888,300.0,280.982935092366,74.0,73.06565604025474,2.0,3.039769466070286,3.0,3.4232557007062425,6.0,1.1758087536485817,6.0,5.327537396980944
template_projection,ridge_10,3889,4100.0,3980.4968206299327,2.0,10.436629015164463,102.0,99.68369524081346,158.0,153.0451936536618,204.0,231.55418923045238,287.0,274.48279869382355
template_projection,ridge_10,3890,800.0,790.6155414328452,114.0,113.44428926173813,2.0,-0.8870273766373256,14.0,15.079057679267706,21.0,27.333909167181567,30.0,34.91827011078446
template_projection,ridge_10,3891,400.0,486.4555069398283,84.0,84.11278413643916,8.0,6.598327919074723,13.0,11.975138410227089,3.0,4.536870742394385,10.0,15.242005301815468
template_projection,ridge_10,3892,500.0,459.07328153982235,45.0,49.4078708753565,5.0,4.667554753028609,11.0,13.324542669013582,44.0,29.19158478241674,44.0,47.26972579233826
template_projection,ridge_10,3893,600.0,565.8405574978431,109.0,104.82683600453717,2.0,2.1323020954165166,27.0,26.542042233468447,59.0,49.23941440537774,59.0,69.6034346403365
template_projection,ridge_10,3894,600.0,520.4661052661565,38.0,45.9766371040081,6.0,2.8969893849855772,18.0,18.184932588373066,13.0,8.453120775274115,13.0,17.176712368148813
template_projection,ridge_10,3895,500.0,531.007792995362,39.0,40.34050663212595,3.0,2.7871887050497364,28.0,27.499399713564824,15.0,19.470653869599502,38.0,34.21740966247053
template_projection,ridge_10,3896,900.0,-157.752549647063,32.0,42.6413148661461,11.0,18.461997505148794,54.0,64.06913116536776,74.0,42.58490692238125,85.0,77.18588797196132
template_projection,ridge_10,3897,1000.0,974.4395579040381,8.0,13.990902924858695,2.0,5.35520109459776,63.0,58.196410006220525,83.0,75.25074861127389,101.0,94.4707385468174
template_projection,ridge_10,3898,5600.0,5147.440244695941,2.0,-19.142236369950254,6.0,11.662681010220776,92.0,96.36728454296627,198.0,208.6401068955534,198.0,193.97919192818748
template_projection,ridge_10,3899,4000.0,3764.386967661172,2.0,2.486228044776709,48.0,48.53312125876689,90.0,91.36785238316625,212.0,199.25255713047864,212.0,219.89479789815226
template_projection,ridge_10,3900,300.0,251.6926491992382,47.0,55.944837754255126,7.0,5.041400929106189,20.0,18.957925765269547,31.0,9.27458097072909,6.0,20.77999825523416
template_projection,ridge_10,3901,500.0,650.7200947716988,2.0,7.105726829730713,2.0,0.29607319412706623,80.0,75.18609961124979,20.0,25.13857055984586,43.0,45.082058758655286
template_projection,ridge_10,3902,600.0,559.0188781124715,39.0,37.433140267104584,7.0,7.25228031557914,41.0,40.81537026810544,14.0,9.090284285003307,14.0,18.823041132615188
template_projection,ridge_10,3903,2300.0,2522.8992379243577,1.0,15.787240156153672,101.0,91.86710862577293,115.0,111.33789059445479,153.0,143.7122667072823,156.0,180.02116719799227
template_projection,ridge_10,3904,500.0,592.9917449653747,70.0,73.6018922421713,7.0,8.145447609813155,57.0,57.51158996575066,37.0,77.50236987114361,148.0,116.22697510704393
template_projection,ridge_10,3905,1800.0,1862.4959361873262,11.0,14.849009337117792,18.0,16.360438100805858,62.0,62.4434580135044,207.0,179.24601247386929,207.0,226.06372785896386
template_projection,ridge_10,3906,400.0,837.2767677893851,148.0,158.22348833034965,8.0,11.897387797068177,27.0,32.688436209828886,38.0,104.70359898903858,214.0,136.1903634971368
template_projection,ridge_10,3907,1900.0,1633.063166426878,25.0,34.931364146677836,34.0,33.351549502558896,66.0,61.52748886259903,107.0,112.16031284730776,146.0,148.78403488430942
template_projection,ridge_10,3908,400.0,465.8995531906004,50.0,52.88039804115801,3.0,2.836286427959056,6.0,5.543551706982953,14.0,14.476036617370582,19.0,18.14782856122737
template_projection,ridge_10,3909,1200.0,1066.3970592437572,41.0,37.59466828344558,8.0,10.378535443664573,14.0,15.689912960928666,36.0,30.039266622055806,36.0,36.293613115561996
template_projection,ridge_10,3910,400.0,103.18650914886302,54.0,135.4185363532266,10.0,-3.6313540520785477,23.0,13.581650921326649,9.0,-9.996155161854233,15.0,27.000394532457022
template_projection,ridge_10,3911,500.0,502.6122044777517,2.0,-0.9115223934939252,2.0,-0.8165479275977265,49.0,52.44401869386626,17.0,17.70700436616702,39.0,40.10570170966906
template_projection,ridge_10,3912,2000.0,2061.0311114447477,1.0,1.0011691320417526,7.0,7.868219510232645,97.0,94.87789105850244,197.0,171.6522019653179,197.0,213.69993034351302
template_projection,ridge_10,3913,2000.0,1977.0307821352653,35.0,36.1186252369328,5.0,6.615737218925098,77.0,74.02550825679091,151.0,133.72844813772042,151.0,160.73673695597205
template_projection,ridge_10,3914,300.0,464.4592639407241,108.0,91.5611371690724,2.0,7.074151635738726,66.0,67.02498085356446,22.0,14.750402932114028,22.0,31.394478769271046
template_projection,ridge_10,3915,600.0,594.77763854404,44.0,48.04967672933382,11.0,9.8610321353194,27.0,22.631944430109325,22.0,25.833711491646994,39.0,38.41400204003598
template_projection,ridge_10,3916,900.0,876.6246566762441,189.0,179.64365306029467,6.0,9.070685109671619,45.0,44.49681138641452,108.0,97.45032564662901,129.0,135.93401689166382
template_projection,ridge_10,3917,2400.0,2400.8481337939406,2.0,4.497303042669479,11.0,10.894305271450646,106.0,105.35147929385951,208.0,192.64993491659567,227.0,233.4583624766264
template_projection,ridge_10,3918,400.0,348.6540319727294,82.0,77.82119711811137,2.0,2.3320044349203375,28.0,27.787016959362568,38.0,28.11400424537925,38.0,45.674413935679645
template_projection,ridge_10,3919,300.0,36.28016816683157,76.0,38.761199955149166,7.0,21.72264292724978,10.0,15.888891113020868,12.0,4.0106232992138615,37.0,21.86149652826228
template_projection,ridge_10,3920,1500.0,1342.7368412903775,2.0,-15.79474681824081,18.0,23.533188255661884,67.0,74.84772530761447,95.0,73.54433426399433,112.0,108.59251647232719
template_projection,ridge_10,3921,500.0,462.0994856849052,45.0,60.767926568542016,2.0,5.750889711574732,12.0,13.052419808068358,15.0,12.437820611873661,57.0,29.334434328731774
template_projection,ridge_10,3922,1700.0,1567.0633405178014,35.0,36.61935926621944,31.0,29.631225071311725,51.0,52.21764859258344,60.0,56.74190655589273,60.0,64.61854575944203
template_projection,ridge_10,3923,900.0,963.5825496765876,11.0,8.9689606695243,1.0,1.8056343040730276,57.0,56.56771359855985,49.0,40.76230366666489,51.0,56.984793793039984
template_projection,ridge_10,3924,800.0,627.626937734704,23.0,11.262486070716413,6.0,2.762505202824574,32.0,38.997816802883655,26.0,38.92535645834668,57.0,57.931872462907
template_projection,ridge_10,3925,400.0,560.4221203134359,39.0,31.693458848504914,6.0,10.205907677348215,30.0,35.45030494558967,27.0,38.36713314942915,90.0,73.36504324258249
template_projection,ridge_10,3926,1200.0,1173.6150525791704,140.0,137.19847955842496,25.0,26.676488942484404,40.0,41.64258093815412,104.0,117.38120686427969,173.0,158.52854547897587
template_projection,ridge_10,3927,100.0,148.8236558815936,94.0,105.86916109794333,4.0,3.4307467901603026,18.0,5.68037124184152,27.0,11.56835491298716,29.0,27.394009212236384
template_projection,ridge_10,3928,500.0,583.7253821083477,27.0,30.812127461351142,6.0,5.108680612446523,82.0,78.8351632914174,37.0,49.39877823047347,87.0,81.00409425611936
template_projection,ridge_10,3929,2300.0,2152.6010176556197,114.0,111.78436671999563,35.0,34.01210805549124,67.0,71.67837637835292,117.0,150.21645579350275,210.0,183.78313859729747
template_projection,ridge_10,3930,200.0,285.00669487848995,64.0,63.667796280958285,5.0,5.942910623553486,30.0,31.110393493342574,8.0,21.598638728274665,59.0,45.19570394372472
template_projection,ridge_10,3931,600.0,538.3996198724111,52.0,52.97489121317845,2.0,2.327810021706142,6.0,7.1148407240056315,12.0,8.275777267021851,15.0,14.899828829130499
template_projection,ridge_10,3932,1500.0,1555.6987183349495,43.0,53.46868754659005,4.0,-0.2275297414624493,38.0,40.04362244523196,180.0,153.9772961622278,180.0,195.8190089600058
template_projection,ridge_10,3933,800.0,464.0488490850188,26.0,32.71313099163294,15.0,8.651964709106249,46.0,54.53135396289675,114.0,99.56831891644721,128.0,141.5273625548825
template_projection,ridge_10,3934,600.0,777.1204233641463,81.0,100.36136245632343,2.0,6.699880956028178,29.0,10.683261439511995,61.0,42.53367851645957,61.0,61.637645309498275
template_projection,ridge_10,3935,1200.0,860.0964654165737,55.0,66.61779324317013,40.0,31.28068554754048,34.0,40.022781591242364,99.0,97.006554133344,111.0,128.73047380502865
template_projection,ridge_10,3936,500.0,394.08140712541024,15.0,1.3092794176882805,3.0,9.009149836012476,50.0,52.90162036669528,10.0,4.555380773957609,14.0,6.0804361519423935
template_projection,ridge_10,3937,300.0,318.2644854294389,91.0,89.25547180279489,4.0,4.470432695615674,10.0,10.281491738998696,6.0,0.9095084754320766,6.0,9.303948153145896
template_projection,ridge_10,3938,300.0,238.7886690938111,83.0,77.9487710117364,3.0,4.257410686864384,24.0,29.736464584031932,10.0,4.458510945296382,18.0,20.640317259673182
template_projection,ridge_10,3939,1300.0,1507.1604409545107,77.0,79.63760950689755,8.0,9.138127170032568,67.0,58.9768918321764,139.0,140.33591756697015,178.0,179.56637638600296
template_projection,ridge_10,3940,700.0,624.1621145539275,18.0,23.486034494590093,21.0,17.78796178171945,37.0,38.22111146628626,25.0,38.6584937160452,71.0,65.32046426101525
template_projection,ridge_10,3941,600.0,642.920706545093,2.0,3.601695647936168,4.0,2.604959096287713,62.0,62.067906582753274,29.0,34.00268292869775,56.0,54.78796400564537
template_projection,ridge_10,3942,800.0,924.7822675704095,3.0,7.712998680231657,8.0,5.838045099162789,97.0,94.16974448925151,61.0,84.98797028880482,138.0,126.51445590784624
template_projection,ridge_10,3943,900.0,1139.2212177963204,18.0,29.59049187483537,14.0,-0.6896438261448541,59.0,56.857821479066374,41.0,77.18416375936302,77.0,91.6192932735537
template_projection,ridge_10,3944,1700.0,1517.7109818358808,25.0,23.00649953814783,8.0,10.872186171736184,42.0,42.98764045211384,152.0,132.78310105146215,158.0,164.62070980809347
template_projection,ridge_10,3945,2800.0,3021.894092907574,8.0,18.35254276631599,67.0,61.76187044591571,108.0,108.5909493159742,209.0,230.71352842375657,299.0,286.03452609222654
template_projection,ridge_10,3946,3700.0,3649.341950326767,9.0,15.356019183398502,18.0,16.225135108745082,95.0,104.70388683051499,140.0,188.87079359632008,248.0,202.15410435207826
template_projection,ridge_10,3947,2000.0,2051.98481760948,25.0,20.402274226945636,48.0,47.87796136184661,108.0,106.04549624704485,162.0,167.52470520742042,215.0,215.2666786384998
template_projection,ridge_10,3948,1500.0,1552.1535425485213,16.0,19.60378984782318,40.0,37.05400838515837,66.0,66.44723537834707,63.0,70.44224941167654,89.0,90.56711788524214
template_projection,ridge_10,3949,900.0,1092.199797732258,7.2828,9.951548601640525,24.0,22.627696174565273,74.0,76.09247091788055,69.0,71.08211496265346,106.0,102.69481950755775
template_projection,ridge_10,3950,1400.0,1525.5486830523346,36.0,46.24876313031148,26.0,24.447238899482997,66.0,59.61378448350122,87.0,80.86252320965731,90.0,96.66223882689083
template_projection,ridge_10,3951,1400.0,1405.5117081460812,71.0,70.8561950156798,39.0,37.236203022282844,41.0,42.604673147975895,72.0,88.56687157407023,125.0,116.50985862838364
template_projection,ridge_10,3952,4600.0,4297.2379822952025,7.0,-2.5520112399237647,33.0,33.295010970918604,78.0,79.5240523545632,125.0,133.1638032800393,99.0,110.86010375780778
template_projection,ridge_10,3953,300.0,542.9675617199546,66.0,79.69212597951267,2.0,8.806409395840138,9.0,8.317117170608348,5.0,-11.817412409837061,5.0,1.5051454867293614
template_projection,ridge_10,3954,900.0,835.7981026406776,33.0,42.919248936965985,2.0,5.523212011609255,30.0,41.81260837811674,46.0,210.058684183918,450.0,303.35729147324724
template_projection,ridge_10,3955,400.0,439.83386899798563,36.0,33.93881199837402,2.0,1.5055207420374153,55.0,53.653195580890916,18.0,39.39701372410558,79.0,70.52267401126493
template_projection,ridge_10,3956,500.0,48.712216899308714,52.0,62.97120091827588,5.0,7.954182214988016,18.0,23.186455312772136,18.0,5.260731952097714,31.0,23.114824089778153
template_projection,ridge_10,3957,1300.0,1246.2825091537773,27.0,31.927019730602435,20.0,18.545506264338044,63.0,70.06297816058562,48.0,62.519938693803965,99.0,85.60353824797821
template_projection,ridge_10,3958,500.0,295.230551647888,176.0,166.96366098364723,3.0,7.264477632690943,14.0,14.06208616498121,31.0,16.428725111315416,31.0,36.36248533803503
template_projection,ridge_10,3959,3300.0,3139.9865857461236,18.0,17.540282652000094,31.0,32.30316164172379,92.0,90.93249352845211,280.0,248.9180471694967,280.0,299.01565220404245
template_projection,ridge_10,3960,600.0,710.65463273895,20.0,26.789063612421067,40.0,34.72738700246849,45.0,43.706513484041146,46.0,47.93593098465198,65.0,73.74394069018695
template_projection,ridge_10,3961,200.0,286.91985656455347,34.0,35.50953945202238,2.0,2.859001052025583,24.0,26.53664817250641,3.0,-2.658120635473182,12.0,9.355714550701734
template_projection,ridge_10,3962,700.0,712.1721403752339,31.0,35.54400110771186,8.0,8.394647112963169,47.0,46.112133504423255,46.0,46.77097726333406,77.0,71.7528496949997
template_projection,ridge_10,3963,900.0,1002.111914779706,2.0,5.376435555281304,9.0,9.911719490981284,74.0,73.90643323179489,77.0,106.51417201674258,181.0,154.25614506693006
template_projection,ridge_10,3964,2100.0,2073.9460392426126,2.0,-4.252465297376574,9.0,8.49664656818528,85.0,83.90060521855607,85.0,83.72520990954028,85.0,93.83343252770277
template_projection,ridge_10,3965,300.0,282.18459773804227,73.0,74.16948858005887,2.0,3.7315241109410504,12.0,13.70699842091279,5.0,10.034096157931586,36.0,24.582715847154134
template_projection,ridge_10,3966,1200.0,1252.6208704026585,25.0,23.072129297240707,3.0,6.063371176049863,53.0,52.78464200356896,99.0,99.07813507758937,133.0,127.09900152834453
template_projection,ridge_10,3967,300.0,503.3582374406093,57.0,50.82221702914371,5.0,-2.2206100974767526,22.0,17.451195897210816,7.0,18.653773846205077,31.0,42.841917758442754
template_projection,ridge_10,3968,700.0,855.4770814107103,23.0,29.131413673372517,15.0,13.374104819320586,61.0,59.10181750081932,54.0,57.045809931569124,83.0,83.54013665279409
template_projection,ridge_10,3969,500.0,1278.1701102742081,90.0,83.73373144812686,3.0,4.4350724687838206,11.0,25.80496357458992,39.0,47.62458544070489,51.0,31.556795812409703
template_projection,ridge_10,3970,700.0,800.2807075061503,52.0,47.35407804826775,25.0,29.88636702485696,23.0,27.319845876659958,16.0,14.314649642463536,36.0,19.39222476028553
template_projection,ridge_10,3971,1100.0,1159.968686442077,8.0,8.614421858388923,5.0,5.775979960043276,100.0,95.93678162358967,43.0,56.27672084372424,88.0,81.25146058130608
template_projection,ridge_10,3972,1500.0,1592.1028198853685,3.0,-1.3650051051863343,3.0,3.936038062573708,79.0,78.81685532858768,102.0,91.17784581447303,102.0,109.33927037806654
template_projection,ridge_10,3973,1300.0,1336.148128374391,1.0,3.714899320836956,2.0,2.4907791611204164,50.0,52.51017292289772,100.0,97.67105865982107,132.0,125.3383627081583
template_projection,ridge_10,3974,300.0,322.5423186958409,58.0,57.04396128459469,2.0,0.7915000112633113,19.0,20.55387800205922,14.0,9.076092622402655,17.0,22.857365279164014
template_projection,ridge_10,3975,400.0,303.4048256768302,83.0,80.14365605756802,7.0,8.522570936126098,33.0,34.445932300633295,30.0,24.5235849668885,45.0,46.47067289769541
template_projection,ridge_10,3976,1100.0,1477.4057329775994,46.0,-6.066236387249198,46.0,52.75343397146282,42.0,52.116777849453456,153.0,149.11684700857293,177.0,200.09021191906453
template_projection,ridge_10,3977,700.0,656.9136081137683,35.0,37.53866460853958,5.0,6.601947316810103,18.0,16.84783275076481,59.0,45.7924659212433,61.0,63.448910953250376
template_projection,ridge_10,3978,3000.0,2413.4211798207257,51.0,42.23686829102024,4.0,6.5194072989438325,14.0,19.323257414179366,7.0,24.96164926625091,10.0,-3.2664979729120063
template_projection,ridge_10,3979,1000.0,1190.1689943973709,52.0,63.93758758209418,113.0,103.30781414665739,66.0,63.88243928683029,106.0,101.90098463744013,126.0,149.22838141322086
template_projection,ridge_10,3980,900.0,898.257153423961,182.0,177.76275660931736,27.0,26.76512508874818,18.0,17.583499381577305,75.0,83.90239313488551,121.0,117.53895212171108
template_projection,ridge_10,3981,600.0,354.1038707102949,33.0,33.49731474852266,17.0,13.479605996284775,41.0,45.00279519660472,18.0,12.6386172242226,27.0,32.00391276826856
template_projection,ridge_10,3982,3900.0,2691.4041552357826,2.0,-26.35166062932602,61.0,64.9976367730968,92.0,81.20967732312594,233.0,216.57747834385253,233.0,259.3598996554374
template_projection,ridge_10,3983,1500.0,1721.1046292028032,21.0,30.724074493909807,63.0,55.95779775661242,75.0,69.21713119921714,78.0,80.04071279098275,86.0,102.25479245188808
template_projection,ridge_10,3984,900.0,914.4412786556727,278.0,267.92185729442303,27.0,30.470419404187375,50.0,50.10009273367719,130.0,162.63778250207486,255.0,229.56463751908024
template_projection,ridge_10,3985,3800.0,3782.9501057419047,2.0,-0.387390977297585,32.0,34.58500884498622,101.0,101.80099574315643,131.0,180.9795985633965,236.0,196.27958060108256
template_projection,ridge_10,3986,400.0,367.810794044878,101.0,101.49091326635869,3.0,3.209207506383285,11.0,11.10626022966521,11.0,10.429136476816183,22.0,22.433538941937698
template_projection,ridge_10,3987,3900.0,3477.8581807547207,15.0,50.73574497594971,58.0,49.94166441330336,116.0,130.09089619240737,300.0,258.453582344251,300.0,301.60076981632744
template_projection,ridge_10,3988,1200.0,1170.755665418004,18.0,21.681865138311892,9.7104,10.025656915868852,50.5038,51.100507366567214,67.0,65.07694250911389,92.0,87.76572042759963
template_projection,ridge_10,3989,2900.0,2880.39196218037,2.0,11.3155292659009,57.0,49.06142473920731,88.0,85.02104123624798,101.0,119.56828394895254,126.0,132.50419308265427
template_projection,ridge_10,3990,1400.0,1522.6831941366586,220.0,233.63051934023636,42.0,37.69269077657922,73.0,71.43918633966659,153.0,212.72471725613397,323.0,287.25049463335176
template_projection,ridge_10,3991,700.0,942.3334725622955,110.0,111.24208537120765,25.0,23.514838081331344,56.0,57.561515552436084,72.0,137.46696042595954,245.0,200.0453875813261
template_projection,ridge_10,3992,300.0,239.90313814999536,57.0,62.4188171390997,2.0,-0.11363763173085673,18.0,18.994349051306997,8.0,1.6775905223373258,10.0,17.032884892944622
template_projection,ridge_10,3993,200.0,-101.53792058381623,116.0,113.39500656235523,2.0,5.458267496617461,11.0,15.499712320426987,24.0,23.199951691419628,76.0,67.73999042347084
template_projection,ridge_10,3994,1400.0,1332.454667686953,62.0,65.96301614406627,23.0,24.34833948886826,60.0,58.418429561428965,86.0,84.82053076009548,113.0,113.52814545977489
template_projection,ridge_10,3995,1500.0,1484.758803497484,2.0,5.622035594086007,2.0,0.8957944576531798,88.0,75.36222137734241,94.0,113.05669078090725,136.0,138.15730602432063
template_projection,ridge_10,3996,1100.0,1089.6374353202443,30.0,29.193038280424112,2.0,1.9688634902145328,44.0,41.53877915613229,148.0,127.47643112299073,148.0,167.26987668614618
template_projection,ridge_10,3997,500.0,824.0569106753653,64.0,83.48856470778244,11.0,-1.5557505341944324,13.0,18.58172168010318,6.0,76.18862105964487,150.0,108.8696461903083
template_projection,ridge_10,3998,800.0,887.0198048203129,74.0,84.22272961365796,12.0,11.152394874267099,57.0,59.75396381632959,73.0,99.1815864810937,172.0,144.4201393219453
template_projection,ridge_10,3999,800.0,1022.6288136722462,28.0,38.3143036701674,21.0,17.478279968885598,68.0,63.042440481995456,50.0,65.4267274866376,95.0,92.42786376509139
template_projection,ridge_10,4000,400.0,1223.2689368176748,98.0,89.9743298607392,3.0,-10.051242124952934,9.0,-5.076514885050528,20.0,52.585597184181395,54.0,66.45664121441644
template_projection,ridge_10,4001,1000.0,960.3852853310002,118.0,113.08529396838881,4.0,6.146590984211013,59.0,55.2073472671331,68.0,63.24595259387152,80.0,87.73491873797957
template_projection,ridge_10,4002,700.0,590.6182098856563,181.0,188.8325893185225,19.0,19.716360351176704,30.0,28.3743711682979,72.0,91.89472961870212,154.0,135.11486904868073
template_projection,ridge_10,4003,3200.0,3102.7097993756042,5.0,2.523948545524213,11.0,12.655224489575843,86.0,90.24573435500756,238.0,248.44118391026328,314.0,302.4238871097712
template_projection,ridge_10,4004,2000.0,1979.970142780367,2.0,5.0854014922989705,24.0,23.12583262078096,78.0,77.87502323449856,79.0,95.03789399773945,126.0,114.74737058052308
template_projection,ridge_10,4005,700.0,813.1720752243666,14.5656,21.227723420133835,20.0,18.385560969326114,64.0,62.89261727520675,54.0,59.139834988452876,96.0,91.4764133499051
template_projection,ridge_10,4006,300.0,110.0745208449423,49.0,40.382236837487056,3.0,6.595411902010035,33.0,35.82248893454649,4.0,-9.859043877628835,5.0,6.730190091367859
template_projection,ridge_10,4007,900.0,620.7508930648312,11.0,41.00345310378708,22.0,12.005118605010825,78.0,67.15863442155586,71.0,70.41929811986071,82.0,102.41979864824259
template_projection,ridge_10,4008,1100.0,1071.6116588155269,174.0,170.34257573294155,24.0,25.26195909033261,27.0,26.3003524255267,58.0,74.5435630173196,112.0,101.57152789484843
template_projection,ridge_10,4009,800.0,417.9175858519736,191.0,170.95247994840955,2.0,11.021639586783671,32.0,36.53254084422075,106.0,73.21787589617463,106.0,113.63167470620293
template_projection,ridge_10,4010,400.0,320.46139859329685,38.0,39.325201525676526,5.0,4.979181743748091,39.0,37.181422112830546,10.0,5.674068796698194,17.0,21.40518660277698
template_projection,ridge_10,4011,500.0,601.1110175954317,40.0,42.59878891781274,15.0,14.940840055335375,45.0,43.619990808279155,22.0,42.73904909261581,82.0,66.56370304233477
template_projection,ridge_10,4012,100.0,44.337147026252296,48.0,53.693660922660364,2.0,-0.7857129189617584,8.0,10.327937514001576,17.0,7.67378950506982,17.0,26.796885621204993
template_projection,ridge_10,4013,500.0,516.2290993873111,63.0,63.736168621722726,5.0,4.9323458261012405,20.0,20.75255223441575,52.0,39.37618686274667,52.0,59.22099232214586
template_projection,ridge_10,4014,1600.0,1592.4488343894327,2.0,2.708347021935346,3.0,4.370125693854998,55.0,56.38993293553646,85.0,85.02476900501999,110.0,104.60955929917473
template_projection,ridge_10,4015,900.0,1189.7038041317196,122.0,115.29879642583629,14.0,8.631912365791528,27.0,24.955433488677063,83.0,101.8831480674046,93.0,123.87300860326282
template_projection,ridge_10,4016,2200.0,2318.4165664305065,2.0,2.1244920624312726,20.0,19.800168948498523,115.0,111.4888832009637,223.0,200.12778479044675,227.0,244.1958961987149
template_projection,ridge_10,4017,400.0,891.5043638466215,34.4862,37.22339510588556,9.0,3.375252141434375,31.0,32.38136336038647,8.0,19.990925431763884,26.0,30.26794590449343
template_projection,ridge_10,4018,1700.0,1836.832261420904,2.0,-2.167596873600189,4.0,8.1504788918078,112.0,118.6122042770271,182.0,138.98344952569113,182.0,189.71852424554461
template_projection,ridge_10,4019,600.0,605.7639024933562,107.0,104.18386508518404,7.0,6.703056073602504,31.0,29.512234963238033,50.0,41.031829279497416,50.0,62.78275914874806
template_projection,ridge_10,4020,600.0,695.5963520370292,30.0,27.28920826483958,12.0,13.037764423038219,29.0,31.498361023438363,37.0,71.86250268220277,131.0,103.82059487421051
template_projection,ridge_10,4021,700.0,563.284139496071,38.0,-2.4882517885339297,20.0,40.624384015796714,39.0,48.73296979200458,30.0,23.038487382297497,84.0,64.22118268103682
template_projection,ridge_10,4022,500.0,352.05391966957654,68.0,60.87007792540688,2.0,2.902336887745271,12.0,13.991775347564278,9.0,8.043057987577129,9.0,12.862857473895176
template_projection,ridge_10,4023,300.0,772.7406509591804,70.686,83.50057299887011,11.0,5.313853474122363,16.0,7.260660592367401,22.0,53.443758512079455,62.0,64.35515463714052
template_projection,ridge_10,4024,1900.0,1934.4563481251914,2.0,3.7931626484652057,2.0,4.422095861696585,38.0,46.20927238327055,313.0,260.711619951495,313.0,329.45271704463306
template_projection,ridge_10,4025,100.0,618.5153765670846,54.0,90.48020797557767,2.0,-10.168416561073373,31.0,19.180680748017018,8.0,21.71168858865692,17.0,3.084663799624977
template_projection,ridge_10,4026,9000.0,7660.811986586476,59.0,28.799121213407556,6.0,19.824255326922767,44.0,57.32458362368371,74.0,126.20342986912692,74.0,17.393686764223474
template_projection,ridge_10,4027,900.0,1234.0945596059516,194.0,158.3131422540504,5.0,19.803889672735508,34.0,39.671777282195734,115.0,116.83914140076568,166.0,151.82186811397168
template_projection,ridge_10,4028,800.0,763.0662396523207,51.0,49.308733149688095,18.0,16.74089070848957,41.0,39.285144649910364,20.0,20.873745314995098,20.0,29.514998578323315
template_projection,ridge_10,4029,1500.0,1256.1463316380523,2.0,11.16441215819053,17.0,23.290719619937036,104.0,116.15458186571632,58.0,69.11791182616682,161.0,109.09966608473357
template_projection,ridge_10,4030,900.0,1063.7872145048793,2.0,5.515216210582707,1.0,1.7222560036261765,87.0,85.13216142818256,29.0,44.671185345579325,76.0,60.75476532723273
template_projection,ridge_10,4031,1300.0,1432.3072119816823,16.0,39.340256020668676,35.0,24.780612950072516,46.0,44.0730304936516,75.0,78.56589892500605,75.0,81.41313749296016
template_projection,ridge_10,4032,1800.0,1731.6939629240173,24.0,19.599151105943612,17.0,18.39400310161246,52.0,50.51637528869376,147.0,120.61358345021168,126.0,145.3026110254513
template_projection,ridge_10,4033,1000.0,1124.0224747100635,119.0,125.91944079150487,20.0,19.56190761078927,48.0,48.41915482585749,195.0,159.2296947398371,195.0,215.38677410508166
template_projection,ridge_10,4034,1500.0,1539.5801267912484,2.0,1.381173299530495,7.0,9.070097925622541,78.0,76.8066478654211,73.0,103.88001453258309,160.0,135.53889290996185
template_projection,ridge_10,4035,700.0,773.3408299760192,27.0,29.788996712791775,6.0,6.747115545653136,35.0,34.43568999997257,21.0,35.81346975042809,67.0,52.75610370412816
template_projection,ridge_10,4036,700.0,1249.178262077921,5.0,27.069276140909757,30.0,11.329011693116133,90.0,86.3352152006735,70.0,120.23854763883683,130.0,157.22102862756006
template_projection,ridge_10,4037,1100.0,1071.8559604026834,58.0,59.723294393172345,3.0,4.765413972171899,24.0,25.333027323099582,146.0,121.71061139483362,151.0,159.094116558884
template_projection,ridge_10,4038,1300.0,1316.6064178048046,68.0,66.01431109263184,13.0,12.970582314509686,42.0,42.19314596254133,120.0,94.02342865075752,102.0,121.6688182141296
template_projection,ridge_10,4039,600.0,538.6920485082914,54.0,50.95429838982612,15.0,15.702350171882777,16.0,18.202069071412403,13.0,7.9294751222189035,14.0,15.619057761430469
template_projection,ridge_10,4040,1100.0,1083.2640642108795,66.0,67.474751795494,25.0,23.13782283126383,57.0,55.90176002114448,33.0,32.605166818078935,37.0,44.806926039535895
template_projection,ridge_10,4041,600.0,518.0618844259284,148.0,142.11777425530028,8.0,8.689109292857172,27.0,28.868633084770487,45.0,47.91417394899516,70.0,70.48345454621752
template_projection,ridge_10,4042,1400.0,1474.717730091701,36.0,34.72190628267154,28.0,26.90273630898167,84.0,80.61378784503351,90.0,87.45439995565017,100.0,112.49691061330265
template_projection,ridge_10,4043,800.0,1376.4927779999912,125.0,125.52053939064065,3.0,-8.62092082239934,12.0,28.263622661000255,49.0,38.91597850671736,49.0,65.24189697922404
template_projection,ridge_10,4044,1400.0,1455.5320567252486,8.0,14.8692457981075,22.0,18.98608003580668,49.0,48.23499185802867,73.0,80.57772693892464,104.0,102.4082031318492
template_projection,ridge_10,4045,1000.0,1041.5423932143976,55.0,55.095888712547875,13.0,11.980550422097629,39.0,39.772841260123066,74.0,75.63425385077872,101.0,101.13004276599604
template_projection,ridge_10,4046,800.0,664.4524564366244,19.0,34.98556836488558,11.0,9.070112537354639,44.0,45.66654539504783,14.0,7.549557547045538,14.0,11.121644466271135
template_projection,ridge_10,4047,2800.0,2786.8465138979236,11.0,15.260551143759585,50.0,46.51534418493138,105.0,104.24536314226494,194.0,186.19111442136767,215.0,225.8719078078764
template_projection,ridge_10,4048,900.0,1055.6469760993352,66.0,70.1554659267411,16.0,15.64711403488007,42.0,41.52766760205329,73.0,85.19287194933494,134.0,121.36686904401706
template_projection,ridge_10,4049,1500.0,1471.1777276266462,2.0,3.196602690606511,2.0,3.945943425447556,80.0,77.86790334276574,72.0,60.86191296413915,72.0,74.08486450601802
template_projection,ridge_10,4050,1300.0,1509.6820808230686,27.0,31.439622535096117,38.0,36.110920043338574,120.0,116.87096252649962,106.0,136.20508175546277,207.0,192.4753651709264
template_projection,ridge_10,4051,300.0,270.5941745277112,77.0,75.01461372419364,2.0,3.1082715426029104,29.0,31.2156647599704,33.0,41.428968888950585,82.0,72.69097642567164
template_projection,ridge_10,4052,500.0,-359.98301181842066,68.0,78.16552936891681,2.0,-20.35747461794461,14.0,11.851567977949507,12.0,23.41373319127468,12.0,59.042101028414066
template_projection,ridge_10,4053,1400.0,1622.4214076637938,3.0,5.621662471607699,21.0,18.90743873726546,67.0,75.30421954876607,72.0,97.99596784525113,139.0,117.19934708185339
template_projection,ridge_10,4054,1500.0,1940.10142372209,71.0,93.26847880108855,22.0,9.171660608724533,49.0,35.30849559599726,60.0,119.38011354662711,145.0,137.75567471725032
template_projection,ridge_10,4055,800.0,1376.5373864828248,43.0,47.26694261755957,6.0,5.057449081968366,40.0,40.558636117856835,22.0,28.04271924739448,43.0,25.329495506099022
template_projection,ridge_10,4056,1100.0,1084.3944104548711,4.0,7.347054376164323,2.0,1.0134873669182554,45.0,51.2083793146477,109.0,87.71498451676067,109.0,116.48915272068155
template_projection,ridge_10,4057,1200.0,1171.9848053689561,15.0,19.891561750059317,2.0,2.074885249682268,33.0,35.81801258461525,85.0,92.46561276553663,132.0,118.75661443979297
template_projection,ridge_10,4058,1500.0,1550.2135011899018,88.0,101.56591473416671,34.0,30.10858735527981,48.0,51.01559033092655,189.0,164.303208187902,201.0,216.7961908029538
template_projection,ridge_10,4059,300.0,373.20130039562025,91.0,96.96498071959715,3.0,-0.6009856142980201,13.0,6.5837655054193505,10.0,51.92227721331943,86.0,75.97811487128547
template_projection,ridge_10,4060,1600.0,1415.7993589301134,92.0,87.98476783435412,15.0,17.862906031782874,49.0,48.74531320763227,144.0,155.30604187364503,238.0,205.02699299191994
template_projection,ridge_10,4061,2300.0,1929.818960637058,2.0,31.617319653954784,60.0,54.567478664720454,105.0,96.43487417932496,131.0,192.41419755381855,285.0,260.3195738543608
template_projection,ridge_10,4062,200.0,330.3930803060291,56.0,59.36337317471611,2.0,3.1746167492648034,13.0,15.817821384621261,17.0,9.833632780660437,30.0,23.853059720652624
template_projection,ridge_10,4063,6600.0,6248.889950531595,2.0,-12.248354606413187,16.0,29.721837726245788,132.0,125.08693590292955,242.0,240.2572613720317,242.0,227.66283324305064
template_projection,ridge_10,4064,1500.0,1087.2732974839835,2.0,33.99917667251799,2.0,-6.069121523671557,87.0,82.7908143248623,129.0,127.39875533911814,168.0,179.05198311060195
template_projection,ridge_10,4065,2300.0,2011.2047585037415,3.0,2.7782397716814984,24.0,24.080393320135478,98.0,99.26032328426956,135.0,131.9543127824801,153.0,157.69980219750687
template_projection,ridge_10,4066,700.0,603.4334712574757,2.0,-0.7639940791057569,2.0,2.9507812743037256,31.0,29.76099091930909,29.0,22.787192653804794,29.0,35.20200182903288
template_projection,ridge_10,4067,300.0,213.52439916480716,96.0,101.7615825095853,10.0,8.794638712187297,21.0,23.60843477322694,11.0,25.26143054116043,65.0,55.247639937493126
template_projection,ridge_10,4068,500.0,704.5347135043515,165.0,156.9831769580237,11.0,18.72283243697988,16.0,21.077734375906363,40.0,60.29712690935584,103.0,71.20751146456561
template_projection,ridge_10,4069,400.0,399.6478430551573,54.0,79.1499164167223,11.0,-1.200956679737919,23.0,11.561266100415196,5.0,18.487822765937416,9.0,20.406487882748692
template_projection,ridge_10,4070,600.0,590.9134555824256,119.0,118.38829978642478,5.0,5.6056369718157395,30.0,28.21026242376977,20.0,34.79728915706042,65.0,56.53307520088658
template_projection,ridge_10,4071,700.0,914.6656723718186,2.0,8.772267256359974,2.0,-4.452027358208399,80.0,75.47011875682692,53.0,73.80565606863998,116.0,115.95028953000309
template_projection,ridge_10,4072,1500.0,1445.2357517675723,15.0,17.770636728733898,3.0,3.66937074196108,4.0,9.69017013248478,83.0,96.81255694390327,134.0,114.49986541441865
template_projection,ridge_10,4073,2700.0,3255.9246346560158,6.0,37.67443624541475,129.0,119.07227707126253,80.0,87.8143393482319,550.0,530.9583209380205,701.0,697.804105315288
template_projection,ridge_10,4074,900.0,1453.071962586194,259.0,245.61819064189945,3.0,-15.65435804794368,23.0,23.218715101657722,114.0,131.34025670893828,114.0,151.88555219841808
template_projection,ridge_10,4075,700.0,629.6219938316614,50.0,43.914149956184225,8.0,8.733339139089516,48.0,47.32962238130884,19.0,21.619472810833805,32.0,36.21336279352788
template_projection,ridge_10,4076,800.0,827.9711477377106,42.0,41.67213284786174,2.0,3.2430115259520083,31.0,30.57529703846518,50.0,40.516347554759655,50.0,54.80391799535749
template_projection,ridge_10,4077,1600.0,1617.4542539105287,118.0,118.7769743999097,50.0,47.42005228764474,70.0,68.97947969197125,75.0,98.66868561554384,139.0,131.70751868628471
template_projection,ridge_10,4078,1300.0,1264.8437243647452,136.0,124.79813982751841,12.0,18.864797465641892,23.0,25.71129432569492,175.0,143.0937323925916,175.0,185.51099834404295
template_projection,ridge_10,4079,200.0,217.02055836768875,82.0,81.46020728395978,2.0,3.5095511278308216,18.0,20.088728426162458,29.0,29.70418870005306,61.0,53.27274489675704
template_projection,ridge_10,4080,1200.0,1019.718907241434,13.0,15.509838194356888,2.0,1.147462556828092,41.0,39.641351564913634,30.0,29.882729639829527,30.0,36.763861201697424
template_projection,ridge_10,4081,500.0,463.617123636952,46.0,47.18462370209474,2.0,2.502915144433519,20.0,22.455145478763793,9.0,16.891645617204247,40.0,30.389348892168655
template_projection,ridge_10,4082,600.0,591.2498731774455,7.0,10.309202010447898,20.0,18.25871818952372,65.0,63.32890111363352,15.0,14.25858678816111,24.0,29.674859483540146
template_projection,ridge_10,4083,700.0,796.2916435681672,94.0,102.0197683755828,3.0,3.875520435623516,27.0,28.691519601940687,43.0,84.95867482900445,162.0,120.85812701569608
template_projection,ridge_10,4084,2700.0,2720.0419596469337,107.0,99.68431785371591,55.0,53.00354773747935,92.0,89.67671167753798,244.0,226.5227010497198,246.0,276.1744624726528
template_projection,ridge_10,4085,400.0,403.76684984284907,82.0,80.34043284697418,2.0,2.759983919440865,31.0,31.678871015118897,19.0,28.20954468426813,58.0,50.448467896939896
template_projection,ridge_10,4086,2000.0,2103.5578717496373,163.0,157.35896293908962,3.0,1.9553163609477497,24.0,24.27918865773231,147.0,153.39680779888872,158.0,160.31723447141349
template_projection,ridge_10,4087,1400.0,1588.2932769958418,10.0,16.117962432557675,38.0,31.047003302633875,75.0,70.46508214978356,120.0,67.87838215911734,35.0,87.90194108320145
template_projection,ridge_10,4088,900.0,773.6929231227139,79.0,77.11118800355558,7.0,8.455490846986676,26.0,26.888462669398205,28.0,21.0202067868859,28.0,30.638667126916843
template_projection,ridge_10,4089,200.0,180.15010735953,60.0,57.59137306476626,2.0,1.5770170302869353,3.0,5.68145873086371,3.0,6.496743586577281,22.0,19.05413568376683
template_projection,ridge_10,4090,400.0,242.3452345893046,117.0,145.95075392874605,2.0,0.9732787112911119,2.0,9.011987925223508,32.0,20.88693907472286,32.0,14.305364867440503
template_projection,ridge_10,4091,1500.0,1530.0984577609333,7.0,4.239717976283295,8.0,11.289471986753801,68.0,74.14739527735115,112.0,98.71689279509384,121.0,126.81559051200539
template_projection,ridge_10,4092,600.0,696.6258666834076,70.0,68.11996575626819,2.0,-4.434180702277702,36.0,24.726086290418273,41.0,50.18330891441798,41.0,71.92191396036799
template_projection,ridge_10,4093,1100.0,1375.8566459302847,247.0,252.3362627373391,56.0,57.805046499938584,38.0,47.87292978706038,143.0,179.3287796869696,295.0,251.9063453400452
template_projection,ridge_10,4094,1800.0,1739.9994374246894,2.0,-17.684281028165344,5.0,10.057794024800712,38.0,48.47868166093079,113.0,102.67740600179862,113.0,114.22119151242887
template_projection,ridge_10,4095,2100.0,1921.6616144807322,105.0,98.76259789321216,24.0,27.33966444599691,53.0,56.7396973689165,144.0,152.72094511381215,196.0,185.0464355107498
template_projection,ridge_10,4096,6000.0,5502.667601108324,11.0,1.59448961815459,32.0,37.32682637352607,109.0,110.8406009708566,166.0,190.10517412947652,190.0,168.69411297160065
template_projection,ridge_10,4097,2400.0,2477.6440556212983,7.0,11.206240557399695,7.0,7.199777090858438,81.0,76.44447670473885,121.0,115.53097699323274,121.0,123.81539141569925
template_projection,ridge_10,4098,1600.0,1393.091627756121,5.0,14.688761782179093,54.0,50.94418156777159,86.0,82.32052764834198,92.0,106.15113543162803,140.0,141.27687663233155
template_projection,ridge_10,4099,400.0,348.3696065721447,63.0,72.12797217866293,2.0,-0.2693683076094491,7.0,13.53177081452116,8.0,-12.092396379402402,8.0,5.1806978452106165
template_projection,ridge_10,4100,900.0,782.4840179118589,247.0,234.17293949679433,23.0,24.70997840097354,14.0,14.108827477622519,53.0,45.94755409502188,53.0,65.57120613111786
template_projection,ridge_10,4101,800.0,812.2869794949668,106.0,106.36714559157488,6.0,5.089410214113084,41.0,39.85098451059885,24.0,42.54460645854262,66.0,58.09931603488599
template_projection,ridge_10,4102,400.0,1391.8222604614748,79.0,106.57964508896586,2.0,3.934165256581199,17.0,-15.116242254210242,9.0,25.963518479631382,30.0,48.9287972658737
template_projection,ridge_10,4103,500.0,538.6091736087764,112.0,107.18864875739627,6.0,7.547829031606323,45.0,44.95318952439544,28.0,19.864653394328656,28.0,34.210352335471754
template_projection,ridge_10,4104,500.0,456.30937022252874,110.0,105.95373328484106,2.0,2.3571043320208744,30.0,29.9558990859286,49.0,36.80233187688714,49.0,59.76018831075245
template_projection,ridge_10,4105,2400.0,2274.8392020524825,97.0,91.57342964834538,56.0,50.55634898389925,120.5111,147.1858793712352,341.0,274.80219071482577,349.0,408.054821657909
template_projection,ridge_10,4106,800.0,644.8538340841014,193.0,184.20565575972228,12.0,13.645410009701578,13.0,13.46188148406349,37.0,43.54333494447957,69.0,67.79450785797809
template_projection,ridge_10,4107,500.0,571.6531117862506,62.0,63.432637605564295,3.0,0.9248886889000492,49.0,46.342653918488324,9.0,14.85046307985769,25.0,29.36579037925341
template_projection,ridge_10,4108,700.0,559.2272493496273,21.0,22.520498652575554,3.0,2.7410766348662143,30.0,32.567138890996226,50.0,37.13101057786707,46.0,51.885607968932845
template_projection,ridge_10,4109,800.0,593.8600992682747,118.0,112.3826133571494,18.0,16.85467449584652,45.0,51.31935817451537,88.0,112.52532954707011,164.0,150.61873606414062
template_projection,ridge_10,4110,700.0,416.8403051401216,150.0,151.68809428624166,12.0,13.64583856517148,22.0,27.592929502556085,46.0,74.5336189643655,147.0,115.37333128407262
template_projection,ridge_10,4111,2000.0,2023.662443155115,164.0,171.86644131045858,23.0,16.95579026741272,36.0,33.402614348609234,203.0,176.07466439061713,203.0,234.86426131971078
template_projection,ridge_10,4112,300.0,358.9895134615442,53.0,57.604323734694525,10.0,9.549974531697412,21.0,22.345249441833218,24.0,41.71932197132813,87.0,69.86053818500363
template_projection,ridge_10,4113,400.0,402.39772222973784,108.0,106.71756147021753,6.0,3.6246478913617803,23.0,22.38496074431819,11.0,18.910205162666628,30.0,34.3769913890104
template_projection,ridge_10,4114,2600.0,2361.6978634257925,9.0,9.880063592221632,23.0,23.185620498966923,65.0,66.20138476442573,108.0,103.49385285757394,108.0,110.83244147791879
template_projection,ridge_10,4115,600.0,387.0073522326371,127.0,148.31519614132034,2.0,-0.4223630193065677,16.0,11.473776912790534,16.0,5.793556172224953,19.0,8.990291968936432
template_projection,ridge_10,4116,600.0,717.9184226352518,34.0,30.5914376063839,13.0,13.115903443026484,79.0,74.57399167844899,69.0,84.79119916314613,135.0,131.2853445920414
template_projection,ridge_10,4117,1700.0,1816.0210978215077,30.0,40.906115002158046,79.0,70.86436494141222,72.0,68.52048668712186,71.0,65.81120110727404,60.0,81.40193772702227
template_projection,ridge_10,4118,300.0,390.769011371078,70.0,73.4793634726898,2.0,2.053606703732216,30.0,31.32060367974267,29.0,74.15796894158201,150.0,113.8666297570705
template_projection,ridge_10,4119,1000.0,1015.0573630808369,37.0,36.634423300618835,22.0,21.146534070192295,49.0,49.9129207317259,57.0,70.38004642443359,106.0,100.01366658674148
template_projection,ridge_10,4120,500.0,823.5737163934139,66.0,105.05111325605309,3.0,-23.913550946883774,12.0,0.2664599217424666,58.0,78.48360037492404,48.0,101.69391754694873
template_projection,ridge_10,4121,2100.0,2466.122962702165,58.0,65.86052735289311,78.0,73.75543975378388,163.0,155.5009936707353,339.0,324.44471892580043,416.0,438.5341825711529
template_projection,ridge_10,4122,1000.0,882.3240588959702,100.0,85.28676204432239,20.0,23.479300110304536,67.0,64.41931014809133,85.0,70.54293277968026,85.0,103.42855883699178
template_projection,ridge_10,4123,1800.0,1981.3326321660152,6.0,36.237547010056375,50.0,45.72871015849142,107.0,103.35335329207778,111.0,80.64313010740243,104.0,108.39176758564336
template_projection,ridge_10,4124,1700.0,2380.3736380164078,16.0,19.324871147451276,14.0,2.781570910645865,84.0,81.86729237890023,262.0,239.61271035920785,262.0,311.6646359374646
template_projection,ridge_10,4125,800.0,981.16357173996,7.0,13.232682301245589,17.0,13.059001359872909,87.0,82.82979286751575,30.0,47.15336762134364,77.0,77.68740594733333
template_projection,ridge_10,4126,1800.0,1677.2967631334027,3.0,-0.05137931218490621,7.0,6.936921342173479,68.0,68.38769782499668,38.0,42.95598649820739,48.0,47.06892157565591
template_projection,ridge_10,4127,700.0,706.0762473788461,55.0,50.273583592349006,3.0,4.446223681219802,57.0,57.459592494936096,56.0,65.63399395765121,107.0,100.34085575285891
template_projection,ridge_10,4128,1100.0,1003.4601037606126,32.0,28.871422355169422,7.0,7.6386251942959476,36.0,36.07930231303584,18.0,17.11280567048017,18.0,21.4264246001311
template_projection,ridge_10,4129,3200.0,3933.098204050505,8.0,16.275741582867845,92.0,93.80417640579397,92.0,75.99211857649912,166.0,163.65789590723637,164.0,173.35070190720785
template_projection,ridge_10,4130,1400.0,1422.098621874168,53.0,51.208074945141846,2.0,3.6076062853524995,43.0,44.2843073560348,186.0,155.59501469746363,186.0,200.44655496499632
template_projection,ridge_10,4131,500.0,520.3377099828948,24.4188,26.20517335864749,12.0,10.00538136791944,29.0,34.177373922666035,28.0,30.21572538776134,63.0,57.608862826084156
template_projection,ridge_10,4132,4100.0,3166.5640504881458,3.0,10.27269547085875,86.0,83.74620900738614,80.0,80.12492053368814,246.0,228.08123556759514,264.0,286.47198682945657
template_projection,ridge_10,4133,4100.0,3956.7212943454824,2.0,-23.91082183400482,9.0,15.83208722310054,194.0,191.17747322140863,402.0,380.3567982498168,471.0,490.04606608007794
template_projection,ridge_10,4134,300.0,401.5237242602702,75.0,75.84303547330029,4.0,3.5853061557626944,20.0,19.828528861817986,17.0,15.008074475073869,28.0,29.041764552199368
template_projection,ridge_10,4135,4700.0,4259.036000779805,13.0,-2.615961839742333,24.0,28.336181745793866,104.0,102.2864839064385,210.0,203.76295291254328,210.0,215.85299667174786
template_projection,ridge_10,4136,1800.0,1761.4866919788224,40.0,44.91230185031345,40.0,37.115581717459364,74.0,71.96336315913223,192.0,148.39048955766143,157.0,192.77195247381272
template_projection,ridge_10,4137,300.0,285.5701639032171,75.0,75.719740019704,8.0,8.09473470761958,20.0,18.495964085090275,3.0,-0.1655934108736261,7.0,9.32058098698269
template_projection,ridge_10,4138,100.0,129.4305147186451,77.0,76.75738810694136,2.0,3.0044475034814973,11.0,12.841528251103654,9.0,18.43264771817396,52.0,40.710126600036986
template_projection,ridge_10,4139,1400.0,1511.6672451924078,53.0,51.3609374144296,22.0,28.44265949749101,86.0,84.09486873417285,55.0,75.73950313259215,130.0,108.2530262470463
template_projection,ridge_10,4140,1200.0,2456.1424262467235,141.0,147.13750069778786,39.0,27.99412825107262,29.0,41.6661574274477,87.0,247.4359845736607,400.0,298.2973159959131
template_projection,ridge_10,4141,1500.0,1645.65147317159,104.5,101.81420243655322,6.0,8.038755471302643,41.0,43.40010370268847,135.0,141.66311939108084,186.0,169.92445813551674
template_projection,ridge_10,4142,300.0,375.34163933166326,60.4044,63.93241771581748,3.0,-0.6603680919849442,17.2452,18.5559598498426,13.0,12.918259797809455,17.0,20.304925586138538
template_projection,ridge_10,4143,500.0,526.257764237807,52.0,48.21040101487949,20.0,19.551272458584855,21.0,20.412455698083523,14.0,9.981025072049306,14.0,21.389116510206236
template_projection,ridge_10,4144,1400.0,1189.1966534097207,236.0,223.3669074520046,2.0,8.08719656470856,21.0,22.974243564689633,95.0,93.83533258923948,126.0,120.35599611384507
template_projection,ridge_10,4145,1000.0,1300.9362610330963,59.0,75.8202507542152,27.0,23.11364463703319,80.0,77.9879366289667,108.0,155.59995123877195,252.0,217.265119413841
template_projection,ridge_10,4146,400.0,1445.2047944885155,61.0,67.16229881311467,2.0,-3.361590154008452,24.0,30.043710188879007,20.0,36.94696716855825,20.0,-9.840455071473826
template_projection,ridge_10,4147,1100.0,1023.37986905872,87.0,77.60027261299182,2.0,5.6636259445645845,58.0,56.66594313753762,80.0,86.93059030985172,122.0,118.34878016090092
template_projection,ridge_10,4148,800.0,804.1600213146684,121.0,117.83034886007856,17.0,16.54934477875977,10.0,13.950575274785066,35.0,33.686052516356746,46.0,46.46851414781867
template_projection,ridge_10,4149,600.0,214.62520288700307,4.0,-9.581175529541198,2.0,9.970658850826538,67.0,66.14442139609257,14.0,16.96817583432518,42.0,26.35615629352361
template_projection,ridge_10,4150,1300.0,1449.5678159212193,26.0,33.31309460966936,25.0,19.703782380588745,45.0,46.449174604962565,36.0,50.15713303259573,64.0,58.40654773348761
template_projection,ridge_10,4151,200.0,288.0077483002317,30.0,30.615331048792225,8.0,5.509574186284629,26.0,24.92616909001985,6.0,4.055741130156122,6.0,16.165073121657684
template_projection,ridge_10,4152,500.0,485.97105771450504,43.0,45.84911945835849,2.0,1.870467349895586,2.0,4.581387263815806,36.0,25.255662379690598,36.0,38.16294883560762
template_projection,ridge_10,4153,1000.0,1097.592100579608,1.0,2.7791384694591628,17.0,16.28194294981764,52.0,51.81091011559409,22.0,35.5229190840675,58.0,50.51008208827238
template_projection,ridge_10,4154,400.0,353.03714557936723,89.0,86.99032687240137,6.0,6.834900606640179,8.0,9.899437730447062,14.0,8.661841731699155,20.0,21.313159398245148
template_projection,ridge_10,4155,3500.0,3422.405277912193,2.0,-3.4342166664737803,17.0,17.783455781985403,102.0,105.24426674587181,236.0,224.94420247668634,251.0,256.82821109203314
template_projection,ridge_10,4156,400.0,1372.649270429878,184.0,197.0848766353854,2.0,-8.004931462143938,13.0,23.017026370272802,15.0,5.430529199947145,16.0,12.770829170626953
template_projection,ridge_10,4157,2800.0,2715.659591361212,4.0,10.283769319737736,60.0,53.85653250983568,103.0,102.92240819006227,116.0,136.55418165403944,152.0,155.14972948209527
template_projection,ridge_10,4158,600.0,577.0046817945159,146.0,139.35838982008676,2.0,5.68940025460622,17.0,19.62688060532536,39.0,38.816735653834186,66.0,56.61560573696487
template_projection,ridge_10,4159,600.0,671.6254475497033,31.0,33.883373646674826,4.5696,5.7105924812318385,43.7289,42.40033870239407,45.0,41.15409119093196,64.0,59.223620890254296
template_projection,ridge_10,4160,800.0,845.2987504074513,69.0,66.29741795218922,15.0,13.455556118306905,45.0,40.052555811532756,64.0,74.51989021659583,100.0,112.88608909415261
template_projection,ridge_10,4161,3500.0,3648.510620283202,1.0,19.249637797786278,123.0,108.66888981852028,141.0,137.44732583673238,222.0,230.45413741721578,252.0,275.2558640162846
template_projection,ridge_10,4162,700.0,710.4654864269136,49.0,51.70709144099939,4.0,1.7100029252088582,41.0,39.31433676810356,58.0,65.19064954512501,91.0,94.04166542388886
template_projection,ridge_10,4163,2900.0,2984.7130409309148,5.0,23.42952947847894,53.0,45.287335778324355,108.0,108.15514828651153,163.0,151.52585509296614,171.0,178.06041190324942
template_projection,ridge_10,4164,2600.0,2419.9525551192255,2.0,9.080640058353445,20.0,18.043369762142177,46.0,48.57910917050177,145.0,135.3321581734753,145.0,151.85538059384896
template_projection,ridge_10,4165,700.0,735.0754038948314,3.0,7.5900633319418915,2.0,1.5657115319299333,38.0,38.385766714000454,44.0,46.24922724482014,70.0,66.79129769212642
template_projection,ridge_10,4166,600.0,736.0893585694093,21.0,19.651935044401135,11.0,13.576592330349847,68.0,64.5667070253929,47.0,50.02644339371251,74.0,66.68911775828172
template_projection,ridge_10,4167,1700.0,1602.6890909560084,216.0,204.2661148079545,8.0,12.263163281842052,25.0,26.819001554973568,170.0,148.51883901653312,175.0,186.46437091624057
template_projection,ridge_10,4168,800.0,619.6069071853619,171.0,176.72827291986113,3.0,4.7220230300468575,11.0,17.253230449987548,69.0,70.30106963704094,122.0,105.86205016158137
template_projection,ridge_10,4169,500.0,-794.8513057415787,20.0,31.972584863024615,6.0,14.38618261283413,43.0,52.154825158301826,27.0,-3.0656171180941243,54.0,34.573891048864695
template_projection,ridge_10,4170,500.0,449.6598703489758,87.0,87.38020592136272,13.0,14.209393918132434,32.0,31.911713876765432,7.0,-0.4359008494982106,8.0,9.640740157191658
template_projection,ridge_10,4171,2200.0,1659.4610833686013,21.0,26.287040477333562,39.0,34.18151742084776,65.0,65.81434522504705,56.0,71.27660278764327,86.0,101.59988995282285
template_projection,ridge_10,4172,1900.0,2011.5967567875678,10.0,11.320798303551257,5.0,3.791241555603678,102.0,102.417023183298,237.0,202.51182342162122,237.0,256.16784284438353
template_projection,ridge_10,4173,500.0,425.62765729209184,76.0,74.38492552806757,1.0,1.1120292498733928,26.0,29.643172792913322,38.0,28.707745933631536,43.0,46.00346450244622
template_projection,ridge_10,4174,700.0,627.6526369871154,154.0,150.03432408591217,6.0,9.005248176771497,21.0,18.2470943649215,36.0,28.186493718397138,36.0,41.03578453753407
template_projection,ridge_10,4175,300.0,296.37902453877575,44.5536,45.7465356353669,5.0,2.7935866797106215,21.0,20.799761402564908,10.0,6.11895926097624,10.0,18.04182049669437
template_projection,ridge_10,4176,800.0,915.1192298404392,6.0,9.402152023746098,15.0,14.067598670293302,80.0,77.68858954471108,34.0,49.47113048620858,84.0,74.74723501632258
template_projection,ridge_10,4177,300.0,299.8380041564577,38.9844,58.27426824673539,12.0,3.6426255568141173,12.9339,12.344041839827554,11.0,16.105575141792535,14.0,20.981771848573047
template_projection,ridge_10,4178,1000.0,810.8812129923343,39.0,29.618888525177876,9.0,16.06119629103299,87.0,87.25167252074692,117.0,110.30356064846552,182.0,169.4580774148029
template_projection,ridge_10,4179,1000.0,740.1356397336332,187.0,177.17030365158467,5.0,-1.0474516697029355,20.0,15.428139202304045,167.0,145.02360692097741,167.0,212.81525602578114
template_projection,ridge_10,4180,400.0,424.2187800888606,72.0,70.94645067420987,6.0,4.723648489275382,11.0,10.507832637581629,8.0,10.35750481832126,19.0,20.150499565615775
template_projection,ridge_10,4181,3200.0,3411.2457079244996,17.0,23.789621920746434,94.0,88.60395432685714,149.0,142.32367045044236,199.0,212.0609546811612,252.0,261.0213571595678
template_projection,ridge_10,4182,2300.0,2177.553398922167,12.0,12.98532382348344,30.0,28.416799230459425,92.0,93.34713977562228,127.0,122.26205157221409,141.0,149.83104767759116
template_projection,ridge_10,4183,300.0,590.1306520578165,62.0,86.7686547856429,4.0,-3.3932854063505484,22.0,28.14038351341814,12.0,14.896680068249367,44.0,31.60715837334793
template_projection,ridge_10,4184,1200.0,1381.6061976566868,39.0,62.16238856732385,18.0,12.001526510642561,56.0,51.95833266953345,214.0,194.2897607797604,247.0,259.5188201623282
template_projection,ridge_10,4185,300.0,198.26475097666457,71.0,81.97178538115055,3.0,3.4346683926940624,17.0,16.103592055978076,6.0,0.24464114453620311,19.0,12.021834645284898
template_projection,ridge_10,4186,500.0,595.2515112127044,82.0,80.31925776961037,4.0,8.67002230489289,55.0,64.60577747798078,36.0,45.825139070149504,127.0,85.2571464216945
template_projection,ridge_10,4187,1000.0,678.8592567594612,2.0,2.0253478877706,2.0,2.6729351835230286,59.0,48.43813646851368,24.0,48.151214508366564,85.0,81.69626893825148
template_projection,ridge_10,4188,1100.0,926.2714836104557,35.0,43.35200448993868,2.0,8.047593766037973,15.0,18.610476024016943,66.0,43.73182945540862,66.0,51.02301632365494
template_projection,ridge_10,4189,2000.0,1775.7226600186486,160.0,156.1613573190782,29.7024,32.485550516901625,57.8946,57.05556136458632,160.0,140.0051852346282,165.0,175.3807657030626
template_projection,ridge_10,4190,400.0,435.17619645315347,60.0,64.54187672038587,17.0,14.16988103340945,16.0,17.90805609561908,13.0,5.548531614889512,15.0,21.532355731301053
template_projection,ridge_10,4191,300.0,59.15542746136293,72.0,70.5759123627187,2.0,3.779202125961614,33.0,31.600806075600396,11.0,9.089928564372983,28.0,23.846003214729066
template_projection,ridge_10,4192,1200.0,1428.6870519201543,20.0,34.61899753784956,46.0,39.91889091805296,68.0,65.82471426288969,90.0,104.6565135476714,148.0,142.76084841504127
template_projection,ridge_10,4193,1800.0,1671.5367973811585,8.0,-3.428516778742164,5.0,6.986936013844058,95.0,93.01223630712138,40.0,62.659783657909614,85.0,71.31321644307647
template_projection,ridge_10,4194,400.0,447.6981476427071,32.0,34.80908287541992,7.0,5.978625989617534,7.0,5.938192480332482,10.0,6.541303645512187,10.0,14.296452252845668
template_projection,ridge_10,4195,1300.0,2004.5847132511078,132.0,103.36129273692674,15.708,21.037013969874987,56.0469,45.21008842095096,130.0,117.97871385159323,110.0,139.14453984396133
template_projection,ridge_10,4196,500.0,653.6186869376127,78.0,78.61633992090364,10.0,10.44346724722547,30.0,30.721233042679838,44.0,54.95035105696403,97.0,81.82641474780806
template_projection,ridge_10,4197,1100.0,1048.649815817821,105.0,97.25761874022754,2.0,6.570645638038918,46.0,45.077127067986915,113.0,110.78800338934587,152.0,146.83263978187188
template_projection,ridge_10,4198,100.0,-25.77896294373204,85.0,82.38492947592462,2.0,4.566522789934929,12.0,12.983584714530402,3.0,-6.309607278718161,6.0,9.185870367438454
template_projection,ridge_10,4199,400.0,785.4706907949349,91.0,101.83696878763011,23.0,17.964564720949166,94.0,89.84820979006017,288.0,241.593419190705,305.0,339.78944853243894
template_projection,ridge_10,4200,200.0,169.77514679646424,55.0,52.1544458946446,2.0,9.020761310307218,11.0,23.563658610165998,9.0,-16.17574147360253,14.0,-0.868911343630117
template_projection,ridge_10,4201,1600.0,1078.7542390006413,24.0,15.626548134428454,55.0,60.43851768865107,79.0,94.87829761209288,78.0,33.39074146128831,78.0,66.10732448016465
template_projection,ridge_10,4202,1900.0,1946.788624040547,48.0,56.37175638221422,29.0,21.846472632155656,60.0,59.24854988038567,73.0,81.9083090839232,94.0,100.39007845743367
template_projection,ridge_10,4203,1900.0,2203.692860038981,2.0,18.681543087465933,8.0,0.8441686343128918,106.0,99.83675977854062,182.0,172.46593354940237,196.0,212.1402242837229
template_projection,ridge_10,4204,500.0,400.0850354151696,40.0,40.3955209819032,2.0,-3.116628653663456,38.0,38.71088873318821,12.0,15.84221996206061,12.0,26.94704956923144
template_projection,ridge_10,4205,1000.0,840.6638889650102,65.0,80.82982521512523,2.0,-4.059823012248865,34.0,34.53666369810746,41.0,32.54757730540777,41.0,54.2658831624275
template_projection,ridge_10,4206,1500.0,1238.1622321647976,107.0,94.38654100590212,3.0,6.231049020531804,27.0,28.947780534182332,57.0,54.512608648967884,61.0,62.1904561692994
template_projection,ridge_10,4207,2800.0,3129.789301702237,2.0,7.170324342401152,16.0,18.31907072299323,97.0,111.52345390987739,293.0,261.1155195801535,323.0,316.9438466314882
template_projection,ridge_10,4208,3500.0,3629.4501420075485,2.0,31.730085863331837,100.0,87.28326385906529,137.0,128.12702980788717,207.0,215.19410057502853,237.0,251.05089568868425
template_projection,ridge_10,4209,3800.0,3719.801511134732,4.0,5.149748203171626,55.0,53.38175059021414,123.0,119.61812167816711,200.0,210.6034032994447,244.0,243.93877588776013
template_projection,ridge_10,4210,300.0,43.205427592589785,138.0,132.09900952057114,9.0,13.045416195522735,21.0,26.121177045262442,45.0,45.09209388778139,72.0,73.50227742989492
template_projection,ridge_10,4211,300.0,1284.1263208188957,76.0,101.25373721272828,2.0,6.241593509857291,9.0,4.40434166972733,18.0,84.58375796046755,174.0,91.72528400178281
template_projection,ridge_10,4212,500.0,737.8105372730016,48.0,58.56729799998159,7.0,-4.427259002435234,54.0,47.84708777410494,29.0,73.54158209737487,87.0,99.70192563229742
template_projection,ridge_10,4213,1100.0,1231.7472752631795,59.0,60.27678648982684,10.0,11.688827094885067,99.0,96.25101439049695,104.0,139.86327273570652,220.0,193.28289670221494
template_projection,ridge_10,4214,4900.0,4695.620810604752,2.0,1.6115629320449045,73.0,72.54938244466179,77.0,84.45239595122857,253.0,254.89854830590906,286.0,278.6879120749945
template_projection,ridge_10,4215,1200.0,1166.5524727280974,180.0,166.18685319330075,7.0,10.057108562994085,35.0,35.33680432554374,108.0,91.51464264023377,108.0,120.35306270496545
template_projection,ridge_10,4216,2400.0,2499.6602967113267,2.0,1.9865963773991666,8.0,14.265429539124465,94.0,93.99546374963634,116.0,137.29228840155753,186.0,162.36774692700746
template_projection,ridge_10,4217,1200.0,1524.3951454883663,12.0,29.025443923923273,66.0,61.7908114551806,69.0,69.13487668479922,274.0,256.5427933260806,341.0,345.48263956258825
template_projection,ridge_10,4218,400.0,388.47418655975014,74.0,76.77324758554005,7.0,3.55759705094013,13.0,11.634814675323994,22.0,18.984642258280672,22.0,33.108950474034
template_projection,ridge_10,4219,800.0,646.9407750723213,175.0,169.85164019280776,2.0,2.1984508049805047,31.0,33.30189319273572,54.0,50.01037927392004,68.0,74.40227045168997
template_projection,ridge_10,4220,600.0,729.5525633677148,17.0,21.722344436886964,11.0,8.065668449894249,56.0,52.85177793152791,7.0,13.613906418462108,20.0,24.754126886931402
template_projection,ridge_10,4221,1600.0,1749.1159613299078,45.0,45.43904323581525,42.0,42.917735858054215,61.0,66.16076182034703,193.0,165.71719527943537,212.0,219.53673895364687
template_projection,ridge_10,4222,2100.0,1948.612708783343,3.0,1.263013894308969,2.0,3.288169933176487,54.0,54.72349921832874,72.0,69.82402212642313,72.0,72.8571606278111
template_projection,ridge_10,4223,300.0,410.95891119564294,76.0,78.11812754524921,2.0,-0.7482276329543058,40.0,38.71800007427434,36.0,29.723401502737723,36.0,47.161075103898334
template_projection,ridge_10,4224,2400.0,2292.2939250996637,5.0,2.055541368290683,3.0,6.652317492389235,78.0,79.87938722961624,135.0,139.70148178084003,176.0,163.9099782045513
template_projection,ridge_10,4225,1400.0,2307.422544404264,165.0,164.38361558764268,10.0,-1.2264685986326587,25.0,14.438322514772793,184.0,191.82304684204354,184.0,214.69271264549099
template_projection,ridge_10,4226,1100.0,1051.740146933329,176.0,178.03241915049753,21.0,25.98227900978847,53.0,46.21703562316118,135.0,104.41636624042691,135.0,137.20303437760728
template_projection,ridge_10,4227,1100.0,1157.2674383536366,9.0,9.590566015220723,3.0,2.4216854945740014,67.0,65.62756782356107,59.0,57.54871040282444,71.0,75.31046627800528
template_projection,ridge_10,4228,800.0,454.66697213922953,213.0,210.86239531181326,4.0,8.144054736815058,19.0,20.09235743292031,59.0,46.41152959360561,59.0,58.59877692698202
template_projection,ridge_10,4229,1800.0,1620.912457520626,6.0,1.6814803821883828,23.0,21.52900415576308,72.0,74.10661058336345,49.0,64.39180930847688,81.0,77.29353623096495
template_projection,ridge_10,4230,400.0,369.73837701649893,42.0,45.771052301790164,4.0,3.2256991484670667,21.0,20.5310310224582,7.0,1.17245823170839,7.0,9.355588594520626
template_projection,ridge_10,4231,1300.0,1188.600505196447,70.0,61.48186829347558,31.0,30.78278032929495,46.0,47.10294062405908,186.0,141.49842321875715,157.0,194.36638044079262
template_projection,ridge_10,4232,600.0,322.889333016714,209.0,201.25331425333866,2.0,6.034104461486491,12.0,11.18523905277248,33.0,33.51470677201575,42.0,47.77770896130094
template_projection,ridge_10,4233,700.0,811.0712481420599,30.0,23.911681030012097,2.0,6.096245287979073,82.0,82.4932750202153,56.0,84.0796110447488,146.0,118.23713994477797
template_projection,ridge_10,4234,1300.0,1480.917215062004,88.0,79.21581651179709,12.0,13.888066134905886,40.0,34.860191947474895,61.0,71.48264127493538,92.0,86.96061985584873
template_projection,ridge_10,4235,300.0,803.3099989116165,24.0,58.05492873233795,2.0,0.14251678218981567,26.0,24.31163114823261,6.0,-6.1396797091641275,6.0,-9.554957324211998
template_projection,ridge_10,4236,800.0,647.005065694706,203.0,190.15052896819256,6.0,9.582460042814994,15.0,15.747589737155131,63.0,52.50177502918723,68.0,76.2326274978091
template_projection,ridge_10,4237,2500.0,2287.8519369885253,3.0,0.18945593528597016,39.0,37.708290348084034,49.0,47.07094625753342,59.0,62.91300443050376,50.0,55.64536478764916
template_projection,ridge_10,4238,3500.0,3472.505984913916,2.0,-17.632746935162615,18.0,33.82883449228038,93.0,74.68781927268614,167.0,148.25642163601432,167.0,162.51510421298536
template_projection,ridge_10,4239,1800.0,1411.0204894135218,41.0,17.435076734752663,6.0,12.694834201310067,39.0,40.812733001036094,235.0,204.39708677902124,235.0,255.1210360835566
template_projection,ridge_10,4240,1400.0,1467.5855920736892,5.0,9.005205565336034,3.0,2.8701826206494907,55.0,55.7978411072747,134.0,113.94439494514327,134.0,142.14654067001388
template_projection,ridge_10,4241,400.0,353.36967193172825,97.0,99.21692825030718,2.0,0.602130616403949,12.0,13.063365501212182,6.0,6.149141662238208,6.0,13.424621922471886
template_projection,ridge_10,4242,1600.0,1699.000412988331,97.0,76.7558063455936,7.0,14.60931155597839,48.0,55.276528604259795,163.0,130.74500755858497,163.0,170.7479531390552
template_projection,ridge_10,4243,1700.0,1722.65922432858,113.0,111.83298022191647,34.0,35.595080142820166,44.0,49.00962428046541,146.0,133.30248910896316,172.0,163.79465909123493
template_projection,ridge_10,4244,700.0,910.0630938765537,23.0,26.97782279149191,12.0,10.163928053863028,104.0,101.62552758998373,42.0,69.25926234515154,123.0,110.32894893312931
template_projection,ridge_10,4245,400.0,383.55639450427486,56.0,73.75519365048115,2.0,-13.33432309829366,24.0,0.30584587258042006,12.0,44.87035841700704,32.0,73.03380035467663
template_projection,ridge_10,4246,1200.0,1213.702819986389,41.0,31.78724628663929,2.0,0.4653959058456927,58.0,61.79738260360935,29.0,28.405272829605295,32.0,30.26326761227891
template_projection,ridge_10,4247,1000.0,1121.9048959590511,19.0,18.591714795777186,4.0,4.738937517595733,78.0,75.56649993469436,130.0,111.87176950254842,138.0,151.27149057355047
template_projection,ridge_10,4248,1700.0,1653.5059760879017,6.0,20.50229367145608,48.0,42.97889942407854,70.0,68.21720056273193,60.0,96.24670678380568,138.0,122.45254119796488
template_projection,ridge_10,4249,500.0,512.0220856648264,51.0,53.81291836003878,4.0,3.691751326266054,11.0,16.64781144256125,29.0,27.671932287496702,52.0,40.94504907541584
template_projection,ridge_10,4250,1900.0,1894.568270944246,4.0,7.99258320292806,22.0,20.981966998273656,56.0,55.905123119892615,132.0,117.35933881011428,132.0,141.30776672629582
template_projection,ridge_10,4251,300.0,545.568208554802,90.0,86.77627962109192,2.0,10.41842237957444,15.0,-0.19997264289152383,47.0,119.19334085977286,230.0,171.76324240887817
template_projection,ridge_10,4252,1500.0,1178.2292562208615,2.0,-16.666666930037536,2.0,5.719455679458811,74.0,70.5290880917486,137.0,125.25337270761253,137.0,166.29188468973865
template_projection,ridge_10,4253,800.0,945.5340133740928,45.0,42.89657181042115,20.0,17.87816245155339,44.0,61.753716201818605,48.0,44.49041644921642,90.0,81.98218141090462
template_projection,ridge_10,4254,800.0,723.2762149147254,9.0,11.596762694788062,2.0,0.6184709395022523,26.0,26.037548412567766,15.0,13.349150053603779,15.0,17.786112293800144
template_projection,ridge_10,4255,3200.0,3545.5320178736483,7.0,2.74488481284542,122.0,110.8244506494405,109.0,94.3427781280827,264.0,255.03598698549553,254.0,310.6872193479063
template_projection,ridge_10,4256,400.0,1669.652096545251,118.0,130.4640506027595,7.0,11.436411295277455,24.0,33.74497255304328,78.0,129.52145724149347,261.0,171.71310463357008
template_projection,ridge_10,4257,600.0,565.768978078227,45.0,38.794071046396866,4.0,5.486899696939545,33.0,33.980166738727,17.0,10.792443761690649,17.0,22.662776367085257
template_projection,ridge_10,4258,300.0,431.5081032896951,59.0,64.52429224139135,13.0,11.743743249391548,9.0,10.618047538115633,6.0,5.552185778336792,15.0,13.294556884606777
template_projection,ridge_10,4259,1800.0,1859.8075496248266,54.0,47.68373132672713,5.0,7.2854836773288145,83.0,77.10912328652762,188.0,166.07127082670848,188.0,206.34900055614824
template_projection,ridge_10,4260,1500.0,307.4933471503973,4.0,-30.145992472824247,17.0,33.30770849583863,65.0,83.76459190332969,58.0,25.709339622040467,73.0,62.58021837203831
template_projection,ridge_10,4261,1100.0,1270.3147563777604,2.0,3.5869732437089255,21.0,18.90307256411994,96.0,91.57718392071135,53.0,70.49786633955777,100.0,99.51591488192955
template_projection,ridge_10,4262,800.0,562.7583173337894,57.0,50.865048016291645,3.0,16.56912277175988,38.0,37.4787116364804,74.0,17.962027182589175,61.0,66.96125771988774
template_projection,ridge_10,4263,1800.0,1857.4048830748457,2.0,11.315450044978405,30.0,26.476080403740294,48.0,49.86897433771811,108.0,106.62236121743786,129.0,131.56241601470882
template_projection,ridge_10,4264,1000.0,1040.7160995840143,24.0,34.61100814497024,40.0,36.35371431979112,35.0,35.73273334324065,176.0,168.04597183195506,222.0,227.76941899003822
template_projection,ridge_10,4265,1600.0,1502.6422199194178,64.0,73.11707577592244,4.0,6.207541245873344,91.0,94.79886388798545,221.0,194.81072529311245,269.0,267.3551844186303
template_projection,ridge_10,4266,700.0,492.8407060167692,191.0,180.61005940929365,6.0,10.400355749100576,7.0,8.108115744705415,45.0,39.491843307605066,61.0,59.99043742908379
template_projection,ridge_10,4267,3400.0,2891.07819499519,3.0,26.636667507047886,88.0,102.83819662787026,109.0,111.07223959136937,246.0,195.34821532752272,254.0,225.9213359686047
template_projection,ridge_10,4268,800.0,761.2954709895505,134.0,125.60333739722763,3.0,4.408148557137977,37.0,34.83754881950206,69.0,58.86150387123631,69.0,82.43624881917953
template_projection,ridge_10,4269,500.0,549.7842745121201,50.0,52.359374897097794,2.0,-0.701836941538593,42.0,42.49862051152503,51.0,59.395380822912365,88.0,88.57827174042853
template_projection,ridge_10,4270,700.0,333.00930250724923,210.0,197.76313633618662,2.0,14.011565182204276,21.0,13.164394089951784,24.0,15.175597268939399,60.0,63.356728533431514
template_projection,ridge_10,4271,400.0,346.92035479623394,60.0,59.89811556004763,3.0,3.4535921185825487,7.0,10.259600842481952,7.0,26.83219060232505,61.0,45.73789336745841
template_projection,ridge_10,4272,600.0,647.3044863186166,27.0,30.346836498407676,7.0,6.4112335789206565,43.0,40.4509898330314,11.0,10.391696645879662,21.0,23.15215967651943
template_projection,ridge_10,4273,700.0,946.1603029157725,2.0,-6.649801106417868,2.0,9.956993206771342,54.0,48.522993289143805,23.0,32.2800581847777,66.0,41.95434831540963
template_projection,ridge_10,4274,300.0,198.12819559707577,66.0,58.25404338863885,4.0,10.241216043003785,24.0,26.645841387185655,10.0,8.955232395160735,47.0,33.24551140147507
template_projection,ridge_10,4275,700.0,409.3596164505635,152.0,146.4100141602646,5.0,15.028614967213795,30.0,31.15993550429731,71.0,35.548777975507846,71.0,74.64712237749238
template_projection,ridge_10,4276,1100.0,1708.1199473173592,13.0,48.713687385934776,68.0,54.397949996063474,70.0,57.94236044923358,106.0,108.8903610116844,111.0,116.67748476936474
template_projection,ridge_10,4277,2100.0,2160.354891944391,2.0,-3.5479105351432736,3.0,5.54630121084455,77.0,78.92543777897382,186.0,162.24358387444957,186.0,195.99363915195073
template_projection,ridge_10,4278,800.0,829.4229483108303,175.0,171.44259748652257,11.0,11.82941417764303,37.0,33.503822698957165,36.0,50.19560869920525,78.0,74.33722798837186
template_projection,ridge_10,4279,700.0,614.5725698506733,59.0,47.301334841306435,5.0,9.922558170802084,9.0,10.006963762938852,23.0,17.151397889253175,27.0,26.047881179443294
template_projection,ridge_10,4280,300.0,203.19211366724517,68.0,64.86403842967333,9.0,11.48316323484482,11.0,17.426879377625916,12.0,-1.7027441144247177,17.0,13.465043523216096
template_projection,ridge_10,4281,700.0,1494.1298418443525,38.0,102.4243337979924,14.0,-8.230110083892326,55.0,45.917835737793844,22.0,53.805686301664295,52.0,41.984820594557505
template_projection,ridge_10,4282,3500.0,3380.218721543766,7.0,4.847733970388525,41.0,40.769988519462565,108.0,108.3585337009209,143.0,147.9852580350652,161.0,160.94133792604242
template_projection,ridge_10,4283,300.0,414.4156278408675,48.0,83.5429973231988,13.0,6.253165533404189,21.0,16.794044918134148,11.0,20.819296337003735,48.0,24.789729808198558
template_projection,ridge_10,4284,4400.0,4087.5573528497744,2.0,-7.133282107898637,10.0,15.040381148656097,86.0,90.55732802995847,223.0,208.53307931092465,215.0,216.3424566209926
template_projection,ridge_10,4285,1600.0,1261.4828850965905,9.0,9.514842769550825,2.0,10.166556096287025,74.0,74.98145610550299,74.0,45.715999178839276,74.0,71.6732095769454
template_projection,ridge_10,4286,200.0,66.0737457296757,34.0,81.43513786901481,4.0,-13.593540068491349,17.0,7.137589709713382,28.0,33.9299194698997,43.0,61.92865618795805
template_projection,ridge_10,4287,1100.0,1242.356858364116,27.0,33.00368638227437,36.0,33.706731929744734,72.0,70.36935822497915,44.0,76.09442152284898,126.0,105.15438265423245
template_projection,ridge_10,4288,2500.0,2406.4666180217664,6.0,4.56330333379853,14.0,14.845499263458159,72.0,72.18880886324293,109.0,113.51998252604626,139.0,133.37136811238068
template_projection,ridge_10,4289,800.0,660.3079900490134,129.0,121.16955602076395,4.0,5.784015812901503,30.0,29.715105966981838,46.0,37.35951290194424,46.0,55.35660015975515
template_projection,ridge_10,4290,300.0,646.2523780551054,90.0,101.5119685513569,2.0,-3.945229451422124,4.0,3.6791720911914467,3.0,11.895617363778968,11.0,11.02427089388695
template_projection,ridge_10,4291,2000.0,2020.018516202771,6.0,13.967893563153417,29.0,29.441941520307072,96.0,95.97935295957902,80.0,155.12954628808728,267.0,206.23620020307973
template_projection,ridge_10,4292,2200.0,1936.6774461280024,5.0,41.89188473953366,9.0,8.554314400581024,69.0,72.42002577087872,78.0,58.288337753661466,80.0,57.86696553355356
template_projection,ridge_10,4293,800.0,807.4950949778543,52.0,50.35566740580593,2.0,2.407224517049123,36.0,34.55361577873969,37.0,31.20833008902403,37.0,43.09857122616368
template_projection,ridge_10,4294,2000.0,2032.202089976597,4.0,5.531196484296011,33.0,30.77498193226363,119.0,115.13613683738026,118.0,109.70216190640184,123.0,137.5145905492957
template_projection,ridge_10,4295,600.0,635.3760622315434,30.0,46.34461897625813,36.0,29.34599656624089,38.0,35.103015279245554,9.0,13.925077728453687,19.0,22.87483124393124
template_projection,ridge_10,4296,1500.0,1662.7632597857673,59.0,46.497378048845974,7.0,9.062890401178207,176.0,165.9643066097812,98.0,89.33468400474902,100.0,121.94341439013837
template_projection,ridge_10,4297,1000.0,1010.3819225829055,2.0,12.055825908637871,2.0,17.959538350924213,102.0,113.20126688788028,31.0,13.21186121996719,68.0,18.90407807801023
template_projection,ridge_10,4298,900.0,1398.738680968166,2.0,-14.24380175312318,5.0,8.986957505215225,94.0,95.75656727268,61.0,73.64508713666747,117.0,107.50286823110196
template_projection,ridge_10,4299,2100.0,1956.7248008850277,2.0,-2.6893505303326677,2.0,4.851341481098842,68.0,69.59686329899436,166.0,144.42397877950947,166.0,173.10729740159437
template_projection,ridge_10,4300,400.0,378.75319461130914,57.0,59.67247288700208,5.0,1.7675318944592853,9.0,13.059271684648934,13.0,14.384852939280563,26.0,31.892968559068436
template_projection,ridge_10,4301,300.0,367.7892621759171,81.0,84.16251803191392,6.0,4.92834893686889,28.0,28.59462341315104,16.0,31.217325711899576,63.0,53.49458298249903
template_projection,ridge_10,4302,2000.0,2745.9956419303367,25.0,73.53587465959265,84.0,68.7689702966853,58.0,36.19496776976588,158.0,128.98834147632093,110.0,142.40445412518204
template_projection,ridge_10,4303,400.0,400.812942403271,29.0,33.79332862844193,8.0,5.987045822878496,24.0,24.604389591312042,8.0,6.727291778126727,16.0,17.44201674027562
template_projection,ridge_10,4304,500.0,-116.19558286049437,40.0,38.42554201157506,3.0,15.469062401833225,28.0,48.856858890943585,31.0,-10.350826419535196,54.0,32.195346230927896
template_projection,ridge_10,4305,200.0,316.1858606857039,74.0,54.75724739786366,2.0,11.556349477309615,10.0,9.21575794589554,13.0,26.945852193748102,36.0,16.476718910262633
template_projection,ridge_10,4306,6900.0,6206.632613468325,5.0,-6.194592674116521,36.0,38.01049801709519,121.0,120.11180429735862,228.0,243.08721963968102,228.0,230.6639451001026
template_projection,ridge_10,4307,200.0,192.43697009785683,89.0,84.25702965919312,2.0,1.6410980485546602,12.0,12.578487817059283,4.0,0.21707322941823293,5.0,11.089504533701799
template_projection,ridge_10,4308,1100.0,1094.3858580261667,2.0,2.0724239849288395,2.0,3.6752834154791714,79.0,80.08143667194065,151.0,120.2891594867651,151.0,166.07055075589093
template_projection,ridge_10,4309,7200.0,6747.066035017386,2.0,-6.018131420607276,71.0,73.85610451261837,136.0,140.11734439472013,348.0,349.5352909780053,371.0,366.36989010997
template_projection,ridge_10,4310,1399.0,2245.9680640601523,2.0,14.117121456994361,4.0,0.8834006233072778,82.0,67.91716512261553,96.0,131.12383615790307,152.0,141.4403758445515
template_projection,ridge_10,4311,1300.0,1328.0079907426223,82.0,77.41384788258256,5.0,6.79746129383761,73.0,71.0682536739849,149.0,134.71070844511172,169.0,179.64535904691334
template_projection,ridge_10,4312,200.0,188.77645944066057,28.0,31.503606629343402,2.0,1.4653864516908417,3.0,5.296701855744907,3.0,-3.215078364316355,5.0,5.405754410819611
template_projection,ridge_10,4313,4000.0,3884.003988220371,4.0,1.8462372992397533,50.0,49.07034478167117,123.0,122.73143050640175,239.0,236.0022068390642,264.0,271.0856471920286
template_projection,ridge_10,4314,1400.0,1661.1668439080288,5.0,13.208332709275673,7.0,2.419844079811975,58.0,57.370564203885976,128.0,110.51306838456304,128.0,144.20295941085567
template_projection,ridge_10,4315,2100.0,1980.9381502080505,92.0,85.95945720252949,28.0,27.242446482747166,62.0,61.1792179015741,126.0,118.22416989039755,126.0,140.51208233300875
template_projection,ridge_10,4316,1200.0,1198.7824607087655,84.0,79.77233105462763,19.0,23.36868310447806,60.0,65.19691953354403,58.0,39.9916636097461,68.0,67.08444695075123
template_projection,ridge_10,4317,500.0,831.0375418080662,133.0,126.4678325059756,2.0,4.214834528977926,26.0,30.904214223369483,172.0,134.12491011643812,172.0,185.96242382500492
template_projection,ridge_10,4318,900.0,792.5943502648172,13.7088,19.250568758990603,21.0,17.565019592689676,64.0,64.89915084171588,80.0,68.54544197693181,91.0,102.73793884354966
template_projection,ridge_10,4319,1200.0,1433.7142300241017,55.0,61.951529438682584,28.0,24.42119546204645,45.0,39.35398648642095,140.0,126.71167606608765,151.0,169.83428811424827
template_projection,ridge_10,4320,1100.0,1104.2279048646205,1.0,-14.419996805339991,17.0,13.120673135448998,67.0,62.15153487830122,77.0,103.45055150503421,124.0,140.1924899736187
template_projection,ridge_10,4321,1300.0,1326.0036746987494,28.0,29.801224018688465,12.0,11.480569181666652,56.0,55.29296311814947,127.0,96.81703119812624,103.0,123.67246727544655
template_projection,ridge_10,4322,400.0,435.5340152101678,68.0,69.42677976514553,8.0,5.037286673160855,53.0,50.902733786049346,15.0,12.529045972153298,18.0,29.260893226399133
template_projection,ridge_10,4323,700.0,606.4354149032101,66.0,61.77546336153848,2.0,3.915851267650451,38.0,35.584649343545436,44.0,35.599496262083605,44.0,52.0304343069359
template_projection,ridge_10,4324,1400.0,964.7803549548822,94.0,92.77992351087872,13.0,6.310623566522832,43.0,40.695919197554716,97.0,85.27452601773425,97.0,133.64217887690904
template_projection,ridge_10,4325,300.0,280.85278840188323,87.0,83.3208190754356,4.0,4.922563498446751,10.0,10.670542151912741,8.0,5.16275258710931,16.0,18.316661133033094
template_projection,ridge_10,4326,400.0,380.51503494281735,47.0,49.14740308265529,6.0,5.101478765290887,24.0,23.523231125131048,10.0,4.953348085863453,12.0,17.17266787114042
template_projection,ridge_10,4327,600.0,136.3501668217923,144.0,122.49478864543246,3.0,-5.688595200696886,28.0,27.4223611374609,55.0,100.90553989941466,104.0,124.14800588807576
template_projection,ridge_10,4328,700.0,642.9758487656946,33.0,36.159504680075656,2.0,2.2247415090114355,12.0,14.432891747012107,33.0,30.296312453010927,48.0,44.16012119246374
template_projection,ridge_10,4329,700.0,566.0985747482521,220.0,209.2389771513556,11.0,14.81778711924276,24.0,25.83427055199768,95.0,89.90818284181731,132.0,133.46662978324468
template_projection,ridge_10,4330,1000.0,1115.6801535203062,77.0,74.42260721603475,7.0,9.934917614367373,72.0,67.80040650942838,64.0,65.68207264586603,93.0,89.84914206964447
template_projection,ridge_10,4331,400.0,507.34474412589486,58.0,60.89644885636052,3.0,-2.741230519616641,29.0,44.9518602455134,11.0,47.34845232309232,100.0,69.27323316475056
template_projection,ridge_10,4332,400.0,572.4906674310387,61.0,64.6566996518522,7.0,5.458794922958452,29.0,29.127417939986923,20.0,20.85869736541507,39.0,41.752765009744905
template_projection,ridge_10,4333,1399.0,1472.493997638088,47.0,49.92885066097288,27.0,26.149933925756947,56.0,56.66104220786304,133.0,125.88163919974723,162.0,164.69660187332755
template_projection,ridge_10,4334,1900.0,2102.698851088645,136.0,114.10980823464506,9.0,18.573603921804324,39.0,54.5802964860678,140.0,133.90082658784797,140.0,120.41686631963522
template_projection,ridge_10,4335,4400.0,4693.753231733064,25.0,34.33563279581975,102.0,98.8376553452737,145.0,139.06924993143878,417.0,366.53599472386117,417.0,447.2829047695277
template_projection,ridge_10,4336,1000.0,1151.8198206617972,0.2142,2.6847364053670333,25.0,24.62163540318076,69.0,64.75308935521295,59.0,70.58577027925703,103.0,96.99920527876887
template_projection,ridge_10,4337,100.0,-430.7967929971737,105.0,104.35147606960658,9.0,4.88922376408194,9.0,12.042770654292312,23.0,11.742027523767959,29.0,47.50706821293263
template_projection,ridge_10,4338,300.0,245.46496288439687,85.0,85.00938895489695,4.0,4.45659508529938,16.0,16.72826810563705,3.0,6.732765998369487,25.0,21.901435915346013
template_projection,ridge_10,4339,600.0,695.0484072625022,41.0,42.803365172213844,16.0,16.27454120251469,44.0,45.65455899180304,56.0,83.69963665467988,147.0,123.32123883278416
template_projection,ridge_10,4340,700.0,783.5319208942326,2.0,-0.38094243882292744,2.0,0.4140842138298968,68.0,67.92703907838943,38.0,53.38671848350907,87.0,78.49976785560638
template_projection,ridge_10,4341,900.0,773.299569886844,113.0,109.41292102249966,9.0,10.156801454643771,27.0,28.93866852181998,85.0,55.5753258517349,55.0,76.79763801047017
template_projection,ridge_10,4342,3200.0,3102.877034627324,1.0,-4.013094618822336,34.0,35.317816266705925,65.0,69.11112652915989,311.0,247.9743126621433,255.0,290.60468350251267
template_projection,ridge_10,4343,1100.0,984.4064872916479,27.0,27.459428021711208,21.0,20.364689001459993,60.0,56.633371270121074,92.0,85.06453954077355,101.0,108.06799122310407
template_projection,ridge_10,4344,2100.0,2336.010187412713,27.0,33.10727055056075,42.0,39.95200357625339,99.0,99.41201932073085,240.0,252.00640998304596,339.0,329.7137096944848
template_projection,ridge_10,4345,3200.0,3019.512716528696,5.0,-0.24904475678197002,41.0,42.38161534498255,83.0,83.66793863007973,110.0,122.5688456063146,143.0,135.3760580370549
template_projection,ridge_10,4346,800.0,806.9672240496459,141.0,136.56243909109264,17.0,16.177603616962294,54.0,53.17057611966842,102.0,88.63736444713288,115.0,130.05685507579582
template_projection,ridge_10,4347,400.0,332.32202883856996,40.0,39.84425754278898,5.0,4.355837022496235,15.0,17.14832445352657,10.0,6.489918187093323,13.0,17.584456755135093
template_projection,ridge_10,4348,200.0,236.3587691521626,112.0,108.09771422744782,3.0,4.666006781242224,13.0,14.233351106518704,21.0,34.84541197586016,78.0,60.869385186423145
template_projection,ridge_10,4349,500.0,1357.742323171276,140.0,147.03193088162365,5.0,-7.890565684069374,25.0,25.687115923654737,8.0,24.7453400424451,18.0,23.505418250024803
template_projection,ridge_10,4350,1000.0,668.6718349739348,36.0,64.06886284004801,39.0,18.23400595935584,50.0,42.107436123156106,29.0,57.99907610979635,53.0,76.34369055420535
template_projection,ridge_10,4351,1700.0,1553.1670874764004,37.0,28.020036763773096,2.0,4.454447319814134,54.0,55.278527274266324,76.0,71.11152939324356,76.0,81.72127410399725
template_projection,ridge_10,4352,8000.0,6782.240028645813,2.0,-8.690519621624247,20.0,31.522749235717228,91.0,107.72811296903424,434.0,402.8047869362324,434.0,423.6469533589999
template_projection,ridge_10,4353,400.0,620.2301197150626,2.0,11.408907901227423,7.0,1.2033807522629498,74.0,72.02181617540879,22.0,20.06529517487946,22.0,35.819721000923124
template_projection,ridge_10,4354,6800.0,6359.901764442125,3.0,5.3707339856733824,118.0,116.32263577507565,123.0,128.61342260018597,255.0,311.02493835725886,368.0,331.01840916450556
template_projection,ridge_10,4355,2100.0,2537.2469660118913,59.0,87.10421829713007,67.0,52.74323537010047,109.0,97.00749016592832,301.0,254.0397241711177,268.0,327.20893417273476
template_projection,ridge_10,4356,1800.0,1597.1026012572527,1.0,10.265998446520953,32.0,27.738058651734114,74.0,77.87050779886461,76.0,76.99523243609967,108.0,103.90164918696303
template_projection,ridge_10,4357,1000.0,903.5285723520053,79.0,69.83329603460601,2.0,6.0197982503880105,42.0,40.037879197463354,67.0,53.86631820379326,67.0,74.5976558087073
template_projection,ridge_10,4358,800.0,938.0682697076362,3.0,5.057427529657794,7.0,6.034878275851868,75.0,72.52629209599169,107.0,93.94658211864883,121.0,131.8476252935484
template_projection,ridge_10,4359,1600.0,1473.0797346837646,42.0,32.33878698514705,2.0,3.5519384690767595,64.0,65.15451872847522,117.0,102.47444126222913,117.0,130.23977350224456
template_projection,ridge_10,4360,1000.0,1264.0194804837006,9.0,3.480009783944297,2.0,4.439112832055644,96.0,83.65285461656231,53.0,88.56027625238957,85.0,82.14019925573126
template_projection,ridge_10,4361,500.0,593.0064274024347,26.0,28.737652974654857,6.0,5.331414557246715,50.0,48.37354702883397,35.0,27.911269243040678,40.0,47.109717596003726
template_projection,ridge_10,4362,500.0,646.7251061504661,188.0,140.48115302869334,3.0,19.972275048886978,21.0,15.894535300568357,76.0,60.649737220739084,76.0,100.89515578914678
template_projection,ridge_10,4363,4900.0,4773.279890870254,9.0,11.309882824402337,28.0,29.676236440393676,127.0,128.67250686273618,272.0,258.01366353041493,272.0,276.1677771134955
template_projection,ridge_10,4364,1000.0,1018.4001953597783,210.0,192.32694130609232,29.0,38.28149455127315,28.0,28.929865075033806,84.0,124.4020896961882,190.0,153.58272257836018
template_projection,ridge_10,4365,400.0,383.77467508216114,21.0,21.812044326743376,2.0,3.429132021023161,32.0,30.267137765211242,6.0,-2.041995527955649,6.0,7.780712448728835
template_projection,ridge_10,4366,1000.0,858.0627297082335,28.0,37.70751301381948,10.0,10.52081022920947,106.0,105.38641463209694,80.0,73.97750434190591,117.0,111.37144981327117
template_projection,ridge_10,4367,900.0,984.6224165091453,8.0,8.231086554950686,10.0,10.732869333202835,71.0,68.8561871482329,40.0,85.78686638967439,155.0,122.70289971274565
template_projection,ridge_10,4368,800.0,632.5849609187246,63.0,62.49178906758377,3.0,3.788211204348281,13.0,15.192699211032746,69.0,64.45995896697848,93.0,90.55097804734933
template_projection,ridge_10,4369,400.0,1060.695284519076,48.0,78.87604949983333,5.0,5.379619996910492,13.0,7.01101550152044,3.0,25.405809708138662,54.0,11.053668149064947
template_projection,ridge_10,4370,500.0,597.9811545739095,28.0,35.42187948905041,41.0,35.37668759242435,46.0,46.46439414548325,25.0,30.088233108126552,45.0,50.19083121425123
template_projection,ridge_10,4371,900.0,1131.6028906787951,28.0,34.12091928452571,30.0,28.148471963425237,95.0,93.57863395140998,96.0,125.64528792521949,202.0,182.24532350573605
template_projection,ridge_10,4372,400.0,340.05741959848376,27.0,16.58241551903761,3.0,-1.3554158923356159,25.0,23.4270298049555,43.0,40.25058055033439,43.0,69.546905016647
template_projection,ridge_10,4373,500.0,847.852000071118,2.0,4.41100318464251,39.0,36.15697475518091,116.0,112.53279946560306,224.0,178.29243580688888,224.0,259.5510954917327
template_projection,ridge_10,4374,600.0,601.9793895156638,32.0,31.961076713023235,2.0,1.8828491707385169,41.0,40.56706725819653,7.0,4.1034539569029675,10.0,14.532482548693551
template_projection,ridge_10,4375,500.0,480.16752099138705,5.0,3.8478112408795013,2.0,1.6120846152441395,37.0,32.18698679718787,6.0,5.2411329459016684,6.0,14.859814731352841
template_projection,ridge_10,4376,400.0,465.93131044485915,15.0,12.625663569551655,4.0,9.778093350554773,80.0,73.1033927887473,10.0,-0.6198680510154588,56.0,41.44177881004513
template_projection,ridge_10,4377,900.0,1041.6989211319603,7.0,5.06266636348294,12.0,13.901784737997005,76.0,74.63221214113769,56.0,62.31130104674216,95.0,85.80947404659845
template_projection,ridge_10,4378,1400.0,1165.785307378151,7.0,-15.740987101978973,22.0,23.38056517997966,58.0,49.810097453252,105.0,102.41604701591642,105.0,139.3457927877733
template_projection,ridge_10,4379,700.0,775.5772784262381,54.0,56.03306305908484,2.0,2.2496398219839566,50.0,49.95886838329992,92.0,92.02214857525506,130.0,127.1441890890326
template_projection,ridge_10,4380,500.0,273.5021681087742,67.0,70.18242208061643,4.0,17.884309855451743,4.0,9.953130248055075,3.0,-7.128996241951995,55.0,1.1601817018848948
template_projection,ridge_10,4381,2200.0,2483.324569269291,32.0,24.784491851986836,18.0,16.47222625043744,40.0,45.3372580813903,231.0,211.77742362367948,231.0,243.39280943504164
template_projection,ridge_10,4382,800.0,1017.0967300278434,46.0,52.91824307123513,30.0,27.841866816754383,50.0,49.46525021118664,63.0,90.8455467955677,151.0,130.4155299705168
template_projection,ridge_10,4383,600.0,660.1866831471777,40.0,42.19655484213934,3.0,-2.979735893326774,22.0,25.980272027819375,25.0,27.297688278299788,41.0,54.973574553835256
template_projection,ridge_10,4384,1400.0,1673.213080080063,91.0,96.66971219563493,16.0,14.005230391719833,62.0,63.762022402054995,193.0,162.53319468433568,193.0,209.34402668427367
template_projection,ridge_10,4385,400.0,446.2250612794585,62.0,67.80346523121511,3.0,1.2986548077568631,14.0,13.810954482518241,3.0,1.2158929299463637,11.0,10.697928932453067
template_projection,ridge_10,4386,300.0,360.8915882911068,120.0,125.83235227830504,2.0,-4.176745522986083,11.0,5.051424188750971,11.0,10.392375680491483,11.0,32.880099071788024
template_projection,ridge_10,4387,1400.0,1400.3801538502403,1.0,-0.3879775126206013,7.0,7.430356875729128,96.0,96.49803232010998,92.0,106.8371470043461,153.0,143.0193940338114
template_projection,ridge_10,4388,300.0,832.756956004879,67.0,76.14974279154704,2.0,2.5623581967184066,15.0,8.724186691441204,10.0,7.614992353395749,36.0,30.712183039036915
template_projection,ridge_10,4389,700.0,870.279906824627,77.0,74.69058843137636,7.0,9.17691129734057,86.0,82.35184579102558,87.0,108.25522282716017,169.0,156.06713407954058
template_projection,ridge_10,4390,1200.0,622.0630041736679,29.0,27.409743907726252,6.0,11.658894650139121,50.0,50.39492869727014,91.0,71.92850203684819,91.0,91.33641152851312
template_projection,ridge_10,4391,1200.0,1120.0468862068883,174.0,165.88115719630446,2.0,5.443226372594941,35.0,34.83852987183068,138.0,125.7589308139782,159.0,164.5285456773874
template_projection,ridge_10,4392,300.0,290.20118752404323,104.0,100.17762095522646,2.0,3.69011555473298,31.0,31.66566269068947,16.0,48.096016357565986,103.0,80.16142193104574
template_projection,ridge_10,4393,800.0,1010.7205689291204,121.0,118.19094491427123,7.0,6.208123473792069,73.0,67.67847565201183,82.0,95.55926529761118,128.0,126.70136521867948
template_projection,ridge_10,4394,2100.0,2171.425055747448,114.0,102.17597733881118,17.0,20.87452983509111,45.0,45.400148640938895,169.0,150.6482087637601,169.0,179.4137029958406
template_projection,ridge_10,4395,2000.0,2153.3605630162338,10.0,21.4353067860225,88.0,80.41194233623347,102.0,99.92288177108583,129.0,126.65970195546927,150.0,163.69128195031445
template_projection,ridge_10,4396,300.0,194.1268410250193,100.0,113.04258883928262,7.0,1.5319897748101727,19.0,11.570871381767816,19.0,33.2752210896201,48.0,52.50583922855195
template_projection,ridge_10,4397,300.0,280.5969071706147,71.0,76.92484737589047,4.0,1.2107697793879186,6.0,7.430157451082479,7.0,5.222554920951737,11.0,17.18259491068062
template_projection,ridge_10,4398,800.0,969.7830853133006,4.4982,11.265182816628318,16.0,14.117669111957017,49.0,48.27661572991523,13.0,12.889593868780665,20.0,19.48154761104098
template_projection,ridge_10,4399,500.0,1028.4678756241674,25.0,44.0981041097707,4.0,-12.279954503460074,51.0,41.16658240422319,31.0,49.79637707405912,47.0,70.91568801894243
template_projection,ridge_10,4400,400.0,456.67838413483287,60.0,56.27245299717947,2.0,2.907412590120302,32.0,30.333996287430892,11.0,7.230380295648516,11.0,16.64064201910041
template_projection,ridge_10,4401,1900.0,2223.1848560558474,142.0,143.98986655855893,10.0,8.432080631332209,45.0,48.960158622052376,122.0,126.72097206023429,162.0,152.32933752444853
template_projection,ridge_10,4402,3000.0,2423.4972083816156,30.0,18.824936264435266,14.0,15.957489830816368,110.0,78.80418921667771,177.0,172.6273220012522,177.0,215.44826210210434
template_projection,ridge_10,4403,1500.0,1589.9006785408747,2.0,7.720936763858916,2.0,0.8710985423423381,65.0,65.36410502153372,102.0,104.78471767073383,134.0,128.02557023946449
template_projection,ridge_10,4404,1300.0,1340.5873432837577,7.0,9.053006254381827,9.0,9.732172663857213,76.0,74.5398892354424,125.0,130.33922019203737,179.0,172.69592958140882
template_projection,ridge_10,4405,400.0,451.1101268814632,95.0,98.53366042206576,2.0,-0.4250757382031285,13.0,12.784505513069888,14.0,13.922443888263999,19.0,28.067232877760432
template_projection,ridge_10,4406,1600.0,1738.242771210501,18.0,21.51192029207045,22.0,20.076494529336802,78.0,74.44289560122148,61.0,58.50514496463187,61.0,67.17023145644826
template_projection,ridge_10,4407,1400.0,1676.274130886315,6.0,27.39953231469658,6.0,-10.200447237934275,47.0,53.14783162991816,69.0,68.58812302126192,57.0,73.25375533924208
template_projection,ridge_10,4408,200.0,130.1289013664889,74.0,63.626867553727834,2.0,3.957207989231671,18.0,20.882987423511427,3.0,12.514313513026948,37.0,29.64331936782935
template_projection,ridge_10,4409,4600.0,4347.018585944065,4.0,7.3913593009746705,86.0,81.84796912196946,96.0,99.57999311367301,199.0,217.40209484531317,243.0,237.63516341986934
template_projection,ridge_10,4410,600.0,323.3679366111729,154.0,159.85392903518064,2.0,3.0474162115130543,24.0,23.592754622937722,37.0,19.550218023909608,38.0,39.4387071303064
template_projection,ridge_10,4411,1200.0,1435.0903059108716,27.0,32.12865285912417,36.0,33.055324310243414,102.0,97.48446945484551,113.0,110.82898933518074,142.0,151.22480429367988
template_projection,ridge_10,4412,400.0,502.38556033687075,120.0,126.77430681186888,3.0,1.496643165447864,9.0,15.009868787363665,37.0,52.81891971405864,94.0,75.88315466642479
template_projection,ridge_10,4413,1700.0,1559.2635402265596,2.0,-0.20616817632918583,14.0,27.6581035864414,57.0,51.645347862876655,97.0,63.610677583612684,97.0,79.99883878747751
template_projection,ridge_10,4414,600.0,718.0605029143168,3.0,4.339747871934669,2.0,-0.1717099422533419,60.0,58.532741248728165,27.0,24.259310449901328,33.0,40.36204245191803
template_projection,ridge_10,4415,500.0,501.1863546176115,48.0,48.24393254887697,2.0,1.9179409059372858,42.0,40.187148419367446,12.0,13.828355836930342,23.0,25.097528076276106
template_projection,ridge_10,4416,700.0,899.5648584953196,184.0,167.74556051060247,19.0,21.75840744932698,70.0,67.5265989392737,37.0,72.62929733501157,126.0,109.25656803975579
template_projection,ridge_10,4417,600.0,519.7596555412612,111.0,109.79079960257451,2.0,2.319430130198329,5.0,6.401292516047086,16.0,9.209944841152975,16.0,19.6218522219163
template_projection,ridge_10,4418,700.0,637.9318219477593,79.0,84.38448292606495,18.0,20.195833302440533,50.0,45.50809956540104,70.0,71.32769743545921,112.0,101.91116772436234
template_projection,ridge_10,4419,500.0,574.8155498664942,63.0,78.9706722217192,6.0,-7.136719913652422,27.0,19.364508042277254,10.0,14.990981525175798,10.0,33.95551549216903
template_projection,ridge_10,4420,1700.0,1648.1394171019112,88.0,86.30184487199935,55.0,54.355245488412976,64.0,59.70823326953097,83.0,95.4499671781091,119.0,123.45200763836837
template_projection,ridge_10,4421,300.0,286.274191192289,80.0,82.76885778143695,2.0,3.8835342209903736,9.0,11.605645471772675,7.0,11.176341172965323,36.0,23.944702989458932
template_projection,ridge_10,4422,2000.0,1997.3700186215065,2.0,5.7696049502960705,7.0,6.378786520206052,46.0,45.82836553200373,209.0,191.00115419446075,235.0,244.26145552197897
template_projection,ridge_10,4423,600.0,718.901260461941,15.0,26.938098760115178,2.0,-6.484835646679562,68.0,66.14062023789077,34.0,63.508710163946475,89.0,80.42561184631992
template_projection,ridge_10,4424,1000.0,1894.37263893608,40.0,94.50126835507896,20.0,14.117133471798638,51.0,55.23471657459521,32.0,51.279751779581034,74.0,42.21486072436749
template_projection,ridge_10,4425,1200.0,1164.952092138379,1.0,5.070552170928728,33.0,28.490683620036663,64.0,60.24477704578339,54.0,58.17321327914314,77.0,83.0569932526991
template_projection,ridge_10,4426,1900.0,1929.2042342404397,8.0,12.047312157086076,46.0,43.7776083500491,74.0,73.72762159577098,89.0,82.0163340738032,89.0,99.25321028164949
template_projection,ridge_10,4427,1700.0,1781.860540784222,25.0,30.90220610363585,40.0,38.29442261122963,66.0,64.36909195504751,186.0,179.0495617569675,226.0,231.32427195684326
template_projection,ridge_10,4428,1300.0,1472.0329255951358,180.0,189.01618295004826,66.0,61.59977102307806,35.0,33.6308885270927,114.0,102.36747520239786,120.0,130.7538150692604
template_projection,ridge_10,4429,2200.0,2150.411030494937,16.0,21.184596446221235,30.0,26.301270791360462,53.0,55.56778338997252,145.0,131.42024366534886,145.0,157.7763402960777
template_projection,ridge_10,4430,1200.0,1167.4392380871143,96.0,92.61457557671756,2.0,4.088016912750911,38.0,35.57532275742884,139.0,120.32184497310762,145.0,154.5005233224823
template_projection,ridge_10,4431,700.0,549.6586477940647,2.0,46.570627386456074,2.0,-12.848972600273411,57.0,61.552158941983905,31.0,48.99076297686519,94.0,91.13498293340126
template_projection,ridge_10,4432,1300.0,1257.9707006202884,112.0,115.35903451338449,24.0,23.62266150524214,23.0,26.286825497870026,163.0,145.6591983124191,182.0,188.04605671614758
template_projection,ridge_10,4433,800.0,839.7204876620737,42.0,45.98843182860425,8.0,6.555275691527102,68.0,65.51600049465739,17.0,36.33837208384836,66.0,57.06081273823576
template_projection,ridge_10,4434,300.0,459.1017236949896,45.0,43.3000530814051,11.0,2.1054938778502823,6.0,6.13408955940973,6.0,13.188284116751746,9.0,25.577746533354173
template_projection,ridge_10,4435,4100.0,4428.937102071021,2.0,-42.290589932637076,2.0,4.929213452296077,131.0,125.82227490140568,205.0,220.0125929237556,216.0,247.37942630586215
template_projection,ridge_10,4436,4900.0,4805.166549186181,1.0,7.60187171718686,95.0,89.24985275184373,121.0,121.48330134516806,328.0,285.15410598900246,280.0,320.18000272069384
template_projection,ridge_10,4437,600.0,628.999552724675,21.0,25.905519113008538,2.0,0.572874393712004,54.0,52.11886167820368,13.0,19.362011294778057,39.0,34.84598719190032
template_projection,ridge_10,4438,1100.0,1087.2446440019194,3.0,9.035492462218599,3.0,5.616311654329561,43.0,42.02100475170914,107.0,80.06023175945596,111.0,90.57751348626721
template_projection,ridge_10,4439,600.0,588.7140911195635,160.0,163.93868572081126,14.0,13.736550761240938,12.0,14.318822834410462,63.0,66.3455357340173,104.0,95.9251895864764
template_projection,ridge_10,4440,1000.0,1253.0610969187414,120.0,117.62705605428302,22.0,24.3377738664839,42.0,44.00799464072692,142.0,164.4122834884549,244.0,222.16517319680054
template_projection,ridge_10,4441,400.0,522.3206302677511,90.0,98.65859242732677,5.0,4.824757035274397,15.0,14.348490430745038,25.0,76.59664821531466,157.0,116.06762350764183
template_projection,ridge_10,4442,1100.0,2413.732108924862,130.0,137.35048844048643,31.0,40.678244668975466,58.0,25.52618066817662,154.0,153.64945458690943,189.0,170.02051422756296
template_projection,ridge_10,4443,1200.0,1253.3888019448118,160.0,149.09721060252184,2.0,5.18046050624427,57.0,53.75637876653139,150.0,127.32573348994,150.0,169.24601806599725
template_projection,ridge_10,4444,1600.0,1661.4115823814593,3.0,1.2440893864451468,18.0,44.49686751894894,83.0,84.68893417830624,89.0,50.2939906871903,104.0,34.51281374210335
template_projection,ridge_10,4445,6300.0,5853.3753102811215,2.0,-0.5671184197236911,63.0,65.19649897037034,133.0,133.32961223157764,249.0,271.51139426246203,299.0,281.05855149477185
template_projection,ridge_10,4446,700.0,750.7451732608176,113.0,113.11836991614405,7.0,9.337089372532429,10.0,14.413819347046093,49.0,53.80788544384254,87.0,71.38317131189835
template_projection,ridge_10,4447,300.0,197.1187800126463,87.0,62.46107698834707,6.0,11.11064107881912,6.0,8.373594370672556,14.0,11.05272718131333,15.0,24.62855981642842
template_projection,ridge_10,4448,500.0,811.9250083490238,225.0,209.13879675496577,10.0,16.230725730367222,19.0,7.3974657544652445,54.0,58.96084390293572,66.0,84.81778778159833
template_projection,ridge_10,4449,500.0,589.7067710591527,62.0,62.469583808696605,2.0,0.9464413510588976,36.0,34.92852782203691,30.0,22.66967555748481,30.0,35.16374052689751
template_projection,ridge_10,4450,100.0,117.79499285265001,64.0,64.89826376478315,2.0,2.1159401186307534,2.0,3.758236016935278,5.0,-0.8439707543997486,9.0,10.16789134719717
template_projection,ridge_10,4451,400.0,497.5367456993466,45.0,45.32420485665853,21.0,15.414859483248081,25.0,25.199872921435094,8.0,26.600246568389984,45.0,44.52174948783794
template_projection,ridge_10,4452,1000.0,1029.3159502618505,161.0,157.32807341461776,22.0,23.121892448904752,31.0,30.155134617652774,112.0,100.64589847316424,127.0,135.60115227653412
template_projection,ridge_10,4453,500.0,501.6333760560768,35.0,36.91671267750881,2.0,2.0538066812903004,27.0,27.756427961760483,12.0,9.7327420056955,23.0,22.70211582917264
template_projection,ridge_10,4454,900.0,1337.0888109876776,21.0,11.198951888983117,8.0,11.532308283604815,25.0,33.82274305307425,165.0,135.21908559645982,172.0,179.47544979921923
template_projection,ridge_10,4455,800.0,664.7500715386767,220.0,210.86612581468768,15.0,16.83690830398164,11.0,12.025590219148526,64.0,65.74813194244149,94.0,95.12200631106428
template_projection,ridge_10,4456,600.0,585.6531194771721,169.0,162.64720374510807,5.0,6.861362887947248,20.0,19.25949632814409,46.0,35.541511889827575,46.0,53.77342557366434
template_projection,ridge_10,4457,300.0,360.5583823262301,79.0,69.53202623981419,6.0,8.795586986733046,33.0,32.1034381116262,15.0,20.05463842504203,45.0,41.40815601182413
template_projection,ridge_10,4458,600.0,1368.5020785377137,33.0,74.45145227132654,2.0,-15.226592749948876,54.0,40.99874568775007,23.0,45.93599507124243,23.0,35.955376450379205
template_projection,ridge_10,4459,8800.0,8287.147572702355,2.0,-34.81817166685909,14.0,31.452736883616964,162.0,157.15070990674838,416.0,418.2457116266972,430.0,419.4148811611517
template_projection,ridge_10,4460,3500.0,3303.823656839434,2.0,5.018587813525642,35.0,32.4706041541991,72.0,64.27649114679484,75.0,95.16845839196405,75.0,84.29810162932506
template_projection,ridge_10,4461,1900.0,1053.8182086258623,8.0,-14.30223360164841,61.0,63.248039516993536,72.0,70.44766916865592,80.0,86.38641683183445,105.0,131.7328357256978
template_projection,ridge_10,4462,1400.0,1220.069892118133,3.0,6.175120923063496,4.0,3.8825261459470557,56.0,57.37349070412811,128.0,145.00958493737238,216.0,197.48886084085262
template_projection,ridge_10,4463,400.0,717.2811842745164,60.0,54.53451635464657,2.0,9.522565426169228,21.0,22.772217330599293,16.0,-3.3083301472214117,16.0,3.982802347074511
template_projection,ridge_10,4464,1800.0,1871.5321051400622,2.0,1.0100744899342047,22.0,22.8572827241036,132.0,130.3290722771382,88.0,127.47096783889802,196.0,169.69769402921963
template_projection,ridge_10,4465,600.0,565.0019187862217,27.0,35.95077247712365,3.0,-8.16676263107104,14.0,14.708986772747444,29.0,36.73348891295355,29.0,47.439756630896184
template_projection,ridge_10,4466,1700.0,1773.3176153342852,28.0,43.12165467771784,86.0,77.2535194348327,61.0,60.49543437521015,107.0,100.2879570390113,114.0,131.9644711154125
template_projection,ridge_10,4467,900.0,780.7603169274374,162.0,144.14223290150272,20.0,22.487255111047723,74.0,70.03051710372145,65.0,53.05368705827536,65.0,85.49496249515863
template_projection,ridge_10,4468,600.0,575.1752669206304,17.0,62.87669046433898,20.0,9.342125295967517,42.0,36.54282649490766,15.0,6.006675442994137,15.0,24.24730657265779
template_projection,ridge_10,4469,1900.0,1702.773661631678,2.0,-0.40821993810347124,10.0,12.06206509051039,47.0,47.94388619805014,53.0,57.35058302307894,70.0,62.156647324589066
template_projection,ridge_10,4470,300.0,338.2465606053819,26.0,28.359378385364067,2.0,1.2526244287223562,9.0,10.863205322817237,10.0,3.69836766542349,10.0,12.571843899213803
template_projection,ridge_10,4471,200.0,45.10458038289835,70.0,71.1994314909576,2.0,1.426313163070656,3.0,6.579031657406041,13.0,4.853615501469861,13.0,20.016354250325804
template_projection,ridge_10,4472,3500.0,3239.253623258912,2.0,-5.721768062975613,26.0,27.873018717037965,92.0,99.19322481631211,166.0,156.036080961758,166.0,171.7296869816465
template_projection,ridge_10,4473,300.0,335.66819400139855,47.0,51.05510645048116,5.0,3.5660101394040478,19.0,18.792328978094815,3.0,-0.8060235888534635,5.0,8.522031411027015
template_projection,ridge_10,4474,200.0,435.6891102832228,95.0,91.63449584556054,2.0,-5.139256277031025,2.0,-3.3733455794664593,18.0,23.251669182882665,20.0,29.65526672375995
template_projection,ridge_10,4475,1400.0,1462.7877458905969,2.0,7.317512502359257,2.0,12.669018714258263,96.0,97.18481592457408,46.0,16.913293999717617,66.0,46.210625112631256
template_projection,ridge_10,4476,600.0,433.70151734524507,46.0,41.08010479897391,5.0,1.0395028179510515,39.0,44.64521176306301,10.0,13.844708144727932,32.0,40.069025681595335
template_projection,ridge_10,4477,800.0,974.8357793727669,2.0,-5.2904870344219574,2.0,2.9918742846119297,82.0,83.44725396666102,41.0,47.07141702752498,81.0,78.26036253003161
template_projection,ridge_10,4478,300.0,341.9275563224079,90.0,90.9325078902381,10.0,8.942664493545454,11.0,12.206567876086979,18.0,16.52256162510053,33.0,32.701095381926805
template_projection,ridge_10,4479,500.0,702.9419692735396,22.0,31.276094009495814,2.0,-3.5594912803064123,49.0,48.27028981490345,17.0,13.984308076919902,18.0,28.26838198370713
template_projection,ridge_10,4480,400.0,463.9497765107807,2.0,7.783038785250419,3.0,1.0811753785672131,50.0,48.96889144568272,12.0,11.428044367129843,24.0,26.69924518574949
template_projection,ridge_10,4481,5700.0,5388.410344969886,4.0,6.6261278518740525,8.0,9.034661715121175,104.0,110.59971736874134,368.0,353.78967845900684,393.0,390.7732492109892
template_projection,ridge_10,4482,500.0,324.6786887069808,199.0,187.61984001645646,3.0,5.363390538433729,12.0,15.975507126429527,72.0,54.50511885626928,72.0,83.33797678555857
template_projection,ridge_10,4483,700.0,1219.800875516394,118.0,117.62901150085244,25.0,23.005578291928007,22.0,16.7380609838305,94.0,97.11596711474697,120.0,127.49084248002359
template_projection,ridge_10,4484,400.0,738.0064786713751,72.0,54.143556883178775,3.0,10.252331989179243,8.0,6.638245119841528,17.0,22.15733569497489,21.0,21.74985713258036
template_projection,ridge_10,4485,3200.0,2890.890084596119,2.0,-3.5660337467784515,2.0,5.5408651148477475,76.0,78.0139556889453,137.0,131.2361164286709,137.0,134.2120789961252
template_projection,ridge_10,4486,1100.0,939.3700652022484,7.0,9.934116947411518,9.0,7.516293746602042,66.0,65.81823302816913,39.0,44.995256158248374,62.0,63.33883870006452
template_projection,ridge_10,4487,600.0,710.3513307653844,44.0,53.501077827468045,28.0,21.440856447591695,33.0,31.987515354086625,11.0,21.45902130396987,27.0,33.84680460420515
template_projection,ridge_10,4488,200.0,263.1806861249448,84.0,82.84701621814662,10.0,8.661277405054644,22.0,19.878171873279335,18.0,14.211952013245053,24.0,32.95551690981324
template_projection,ridge_10,4489,2300.0,2647.999597013438,26.775,29.808647347350423,21.0,23.23550950334708,183.0,170.56654991579285,306.0,273.6364654418152,331.0,359.12616263243433
template_projection,ridge_10,4490,2100.0,1992.2971875030883,7.0,3.9355921572975774,2.0,4.904597039978663,51.0,49.20380591666686,53.0,52.82294581960144,53.0,50.89144046856191
template_projection,ridge_10,4491,1600.0,1584.4791179214362,111.0,112.74440241066168,2.0,3.60433452754798,14.0,8.016365857571557,272.0,235.43549860633166,272.0,299.8788647941908
template_projection,ridge_10,4492,6100.0,5870.992214142599,9.0,7.919109395085123,84.0,82.50927717142854,106.0,110.98128183355104,379.0,357.69904384599295,379.0,395.56946366674197
template_projection,ridge_10,4493,2000.0,1802.7282001192093,1.0,11.342999584026742,13.0,5.265265461945704,91.0,90.23526274281453,62.0,106.51767253630462,146.0,133.78968470843742
template_projection,ridge_10,4494,200.0,434.31299421732524,110.0,115.4607886290753,2.0,8.820379479017639,16.0,28.268289191211174,56.0,207.53132377266525,445.0,298.9592837509948
template_projection,ridge_10,4495,700.0,799.2651448359936,35.0,55.129274072396704,7.0,-3.176314779545441,22.0,24.80963063793726,30.0,32.35235854095741,30.0,29.27824261093977
template_projection,ridge_10,4496,4700.0,4331.914346267222,2.0,22.439767388872944,64.0,60.41562555388854,114.0,123.254561447865,276.0,244.9993813122756,276.0,278.1198535228942
template_projection,ridge_10,4497,700.0,610.681055922562,152.0,145.89519976311294,7.0,7.056223487209797,28.0,25.839862032661244,31.0,39.432006354483505,55.0,59.07893111510765
template_projection,ridge_10,4498,300.0,1400.0146208470076,69.0,97.11720090471613,2.0,-4.6757593768899515,26.0,22.573546900117403,10.0,28.2742886296474,39.0,15.14100988920434
template_projection,ridge_10,4499,1300.0,1251.0395958244408,30.0,31.771125011359114,10.0,8.330596901331724,27.0,29.17857982450367,33.0,31.541309958794187,33.0,34.076490494614944
template_projection,ridge_10,4500,700.0,767.1564221749206,1.0,3.7233833523436104,2.0,2.5326395266306765,49.0,48.81307065920044,12.0,26.611308517794036,55.0,41.025618171210084
template_projection,ridge_10,4501,500.0,502.4467759505053,46.0,47.83795101069473,10.0,9.779203677118531,20.0,20.7341835120641,24.0,14.86331178675104,24.0,27.93602478053174
template_projection,ridge_10,4502,400.0,457.80050145991163,127.0,125.64409151060798,6.0,6.594278427135361,25.0,26.775979186037937,32.0,45.230429304398115,80.0,69.9746690102638
template_projection,ridge_10,4503,400.0,434.83046593948654,41.0,39.60927517086088,5.0,4.8415269097977305,9.0,11.311398202705043,13.0,13.186265419683934,25.0,23.342453489614286
template_projection,ridge_10,4504,400.0,466.9080780745286,13.0,15.649711505143223,2.0,-0.6399686587981126,47.0,45.79026079465212,5.0,7.275296546978851,13.0,19.679558255390077
template_projection,ridge_10,4505,2100.0,1786.8986959608974,4.0,-0.7015396415790534,14.0,26.243880585748265,95.0,83.86421821252,158.0,117.88258605804809,144.0,158.1459478378769
template_projection,ridge_10,4506,900.0,304.69817829424676,60.0,59.30449811406573,20.0,29.497731492599755,86.0,87.15105113750988,90.0,81.56500632885476,155.0,137.76458036829294
template_projection,ridge_10,4507,300.0,138.1796153790317,99.0,101.89130700278287,2.0,4.34295184669582,8.0,9.774985804093838,6.0,8.45163778016169,33.0,21.88384494520109
template_projection,ridge_10,4508,200.0,274.5252205163596,91.0,97.46102723540255,4.284,3.4351321130705337,34.0798,38.415553962596306,3.0,3.073223792203123,27.0,18.14235093404291
template_projection,ridge_10,4509,700.0,638.7219269782214,31.0,36.579616011106964,3.0,2.861763883820741,14.0,17.97029378243385,49.0,38.78821746229662,57.0,55.17430421670325
template_projection,ridge_10,4510,1600.0,1646.7917828176187,5.0,10.677218711672793,26.0,22.5148591379483,57.0,55.73723255907112,77.0,73.54533092529869,76.0,86.1093094144684
template_projection,ridge_10,4511,700.0,561.8043952405168,144.0,118.0472836389824,7.0,12.032506036701353,43.0,38.92503171374253,42.0,38.671385119265224,42.0,55.10014482859327
template_projection,ridge_10,4512,300.0,414.1481767605442,66.0,66.91811360262372,2.0,2.6086481447178276,15.0,16.913330511498515,20.0,31.471251734050867,67.0,52.73940956716795
template_projection,ridge_10,4513,800.0,691.5667835625778,52.0,54.857413688221726,2.0,3.510329367892682,43.0,45.65657483101508,50.0,32.59260729851928,53.0,52.516927759043064
template_projection,ridge_10,4514,700.0,666.3495792570009,60.0,60.474342743058955,2.0,2.372341376711258,6.0,8.675853952975146,6.0,3.1258071461958963,6.0,4.819068881226016
template_projection,ridge_10,4515,1400.0,1383.1182539190818,30.0,34.526349157190545,3.0,-3.194821342765353,89.0,83.68078752503939,93.0,93.54609260824321,93.0,114.21228144891575
template_projection,ridge_10,4516,500.0,742.2284706204312,2.0,9.793268754401325,2.0,10.68343833150008,47.0,48.50367359489508,7.0,9.726202129570979,36.0,3.0150164284826957
template_projection,ridge_10,4517,2600.0,2936.9080276335662,23.0,33.020808639681064,50.0,48.24827224944828,111.0,107.3953709838448,169.0,157.76687837659142,184.0,186.35263608561712
template_projection,ridge_10,4518,900.0,1005.9696600315042,27.0,26.449688528608746,15.0,7.146188527751288,48.0,39.41623047964223,18.0,46.3810660955072,36.0,52.69632320647664
template_projection,ridge_10,4519,700.0,723.725922864622,93.0,92.03078916985584,27.0,26.573140150964264,32.0,31.853266733545738,72.0,56.587387730160806,72.0,83.76256081243648
template_projection,ridge_10,4520,400.0,190.06707412949208,33.0,55.036133763346555,2.0,20.03459513803098,44.0,43.286690164039754,14.0,-28.284621446363687,14.0,-26.757245226010554
template_projection,ridge_10,4521,1000.0,1213.1139281722358,63.0,52.856022748908735,14.0,14.39275974629073,52.0,49.03007083657778,27.0,25.23513612766451,27.0,28.588942112258522
template_projection,ridge_10,4522,200.0,154.35363487052905,46.0,70.43614280090424,3.0,-14.942564933814813,25.0,13.70554550944238,4.0,39.0574857618298,49.0,67.13386470348749
template_projection,ridge_10,4523,1600.0,1677.235845651338,46.0,45.720687565407154,23.0,24.39297883424156,29.0,31.121863639331217,114.0,100.25652946293694,114.0,115.48481271187104
template_projection,ridge_10,4524,700.0,759.8646817698709,44.0,49.65069037927983,14.0,11.474813014962539,27.0,25.69149701220369,14.0,17.942894448991105,24.0,26.968584916501314
template_projection,ridge_10,4525,2000.0,2024.2521495893052,181.0,186.1036403399079,68.0,64.44031422267915,44.0,42.082577325697855,81.0,108.29165054977885,148.0,132.57632827284098
template_projection,ridge_10,4526,800.0,756.6441920442885,89.0,88.29035821959974,2.0,3.649513783363771,19.0,21.31558633457936,98.0,77.48311126639508,98.0,104.54952756258542
template_projection,ridge_10,4527,400.0,383.1305659281327,150.0,149.6262129152595,2.0,1.8143760641494957,11.0,12.565224960905766,24.0,16.6169399041234,24.0,29.029492782797888
template_projection,ridge_10,4528,700.0,360.0012139466487,2.0,50.72740822566999,2.0,-10.548885465599964,7.0,22.597297998014582,25.0,1.7996587544281226,25.0,19.98237572151436
template_projection,ridge_10,4529,1100.0,1051.4323172618624,42.0,49.168338350594254,29.0,24.333939298682708,33.0,31.562286721348116,48.0,48.722016993434075,53.0,59.294898937337315
template_projection,ridge_10,4530,600.0,1058.952263543981,3.0,8.687536138671689,7.0,5.463083973592166,103.0,95.56141226806261,64.0,93.38177119955157,150.0,134.71378651833408
template_projection,ridge_10,4531,100.0,288.05239847256973,72.0,74.71269256777256,24.0,22.879428001254944,32.0,32.27915840081772,59.0,54.85455819433171,90.0,90.91207508816795
template_projection,ridge_10,4532,600.0,747.9109077995532,18.0,23.78918890538865,9.0,6.317993054697659,58.0,55.642707755464244,11.0,20.496476773524925,36.0,36.52426895853115
template_projection,ridge_10,4533,3600.0,2398.6295058614683,2.0,27.579904553375226,2.0,6.015343907205013,138.0,130.25493227283405,279.0,217.15817540643457,279.0,296.8823631395864
template_projection,ridge_10,4534,400.0,345.30452225022395,28.0,26.119331398345285,3.0,2.4370637207086467,24.0,25.622121459213947,11.0,7.17684877038451,11.0,19.197512590736352
template_projection,ridge_10,4535,700.0,473.6600006566256,42.0,50.20611954862669,6.0,7.4694507694423375,25.0,14.984717999333164,12.0,7.990581711032291,14.0,27.88623210837244
template_projection,ridge_10,4536,300.0,256.43996621481574,121.0,108.61246625375313,2.0,15.32086583615038,13.0,23.3683263315295,37.0,13.030179121122657,49.0,32.37613793902139
template_projection,ridge_10,4537,400.0,413.5993307179174,159.0,155.41774493353768,4.0,5.1909577898833845,18.0,17.898372865965143,13.0,33.73376198550049,72.0,56.72231306761668
template_projection,ridge_10,4538,1900.0,1275.0642920990344,1.0,17.991068156586806,8.0,-1.7728685487081268,119.0,109.75641614585393,203.0,200.8676036358578,219.0,236.6135397388194
template_projection,ridge_10,4539,1500.0,1640.7750546506993,8.0,7.200278184007416,3.0,3.02018539064915,158.0,157.20040863886885,197.0,177.80856553243797,230.0,244.37984818006677
template_projection,ridge_10,4540,1500.0,1420.678755925858,86.0,88.74014523393829,5.0,-5.60436070584972,33.0,36.40838174372952,103.0,100.09669109479893,114.0,125.5135063621542
template_projection,ridge_10,4541,1300.0,1265.0077786145612,78.0,90.6112352713439,38.0,32.992167087130305,61.0,56.70791763765565,90.0,117.16506199408491,180.0,163.98654397075254
template_projection,ridge_10,4542,700.0,497.9341249959389,126.0,119.8451943993139,2.0,3.9105936195654873,34.0,37.42971773750898,50.0,59.391798301787134,101.0,92.55105167548454
template_projection,ridge_10,4543,1400.0,1244.2521325736811,16.0,36.36168448458854,24.0,15.502083804548885,74.0,80.1825372890936,106.0,104.41197439830677,123.0,113.41826795581393
template_projection,ridge_10,4544,300.0,380.6400360643581,38.0,30.28618645065653,3.0,1.3788444460852727,33.0,33.974892528539684,3.0,4.543736521640639,3.0,15.660468682555148
template_projection,ridge_10,4545,900.0,833.4474002108418,127.0,122.18788876336339,11.0,13.644950535035367,28.0,29.507637367159177,59.0,46.49002406392546,60.0,62.79891517101028
template_projection,ridge_10,4546,500.0,402.72982572100807,59.0,45.40876663847101,18.0,21.480149027733002,23.0,25.676940055318823,16.0,13.888256200168769,42.0,47.81312223384807
template_projection,ridge_10,4547,1300.0,1440.4241764923008,33.0,34.02293035216002,15.0,15.788503114776015,90.0,81.76304870990876,75.0,86.63926791350885,104.0,110.96381485952573
template_projection,ridge_10,4548,2200.0,2181.8459563925417,1.0,1.1125775836888039,19.0,19.536633065808132,47.0,49.609656163064656,64.0,92.75550230152842,120.0,95.75511572043676
template_projection,ridge_10,4549,1200.0,1105.1358258166226,20.0,16.633561977247084,2.0,5.111902495109097,66.0,64.80718774044404,31.0,34.4615935306592,58.0,51.0726855854857
template_projection,ridge_10,4550,800.0,764.9858757830798,7.0,5.160057878517868,19.0,18.87251232525084,50.0,50.69843419035672,37.0,25.720612357895988,29.0,40.808472311152556
template_projection,ridge_10,4551,2000.0,2179.0923672707017,59.0,61.870476980522184,37.0,38.02031195905061,140.0,138.41782094455294,280.0,249.18238570082127,311.0,329.61816247024444
template_projection,ridge_10,4552,800.0,885.1879584723292,14.0,15.312531330203697,4.0,3.1459580630083632,48.0,46.4014008245624,47.0,46.1114403506938,60.0,61.8725836704077
template_projection,ridge_10,4553,2100.0,1915.318942166388,1.0,-0.4290939764510213,13.0,14.065856088556442,71.0,73.56408843786139,75.0,96.18822613010708,142.0,124.25372476270555
template_projection,ridge_10,4554,600.0,583.5054684499706,149.0,145.98546694162573,31.0,30.40023759446748,32.0,37.95919497744919,78.0,62.60186112798938,103.0,99.45392501629372
template_projection,ridge_10,4555,300.0,428.8372707025518,103.0,106.47827121198206,2.0,0.7015242252183889,17.0,10.848113373504013,15.0,19.41118239753947,25.0,27.46843464763738
template_projection,ridge_10,4556,900.0,751.3305967320293,312.0,284.3845920642161,2.0,8.956871289976139,33.0,31.450101324538533,86.0,75.26972788777587,100.0,110.64877092123426
template_projection,ridge_10,4557,500.0,460.4605337157269,35.0,30.30589679925093,13.0,13.104208056090728,45.0,47.646070808144366,15.0,5.534322118684258,15.0,22.41246503265684
template_projection,ridge_10,4558,2100.0,2078.372518393581,4.0,9.06651028364682,3.0,4.60942472947279,49.0,54.16481495005705,227.0,228.9953447213177,307.0,287.17400311742074
template_projection,ridge_10,4559,1000.0,1053.6939621299648,100.0,105.11107611639774,3.0,-0.5131395410246835,19.0,16.449013508815455,66.0,56.25812515875904,66.0,76.14583482478449
template_projection,ridge_10,4560,600.0,656.0708786332765,173.0,155.11741366387224,10.0,10.8204482433547,64.0,61.848739636273805,49.0,26.21593561613497,25.0,54.544851400247055
template_projection,ridge_10,4561,700.0,756.0185142833527,27.0,30.240235315850995,3.0,1.7812310823197688,51.0,47.60029805668359,16.0,18.5045622013371,29.0,31.46496682896492
template_projection,ridge_10,4562,1000.0,1168.5813555753089,124.0,126.27435517872162,44.0,43.14935381955209,66.0,67.39373694702797,154.0,158.34113264418818,228.0,221.09956780379588
template_projection,ridge_10,4563,8200.0,7614.098635305502,9.0,4.359006208752348,101.0,101.92975358380221,103.0,109.40653704973407,316.0,336.76326945046713,347.0,332.38040492583264
template_projection,ridge_10,4564,2700.0,3082.4011160955915,113.0,111.79980941620018,32.0,43.65309214967427,82.0,78.51657433461307,263.0,209.41164871678913,263.0,244.46210094330831
template_projection,ridge_10,4565,700.0,710.9497482095354,56.0,60.13487599477821,2.0,-0.980287720324009,17.0,14.495730609041281,11.0,18.242823704303184,21.0,22.993866944873744
template_projection,ridge_10,4566,300.0,318.0554254393977,81.0,81.38881039446404,2.0,1.8870352618005146,16.0,16.332899616566564,18.0,24.09353749309779,46.0,41.457987199085444
template_projection,ridge_10,4567,300.0,260.35301756975446,73.0,73.51710354305366,2.0,4.4140993112189975,26.0,29.19427470284684,22.0,21.69745579291815,56.0,47.297621580484154
template_projection,ridge_10,4568,300.0,585.5010770889917,68.0,67.42620776649986,4.0,3.834550001758428,3.0,2.2433603157608317,7.0,9.50317081066396,17.0,10.597015697625963
template_projection,ridge_10,4569,300.0,392.3214131782016,90.0,100.21571555091126,2.0,14.998201580158575,9.0,7.737532948875071,15.0,-8.348125063865055,48.0,21.110278482451605
template_projection,ridge_10,4570,1100.0,1278.0897904823075,58.0,61.8872100398928,26.0,32.74757148226406,35.0,47.31435004964988,69.0,247.15076152169618,514.0,352.5529240741247
template_projection,ridge_10,4571,1500.0,1205.128132054369,2.0,5.9409241977130876,3.0,1.9384249281921324,33.0,39.444121185576535,12.0,21.82167474667216,34.0,22.048589135951772
template_projection,ridge_10,4572,400.0,251.9522145935158,162.0,155.88103073946417,4.0,5.706022877492039,29.0,26.803831810940384,32.0,31.6128324714187,53.0,55.7905953785865
template_projection,ridge_10,4573,1300.0,191.1310442131728,68.0,64.73237933435882,2.0,15.812296411726994,13.0,8.067370424837634,51.0,15.017758836102644,51.0,31.126250467864082
template_projection,ridge_10,4574,1000.0,1036.9919063640523,17.0,-34.56082124791038,2.0,14.940877497053787,42.0,40.85999297556928,123.0,117.58496060615619,123.0,128.9297941506637
template_projection,ridge_10,4575,1800.0,1690.8209892114314,16.0,-48.15232669647658,2.0,36.76527814535888,75.0,69.83647365133542,119.0,83.75321470150597,119.0,128.00336584946515
template_projection,ridge_10,4576,400.0,315.0586907814443,42.0,37.03564070937227,4.0,6.4770237503214485,33.0,35.82470381302675,17.0,15.677866260077764,36.0,30.092127326285933
template_projection,ridge_10,4577,800.0,504.4136645937559,96.0,69.76714330821746,3.0,12.039689274760184,54.0,53.82634265964096,50.0,68.00422247828354,124.0,108.36670555068916
template_projection,ridge_10,4578,200.0,-256.3162082986721,57.0,44.79343624439179,3.0,5.026846151394107,12.0,15.04071183686495,8.0,-4.3070364563624395,13.0,26.847680445007796
template_projection,ridge_10,4579,700.0,669.3601543170329,51.0,51.84023987577384,11.0,9.529539317615246,27.0,26.292158245546386,17.0,20.33366701854301,29.0,32.102737467440036
template_projection,ridge_10,4580,2500.0,2457.961265922072,1.0,7.820887503234118,53.0,50.96997955847694,80.0,78.93858236538429,121.0,131.91807790839724,163.0,156.24932783416827
template_projection,ridge_10,4581,500.0,475.2636391955914,85.0,84.9605219918343,2.0,2.240084747300223,30.0,29.36340355152696,28.0,19.255563305456143,28.0,34.0571632252001
template_projection,ridge_10,4582,800.0,736.6295930554147,65.0,56.56779768770075,2.0,7.68899037042595,9.0,15.310219834749738,9.0,17.5789885145101,41.0,17.999735137221805
template_projection,ridge_10,4583,1700.0,1575.8798171549963,7.0,27.667633355817458,2.0,-3.6984424039501267,32.0,24.144138477416448,31.0,39.86768906370645,31.0,36.58295297014702
template_projection,ridge_10,4584,300.0,507.3269883119882,84.0,84.65482717758321,14.0,14.882891569256271,16.0,20.640143767981503,22.0,0.8722121053168195,5.0,4.7807915909847765
template_projection,ridge_10,4585,700.0,750.4266222925654,121.0,114.7627063493754,10.0,12.120071014473579,41.0,40.67042786245868,44.0,38.90662392961671,66.0,61.92736770352567
template_projection,ridge_10,4586,2200.0,2117.077134282932,38.0,35.38952329788684,2.0,4.208482412372463,78.0,79.44553198215075,170.0,158.7541775867836,189.0,192.09774661073445
template_projection,ridge_10,4587,200.0,-342.5142071127177,61.0,58.04884839873713,2.0,8.222888675512372,8.0,2.329410719566198,11.0,0.16772206697615388,12.0,20.0463089061371
template_projection,ridge_10,4588,200.0,230.14692013671288,73.0,73.57487345206312,2.0,0.3213035940426412,17.0,19.07236824407237,16.0,8.241973493494811,16.0,23.157036855740387
template_projection,ridge_10,4589,2300.0,2406.9942864053746,3.0,8.731255047706561,44.0,41.59251552112604,81.0,80.44794318620956,144.0,139.76244037435822,162.0,166.2956634800252
template_projection,ridge_10,4590,800.0,828.2686211242178,93.0,136.3025795088713,6.0,-2.0539461609078966,58.0,68.37572135772301,40.0,34.4773253274916,88.0,49.65710211583246
template_projection,ridge_10,4591,500.0,456.2596599353391,73.0,73.54882926068201,2.0,1.0164530922848414,30.0,27.19312783919083,26.0,19.149711226930208,26.0,35.63593601310852
template_projection,ridge_10,4592,700.0,669.7392198546903,72.0,70.22988893751858,4.0,4.13624566545451,39.0,37.77979581109108,29.0,22.726001871325884,29.0,35.690938004817625
template_projection,ridge_10,4593,300.0,420.54810071777365,134.0,126.97156844618613,2.0,4.751104559705116,26.0,23.623765321655647,13.0,30.708322638460253,69.0,60.25647842821712
template_projection,ridge_10,4594,1600.0,1572.5098356450735,84.0,83.09579132028745,11.0,11.03293502411568,54.0,57.908477077105076,155.0,129.9124912807739,175.0,176.19329108209524
template_projection,ridge_10,4595,700.0,634.9702129668201,20.0,22.37115798371773,13.0,18.882509872668074,62.0,64.14843238986822,28.0,22.792945726105316,47.0,30.286492401081773
template_projection,ridge_10,4596,500.0,472.2836781734319,56.0,55.6916504345125,5.0,4.511091324462733,7.0,7.935801088657975,16.0,13.722664863914233,24.0,24.000266482060752
template_projection,ridge_10,4597,1000.0,838.2764876014994,5.1408,8.500734929476742,20.0,16.220752999129477,46.0,46.89356742182252,40.0,36.20742982780803,41.0,56.38549800828606
template_projection,ridge_10,4598,400.0,338.10841246209316,70.0,65.67847455106362,2.0,-0.15560859145062444,16.0,24.65572518111622,7.0,13.003445775437768,29.0,22.92848214165113
template_projection,ridge_10,4599,500.0,537.5169711640498,30.0,34.92058156860162,18.0,15.449203712120074,24.0,26.491317221976857,7.0,2.743667733035565,9.0,12.368689748224355
template_projection,ridge_10,4600,2800.0,2868.554302145123,2.0,3.6856692577676853,7.0,9.849382815329005,52.0,59.76150011890645,97.0,91.94130022034423,97.0,77.00531073655227
template_projection,ridge_10,4601,1000.0,1242.10925538156,145.0,132.60546631130336,7.0,11.078642825817195,22.0,24.896715642860908,182.0,156.21450545509416,182.0,184.9492466986065
template_projection,ridge_10,4602,400.0,822.596726484983,31.0,20.35416085372392,22.0,28.594010172339352,32.0,8.984092393125245,10.0,18.69098187909926,9.0,13.084487990785235
template_projection,ridge_10,4603,800.0,1042.5640780819408,32.0,48.773763264838735,8.0,-1.7314707791139963,57.0,50.63861639689687,37.0,35.290369338705986,37.0,52.21406006055227
template_projection,ridge_10,4604,1600.0,1606.9712360759518,7.0,6.414978536652114,23.0,22.225111590643927,80.0,78.1461673480562,39.0,45.261771277933846,49.0,51.79288839671003
template_projection,ridge_10,4605,800.0,593.0933690063657,195.0,169.96945525921763,4.0,8.535430165507691,20.0,29.817281029051802,90.0,76.4278396617196,90.0,100.36840237000807
template_projection,ridge_10,4606,2300.0,2177.717157440486,32.0,24.658061722853176,26.0,28.217772756934487,61.0,64.9554445368125,159.0,142.6178900522853,159.0,169.12837983859805
template_projection,ridge_10,4607,4000.0,3826.508460574615,5.0,9.85227915621769,60.0,58.22655965955371,110.0,112.7155979055485,165.0,168.03999574689513,183.0,177.83588997531487
template_projection,ridge_10,4608,600.0,554.5583373868393,117.0,109.60167086229742,5.0,7.54013903504821,13.0,14.242044824482747,39.0,28.286002876791272,40.0,44.61266918773389
template_projection,ridge_10,4609,400.0,225.44937124928947,45.0,74.08138855857494,17.0,7.988032002759681,24.0,19.228203698014774,18.0,16.958537304874596,5.0,19.204080652078844
template_projection,ridge_10,4610,900.0,839.176170348361,3.0,-6.326540953597011,5.0,4.6326418764290445,65.0,65.20048870686531,25.0,22.534742470310803,25.0,34.02791220804305
template_projection,ridge_10,4611,200.0,-7.558346533242229,43.0,50.23217901956672,2.0,-0.458266322124425,5.0,7.2340383237178685,4.0,-1.6861158700892673,9.0,15.434293912333487
template_projection,ridge_10,4612,1100.0,971.2132666579998,8.0,9.46271441382634,7.0,6.825993399771823,44.0,40.46973438781938,44.0,42.33718762125948,44.0,51.13323739969109
template_projection,ridge_10,4613,400.0,347.34284606579354,155.0,147.4000041065193,2.0,4.887014305163509,20.0,18.834490784339227,74.0,55.648315743770056,74.0,86.38953309773021
template_projection,ridge_10,4614,800.0,729.5073860678866,57.0,56.83808287822152,13.0,14.24029244592526,27.0,29.69223110174511,32.0,45.21458990395656,85.0,66.88673098620984
template_projection,ridge_10,4615,1000.0,978.8968193608691,17.0,7.979078292720665,16.0,18.114018959489254,76.0,79.09062084261934,46.0,42.40465038997688,58.0,61.55820965537143
template_projection,ridge_10,4616,700.0,705.0024023922688,22.0,21.817543919641643,2.0,3.9730210496964276,65.0,64.12734633323373,48.0,65.43926785775422,116.0,99.56389173830482
template_projection,ridge_10,4617,900.0,985.8026281366531,10.0,11.461095526003454,2.0,5.491485750528874,40.0,58.83087659464789,37.0,12.79170320645241,41.0,25.048696417706722
template_projection,ridge_10,4618,800.0,695.2391926944154,33.0,35.364917834122046,2.0,6.738921661653311,22.0,16.96662999154845,90.0,65.80271085345453,90.0,92.7720391531312
template_projection,ridge_10,4619,800.0,854.8158272998371,38.0,40.40800627405244,3.0,4.241125072260168,32.0,32.91629654613726,111.0,88.10865761682821,113.0,120.23897447100327
template_projection,ridge_10,4620,500.0,741.7134855691056,76.0,87.01420382895216,2.0,-5.231239294565926,5.0,4.344394607071187,31.0,29.89532629734608,31.0,42.46554611826411
template_projection,ridge_10,4621,1900.0,2266.643262877249,0.4284,9.187260444402867,4.0,5.659999639501017,86.0,92.85964001456408,170.0,145.75321739446264,188.0,182.14573345416505
template_projection,ridge_10,4622,600.0,866.1101029060324,94.0,110.57698366566697,8.0,5.172162654480466,28.0,37.62209527281377,67.0,195.065538388599,388.0,274.63056806200507
template_projection,ridge_10,4623,5500.0,5340.489275020121,2.0,-6.076079266754846,27.0,33.10916688908593,159.0,158.84709389402104,408.0,407.36249239481276,485.0,475.3531626447236
template_projection,ridge_10,4624,400.0,386.0388193362593,92.0,91.07754461014093,2.0,2.7156188992786987,12.0,13.19207556641637,21.0,14.763025374545549,26.0,27.634389187796486
template_projection,ridge_10,4625,1000.0,1013.8443648373806,227.0,220.62915483614657,26.0,27.260315918741004,46.0,44.18568599498046,91.0,106.57026873258428,155.0,148.23830599741837
template_projection,ridge_10,4626,1000.0,736.6118768653516,22.0,27.34653916623718,10.0,4.216097805311167,36.0,34.21950312576821,27.0,23.941219843892924,27.0,43.14590153960776
template_projection,ridge_10,4627,1100.0,1177.8829427139326,3.0,2.719151878292948,3.0,4.037578474922249,60.0,58.801008925715195,52.0,51.71584113403759,72.0,70.40797206706006
template_projection,ridge_10,4628,800.0,1134.6481218760553,42.0,63.51449093295825,8.0,-10.604267428914559,39.0,25.29173165364003,34.0,64.01442670861726,41.0,74.84254537323731
template_projection,ridge_10,4629,2600.0,2606.3476772214563,28.0,15.016204996352414,7.0,6.430219869454826,79.0,83.5724595890721,203.0,193.77155330581843,221.0,233.67388243794406
template_projection,ridge_10,4630,300.0,266.5614917262195,74.0,71.47920633400753,3.0,7.807866776786159,10.0,8.30491004119331,9.0,2.0400814653335857,9.0,5.060001290460065
template_projection,ridge_10,4631,600.0,825.502619908197,32.0,36.003330243643276,5.0,2.755822432854112,29.0,25.106921574085533,28.0,27.216088574340418,35.0,35.85525942229543
template_projection,ridge_10,4632,600.0,101.86132405642434,59.0,71.52679356077005,2.0,-0.8875120189779704,10.0,13.071627737672287,30.0,26.741635624739054,30.0,32.07417503399394
template_projection,ridge_10,4633,1700.0,1646.9516224890222,162.0,151.9460991332952,25.0,26.54987994685908,39.0,44.1504274021812,102.0,98.95739966210252,119.0,119.98704632369727
template_projection,ridge_10,4634,1300.0,1230.2803761002758,134.0,129.91064784736494,7.0,8.612271777359991,37.0,37.7804080672046,132.0,110.5211274562815,133.0,143.88617581984846
template_projection,ridge_10,4635,3100.0,2920.483942537785,3.0,-37.29992482824588,22.0,34.582090951122574,120.0,113.93131423888144,336.0,307.43862040794215,371.0,391.22499992214784
template_projection,ridge_10,4636,700.0,716.9779033557759,151.0,148.6420587757388,6.0,4.388545400718636,33.0,31.611121512135036,57.0,62.175574270484596,85.0,88.52956943505087
template_projection,ridge_10,4637,200.0,371.4447453381608,81.0,79.10762742264691,3.0,1.7031120186691417,5.0,0.915602646682359,6.0,7.033683568541946,7.0,13.846554468298422
template_projection,ridge_10,4638,1200.0,1338.1451202650264,37.0,46.72678138821654,53.0,45.21706336955178,29.0,29.388467426424267,79.0,77.0495712842757,88.0,100.1944168974131
template_projection,ridge_10,4639,2400.0,2466.664182220812,9.0,21.98160376060227,48.0,43.95076718740467,83.0,75.78035632856347,76.0,93.07695660683454,107.0,102.36251436712956
template_projection,ridge_10,4640,500.0,589.1532891730517,14.0,18.458127155312795,3.0,2.197806260041677,46.0,44.41654481657317,27.0,26.204693594064842,41.0,41.60842712191019
template_projection,ridge_10,4641,100.0,223.63407752651676,27.0,28.441632960875804,2.0,0.957451992235125,46.0,43.463813408363464,9.0,7.501503878855928,21.0,26.908355267748874
template_projection,ridge_10,4642,1000.0,1044.9132505196242,2.0,18.893619385091718,2.0,0.5980683111258074,120.0,119.89807733572644,68.0,89.71538788352828,152.0,130.75601838865595
template_projection,ridge_10,4643,2500.0,2430.029566657392,2.0,4.403897008430135,45.0,42.92455665696352,65.0,65.83515291493632,101.0,108.50857952457115,125.0,123.54214638477704
template_projection,ridge_10,4644,1600.0,1518.6533744804985,5.0,-9.159727879151617,4.0,7.253132939889541,123.0,118.52010633802678,157.0,165.1057530146179,222.0,224.46466378366296
template_projection,ridge_10,4645,500.0,822.2594341945455,75.0,77.19212759590008,12.0,9.908758628027941,19.0,25.219654815369232,54.0,47.562250690570494,68.0,71.07162795245168
template_projection,ridge_10,4646,500.0,563.3535752994823,15.0,17.828132740978212,3.0,3.037899423140612,51.0,49.815163072501825,37.0,32.59457090306672,51.0,52.70812044326685
template_projection,ridge_10,4647,400.0,304.3033217558326,84.0,82.14963016085996,16.0,15.741279898404198,17.0,14.678422691593298,18.0,18.293342955434248,33.0,36.06468270231116
template_projection,ridge_10,4648,1000.0,865.9327990756694,176.0,132.12022673918642,6.0,11.376996132194062,14.0,9.212833576523174,76.0,82.58435979766236,90.0,124.14857151939862
template_projection,ridge_10,4649,100.0,93.53900324199026,55.0,56.17472433156162,2.0,1.3233892925791615,2.0,3.5478148966745877,4.0,-2.567050270883101,5.0,8.822433495279668
template_projection,ridge_10,4650,1100.0,1285.4963851822768,19.0,44.03983602260777,4.0,2.397400110221419,54.0,50.43356960145891,78.0,69.58014420544892,78.0,76.99167108545976
template_projection,ridge_10,4651,400.0,495.7020516930626,74.0,77.17430432849979,2.0,-1.437165386578842,18.0,18.59156634925446,26.0,22.21389220020159,33.0,36.97115543005711
template_projection,ridge_10,4652,8800.0,8179.393516489915,2.0,-24.65746146363999,8.0,21.300174624557016,224.0,224.76180255943498,442.0,444.16776752283033,480.0,466.4776267790256
template_projection,ridge_10,4653,1000.0,836.9532941022837,261.0,245.50588299284794,14.0,15.580688626879958,15.0,15.290935705162873,52.0,55.48935281795398,65.0,72.95953907521142
template_projection,ridge_10,4654,600.0,484.56258853950703,67.0,60.63939315376757,6.0,4.593743783480617,63.0,62.856900304138236,54.0,64.21677454383583,95.0,97.26276128638017
template_projection,ridge_10,4655,700.0,440.60705296116055,224.0,190.51597994210718,11.0,17.40970635682998,16.0,42.15005403198329,44.0,8.948587486297484,63.0,41.50756681677385
template_projection,ridge_10,4656,1300.0,833.1467532502803,22.0,-7.353257031847463,16.0,32.308586430580945,51.0,49.48379410466937,22.0,15.868772225752721,32.0,24.29585009363788
template_projection,ridge_10,4657,600.0,1012.3140001204542,57.0,67.57392497075391,11.0,4.791914254428253,37.0,33.97531902760941,34.0,27.081395965956865,16.0,34.19751467417984
template_projection,ridge_10,4658,1400.0,1180.121582926487,64.0,61.339859496388556,2.0,4.581733541224205,27.0,27.79633519284337,48.0,41.11768229989415,48.0,47.59390606851139
template_projection,ridge_10,4659,1000.0,930.6391709502574,54.0,51.733101194548965,4.0,5.414585181041694,13.0,14.239592424665759,12.0,11.866800644415832,12.0,10.450859124334357
template_projection,ridge_10,4660,300.0,-548.1617318833262,92.0,72.1082347970706,3.0,22.31003029483386,6.0,16.871586972406035,17.0,-6.263313847874471,94.0,49.48492412277216
template_projection,ridge_10,4661,300.0,605.3192155712807,104.0,118.21972155545456,3.0,1.7743698528865632,16.0,-5.183352447398661,20.0,37.20166633344754,58.0,58.391769513323425
template_projection,ridge_10,4662,1300.0,1266.2960464624296,56.0,35.418304721156325,6.0,12.697217529540357,34.0,44.07717714145452,92.0,77.65295803896596,98.0,97.0283754996589
template_projection,ridge_10,4663,6500.0,6236.48047015946,3.0,-11.185143324938437,10.0,21.075428872433747,170.0,168.34972113277487,410.0,450.0843090336887,562.0,515.2318235959676
template_projection,ridge_10,4664,200.0,225.75886020132225,139.0,135.7738902617029,6.0,6.211197090772876,19.0,18.69830734415505,19.0,12.746329361753695,23.0,29.396094050590918
template_projection,ridge_10,4665,2200.0,2016.8581141170064,2.0,4.156174682235488,7.0,3.7623305537622116,44.0,45.21615301320307,76.0,77.80995685303995,76.0,82.10141061408109
template_projection,ridge_10,4666,400.0,376.93519250485724,156.0,152.17592246455249,4.0,6.244117506286642,23.0,19.415000427676862,37.0,34.366050730230974,51.0,54.04218496258305
template_projection,ridge_10,4667,3100.0,3021.1294126974103,2.0,11.110757939257716,8.0,5.532955285625922,84.0,80.95820169493723,146.0,144.66028055357253,151.0,155.82835687920587
template_projection,ridge_10,4668,3100.0,2544.0400664067492,6.0,0.842474429389803,24.0,22.493701928012115,85.0,89.60895931231133,96.0,104.2500937405593,96.0,109.19648342231326
template_projection,ridge_10,4669,700.0,616.3396570396021,91.0,104.05972689640268,3.0,5.494343902238409,31.0,35.28165635790975,65.0,55.85993549025545,104.0,77.06172397050398
template_projection,ridge_10,4670,900.0,937.3927835488176,21.0,20.67595843781872,3.0,4.408467084354465,84.0,81.55070073448192,18.0,52.51356534389376,104.0,80.14911870661055
template_projection,ridge_10,4671,300.0,287.2343263376308,38.0,39.59311174556166,10.0,8.744504855150563,26.0,25.861487699922055,3.0,-2.0380145254509188,3.0,8.049607961534704
template_projection,ridge_10,4672,1700.0,1626.7214821740995,60.0,70.07969810272124,57.0,50.8568205917666,79.0,78.28539343418046,149.0,147.6578433565552,198.0,209.5384051731683
template_projection,ridge_10,4673,500.0,545.0653994795323,51.0,53.55698937873729,6.0,6.0663312525884745,21.0,22.06325618730614,8.0,-0.17934378761930247,8.0,7.0828999420016885
template_projection,ridge_10,4674,600.0,924.0221243272636,90.0,89.50717426436994,6.0,3.34007430941174,23.0,22.319590493666666,58.0,37.44928597978594,58.0,67.56543734812482
template_projection,ridge_10,4675,100.0,181.06748855627598,78.0,80.46023544551153,3.0,0.009883992956483567,12.0,12.585514895596361,11.0,9.735295669333809,17.0,22.96864373947568
template_projection,ridge_10,4676,700.0,-753.7408589770771,168.0,119.68764143966943,23.1336,39.84910478502408,73.4974,105.50168213760804,74.0,19.856447668381833,95.0,103.47352988781098
template_projection,ridge_10,4677,1700.0,2033.7140648741504,54.0,54.81113721731454,41.0,30.432686836854586,89.0,88.58771853269951,178.0,173.1989360485705,187.0,219.00931034502153
template_projection,ridge_10,4678,1200.0,1172.0816533429083,1.0,24.45676969425874,5.0,8.134451190027224,86.0,76.2659802403166,123.0,114.27131136762901,181.0,166.3249121441099
template_projection,ridge_10,4679,600.0,642.5894737241267,44.0,42.00148726023438,5.0,6.027121076337236,66.0,63.905199629019165,37.0,37.64097546846343,59.0,58.65055888537669
template_projection,ridge_10,4680,1500.0,1434.4437635422717,17.0,29.563664423125996,2.0,-2.176125452135965,55.0,66.80775200838958,74.0,63.982024315867875,75.0,76.98570090194185
template_projection,ridge_10,4681,400.0,408.56001670311196,83.0,77.14347075018591,2.0,4.009864296910923,22.0,17.74338829426744,3.0,2.5340150475408194,5.0,14.928252947376464
template_projection,ridge_10,4682,1500.0,1387.8280493812651,44.0,45.56967235895246,4.0,2.553953232320829,33.0,32.9352665727987,85.0,65.08097133738755,59.0,78.43495576337581
template_projection,ridge_10,4683,1000.0,1519.0768398426862,29.0,49.20509674620534,12.0,3.671886138710006,86.0,92.51740192958007,62.0,74.27843855053963,114.0,88.8270968482884
template_projection,ridge_10,4684,500.0,519.8325706000362,44.0,48.71110434287287,5.0,4.796691654650914,30.0,29.89346688446531,7.0,10.305528738962721,29.0,22.41133219439557
template_projection,ridge_10,4685,1800.0,1827.3837507979097,64.0,64.87605040038713,29.0,28.810946584711896,71.0,72.0553248002617,117.0,131.85820065863453,179.0,167.5291839838871
template_projection,ridge_10,4686,1500.0,1572.5859075241206,123.0,103.69003755374777,2.0,8.85793400728474,39.0,38.0572402108394,168.0,146.35018810701223,168.0,183.0334178154998
template_projection,ridge_10,4687,700.0,803.7862302472502,13.0,16.880890945800118,17.0,14.42524318799267,75.0,71.6688849815152,59.0,55.138616622172975,73.0,81.93780113887512
template_projection,ridge_10,4688,800.0,1126.4048021236213,26.0,30.251490909880555,12.0,8.546752819091669,53.0,46.294924339310086,27.0,56.812773822390774,87.0,75.04389554989784
template_projection,ridge_10,4689,1600.0,1172.0864235287931,3.0,-4.082121216233631,15.0,23.500015787211563,52.0,50.022806338960436,15.0,7.745389420644017,19.0,10.808775465906919
template_projection,ridge_10,4690,200.0,222.17724895724098,69.0,71.43554655696026,2.0,1.1213584434905428,11.0,12.280266024637108,9.0,2.2016072769007877,11.0,14.877564076367264
template_projection,ridge_10,4691,600.0,657.1143706120439,47.0,46.179222606145885,26.0,24.574027201445972,43.0,46.393006758886855,43.0,56.008371127152564,100.0,88.84807993215146
template_projection,ridge_10,4692,1700.0,1724.940946844137,33.0,27.5538056934915,3.0,10.837244495587992,41.0,42.3879268080626,194.0,156.86749639050848,194.0,197.4215629733173
template_projection,ridge_10,4693,100.0,303.77523665209094,62.0,70.58650657209935,33.0,29.055323395097155,51.0,49.23660765452262,182.0,153.55303672097136,206.0,227.59876732056222
template_projection,ridge_10,4694,300.0,442.7112435351801,173.0,169.02239954414665,3.0,5.550418642128813,13.0,-4.628522007369249,19.0,20.815082442149297,31.0,37.761006000721224
template_projection,ridge_10,4695,900.0,905.3467973899735,233.0,224.68454120661357,28.0,29.327169143442415,30.0,31.439468389076257,124.0,132.3995600633427,189.0,184.38778773679132
template_projection,ridge_10,4696,1300.0,1136.2468168321006,146.0,133.49686878180236,15.0,16.216398029899793,23.0,27.42967604877235,80.0,79.60960526478833,97.0,102.99372792541313
template_projection,ridge_10,4697,1500.0,1543.9250684034992,178.0,171.13020105005603,14.0,18.900815291597823,99.0,83.08287460719043,190.0,175.18351956755862,221.0,235.708438995689
template_projection,ridge_10,4698,1200.0,1195.016171036644,39.0,34.90300178374925,27.0,25.07783893321671,51.0,50.9173858585608,67.0,62.70110342198234,67.0,80.08897928336148
template_projection,ridge_10,4699,400.0,217.11983137269658,88.0,89.13157971664768,2.0,-2.0909590872246344,16.0,13.67373211573532,12.0,17.675315395374135,26.0,38.82660846425799
template_projection,ridge_10,4700,300.0,789.8641445059609,89.0,110.71785945670155,4.0,13.675613108644608,14.0,-7.549395939175774,10.0,20.63574340153381,67.0,26.338030591286113
template_projection,ridge_10,4701,500.0,1071.474698131277,107.0,125.89155652373358,7.0,5.374388558898897,39.0,36.10366323021027,36.0,70.71796811755968,136.0,99.55984065611084
template_projection,ridge_10,4702,1600.0,1118.779208040669,2.0,22.28578323266958,12.0,24.772132564433143,58.0,64.20107048068284,66.0,8.472199513101913,67.0,41.670792409667705
template_projection,ridge_10,4703,3300.0,3255.7853155854054,2.0,1.9761695205696554,35.0,37.317091963073715,115.0,114.75221106767691,278.0,245.0214629373739,278.0,294.52352704436146
template_projection,ridge_10,4704,800.0,1427.1021503563422,14.0,22.551677289835126,2.0,2.1519731385590415,100.0,92.69548921170187,34.0,50.798124029089436,89.0,55.42027124991628
template_projection,ridge_10,4705,500.0,513.9923551966874,66.0,67.21133380951515,2.0,2.60737401094039,20.0,19.966119083343013,27.0,17.12603749824219,27.0,30.9993499943907
template_projection,ridge_10,4706,700.0,662.6391139718926,88.0,86.59851628239146,16.0,15.769309248314254,27.0,27.08315741410289,41.0,33.48782791124047,46.0,52.30300705971107
template_projection,ridge_10,4707,1400.0,1550.895450496258,49.0,52.26697908723341,10.0,9.218628731158706,123.0,117.1041622166349,127.0,126.10836225178123,168.0,172.5224939886358
template_projection,ridge_10,4708,2300.0,2313.852620955525,3.0,7.239890947128188,50.0,46.48854967824297,99.0,96.46890187175549,67.0,78.59918799753015,89.0,91.77096635995159
template_projection,ridge_10,4709,600.0,748.1842667438007,50.0,56.79988006097132,4.0,0.7900881089935936,28.0,30.033511051024572,64.0,50.25851954586864,64.0,73.49051438101822
template_projection,ridge_10,4710,1200.0,1430.0227080298484,108.0,118.13965579846584,24.0,19.719448383435125,56.0,53.32493747177773,172.0,146.47442420560697,172.0,195.65724564022145
template_projection,ridge_10,4711,100.0,-37.137464106938296,96.0,130.58538450131158,2.0,-3.665027638834614,5.0,17.397502711151404,7.0,-15.100669840802311,16.0,-0.6194094738431914
template_projection,ridge_10,4712,1200.0,1222.216239712322,2.0,-0.9509566988314546,3.4,5.920937163301561,73.3,71.83117173853029,103.8,80.71121944820422,91.9,103.25643895348202
template_projection,ridge_10,4713,400.0,414.27347510965524,47.0,49.08891902305138,10.0,9.001566439900103,32.0,31.877635291869375,6.0,-0.17487447251878052,6.0,10.881425930109671
template_projection,ridge_10,4714,600.0,692.0746161520298,58.0,53.3676824989589,14.0,16.754796281253853,98.0,92.48337331792206,31.0,36.427384611280665,67.0,67.25439759183351
template_projection,ridge_10,4715,800.0,626.9211467894411,249.0,235.5991642579831,5.0,7.40247858880463,40.0,36.989171009176076,62.0,52.33646159683586,62.0,78.46677413458539
template_projection,ridge_10,4716,500.0,536.3674255539663,75.0,73.09424067129018,7.0,6.962217578680642,40.0,40.31981927309815,31.0,35.322944545251474,59.0,59.15058334668009
template_projection,ridge_10,4717,800.0,826.3341300816296,120.0,113.92931723443408,5.0,7.3933269910650345,42.0,40.007977867077145,45.0,46.94272008291254,69.0,68.9245986979906
template_projection,ridge_10,4718,1500.0,1923.322151276628,2.0,-0.6999591944897077,9.0,8.030342244763908,185.0,174.3474406247903,88.0,149.8112063545734,231.0,203.4283129416542
template_projection,ridge_10,4719,900.0,1099.8328821781183,4.0,7.4144080490670845,7.0,6.2236293919677,96.0,92.35949220117365,64.0,77.82144351733987,119.0,111.58260168393642
template_projection,ridge_10,4720,1100.0,1165.2988878254384,2.0,11.05959413320835,2.0,-0.9412131495458613,75.0,72.9531891411171,127.0,108.58422555050768,127.0,142.7995463984364
template_projection,ridge_10,4721,200.0,223.79869340422283,24.0,40.33898593064546,5.0,5.923565834016038,25.0,38.45933351818134,50.0,43.75606249623413,78.0,56.66265221669872
template_projection,ridge_10,4722,600.0,505.2713312014248,154.0,151.22046726909878,2.0,4.74851960837813,18.0,18.196579730510273,25.0,31.488012136717444,56.0,45.53301750746338
template_projection,ridge_10,4723,1900.0,1617.060734862233,112.0,91.64257758560447,30.0,34.72747567120585,36.0,29.107117283785307,168.0,106.36376320119194,93.3,139.3857927434669
template_projection,ridge_10,4724,900.0,910.6189985876317,130.0,125.75819015170308,11.0,11.476625921266162,45.0,42.370805775899505,74.0,65.27301090791318,75.0,89.20107483464211
template_projection,ridge_10,4725,1200.0,1214.0134952756384,32.0,34.36233623640608,13.0,10.699444549707206,46.0,44.47428281696785,42.0,45.063418353121264,50.0,55.117991341982645
template_projection,ridge_10,4726,700.0,307.99706624603766,45.0,33.20629899118316,6.0,15.9632816817306,43.0,52.55491154315455,39.0,22.25051170205314,65.0,38.6761733642425
template_projection,ridge_10,4727,800.0,707.7156711997231,37.0,39.320451621704706,14.0,13.167536714149215,25.0,26.88622327284562,13.0,9.563817653879127,15.0,16.859551974807047
template_projection,ridge_10,4728,500.0,471.69009872973436,18.0,16.982460667801114,2.0,4.181893825479232,33.0,33.217602716760936,16.0,10.289234643582517,24.0,23.355778320547017
template_projection,ridge_10,4729,1800.0,1915.2880300541583,17.0,23.790906813531365,9.0,7.265914988532616,32.0,34.61246336208336,201.0,163.38338638250227,183.0,197.31196335554466
template_projection,ridge_10,4730,300.0,504.30432317924704,187.0,178.18073780378154,3.0,3.967933001937631,22.0,15.704004552846328,22.0,51.07344792381525,79.0,71.21752789222228
template_projection,ridge_10,4731,1700.0,1897.9068778711626,2.0,2.466518124072735,5.0,2.358856438597016,68.0,63.49646400031837,106.0,111.65447557324627,119.0,128.83284624368895
template_projection,ridge_10,4732,600.0,658.0082438092286,18.0,20.467534183821073,3.0,2.1825477804447235,47.0,45.80213942806122,43.0,38.21778947241139,53.0,57.62181810200756
template_projection,ridge_10,4733,900.0,973.3122003808209,2.0,6.043156905955065,11.0,6.471475500117112,99.0,85.2063286655418,33.0,29.751063849167437,34.0,53.631010699749844
template_projection,ridge_10,4734,1600.0,1542.2763313678834,6.0,5.39574266259492,16.0,16.435676418281382,68.0,69.79557993626378,118.0,99.64691117145422,118.0,127.66209090862539
template_projection,ridge_10,4735,600.0,637.1310456908373,17.0,31.203862506157783,2.0,-1.7174442587671788,40.0,39.17092353836221,21.0,17.842041136032336,21.0,19.775521416038544
template_projection,ridge_10,4736,3000.0,3077.380290948214,5.9976,11.47408309701354,43.0,43.122905040944616,82.0,78.6996496040273,121.0,121.88020214410867,135.0,133.83053761234416
template_projection,ridge_10,4737,600.0,646.12027777794,47.0,49.58964396850822,10.0,8.367755493171286,41.0,40.33916909875473,14.0,12.739268620757315,18.0,22.388568863532726
template_projection,ridge_10,4738,1400.0,1146.878685132049,35.0,27.599044616140542,38.0,47.602941084095534,61.0,60.51663150609385,131.0,122.81686476593217,172.0,163.2826863778223
template_projection,ridge_10,4739,1000.0,1486.7703348659284,135.0,136.22981230977337,16.0,19.80083634508858,28.0,23.02891523150943,58.0,86.8271184835304,118.0,95.18807248284199
template_projection,ridge_10,4740,500.0,586.5395986187617,22.0,25.785742636437796,2.0,1.1798845452607338,14.0,14.621759223305482,16.0,9.763175925674872,16.0,17.94557392431146
template_projection,ridge_10,4741,1200.0,1201.4383514253368,91.0,102.57301580085993,2.0,-1.6457986842287813,61.0,61.445572754561404,56.0,56.0233865554858,80.0,81.77433656673682
template_projection,ridge_10,4742,900.0,1027.763898851681,3.0,20.36345351679877,16.0,11.845374656998555,72.0,66.58898200327468,78.0,86.25249999827027,121.0,116.53926111503338
template_projection,ridge_10,4743,900.0,724.874720806358,183.0,172.66667847092629,10.0,12.537519208334496,23.0,20.907973747567194,52.0,60.25103316960789,92.0,87.44111471398188
template_projection,ridge_10,4744,1000.0,1125.8543536569643,38.0,48.17256061392573,59.0,54.32239649849613,52.0,51.41463538422151,50.0,60.46707260939927,91.0,88.59807906321609
template_projection,ridge_10,4745,500.0,474.3710442361645,149.0,162.07983164956136,14.0,8.158375713555582,21.0,22.821525441798503,80.0,78.22147706075002,118.0,125.78688729563572
template_projection,ridge_10,4746,900.0,758.9384778392023,32.0,44.23079715320008,16.0,6.326673511890691,54.0,53.014672171306366,30.0,37.23670758272564,30.0,47.312859252237125
template_projection,ridge_10,4747,400.0,496.8023203634384,67.0,72.72987040038238,2.0,1.7487631244906456,19.0,14.570312433885995,8.0,15.336950266771709,38.0,30.08389224184664
template_projection,ridge_10,4748,700.0,-966.3744734225186,188.0,181.4911581151535,2.0,16.584030232332765,14.0,44.909715141279165,71.0,9.461244699192022,77.0,43.295010340343744
template_projection,ridge_10,4749,200.0,208.35130661422022,65.0,68.67709667058685,2.0,3.7843896057643907,17.0,19.017338289821964,6.0,4.0223670293161575,27.0,18.526845935379853
template_projection,ridge_10,4750,800.0,872.0930839548821,24.0,24.711586672652203,8.0,7.376302608379671,65.0,62.070177927891976,24.0,31.381633021501962,49.0,48.67647380339301
template_projection,ridge_10,4751,800.0,888.6869421863441,14.0,-4.533823165076512,8.0,15.25999859850808,88.0,95.29923772901637,50.0,91.18607082899034,185.0,138.54361499424226
template_projection,ridge_10,4752,700.0,767.0543177347579,43.0,50.607250328674354,29.0,26.091164601775006,33.0,33.01309614340372,44.0,40.69927348028436,59.0,61.76935913827222
template_projection,ridge_10,4753,1200.0,1250.080979834004,68.0,76.32527007688553,84.0,73.64188209318785,72.0,70.65184330006517,116.0,103.41613374241533,118.0,151.8866862161916
template_projection,ridge_10,4754,1700.0,1544.6181218422075,20.0,9.648289701337966,30.0,34.32352096901459,76.0,72.75173097694885,49.0,57.98747925310417,84.0,78.3221338822004
template_projection,ridge_10,4755,1100.0,1153.0695194017944,2.0,8.8411652491559,8.0,10.293683279410336,65.0,63.02575518855622,68.0,82.28568942788888,129.0,107.66683440112813
template_projection,ridge_10,4756,200.0,-31.298490664987412,79.0,67.68340950985237,2.0,5.958448328946773,10.0,9.75450992586179,17.0,11.93039920748322,24.0,27.61097186492809
template_projection,ridge_10,4757,3400.0,3544.1081653361753,2.0,-11.01680879058847,10.0,15.65915834101153,131.0,132.7213442215314,283.0,293.2612738639091,370.0,353.8459777921576
template_projection,ridge_10,4758,2700.0,2521.260266107758,9.0,1.896346258553045,22.0,24.215331212992155,84.0,88.2630636125774,203.0,176.47306034177603,203.0,216.64793592771218
template_projection,ridge_10,4759,300.0,294.0581770444327,39.0,43.35248765912827,5.0,5.009468066773259,21.0,20.141196626843865,3.0,-1.6512776078661204,6.0,7.0656305387231555
template_projection,ridge_10,4760,1800.0,1602.044158926274,63.0,60.3210563903679,16.0,14.555094625048692,81.0,88.21698858712011,205.0,182.70890492003235,232.0,243.61671141778885
template_projection,ridge_10,4761,2800.0,2941.3027294685544,2.0,28.311786137164283,2.0,-0.2605571148527499,86.0,72.4504768058047,239.0,240.24677983995906,301.0,294.3676299438521
template_projection,ridge_10,4762,700.0,646.3115682439181,158.0,154.29236499422035,2.0,4.522993695027134,29.0,28.604124404277062,50.0,50.7733833676095,79.0,74.26039819671887
template_projection,ridge_10,4763,400.0,395.6249641136718,69.0,67.65503976491584,2.0,2.653030397759874,36.0,35.73012953274743,9.0,13.582708030702719,33.0,30.402716982090652
template_projection,ridge_10,4764,3500.0,3283.1654670120697,2.0,2.027978150863987,19.0,21.935785428236187,84.0,86.28057052585015,165.0,184.34222830482625,230.0,205.7433700888143
template_projection,ridge_10,4765,300.0,227.65196960268906,86.0,114.4210279604119,3.0,-3.1296354016309937,13.0,-4.199957469964929,10.0,2.6211373896469894,17.0,30.022689590001022
template_projection,ridge_10,4766,200.0,187.93526200952533,36.0,35.48559512656843,2.0,0.0337910231602514,17.0,18.819419723321758,3.0,11.677673140254754,30.0,27.25569296949338
template_projection,ridge_10,4767,500.0,300.2599129003993,128.0,118.69695393606324,2.0,6.386543986775411,8.0,12.746783878595274,12.0,-0.8102655634655207,12.0,12.523381895689823
template_projection,ridge_10,4768,1300.0,1092.8189262759236,33.0,47.80031462684494,57.0,54.48533569150921,69.0,70.00238026314786,94.0,93.16595634701521,121.0,113.00109400113713
template_projection,ridge_10,4769,1400.0,1258.83778567507,106.0,107.84051228151446,5.0,1.9134168842814532,39.0,35.861673520529806,156.0,144.55245388901983,177.0,193.10988590334074
template_projection,ridge_10,4770,100.0,410.7540800682624,6.0,10.732510179806525,21.0,20.270490134491375,68.0,63.89153674826919,114.0,95.48975006627771,131.0,147.12930641816018
template_projection,ridge_10,4771,1000.0,846.622668672554,52.0,31.704167500860244,2.0,11.79370672173087,18.0,22.004170924361965,6.0,13.215313597490834,38.0,18.844704146759554
template_projection,ridge_10,4772,300.0,102.7631062369644,72.0,63.23693238711077,9.0,6.057449113397112,6.0,0.9050178465881089,22.0,55.74457862066001,102.0,97.12645350704203
template_projection,ridge_10,4773,500.0,729.134762730903,26.0,13.141235174124674,9.0,3.636103479556498,10.0,8.513256579143771,17.0,24.149800805029052,26.0,44.01664905184546
template_projection,ridge_10,4774,1400.0,1265.2332950423906,30.0,24.3480339564314,3.0,3.793505766802866,22.0,26.968811365120022,101.0,88.98583529229566,101.0,108.72506658926252
template_projection,ridge_10,4775,800.0,832.4828152502791,73.0,68.67023736099434,9.0,10.455609437534658,74.0,67.33396697487598,56.0,52.270270527587925,71.0,84.19352536379694
template_projection,ridge_10,4776,600.0,667.1823059759336,75.0,73.86302768500377,4.0,4.508858343162752,26.0,25.263413641151008,41.0,33.697596409295656,46.0,50.504925170961535
template_projection,ridge_10,4777,1000.0,1221.3649137002114,59.0,61.365590400082496,9.0,7.313513930772801,45.0,42.9637217529492,55.0,51.6614371772921,65.0,66.22157375208775
template_projection,ridge_10,4778,300.0,523.558991619387,47.0,61.29883864049898,6.0,5.797525385618629,25.0,19.734111383817666,20.0,7.660091628946319,24.0,19.517732452909854
template_projection,ridge_10,4779,500.0,586.1306577019371,51.0,67.13043259299377,12.0,7.184330327363924,17.0,12.731228165435716,24.0,21.055843060526136,28.0,30.586401029510938
template_projection,ridge_10,4780,500.0,190.11016208961132,75.0,25.022506087710674,9.0,23.746512393313708,38.0,34.136230179373484,26.0,52.28201372061922,76.0,67.88282988440432
template_projection,ridge_10,4781,800.0,793.6713102904478,56.0,44.88926128990944,10.0,14.410987835891985,70.0,69.28601778881885,64.0,48.09118374685683,64.0,73.88203070035792
template_projection,ridge_10,4782,400.0,549.4165334744974,79.0,81.58172913870179,11.0,13.210922772528132,40.0,41.85412667255197,88.0,134.2655394392659,241.0,194.22837917903297
template_projection,ridge_10,4783,1900.0,1763.5850400777836,39.0,39.68786656603157,40.0,36.78488352552384,60.0,60.343071927381246,70.0,68.80264212507028,70.0,80.52751614917895
template_projection,ridge_10,4784,900.0,966.7914906785165,2.0,5.4033817090898,2.0,-0.24915678878969594,84.0,77.7825226964813,55.0,49.60984646571298,56.0,71.54906951624572
template_projection,ridge_10,4785,500.0,270.23457288201564,133.0,131.23880188110888,2.0,-2.1412772878803725,21.0,17.99046861616104,46.0,47.25608060439125,46.0,72.90299758258519
template_projection,ridge_10,4786,600.0,955.5782085062833,31.0,40.06873046216167,19.0,15.761805109804051,40.0,37.30714498096817,10.0,9.398637192980416,12.0,16.976538767394175
template_projection,ridge_10,4787,4500.0,4413.233807365666,4.0,1.2077376807663995,36.0,39.18269816450919,138.0,138.86274443613277,346.0,362.3950225963412,452.0,431.24578192567503
template_projection,ridge_10,4788,2500.0,2913.2937661613314,2.0,-4.460703890645377,45.0,37.53380392218125,101.0,93.32151518722381,171.0,210.3044613999162,247.0,244.12210430535256
template_projection,ridge_10,4789,2300.0,2185.7791647286876,10.0,2.3661838315260013,57.0,65.46861538635962,107.0,114.53370924753403,78.0,72.2937719189752,108.0,90.11692467680103
template_projection,ridge_10,4790,900.0,967.7556230521276,8.0,9.067785215621349,15.0,14.980434421268185,62.0,60.367317319718595,22.0,26.91185644709494,44.0,40.86839535886705
template_projection,ridge_10,4791,900.0,902.4385920716447,3.0,-0.44181298744033626,8.0,11.362251321654549,88.0,86.06382631463725,42.0,89.16444408127154,167.0,130.77931929536274
template_projection,ridge_10,4792,800.0,845.8838447639248,11.0,16.76614588954358,9.0,5.569052725420384,78.0,75.77723890299882,67.0,51.79234218463953,59.0,74.37040975201202
template_projection,ridge_10,4793,800.0,518.2809988762209,2.0,16.940200619213144,10.0,5.952522847115404,55.0,53.76129788159179,3.0,5.008004382687943,5.0,10.345227660656107
template_projection,ridge_10,4794,1000.0,862.4658276689366,160.0,154.270400479942,11.0,2.72685633043578,26.0,30.283169227874644,210.0,178.79393813219997,210.0,253.60619515174977
template_projection,ridge_10,4795,3000.0,2760.222375533841,13.0,7.176165591168186,14.0,16.87273444057182,70.0,69.4214537222652,98.0,95.65192587457385,102.0,104.09228100880993
template_projection,ridge_10,4796,2900.0,2962.319295733373,2.0,7.211863311140043,30.0,26.760453648131577,115.0,113.25013211008351,236.0,220.73399244958398,262.0,275.1975856978511
template_projection,ridge_10,4797,500.0,514.3050488858057,47.0,48.06307339161007,2.0,1.875030140424471,30.0,31.35084000780135,14.0,26.100636295074025,55.0,44.6364996301653
template_projection,ridge_10,4798,700.0,839.6723702400373,87.0,83.80042991619572,11.0,13.454712681797753,58.0,61.256465877510074,51.0,79.00446344412364,145.0,121.26728176629663
template_projection,ridge_10,4799,400.0,-615.3394353113049,150.0,176.9179060339306,3.0,-6.89904579082147,20.0,32.25909793865394,58.0,48.00973911564341,76.0,87.24999684399253
template_projection,ridge_10,4800,2100.0,1737.5779327326056,51.0,100.54218283095938,7.0,-7.683565457951323,23.0,20.18255284587122,120.0,84.11058812788743,60.0,91.63236848981452
template_projection,ridge_10,4801,100.0,464.1201970348004,96.0,107.3448275611131,2.0,12.158477748134693,7.0,-3.0904309160818215,3.0,-11.826895324270865,17.0,-2.5534585353137373
template_projection,ridge_10,4802,400.0,514.7232658777924,46.0,58.58719928632815,2.0,-0.13179380526517726,10.0,10.386470732277168,32.0,32.27855675260126,43.0,41.47116504586468
template_projection,ridge_10,4803,400.0,317.6030457691677,60.0,58.73193746155592,2.0,-0.6590941612835781,19.0,17.322664373686003,35.0,34.730395299247185,46.0,57.372198022901486
template_projection,ridge_10,4804,800.0,836.1387450410512,22.0,27.220418981070345,1.0,-1.210273717575129,47.0,44.94714985058155,58.0,50.06818739711836,59.0,67.54896023186646
template_projection,ridge_10,4805,3500.0,2545.9359171125125,6.0,22.960951950169772,25.0,21.35121722165604,84.0,85.49877131002677,164.0,192.52873724775367,247.0,223.02061843595465
template_projection,ridge_10,4806,1500.0,1453.1043548764062,159.0,155.2416983561044,19.0,20.058438576122533,28.0,32.36662372431643,162.0,129.66985615680622,140.0,163.45003049689342
template_projection,ridge_10,4807,800.0,746.4422244263567,9.0,6.394949506002533,2.0,1.7666687857749075,38.0,37.70037567973047,26.0,22.103640275024595,26.0,31.669707221824467
template_projection,ridge_10,4808,300.0,241.7471854431186,59.0,42.9247323624533,3.0,5.765239315690023,19.0,19.93223665774239,8.0,4.316096498726765,18.0,26.861146932186017
template_projection,ridge_10,4809,1500.0,1423.396042911764,14.0,19.625822497555113,4.0,2.871495705598102,38.0,40.29726219777122,113.0,97.80158774489698,113.0,120.27287885469005
template_projection,ridge_10,4810,1500.0,1607.9612423375968,32.0,36.663192087663845,51.0,48.67329136708888,47.0,49.32964280950894,106.0,112.85125611791675,151.0,144.89218501822117
template_projection,ridge_10,4811,700.0,700.0837824815725,194.0,182.65692882321343,5.9976,8.93119960780313,40.0335,40.928893987933535,85.0,83.9736754544527,119.0,119.66716377159031
template_projection,ridge_10,4812,800.0,1052.3075298588083,6.0,17.886764041022758,6.0,0.3963259324631032,111.0,97.07928354551461,64.0,131.0669263867912,191.0,162.31741855159734
template_projection,ridge_10,4813,900.0,912.1920360952938,258.0,241.2815649082674,10.0,13.658522166833867,27.0,23.37561363913322,129.0,111.2636071996034,129.0,149.01183416220684
template_projection,ridge_10,4814,1100.0,1482.9042493582372,192.0,171.1031793077159,14.0,12.111280336252497,26.0,23.748878191382637,155.0,140.4462522203986,138.0,173.47457496669801
template_projection,ridge_10,4815,900.0,605.3189335908863,37.0,32.66844147851257,22.0,25.4264190364481,48.0,53.5257653928298,64.0,64.43724863806592,118.0,107.0279807950956
template_projection,ridge_10,4816,1000.0,968.5888866349937,20.0,20.032761178523735,19.0,16.413633624249997,38.0,37.78185018454985,42.0,23.8993302809073,9.0,30.495428900785626
template_projection,ridge_10,4817,1700.0,1700.386459430276,14.0,22.24209294548038,16.0,15.903946287968001,57.0,59.92867817890245,86.0,108.36315309385041,162.0,136.9988169099142
template_projection,ridge_10,4818,400.0,511.1163785331421,47.0,47.162201486613895,2.0,2.2864220951722345,25.0,25.552917430555354,8.0,12.264223199466088,30.0,24.87047736096754
template_projection,ridge_10,4819,1100.0,1040.151243433631,158.0,151.57886621316018,25.0,25.95540117242181,46.0,48.416925424746594,160.0,186.73653593034442,275.0,259.02484361763345
template_projection,ridge_10,4820,500.0,1019.8525829377936,1.0,0.6950517224018853,7.0,9.495300157168295,73.0,63.67626747631583,44.0,46.6845491185527,57.0,56.61816999420811
template_projection,ridge_10,4821,1600.0,1787.3016132618902,38.0,40.48891349068729,29.0,27.54949190143001,85.0,83.81046100850642,86.0,83.59310976053588,96.0,99.55807825067892
template_projection,ridge_10,4822,100.0,72.44654523472241,98.0,96.41942811644373,2.0,2.2105214186282947,2.0,3.920316036997221,10.0,9.826601267466998,30.0,27.564234588365778
template_projection,ridge_10,4823,1000.0,1068.9647968366683,41.0,39.50980867763469,5.0,5.709319287392701,58.0,61.97419247274263,115.0,114.76727381088313,169.0,161.4561324950404
template_projection,ridge_10,4824,100.0,49.279956442026105,94.0,86.73740994822325,4.0,4.11180769057469,18.0,25.537037455515435,27.0,15.101490489397435,29.0,34.02324881525237
template_projection,ridge_10,4825,800.0,716.4853454567481,178.0,170.05491970199574,2.0,4.530707121423271,21.0,21.348334922572572,107.0,92.85711336805983,119.0,128.03443735532866
template_projection,ridge_10,4826,600.0,621.0320744502478,50.0,50.40134183509171,5.0,3.497525808768863,38.0,38.01909526802013,36.0,28.403475413576217,36.0,45.316439115614756
template_projection,ridge_10,4827,800.0,756.6039499903468,5.0,7.498255978052541,6.0,5.218223220510485,39.0,40.24971145876189,51.0,37.983369308500514,48.0,56.171631008857936
template_projection,ridge_10,4828,1000.0,1048.6080867361513,50.0,51.09966926715129,4.0,5.825402258011717,24.0,26.76272634293777,84.0,85.14900127094255,121.0,109.99189786325675
template_projection,ridge_10,4829,2000.0,1175.7159425620812,36.0,-12.34348728270271,6.0,26.079939454460728,55.0,40.991518673576095,33.0,36.93101011683653,43.0,57.710836272840254
template_projection,ridge_10,4830,400.0,974.0314845690223,3.0,15.34782765390515,38.0,31.172277060078727,109.0,104.6390097644927,178.0,168.54583505691727,218.0,233.50364128404837
template_projection,ridge_10,4831,1400.0,1291.1915306083467,3.0,-0.6710376417115995,5.0,8.26334687424837,74.0,76.04566529517186,72.0,105.81597857979591,176.0,144.98625151708106
template_projection,ridge_10,4832,500.0,1504.656735428711,54.0,68.21348127268165,8.0,-3.14807492156565,18.0,15.375610558235351,6.0,17.935533256258367,15.0,20.88037073539762
template_projection,ridge_10,4833,1300.0,1384.9830214079582,8.0,6.5179745668428595,3.0,3.3296916918640083,106.0,101.29415968150158,64.0,64.7953020973411,79.0,84.32255407463978
template_projection,ridge_10,4834,300.0,463.29094866038633,58.0,62.25511587165976,5.0,5.274040538490187,21.0,16.486406078873394,11.0,22.300874674151807,37.0,32.05498626902627
template_projection,ridge_10,4835,1800.0,1922.7061682350168,22.0,16.059263967518277,2.0,1.470818144777697,66.0,65.99491526487216,197.0,186.26992433741714,218.0,227.62841468193014
template_projection,ridge_10,4836,5900.0,5747.471537633319,9.0,13.865606086853369,115.0,113.26722206723278,151.0,155.01806046017012,216.0,307.19943614033286,413.0,345.26691085670643
template_projection,ridge_10,4837,700.0,750.618133986509,117.0,113.79882536936503,4.0,6.573247643422942,35.0,30.56117540268386,50.0,71.41367815068283,116.0,100.91727258365387
template_projection,ridge_10,4838,1400.0,1161.6355115001586,3.0,10.373602457520128,4.0,1.3773861313816411,73.0,72.47578171112414,109.0,120.99204105124123,166.0,165.369590035297
template_projection,ridge_10,4839,1100.0,-41.358699045758385,266.0,252.21399312689218,33.0,26.791543037086925,28.0,44.577222522875914,109.0,103.83558166516153,136.0,171.60635443470716
template_projection,ridge_10,4840,1000.0,1082.1204126642451,180.0,178.21690099862457,30.0,30.450720628178143,32.0,34.588353945396804,152.0,148.85764385278537,209.0,204.96270045379728
template_projection,ridge_10,4841,500.0,532.9570359034936,55.0,57.23900348108995,3.0,0.7253642150232764,8.0,9.358581398447761,30.0,24.32306617079344,30.0,37.124532274597556
template_projection,ridge_10,4842,400.0,424.4340381885139,65.0,66.9638388243931,8.0,5.197342514003566,18.0,17.963330454386053,22.0,7.772034158134687,8.0,21.6144837500036
template_projection,ridge_10,4843,400.0,643.3436433512171,59.0,85.58492014349605,3.0,11.190187025398274,13.0,10.468058491890766,9.0,39.42384719884504,113.0,56.42920040456969
template_projection,ridge_10,4844,1000.0,1022.9584428320106,56.0,56.26896117285962,15.0,19.022366182186207,64.0,64.45779973204812,64.0,69.27165058222312,118.0,100.9111765225597
template_projection,ridge_10,4845,800.0,976.6390318089575,9.0,12.190519011000404,6.0,3.4936666502771967,57.0,53.64752442086029,57.0,61.49246231570788,82.0,86.06723504437475
template_projection,ridge_10,4846,700.0,679.8225123205723,158.0,151.00201743798345,17.0,18.199755524197453,30.0,29.6345552003225,58.0,59.935329607273474,86.0,88.35370094133793
template_projection,ridge_10,4847,300.0,226.62169852555746,30.0,27.04811289733752,2.0,4.30658626316287,2.0,6.82453456694968,4.0,-6.249065330578205,5.0,3.109337450463073
template_projection,ridge_10,4848,3500.0,3255.8798845131278,3.0,6.946378828288154,51.0,58.21471257396374,117.0,115.92509559827946,223.0,218.46412416418903,265.0,250.58060704679897
template_projection,ridge_10,4849,700.0,939.1866270571342,17.0,17.12750466831406,2.0,1.2704195666245983,49.0,50.61711731297161,25.0,24.864899012779304,31.0,29.17540818961129
template_projection,ridge_10,4850,300.0,944.533254664073,58.0,53.17291246221026,7.0,7.620955472181947,11.0,14.08954121551082,9.0,17.76329093072267,16.0,-10.51046734981351
template_projection,ridge_10,4851,800.0,726.0264553129826,243.0,236.35339274715554,4.0,5.572010645993945,30.0,26.97566217160356,103.0,94.83419215848114,124.0,138.21586346042605
template_projection,ridge_10,4852,1000.0,946.8164044541099,48.0,57.141249484369446,2.0,0.28166348279354025,20.0,22.4190767436767,73.0,67.76947807759888,73.0,82.7474410006518
template_projection,ridge_10,4853,400.0,213.26420372527264,156.0,149.05637676556893,3.0,4.3091926031011365,13.0,14.768778634781043,18.0,10.095963191864925,18.0,26.87717626960979
template_projection,ridge_10,4854,1200.0,1132.1684044991596,2.0,-6.066892414733935,34.0,37.84129383789252,104.0,107.34479977358387,144.0,118.57863936366971,167.0,168.5766876798428
template_projection,ridge_10,4855,400.0,357.33975905522095,75.0,74.20837566986484,2.0,3.9226142295503017,11.0,13.962271683368208,5.0,17.66827322009086,52.0,34.646936958852706
template_projection,ridge_10,4856,2400.0,3023.597926138503,10.0,27.347181936699535,72.0,66.21688775043889,69.0,73.2034373410795,116.0,122.55538870542966,128.0,111.06452170493584
template_projection,ridge_10,4857,4100.0,3827.741977471751,2.0,-0.8758888360146813,39.0,42.36065250226711,89.0,88.66337820771525,218.0,204.83133338809574,218.0,223.9747688400763
template_projection,ridge_10,4858,600.0,1503.7033361377196,57.0,69.80080678117508,6.0,10.79198040697889,20.0,37.29109580741245,33.0,12.155001902303695,57.0,5.1724982655794065
template_projection,ridge_10,4859,1100.0,1069.7025559911124,33.0,26.80349025640248,6.0,9.608459642494743,38.0,41.71828006165216,16.0,13.841920496842164,17.0,14.215512273479064
template_projection,ridge_10,4860,700.0,1814.8967725730483,240.0,214.30719887575154,5.0,11.20182266983241,7.0,7.0416423027486985,43.0,49.338997599695105,64.0,50.13877927162002
template_projection,ridge_10,4861,300.0,720.0514671918921,56.0,87.64909364735615,1.0,-15.413212754458419,6.0,-0.5881716369628833,11.0,11.599476012788202,20.0,19.37639227219512
template_projection,ridge_10,4862,400.0,334.3226904994991,66.0,66.43290253643838,2.0,1.5944682987179561,12.0,14.220908819125448,20.0,11.39504069198594,20.0,23.72785613514968
template_projection,ridge_10,4863,400.0,1152.173902925274,40.0,26.44091042755806,5.0,2.6545396952549893,28.0,28.545592919635354,15.0,22.76832583948152,38.0,30.712352606374154
template_projection,ridge_10,4864,2200.0,1884.550755350112,13.0,5.440184446344723,37.0,40.971103218005595,78.0,84.52825919993037,87.0,75.87779793809315,103.0,106.34798871032451
template_projection,ridge_10,4865,1000.0,872.8355539813284,128.0,124.35282339255974,7.0,10.906453593657911,34.0,31.656096114179824,106.0,100.76645283661425,143.0,141.86115177119538
template_projection,ridge_10,4866,2500.0,2256.7343609694717,38.0,34.910754728329806,24.0,25.62198557445473,53.0,55.82249341029514,98.0,99.3299823316332,117.0,113.62682825415088
template_projection,ridge_10,4867,500.0,788.8762069434924,48.0,50.86247200934911,3.0,3.692417222217342,48.0,45.31550070440932,27.0,53.591685728392974,89.0,73.53173785775573
template_projection,ridge_10,4868,3800.0,3699.299507041398,5.0,-26.64446840240555,57.0,62.90952793028097,82.0,83.50595966418481,131.0,159.80870919168433,162.0,164.24251808384025
template_projection,ridge_10,4869,3100.0,3102.6983310702785,5.0,18.777746794234005,37.0,33.472825685929216,86.0,85.16141631047425,165.0,186.8652100867264,236.0,214.0000677458751
template_projection,ridge_10,4870,2900.0,2911.972079512546,3.0,0.4577316905795783,30.0,28.236007067303948,128.0,124.24340165816233,202.0,187.17432294982143,202.0,221.95378136214995
template_projection,ridge_10,4871,600.0,665.125422178088,63.0,55.346018724411216,14.0,16.975475445783143,15.0,18.95797500113316,30.0,30.442727834754855,51.0,45.354553485740226
template_projection,ridge_10,4872,800.0,406.47141343171927,63.0,57.09360226516573,11.0,14.733279009900011,35.0,36.934490960956396,56.0,48.92884227271914,70.0,76.41907882469113
template_projection,ridge_10,4873,700.0,804.2611452283506,23.0,28.547827176461123,5.0,3.525080079402372,63.0,60.4691950200683,66.0,52.717357648664105,66.0,77.70166483968565
template_projection,ridge_10,4874,500.0,472.83386577014755,77.0,74.4522454214747,2.0,2.0381461113372428,35.0,33.308305751945994,31.0,21.939385570751334,31.0,40.43382417584911
template_projection,ridge_10,4875,6000.0,5592.309554733421,4.0,-6.671671942592113,10.0,18.28997806936646,121.0,126.61701704192134,393.0,385.8699411513487,444.0,427.79776773471133
template_projection,ridge_10,4876,5100.0,4709.60449644497,8.7822,5.488958432537309,56.0,57.20431560943293,77.0,80.50208408224006,141.0,170.01311530664663,182.0,160.50899609483642
template_projection,ridge_10,4877,1000.0,1482.4462708822148,1.0,8.91485917961198,10.0,8.20942986761835,80.0,73.67440139705965,24.0,46.32905764707553,76.0,58.818453326941594
template_projection,ridge_10,4878,600.0,524.3957545142649,20.0,29.056256835155555,2.0,-0.09452366193788997,24.0,24.085893245802765,31.0,24.37631454055876,31.0,39.30267183645029
template_projection,ridge_10,4879,4800.0,4837.286437935592,6.0,18.154063041902134,101.0,94.6049932421945,109.0,109.15592015053457,284.0,290.23917400858784,330.0,331.3713261242315
template_projection,ridge_10,4880,1100.0,1070.1468423469175,88.0,83.67145152033498,2.0,3.4068866003433165,22.0,23.744632144680104,102.0,85.7574424788425,102.0,110.64831221494862
template_projection,ridge_10,4881,2300.0,2447.878835158653,27.0,29.750730774852975,49.0,46.74294367607565,109.0,107.80760295044841,136.0,172.27104794772742,236.0,216.4246314549474
template_projection,ridge_10,4882,700.0,621.8635493646294,120.0,127.67908096493188,2.0,1.3210147496444158,25.0,24.67791396090594,29.0,30.4021455467468,48.0,45.942015725419
template_projection,ridge_10,4883,300.0,292.8199674141067,48.0,49.33337432632636,2.0,1.43644906271272,5.0,7.775285585383337,14.0,6.524512299195422,20.0,20.03591710195596
template_projection,ridge_10,4884,1500.0,1432.0631619002106,121.0,111.96730175594269,6.0,7.308548052155162,45.0,45.46824254698819,113.0,101.96830315766296,113.0,126.61296787904583
template_projection,ridge_10,4885,1100.0,1223.5131056065445,194.0,178.5305421979549,5.0,9.146871375568757,49.0,43.544872434988065,127.0,108.53763396700984,127.0,148.0404963131042
template_projection,ridge_10,4886,500.0,320.1187540712251,143.0,130.1449737945756,6.0,5.979706664134548,46.0,45.559396053884356,52.0,54.48588686295302,83.0,90.03882603928034
template_projection,ridge_10,4887,200.0,258.08272150391633,43.0,43.94910293811548,3.0,8.656231691917146,33.0,36.713723603543535,31.0,11.502499405310374,37.0,31.291757701838932
template_projection,ridge_10,4888,1400.0,1860.6911880108278,45.0,68.73707673028,49.0,41.23166050251569,57.0,51.94237049129367,101.0,118.58093601019561,144.0,136.23243998001368
template_projection,ridge_10,4889,500.0,405.85226692461674,22.0,24.811571091764215,2.0,1.884671061993572,36.0,35.503587037832986,13.0,12.57439842227808,21.0,27.69096526169885
template_projection,ridge_10,4890,400.0,427.3777394578751,142.0,144.6095540880973,9.0,8.991359852371811,32.0,33.48397050061227,41.0,91.6494118062274,181.0,143.70743700497178
template_projection,ridge_10,4891,2600.0,2537.723900687584,2.0,31.965529087175018,8.0,-5.74909299636216,60.0,58.096630281201,159.0,114.73637483268314,80.0,120.99231228516351
template_projection,ridge_10,4892,600.0,625.6562096854179,92.0,92.57675491290416,15.0,14.276256292978838,20.0,21.01827381130384,41.0,45.111565603014135,69.0,66.72668516859613
template_projection,ridge_10,4893,2400.0,2079.404484470805,5.9976,-11.91959544634409,40.0,46.27648041682156,66.0,65.45251380725394,97.0,80.4541783179047,90.0,98.13249485981524
template_projection,ridge_10,4894,500.0,306.0488161796153,2.0,20.446339723682108,3.0,-2.2722953542880955,48.0,47.92194914925273,10.0,3.264087741445124,10.0,17.565391508214773
template_projection,ridge_10,4895,900.0,994.3410017044698,58.0,55.509656969400865,11.0,11.920427386106848,82.0,80.62852774359298,54.0,96.95404511909193,169.0,140.10291788309533
template_projection,ridge_10,4896,1500.0,1429.3545977586355,161.0,143.33309385519294,2.0,8.587857387986453,12.0,17.084677168464587,154.0,131.45325508350552,154.0,157.668346117414
template_projection,ridge_10,4897,6300.0,5943.089094103741,4.0,-4.961461981357722,8.0,15.085760734605607,116.0,124.42841489959358,386.0,401.9618594251838,477.0,444.16431247342064
template_projection,ridge_10,4898,200.0,64.95503651185072,80.0,71.9920851260143,3.0,9.751841499256553,4.0,9.058762766838882,11.0,11.865164276150253,48.0,32.991375348878705
template_projection,ridge_10,4899,500.0,309.8356917607083,121.0,116.92512334763373,5.0,7.758094397631331,49.0,51.52574007881522,37.0,30.45423799791427,60.0,56.53278365958608
template_projection,ridge_10,4900,400.0,461.012495926978,23.0,27.65408521583711,9.0,7.739174941788139,43.0,39.997771345200576,11.0,4.081237562863066,11.0,17.482274159378903
template_projection,ridge_10,4901,500.0,513.9568090756127,48.0,51.55438356209258,1.0,-1.182426524302068,6.0,8.93425127768144,21.0,19.4437947983075,29.0,31.92398795689951
template_projection,ridge_10,4902,3400.0,3203.180048350431,2.0,13.750884115610667,5.0,2.751146076192571,111.0,111.59152312730033,280.0,253.3779816407542,280.0,294.82400930342095
template_projection,ridge_10,4903,1500.0,1608.2407797788273,20.0,25.48220732470279,12.0,11.187949958666607,77.0,75.43302275286709,162.0,148.29308267775312,191.0,196.20487189556235
template_projection,ridge_10,4904,600.0,784.552447808064,37.0,38.41093319225575,2.0,0.6993224473091058,52.0,48.09416057800279,36.0,33.2433280360683,38.0,43.20622779920783
template_projection,ridge_10,4905,500.0,358.4998976525129,115.0,104.56777419557241,11.0,12.110760565833738,18.0,18.322345996094093,35.0,13.947073645581085,6.0,28.149842328700174
template_projection,ridge_10,4906,1800.0,1943.7160003823647,35.0,37.551046289047875,41.0,38.86351750585648,75.0,70.3677839218583,208.0,182.22794464487833,208.0,234.32569864249544
template_projection,ridge_10,4907,400.0,477.2533410136581,37.0,33.40823091870212,4.0,5.02206818049307,26.0,30.910075212702555,12.0,-2.93319616839932,12.0,7.189361979904973
template_projection,ridge_10,4908,600.0,665.4367097261111,2.0,3.8391748005787747,2.0,1.7696526093864478,48.0,48.519915192796006,23.0,28.98633220158093,53.0,46.783365263866784
template_projection,ridge_10,4909,200.0,177.0184976315029,39.0,44.54230514570593,2.0,2.3967847649230727,6.0,8.671389927781505,3.0,22.833343287222476,71.0,47.8982141055165
template_projection,ridge_10,4910,1300.0,1332.941057084074,35.0,40.67688729125213,28.0,23.110125742972986,69.0,68.10723864102792,92.0,82.134459119336,93.0,110.76391562123487
template_projection,ridge_10,4911,400.0,492.65445754644895,105.0,103.97267344390428,6.0,4.83049693307251,26.0,26.56277107486836,43.0,49.543949764742166,86.0,81.20729700559207
template_projection,ridge_10,4912,1000.0,978.3533689458136,9.0,10.151643188297385,10.0,11.214443385041426,76.0,74.48638057592515,28.0,44.83206980368811,82.0,69.19540958964481
template_projection,ridge_10,4913,1100.0,1089.0541675119105,55.0,54.89305927948005,10.0,10.733435238946932,30.0,31.408183650071663,88.0,86.51571419133,116.0,114.0458641242701
template_projection,ridge_10,4914,1800.0,2340.8906241845116,12.0,-25.679832190219415,7.0,26.695012055244153,111.0,123.37057513694069,76.0,120.06223191136995,164.0,96.51567866406018
template_projection,ridge_10,4915,900.0,1099.9615536574236,23.0,32.63051075573925,35.0,32.13422724001893,74.0,73.43832650387668,66.0,86.84712090478716,136.0,123.19668955172946
template_projection,ridge_10,4916,900.0,1268.8175614288095,2.0,-13.342697494422495,3.0,2.4093275022007585,74.0,69.46348264665988,31.0,51.05188094740846,66.0,66.52290701615973
template_projection,ridge_10,4917,600.0,204.54207208026037,60.0,68.41075042133669,2.0,0.2852379932187734,30.0,44.75008848923843,25.0,8.106686403292855,57.0,61.23517018863659
template_projection,ridge_10,4918,400.0,737.3133994160405,68.0,79.86329370521128,2.0,-0.30002985462756904,13.0,14.700063708694714,14.0,40.490701722492425,68.0,47.81571386052398
template_projection,ridge_10,4919,600.0,517.9470559027219,250.0,237.00977960928466,3.0,6.060465293720764,9.0,9.715719637702179,52.0,48.13611015379979,68.0,72.81297584086013
template_projection,ridge_10,4920,1600.0,2065.76233042079,4.0,-9.8114876877612,15.0,25.842900074409634,61.0,65.07532713934413,55.0,52.43181467143127,43.0,21.879699633692752
template_projection,ridge_10,4921,2100.0,2015.1523411149826,2.0,6.609197742379315,30.0,29.733969314032002,64.0,63.67055553775731,93.0,93.86991625376955,111.0,104.30696493277013
template_projection,ridge_10,4922,1600.0,1676.7534615390812,15.0,17.744788488896916,20.0,18.186415466183036,75.0,78.48584206884121,143.0,122.02613594054773,143.0,157.35927072059758
template_projection,ridge_10,4923,400.0,452.16700781674535,36.0,41.74403201998691,5.0,2.9931381098554652,23.0,23.519248447648195,12.0,16.44310230775222,28.0,27.39931375060101
template_projection,ridge_10,4924,1100.0,1011.574460329556,205.0,195.8887901880411,4.0,7.12389041316742,30.0,31.431959164549,64.0,83.90435569473948,126.0,110.51413538892068
template_projection,ridge_10,4925,400.0,341.6784524619359,87.0,157.01983250343312,2.0,-18.13702959351965,10.0,-10.400184763309802,18.0,23.150182612526862,33.0,39.25319258651433
template_projection,ridge_10,4926,1600.0,1962.7471141310143,22.0,26.857872759856697,68.0,66.4336616760843,53.0,61.286550378420955,68.0,51.03239931372026,55.0,55.41302140260211
template_projection,ridge_10,4927,800.0,749.9365980323519,146.0,140.5763140144309,2.0,4.787121808661283,23.0,26.186309469160825,61.0,60.24055896344555,92.0,82.99918895900092
template_projection,ridge_10,4928,700.0,539.7336032072452,149.0,115.02329867942984,6.0,8.816735077019995,68.0,74.55256354796595,29.0,68.89004494117282,139.0,137.49735718206654
template_projection,ridge_10,4929,3300.0,3259.4763142424076,59.0,36.10621001037004,2.0,10.651318180541987,45.0,51.61770186432719,181.0,177.85508906539854,181.0,172.44600771128012
template_projection,ridge_10,4930,400.0,383.95704751059236,77.0,83.51681031861725,2.0,-2.3552648455003737,9.0,4.989088587123135,3.0,5.665275078980727,5.0,8.97236463665267
template_projection,ridge_10,4931,1100.0,1032.7729491900513,20.0,22.643959087526724,19.0,17.328111714438652,52.0,51.26932899105426,27.0,33.68457043933543,47.0,47.002876503860264
template_projection,ridge_10,4932,900.0,448.19221045929385,96.0,65.8730399222949,14.0,15.36027918629581,27.0,34.24693750244596,73.0,63.244410820484944,73.0,100.43010922884369
template_projection,ridge_10,4933,600.0,595.3500856720461,44.0,40.10200037514881,2.0,2.1734204403079076,15.0,16.99585435879291,23.0,15.303612801307509,23.0,29.688619540590707
template_projection,ridge_10,4934,600.0,1134.3962826823895,52.0,65.2343569478071,4.0,-1.1955997359858461,16.0,16.184282338793857,77.0,64.7375390357302,84.0,89.54693253890945
template_projection,ridge_10,4935,3300.0,3231.6327593490278,11.0,17.39784702486066,89.0,83.6738439270651,86.0,86.70033113690837,130.0,137.7897079997345,150.0,154.28056827159932
template_projection,ridge_10,4936,400.0,543.7195250573093,53.0,86.96928459378057,7.0,5.638373036563076,13.0,12.524231804518209,6.0,6.249468544346001,74.0,47.47345230093915
template_projection,ridge_10,4937,1300.0,1392.852693049884,49.0,52.221272828010115,2.0,2.750252331261036,41.0,42.127254312676214,221.0,184.45028067828073,221.0,236.96379637169295
template_projection,ridge_10,4938,1600.0,1485.5751233021113,102.0,96.93766185659581,2.0,4.812519857669161,12.0,14.080848599626698,138.0,123.25367630129986,150.0,153.26353079362872
template_projection,ridge_10,4939,2600.0,2267.535885786136,3.0,5.0070607954912205,60.0,54.61099075191875,92.0,98.60111090485472,109.0,105.44520810823965,116.0,128.64917691724162
template_projection,ridge_10,4940,700.0,2067.4203960489963,89.0,63.4443663134422,5.0,15.01263595960068,43.0,34.21173543848729,46.0,74.04756632097991,100.0,65.44611970929324
template_projection,ridge_10,4941,1700.0,1499.6824492275719,46.0,43.38821786498987,49.0,48.15648255611093,66.0,67.13834916641319,117.0,104.28856213632974,117.0,133.90292266284058
template_projection,ridge_10,4942,1900.0,1793.0099421631935,3.0,0.12093802408159604,26.0,26.155295903551426,67.0,66.58691258118498,86.0,92.61719670696166,110.0,110.72731038281123
template_projection,ridge_10,4943,600.0,742.1670539163035,3.0,7.800316599305489,13.0,10.678632399359454,60.0,58.460809891019565,22.0,24.133261682165347,37.0,40.61215603234801
template_projection,ridge_10,4944,900.0,901.081248357633,147.0,146.65510528400563,13.0,11.82416852433374,41.0,34.818437562146954,74.0,77.81108394203137,99.0,105.30160623772076
template_projection,ridge_10,4945,1900.0,2273.7727039076944,49.0,55.04480351143978,96.0,91.15049403243931,57.0,58.92376140109494,188.0,148.4418428439189,160.0,186.53839757990406
template_projection,ridge_10,4946,4800.0,4392.7867472199,3.0,-3.9933243911870875,21.0,24.432161586750937,104.0,105.34550126174328,156.0,160.34739193119222,156.0,150.9494176924443
template_projection,ridge_10,4947,2700.0,2902.5283962764333,12.0,21.4110209548583,70.0,65.98231584947088,117.0,115.78977415004405,179.0,179.61160404219743,223.0,222.60423814007902
template_projection,ridge_10,4948,500.0,376.7757564928412,2.0,6.759431490951442,2.0,-0.36264249089656,55.0,48.848399366323065,21.0,14.552013177197225,31.0,35.2495371976421
template_projection,ridge_10,4949,1000.0,1167.031319699591,65.0,82.44249378096742,29.0,21.773041263355864,52.0,41.418036749846046,61.0,69.99680861397479,91.0,95.94207716573943
template_projection,ridge_10,4950,1000.0,1041.717320289383,122.0,120.00948290754329,20.0,18.972271523914706,57.0,53.88046050389325,91.0,92.08965443238934,122.0,130.3530951573947
template_projection,ridge_10,4951,300.0,390.1364535420096,71.0,82.33717682853529,2.0,1.4858853121907618,10.0,17.198398171168854,24.0,111.43574040188832,236.0,159.3965482678939
template_projection,ridge_10,4952,600.0,991.4035069899007,102.0,124.8694817258063,23.0,12.45011969868846,38.0,41.13218497030317,76.0,122.7656380538647,184.0,155.3800685718405
template_projection,ridge_10,4953,500.0,800.1011194882606,132.0,129.2646306983325,4.0,-4.897073424922807,29.0,25.862415379450436,10.0,25.22103189600714,20.0,34.99543882782423
template_projection,ridge_10,4954,3500.0,3776.192775116332,1.0,15.34012125202235,125.0,118.65484942027949,111.0,112.85658508929154,335.0,363.0512359250235,479.0,461.490560164499
template_projection,ridge_10,4955,400.0,448.8631977244911,66.0,70.54021163628855,3.0,1.7384837674436664,40.0,41.59960719195354,7.0,15.307430488432303,43.0,35.728379274953724
template_projection,ridge_10,4956,200.0,352.50245656371317,45.0,48.761241047520734,2.0,2.063714111816484,21.0,21.042488502818408,8.0,42.075103406704365,98.0,66.23733031365548
template_projection,ridge_10,4957,2100.0,1899.5164461446293,83.0,68.12019027930553,8.0,13.975824985071762,49.0,50.524118960909156,81.0,85.09563363057666,97.0,92.48378876705532
template_projection,ridge_10,4958,800.0,563.7688181014435,21.0,21.68936162088808,2.0,-0.9444134951030012,32.0,36.01134166135701,73.0,59.438663828495436,73.0,83.61106721110573
template_projection,ridge_10,4959,2800.0,2780.286626540237,2.0,6.7662746267215255,16.0,16.551205242351624,63.0,65.58329425082971,207.0,184.56744832266463,207.0,210.59594826230898
template_projection,ridge_10,4960,2300.0,2345.4443267160013,5.0,-0.6963551543615196,12.0,15.510824430279824,163.0,158.3103633687636,146.0,170.7205971652661,238.0,222.10503546293876
template_projection,ridge_10,4961,200.0,138.28580866093102,76.0,78.881553459731,2.0,-0.4806193339139728,8.0,9.41945812729621,7.0,2.9331550585076656,7.0,13.281850634762677
template_projection,ridge_10,4962,600.0,801.1021647549726,61.0,72.91489243715026,13.0,13.130013983511901,73.0,66.3466519880073,58.0,55.52169263964605,84.0,82.08261227552973
template_projection,ridge_10,4963,4200.0,4235.631380375108,13.0,1.57521199209409,135.0,131.71361546040913,122.0,126.20550228695387,354.0,334.6068848521935,396.0,413.4996329301214
template_projection,ridge_10,4964,1100.0,1020.6499659107379,237.0,225.00174368531515,13.0,16.53032708379682,33.0,34.33081943627657,70.0,85.79545965953041,128.0,117.4563951251859
template_projection,ridge_10,4965,2200.0,2118.719514167587,3.0,-0.1347239606189845,6.0,6.795144580024557,97.0,92.59753050186112,142.0,94.26110495129755,68.0,105.11772995099722
template_projection,ridge_10,4966,600.0,333.40103921461525,58.0,46.436351125690045,15.0,20.991317497900695,28.0,31.379798126647472,19.0,15.173990413658757,31.0,17.21252751655686
template_projection,ridge_10,4967,800.0,2064.9264014147025,88.0,92.29547856369865,2.0,-9.07031667442722,37.0,59.33649902110939,50.0,61.9420771433013,50.0,35.58111425953288
template_projection,ridge_10,4968,400.0,334.0277075744568,58.0,60.97339223362945,3.0,4.921035411491696,10.0,11.781834080865984,5.0,-3.590898025575342,5.0,3.6396099931645978
template_projection,ridge_10,4969,1500.0,1420.6634149402892,64.0,65.12218632832445,51.0,49.726570657071484,32.0,32.570471790701134,19.0,27.206512534801327,32.0,29.629495702472667
template_projection,ridge_10,4970,500.0,517.0499368985616,46.0,45.6076105540261,2.0,1.761875077801701,28.0,27.22738400915992,6.0,2.7280434180848943,6.0,10.57607413206884
template_projection,ridge_10,4971,300.0,375.68304456636736,35.0,36.96970034395457,6.0,4.394701545013042,40.0,39.655997467418,6.0,1.5063987551871207,6.0,11.6593079587727
template_projection,ridge_10,4972,2100.0,2139.4362812401623,3.0,3.0253369311771436,26.0,25.92807977253788,82.0,82.09985020141838,92.0,95.59673149113256,108.0,104.36561380997948
template_projection,ridge_10,4973,4800.0,4554.932834162265,7.0,-7.209878874836434,16.0,17.968107654419065,129.0,132.51331444004245,230.0,256.1941320678929,299.0,286.6362163030484
template_projection,ridge_10,4974,300.0,452.5228331975278,78.0,113.14193903426889,3.0,-10.593843949700696,25.0,11.757772825167926,12.0,22.175720351646333,14.0,36.08227962838849
template_projection,ridge_10,4975,800.0,952.8233483311476,2.0,-4.17444052970103,2.0,21.049401598556248,47.0,51.16354133142429,35.0,-20.504040690130694,38.0,-4.761664474818318
template_projection,ridge_10,4976,700.0,637.3438737317309,40.0,47.30765175182097,1.0,1.0089796733608267,50.0,46.72798998697518,28.0,28.24530901513034,54.0,51.36391325280094
template_projection,ridge_10,4977,500.0,856.757350824128,79.0,79.82270573463441,10.0,16.26494913114519,35.0,34.105069709837636,53.0,86.99211667447639,162.0,111.39582388417645
template_projection,ridge_10,4978,700.0,693.6061921597803,77.0,75.94797021508256,2.0,3.041924222625756,18.0,20.261511852930308,89.0,70.23369220516476,89.0,98.16442139178476
template_projection,ridge_10,4979,400.0,391.45498339920175,49.0,56.77940151911651,3.0,3.006131809940346,11.0,13.527086571435788,10.0,26.989626933781715,67.0,45.16617006191303
template_projection,ridge_10,4980,1300.0,1401.529429513721,3.0,10.880546562328753,12.0,10.829892893249685,85.0,82.5119600832293,24.0,80.28930281815337,147.0,108.57251376065282
template_projection,ridge_10,4981,200.0,252.42774617019188,103.0,97.06638108677487,2.0,2.462456593964152,15.0,17.075913782860027,3.0,-4.628718913679521,3.0,6.7238116200597915
template_projection,ridge_10,4982,2200.0,2225.865160394122,2.0,13.39623238909148,27.0,20.183331380622583,70.0,70.65947293512286,94.0,107.09607587882473,117.0,120.25282226142265
template_projection,ridge_10,4983,800.0,1044.6768697101397,8.0,6.666634363349139,5.0,5.131515387486216,104.0,102.90909717646416,52.0,76.81416648691079,125.0,109.91356731669782
template_projection,ridge_10,4984,800.0,833.2439311741831,30.0,46.974816297367305,31.0,25.649239465743378,57.0,52.8695778964301,40.0,36.27687225564108,49.0,58.77139208823743
template_projection,ridge_10,4985,500.0,440.1883328819015,2.0,31.218321597184904,2.0,1.2120015513211442,44.0,42.09295319814253,18.0,10.457995665536998,34.0,22.970421684025055
template_projection,ridge_10,4986,2300.0,2227.768195099181,5.0,5.304087321504831,30.0,31.423958778689602,63.0,73.88980026646547,143.0,101.49363747360681,116.0,123.356663428447
template_projection,ridge_10,4987,7700.0,7262.599941954714,9.0,-12.35585996258493,41.0,48.46917008413759,165.0,164.28701370054992,359.0,368.89753286696623,385.0,379.6251090132022
template_projection,ridge_10,4988,3100.0,3373.0742778676386,18.0,29.89398731268186,25.0,20.79447602286586,103.0,103.24649913247833,196.0,178.58858142354038,196.0,192.13130298218283
template_projection,ridge_10,4989,800.0,660.4162098989183,52.0,35.37062500112349,3.0,11.414738153915016,37.0,41.38027442955992,25.0,9.148658227947834,6.0,5.825106276286206
template_projection,ridge_10,4990,700.0,112.8102610675669,2.0,-11.13542233285662,3.0,10.806702928308109,53.0,82.040263551334,25.0,12.348996581697435,46.0,31.234404421387453
template_projection,ridge_10,4991,800.0,875.1311542863455,39.0,16.63097356685266,3.0,6.783414411147206,36.0,39.3738499569529,16.0,26.870466048764456,52.0,54.52192225372569
template_projection,ridge_10,4992,200.0,164.28496187483097,57.0,52.94978565707176,2.0,2.657774719393137,2.0,4.616702493437131,9.0,0.8302385170577367,9.0,12.566937424223411
template_projection,ridge_10,4993,700.0,689.8855641522752,270.0,254.27387197893722,6.0,7.935519503636129,14.0,14.238236155685193,90.0,95.5322978057676,131.0,134.98345527454325
template_projection,ridge_10,4994,100.0,299.0810142154104,13.0,20.223387476917836,13.0,12.1266757765612,79.0,77.68974952684134,63.0,54.60927825992414,94.0,92.96838503799985
template_projection,ridge_10,4995,200.0,164.16969456547145,19.0,36.05066866514663,10.0,-2.566766889116346,75.0,68.17876327523246,21.0,23.158205217899848,24.0,54.08315812393822
template_projection,ridge_10,4996,500.0,480.9605496265717,56.0,60.233745354690925,7.0,9.390008672143122,34.0,37.46627605279923,19.0,50.42868048193954,119.0,79.78687493653067
template_projection,ridge_10,4997,1400.0,1080.0363163805941,5.0,-8.886323676809326,4.0,12.82709218893248,92.0,88.41596798119176,175.0,138.41881852278573,175.0,194.99313516114756
template_projection,ridge_10,4998,1200.0,1208.8011664166004,2.0,51.07284821285761,4.0,-7.692854480910286,66.0,74.08702189363606,74.0,48.808765567467276,74.0,65.71549809989237
template_projection,ridge_10,4999,200.0,187.31803947876256,62.0,64.87587270524526,3.0,2.82140718387439,10.0,11.124893026830442,3.0,-4.481135885233769,5.0,6.347565149635585
