section,case,target,metric,value,unit,notes
model_metrics,training_period_mean,CO,mae,842.5362600000063,ug/m3,
model_metrics,training_period_mean,CO,rmse,1349.053087111262,ug/m3,
model_metrics,training_period_mean,CO,normalized_rmse,0.44968436237042064,dimensionless,
model_metrics,training_period_mean,CO,r2,-0.015699488106189374,dimensionless,
model_metrics,training_period_mean,CO,bias,-167.72166666665717,ug/m3,
model_metrics,training_period_mean,O3,mae,45.29963475363107,ug/m3,
model_metrics,training_period_mean,O3,rmse,57.32584765836353,ug/m3,
model_metrics,training_period_mean,O3,normalized_rmse,0.30986944680196504,dimensionless,
model_metrics,training_period_mean,O3,r2,-0.035382354826414275,dimensionless,
model_metrics,training_period_mean,O3,bias,10.597257133333716,ug/m3,
model_metrics,training_period_mean,SO2,mae,13.485054762499546,ug/m3,
model_metrics,training_period_mean,SO2,rmse,15.784931727874834,ug/m3,
model_metrics,training_period_mean,SO2,normalized_rmse,0.23559599593843036,dimensionless,
model_metrics,training_period_mean,SO2,r2,-0.43542419579497116,dimensionless,
model_metrics,training_period_mean,SO2,bias,8.693784199999179,ug/m3,
model_metrics,training_period_mean,NO2,mae,28.769437763500296,ug/m3,
model_metrics,training_period_mean,NO2,rmse,36.013003822921355,ug/m3,
model_metrics,training_period_mean,NO2,normalized_rmse,0.3365701291861809,dimensionless,
model_metrics,training_period_mean,NO2,r2,-4.3702518669475054e-05,dimensionless,
model_metrics,training_period_mean,NO2,bias,0.2380691333336224,ug/m3,
model_metrics,training_period_mean,PM2.5,mae,60.79125100833358,ug/m3,
model_metrics,training_period_mean,PM2.5,rmse,85.87251108149653,ug/m3,
model_metrics,training_period_mean,PM2.5,normalized_rmse,0.39202241991096465,dimensionless,
model_metrics,training_period_mean,PM2.5,r2,-0.003274785728855978,dimensionless,
model_metrics,training_period_mean,PM2.5,bias,-4.906091666666413,ug/m3,
model_metrics,training_period_mean,PM10,mae,70.664053629167,ug/m3,
model_metrics,training_period_mean,PM10,rmse,95.33853559266711,ug/m3,
model_metrics,training_period_mean,PM10,normalized_rmse,0.3611308166388906,dimensionless,
model_metrics,training_period_mean,PM10,r2,-0.009115002006937933,dimensionless,
model_metrics,training_period_mean,PM10,bias,9.06100833333436,ug/m3,
model_metrics,ridge_shared_validation_alpha,CO,mae,841.8536668062932,ug/m3,
model_metrics,ridge_shared_validation_alpha,CO,rmse,1348.704666279884,ug/m3,
model_metrics,ridge_shared_validation_alpha,CO,normalized_rmse,0.4495682220932946,dimensionless,
model_metrics,ridge_shared_validation_alpha,CO,r2,-0.01517490510253472,dimensionless,
model_metrics,ridge_shared_validation_alpha,CO,bias,-167.80551695968273,ug/m3,
model_metrics,ridge_shared_validation_alpha,O3,mae,45.334621332529224,ug/m3,
model_metrics,ridge_shared_validation_alpha,O3,rmse,57.352831956782055,ug/m3,
model_metrics,ridge_shared_validation_alpha,O3,normalized_rmse,0.3100153078744976,dimensionless,
model_metrics,ridge_shared_validation_alpha,O3,r2,-0.03635733010509745,dimensionless,
model_metrics,ridge_shared_validation_alpha,O3,bias,10.625221378599674,ug/m3,
model_metrics,ridge_shared_validation_alpha,SO2,mae,13.479420969106508,ug/m3,
model_metrics,ridge_shared_validation_alpha,SO2,rmse,15.779714430243253,ug/m3,
model_metrics,ridge_shared_validation_alpha,SO2,normalized_rmse,0.23551812582452616,dimensionless,
model_metrics,ridge_shared_validation_alpha,SO2,r2,-0.4344754685234886,dimensionless,
model_metrics,ridge_shared_validation_alpha,SO2,bias,8.69053634728355,ug/m3,
model_metrics,ridge_shared_validation_alpha,NO2,mae,28.766539570878805,ug/m3,
model_metrics,ridge_shared_validation_alpha,NO2,rmse,36.01115410805882,ug/m3,
model_metrics,ridge_shared_validation_alpha,NO2,normalized_rmse,0.3365528421313908,dimensionless,
model_metrics,ridge_shared_validation_alpha,NO2,r2,5.902416327274729e-05,dimensionless,
model_metrics,ridge_shared_validation_alpha,NO2,bias,0.22473594439030603,ug/m3,
model_metrics,ridge_shared_validation_alpha,PM2.5,mae,60.75681603614981,ug/m3,
model_metrics,ridge_shared_validation_alpha,PM2.5,rmse,85.85213978770285,ug/m3,
model_metrics,ridge_shared_validation_alpha,PM2.5,normalized_rmse,0.3919294215371063,dimensionless,
model_metrics,ridge_shared_validation_alpha,PM2.5,r2,-0.0027988340900071407,dimensionless,
model_metrics,ridge_shared_validation_alpha,PM2.5,bias,-4.896388459455657,ug/m3,
model_metrics,ridge_shared_validation_alpha,PM10,mae,70.65405662634478,ug/m3,
model_metrics,ridge_shared_validation_alpha,PM10,rmse,95.32426079727529,ug/m3,
model_metrics,ridge_shared_validation_alpha,PM10,normalized_rmse,0.3610767454442246,dimensionless,
model_metrics,ridge_shared_validation_alpha,PM10,r2,-0.008812840206660288,dimensionless,
model_metrics,ridge_shared_validation_alpha,PM10,bias,9.064941523740272,ug/m3,
model_metrics,ridge_target_specific_validation_alpha,CO,mae,842.4590197020605,ug/m3,
model_metrics,ridge_target_specific_validation_alpha,CO,rmse,1349.0044948947223,ug/m3,
model_metrics,ridge_target_specific_validation_alpha,CO,normalized_rmse,0.4496681649649074,dimensionless,
model_metrics,ridge_target_specific_validation_alpha,CO,r2,-0.0156263194502424,dimensionless,
model_metrics,ridge_target_specific_validation_alpha,CO,bias,-167.73079973215675,ug/m3,
model_metrics,ridge_target_specific_validation_alpha,O3,mae,45.29966548393079,ug/m3,
model_metrics,ridge_target_specific_validation_alpha,O3,rmse,57.32586885670017,ug/m3,
model_metrics,ridge_target_specific_validation_alpha,O3,normalized_rmse,0.3098695613875685,dimensionless,
model_metrics,ridge_target_specific_validation_alpha,O3,r2,-0.035383120567826554,dimensionless,
model_metrics,ridge_target_specific_validation_alpha,O3,bias,10.597288174854647,ug/m3,
model_metrics,ridge_target_specific_validation_alpha,SO2,mae,13.479420969106508,ug/m3,
model_metrics,ridge_target_specific_validation_alpha,SO2,rmse,15.779714430243253,ug/m3,
model_metrics,ridge_target_specific_validation_alpha,SO2,normalized_rmse,0.23551812582452616,dimensionless,
model_metrics,ridge_target_specific_validation_alpha,SO2,r2,-0.4344754685234886,dimensionless,
model_metrics,ridge_target_specific_validation_alpha,SO2,bias,8.69053634728355,ug/m3,
model_metrics,ridge_target_specific_validation_alpha,NO2,mae,28.768742473640668,ug/m3,
model_metrics,ridge_target_specific_validation_alpha,NO2,rmse,36.012388259207576,ug/m3,
model_metrics,ridge_target_specific_validation_alpha,NO2,normalized_rmse,0.33656437625427643,dimensionless,
model_metrics,ridge_target_specific_validation_alpha,NO2,r2,-9.515681192562297e-06,dimensionless,
model_metrics,ridge_target_specific_validation_alpha,NO2,bias,0.23660886164370898,ug/m3,
model_metrics,ridge_target_specific_validation_alpha,PM2.5,mae,60.75681603614981,ug/m3,
model_metrics,ridge_target_specific_validation_alpha,PM2.5,rmse,85.85213978770285,ug/m3,
model_metrics,ridge_target_specific_validation_alpha,PM2.5,normalized_rmse,0.3919294215371063,dimensionless,
model_metrics,ridge_target_specific_validation_alpha,PM2.5,r2,-0.0027988340900071407,dimensionless,
model_metrics,ridge_target_specific_validation_alpha,PM2.5,bias,-4.896388459455657,ug/m3,
model_metrics,ridge_target_specific_validation_alpha,PM10,mae,70.65405662634478,ug/m3,
model_metrics,ridge_target_specific_validation_alpha,PM10,rmse,95.32426079727529,ug/m3,
model_metrics,ridge_target_specific_validation_alpha,PM10,normalized_rmse,0.3610767454442246,dimensionless,
model_metrics,ridge_target_specific_validation_alpha,PM10,r2,-0.008812840206660288,dimensionless,
model_metrics,ridge_target_specific_validation_alpha,PM10,bias,9.064941523740272,ug/m3,
model_metrics,physics_lmmse_pilot_power,CO,mae,841.805107745345,ug/m3,
model_metrics,physics_lmmse_pilot_power,CO,rmse,1348.8852082061808,ug/m3,
model_metrics,physics_lmmse_pilot_power,CO,normalized_rmse,0.4496284027353936,dimensionless,
model_metrics,physics_lmmse_pilot_power,CO,r2,-0.015446712422271025,dimensionless,
model_metrics,physics_lmmse_pilot_power,CO,bias,-168.21733700204186,ug/m3,
model_metrics,physics_lmmse_pilot_power,O3,mae,45.290536933023084,ug/m3,
model_metrics,physics_lmmse_pilot_power,O3,rmse,57.31748088476106,ug/m3,
model_metrics,physics_lmmse_pilot_power,O3,normalized_rmse,0.30982422099870843,dimensionless,
model_metrics,physics_lmmse_pilot_power,O3,r2,-0.03508014638344781,dimensionless,
model_metrics,physics_lmmse_pilot_power,O3,bias,10.601351310358135,ug/m3,
model_metrics,physics_lmmse_pilot_power,SO2,mae,13.476227930943004,ug/m3,
model_metrics,physics_lmmse_pilot_power,SO2,rmse,15.785666075541704,ug/m3,
model_metrics,physics_lmmse_pilot_power,SO2,normalized_rmse,0.23560695635136872,dimensionless,
model_metrics,physics_lmmse_pilot_power,SO2,r2,-0.4355577567056914,dimensionless,
model_metrics,physics_lmmse_pilot_power,SO2,bias,8.680260583595457,ug/m3,
model_metrics,physics_lmmse_pilot_power,NO2,mae,28.756756128943458,ug/m3,
model_metrics,physics_lmmse_pilot_power,NO2,rmse,36.00588087308111,ug/m3,
model_metrics,physics_lmmse_pilot_power,NO2,normalized_rmse,0.3365035595615057,dimensionless,
model_metrics,physics_lmmse_pilot_power,NO2,r2,0.0003518521935869101,dimensionless,
model_metrics,physics_lmmse_pilot_power,NO2,bias,0.22531172914122505,ug/m3,
model_metrics,physics_lmmse_pilot_power,PM2.5,mae,60.76937190207388,ug/m3,
model_metrics,physics_lmmse_pilot_power,PM2.5,rmse,85.85895071421358,ug/m3,
model_metrics,physics_lmmse_pilot_power,PM2.5,normalized_rmse,0.3919605145592963,dimensionless,
model_metrics,physics_lmmse_pilot_power,PM2.5,r2,-0.002957950918158758,dimensionless,
model_metrics,physics_lmmse_pilot_power,PM2.5,bias,-4.934908886003361,ug/m3,
model_metrics,physics_lmmse_pilot_power,PM10,mae,70.63614976013727,ug/m3,
model_metrics,physics_lmmse_pilot_power,PM10,rmse,95.32731424198018,ug/m3,
model_metrics,physics_lmmse_pilot_power,PM10,normalized_rmse,0.3610883115226522,dimensionless,
model_metrics,physics_lmmse_pilot_power,PM10,r2,-0.008877470208185967,dimensionless,
model_metrics,physics_lmmse_pilot_power,PM10,bias,9.029023825254416,ug/m3,
model_metrics,ridge_refit_train_validation,CO,mae,851.2495909211652,ug/m3,
model_metrics,ridge_refit_train_validation,CO,rmse,1344.928957981984,ug/m3,
model_metrics,ridge_refit_train_validation,CO,normalized_rmse,0.44830965266066136,dimensionless,
model_metrics,ridge_refit_train_validation,CO,r2,-0.009498882549478393,dimensionless,
model_metrics,ridge_refit_train_validation,CO,bias,-133.55406419226722,ug/m3,
model_metrics,ridge_refit_train_validation,O3,mae,43.97073743185361,ug/m3,
model_metrics,ridge_refit_train_validation,O3,rmse,56.749635050416686,ug/m3,
model_metrics,ridge_refit_train_validation,O3,normalized_rmse,0.3067547840563064,dimensionless,
model_metrics,ridge_refit_train_validation,O3,r2,-0.014672604609980988,dimensionless,
model_metrics,ridge_refit_train_validation,O3,bias,6.620378338017077,ug/m3,
model_metrics,ridge_refit_train_validation,SO2,mae,12.582759635391081,ug/m3,
model_metrics,ridge_refit_train_validation,SO2,rmse,15.078535105379963,ug/m3,
model_metrics,ridge_refit_train_validation,SO2,normalized_rmse,0.22505276276686512,dimensionless,
model_metrics,ridge_refit_train_validation,SO2,r2,-0.30982462109354647,dimensionless,
model_metrics,ridge_refit_train_validation,SO2,bias,7.336227091141386,ug/m3,
model_metrics,ridge_refit_train_validation,NO2,mae,28.77670964105908,ug/m3,
model_metrics,ridge_refit_train_validation,NO2,rmse,36.01507046489337,ug/m3,
model_metrics,ridge_refit_train_validation,NO2,normalized_rmse,0.3365894435971343,dimensionless,
model_metrics,ridge_refit_train_validation,NO2,r2,-0.00015848281305297363,dimensionless,
model_metrics,ridge_refit_train_validation,NO2,bias,0.2491612161215343,ug/m3,
model_metrics,ridge_refit_train_validation,PM2.5,mae,60.96473666449915,ug/m3,
model_metrics,ridge_refit_train_validation,PM2.5,rmse,85.80992380269599,ug/m3,
model_metrics,ridge_refit_train_validation,PM2.5,normalized_rmse,0.39173669848297776,dimensionless,
model_metrics,ridge_refit_train_validation,PM2.5,r2,-0.0018128660713261358,dimensionless,
model_metrics,ridge_refit_train_validation,PM2.5,bias,-4.001097919966818,ug/m3,
model_metrics,ridge_refit_train_validation,PM10,mae,70.13479252935622,ug/m3,
model_metrics,ridge_refit_train_validation,PM10,rmse,95.18579588932184,ug/m3,
model_metrics,ridge_refit_train_validation,PM10,normalized_rmse,0.3605522571565221,dimensionless,
model_metrics,ridge_refit_train_validation,PM10,r2,-0.005884231585287836,dimensionless,
model_metrics,ridge_refit_train_validation,PM10,bias,7.48201484568806,ug/m3,
model_metrics,validation_period_mean_no_thz,CO,mae,885.15375,ug/m3,
model_metrics,validation_period_mean_no_thz,CO,rmse,1338.9876306374156,ug/m3,
model_metrics,validation_period_mean_no_thz,CO,normalized_rmse,0.44632921021247185,dimensionless,
model_metrics,validation_period_mean_no_thz,CO,r2,-0.0005995046473274979,dimensionless,
model_metrics,validation_period_mean_no_thz,CO,bias,-32.775,ug/m3,
model_metrics,validation_period_mean_no_thz,O3,mae,41.30738499999811,ug/m3,
model_metrics,validation_period_mean_no_thz,O3,rmse,56.59667743395027,ug/m3,
model_metrics,validation_period_mean_no_thz,O3,normalized_rmse,0.3059279861294609,dimensionless,
model_metrics,validation_period_mean_no_thz,O3,r2,-0.009210270106227991,dimensionless,
model_metrics,validation_period_mean_no_thz,O3,bias,-5.406750000000015,ug/m3,
model_metrics,validation_period_mean_no_thz,SO2,mae,10.148202499999787,ug/m3,
model_metrics,validation_period_mean_no_thz,SO2,rmse,13.574615335249867,ug/m3,
model_metrics,validation_period_mean_no_thz,SO2,normalized_rmse,0.2026061990335801,dimensionless,
model_metrics,validation_period_mean_no_thz,SO2,r2,-0.061573113074798735,dimensionless,
model_metrics,validation_period_mean_no_thz,SO2,bias,3.2692499999995,ug/m3,
model_metrics,validation_period_mean_no_thz,NO2,mae,28.778758749999625,ug/m3,
model_metrics,validation_period_mean_no_thz,NO2,rmse,36.01344367038503,ug/m3,
model_metrics,validation_period_mean_no_thz,NO2,normalized_rmse,0.33657423991014046,dimensionless,
model_metrics,validation_period_mean_no_thz,NO2,r2,-6.813088207135998e-05,dimensionless,
model_metrics,validation_period_mean_no_thz,NO2,bias,0.29724999999953783,ug/m3,
model_metrics,validation_period_mean_no_thz,PM2.5,mae,61.63233675000029,ug/m3,
model_metrics,validation_period_mean_no_thz,PM2.5,rmse,85.74477737484963,ug/m3,
model_metrics,validation_period_mean_no_thz,PM2.5,normalized_rmse,0.3914392941102484,dimensionless,
model_metrics,validation_period_mean_no_thz,PM2.5,r2,-0.00029230172478333927,dimensionless,
model_metrics,validation_period_mean_no_thz,PM2.5,bias,-1.4657500000000223,ug/m3,
model_metrics,validation_period_mean_no_thz,PM10,mae,68.72214225000008,ug/m3,
model_metrics,validation_period_mean_no_thz,PM10,rmse,94.94187681385637,ug/m3,
model_metrics,validation_period_mean_no_thz,PM10,normalized_rmse,0.3596283212646075,dimensionless,
model_metrics,validation_period_mean_no_thz,PM10,r2,-0.0007355645559987689,dimensionless,
model_metrics,validation_period_mean_no_thz,PM10,bias,2.5739999999989895,ug/m3,
model_metrics,physics_lmmse_coherent_csi_residual,CO,mae,841.2844469280764,ug/m3,
model_metrics,physics_lmmse_coherent_csi_residual,CO,rmse,1348.5761468282226,ug/m3,
model_metrics,physics_lmmse_coherent_csi_residual,CO,normalized_rmse,0.4495253822760742,dimensionless,
model_metrics,physics_lmmse_coherent_csi_residual,CO,r2,-0.014981440203793106,dimensionless,
model_metrics,physics_lmmse_coherent_csi_residual,CO,bias,-168.56849663509828,ug/m3,
model_metrics,physics_lmmse_coherent_csi_residual,O3,mae,45.283529269472005,ug/m3,
model_metrics,physics_lmmse_coherent_csi_residual,O3,rmse,57.31136379008792,ug/m3,
model_metrics,physics_lmmse_coherent_csi_residual,O3,normalized_rmse,0.30979115562209686,dimensionless,
model_metrics,physics_lmmse_coherent_csi_residual,O3,r2,-0.034859224413961165,dimensionless,
model_metrics,physics_lmmse_coherent_csi_residual,O3,bias,10.603715394244189,ug/m3,
model_metrics,physics_lmmse_coherent_csi_residual,SO2,mae,13.468331976956048,ug/m3,
model_metrics,physics_lmmse_coherent_csi_residual,SO2,rmse,15.78897728551737,ug/m3,
model_metrics,physics_lmmse_coherent_csi_residual,SO2,normalized_rmse,0.23565637739578166,dimensionless,
model_metrics,physics_lmmse_coherent_csi_residual,SO2,r2,-0.4361600666346197,dimensionless,
model_metrics,physics_lmmse_coherent_csi_residual,SO2,bias,8.670190127313486,ug/m3,
model_metrics,physics_lmmse_coherent_csi_residual,NO2,mae,28.746377379742214,ug/m3,
model_metrics,physics_lmmse_coherent_csi_residual,NO2,rmse,35.997823982542386,ug/m3,
model_metrics,physics_lmmse_coherent_csi_residual,NO2,normalized_rmse,0.3364282615190877,dimensionless,
model_metrics,physics_lmmse_coherent_csi_residual,NO2,r2,0.0007991765971057108,dimensionless,
model_metrics,physics_lmmse_coherent_csi_residual,NO2,bias,0.21625970001865993,ug/m3,
model_metrics,physics_lmmse_coherent_csi_residual,PM2.5,mae,60.75121387645399,ug/m3,
model_metrics,physics_lmmse_coherent_csi_residual,PM2.5,rmse,85.84011116037911,ug/m3,
model_metrics,physics_lmmse_coherent_csi_residual,PM2.5,normalized_rmse,0.39187450883533165,dimensionless,
model_metrics,physics_lmmse_coherent_csi_residual,PM2.5,r2,-0.002517852195555337,dimensionless,
model_metrics,physics_lmmse_coherent_csi_residual,PM2.5,bias,-4.955508902870863,ug/m3,
model_metrics,physics_lmmse_coherent_csi_residual,PM10,mae,70.61149358198529,ug/m3,
model_metrics,physics_lmmse_coherent_csi_residual,PM10,rmse,95.30864301913248,ug/m3,
model_metrics,physics_lmmse_coherent_csi_residual,PM10,normalized_rmse,0.3610175871936836,dimensionless,
model_metrics,physics_lmmse_coherent_csi_residual,PM10,r2,-0.008482302643129325,dimensionless,
model_metrics,physics_lmmse_coherent_csi_residual,PM10,bias,9.006056532544255,ug/m3,
model_metrics,physics_lmmse_coherent_csi_zero_residual,CO,mae,832.718144396478,ug/m3,
model_metrics,physics_lmmse_coherent_csi_zero_residual,CO,rmse,1337.005051450077,ug/m3,
model_metrics,physics_lmmse_coherent_csi_zero_residual,CO,normalized_rmse,0.445668350483359,dimensionless,
model_metrics,physics_lmmse_coherent_csi_zero_residual,CO,r2,0.002361387700381079,dimensionless,
model_metrics,physics_lmmse_coherent_csi_zero_residual,CO,bias,-174.2088765935344,ug/m3,
model_metrics,physics_lmmse_coherent_csi_zero_residual,O3,mae,45.16975794344174,ug/m3,
model_metrics,physics_lmmse_coherent_csi_zero_residual,O3,rmse,57.200380762033994,ug/m3,
model_metrics,physics_lmmse_coherent_csi_zero_residual,O3,normalized_rmse,0.30919124736234593,dimensionless,
model_metrics,physics_lmmse_coherent_csi_zero_residual,O3,r2,-0.030855110817269438,dimensionless,
model_metrics,physics_lmmse_coherent_csi_zero_residual,O3,bias,10.621770889543235,ug/m3,
model_metrics,physics_lmmse_coherent_csi_zero_residual,SO2,mae,13.29233450796589,ug/m3,
model_metrics,physics_lmmse_coherent_csi_zero_residual,SO2,rmse,15.894141780069669,ug/m3,
model_metrics,physics_lmmse_coherent_csi_zero_residual,SO2,normalized_rmse,0.23722599671745775,dimensionless,
model_metrics,physics_lmmse_coherent_csi_zero_residual,SO2,r2,-0.4553552345280143,dimensionless,
model_metrics,physics_lmmse_coherent_csi_zero_residual,SO2,bias,8.490952822943774,ug/m3,
model_metrics,physics_lmmse_coherent_csi_zero_residual,NO2,mae,28.49684401170912,ug/m3,
model_metrics,physics_lmmse_coherent_csi_zero_residual,NO2,rmse,35.749701010631654,ug/m3,
model_metrics,physics_lmmse_coherent_csi_zero_residual,NO2,normalized_rmse,0.33410935523954816,dimensionless,
model_metrics,physics_lmmse_coherent_csi_zero_residual,NO2,r2,0.014526130764739298,dimensionless,
model_metrics,physics_lmmse_coherent_csi_zero_residual,NO2,bias,0.06873670925331678,ug/m3,
model_metrics,physics_lmmse_coherent_csi_zero_residual,PM2.5,mae,60.24566365138,ug/m3,
model_metrics,physics_lmmse_coherent_csi_zero_residual,PM2.5,rmse,85.20528544322936,ug/m3,
model_metrics,physics_lmmse_coherent_csi_zero_residual,PM2.5,normalized_rmse,0.38897642293188606,dimensionless,
model_metrics,physics_lmmse_coherent_csi_zero_residual,PM2.5,r2,0.01225544635965492,dimensionless,
model_metrics,physics_lmmse_coherent_csi_zero_residual,PM2.5,bias,-5.294769893678253,ug/m3,
model_metrics,physics_lmmse_coherent_csi_zero_residual,PM10,mae,69.96978356427046,ug/m3,
model_metrics,physics_lmmse_coherent_csi_zero_residual,PM10,rmse,94.62580392621813,ug/m3,
model_metrics,physics_lmmse_coherent_csi_zero_residual,PM10,normalized_rmse,0.35843107547809894,dimensionless,
model_metrics,physics_lmmse_coherent_csi_zero_residual,PM10,r2,0.005916481537634133,dimensionless,
model_metrics,physics_lmmse_coherent_csi_zero_residual,PM10,bias,8.623247275668165,ug/m3,
metric_definition,training_q05_q95,CO,normalization_denominator,3000.0,ug/m3,
metric_definition,training_q05_q95,O3,normalization_denominator,185.0,ug/m3,
metric_definition,training_q05_q95,SO2,normalization_denominator,67.0,ug/m3,
metric_definition,training_q05_q95,NO2,normalization_denominator,107.0,ug/m3,
metric_definition,training_q05_q95,PM2.5,normalization_denominator,219.04999999999927,ug/m3,
metric_definition,training_q05_q95,PM10,normalization_denominator,264.0,ug/m3,
ridge_validation,shared_alpha_grid,macro,alpha_0.01_normalized_rmse,0.3521930266802498,dimensionless,
ridge_validation,per_target_alpha_grid,CO,alpha_0.01_normalized_rmse,0.4505486087482703,dimensionless,
ridge_validation,per_target_alpha_grid,O3,alpha_0.01_normalized_rmse,0.27453025988333624,dimensionless,
ridge_validation,per_target_alpha_grid,SO2,alpha_0.01_normalized_rmse,0.2433551688219894,dimensionless,
ridge_validation,per_target_alpha_grid,NO2,alpha_0.01_normalized_rmse,0.3400698667601879,dimensionless,
ridge_validation,per_target_alpha_grid,PM2.5,alpha_0.01_normalized_rmse,0.4246779880636865,dimensionless,
ridge_validation,per_target_alpha_grid,PM10,alpha_0.01_normalized_rmse,0.37997626780402893,dimensionless,
ridge_validation,shared_alpha_grid,macro,alpha_0.1_normalized_rmse,0.3521929707828752,dimensionless,
ridge_validation,per_target_alpha_grid,CO,alpha_0.1_normalized_rmse,0.4505485625136187,dimensionless,
ridge_validation,per_target_alpha_grid,O3,alpha_0.1_normalized_rmse,0.2745301913389786,dimensionless,
ridge_validation,per_target_alpha_grid,SO2,alpha_0.1_normalized_rmse,0.24335507784225857,dimensionless,
ridge_validation,per_target_alpha_grid,NO2,alpha_0.1_normalized_rmse,0.3400698175157983,dimensionless,
ridge_validation,per_target_alpha_grid,PM2.5,alpha_0.1_normalized_rmse,0.42467795166434436,dimensionless,
ridge_validation,per_target_alpha_grid,PM10,alpha_0.1_normalized_rmse,0.3799762238222525,dimensionless,
ridge_validation,shared_alpha_grid,macro,alpha_1_normalized_rmse,0.35219241188491485,dimensionless,
ridge_validation,per_target_alpha_grid,CO,alpha_1_normalized_rmse,0.45054810022962655,dimensionless,
ridge_validation,per_target_alpha_grid,O3,alpha_1_normalized_rmse,0.2745295059858868,dimensionless,
ridge_validation,per_target_alpha_grid,SO2,alpha_1_normalized_rmse,0.24335416816891428,dimensionless,
ridge_validation,per_target_alpha_grid,NO2,alpha_1_normalized_rmse,0.3400693251397764,dimensionless,
ridge_validation,per_target_alpha_grid,PM2.5,alpha_1_normalized_rmse,0.4246775877211029,dimensionless,
ridge_validation,per_target_alpha_grid,PM10,alpha_1_normalized_rmse,0.37997578406418187,dimensionless,
ridge_validation,shared_alpha_grid,macro,alpha_10_normalized_rmse,0.35218683047488053,dimensionless,
ridge_validation,per_target_alpha_grid,CO,alpha_10_normalized_rmse,0.45054348363479185,dimensionless,
ridge_validation,per_target_alpha_grid,O3,alpha_10_normalized_rmse,0.2745226614918645,dimensionless,
ridge_validation,per_target_alpha_grid,SO2,alpha_10_normalized_rmse,0.2433450838169637,dimensionless,
ridge_validation,per_target_alpha_grid,NO2,alpha_10_normalized_rmse,0.3400644081594145,dimensionless,
ridge_validation,per_target_alpha_grid,PM2.5,alpha_10_normalized_rmse,0.4246739533007827,dimensionless,
ridge_validation,per_target_alpha_grid,PM10,alpha_10_normalized_rmse,0.3799713924454657,dimensionless,
ridge_validation,shared_alpha_grid,macro,alpha_100_normalized_rmse,0.35213176419364034,dimensionless,
ridge_validation,per_target_alpha_grid,CO,alpha_100_normalized_rmse,0.45049793464109106,dimensionless,
ridge_validation,per_target_alpha_grid,O3,alpha_100_normalized_rmse,0.2744551094658543,dimensionless,
ridge_validation,per_target_alpha_grid,SO2,alpha_100_normalized_rmse,0.24325546354725427,dimensionless,
ridge_validation,per_target_alpha_grid,NO2,alpha_100_normalized_rmse,0.34001590797760384,dimensionless,
ridge_validation,per_target_alpha_grid,PM2.5,alpha_100_normalized_rmse,0.42463810423971476,dimensionless,
ridge_validation,per_target_alpha_grid,PM10,alpha_100_normalized_rmse,0.379928065290324,dimensionless,
ridge_validation,shared_alpha_grid,macro,alpha_1000_normalized_rmse,0.35164769772355425,dimensionless,
ridge_validation,per_target_alpha_grid,CO,alpha_1000_normalized_rmse,0.45009737589503995,dimensionless,
ridge_validation,per_target_alpha_grid,O3,alpha_1000_normalized_rmse,0.2738592208284056,dimensionless,
ridge_validation,per_target_alpha_grid,SO2,alpha_1000_normalized_rmse,0.24246822938810472,dimensionless,
ridge_validation,per_target_alpha_grid,NO2,alpha_1000_normalized_rmse,0.3395903949611562,dimensionless,
ridge_validation,per_target_alpha_grid,PM2.5,alpha_1000_normalized_rmse,0.42432369259714425,dimensionless,
ridge_validation,per_target_alpha_grid,PM10,alpha_1000_normalized_rmse,0.37954727267147453,dimensionless,
ridge_validation,shared_alpha_grid,macro,alpha_10000_normalized_rmse,0.34972491079726337,dimensionless,
ridge_validation,per_target_alpha_grid,CO,alpha_10000_normalized_rmse,0.448498016446383,dimensionless,
ridge_validation,per_target_alpha_grid,O3,alpha_10000_normalized_rmse,0.27142546927905215,dimensionless,
ridge_validation,per_target_alpha_grid,SO2,alpha_10000_normalized_rmse,0.23936962999558375,dimensionless,
ridge_validation,per_target_alpha_grid,NO2,alpha_10000_normalized_rmse,0.3379114068932074,dimensionless,
ridge_validation,per_target_alpha_grid,PM2.5,alpha_10000_normalized_rmse,0.4231027112029037,dimensionless,
ridge_validation,per_target_alpha_grid,PM10,alpha_10000_normalized_rmse,0.3780422309664502,dimensionless,
ridge_validation,shared_alpha_grid,macro,alpha_100000_normalized_rmse,0.3489118959733823,dimensionless,
ridge_validation,per_target_alpha_grid,CO,alpha_100000_normalized_rmse,0.44778608706770556,dimensionless,
ridge_validation,per_target_alpha_grid,O3,alpha_100000_normalized_rmse,0.2702122938761037,dimensionless,
ridge_validation,per_target_alpha_grid,SO2,alpha_100000_normalized_rmse,0.23816328711956844,dimensionless,
ridge_validation,per_target_alpha_grid,NO2,alpha_100000_normalized_rmse,0.3371778846043243,dimensionless,
ridge_validation,per_target_alpha_grid,PM2.5,alpha_100000_normalized_rmse,0.42268342624402716,dimensionless,
ridge_validation,per_target_alpha_grid,PM10,alpha_100000_normalized_rmse,0.3774483969285646,dimensionless,
ridge_validation,shared_alpha_grid,macro,alpha_1e+06_normalized_rmse,0.3489258797418686,dimensionless,
ridge_validation,per_target_alpha_grid,CO,alpha_1e+06_normalized_rmse,0.4477830511927515,dimensionless,
ridge_validation,per_target_alpha_grid,O3,alpha_1e+06_normalized_rmse,0.2701642204543028,dimensionless,
ridge_validation,per_target_alpha_grid,SO2,alpha_1e+06_normalized_rmse,0.23822468795030016,dimensionless,
ridge_validation,per_target_alpha_grid,NO2,alpha_1e+06_normalized_rmse,0.3371751037914454,dimensionless,
ridge_validation,per_target_alpha_grid,PM2.5,alpha_1e+06_normalized_rmse,0.42273011889992995,dimensionless,
ridge_validation,per_target_alpha_grid,PM10,alpha_1e+06_normalized_rmse,0.377478096162482,dimensionless,
ridge_validation,shared_alpha_grid,macro,alpha_1e+07_normalized_rmse,0.3489316588224418,dimensionless,
ridge_validation,per_target_alpha_grid,CO,alpha_1e+07_normalized_rmse,0.4477860350554371,dimensionless,
ridge_validation,per_target_alpha_grid,O3,alpha_1e+07_normalized_rmse,0.2701635938492619,dimensionless,
ridge_validation,per_target_alpha_grid,SO2,alpha_1e+07_normalized_rmse,0.23823871753925796,dimensionless,
ridge_validation,per_target_alpha_grid,NO2,alpha_1e+07_normalized_rmse,0.33717818343954153,dimensionless,
ridge_validation,per_target_alpha_grid,PM2.5,alpha_1e+07_normalized_rmse,0.42273843967052405,dimensionless,
ridge_validation,per_target_alpha_grid,PM10,alpha_1e+07_normalized_rmse,0.37748498338062825,dimensionless,
ridge_validation,shared_alpha_grid,macro,alpha_1e+08_normalized_rmse,0.348932290954127,dimensionless,
ridge_validation,per_target_alpha_grid,CO,alpha_1e+08_normalized_rmse,0.4477863742631076,dimensionless,
ridge_validation,per_target_alpha_grid,O3,alpha_1e+08_normalized_rmse,0.27016358379396604,dimensionless,
ridge_validation,per_target_alpha_grid,SO2,alpha_1e+08_normalized_rmse,0.2382402176197987,dimensionless,
ridge_validation,per_target_alpha_grid,NO2,alpha_1e+08_normalized_rmse,0.33717853302880846,dimensionless,
ridge_validation,per_target_alpha_grid,PM2.5,alpha_1e+08_normalized_rmse,0.42273931654966945,dimensionless,
ridge_validation,per_target_alpha_grid,PM10,alpha_1e+08_normalized_rmse,0.3774857204694117,dimensionless,
ridge_selection,target_specific_validation_alpha,CO,selected_alpha,1000000.0,alpha,
ridge_selection,target_specific_validation_alpha,O3,selected_alpha,100000000.0,alpha,
ridge_selection,target_specific_validation_alpha,SO2,selected_alpha,100000.0,alpha,
ridge_selection,target_specific_validation_alpha,NO2,selected_alpha,1000000.0,alpha,
ridge_selection,target_specific_validation_alpha,PM2.5,selected_alpha,100000.0,alpha,
ridge_selection,target_specific_validation_alpha,PM10,selected_alpha,100000.0,alpha,
paired_bootstrap,replicate_0000,macro,ridge_minus_mean_normalized_rmse,-3.772257609313545e-05,dimensionless,"Paired row resample of the fixed 4,000 row test predictions."
paired_bootstrap,replicate_0001,macro,ridge_minus_mean_normalized_rmse,-0.00014572465786755195,dimensionless,"Paired row resample of the fixed 4,000 row test predictions."
paired_bootstrap,replicate_0002,macro,ridge_minus_mean_normalized_rmse,1.9603354243891147e-05,dimensionless,"Paired row resample of the fixed 4,000 row test predictions."
paired_bootstrap,replicate_0003,macro,ridge_minus_mean_normalized_rmse,3.3425613275017696e-06,dimensionless,"Paired row resample of the fixed 4,000 row test predictions."
paired_bootstrap,replicate_0004,macro,ridge_minus_mean_normalized_rmse,5.7055261783567346e-05,dimensionless,"Paired row resample of the fixed 4,000 row test predictions."
paired_bootstrap,replicate_0005,macro,ridge_minus_mean_normalized_rmse,-4.659529283146391e-05,dimensionless,"Paired row resample of the fixed 4,000 row test predictions."
paired_bootstrap,replicate_0006,macro,ridge_minus_mean_normalized_rmse,-6.498778480207301e-05,dimensionless,"Paired row resample of the fixed 4,000 row test predictions."
paired_bootstrap,replicate_0007,macro,ridge_minus_mean_normalized_rmse,-6.503922117084837e-05,dimensionless,"Paired row resample of the fixed 4,000 row test predictions."
paired_bootstrap,replicate_0008,macro,ridge_minus_mean_normalized_rmse,-6.325328171807865e-05,dimensionless,"Paired row resample of the fixed 4,000 row test predictions."
paired_bootstrap,replicate_0009,macro,ridge_minus_mean_normalized_rmse,-0.00016490528643953173,dimensionless,"Paired row resample of the fixed 4,000 row test predictions."
paired_bootstrap,replicate_0010,macro,ridge_minus_mean_normalized_rmse,2.0966904335117942e-05,dimensionless,"Paired row resample of the fixed 4,000 row test predictions."
paired_bootstrap,replicate_0011,macro,ridge_minus_mean_normalized_rmse,-5.1599827372461604e-05,dimensionless,"Paired row resample of the fixed 4,000 row test predictions."
paired_bootstrap,replicate_0012,macro,ridge_minus_mean_normalized_rmse,-0.00014198690664035674,dimensionless,"Paired row resample of the fixed 4,000 row test predictions."
paired_bootstrap,replicate_0013,macro,ridge_minus_mean_normalized_rmse,-1.78797752128923e-05,dimensionless,"Paired row resample of the fixed 4,000 row test predictions."
paired_bootstrap,replicate_0014,macro,ridge_minus_mean_normalized_rmse,9.367408133043043e-05,dimensionless,"Paired row resample of the fixed 4,000 row test predictions."
paired_bootstrap,replicate_0015,macro,ridge_minus_mean_normalized_rmse,-0.00011435644730550809,dimensionless,"Paired row resample of the fixed 4,000 row test predictions."
paired_bootstrap,replicate_0016,macro,ridge_minus_mean_normalized_rmse,-1.0182701554672935e-05,dimensionless,"Paired row resample of the fixed 4,000 row test predictions."
paired_bootstrap,replicate_0017,macro,ridge_minus_mean_normalized_rmse,1.9990238445455333e-05,dimensionless,"Paired row resample of the fixed 4,000 row test predictions."
paired_bootstrap,replicate_0018,macro,ridge_minus_mean_normalized_rmse,2.0991232432099327e-05,dimensionless,"Paired row resample of the fixed 4,000 row test predictions."
paired_bootstrap,replicate_0019,macro,ridge_minus_mean_normalized_rmse,-2.460808995707886e-05,dimensionless,"Paired row resample of the fixed 4,000 row test predictions."
paired_bootstrap,replicate_0020,macro,ridge_minus_mean_normalized_rmse,-2.8330155662226186e-05,dimensionless,"Paired row resample of the fixed 4,000 row test predictions."
paired_bootstrap,replicate_0021,macro,ridge_minus_mean_normalized_rmse,-8.986004688776861e-05,dimensionless,"Paired row resample of the fixed 4,000 row test predictions."
paired_bootstrap,replicate_0022,macro,ridge_minus_mean_normalized_rmse,2.013582910004308e-05,dimensionless,"Paired row resample of the fixed 4,000 row test predictions."
paired_bootstrap,replicate_0023,macro,ridge_minus_mean_normalized_rmse,-0.0002004706095091735,dimensionless,"Paired row resample of the fixed 4,000 row test predictions."
paired_bootstrap,replicate_0024,macro,ridge_minus_mean_normalized_rmse,-6.10400191728977e-05,dimensionless,"Paired row resample of the fixed 4,000 row test predictions."
paired_bootstrap,replicate_0025,macro,ridge_minus_mean_normalized_rmse,-9.204753757752204e-05,dimensionless,"Paired row resample of the fixed 4,000 row test predictions."
paired_bootstrap,replicate_0026,macro,ridge_minus_mean_normalized_rmse,-2.863771929428882e-06,dimensionless,"Paired row resample of the fixed 4,000 row test predictions."
paired_bootstrap,replicate_0027,macro,ridge_minus_mean_normalized_rmse,-3.88263511152398e-05,dimensionless,"Paired row resample of the fixed 4,000 row test predictions."
paired_bootstrap,replicate_0028,macro,ridge_minus_mean_normalized_rmse,5.092828656877435e-05,dimensionless,"Paired row resample of the fixed 4,000 row test predictions."
paired_bootstrap,replicate_0029,macro,ridge_minus_mean_normalized_rmse,-0.00010684910525099456,dimensionless,"Paired row resample of the fixed 4,000 row test predictions."
paired_bootstrap,replicate_0030,macro,ridge_minus_mean_normalized_rmse,-2.7320800779162546e-05,dimensionless,"Paired row resample of the fixed 4,000 row test predictions."
paired_bootstrap,replicate_0031,macro,ridge_minus_mean_normalized_rmse,-0.00012557134258878166,dimensionless,"Paired row resample of the fixed 4,000 row test predictions."
paired_bootstrap,replicate_0032,macro,ridge_minus_mean_normalized_rmse,-0.0001008485523454894,dimensionless,"Paired row resample of the fixed 4,000 row test predictions."
paired_bootstrap,replicate_0033,macro,ridge_minus_mean_normalized_rmse,5.19999997605769e-06,dimensionless,"Paired row resample of the fixed 4,000 row test predictions."
paired_bootstrap,replicate_0034,macro,ridge_minus_mean_normalized_rmse,5.769730830423869e-05,dimensionless,"Paired row resample of the fixed 4,000 row test predictions."
paired_bootstrap,replicate_0035,macro,ridge_minus_mean_normalized_rmse,-5.383510253886836e-05,dimensionless,"Paired row resample of the fixed 4,000 row test predictions."
paired_bootstrap,replicate_0036,macro,ridge_minus_mean_normalized_rmse,4.695109583896517e-05,dimensionless,"Paired row resample of the fixed 4,000 row test predictions."
paired_bootstrap,replicate_0037,macro,ridge_minus_mean_normalized_rmse,1.3706986131345467e-05,dimensionless,"Paired row resample of the fixed 4,000 row test predictions."
paired_bootstrap,replicate_0038,macro,ridge_minus_mean_normalized_rmse,-2.345245342927349e-06,dimensionless,"Paired row resample of the fixed 4,000 row test predictions."
paired_bootstrap,replicate_0039,macro,ridge_minus_mean_normalized_rmse,-2.851001914028206e-05,dimensionless,"Paired row resample of the fixed 4,000 row test predictions."
paired_bootstrap,replicate_0040,macro,ridge_minus_mean_normalized_rmse,2.7942657008894756e-05,dimensionless,"Paired row resample of the fixed 4,000 row test predictions."
paired_bootstrap,replicate_0041,macro,ridge_minus_mean_normalized_rmse,3.566852206038362e-05,dimensionless,"Paired row resample of the fixed 4,000 row test predictions."
paired_bootstrap,replicate_0042,macro,ridge_minus_mean_normalized_rmse,-0.00010894740332778596,dimensionless,"Paired row resample of the fixed 4,000 row test predictions."
paired_bootstrap,replicate_0043,macro,ridge_minus_mean_normalized_rmse,4.949827860034617e-05,dimensionless,"Paired row resample of the fixed 4,000 row test predictions."
paired_bootstrap,replicate_0044,macro,ridge_minus_mean_normalized_rmse,6.825233291796184e-05,dimensionless,"Paired row resample of the fixed 4,000 row test predictions."
paired_bootstrap,replicate_0045,macro,ridge_minus_mean_normalized_rmse,3.373068012602065e-05,dimensionless,"Paired row resample of the fixed 4,000 row test predictions."
paired_bootstrap,replicate_0046,macro,ridge_minus_mean_normalized_rmse,-0.00010901748841629644,dimensionless,"Paired row resample of the fixed 4,000 row test predictions."
paired_bootstrap,replicate_0047,macro,ridge_minus_mean_normalized_rmse,6.808392944601671e-05,dimensionless,"Paired row resample of the fixed 4,000 row test predictions."
paired_bootstrap,replicate_0048,macro,ridge_minus_mean_normalized_rmse,-6.325788800659593e-05,dimensionless,"Paired row resample of the fixed 4,000 row test predictions."
paired_bootstrap,replicate_0049,macro,ridge_minus_mean_normalized_rmse,-0.00013006515531371887,dimensionless,"Paired row resample of the fixed 4,000 row test predictions."
paired_bootstrap,replicate_0050,macro,ridge_minus_mean_normalized_rmse,4.23689626843915e-06,dimensionless,"Paired row resample of the fixed 4,000 row test predictions."
paired_bootstrap,replicate_0051,macro,ridge_minus_mean_normalized_rmse,-6.520390140402066e-05,dimensionless,"Paired row resample of the fixed 4,000 row test predictions."
paired_bootstrap,replicate_0052,macro,ridge_minus_mean_normalized_rmse,3.0309322314958642e-05,dimensionless,"Paired row resample of the fixed 4,000 row test predictions."
paired_bootstrap,replicate_0053,macro,ridge_minus_mean_normalized_rmse,-9.71092254309358e-06,dimensionless,"Paired row resample of the fixed 4,000 row test predictions."
paired_bootstrap,replicate_0054,macro,ridge_minus_mean_normalized_rmse,4.320476012176222e-06,dimensionless,"Paired row resample of the fixed 4,000 row test predictions."
paired_bootstrap,replicate_0055,macro,ridge_minus_mean_normalized_rmse,-5.770767708745961e-06,dimensionless,"Paired row resample of the fixed 4,000 row test predictions."
paired_bootstrap,replicate_0056,macro,ridge_minus_mean_normalized_rmse,1.4396866023447252e-05,dimensionless,"Paired row resample of the fixed 4,000 row test predictions."
paired_bootstrap,replicate_0057,macro,ridge_minus_mean_normalized_rmse,1.115799068251988e-06,dimensionless,"Paired row resample of the fixed 4,000 row test predictions."
paired_bootstrap,replicate_0058,macro,ridge_minus_mean_normalized_rmse,4.4284663209270825e-05,dimensionless,"Paired row resample of the fixed 4,000 row test predictions."
paired_bootstrap,replicate_0059,macro,ridge_minus_mean_normalized_rmse,-8.463693186816501e-05,dimensionless,"Paired row resample of the fixed 4,000 row test predictions."
paired_bootstrap,replicate_0060,macro,ridge_minus_mean_normalized_rmse,-5.646318038549092e-05,dimensionless,"Paired row resample of the fixed 4,000 row test predictions."
paired_bootstrap,replicate_0061,macro,ridge_minus_mean_normalized_rmse,-9.180805452529972e-05,dimensionless,"Paired row resample of the fixed 4,000 row test predictions."
paired_bootstrap,replicate_0062,macro,ridge_minus_mean_normalized_rmse,-5.012094180312232e-05,dimensionless,"Paired row resample of the fixed 4,000 row test predictions."
paired_bootstrap,replicate_0063,macro,ridge_minus_mean_normalized_rmse,-2.8727242393777885e-06,dimensionless,"Paired row resample of the fixed 4,000 row test predictions."
paired_bootstrap,replicate_0064,macro,ridge_minus_mean_normalized_rmse,-7.754001194459903e-07,dimensionless,"Paired row resample of the fixed 4,000 row test predictions."
paired_bootstrap,replicate_0065,macro,ridge_minus_mean_normalized_rmse,-2.5193539414658517e-06,dimensionless,"Paired row resample of the fixed 4,000 row test predictions."
paired_bootstrap,replicate_0066,macro,ridge_minus_mean_normalized_rmse,-1.6016322089196233e-05,dimensionless,"Paired row resample of the fixed 4,000 row test predictions."
paired_bootstrap,replicate_0067,macro,ridge_minus_mean_normalized_rmse,2.2589842023912343e-05,dimensionless,"Paired row resample of the fixed 4,000 row test predictions."
paired_bootstrap,replicate_0068,macro,ridge_minus_mean_normalized_rmse,-1.664255822930727e-05,dimensionless,"Paired row resample of the fixed 4,000 row test predictions."
paired_bootstrap,replicate_0069,macro,ridge_minus_mean_normalized_rmse,9.533477007606095e-06,dimensionless,"Paired row resample of the fixed 4,000 row test predictions."
paired_bootstrap,replicate_0070,macro,ridge_minus_mean_normalized_rmse,-4.5758069445733796e-05,dimensionless,"Paired row resample of the fixed 4,000 row test predictions."
paired_bootstrap,replicate_0071,macro,ridge_minus_mean_normalized_rmse,-6.843392667482684e-05,dimensionless,"Paired row resample of the fixed 4,000 row test predictions."
paired_bootstrap,replicate_0072,macro,ridge_minus_mean_normalized_rmse,-1.726333676677072e-06,dimensionless,"Paired row resample of the fixed 4,000 row test predictions."
paired_bootstrap,replicate_0073,macro,ridge_minus_mean_normalized_rmse,-4.305014984173905e-05,dimensionless,"Paired row resample of the fixed 4,000 row test predictions."
paired_bootstrap,replicate_0074,macro,ridge_minus_mean_normalized_rmse,-4.258467493500895e-05,dimensionless,"Paired row resample of the fixed 4,000 row test predictions."
paired_bootstrap,replicate_0075,macro,ridge_minus_mean_normalized_rmse,-0.00016519740426296226,dimensionless,"Paired row resample of the fixed 4,000 row test predictions."
paired_bootstrap,replicate_0076,macro,ridge_minus_mean_normalized_rmse,6.475780062836778e-05,dimensionless,"Paired row resample of the fixed 4,000 row test predictions."
paired_bootstrap,replicate_0077,macro,ridge_minus_mean_normalized_rmse,-0.00010283192272825259,dimensionless,"Paired row resample of the fixed 4,000 row test predictions."
paired_bootstrap,replicate_0078,macro,ridge_minus_mean_normalized_rmse,-1.9381891801784068e-05,dimensionless,"Paired row resample of the fixed 4,000 row test predictions."
paired_bootstrap,replicate_0079,macro,ridge_minus_mean_normalized_rmse,4.106126729364057e-05,dimensionless,"Paired row resample of the fixed 4,000 row test predictions."
paired_bootstrap,replicate_0080,macro,ridge_minus_mean_normalized_rmse,1.5474875241727748e-05,dimensionless,"Paired row resample of the fixed 4,000 row test predictions."
paired_bootstrap,replicate_0081,macro,ridge_minus_mean_normalized_rmse,-2.5818645190966993e-05,dimensionless,"Paired row resample of the fixed 4,000 row test predictions."
paired_bootstrap,replicate_0082,macro,ridge_minus_mean_normalized_rmse,6.506911898090939e-05,dimensionless,"Paired row resample of the fixed 4,000 row test predictions."
paired_bootstrap,replicate_0083,macro,ridge_minus_mean_normalized_rmse,-6.97290249142557e-05,dimensionless,"Paired row resample of the fixed 4,000 row test predictions."
paired_bootstrap,replicate_0084,macro,ridge_minus_mean_normalized_rmse,-3.822637047062871e-05,dimensionless,"Paired row resample of the fixed 4,000 row test predictions."
paired_bootstrap,replicate_0085,macro,ridge_minus_mean_normalized_rmse,-2.5283822050581328e-05,dimensionless,"Paired row resample of the fixed 4,000 row test predictions."
paired_bootstrap,replicate_0086,macro,ridge_minus_mean_normalized_rmse,-3.1821585242952644e-06,dimensionless,"Paired row resample of the fixed 4,000 row test predictions."
paired_bootstrap,replicate_0087,macro,ridge_minus_mean_normalized_rmse,-3.970463483976561e-05,dimensionless,"Paired row resample of the fixed 4,000 row test predictions."
paired_bootstrap,replicate_0088,macro,ridge_minus_mean_normalized_rmse,-9.0733913294061e-05,dimensionless,"Paired row resample of the fixed 4,000 row test predictions."
paired_bootstrap,replicate_0089,macro,ridge_minus_mean_normalized_rmse,-2.3068032846240705e-05,dimensionless,"Paired row resample of the fixed 4,000 row test predictions."
paired_bootstrap,replicate_0090,macro,ridge_minus_mean_normalized_rmse,5.166938756751005e-05,dimensionless,"Paired row resample of the fixed 4,000 row test predictions."
paired_bootstrap,replicate_0091,macro,ridge_minus_mean_normalized_rmse,-5.7392378938758704e-05,dimensionless,"Paired row resample of the fixed 4,000 row test predictions."
paired_bootstrap,replicate_0092,macro,ridge_minus_mean_normalized_rmse,-6.669595824398966e-05,dimensionless,"Paired row resample of the fixed 4,000 row test predictions."
paired_bootstrap,replicate_0093,macro,ridge_minus_mean_normalized_rmse,-1.5994747540493126e-05,dimensionless,"Paired row resample of the fixed 4,000 row test predictions."
paired_bootstrap,replicate_0094,macro,ridge_minus_mean_normalized_rmse,3.215687824809077e-05,dimensionless,"Paired row resample of the fixed 4,000 row test predictions."
paired_bootstrap,replicate_0095,macro,ridge_minus_mean_normalized_rmse,-2.284533193841476e-06,dimensionless,"Paired row resample of the fixed 4,000 row test predictions."
paired_bootstrap,replicate_0096,macro,ridge_minus_mean_normalized_rmse,-5.86422906629358e-05,dimensionless,"Paired row resample of the fixed 4,000 row test predictions."
paired_bootstrap,replicate_0097,macro,ridge_minus_mean_normalized_rmse,-5.640167223247561e-05,dimensionless,"Paired row resample of the fixed 4,000 row test predictions."
paired_bootstrap,replicate_0098,macro,ridge_minus_mean_normalized_rmse,2.733273718175111e-05,dimensionless,"Paired row resample of the fixed 4,000 row test predictions."
paired_bootstrap,replicate_0099,macro,ridge_minus_mean_normalized_rmse,1.9898024646858303e-06,dimensionless,"Paired row resample of the fixed 4,000 row test predictions."
paired_bootstrap,replicate_0100,macro,ridge_minus_mean_normalized_rmse,-5.9540030949989386e-05,dimensionless,"Paired row resample of the fixed 4,000 row test predictions."
paired_bootstrap,replicate_0101,macro,ridge_minus_mean_normalized_rmse,0.00011875895799340341,dimensionless,"Paired row resample of the fixed 4,000 row test predictions."
paired_bootstrap,replicate_0102,macro,ridge_minus_mean_normalized_rmse,7.970602489426604e-05,dimensionless,"Paired row resample of the fixed 4,000 row test predictions."
paired_bootstrap,replicate_0103,macro,ridge_minus_mean_normalized_rmse,-0.00010209587150972199,dimensionless,"Paired row resample of the fixed 4,000 row test predictions."
paired_bootstrap,replicate_0104,macro,ridge_minus_mean_normalized_rmse,-2.8577642836036254e-05,dimensionless,"Paired row resample of the fixed 4,000 row test predictions."
paired_bootstrap,replicate_0105,macro,ridge_minus_mean_normalized_rmse,-4.137607039184088e-05,dimensionless,"Paired row resample of the fixed 4,000 row test predictions."
paired_bootstrap,replicate_0106,macro,ridge_minus_mean_normalized_rmse,2.6421621293903907e-05,dimensionless,"Paired row resample of the fixed 4,000 row test predictions."
paired_bootstrap,replicate_0107,macro,ridge_minus_mean_normalized_rmse,2.8066156732398095e-05,dimensionless,"Paired row resample of the fixed 4,000 row test predictions."
paired_bootstrap,replicate_0108,macro,ridge_minus_mean_normalized_rmse,-0.00015030312420927228,dimensionless,"Paired row resample of the fixed 4,000 row test predictions."
paired_bootstrap,replicate_0109,macro,ridge_minus_mean_normalized_rmse,1.0142939854129729e-06,dimensionless,"Paired row resample of the fixed 4,000 row test predictions."
paired_bootstrap,replicate_0110,macro,ridge_minus_mean_normalized_rmse,2.656255682476072e-05,dimensionless,"Paired row resample of the fixed 4,000 row test predictions."
paired_bootstrap,replicate_0111,macro,ridge_minus_mean_normalized_rmse,3.2727025761403183e-05,dimensionless,"Paired row resample of the fixed 4,000 row test predictions."
paired_bootstrap,replicate_0112,macro,ridge_minus_mean_normalized_rmse,-5.4321164463799754e-05,dimensionless,"Paired row resample of the fixed 4,000 row test predictions."
paired_bootstrap,replicate_0113,macro,ridge_minus_mean_normalized_rmse,7.753941698607214e-06,dimensionless,"Paired row resample of the fixed 4,000 row test predictions."
paired_bootstrap,replicate_0114,macro,ridge_minus_mean_normalized_rmse,-6.656915114827688e-05,dimensionless,"Paired row resample of the fixed 4,000 row test predictions."
paired_bootstrap,replicate_0115,macro,ridge_minus_mean_normalized_rmse,-4.904752668888346e-05,dimensionless,"Paired row resample of the fixed 4,000 row test predictions."
paired_bootstrap,replicate_0116,macro,ridge_minus_mean_normalized_rmse,1.0923891984204737e-05,dimensionless,"Paired row resample of the fixed 4,000 row test predictions."
paired_bootstrap,replicate_0117,macro,ridge_minus_mean_normalized_rmse,-0.00011857400846981836,dimensionless,"Paired row resample of the fixed 4,000 row test predictions."
paired_bootstrap,replicate_0118,macro,ridge_minus_mean_normalized_rmse,-8.238748902456017e-05,dimensionless,"Paired row resample of the fixed 4,000 row test predictions."
paired_bootstrap,replicate_0119,macro,ridge_minus_mean_normalized_rmse,-8.61410297225973e-06,dimensionless,"Paired row resample of the fixed 4,000 row test predictions."
paired_bootstrap,replicate_0120,macro,ridge_minus_mean_normalized_rmse,2.9327195643302773e-05,dimensionless,"Paired row resample of the fixed 4,000 row test predictions."
paired_bootstrap,replicate_0121,macro,ridge_minus_mean_normalized_rmse,-8.736070981141264e-05,dimensionless,"Paired row resample of the fixed 4,000 row test predictions."
paired_bootstrap,replicate_0122,macro,ridge_minus_mean_normalized_rmse,4.609762428942066e-05,dimensionless,"Paired row resample of the fixed 4,000 row test predictions."
paired_bootstrap,replicate_0123,macro,ridge_minus_mean_normalized_rmse,-2.7834105427892997e-05,dimensionless,"Paired row resample of the fixed 4,000 row test predictions."
paired_bootstrap,replicate_0124,macro,ridge_minus_mean_normalized_rmse,3.4011634462149942e-06,dimensionless,"Paired row resample of the fixed 4,000 row test predictions."
paired_bootstrap,replicate_0125,macro,ridge_minus_mean_normalized_rmse,-7.007455535790186e-05,dimensionless,"Paired row resample of the fixed 4,000 row test predictions."
paired_bootstrap,replicate_0126,macro,ridge_minus_mean_normalized_rmse,-8.585079606315826e-05,dimensionless,"Paired row resample of the fixed 4,000 row test predictions."
paired_bootstrap,replicate_0127,macro,ridge_minus_mean_normalized_rmse,-3.8606819034225914e-05,dimensionless,"Paired row resample of the fixed 4,000 row test predictions."
paired_bootstrap,replicate_0128,macro,ridge_minus_mean_normalized_rmse,4.215756680814309e-05,dimensionless,"Paired row resample of the fixed 4,000 row test predictions."
paired_bootstrap,replicate_0129,macro,ridge_minus_mean_normalized_rmse,-2.380498553178345e-05,dimensionless,"Paired row resample of the fixed 4,000 row test predictions."
paired_bootstrap,replicate_0130,macro,ridge_minus_mean_normalized_rmse,-0.00011697999226817357,dimensionless,"Paired row resample of the fixed 4,000 row test predictions."
paired_bootstrap,replicate_0131,macro,ridge_minus_mean_normalized_rmse,-3.695050657598342e-05,dimensionless,"Paired row resample of the fixed 4,000 row test predictions."
paired_bootstrap,replicate_0132,macro,ridge_minus_mean_normalized_rmse,-5.798780516902413e-05,dimensionless,"Paired row resample of the fixed 4,000 row test predictions."
paired_bootstrap,replicate_0133,macro,ridge_minus_mean_normalized_rmse,3.194336733197689e-05,dimensionless,"Paired row resample of the fixed 4,000 row test predictions."
paired_bootstrap,replicate_0134,macro,ridge_minus_mean_normalized_rmse,-1.9977976895013683e-05,dimensionless,"Paired row resample of the fixed 4,000 row test predictions."
paired_bootstrap,replicate_0135,macro,ridge_minus_mean_normalized_rmse,-6.088239338697399e-05,dimensionless,"Paired row resample of the fixed 4,000 row test predictions."
paired_bootstrap,replicate_0136,macro,ridge_minus_mean_normalized_rmse,-4.490141265234282e-05,dimensionless,"Paired row resample of the fixed 4,000 row test predictions."
paired_bootstrap,replicate_0137,macro,ridge_minus_mean_normalized_rmse,-2.0337846547535676e-05,dimensionless,"Paired row resample of the fixed 4,000 row test predictions."
paired_bootstrap,replicate_0138,macro,ridge_minus_mean_normalized_rmse,-2.50633835922609e-05,dimensionless,"Paired row resample of the fixed 4,000 row test predictions."
paired_bootstrap,replicate_0139,macro,ridge_minus_mean_normalized_rmse,-7.17225974013469e-05,dimensionless,"Paired row resample of the fixed 4,000 row test predictions."
paired_bootstrap,replicate_0140,macro,ridge_minus_mean_normalized_rmse,-0.00012360797142901836,dimensionless,"Paired row resample of the fixed 4,000 row test predictions."
paired_bootstrap,replicate_0141,macro,ridge_minus_mean_normalized_rmse,6.39487562892338e-06,dimensionless,"Paired row resample of the fixed 4,000 row test predictions."
paired_bootstrap,replicate_0142,macro,ridge_minus_mean_normalized_rmse,7.762111982601017e-05,dimensionless,"Paired row resample of the fixed 4,000 row test predictions."
paired_bootstrap,replicate_0143,macro,ridge_minus_mean_normalized_rmse,-1.0106027878153956e-05,dimensionless,"Paired row resample of the fixed 4,000 row test predictions."
paired_bootstrap,replicate_0144,macro,ridge_minus_mean_normalized_rmse,-4.463398254384021e-05,dimensionless,"Paired row resample of the fixed 4,000 row test predictions."
paired_bootstrap,replicate_0145,macro,ridge_minus_mean_normalized_rmse,-3.3941828716521627e-06,dimensionless,"Paired row resample of the fixed 4,000 row test predictions."
paired_bootstrap,replicate_0146,macro,ridge_minus_mean_normalized_rmse,-9.845228300664477e-06,dimensionless,"Paired row resample of the fixed 4,000 row test predictions."
paired_bootstrap,replicate_0147,macro,ridge_minus_mean_normalized_rmse,-8.211137511460187e-05,dimensionless,"Paired row resample of the fixed 4,000 row test predictions."
paired_bootstrap,replicate_0148,macro,ridge_minus_mean_normalized_rmse,-3.222706770433792e-05,dimensionless,"Paired row resample of the fixed 4,000 row test predictions."
paired_bootstrap,replicate_0149,macro,ridge_minus_mean_normalized_rmse,-6.92448423977865e-06,dimensionless,"Paired row resample of the fixed 4,000 row test predictions."
paired_bootstrap,replicate_0150,macro,ridge_minus_mean_normalized_rmse,3.941465060885996e-06,dimensionless,"Paired row resample of the fixed 4,000 row test predictions."
paired_bootstrap,replicate_0151,macro,ridge_minus_mean_normalized_rmse,-5.3612002664071845e-05,dimensionless,"Paired row resample of the fixed 4,000 row test predictions."
paired_bootstrap,replicate_0152,macro,ridge_minus_mean_normalized_rmse,-0.00011008198820755544,dimensionless,"Paired row resample of the fixed 4,000 row test predictions."
paired_bootstrap,replicate_0153,macro,ridge_minus_mean_normalized_rmse,-4.627686505692674e-05,dimensionless,"Paired row resample of the fixed 4,000 row test predictions."
paired_bootstrap,replicate_0154,macro,ridge_minus_mean_normalized_rmse,2.6610715953945263e-05,dimensionless,"Paired row resample of the fixed 4,000 row test predictions."
paired_bootstrap,replicate_0155,macro,ridge_minus_mean_normalized_rmse,-8.61567781774708e-05,dimensionless,"Paired row resample of the fixed 4,000 row test predictions."
paired_bootstrap,replicate_0156,macro,ridge_minus_mean_normalized_rmse,-3.5166571081102216e-05,dimensionless,"Paired row resample of the fixed 4,000 row test predictions."
paired_bootstrap,replicate_0157,macro,ridge_minus_mean_normalized_rmse,-6.343550194259917e-05,dimensionless,"Paired row resample of the fixed 4,000 row test predictions."
paired_bootstrap,replicate_0158,macro,ridge_minus_mean_normalized_rmse,-8.546685675075993e-05,dimensionless,"Paired row resample of the fixed 4,000 row test predictions."
paired_bootstrap,replicate_0159,macro,ridge_minus_mean_normalized_rmse,8.593150611357903e-06,dimensionless,"Paired row resample of the fixed 4,000 row test predictions."
paired_bootstrap,replicate_0160,macro,ridge_minus_mean_normalized_rmse,-3.924714333042312e-05,dimensionless,"Paired row resample of the fixed 4,000 row test predictions."
paired_bootstrap,replicate_0161,macro,ridge_minus_mean_normalized_rmse,-4.288048737249861e-05,dimensionless,"Paired row resample of the fixed 4,000 row test predictions."
paired_bootstrap,replicate_0162,macro,ridge_minus_mean_normalized_rmse,2.5972780321681377e-05,dimensionless,"Paired row resample of the fixed 4,000 row test predictions."
paired_bootstrap,replicate_0163,macro,ridge_minus_mean_normalized_rmse,1.7609831538090148e-05,dimensionless,"Paired row resample of the fixed 4,000 row test predictions."
paired_bootstrap,replicate_0164,macro,ridge_minus_mean_normalized_rmse,-2.7364950527797305e-05,dimensionless,"Paired row resample of the fixed 4,000 row test predictions."
paired_bootstrap,replicate_0165,macro,ridge_minus_mean_normalized_rmse,-8.881469029425881e-05,dimensionless,"Paired row resample of the fixed 4,000 row test predictions."
paired_bootstrap,replicate_0166,macro,ridge_minus_mean_normalized_rmse,-7.356533939006926e-05,dimensionless,"Paired row resample of the fixed 4,000 row test predictions."
paired_bootstrap,replicate_0167,macro,ridge_minus_mean_normalized_rmse,-4.775644800841805e-05,dimensionless,"Paired row resample of the fixed 4,000 row test predictions."
paired_bootstrap,replicate_0168,macro,ridge_minus_mean_normalized_rmse,1.9236299727720674e-05,dimensionless,"Paired row resample of the fixed 4,000 row test predictions."
paired_bootstrap,replicate_0169,macro,ridge_minus_mean_normalized_rmse,-2.371294337655261e-05,dimensionless,"Paired row resample of the fixed 4,000 row test predictions."
paired_bootstrap,replicate_0170,macro,ridge_minus_mean_normalized_rmse,-7.397633664646408e-05,dimensionless,"Paired row resample of the fixed 4,000 row test predictions."
paired_bootstrap,replicate_0171,macro,ridge_minus_mean_normalized_rmse,-0.00011882197597273825,dimensionless,"Paired row resample of the fixed 4,000 row test predictions."
paired_bootstrap,replicate_0172,macro,ridge_minus_mean_normalized_rmse,3.079529285665572e-05,dimensionless,"Paired row resample of the fixed 4,000 row test predictions."
paired_bootstrap,replicate_0173,macro,ridge_minus_mean_normalized_rmse,1.3958399064262217e-05,dimensionless,"Paired row resample of the fixed 4,000 row test predictions."
paired_bootstrap,replicate_0174,macro,ridge_minus_mean_normalized_rmse,6.02231099612327e-05,dimensionless,"Paired row resample of the fixed 4,000 row test predictions."
paired_bootstrap,replicate_0175,macro,ridge_minus_mean_normalized_rmse,-4.3737619026540386e-07,dimensionless,"Paired row resample of the fixed 4,000 row test predictions."
paired_bootstrap,replicate_0176,macro,ridge_minus_mean_normalized_rmse,-1.0688263918978702e-05,dimensionless,"Paired row resample of the fixed 4,000 row test predictions."
paired_bootstrap,replicate_0177,macro,ridge_minus_mean_normalized_rmse,-0.00015702512704990346,dimensionless,"Paired row resample of the fixed 4,000 row test predictions."
paired_bootstrap,replicate_0178,macro,ridge_minus_mean_normalized_rmse,-2.4284988771217098e-05,dimensionless,"Paired row resample of the fixed 4,000 row test predictions."
paired_bootstrap,replicate_0179,macro,ridge_minus_mean_normalized_rmse,-8.587735902099158e-05,dimensionless,"Paired row resample of the fixed 4,000 row test predictions."
paired_bootstrap,replicate_0180,macro,ridge_minus_mean_normalized_rmse,2.3581096410874025e-05,dimensionless,"Paired row resample of the fixed 4,000 row test predictions."
paired_bootstrap,replicate_0181,macro,ridge_minus_mean_normalized_rmse,-6.868546718630242e-05,dimensionless,"Paired row resample of the fixed 4,000 row test predictions."
paired_bootstrap,replicate_0182,macro,ridge_minus_mean_normalized_rmse,2.473836804023355e-05,dimensionless,"Paired row resample of the fixed 4,000 row test predictions."
paired_bootstrap,replicate_0183,macro,ridge_minus_mean_normalized_rmse,-1.795553215377943e-05,dimensionless,"Paired row resample of the fixed 4,000 row test predictions."
paired_bootstrap,replicate_0184,macro,ridge_minus_mean_normalized_rmse,-3.147311586615409e-05,dimensionless,"Paired row resample of the fixed 4,000 row test predictions."
paired_bootstrap,replicate_0185,macro,ridge_minus_mean_normalized_rmse,5.7748969167104036e-05,dimensionless,"Paired row resample of the fixed 4,000 row test predictions."
paired_bootstrap,replicate_0186,macro,ridge_minus_mean_normalized_rmse,-4.941000811542473e-05,dimensionless,"Paired row resample of the fixed 4,000 row test predictions."
paired_bootstrap,replicate_0187,macro,ridge_minus_mean_normalized_rmse,-1.2645258094912126e-05,dimensionless,"Paired row resample of the fixed 4,000 row test predictions."
paired_bootstrap,replicate_0188,macro,ridge_minus_mean_normalized_rmse,-2.343080725258906e-05,dimensionless,"Paired row resample of the fixed 4,000 row test predictions."
paired_bootstrap,replicate_0189,macro,ridge_minus_mean_normalized_rmse,-0.0001288814214787659,dimensionless,"Paired row resample of the fixed 4,000 row test predictions."
paired_bootstrap,replicate_0190,macro,ridge_minus_mean_normalized_rmse,-1.2318005213618477e-06,dimensionless,"Paired row resample of the fixed 4,000 row test predictions."
paired_bootstrap,replicate_0191,macro,ridge_minus_mean_normalized_rmse,-9.383567191878495e-05,dimensionless,"Paired row resample of the fixed 4,000 row test predictions."
paired_bootstrap,replicate_0192,macro,ridge_minus_mean_normalized_rmse,-0.00012738937532041916,dimensionless,"Paired row resample of the fixed 4,000 row test predictions."
paired_bootstrap,replicate_0193,macro,ridge_minus_mean_normalized_rmse,-6.350081963046872e-05,dimensionless,"Paired row resample of the fixed 4,000 row test predictions."
paired_bootstrap,replicate_0194,macro,ridge_minus_mean_normalized_rmse,-4.8633252682894756e-05,dimensionless,"Paired row resample of the fixed 4,000 row test predictions."
paired_bootstrap,replicate_0195,macro,ridge_minus_mean_normalized_rmse,-3.3951888632532956e-05,dimensionless,"Paired row resample of the fixed 4,000 row test predictions."
paired_bootstrap,replicate_0196,macro,ridge_minus_mean_normalized_rmse,3.445182552819226e-05,dimensionless,"Paired row resample of the fixed 4,000 row test predictions."
paired_bootstrap,replicate_0197,macro,ridge_minus_mean_normalized_rmse,1.990309532440282e-05,dimensionless,"Paired row resample of the fixed 4,000 row test predictions."
paired_bootstrap,replicate_0198,macro,ridge_minus_mean_normalized_rmse,5.820746112655817e-05,dimensionless,"Paired row resample of the fixed 4,000 row test predictions."
paired_bootstrap,replicate_0199,macro,ridge_minus_mean_normalized_rmse,-7.868024849888577e-05,dimensionless,"Paired row resample of the fixed 4,000 row test predictions."
paired_bootstrap,replicate_0200,macro,ridge_minus_mean_normalized_rmse,-9.635870371604849e-05,dimensionless,"Paired row resample of the fixed 4,000 row test predictions."
paired_bootstrap,replicate_0201,macro,ridge_minus_mean_normalized_rmse,4.983944972791754e-05,dimensionless,"Paired row resample of the fixed 4,000 row test predictions."
paired_bootstrap,replicate_0202,macro,ridge_minus_mean_normalized_rmse,-8.800038018930145e-05,dimensionless,"Paired row resample of the fixed 4,000 row test predictions."
paired_bootstrap,replicate_0203,macro,ridge_minus_mean_normalized_rmse,-2.139507245596528e-05,dimensionless,"Paired row resample of the fixed 4,000 row test predictions."
paired_bootstrap,replicate_0204,macro,ridge_minus_mean_normalized_rmse,6.055291609241564e-06,dimensionless,"Paired row resample of the fixed 4,000 row test predictions."
paired_bootstrap,replicate_0205,macro,ridge_minus_mean_normalized_rmse,-4.694964375495658e-05,dimensionless,"Paired row resample of the fixed 4,000 row test predictions."
paired_bootstrap,replicate_0206,macro,ridge_minus_mean_normalized_rmse,-6.744404728031839e-07,dimensionless,"Paired row resample of the fixed 4,000 row test predictions."
paired_bootstrap,replicate_0207,macro,ridge_minus_mean_normalized_rmse,-9.70379727261439e-05,dimensionless,"Paired row resample of the fixed 4,000 row test predictions."
paired_bootstrap,replicate_0208,macro,ridge_minus_mean_normalized_rmse,-1.6125824552237766e-05,dimensionless,"Paired row resample of the fixed 4,000 row test predictions."
paired_bootstrap,replicate_0209,macro,ridge_minus_mean_normalized_rmse,5.287867525072265e-06,dimensionless,"Paired row resample of the fixed 4,000 row test predictions."
paired_bootstrap,replicate_0210,macro,ridge_minus_mean_normalized_rmse,-4.679704987803346e-05,dimensionless,"Paired row resample of the fixed 4,000 row test predictions."
paired_bootstrap,replicate_0211,macro,ridge_minus_mean_normalized_rmse,-4.955444244342244e-05,dimensionless,"Paired row resample of the fixed 4,000 row test predictions."
paired_bootstrap,replicate_0212,macro,ridge_minus_mean_normalized_rmse,-2.944315277447762e-05,dimensionless,"Paired row resample of the fixed 4,000 row test predictions."
paired_bootstrap,replicate_0213,macro,ridge_minus_mean_normalized_rmse,-3.486839167465838e-05,dimensionless,"Paired row resample of the fixed 4,000 row test predictions."
paired_bootstrap,replicate_0214,macro,ridge_minus_mean_normalized_rmse,-0.00014689004438639408,dimensionless,"Paired row resample of the fixed 4,000 row test predictions."
paired_bootstrap,replicate_0215,macro,ridge_minus_mean_normalized_rmse,2.789700108057902e-05,dimensionless,"Paired row resample of the fixed 4,000 row test predictions."
paired_bootstrap,replicate_0216,macro,ridge_minus_mean_normalized_rmse,-6.739467886540673e-05,dimensionless,"Paired row resample of the fixed 4,000 row test predictions."
paired_bootstrap,replicate_0217,macro,ridge_minus_mean_normalized_rmse,-3.245374465898898e-05,dimensionless,"Paired row resample of the fixed 4,000 row test predictions."
paired_bootstrap,replicate_0218,macro,ridge_minus_mean_normalized_rmse,3.635320961403732e-05,dimensionless,"Paired row resample of the fixed 4,000 row test predictions."
paired_bootstrap,replicate_0219,macro,ridge_minus_mean_normalized_rmse,-4.1814839110421165e-05,dimensionless,"Paired row resample of the fixed 4,000 row test predictions."
paired_bootstrap,replicate_0220,macro,ridge_minus_mean_normalized_rmse,-9.637024855529974e-05,dimensionless,"Paired row resample of the fixed 4,000 row test predictions."
paired_bootstrap,replicate_0221,macro,ridge_minus_mean_normalized_rmse,-7.912638522677984e-05,dimensionless,"Paired row resample of the fixed 4,000 row test predictions."
paired_bootstrap,replicate_0222,macro,ridge_minus_mean_normalized_rmse,-3.2319204301689552e-06,dimensionless,"Paired row resample of the fixed 4,000 row test predictions."
paired_bootstrap,replicate_0223,macro,ridge_minus_mean_normalized_rmse,2.125811236325381e-05,dimensionless,"Paired row resample of the fixed 4,000 row test predictions."
paired_bootstrap,replicate_0224,macro,ridge_minus_mean_normalized_rmse,-3.135658785224926e-05,dimensionless,"Paired row resample of the fixed 4,000 row test predictions."
paired_bootstrap,replicate_0225,macro,ridge_minus_mean_normalized_rmse,-0.00013891980872332566,dimensionless,"Paired row resample of the fixed 4,000 row test predictions."
paired_bootstrap,replicate_0226,macro,ridge_minus_mean_normalized_rmse,4.055102965605517e-05,dimensionless,"Paired row resample of the fixed 4,000 row test predictions."
paired_bootstrap,replicate_0227,macro,ridge_minus_mean_normalized_rmse,-9.298501230103895e-05,dimensionless,"Paired row resample of the fixed 4,000 row test predictions."
paired_bootstrap,replicate_0228,macro,ridge_minus_mean_normalized_rmse,3.106260540214345e-05,dimensionless,"Paired row resample of the fixed 4,000 row test predictions."
paired_bootstrap,replicate_0229,macro,ridge_minus_mean_normalized_rmse,-4.678479652375778e-05,dimensionless,"Paired row resample of the fixed 4,000 row test predictions."
paired_bootstrap,replicate_0230,macro,ridge_minus_mean_normalized_rmse,-7.381645343196297e-06,dimensionless,"Paired row resample of the fixed 4,000 row test predictions."
paired_bootstrap,replicate_0231,macro,ridge_minus_mean_normalized_rmse,-2.6435024346183056e-06,dimensionless,"Paired row resample of the fixed 4,000 row test predictions."
paired_bootstrap,replicate_0232,macro,ridge_minus_mean_normalized_rmse,9.231643826362879e-05,dimensionless,"Paired row resample of the fixed 4,000 row test predictions."
paired_bootstrap,replicate_0233,macro,ridge_minus_mean_normalized_rmse,-4.50113812562325e-05,dimensionless,"Paired row resample of the fixed 4,000 row test predictions."
paired_bootstrap,replicate_0234,macro,ridge_minus_mean_normalized_rmse,-5.147442458591778e-05,dimensionless,"Paired row resample of the fixed 4,000 row test predictions."
paired_bootstrap,replicate_0235,macro,ridge_minus_mean_normalized_rmse,-5.4326044045538424e-05,dimensionless,"Paired row resample of the fixed 4,000 row test predictions."
paired_bootstrap,replicate_0236,macro,ridge_minus_mean_normalized_rmse,3.4344752536941137e-06,dimensionless,"Paired row resample of the fixed 4,000 row test predictions."
paired_bootstrap,replicate_0237,macro,ridge_minus_mean_normalized_rmse,-0.00012475378980786322,dimensionless,"Paired row resample of the fixed 4,000 row test predictions."
paired_bootstrap,replicate_0238,macro,ridge_minus_mean_normalized_rmse,2.0779889342015245e-05,dimensionless,"Paired row resample of the fixed 4,000 row test predictions."
paired_bootstrap,replicate_0239,macro,ridge_minus_mean_normalized_rmse,-7.536950447656343e-05,dimensionless,"Paired row resample of the fixed 4,000 row test predictions."
paired_bootstrap,replicate_0240,macro,ridge_minus_mean_normalized_rmse,-4.053892458855124e-05,dimensionless,"Paired row resample of the fixed 4,000 row test predictions."
paired_bootstrap,replicate_0241,macro,ridge_minus_mean_normalized_rmse,-6.468973739187645e-05,dimensionless,"Paired row resample of the fixed 4,000 row test predictions."
paired_bootstrap,replicate_0242,macro,ridge_minus_mean_normalized_rmse,-1.595793828657044e-05,dimensionless,"Paired row resample of the fixed 4,000 row test predictions."
paired_bootstrap,replicate_0243,macro,ridge_minus_mean_normalized_rmse,-7.060533521702217e-05,dimensionless,"Paired row resample of the fixed 4,000 row test predictions."
paired_bootstrap,replicate_0244,macro,ridge_minus_mean_normalized_rmse,-6.275697020391435e-05,dimensionless,"Paired row resample of the fixed 4,000 row test predictions."
paired_bootstrap,replicate_0245,macro,ridge_minus_mean_normalized_rmse,1.6621983199571755e-05,dimensionless,"Paired row resample of the fixed 4,000 row test predictions."
paired_bootstrap,replicate_0246,macro,ridge_minus_mean_normalized_rmse,4.2728516793766325e-05,dimensionless,"Paired row resample of the fixed 4,000 row test predictions."
paired_bootstrap,replicate_0247,macro,ridge_minus_mean_normalized_rmse,-6.881416846737931e-05,dimensionless,"Paired row resample of the fixed 4,000 row test predictions."
paired_bootstrap,replicate_0248,macro,ridge_minus_mean_normalized_rmse,-8.161719692134639e-05,dimensionless,"Paired row resample of the fixed 4,000 row test predictions."
paired_bootstrap,replicate_0249,macro,ridge_minus_mean_normalized_rmse,-7.96608257866982e-05,dimensionless,"Paired row resample of the fixed 4,000 row test predictions."
paired_bootstrap,replicate_0250,macro,ridge_minus_mean_normalized_rmse,-9.553301529824365e-05,dimensionless,"Paired row resample of the fixed 4,000 row test predictions."
paired_bootstrap,replicate_0251,macro,ridge_minus_mean_normalized_rmse,-0.00016849267338192586,dimensionless,"Paired row resample of the fixed 4,000 row test predictions."
paired_bootstrap,replicate_0252,macro,ridge_minus_mean_normalized_rmse,-0.00013781082921487942,dimensionless,"Paired row resample of the fixed 4,000 row test predictions."
paired_bootstrap,replicate_0253,macro,ridge_minus_mean_normalized_rmse,6.3501035050816945e-06,dimensionless,"Paired row resample of the fixed 4,000 row test predictions."
paired_bootstrap,replicate_0254,macro,ridge_minus_mean_normalized_rmse,0.00012374688648281174,dimensionless,"Paired row resample of the fixed 4,000 row test predictions."
paired_bootstrap,replicate_0255,macro,ridge_minus_mean_normalized_rmse,5.699671201175871e-06,dimensionless,"Paired row resample of the fixed 4,000 row test predictions."
paired_bootstrap,replicate_0256,macro,ridge_minus_mean_normalized_rmse,-7.224687037926669e-05,dimensionless,"Paired row resample of the fixed 4,000 row test predictions."
paired_bootstrap,replicate_0257,macro,ridge_minus_mean_normalized_rmse,-2.3148589579191636e-05,dimensionless,"Paired row resample of the fixed 4,000 row test predictions."
paired_bootstrap,replicate_0258,macro,ridge_minus_mean_normalized_rmse,1.7094812266083004e-05,dimensionless,"Paired row resample of the fixed 4,000 row test predictions."
paired_bootstrap,replicate_0259,macro,ridge_minus_mean_normalized_rmse,-7.75329931372859e-05,dimensionless,"Paired row resample of the fixed 4,000 row test predictions."
paired_bootstrap,replicate_0260,macro,ridge_minus_mean_normalized_rmse,-7.15658174607059e-05,dimensionless,"Paired row resample of the fixed 4,000 row test predictions."
paired_bootstrap,replicate_0261,macro,ridge_minus_mean_normalized_rmse,-0.00021293158899088338,dimensionless,"Paired row resample of the fixed 4,000 row test predictions."
paired_bootstrap,replicate_0262,macro,ridge_minus_mean_normalized_rmse,-2.2611542624451086e-05,dimensionless,"Paired row resample of the fixed 4,000 row test predictions."
paired_bootstrap,replicate_0263,macro,ridge_minus_mean_normalized_rmse,5.151514181789274e-05,dimensionless,"Paired row resample of the fixed 4,000 row test predictions."
paired_bootstrap,replicate_0264,macro,ridge_minus_mean_normalized_rmse,0.00010623277134497178,dimensionless,"Paired row resample of the fixed 4,000 row test predictions."
paired_bootstrap,replicate_0265,macro,ridge_minus_mean_normalized_rmse,-5.510186754154045e-05,dimensionless,"Paired row resample of the fixed 4,000 row test predictions."
paired_bootstrap,replicate_0266,macro,ridge_minus_mean_normalized_rmse,-2.9649150692367954e-05,dimensionless,"Paired row resample of the fixed 4,000 row test predictions."
paired_bootstrap,replicate_0267,macro,ridge_minus_mean_normalized_rmse,-6.307907687241876e-05,dimensionless,"Paired row resample of the fixed 4,000 row test predictions."
paired_bootstrap,replicate_0268,macro,ridge_minus_mean_normalized_rmse,-1.5982941671488504e-05,dimensionless,"Paired row resample of the fixed 4,000 row test predictions."
paired_bootstrap,replicate_0269,macro,ridge_minus_mean_normalized_rmse,-3.864787024843164e-05,dimensionless,"Paired row resample of the fixed 4,000 row test predictions."
paired_bootstrap,replicate_0270,macro,ridge_minus_mean_normalized_rmse,-8.348448119321894e-05,dimensionless,"Paired row resample of the fixed 4,000 row test predictions."
paired_bootstrap,replicate_0271,macro,ridge_minus_mean_normalized_rmse,-0.0001318103531036119,dimensionless,"Paired row resample of the fixed 4,000 row test predictions."
paired_bootstrap,replicate_0272,macro,ridge_minus_mean_normalized_rmse,-7.553432603368826e-05,dimensionless,"Paired row resample of the fixed 4,000 row test predictions."
paired_bootstrap,replicate_0273,macro,ridge_minus_mean_normalized_rmse,-8.173079536044625e-06,dimensionless,"Paired row resample of the fixed 4,000 row test predictions."
paired_bootstrap,replicate_0274,macro,ridge_minus_mean_normalized_rmse,-8.663246278617365e-05,dimensionless,"Paired row resample of the fixed 4,000 row test predictions."
paired_bootstrap,replicate_0275,macro,ridge_minus_mean_normalized_rmse,2.059940313897668e-05,dimensionless,"Paired row resample of the fixed 4,000 row test predictions."
paired_bootstrap,replicate_0276,macro,ridge_minus_mean_normalized_rmse,-0.00011113632570664,dimensionless,"Paired row resample of the fixed 4,000 row test predictions."
paired_bootstrap,replicate_0277,macro,ridge_minus_mean_normalized_rmse,5.739120546977006e-05,dimensionless,"Paired row resample of the fixed 4,000 row test predictions."
paired_bootstrap,replicate_0278,macro,ridge_minus_mean_normalized_rmse,3.417236613451058e-05,dimensionless,"Paired row resample of the fixed 4,000 row test predictions."
paired_bootstrap,replicate_0279,macro,ridge_minus_mean_normalized_rmse,-9.366584195980021e-05,dimensionless,"Paired row resample of the fixed 4,000 row test predictions."
paired_bootstrap,replicate_0280,macro,ridge_minus_mean_normalized_rmse,-3.318360600396142e-05,dimensionless,"Paired row resample of the fixed 4,000 row test predictions."
paired_bootstrap,replicate_0281,macro,ridge_minus_mean_normalized_rmse,-1.4243236181876728e-05,dimensionless,"Paired row resample of the fixed 4,000 row test predictions."
paired_bootstrap,replicate_0282,macro,ridge_minus_mean_normalized_rmse,3.594056770278575e-05,dimensionless,"Paired row resample of the fixed 4,000 row test predictions."
paired_bootstrap,replicate_0283,macro,ridge_minus_mean_normalized_rmse,-1.5178347449240626e-05,dimensionless,"Paired row resample of the fixed 4,000 row test predictions."
paired_bootstrap,replicate_0284,macro,ridge_minus_mean_normalized_rmse,3.909260040957374e-05,dimensionless,"Paired row resample of the fixed 4,000 row test predictions."
paired_bootstrap,replicate_0285,macro,ridge_minus_mean_normalized_rmse,-0.00010769361758383722,dimensionless,"Paired row resample of the fixed 4,000 row test predictions."
paired_bootstrap,replicate_0286,macro,ridge_minus_mean_normalized_rmse,-2.445159541020203e-05,dimensionless,"Paired row resample of the fixed 4,000 row test predictions."
paired_bootstrap,replicate_0287,macro,ridge_minus_mean_normalized_rmse,-0.00016594719822687898,dimensionless,"Paired row resample of the fixed 4,000 row test predictions."
paired_bootstrap,replicate_0288,macro,ridge_minus_mean_normalized_rmse,-4.871911754505964e-05,dimensionless,"Paired row resample of the fixed 4,000 row test predictions."
paired_bootstrap,replicate_0289,macro,ridge_minus_mean_normalized_rmse,3.486011394293609e-05,dimensionless,"Paired row resample of the fixed 4,000 row test predictions."
paired_bootstrap,replicate_0290,macro,ridge_minus_mean_normalized_rmse,1.4402481402608913e-05,dimensionless,"Paired row resample of the fixed 4,000 row test predictions."
paired_bootstrap,replicate_0291,macro,ridge_minus_mean_normalized_rmse,-5.336624933177658e-05,dimensionless,"Paired row resample of the fixed 4,000 row test predictions."
paired_bootstrap,replicate_0292,macro,ridge_minus_mean_normalized_rmse,3.483501740619843e-06,dimensionless,"Paired row resample of the fixed 4,000 row test predictions."
paired_bootstrap,replicate_0293,macro,ridge_minus_mean_normalized_rmse,-7.472181934492506e-05,dimensionless,"Paired row resample of the fixed 4,000 row test predictions."
paired_bootstrap,replicate_0294,macro,ridge_minus_mean_normalized_rmse,-7.435509904052395e-05,dimensionless,"Paired row resample of the fixed 4,000 row test predictions."
paired_bootstrap,replicate_0295,macro,ridge_minus_mean_normalized_rmse,2.0229750136324665e-05,dimensionless,"Paired row resample of the fixed 4,000 row test predictions."
paired_bootstrap,replicate_0296,macro,ridge_minus_mean_normalized_rmse,-4.997954872232313e-05,dimensionless,"Paired row resample of the fixed 4,000 row test predictions."
paired_bootstrap,replicate_0297,macro,ridge_minus_mean_normalized_rmse,7.682831869304518e-06,dimensionless,"Paired row resample of the fixed 4,000 row test predictions."
paired_bootstrap,replicate_0298,macro,ridge_minus_mean_normalized_rmse,-5.7884759582182976e-05,dimensionless,"Paired row resample of the fixed 4,000 row test predictions."
paired_bootstrap,replicate_0299,macro,ridge_minus_mean_normalized_rmse,2.7343392409118206e-05,dimensionless,"Paired row resample of the fixed 4,000 row test predictions."
paired_bootstrap,replicate_0300,macro,ridge_minus_mean_normalized_rmse,-0.00012392367556723904,dimensionless,"Paired row resample of the fixed 4,000 row test predictions."
paired_bootstrap,replicate_0301,macro,ridge_minus_mean_normalized_rmse,-1.4416171748354856e-05,dimensionless,"Paired row resample of the fixed 4,000 row test predictions."
paired_bootstrap,replicate_0302,macro,ridge_minus_mean_normalized_rmse,-9.615871275825416e-05,dimensionless,"Paired row resample of the fixed 4,000 row test predictions."
paired_bootstrap,replicate_0303,macro,ridge_minus_mean_normalized_rmse,-2.448527966802949e-05,dimensionless,"Paired row resample of the fixed 4,000 row test predictions."
paired_bootstrap,replicate_0304,macro,ridge_minus_mean_normalized_rmse,-4.2918912032618994e-05,dimensionless,"Paired row resample of the fixed 4,000 row test predictions."
paired_bootstrap,replicate_0305,macro,ridge_minus_mean_normalized_rmse,-1.9149270673091134e-05,dimensionless,"Paired row resample of the fixed 4,000 row test predictions."
paired_bootstrap,replicate_0306,macro,ridge_minus_mean_normalized_rmse,-3.4214396730514185e-05,dimensionless,"Paired row resample of the fixed 4,000 row test predictions."
paired_bootstrap,replicate_0307,macro,ridge_minus_mean_normalized_rmse,3.1682808269151153e-06,dimensionless,"Paired row resample of the fixed 4,000 row test predictions."
paired_bootstrap,replicate_0308,macro,ridge_minus_mean_normalized_rmse,4.266891379339777e-05,dimensionless,"Paired row resample of the fixed 4,000 row test predictions."
paired_bootstrap,replicate_0309,macro,ridge_minus_mean_normalized_rmse,-3.628292853447013e-05,dimensionless,"Paired row resample of the fixed 4,000 row test predictions."
paired_bootstrap,replicate_0310,macro,ridge_minus_mean_normalized_rmse,2.2079456920842677e-05,dimensionless,"Paired row resample of the fixed 4,000 row test predictions."
paired_bootstrap,replicate_0311,macro,ridge_minus_mean_normalized_rmse,0.00011944172518035812,dimensionless,"Paired row resample of the fixed 4,000 row test predictions."
paired_bootstrap,replicate_0312,macro,ridge_minus_mean_normalized_rmse,-0.0001485126261128733,dimensionless,"Paired row resample of the fixed 4,000 row test predictions."
paired_bootstrap,replicate_0313,macro,ridge_minus_mean_normalized_rmse,7.855368522824424e-06,dimensionless,"Paired row resample of the fixed 4,000 row test predictions."
paired_bootstrap,replicate_0314,macro,ridge_minus_mean_normalized_rmse,-3.619991562742175e-05,dimensionless,"Paired row resample of the fixed 4,000 row test predictions."
paired_bootstrap,replicate_0315,macro,ridge_minus_mean_normalized_rmse,-8.890253424709282e-05,dimensionless,"Paired row resample of the fixed 4,000 row test predictions."
paired_bootstrap,replicate_0316,macro,ridge_minus_mean_normalized_rmse,-8.884771614736664e-05,dimensionless,"Paired row resample of the fixed 4,000 row test predictions."
paired_bootstrap,replicate_0317,macro,ridge_minus_mean_normalized_rmse,-5.8171406305429496e-05,dimensionless,"Paired row resample of the fixed 4,000 row test predictions."
paired_bootstrap,replicate_0318,macro,ridge_minus_mean_normalized_rmse,-2.7116281552608257e-05,dimensionless,"Paired row resample of the fixed 4,000 row test predictions."
paired_bootstrap,replicate_0319,macro,ridge_minus_mean_normalized_rmse,1.2399568112664294e-05,dimensionless,"Paired row resample of the fixed 4,000 row test predictions."
paired_bootstrap,replicate_0320,macro,ridge_minus_mean_normalized_rmse,-5.728284694361818e-05,dimensionless,"Paired row resample of the fixed 4,000 row test predictions."
paired_bootstrap,replicate_0321,macro,ridge_minus_mean_normalized_rmse,3.704456283282198e-06,dimensionless,"Paired row resample of the fixed 4,000 row test predictions."
paired_bootstrap,replicate_0322,macro,ridge_minus_mean_normalized_rmse,-3.177738894599713e-05,dimensionless,"Paired row resample of the fixed 4,000 row test predictions."
paired_bootstrap,replicate_0323,macro,ridge_minus_mean_normalized_rmse,-6.17648662024628e-05,dimensionless,"Paired row resample of the fixed 4,000 row test predictions."
paired_bootstrap,replicate_0324,macro,ridge_minus_mean_normalized_rmse,-9.880930645778108e-05,dimensionless,"Paired row resample of the fixed 4,000 row test predictions."
paired_bootstrap,replicate_0325,macro,ridge_minus_mean_normalized_rmse,-8.987932921433739e-05,dimensionless,"Paired row resample of the fixed 4,000 row test predictions."
paired_bootstrap,replicate_0326,macro,ridge_minus_mean_normalized_rmse,-4.973308651345931e-05,dimensionless,"Paired row resample of the fixed 4,000 row test predictions."
paired_bootstrap,replicate_0327,macro,ridge_minus_mean_normalized_rmse,-0.00013938124146500863,dimensionless,"Paired row resample of the fixed 4,000 row test predictions."
paired_bootstrap,replicate_0328,macro,ridge_minus_mean_normalized_rmse,-8.420174610002107e-06,dimensionless,"Paired row resample of the fixed 4,000 row test predictions."
paired_bootstrap,replicate_0329,macro,ridge_minus_mean_normalized_rmse,-5.064743833710361e-05,dimensionless,"Paired row resample of the fixed 4,000 row test predictions."
paired_bootstrap,replicate_0330,macro,ridge_minus_mean_normalized_rmse,-2.859163833734968e-05,dimensionless,"Paired row resample of the fixed 4,000 row test predictions."
paired_bootstrap,replicate_0331,macro,ridge_minus_mean_normalized_rmse,-1.517118511029647e-05,dimensionless,"Paired row resample of the fixed 4,000 row test predictions."
paired_bootstrap,replicate_0332,macro,ridge_minus_mean_normalized_rmse,-6.918865864380397e-05,dimensionless,"Paired row resample of the fixed 4,000 row test predictions."
paired_bootstrap,replicate_0333,macro,ridge_minus_mean_normalized_rmse,-8.751221387615082e-05,dimensionless,"Paired row resample of the fixed 4,000 row test predictions."
paired_bootstrap,replicate_0334,macro,ridge_minus_mean_normalized_rmse,8.300856592791117e-05,dimensionless,"Paired row resample of the fixed 4,000 row test predictions."
paired_bootstrap,replicate_0335,macro,ridge_minus_mean_normalized_rmse,-0.00010608539962214669,dimensionless,"Paired row resample of the fixed 4,000 row test predictions."
paired_bootstrap,replicate_0336,macro,ridge_minus_mean_normalized_rmse,2.7526696038171483e-05,dimensionless,"Paired row resample of the fixed 4,000 row test predictions."
paired_bootstrap,replicate_0337,macro,ridge_minus_mean_normalized_rmse,-1.8458730426385017e-05,dimensionless,"Paired row resample of the fixed 4,000 row test predictions."
paired_bootstrap,replicate_0338,macro,ridge_minus_mean_normalized_rmse,-5.500824272997029e-05,dimensionless,"Paired row resample of the fixed 4,000 row test predictions."
paired_bootstrap,replicate_0339,macro,ridge_minus_mean_normalized_rmse,-2.1201790018632316e-05,dimensionless,"Paired row resample of the fixed 4,000 row test predictions."
paired_bootstrap,replicate_0340,macro,ridge_minus_mean_normalized_rmse,-0.00011855892803258605,dimensionless,"Paired row resample of the fixed 4,000 row test predictions."
paired_bootstrap,replicate_0341,macro,ridge_minus_mean_normalized_rmse,-3.139298770560295e-05,dimensionless,"Paired row resample of the fixed 4,000 row test predictions."
paired_bootstrap,replicate_0342,macro,ridge_minus_mean_normalized_rmse,-1.664067479367759e-06,dimensionless,"Paired row resample of the fixed 4,000 row test predictions."
paired_bootstrap,replicate_0343,macro,ridge_minus_mean_normalized_rmse,-0.00012012359913043946,dimensionless,"Paired row resample of the fixed 4,000 row test predictions."
paired_bootstrap,replicate_0344,macro,ridge_minus_mean_normalized_rmse,5.9534091603197226e-05,dimensionless,"Paired row resample of the fixed 4,000 row test predictions."
paired_bootstrap,replicate_0345,macro,ridge_minus_mean_normalized_rmse,-8.00285991682248e-05,dimensionless,"Paired row resample of the fixed 4,000 row test predictions."
paired_bootstrap,replicate_0346,macro,ridge_minus_mean_normalized_rmse,-2.4829112968305367e-05,dimensionless,"Paired row resample of the fixed 4,000 row test predictions."
paired_bootstrap,replicate_0347,macro,ridge_minus_mean_normalized_rmse,-0.00012162363847140201,dimensionless,"Paired row resample of the fixed 4,000 row test predictions."
paired_bootstrap,replicate_0348,macro,ridge_minus_mean_normalized_rmse,-2.5572567835863147e-05,dimensionless,"Paired row resample of the fixed 4,000 row test predictions."
paired_bootstrap,replicate_0349,macro,ridge_minus_mean_normalized_rmse,1.1819150344150042e-05,dimensionless,"Paired row resample of the fixed 4,000 row test predictions."
paired_bootstrap,replicate_0350,macro,ridge_minus_mean_normalized_rmse,5.4751834650146325e-05,dimensionless,"Paired row resample of the fixed 4,000 row test predictions."
paired_bootstrap,replicate_0351,macro,ridge_minus_mean_normalized_rmse,-0.00022528167332658278,dimensionless,"Paired row resample of the fixed 4,000 row test predictions."
paired_bootstrap,replicate_0352,macro,ridge_minus_mean_normalized_rmse,-2.421545722730567e-05,dimensionless,"Paired row resample of the fixed 4,000 row test predictions."
paired_bootstrap,replicate_0353,macro,ridge_minus_mean_normalized_rmse,1.9559283688797002e-06,dimensionless,"Paired row resample of the fixed 4,000 row test predictions."
paired_bootstrap,replicate_0354,macro,ridge_minus_mean_normalized_rmse,2.7393681811649362e-05,dimensionless,"Paired row resample of the fixed 4,000 row test predictions."
paired_bootstrap,replicate_0355,macro,ridge_minus_mean_normalized_rmse,-1.927307646415466e-05,dimensionless,"Paired row resample of the fixed 4,000 row test predictions."
paired_bootstrap,replicate_0356,macro,ridge_minus_mean_normalized_rmse,-6.778163879533894e-05,dimensionless,"Paired row resample of the fixed 4,000 row test predictions."
paired_bootstrap,replicate_0357,macro,ridge_minus_mean_normalized_rmse,1.2141240624208294e-05,dimensionless,"Paired row resample of the fixed 4,000 row test predictions."
paired_bootstrap,replicate_0358,macro,ridge_minus_mean_normalized_rmse,-4.7678648715798744e-05,dimensionless,"Paired row resample of the fixed 4,000 row test predictions."
paired_bootstrap,replicate_0359,macro,ridge_minus_mean_normalized_rmse,-3.130141470925052e-05,dimensionless,"Paired row resample of the fixed 4,000 row test predictions."
paired_bootstrap,replicate_0360,macro,ridge_minus_mean_normalized_rmse,-0.00015003832866217204,dimensionless,"Paired row resample of the fixed 4,000 row test predictions."
paired_bootstrap,replicate_0361,macro,ridge_minus_mean_normalized_rmse,-0.0001637525720014077,dimensionless,"Paired row resample of the fixed 4,000 row test predictions."
paired_bootstrap,replicate_0362,macro,ridge_minus_mean_normalized_rmse,5.025865897456683e-05,dimensionless,"Paired row resample of the fixed 4,000 row test predictions."
paired_bootstrap,replicate_0363,macro,ridge_minus_mean_normalized_rmse,-4.203744299768886e-06,dimensionless,"Paired row resample of the fixed 4,000 row test predictions."
paired_bootstrap,replicate_0364,macro,ridge_minus_mean_normalized_rmse,-2.3524102832239713e-05,dimensionless,"Paired row resample of the fixed 4,000 row test predictions."
paired_bootstrap,replicate_0365,macro,ridge_minus_mean_normalized_rmse,-3.275344121628221e-05,dimensionless,"Paired row resample of the fixed 4,000 row test predictions."
paired_bootstrap,replicate_0366,macro,ridge_minus_mean_normalized_rmse,-6.478860290343169e-05,dimensionless,"Paired row resample of the fixed 4,000 row test predictions."
paired_bootstrap,replicate_0367,macro,ridge_minus_mean_normalized_rmse,-5.6398575913330085e-05,dimensionless,"Paired row resample of the fixed 4,000 row test predictions."
paired_bootstrap,replicate_0368,macro,ridge_minus_mean_normalized_rmse,-1.37346038419639e-05,dimensionless,"Paired row resample of the fixed 4,000 row test predictions."
paired_bootstrap,replicate_0369,macro,ridge_minus_mean_normalized_rmse,-8.22446965392798e-05,dimensionless,"Paired row resample of the fixed 4,000 row test predictions."
paired_bootstrap,replicate_0370,macro,ridge_minus_mean_normalized_rmse,-2.617030282542343e-05,dimensionless,"Paired row resample of the fixed 4,000 row test predictions."
paired_bootstrap,replicate_0371,macro,ridge_minus_mean_normalized_rmse,-3.2701487329811485e-05,dimensionless,"Paired row resample of the fixed 4,000 row test predictions."
paired_bootstrap,replicate_0372,macro,ridge_minus_mean_normalized_rmse,-0.000122773037482371,dimensionless,"Paired row resample of the fixed 4,000 row test predictions."
paired_bootstrap,replicate_0373,macro,ridge_minus_mean_normalized_rmse,2.450783815555191e-06,dimensionless,"Paired row resample of the fixed 4,000 row test predictions."
paired_bootstrap,replicate_0374,macro,ridge_minus_mean_normalized_rmse,-5.2950837990173305e-05,dimensionless,"Paired row resample of the fixed 4,000 row test predictions."
paired_bootstrap,replicate_0375,macro,ridge_minus_mean_normalized_rmse,7.1998250384952556e-06,dimensionless,"Paired row resample of the fixed 4,000 row test predictions."
paired_bootstrap,replicate_0376,macro,ridge_minus_mean_normalized_rmse,-0.00019315652395518468,dimensionless,"Paired row resample of the fixed 4,000 row test predictions."
paired_bootstrap,replicate_0377,macro,ridge_minus_mean_normalized_rmse,-0.00025684880367599083,dimensionless,"Paired row resample of the fixed 4,000 row test predictions."
paired_bootstrap,replicate_0378,macro,ridge_minus_mean_normalized_rmse,-5.985642385725187e-05,dimensionless,"Paired row resample of the fixed 4,000 row test predictions."
paired_bootstrap,replicate_0379,macro,ridge_minus_mean_normalized_rmse,-2.317485107672379e-05,dimensionless,"Paired row resample of the fixed 4,000 row test predictions."
paired_bootstrap,replicate_0380,macro,ridge_minus_mean_normalized_rmse,2.4995819833950605e-05,dimensionless,"Paired row resample of the fixed 4,000 row test predictions."
paired_bootstrap,replicate_0381,macro,ridge_minus_mean_normalized_rmse,4.775975410098443e-05,dimensionless,"Paired row resample of the fixed 4,000 row test predictions."
paired_bootstrap,replicate_0382,macro,ridge_minus_mean_normalized_rmse,-7.519697577390572e-05,dimensionless,"Paired row resample of the fixed 4,000 row test predictions."
paired_bootstrap,replicate_0383,macro,ridge_minus_mean_normalized_rmse,-5.898647851537708e-05,dimensionless,"Paired row resample of the fixed 4,000 row test predictions."
paired_bootstrap,replicate_0384,macro,ridge_minus_mean_normalized_rmse,-9.29645450314931e-06,dimensionless,"Paired row resample of the fixed 4,000 row test predictions."
paired_bootstrap,replicate_0385,macro,ridge_minus_mean_normalized_rmse,7.609134618913327e-05,dimensionless,"Paired row resample of the fixed 4,000 row test predictions."
paired_bootstrap,replicate_0386,macro,ridge_minus_mean_normalized_rmse,-9.877679213093904e-05,dimensionless,"Paired row resample of the fixed 4,000 row test predictions."
paired_bootstrap,replicate_0387,macro,ridge_minus_mean_normalized_rmse,-0.00011722096688743244,dimensionless,"Paired row resample of the fixed 4,000 row test predictions."
paired_bootstrap,replicate_0388,macro,ridge_minus_mean_normalized_rmse,-5.418418636510269e-05,dimensionless,"Paired row resample of the fixed 4,000 row test predictions."
paired_bootstrap,replicate_0389,macro,ridge_minus_mean_normalized_rmse,1.675081129987044e-05,dimensionless,"Paired row resample of the fixed 4,000 row test predictions."
paired_bootstrap,replicate_0390,macro,ridge_minus_mean_normalized_rmse,5.421279885231556e-05,dimensionless,"Paired row resample of the fixed 4,000 row test predictions."
paired_bootstrap,replicate_0391,macro,ridge_minus_mean_normalized_rmse,-8.199636532091326e-05,dimensionless,"Paired row resample of the fixed 4,000 row test predictions."
paired_bootstrap,replicate_0392,macro,ridge_minus_mean_normalized_rmse,-7.559632567272212e-05,dimensionless,"Paired row resample of the fixed 4,000 row test predictions."
paired_bootstrap,replicate_0393,macro,ridge_minus_mean_normalized_rmse,-3.925654537972889e-05,dimensionless,"Paired row resample of the fixed 4,000 row test predictions."
paired_bootstrap,replicate_0394,macro,ridge_minus_mean_normalized_rmse,-3.70191493976324e-05,dimensionless,"Paired row resample of the fixed 4,000 row test predictions."
paired_bootstrap,replicate_0395,macro,ridge_minus_mean_normalized_rmse,-0.00012309882045125065,dimensionless,"Paired row resample of the fixed 4,000 row test predictions."
paired_bootstrap,replicate_0396,macro,ridge_minus_mean_normalized_rmse,2.0093800266574036e-05,dimensionless,"Paired row resample of the fixed 4,000 row test predictions."
paired_bootstrap,replicate_0397,macro,ridge_minus_mean_normalized_rmse,2.1911879172775706e-05,dimensionless,"Paired row resample of the fixed 4,000 row test predictions."
paired_bootstrap,replicate_0398,macro,ridge_minus_mean_normalized_rmse,1.5761777076683803e-05,dimensionless,"Paired row resample of the fixed 4,000 row test predictions."
paired_bootstrap,replicate_0399,macro,ridge_minus_mean_normalized_rmse,-2.4223340736762022e-05,dimensionless,"Paired row resample of the fixed 4,000 row test predictions."
paired_bootstrap,replicate_0400,macro,ridge_minus_mean_normalized_rmse,1.208066515456796e-05,dimensionless,"Paired row resample of the fixed 4,000 row test predictions."
paired_bootstrap,replicate_0401,macro,ridge_minus_mean_normalized_rmse,9.734736993616266e-06,dimensionless,"Paired row resample of the fixed 4,000 row test predictions."
paired_bootstrap,replicate_0402,macro,ridge_minus_mean_normalized_rmse,-2.4586408094773304e-05,dimensionless,"Paired row resample of the fixed 4,000 row test predictions."
paired_bootstrap,replicate_0403,macro,ridge_minus_mean_normalized_rmse,-2.32035940547215e-05,dimensionless,"Paired row resample of the fixed 4,000 row test predictions."
paired_bootstrap,replicate_0404,macro,ridge_minus_mean_normalized_rmse,1.3717879611074846e-05,dimensionless,"Paired row resample of the fixed 4,000 row test predictions."
paired_bootstrap,replicate_0405,macro,ridge_minus_mean_normalized_rmse,-2.8933929977492667e-06,dimensionless,"Paired row resample of the fixed 4,000 row test predictions."
paired_bootstrap,replicate_0406,macro,ridge_minus_mean_normalized_rmse,-1.126254295091833e-05,dimensionless,"Paired row resample of the fixed 4,000 row test predictions."
paired_bootstrap,replicate_0407,macro,ridge_minus_mean_normalized_rmse,-5.675704604896081e-05,dimensionless,"Paired row resample of the fixed 4,000 row test predictions."
paired_bootstrap,replicate_0408,macro,ridge_minus_mean_normalized_rmse,-0.00010354733070988553,dimensionless,"Paired row resample of the fixed 4,000 row test predictions."
paired_bootstrap,replicate_0409,macro,ridge_minus_mean_normalized_rmse,-7.96193405592227e-05,dimensionless,"Paired row resample of the fixed 4,000 row test predictions."
paired_bootstrap,replicate_0410,macro,ridge_minus_mean_normalized_rmse,-3.749341693021213e-05,dimensionless,"Paired row resample of the fixed 4,000 row test predictions."
paired_bootstrap,replicate_0411,macro,ridge_minus_mean_normalized_rmse,-0.00010448645276239787,dimensionless,"Paired row resample of the fixed 4,000 row test predictions."
paired_bootstrap,replicate_0412,macro,ridge_minus_mean_normalized_rmse,-5.553400652991147e-05,dimensionless,"Paired row resample of the fixed 4,000 row test predictions."
paired_bootstrap,replicate_0413,macro,ridge_minus_mean_normalized_rmse,-2.909390498018194e-06,dimensionless,"Paired row resample of the fixed 4,000 row test predictions."
paired_bootstrap,replicate_0414,macro,ridge_minus_mean_normalized_rmse,-5.670042525440788e-05,dimensionless,"Paired row resample of the fixed 4,000 row test predictions."
paired_bootstrap,replicate_0415,macro,ridge_minus_mean_normalized_rmse,3.918067296493355e-06,dimensionless,"Paired row resample of the fixed 4,000 row test predictions."
paired_bootstrap,replicate_0416,macro,ridge_minus_mean_normalized_rmse,8.608617197003454e-05,dimensionless,"Paired row resample of the fixed 4,000 row test predictions."
paired_bootstrap,replicate_0417,macro,ridge_minus_mean_normalized_rmse,1.3114167231154106e-05,dimensionless,"Paired row resample of the fixed 4,000 row test predictions."
paired_bootstrap,replicate_0418,macro,ridge_minus_mean_normalized_rmse,-1.581360253410935e-06,dimensionless,"Paired row resample of the fixed 4,000 row test predictions."
paired_bootstrap,replicate_0419,macro,ridge_minus_mean_normalized_rmse,-5.829756325520519e-05,dimensionless,"Paired row resample of the fixed 4,000 row test predictions."
paired_bootstrap,replicate_0420,macro,ridge_minus_mean_normalized_rmse,3.295367464706267e-05,dimensionless,"Paired row resample of the fixed 4,000 row test predictions."
paired_bootstrap,replicate_0421,macro,ridge_minus_mean_normalized_rmse,-0.0001290922301973585,dimensionless,"Paired row resample of the fixed 4,000 row test predictions."
paired_bootstrap,replicate_0422,macro,ridge_minus_mean_normalized_rmse,-6.392570593610758e-05,dimensionless,"Paired row resample of the fixed 4,000 row test predictions."
paired_bootstrap,replicate_0423,macro,ridge_minus_mean_normalized_rmse,-3.4193651785696666e-05,dimensionless,"Paired row resample of the fixed 4,000 row test predictions."
paired_bootstrap,replicate_0424,macro,ridge_minus_mean_normalized_rmse,-5.879304798850349e-05,dimensionless,"Paired row resample of the fixed 4,000 row test predictions."
paired_bootstrap,replicate_0425,macro,ridge_minus_mean_normalized_rmse,4.2283311535495915e-05,dimensionless,"Paired row resample of the fixed 4,000 row test predictions."
paired_bootstrap,replicate_0426,macro,ridge_minus_mean_normalized_rmse,9.635812308950165e-06,dimensionless,"Paired row resample of the fixed 4,000 row test predictions."
paired_bootstrap,replicate_0427,macro,ridge_minus_mean_normalized_rmse,-0.00015951408391567945,dimensionless,"Paired row resample of the fixed 4,000 row test predictions."
paired_bootstrap,replicate_0428,macro,ridge_minus_mean_normalized_rmse,0.00010453955826789096,dimensionless,"Paired row resample of the fixed 4,000 row test predictions."
paired_bootstrap,replicate_0429,macro,ridge_minus_mean_normalized_rmse,-7.763541248428929e-05,dimensionless,"Paired row resample of the fixed 4,000 row test predictions."
paired_bootstrap,replicate_0430,macro,ridge_minus_mean_normalized_rmse,-0.00015115843607466095,dimensionless,"Paired row resample of the fixed 4,000 row test predictions."
paired_bootstrap,replicate_0431,macro,ridge_minus_mean_normalized_rmse,6.0688008077403044e-05,dimensionless,"Paired row resample of the fixed 4,000 row test predictions."
paired_bootstrap,replicate_0432,macro,ridge_minus_mean_normalized_rmse,-9.048462185023975e-06,dimensionless,"Paired row resample of the fixed 4,000 row test predictions."
paired_bootstrap,replicate_0433,macro,ridge_minus_mean_normalized_rmse,-9.291819367157617e-05,dimensionless,"Paired row resample of the fixed 4,000 row test predictions."
paired_bootstrap,replicate_0434,macro,ridge_minus_mean_normalized_rmse,-1.313257350654684e-05,dimensionless,"Paired row resample of the fixed 4,000 row test predictions."
paired_bootstrap,replicate_0435,macro,ridge_minus_mean_normalized_rmse,-9.535049235226412e-05,dimensionless,"Paired row resample of the fixed 4,000 row test predictions."
paired_bootstrap,replicate_0436,macro,ridge_minus_mean_normalized_rmse,-1.0105453333630887e-05,dimensionless,"Paired row resample of the fixed 4,000 row test predictions."
paired_bootstrap,replicate_0437,macro,ridge_minus_mean_normalized_rmse,-0.0001225989872083999,dimensionless,"Paired row resample of the fixed 4,000 row test predictions."
paired_bootstrap,replicate_0438,macro,ridge_minus_mean_normalized_rmse,-0.00011506615801343267,dimensionless,"Paired row resample of the fixed 4,000 row test predictions."
paired_bootstrap,replicate_0439,macro,ridge_minus_mean_normalized_rmse,-5.214586303092794e-06,dimensionless,"Paired row resample of the fixed 4,000 row test predictions."
paired_bootstrap,replicate_0440,macro,ridge_minus_mean_normalized_rmse,-2.1690620796877003e-05,dimensionless,"Paired row resample of the fixed 4,000 row test predictions."
paired_bootstrap,replicate_0441,macro,ridge_minus_mean_normalized_rmse,-1.6904401603345942e-05,dimensionless,"Paired row resample of the fixed 4,000 row test predictions."
paired_bootstrap,replicate_0442,macro,ridge_minus_mean_normalized_rmse,-0.00010659440122506858,dimensionless,"Paired row resample of the fixed 4,000 row test predictions."
paired_bootstrap,replicate_0443,macro,ridge_minus_mean_normalized_rmse,-0.00012335242275440805,dimensionless,"Paired row resample of the fixed 4,000 row test predictions."
paired_bootstrap,replicate_0444,macro,ridge_minus_mean_normalized_rmse,-5.0266974865431635e-05,dimensionless,"Paired row resample of the fixed 4,000 row test predictions."
paired_bootstrap,replicate_0445,macro,ridge_minus_mean_normalized_rmse,-0.00012069148335491775,dimensionless,"Paired row resample of the fixed 4,000 row test predictions."
paired_bootstrap,replicate_0446,macro,ridge_minus_mean_normalized_rmse,-2.490739887800464e-05,dimensionless,"Paired row resample of the fixed 4,000 row test predictions."
paired_bootstrap,replicate_0447,macro,ridge_minus_mean_normalized_rmse,-3.0747754775239944e-05,dimensionless,"Paired row resample of the fixed 4,000 row test predictions."
paired_bootstrap,replicate_0448,macro,ridge_minus_mean_normalized_rmse,-6.888728474818695e-05,dimensionless,"Paired row resample of the fixed 4,000 row test predictions."
paired_bootstrap,replicate_0449,macro,ridge_minus_mean_normalized_rmse,-2.8382929249726185e-05,dimensionless,"Paired row resample of the fixed 4,000 row test predictions."
paired_bootstrap,replicate_0450,macro,ridge_minus_mean_normalized_rmse,-8.725181205260224e-05,dimensionless,"Paired row resample of the fixed 4,000 row test predictions."
paired_bootstrap,replicate_0451,macro,ridge_minus_mean_normalized_rmse,-6.389247742988324e-06,dimensionless,"Paired row resample of the fixed 4,000 row test predictions."
paired_bootstrap,replicate_0452,macro,ridge_minus_mean_normalized_rmse,4.9088509036010475e-05,dimensionless,"Paired row resample of the fixed 4,000 row test predictions."
paired_bootstrap,replicate_0453,macro,ridge_minus_mean_normalized_rmse,4.474648659036351e-05,dimensionless,"Paired row resample of the fixed 4,000 row test predictions."
paired_bootstrap,replicate_0454,macro,ridge_minus_mean_normalized_rmse,-5.472129006239834e-05,dimensionless,"Paired row resample of the fixed 4,000 row test predictions."
paired_bootstrap,replicate_0455,macro,ridge_minus_mean_normalized_rmse,-1.0070031792430711e-05,dimensionless,"Paired row resample of the fixed 4,000 row test predictions."
paired_bootstrap,replicate_0456,macro,ridge_minus_mean_normalized_rmse,-8.028762642675602e-05,dimensionless,"Paired row resample of the fixed 4,000 row test predictions."
paired_bootstrap,replicate_0457,macro,ridge_minus_mean_normalized_rmse,3.0058474382310685e-05,dimensionless,"Paired row resample of the fixed 4,000 row test predictions."
paired_bootstrap,replicate_0458,macro,ridge_minus_mean_normalized_rmse,-9.4080097540028e-05,dimensionless,"Paired row resample of the fixed 4,000 row test predictions."
paired_bootstrap,replicate_0459,macro,ridge_minus_mean_normalized_rmse,-7.344965465222453e-05,dimensionless,"Paired row resample of the fixed 4,000 row test predictions."
paired_bootstrap,replicate_0460,macro,ridge_minus_mean_normalized_rmse,-4.96201524682327e-05,dimensionless,"Paired row resample of the fixed 4,000 row test predictions."
paired_bootstrap,replicate_0461,macro,ridge_minus_mean_normalized_rmse,3.819467464749593e-05,dimensionless,"Paired row resample of the fixed 4,000 row test predictions."
paired_bootstrap,replicate_0462,macro,ridge_minus_mean_normalized_rmse,-8.135309481183128e-06,dimensionless,"Paired row resample of the fixed 4,000 row test predictions."
paired_bootstrap,replicate_0463,macro,ridge_minus_mean_normalized_rmse,-0.00010071209927464686,dimensionless,"Paired row resample of the fixed 4,000 row test predictions."
paired_bootstrap,replicate_0464,macro,ridge_minus_mean_normalized_rmse,5.359940739890767e-05,dimensionless,"Paired row resample of the fixed 4,000 row test predictions."
paired_bootstrap,replicate_0465,macro,ridge_minus_mean_normalized_rmse,-1.7529680618078025e-05,dimensionless,"Paired row resample of the fixed 4,000 row test predictions."
paired_bootstrap,replicate_0466,macro,ridge_minus_mean_normalized_rmse,-7.464372294135879e-05,dimensionless,"Paired row resample of the fixed 4,000 row test predictions."
paired_bootstrap,replicate_0467,macro,ridge_minus_mean_normalized_rmse,-3.8341933823515806e-05,dimensionless,"Paired row resample of the fixed 4,000 row test predictions."
paired_bootstrap,replicate_0468,macro,ridge_minus_mean_normalized_rmse,-1.0432969596740893e-05,dimensionless,"Paired row resample of the fixed 4,000 row test predictions."
paired_bootstrap,replicate_0469,macro,ridge_minus_mean_normalized_rmse,-6.00386692417576e-07,dimensionless,"Paired row resample of the fixed 4,000 row test predictions."
paired_bootstrap,replicate_0470,macro,ridge_minus_mean_normalized_rmse,-0.00010278027328741723,dimensionless,"Paired row resample of the fixed 4,000 row test predictions."
paired_bootstrap,replicate_0471,macro,ridge_minus_mean_normalized_rmse,6.816815091514883e-05,dimensionless,"Paired row resample of the fixed 4,000 row test predictions."
paired_bootstrap,replicate_0472,macro,ridge_minus_mean_normalized_rmse,8.223373633065023e-05,dimensionless,"Paired row resample of the fixed 4,000 row test predictions."
paired_bootstrap,replicate_0473,macro,ridge_minus_mean_normalized_rmse,-4.486331836633939e-05,dimensionless,"Paired row resample of the fixed 4,000 row test predictions."
paired_bootstrap,replicate_0474,macro,ridge_minus_mean_normalized_rmse,-6.071917156230677e-05,dimensionless,"Paired row resample of the fixed 4,000 row test predictions."
paired_bootstrap,replicate_0475,macro,ridge_minus_mean_normalized_rmse,8.876160196380489e-05,dimensionless,"Paired row resample of the fixed 4,000 row test predictions."
paired_bootstrap,replicate_0476,macro,ridge_minus_mean_normalized_rmse,-4.3993208069248446e-05,dimensionless,"Paired row resample of the fixed 4,000 row test predictions."
paired_bootstrap,replicate_0477,macro,ridge_minus_mean_normalized_rmse,-0.00012925805545754843,dimensionless,"Paired row resample of the fixed 4,000 row test predictions."
paired_bootstrap,replicate_0478,macro,ridge_minus_mean_normalized_rmse,-3.4738883292639855e-05,dimensionless,"Paired row resample of the fixed 4,000 row test predictions."
paired_bootstrap,replicate_0479,macro,ridge_minus_mean_normalized_rmse,-8.341590375299246e-05,dimensionless,"Paired row resample of the fixed 4,000 row test predictions."
paired_bootstrap,replicate_0480,macro,ridge_minus_mean_normalized_rmse,-3.1035639595555775e-05,dimensionless,"Paired row resample of the fixed 4,000 row test predictions."
paired_bootstrap,replicate_0481,macro,ridge_minus_mean_normalized_rmse,-1.8617418614197412e-05,dimensionless,"Paired row resample of the fixed 4,000 row test predictions."
paired_bootstrap,replicate_0482,macro,ridge_minus_mean_normalized_rmse,-6.644289430834949e-05,dimensionless,"Paired row resample of the fixed 4,000 row test predictions."
paired_bootstrap,replicate_0483,macro,ridge_minus_mean_normalized_rmse,-8.63039238515606e-05,dimensionless,"Paired row resample of the fixed 4,000 row test predictions."
paired_bootstrap,replicate_0484,macro,ridge_minus_mean_normalized_rmse,4.012142522058504e-05,dimensionless,"Paired row resample of the fixed 4,000 row test predictions."
paired_bootstrap,replicate_0485,macro,ridge_minus_mean_normalized_rmse,-0.00012339961644303177,dimensionless,"Paired row resample of the fixed 4,000 row test predictions."
paired_bootstrap,replicate_0486,macro,ridge_minus_mean_normalized_rmse,1.062052116446166e-05,dimensionless,"Paired row resample of the fixed 4,000 row test predictions."
paired_bootstrap,replicate_0487,macro,ridge_minus_mean_normalized_rmse,-4.119668903490581e-05,dimensionless,"Paired row resample of the fixed 4,000 row test predictions."
paired_bootstrap,replicate_0488,macro,ridge_minus_mean_normalized_rmse,-2.8000994206633933e-05,dimensionless,"Paired row resample of the fixed 4,000 row test predictions."
paired_bootstrap,replicate_0489,macro,ridge_minus_mean_normalized_rmse,-2.8248018705823164e-06,dimensionless,"Paired row resample of the fixed 4,000 row test predictions."
paired_bootstrap,replicate_0490,macro,ridge_minus_mean_normalized_rmse,-0.0001170472107913656,dimensionless,"Paired row resample of the fixed 4,000 row test predictions."
paired_bootstrap,replicate_0491,macro,ridge_minus_mean_normalized_rmse,-0.0001513807245274168,dimensionless,"Paired row resample of the fixed 4,000 row test predictions."
paired_bootstrap,replicate_0492,macro,ridge_minus_mean_normalized_rmse,4.1159942437862806e-05,dimensionless,"Paired row resample of the fixed 4,000 row test predictions."
paired_bootstrap,replicate_0493,macro,ridge_minus_mean_normalized_rmse,4.4858801960312444e-05,dimensionless,"Paired row resample of the fixed 4,000 row test predictions."
paired_bootstrap,replicate_0494,macro,ridge_minus_mean_normalized_rmse,-5.8740180208516346e-05,dimensionless,"Paired row resample of the fixed 4,000 row test predictions."
paired_bootstrap,replicate_0495,macro,ridge_minus_mean_normalized_rmse,-0.00011959505477748822,dimensionless,"Paired row resample of the fixed 4,000 row test predictions."
paired_bootstrap,replicate_0496,macro,ridge_minus_mean_normalized_rmse,-6.686131511363103e-05,dimensionless,"Paired row resample of the fixed 4,000 row test predictions."
paired_bootstrap,replicate_0497,macro,ridge_minus_mean_normalized_rmse,-4.7912103092240255e-05,dimensionless,"Paired row resample of the fixed 4,000 row test predictions."
paired_bootstrap,replicate_0498,macro,ridge_minus_mean_normalized_rmse,-4.093897019091797e-05,dimensionless,"Paired row resample of the fixed 4,000 row test predictions."
paired_bootstrap,replicate_0499,macro,ridge_minus_mean_normalized_rmse,-6.449944397896035e-05,dimensionless,"Paired row resample of the fixed 4,000 row test predictions."
paired_bootstrap,replicate_0500,macro,ridge_minus_mean_normalized_rmse,-8.518520461953116e-05,dimensionless,"Paired row resample of the fixed 4,000 row test predictions."
paired_bootstrap,replicate_0501,macro,ridge_minus_mean_normalized_rmse,-0.00011974241712586764,dimensionless,"Paired row resample of the fixed 4,000 row test predictions."
paired_bootstrap,replicate_0502,macro,ridge_minus_mean_normalized_rmse,-6.559057970090265e-05,dimensionless,"Paired row resample of the fixed 4,000 row test predictions."
paired_bootstrap,replicate_0503,macro,ridge_minus_mean_normalized_rmse,-2.464115127498445e-07,dimensionless,"Paired row resample of the fixed 4,000 row test predictions."
paired_bootstrap,replicate_0504,macro,ridge_minus_mean_normalized_rmse,5.369751103390108e-05,dimensionless,"Paired row resample of the fixed 4,000 row test predictions."
paired_bootstrap,replicate_0505,macro,ridge_minus_mean_normalized_rmse,2.052641191258031e-05,dimensionless,"Paired row resample of the fixed 4,000 row test predictions."
paired_bootstrap,replicate_0506,macro,ridge_minus_mean_normalized_rmse,-0.00010438406583856974,dimensionless,"Paired row resample of the fixed 4,000 row test predictions."
paired_bootstrap,replicate_0507,macro,ridge_minus_mean_normalized_rmse,-9.139325970297651e-06,dimensionless,"Paired row resample of the fixed 4,000 row test predictions."
paired_bootstrap,replicate_0508,macro,ridge_minus_mean_normalized_rmse,-6.359681826217933e-06,dimensionless,"Paired row resample of the fixed 4,000 row test predictions."
paired_bootstrap,replicate_0509,macro,ridge_minus_mean_normalized_rmse,2.510049885706689e-05,dimensionless,"Paired row resample of the fixed 4,000 row test predictions."
paired_bootstrap,replicate_0510,macro,ridge_minus_mean_normalized_rmse,-2.7391277384491985e-05,dimensionless,"Paired row resample of the fixed 4,000 row test predictions."
paired_bootstrap,replicate_0511,macro,ridge_minus_mean_normalized_rmse,-0.0001320008650997906,dimensionless,"Paired row resample of the fixed 4,000 row test predictions."
paired_bootstrap,replicate_0512,macro,ridge_minus_mean_normalized_rmse,5.976340792535062e-05,dimensionless,"Paired row resample of the fixed 4,000 row test predictions."
paired_bootstrap,replicate_0513,macro,ridge_minus_mean_normalized_rmse,7.845731125277755e-05,dimensionless,"Paired row resample of the fixed 4,000 row test predictions."
paired_bootstrap,replicate_0514,macro,ridge_minus_mean_normalized_rmse,-4.199561354634174e-05,dimensionless,"Paired row resample of the fixed 4,000 row test predictions."
paired_bootstrap,replicate_0515,macro,ridge_minus_mean_normalized_rmse,1.8964567387314002e-05,dimensionless,"Paired row resample of the fixed 4,000 row test predictions."
paired_bootstrap,replicate_0516,macro,ridge_minus_mean_normalized_rmse,-7.506020179226525e-05,dimensionless,"Paired row resample of the fixed 4,000 row test predictions."
paired_bootstrap,replicate_0517,macro,ridge_minus_mean_normalized_rmse,2.5218582770769604e-05,dimensionless,"Paired row resample of the fixed 4,000 row test predictions."
paired_bootstrap,replicate_0518,macro,ridge_minus_mean_normalized_rmse,-3.679407095780185e-05,dimensionless,"Paired row resample of the fixed 4,000 row test predictions."
paired_bootstrap,replicate_0519,macro,ridge_minus_mean_normalized_rmse,4.29626518383408e-06,dimensionless,"Paired row resample of the fixed 4,000 row test predictions."
paired_bootstrap,replicate_0520,macro,ridge_minus_mean_normalized_rmse,-1.8994847018782846e-05,dimensionless,"Paired row resample of the fixed 4,000 row test predictions."
paired_bootstrap,replicate_0521,macro,ridge_minus_mean_normalized_rmse,-4.9680846764155184e-05,dimensionless,"Paired row resample of the fixed 4,000 row test predictions."
paired_bootstrap,replicate_0522,macro,ridge_minus_mean_normalized_rmse,-6.676029957369822e-05,dimensionless,"Paired row resample of the fixed 4,000 row test predictions."
paired_bootstrap,replicate_0523,macro,ridge_minus_mean_normalized_rmse,-9.938220539063014e-05,dimensionless,"Paired row resample of the fixed 4,000 row test predictions."
paired_bootstrap,replicate_0524,macro,ridge_minus_mean_normalized_rmse,-1.4026469483174875e-05,dimensionless,"Paired row resample of the fixed 4,000 row test predictions."
paired_bootstrap,replicate_0525,macro,ridge_minus_mean_normalized_rmse,-4.689126390255982e-05,dimensionless,"Paired row resample of the fixed 4,000 row test predictions."
paired_bootstrap,replicate_0526,macro,ridge_minus_mean_normalized_rmse,-3.700041674348231e-05,dimensionless,"Paired row resample of the fixed 4,000 row test predictions."
paired_bootstrap,replicate_0527,macro,ridge_minus_mean_normalized_rmse,-0.00011182718012786586,dimensionless,"Paired row resample of the fixed 4,000 row test predictions."
paired_bootstrap,replicate_0528,macro,ridge_minus_mean_normalized_rmse,-0.00013991327396611908,dimensionless,"Paired row resample of the fixed 4,000 row test predictions."
paired_bootstrap,replicate_0529,macro,ridge_minus_mean_normalized_rmse,-2.0780896951455574e-05,dimensionless,"Paired row resample of the fixed 4,000 row test predictions."
paired_bootstrap,replicate_0530,macro,ridge_minus_mean_normalized_rmse,-9.475806389175334e-05,dimensionless,"Paired row resample of the fixed 4,000 row test predictions."
paired_bootstrap,replicate_0531,macro,ridge_minus_mean_normalized_rmse,-9.269682446172434e-05,dimensionless,"Paired row resample of the fixed 4,000 row test predictions."
paired_bootstrap,replicate_0532,macro,ridge_minus_mean_normalized_rmse,-6.220514613480832e-05,dimensionless,"Paired row resample of the fixed 4,000 row test predictions."
paired_bootstrap,replicate_0533,macro,ridge_minus_mean_normalized_rmse,-4.4535412795254636e-05,dimensionless,"Paired row resample of the fixed 4,000 row test predictions."
paired_bootstrap,replicate_0534,macro,ridge_minus_mean_normalized_rmse,-5.407513234689798e-06,dimensionless,"Paired row resample of the fixed 4,000 row test predictions."
paired_bootstrap,replicate_0535,macro,ridge_minus_mean_normalized_rmse,-4.967881519352124e-05,dimensionless,"Paired row resample of the fixed 4,000 row test predictions."
paired_bootstrap,replicate_0536,macro,ridge_minus_mean_normalized_rmse,-5.117635698242973e-05,dimensionless,"Paired row resample of the fixed 4,000 row test predictions."
paired_bootstrap,replicate_0537,macro,ridge_minus_mean_normalized_rmse,-1.8675181109095718e-05,dimensionless,"Paired row resample of the fixed 4,000 row test predictions."
paired_bootstrap,replicate_0538,macro,ridge_minus_mean_normalized_rmse,-6.92244262578412e-05,dimensionless,"Paired row resample of the fixed 4,000 row test predictions."
paired_bootstrap,replicate_0539,macro,ridge_minus_mean_normalized_rmse,-2.5263723489543644e-05,dimensionless,"Paired row resample of the fixed 4,000 row test predictions."
paired_bootstrap,replicate_0540,macro,ridge_minus_mean_normalized_rmse,-3.13115879976289e-05,dimensionless,"Paired row resample of the fixed 4,000 row test predictions."
paired_bootstrap,replicate_0541,macro,ridge_minus_mean_normalized_rmse,-5.1940233526837076e-05,dimensionless,"Paired row resample of the fixed 4,000 row test predictions."
paired_bootstrap,replicate_0542,macro,ridge_minus_mean_normalized_rmse,-6.154127672552967e-05,dimensionless,"Paired row resample of the fixed 4,000 row test predictions."
paired_bootstrap,replicate_0543,macro,ridge_minus_mean_normalized_rmse,-2.5441857293695413e-05,dimensionless,"Paired row resample of the fixed 4,000 row test predictions."
paired_bootstrap,replicate_0544,macro,ridge_minus_mean_normalized_rmse,4.363055862377507e-06,dimensionless,"Paired row resample of the fixed 4,000 row test predictions."
paired_bootstrap,replicate_0545,macro,ridge_minus_mean_normalized_rmse,-0.00011317051841142067,dimensionless,"Paired row resample of the fixed 4,000 row test predictions."
paired_bootstrap,replicate_0546,macro,ridge_minus_mean_normalized_rmse,1.817570407242064e-05,dimensionless,"Paired row resample of the fixed 4,000 row test predictions."
paired_bootstrap,replicate_0547,macro,ridge_minus_mean_normalized_rmse,-5.257782661971522e-05,dimensionless,"Paired row resample of the fixed 4,000 row test predictions."
paired_bootstrap,replicate_0548,macro,ridge_minus_mean_normalized_rmse,-1.795788889258354e-06,dimensionless,"Paired row resample of the fixed 4,000 row test predictions."
paired_bootstrap,replicate_0549,macro,ridge_minus_mean_normalized_rmse,-1.227316341623208e-05,dimensionless,"Paired row resample of the fixed 4,000 row test predictions."
paired_bootstrap,replicate_0550,macro,ridge_minus_mean_normalized_rmse,-6.111632749933316e-05,dimensionless,"Paired row resample of the fixed 4,000 row test predictions."
paired_bootstrap,replicate_0551,macro,ridge_minus_mean_normalized_rmse,2.6436407249585958e-05,dimensionless,"Paired row resample of the fixed 4,000 row test predictions."
paired_bootstrap,replicate_0552,macro,ridge_minus_mean_normalized_rmse,-8.464734590474254e-05,dimensionless,"Paired row resample of the fixed 4,000 row test predictions."
paired_bootstrap,replicate_0553,macro,ridge_minus_mean_normalized_rmse,-1.8474458847117514e-05,dimensionless,"Paired row resample of the fixed 4,000 row test predictions."
paired_bootstrap,replicate_0554,macro,ridge_minus_mean_normalized_rmse,-8.459270427441101e-05,dimensionless,"Paired row resample of the fixed 4,000 row test predictions."
paired_bootstrap,replicate_0555,macro,ridge_minus_mean_normalized_rmse,-1.3949023650206005e-05,dimensionless,"Paired row resample of the fixed 4,000 row test predictions."
paired_bootstrap,replicate_0556,macro,ridge_minus_mean_normalized_rmse,-4.7007267952925424e-05,dimensionless,"Paired row resample of the fixed 4,000 row test predictions."
paired_bootstrap,replicate_0557,macro,ridge_minus_mean_normalized_rmse,-1.662268309238213e-05,dimensionless,"Paired row resample of the fixed 4,000 row test predictions."
paired_bootstrap,replicate_0558,macro,ridge_minus_mean_normalized_rmse,-0.00012834631172542466,dimensionless,"Paired row resample of the fixed 4,000 row test predictions."
paired_bootstrap,replicate_0559,macro,ridge_minus_mean_normalized_rmse,-6.256585834940598e-05,dimensionless,"Paired row resample of the fixed 4,000 row test predictions."
paired_bootstrap,replicate_0560,macro,ridge_minus_mean_normalized_rmse,-2.777067253256771e-05,dimensionless,"Paired row resample of the fixed 4,000 row test predictions."
paired_bootstrap,replicate_0561,macro,ridge_minus_mean_normalized_rmse,4.79827970841229e-05,dimensionless,"Paired row resample of the fixed 4,000 row test predictions."
paired_bootstrap,replicate_0562,macro,ridge_minus_mean_normalized_rmse,1.1181675725335793e-05,dimensionless,"Paired row resample of the fixed 4,000 row test predictions."
paired_bootstrap,replicate_0563,macro,ridge_minus_mean_normalized_rmse,-7.239433922756611e-05,dimensionless,"Paired row resample of the fixed 4,000 row test predictions."
paired_bootstrap,replicate_0564,macro,ridge_minus_mean_normalized_rmse,-1.673319704642573e-05,dimensionless,"Paired row resample of the fixed 4,000 row test predictions."
paired_bootstrap,replicate_0565,macro,ridge_minus_mean_normalized_rmse,-0.00019243767454579785,dimensionless,"Paired row resample of the fixed 4,000 row test predictions."
paired_bootstrap,replicate_0566,macro,ridge_minus_mean_normalized_rmse,-6.423618797879449e-06,dimensionless,"Paired row resample of the fixed 4,000 row test predictions."
paired_bootstrap,replicate_0567,macro,ridge_minus_mean_normalized_rmse,-1.752051951398048e-05,dimensionless,"Paired row resample of the fixed 4,000 row test predictions."
paired_bootstrap,replicate_0568,macro,ridge_minus_mean_normalized_rmse,-2.615459098070927e-05,dimensionless,"Paired row resample of the fixed 4,000 row test predictions."
paired_bootstrap,replicate_0569,macro,ridge_minus_mean_normalized_rmse,-6.906777095694316e-05,dimensionless,"Paired row resample of the fixed 4,000 row test predictions."
paired_bootstrap,replicate_0570,macro,ridge_minus_mean_normalized_rmse,-8.584981837589378e-05,dimensionless,"Paired row resample of the fixed 4,000 row test predictions."
paired_bootstrap,replicate_0571,macro,ridge_minus_mean_normalized_rmse,-1.12734172761364e-05,dimensionless,"Paired row resample of the fixed 4,000 row test predictions."
paired_bootstrap,replicate_0572,macro,ridge_minus_mean_normalized_rmse,-2.337408078684211e-05,dimensionless,"Paired row resample of the fixed 4,000 row test predictions."
paired_bootstrap,replicate_0573,macro,ridge_minus_mean_normalized_rmse,4.254108736562179e-05,dimensionless,"Paired row resample of the fixed 4,000 row test predictions."
paired_bootstrap,replicate_0574,macro,ridge_minus_mean_normalized_rmse,2.4716589818840617e-05,dimensionless,"Paired row resample of the fixed 4,000 row test predictions."
paired_bootstrap,replicate_0575,macro,ridge_minus_mean_normalized_rmse,-6.60036443711487e-05,dimensionless,"Paired row resample of the fixed 4,000 row test predictions."
paired_bootstrap,replicate_0576,macro,ridge_minus_mean_normalized_rmse,-0.0001977700339083066,dimensionless,"Paired row resample of the fixed 4,000 row test predictions."
paired_bootstrap,replicate_0577,macro,ridge_minus_mean_normalized_rmse,0.00010775357469561264,dimensionless,"Paired row resample of the fixed 4,000 row test predictions."
paired_bootstrap,replicate_0578,macro,ridge_minus_mean_normalized_rmse,-1.3336772632488447e-05,dimensionless,"Paired row resample of the fixed 4,000 row test predictions."
paired_bootstrap,replicate_0579,macro,ridge_minus_mean_normalized_rmse,8.697153225728504e-05,dimensionless,"Paired row resample of the fixed 4,000 row test predictions."
paired_bootstrap,replicate_0580,macro,ridge_minus_mean_normalized_rmse,-5.6996488086158426e-05,dimensionless,"Paired row resample of the fixed 4,000 row test predictions."
paired_bootstrap,replicate_0581,macro,ridge_minus_mean_normalized_rmse,-9.742208065705027e-05,dimensionless,"Paired row resample of the fixed 4,000 row test predictions."
paired_bootstrap,replicate_0582,macro,ridge_minus_mean_normalized_rmse,-3.342169057318767e-05,dimensionless,"Paired row resample of the fixed 4,000 row test predictions."
paired_bootstrap,replicate_0583,macro,ridge_minus_mean_normalized_rmse,-5.868071430248367e-05,dimensionless,"Paired row resample of the fixed 4,000 row test predictions."
paired_bootstrap,replicate_0584,macro,ridge_minus_mean_normalized_rmse,-5.7579230167970064e-05,dimensionless,"Paired row resample of the fixed 4,000 row test predictions."
paired_bootstrap,replicate_0585,macro,ridge_minus_mean_normalized_rmse,2.1112720564597787e-05,dimensionless,"Paired row resample of the fixed 4,000 row test predictions."
paired_bootstrap,replicate_0586,macro,ridge_minus_mean_normalized_rmse,-3.7507790498880755e-05,dimensionless,"Paired row resample of the fixed 4,000 row test predictions."
paired_bootstrap,replicate_0587,macro,ridge_minus_mean_normalized_rmse,-0.00011117112567127219,dimensionless,"Paired row resample of the fixed 4,000 row test predictions."
paired_bootstrap,replicate_0588,macro,ridge_minus_mean_normalized_rmse,-1.853840116283756e-05,dimensionless,"Paired row resample of the fixed 4,000 row test predictions."
paired_bootstrap,replicate_0589,macro,ridge_minus_mean_normalized_rmse,-1.3754811223731789e-05,dimensionless,"Paired row resample of the fixed 4,000 row test predictions."
paired_bootstrap,replicate_0590,macro,ridge_minus_mean_normalized_rmse,4.363990785477556e-05,dimensionless,"Paired row resample of the fixed 4,000 row test predictions."
paired_bootstrap,replicate_0591,macro,ridge_minus_mean_normalized_rmse,-6.090672733966018e-05,dimensionless,"Paired row resample of the fixed 4,000 row test predictions."
paired_bootstrap,replicate_0592,macro,ridge_minus_mean_normalized_rmse,5.322687356357214e-05,dimensionless,"Paired row resample of the fixed 4,000 row test predictions."
paired_bootstrap,replicate_0593,macro,ridge_minus_mean_normalized_rmse,-1.344404481717909e-05,dimensionless,"Paired row resample of the fixed 4,000 row test predictions."
paired_bootstrap,replicate_0594,macro,ridge_minus_mean_normalized_rmse,-4.719733947766702e-05,dimensionless,"Paired row resample of the fixed 4,000 row test predictions."
paired_bootstrap,replicate_0595,macro,ridge_minus_mean_normalized_rmse,-9.092391664000665e-05,dimensionless,"Paired row resample of the fixed 4,000 row test predictions."
paired_bootstrap,replicate_0596,macro,ridge_minus_mean_normalized_rmse,2.8521214390730965e-05,dimensionless,"Paired row resample of the fixed 4,000 row test predictions."
paired_bootstrap,replicate_0597,macro,ridge_minus_mean_normalized_rmse,-8.473149693122295e-05,dimensionless,"Paired row resample of the fixed 4,000 row test predictions."
paired_bootstrap,replicate_0598,macro,ridge_minus_mean_normalized_rmse,-7.167631234361593e-05,dimensionless,"Paired row resample of the fixed 4,000 row test predictions."
paired_bootstrap,replicate_0599,macro,ridge_minus_mean_normalized_rmse,-8.697559378934017e-05,dimensionless,"Paired row resample of the fixed 4,000 row test predictions."
paired_bootstrap,replicate_0600,macro,ridge_minus_mean_normalized_rmse,1.791853436988733e-05,dimensionless,"Paired row resample of the fixed 4,000 row test predictions."
paired_bootstrap,replicate_0601,macro,ridge_minus_mean_normalized_rmse,-3.429853293629437e-05,dimensionless,"Paired row resample of the fixed 4,000 row test predictions."
paired_bootstrap,replicate_0602,macro,ridge_minus_mean_normalized_rmse,-1.8742782533553992e-05,dimensionless,"Paired row resample of the fixed 4,000 row test predictions."
paired_bootstrap,replicate_0603,macro,ridge_minus_mean_normalized_rmse,1.8449027226363768e-05,dimensionless,"Paired row resample of the fixed 4,000 row test predictions."
paired_bootstrap,replicate_0604,macro,ridge_minus_mean_normalized_rmse,-4.871207458512217e-06,dimensionless,"Paired row resample of the fixed 4,000 row test predictions."
paired_bootstrap,replicate_0605,macro,ridge_minus_mean_normalized_rmse,-4.1486380921995636e-05,dimensionless,"Paired row resample of the fixed 4,000 row test predictions."
paired_bootstrap,replicate_0606,macro,ridge_minus_mean_normalized_rmse,-2.3905579964067503e-05,dimensionless,"Paired row resample of the fixed 4,000 row test predictions."
paired_bootstrap,replicate_0607,macro,ridge_minus_mean_normalized_rmse,1.3231776166799936e-05,dimensionless,"Paired row resample of the fixed 4,000 row test predictions."
paired_bootstrap,replicate_0608,macro,ridge_minus_mean_normalized_rmse,-1.902868402531288e-05,dimensionless,"Paired row resample of the fixed 4,000 row test predictions."
paired_bootstrap,replicate_0609,macro,ridge_minus_mean_normalized_rmse,-3.8893083295910014e-05,dimensionless,"Paired row resample of the fixed 4,000 row test predictions."
paired_bootstrap,replicate_0610,macro,ridge_minus_mean_normalized_rmse,-1.239618128157094e-05,dimensionless,"Paired row resample of the fixed 4,000 row test predictions."
paired_bootstrap,replicate_0611,macro,ridge_minus_mean_normalized_rmse,-9.968257037223927e-05,dimensionless,"Paired row resample of the fixed 4,000 row test predictions."
paired_bootstrap,replicate_0612,macro,ridge_minus_mean_normalized_rmse,-1.671890177595836e-05,dimensionless,"Paired row resample of the fixed 4,000 row test predictions."
paired_bootstrap,replicate_0613,macro,ridge_minus_mean_normalized_rmse,4.275152958832518e-05,dimensionless,"Paired row resample of the fixed 4,000 row test predictions."
paired_bootstrap,replicate_0614,macro,ridge_minus_mean_normalized_rmse,-9.719249217143844e-05,dimensionless,"Paired row resample of the fixed 4,000 row test predictions."
paired_bootstrap,replicate_0615,macro,ridge_minus_mean_normalized_rmse,-0.00021243390265746065,dimensionless,"Paired row resample of the fixed 4,000 row test predictions."
paired_bootstrap,replicate_0616,macro,ridge_minus_mean_normalized_rmse,-8.923476403666086e-05,dimensionless,"Paired row resample of the fixed 4,000 row test predictions."
paired_bootstrap,replicate_0617,macro,ridge_minus_mean_normalized_rmse,-4.847219699077865e-05,dimensionless,"Paired row resample of the fixed 4,000 row test predictions."
paired_bootstrap,replicate_0618,macro,ridge_minus_mean_normalized_rmse,7.686139450685525e-05,dimensionless,"Paired row resample of the fixed 4,000 row test predictions."
paired_bootstrap,replicate_0619,macro,ridge_minus_mean_normalized_rmse,-0.00010123109882259618,dimensionless,"Paired row resample of the fixed 4,000 row test predictions."
paired_bootstrap,replicate_0620,macro,ridge_minus_mean_normalized_rmse,9.104458227604528e-06,dimensionless,"Paired row resample of the fixed 4,000 row test predictions."
paired_bootstrap,replicate_0621,macro,ridge_minus_mean_normalized_rmse,-1.570500276593112e-05,dimensionless,"Paired row resample of the fixed 4,000 row test predictions."
paired_bootstrap,replicate_0622,macro,ridge_minus_mean_normalized_rmse,4.5916471623164146e-05,dimensionless,"Paired row resample of the fixed 4,000 row test predictions."
paired_bootstrap,replicate_0623,macro,ridge_minus_mean_normalized_rmse,-6.643484326684934e-05,dimensionless,"Paired row resample of the fixed 4,000 row test predictions."
paired_bootstrap,replicate_0624,macro,ridge_minus_mean_normalized_rmse,-9.622224242999966e-06,dimensionless,"Paired row resample of the fixed 4,000 row test predictions."
paired_bootstrap,replicate_0625,macro,ridge_minus_mean_normalized_rmse,1.3950939510731786e-05,dimensionless,"Paired row resample of the fixed 4,000 row test predictions."
paired_bootstrap,replicate_0626,macro,ridge_minus_mean_normalized_rmse,-3.140448935307072e-05,dimensionless,"Paired row resample of the fixed 4,000 row test predictions."
paired_bootstrap,replicate_0627,macro,ridge_minus_mean_normalized_rmse,-7.877455862881355e-05,dimensionless,"Paired row resample of the fixed 4,000 row test predictions."
paired_bootstrap,replicate_0628,macro,ridge_minus_mean_normalized_rmse,-8.447191661858922e-05,dimensionless,"Paired row resample of the fixed 4,000 row test predictions."
paired_bootstrap,replicate_0629,macro,ridge_minus_mean_normalized_rmse,-8.505413739717804e-05,dimensionless,"Paired row resample of the fixed 4,000 row test predictions."
paired_bootstrap,replicate_0630,macro,ridge_minus_mean_normalized_rmse,-0.00014304645813623118,dimensionless,"Paired row resample of the fixed 4,000 row test predictions."
paired_bootstrap,replicate_0631,macro,ridge_minus_mean_normalized_rmse,3.284695908323254e-05,dimensionless,"Paired row resample of the fixed 4,000 row test predictions."
paired_bootstrap,replicate_0632,macro,ridge_minus_mean_normalized_rmse,7.670653612290579e-09,dimensionless,"Paired row resample of the fixed 4,000 row test predictions."
paired_bootstrap,replicate_0633,macro,ridge_minus_mean_normalized_rmse,-4.1015586660919645e-06,dimensionless,"Paired row resample of the fixed 4,000 row test predictions."
paired_bootstrap,replicate_0634,macro,ridge_minus_mean_normalized_rmse,-0.00010801427736284452,dimensionless,"Paired row resample of the fixed 4,000 row test predictions."
paired_bootstrap,replicate_0635,macro,ridge_minus_mean_normalized_rmse,-6.580770243141965e-05,dimensionless,"Paired row resample of the fixed 4,000 row test predictions."
paired_bootstrap,replicate_0636,macro,ridge_minus_mean_normalized_rmse,1.1088176830154062e-05,dimensionless,"Paired row resample of the fixed 4,000 row test predictions."
paired_bootstrap,replicate_0637,macro,ridge_minus_mean_normalized_rmse,-7.046994354770186e-05,dimensionless,"Paired row resample of the fixed 4,000 row test predictions."
paired_bootstrap,replicate_0638,macro,ridge_minus_mean_normalized_rmse,5.0860142671971253e-05,dimensionless,"Paired row resample of the fixed 4,000 row test predictions."
paired_bootstrap,replicate_0639,macro,ridge_minus_mean_normalized_rmse,7.388977759992255e-05,dimensionless,"Paired row resample of the fixed 4,000 row test predictions."
paired_bootstrap,replicate_0640,macro,ridge_minus_mean_normalized_rmse,-4.98333592890976e-05,dimensionless,"Paired row resample of the fixed 4,000 row test predictions."
paired_bootstrap,replicate_0641,macro,ridge_minus_mean_normalized_rmse,-1.163912826590563e-05,dimensionless,"Paired row resample of the fixed 4,000 row test predictions."
paired_bootstrap,replicate_0642,macro,ridge_minus_mean_normalized_rmse,-0.00011287284205135917,dimensionless,"Paired row resample of the fixed 4,000 row test predictions."
paired_bootstrap,replicate_0643,macro,ridge_minus_mean_normalized_rmse,-4.6775632240037e-05,dimensionless,"Paired row resample of the fixed 4,000 row test predictions."
paired_bootstrap,replicate_0644,macro,ridge_minus_mean_normalized_rmse,-9.562734954138286e-05,dimensionless,"Paired row resample of the fixed 4,000 row test predictions."
paired_bootstrap,replicate_0645,macro,ridge_minus_mean_normalized_rmse,3.603510978666957e-05,dimensionless,"Paired row resample of the fixed 4,000 row test predictions."
paired_bootstrap,replicate_0646,macro,ridge_minus_mean_normalized_rmse,-0.00015077118265871547,dimensionless,"Paired row resample of the fixed 4,000 row test predictions."
paired_bootstrap,replicate_0647,macro,ridge_minus_mean_normalized_rmse,3.6035737712714067e-06,dimensionless,"Paired row resample of the fixed 4,000 row test predictions."
paired_bootstrap,replicate_0648,macro,ridge_minus_mean_normalized_rmse,-4.220850503644513e-05,dimensionless,"Paired row resample of the fixed 4,000 row test predictions."
paired_bootstrap,replicate_0649,macro,ridge_minus_mean_normalized_rmse,3.99780887538892e-06,dimensionless,"Paired row resample of the fixed 4,000 row test predictions."
paired_bootstrap,replicate_0650,macro,ridge_minus_mean_normalized_rmse,-8.351170845322109e-05,dimensionless,"Paired row resample of the fixed 4,000 row test predictions."
paired_bootstrap,replicate_0651,macro,ridge_minus_mean_normalized_rmse,-0.00010808993631816755,dimensionless,"Paired row resample of the fixed 4,000 row test predictions."
paired_bootstrap,replicate_0652,macro,ridge_minus_mean_normalized_rmse,-8.878659358296792e-05,dimensionless,"Paired row resample of the fixed 4,000 row test predictions."
paired_bootstrap,replicate_0653,macro,ridge_minus_mean_normalized_rmse,-0.00012807249489432682,dimensionless,"Paired row resample of the fixed 4,000 row test predictions."
paired_bootstrap,replicate_0654,macro,ridge_minus_mean_normalized_rmse,-7.71086661518483e-05,dimensionless,"Paired row resample of the fixed 4,000 row test predictions."
paired_bootstrap,replicate_0655,macro,ridge_minus_mean_normalized_rmse,2.4590059914397777e-06,dimensionless,"Paired row resample of the fixed 4,000 row test predictions."
paired_bootstrap,replicate_0656,macro,ridge_minus_mean_normalized_rmse,-2.707121815692659e-05,dimensionless,"Paired row resample of the fixed 4,000 row test predictions."
paired_bootstrap,replicate_0657,macro,ridge_minus_mean_normalized_rmse,-0.0001411784574705255,dimensionless,"Paired row resample of the fixed 4,000 row test predictions."
paired_bootstrap,replicate_0658,macro,ridge_minus_mean_normalized_rmse,-7.189603463647609e-05,dimensionless,"Paired row resample of the fixed 4,000 row test predictions."
paired_bootstrap,replicate_0659,macro,ridge_minus_mean_normalized_rmse,-5.480703695504019e-05,dimensionless,"Paired row resample of the fixed 4,000 row test predictions."
paired_bootstrap,replicate_0660,macro,ridge_minus_mean_normalized_rmse,-6.71586162113158e-05,dimensionless,"Paired row resample of the fixed 4,000 row test predictions."
paired_bootstrap,replicate_0661,macro,ridge_minus_mean_normalized_rmse,3.630610898630593e-05,dimensionless,"Paired row resample of the fixed 4,000 row test predictions."
paired_bootstrap,replicate_0662,macro,ridge_minus_mean_normalized_rmse,-3.73818921484137e-06,dimensionless,"Paired row resample of the fixed 4,000 row test predictions."
paired_bootstrap,replicate_0663,macro,ridge_minus_mean_normalized_rmse,8.798128141185302e-05,dimensionless,"Paired row resample of the fixed 4,000 row test predictions."
paired_bootstrap,replicate_0664,macro,ridge_minus_mean_normalized_rmse,3.785827869556835e-05,dimensionless,"Paired row resample of the fixed 4,000 row test predictions."
paired_bootstrap,replicate_0665,macro,ridge_minus_mean_normalized_rmse,-2.234808655626752e-05,dimensionless,"Paired row resample of the fixed 4,000 row test predictions."
paired_bootstrap,replicate_0666,macro,ridge_minus_mean_normalized_rmse,-4.0641094556148616e-05,dimensionless,"Paired row resample of the fixed 4,000 row test predictions."
paired_bootstrap,replicate_0667,macro,ridge_minus_mean_normalized_rmse,-4.191639543299486e-05,dimensionless,"Paired row resample of the fixed 4,000 row test predictions."
paired_bootstrap,replicate_0668,macro,ridge_minus_mean_normalized_rmse,-0.00012359936761252577,dimensionless,"Paired row resample of the fixed 4,000 row test predictions."
paired_bootstrap,replicate_0669,macro,ridge_minus_mean_normalized_rmse,2.8285042737719035e-05,dimensionless,"Paired row resample of the fixed 4,000 row test predictions."
paired_bootstrap,replicate_0670,macro,ridge_minus_mean_normalized_rmse,-7.141526466858394e-05,dimensionless,"Paired row resample of the fixed 4,000 row test predictions."
paired_bootstrap,replicate_0671,macro,ridge_minus_mean_normalized_rmse,-2.781704436255472e-05,dimensionless,"Paired row resample of the fixed 4,000 row test predictions."
paired_bootstrap,replicate_0672,macro,ridge_minus_mean_normalized_rmse,-3.7152823217534436e-05,dimensionless,"Paired row resample of the fixed 4,000 row test predictions."
paired_bootstrap,replicate_0673,macro,ridge_minus_mean_normalized_rmse,-7.979374520133975e-05,dimensionless,"Paired row resample of the fixed 4,000 row test predictions."
paired_bootstrap,replicate_0674,macro,ridge_minus_mean_normalized_rmse,-1.4740256184198053e-05,dimensionless,"Paired row resample of the fixed 4,000 row test predictions."
paired_bootstrap,replicate_0675,macro,ridge_minus_mean_normalized_rmse,-1.0917057440051892e-05,dimensionless,"Paired row resample of the fixed 4,000 row test predictions."
paired_bootstrap,replicate_0676,macro,ridge_minus_mean_normalized_rmse,-6.134184678696641e-05,dimensionless,"Paired row resample of the fixed 4,000 row test predictions."
paired_bootstrap,replicate_0677,macro,ridge_minus_mean_normalized_rmse,-7.978068074865341e-05,dimensionless,"Paired row resample of the fixed 4,000 row test predictions."
paired_bootstrap,replicate_0678,macro,ridge_minus_mean_normalized_rmse,-2.6372540347541218e-05,dimensionless,"Paired row resample of the fixed 4,000 row test predictions."
paired_bootstrap,replicate_0679,macro,ridge_minus_mean_normalized_rmse,-0.000140406504170687,dimensionless,"Paired row resample of the fixed 4,000 row test predictions."
paired_bootstrap,replicate_0680,macro,ridge_minus_mean_normalized_rmse,-8.281300917106771e-05,dimensionless,"Paired row resample of the fixed 4,000 row test predictions."
paired_bootstrap,replicate_0681,macro,ridge_minus_mean_normalized_rmse,-1.8299155023715485e-05,dimensionless,"Paired row resample of the fixed 4,000 row test predictions."
paired_bootstrap,replicate_0682,macro,ridge_minus_mean_normalized_rmse,-0.00011479366581362838,dimensionless,"Paired row resample of the fixed 4,000 row test predictions."
paired_bootstrap,replicate_0683,macro,ridge_minus_mean_normalized_rmse,4.503445274206541e-05,dimensionless,"Paired row resample of the fixed 4,000 row test predictions."
paired_bootstrap,replicate_0684,macro,ridge_minus_mean_normalized_rmse,-5.2120242087116964e-05,dimensionless,"Paired row resample of the fixed 4,000 row test predictions."
paired_bootstrap,replicate_0685,macro,ridge_minus_mean_normalized_rmse,-0.0001124702802657862,dimensionless,"Paired row resample of the fixed 4,000 row test predictions."
paired_bootstrap,replicate_0686,macro,ridge_minus_mean_normalized_rmse,-9.47246322102746e-06,dimensionless,"Paired row resample of the fixed 4,000 row test predictions."
paired_bootstrap,replicate_0687,macro,ridge_minus_mean_normalized_rmse,-1.0157796653920137e-05,dimensionless,"Paired row resample of the fixed 4,000 row test predictions."
paired_bootstrap,replicate_0688,macro,ridge_minus_mean_normalized_rmse,4.402733571917672e-05,dimensionless,"Paired row resample of the fixed 4,000 row test predictions."
paired_bootstrap,replicate_0689,macro,ridge_minus_mean_normalized_rmse,-4.363397049689244e-05,dimensionless,"Paired row resample of the fixed 4,000 row test predictions."
paired_bootstrap,replicate_0690,macro,ridge_minus_mean_normalized_rmse,5.321195449115024e-05,dimensionless,"Paired row resample of the fixed 4,000 row test predictions."
paired_bootstrap,replicate_0691,macro,ridge_minus_mean_normalized_rmse,2.622724993972536e-05,dimensionless,"Paired row resample of the fixed 4,000 row test predictions."
paired_bootstrap,replicate_0692,macro,ridge_minus_mean_normalized_rmse,1.9832237782901885e-05,dimensionless,"Paired row resample of the fixed 4,000 row test predictions."
paired_bootstrap,replicate_0693,macro,ridge_minus_mean_normalized_rmse,-6.887457935844665e-05,dimensionless,"Paired row resample of the fixed 4,000 row test predictions."
paired_bootstrap,replicate_0694,macro,ridge_minus_mean_normalized_rmse,5.758838845587588e-05,dimensionless,"Paired row resample of the fixed 4,000 row test predictions."
paired_bootstrap,replicate_0695,macro,ridge_minus_mean_normalized_rmse,-8.42471132245226e-06,dimensionless,"Paired row resample of the fixed 4,000 row test predictions."
paired_bootstrap,replicate_0696,macro,ridge_minus_mean_normalized_rmse,6.662922422329132e-05,dimensionless,"Paired row resample of the fixed 4,000 row test predictions."
paired_bootstrap,replicate_0697,macro,ridge_minus_mean_normalized_rmse,-8.861449083669148e-05,dimensionless,"Paired row resample of the fixed 4,000 row test predictions."
paired_bootstrap,replicate_0698,macro,ridge_minus_mean_normalized_rmse,-3.664549955517682e-05,dimensionless,"Paired row resample of the fixed 4,000 row test predictions."
paired_bootstrap,replicate_0699,macro,ridge_minus_mean_normalized_rmse,-0.00012950541107176194,dimensionless,"Paired row resample of the fixed 4,000 row test predictions."
paired_bootstrap,replicate_0700,macro,ridge_minus_mean_normalized_rmse,-9.323084380868929e-05,dimensionless,"Paired row resample of the fixed 4,000 row test predictions."
paired_bootstrap,replicate_0701,macro,ridge_minus_mean_normalized_rmse,-4.3577456998566966e-05,dimensionless,"Paired row resample of the fixed 4,000 row test predictions."
paired_bootstrap,replicate_0702,macro,ridge_minus_mean_normalized_rmse,-6.144170787453218e-05,dimensionless,"Paired row resample of the fixed 4,000 row test predictions."
paired_bootstrap,replicate_0703,macro,ridge_minus_mean_normalized_rmse,-9.414002712182512e-05,dimensionless,"Paired row resample of the fixed 4,000 row test predictions."
paired_bootstrap,replicate_0704,macro,ridge_minus_mean_normalized_rmse,-0.00010569658341053056,dimensionless,"Paired row resample of the fixed 4,000 row test predictions."
paired_bootstrap,replicate_0705,macro,ridge_minus_mean_normalized_rmse,-2.6381935855079863e-05,dimensionless,"Paired row resample of the fixed 4,000 row test predictions."
paired_bootstrap,replicate_0706,macro,ridge_minus_mean_normalized_rmse,-8.436282431079078e-06,dimensionless,"Paired row resample of the fixed 4,000 row test predictions."
paired_bootstrap,replicate_0707,macro,ridge_minus_mean_normalized_rmse,-8.351393290756404e-05,dimensionless,"Paired row resample of the fixed 4,000 row test predictions."
paired_bootstrap,replicate_0708,macro,ridge_minus_mean_normalized_rmse,-4.767046107484463e-05,dimensionless,"Paired row resample of the fixed 4,000 row test predictions."
paired_bootstrap,replicate_0709,macro,ridge_minus_mean_normalized_rmse,-6.835315096692662e-05,dimensionless,"Paired row resample of the fixed 4,000 row test predictions."
paired_bootstrap,replicate_0710,macro,ridge_minus_mean_normalized_rmse,-6.335113230226952e-05,dimensionless,"Paired row resample of the fixed 4,000 row test predictions."
paired_bootstrap,replicate_0711,macro,ridge_minus_mean_normalized_rmse,-3.2266082839238486e-05,dimensionless,"Paired row resample of the fixed 4,000 row test predictions."
paired_bootstrap,replicate_0712,macro,ridge_minus_mean_normalized_rmse,-0.00013785164936336303,dimensionless,"Paired row resample of the fixed 4,000 row test predictions."
paired_bootstrap,replicate_0713,macro,ridge_minus_mean_normalized_rmse,-0.00011491811989633449,dimensionless,"Paired row resample of the fixed 4,000 row test predictions."
paired_bootstrap,replicate_0714,macro,ridge_minus_mean_normalized_rmse,-0.00015575791339672573,dimensionless,"Paired row resample of the fixed 4,000 row test predictions."
paired_bootstrap,replicate_0715,macro,ridge_minus_mean_normalized_rmse,-0.00011474340924350068,dimensionless,"Paired row resample of the fixed 4,000 row test predictions."
paired_bootstrap,replicate_0716,macro,ridge_minus_mean_normalized_rmse,-2.945365556983326e-05,dimensionless,"Paired row resample of the fixed 4,000 row test predictions."
paired_bootstrap,replicate_0717,macro,ridge_minus_mean_normalized_rmse,9.960755400162391e-06,dimensionless,"Paired row resample of the fixed 4,000 row test predictions."
paired_bootstrap,replicate_0718,macro,ridge_minus_mean_normalized_rmse,5.855679225508226e-06,dimensionless,"Paired row resample of the fixed 4,000 row test predictions."
paired_bootstrap,replicate_0719,macro,ridge_minus_mean_normalized_rmse,-7.502428820105322e-05,dimensionless,"Paired row resample of the fixed 4,000 row test predictions."
paired_bootstrap,replicate_0720,macro,ridge_minus_mean_normalized_rmse,-2.3611199630235724e-05,dimensionless,"Paired row resample of the fixed 4,000 row test predictions."
paired_bootstrap,replicate_0721,macro,ridge_minus_mean_normalized_rmse,4.430379899444947e-06,dimensionless,"Paired row resample of the fixed 4,000 row test predictions."
paired_bootstrap,replicate_0722,macro,ridge_minus_mean_normalized_rmse,-0.00016722686065973047,dimensionless,"Paired row resample of the fixed 4,000 row test predictions."
paired_bootstrap,replicate_0723,macro,ridge_minus_mean_normalized_rmse,-8.676580592220651e-05,dimensionless,"Paired row resample of the fixed 4,000 row test predictions."
paired_bootstrap,replicate_0724,macro,ridge_minus_mean_normalized_rmse,-6.308137169430683e-05,dimensionless,"Paired row resample of the fixed 4,000 row test predictions."
paired_bootstrap,replicate_0725,macro,ridge_minus_mean_normalized_rmse,-8.278907569858607e-05,dimensionless,"Paired row resample of the fixed 4,000 row test predictions."
paired_bootstrap,replicate_0726,macro,ridge_minus_mean_normalized_rmse,-3.824523654327727e-06,dimensionless,"Paired row resample of the fixed 4,000 row test predictions."
paired_bootstrap,replicate_0727,macro,ridge_minus_mean_normalized_rmse,1.5507442237550073e-06,dimensionless,"Paired row resample of the fixed 4,000 row test predictions."
paired_bootstrap,replicate_0728,macro,ridge_minus_mean_normalized_rmse,-5.824042707036625e-05,dimensionless,"Paired row resample of the fixed 4,000 row test predictions."
paired_bootstrap,replicate_0729,macro,ridge_minus_mean_normalized_rmse,-2.8307130771509925e-05,dimensionless,"Paired row resample of the fixed 4,000 row test predictions."
paired_bootstrap,replicate_0730,macro,ridge_minus_mean_normalized_rmse,-3.031233133587996e-05,dimensionless,"Paired row resample of the fixed 4,000 row test predictions."
paired_bootstrap,replicate_0731,macro,ridge_minus_mean_normalized_rmse,-0.00015887300125466686,dimensionless,"Paired row resample of the fixed 4,000 row test predictions."
paired_bootstrap,replicate_0732,macro,ridge_minus_mean_normalized_rmse,-1.769259359712949e-05,dimensionless,"Paired row resample of the fixed 4,000 row test predictions."
paired_bootstrap,replicate_0733,macro,ridge_minus_mean_normalized_rmse,-8.328869296841956e-05,dimensionless,"Paired row resample of the fixed 4,000 row test predictions."
paired_bootstrap,replicate_0734,macro,ridge_minus_mean_normalized_rmse,-0.00017718378856906858,dimensionless,"Paired row resample of the fixed 4,000 row test predictions."
paired_bootstrap,replicate_0735,macro,ridge_minus_mean_normalized_rmse,-9.739513169293446e-06,dimensionless,"Paired row resample of the fixed 4,000 row test predictions."
paired_bootstrap,replicate_0736,macro,ridge_minus_mean_normalized_rmse,-3.35087235514564e-06,dimensionless,"Paired row resample of the fixed 4,000 row test predictions."
paired_bootstrap,replicate_0737,macro,ridge_minus_mean_normalized_rmse,1.0947905303926309e-05,dimensionless,"Paired row resample of the fixed 4,000 row test predictions."
paired_bootstrap,replicate_0738,macro,ridge_minus_mean_normalized_rmse,1.1341889714633346e-05,dimensionless,"Paired row resample of the fixed 4,000 row test predictions."
paired_bootstrap,replicate_0739,macro,ridge_minus_mean_normalized_rmse,-7.306434533033146e-05,dimensionless,"Paired row resample of the fixed 4,000 row test predictions."
paired_bootstrap,replicate_0740,macro,ridge_minus_mean_normalized_rmse,9.468181953919963e-05,dimensionless,"Paired row resample of the fixed 4,000 row test predictions."
paired_bootstrap,replicate_0741,macro,ridge_minus_mean_normalized_rmse,-7.420118469148029e-05,dimensionless,"Paired row resample of the fixed 4,000 row test predictions."
paired_bootstrap,replicate_0742,macro,ridge_minus_mean_normalized_rmse,-6.063332586936365e-05,dimensionless,"Paired row resample of the fixed 4,000 row test predictions."
paired_bootstrap,replicate_0743,macro,ridge_minus_mean_normalized_rmse,-6.797001556424487e-05,dimensionless,"Paired row resample of the fixed 4,000 row test predictions."
paired_bootstrap,replicate_0744,macro,ridge_minus_mean_normalized_rmse,-8.130078175949684e-05,dimensionless,"Paired row resample of the fixed 4,000 row test predictions."
paired_bootstrap,replicate_0745,macro,ridge_minus_mean_normalized_rmse,3.581495611337804e-05,dimensionless,"Paired row resample of the fixed 4,000 row test predictions."
paired_bootstrap,replicate_0746,macro,ridge_minus_mean_normalized_rmse,-6.489179027968639e-05,dimensionless,"Paired row resample of the fixed 4,000 row test predictions."
paired_bootstrap,replicate_0747,macro,ridge_minus_mean_normalized_rmse,-2.9182843259090152e-05,dimensionless,"Paired row resample of the fixed 4,000 row test predictions."
paired_bootstrap,replicate_0748,macro,ridge_minus_mean_normalized_rmse,-0.000135097232845105,dimensionless,"Paired row resample of the fixed 4,000 row test predictions."
paired_bootstrap,replicate_0749,macro,ridge_minus_mean_normalized_rmse,-0.00011230840718601254,dimensionless,"Paired row resample of the fixed 4,000 row test predictions."
paired_bootstrap,replicate_0750,macro,ridge_minus_mean_normalized_rmse,-7.036348099342948e-06,dimensionless,"Paired row resample of the fixed 4,000 row test predictions."
paired_bootstrap,replicate_0751,macro,ridge_minus_mean_normalized_rmse,3.3672793506911436e-05,dimensionless,"Paired row resample of the fixed 4,000 row test predictions."
paired_bootstrap,replicate_0752,macro,ridge_minus_mean_normalized_rmse,-2.4501961240430692e-05,dimensionless,"Paired row resample of the fixed 4,000 row test predictions."
paired_bootstrap,replicate_0753,macro,ridge_minus_mean_normalized_rmse,-2.144072906240524e-05,dimensionless,"Paired row resample of the fixed 4,000 row test predictions."
paired_bootstrap,replicate_0754,macro,ridge_minus_mean_normalized_rmse,3.266973561710795e-05,dimensionless,"Paired row resample of the fixed 4,000 row test predictions."
paired_bootstrap,replicate_0755,macro,ridge_minus_mean_normalized_rmse,-2.316300105270619e-05,dimensionless,"Paired row resample of the fixed 4,000 row test predictions."
paired_bootstrap,replicate_0756,macro,ridge_minus_mean_normalized_rmse,-6.096272047484419e-05,dimensionless,"Paired row resample of the fixed 4,000 row test predictions."
paired_bootstrap,replicate_0757,macro,ridge_minus_mean_normalized_rmse,-3.6990627182986735e-05,dimensionless,"Paired row resample of the fixed 4,000 row test predictions."
paired_bootstrap,replicate_0758,macro,ridge_minus_mean_normalized_rmse,-3.0911216974016664e-05,dimensionless,"Paired row resample of the fixed 4,000 row test predictions."
paired_bootstrap,replicate_0759,macro,ridge_minus_mean_normalized_rmse,-7.258500714285576e-05,dimensionless,"Paired row resample of the fixed 4,000 row test predictions."
paired_bootstrap,replicate_0760,macro,ridge_minus_mean_normalized_rmse,-4.4884073703232996e-05,dimensionless,"Paired row resample of the fixed 4,000 row test predictions."
paired_bootstrap,replicate_0761,macro,ridge_minus_mean_normalized_rmse,1.5251576837571612e-05,dimensionless,"Paired row resample of the fixed 4,000 row test predictions."
paired_bootstrap,replicate_0762,macro,ridge_minus_mean_normalized_rmse,1.479392054415385e-06,dimensionless,"Paired row resample of the fixed 4,000 row test predictions."
paired_bootstrap,replicate_0763,macro,ridge_minus_mean_normalized_rmse,-0.00010757357596141714,dimensionless,"Paired row resample of the fixed 4,000 row test predictions."
paired_bootstrap,replicate_0764,macro,ridge_minus_mean_normalized_rmse,-8.677114803629093e-05,dimensionless,"Paired row resample of the fixed 4,000 row test predictions."
paired_bootstrap,replicate_0765,macro,ridge_minus_mean_normalized_rmse,-1.0063049894981635e-05,dimensionless,"Paired row resample of the fixed 4,000 row test predictions."
paired_bootstrap,replicate_0766,macro,ridge_minus_mean_normalized_rmse,-3.5363779903097026e-05,dimensionless,"Paired row resample of the fixed 4,000 row test predictions."
paired_bootstrap,replicate_0767,macro,ridge_minus_mean_normalized_rmse,8.267885893142868e-07,dimensionless,"Paired row resample of the fixed 4,000 row test predictions."
paired_bootstrap,replicate_0768,macro,ridge_minus_mean_normalized_rmse,-2.300882413958094e-05,dimensionless,"Paired row resample of the fixed 4,000 row test predictions."
paired_bootstrap,replicate_0769,macro,ridge_minus_mean_normalized_rmse,-9.778502986718118e-05,dimensionless,"Paired row resample of the fixed 4,000 row test predictions."
paired_bootstrap,replicate_0770,macro,ridge_minus_mean_normalized_rmse,-3.184849545023738e-05,dimensionless,"Paired row resample of the fixed 4,000 row test predictions."
paired_bootstrap,replicate_0771,macro,ridge_minus_mean_normalized_rmse,-5.3572343300334335e-05,dimensionless,"Paired row resample of the fixed 4,000 row test predictions."
paired_bootstrap,replicate_0772,macro,ridge_minus_mean_normalized_rmse,-8.246414544665903e-05,dimensionless,"Paired row resample of the fixed 4,000 row test predictions."
paired_bootstrap,replicate_0773,macro,ridge_minus_mean_normalized_rmse,-3.364740030786795e-05,dimensionless,"Paired row resample of the fixed 4,000 row test predictions."
paired_bootstrap,replicate_0774,macro,ridge_minus_mean_normalized_rmse,-6.498978851865456e-05,dimensionless,"Paired row resample of the fixed 4,000 row test predictions."
paired_bootstrap,replicate_0775,macro,ridge_minus_mean_normalized_rmse,-3.600888365262733e-05,dimensionless,"Paired row resample of the fixed 4,000 row test predictions."
paired_bootstrap,replicate_0776,macro,ridge_minus_mean_normalized_rmse,9.291394923671703e-06,dimensionless,"Paired row resample of the fixed 4,000 row test predictions."
paired_bootstrap,replicate_0777,macro,ridge_minus_mean_normalized_rmse,2.490610489624956e-06,dimensionless,"Paired row resample of the fixed 4,000 row test predictions."
paired_bootstrap,replicate_0778,macro,ridge_minus_mean_normalized_rmse,5.910233152717215e-06,dimensionless,"Paired row resample of the fixed 4,000 row test predictions."
paired_bootstrap,replicate_0779,macro,ridge_minus_mean_normalized_rmse,-3.351478051871748e-05,dimensionless,"Paired row resample of the fixed 4,000 row test predictions."
paired_bootstrap,replicate_0780,macro,ridge_minus_mean_normalized_rmse,-2.2632296163838106e-05,dimensionless,"Paired row resample of the fixed 4,000 row test predictions."
paired_bootstrap,replicate_0781,macro,ridge_minus_mean_normalized_rmse,-1.577958860621287e-05,dimensionless,"Paired row resample of the fixed 4,000 row test predictions."
paired_bootstrap,replicate_0782,macro,ridge_minus_mean_normalized_rmse,-3.2360678999199255e-05,dimensionless,"Paired row resample of the fixed 4,000 row test predictions."
paired_bootstrap,replicate_0783,macro,ridge_minus_mean_normalized_rmse,-4.8154311035775166e-05,dimensionless,"Paired row resample of the fixed 4,000 row test predictions."
paired_bootstrap,replicate_0784,macro,ridge_minus_mean_normalized_rmse,-0.00010881571014953462,dimensionless,"Paired row resample of the fixed 4,000 row test predictions."
paired_bootstrap,replicate_0785,macro,ridge_minus_mean_normalized_rmse,-4.261552038031802e-06,dimensionless,"Paired row resample of the fixed 4,000 row test predictions."
paired_bootstrap,replicate_0786,macro,ridge_minus_mean_normalized_rmse,2.8732723809488103e-05,dimensionless,"Paired row resample of the fixed 4,000 row test predictions."
paired_bootstrap,replicate_0787,macro,ridge_minus_mean_normalized_rmse,-5.498797080671913e-05,dimensionless,"Paired row resample of the fixed 4,000 row test predictions."
paired_bootstrap,replicate_0788,macro,ridge_minus_mean_normalized_rmse,-0.0001300571791526539,dimensionless,"Paired row resample of the fixed 4,000 row test predictions."
paired_bootstrap,replicate_0789,macro,ridge_minus_mean_normalized_rmse,1.1439887418918104e-05,dimensionless,"Paired row resample of the fixed 4,000 row test predictions."
paired_bootstrap,replicate_0790,macro,ridge_minus_mean_normalized_rmse,-7.027857161545636e-05,dimensionless,"Paired row resample of the fixed 4,000 row test predictions."
paired_bootstrap,replicate_0791,macro,ridge_minus_mean_normalized_rmse,2.970603905261271e-05,dimensionless,"Paired row resample of the fixed 4,000 row test predictions."
paired_bootstrap,replicate_0792,macro,ridge_minus_mean_normalized_rmse,-1.251401131074914e-05,dimensionless,"Paired row resample of the fixed 4,000 row test predictions."
paired_bootstrap,replicate_0793,macro,ridge_minus_mean_normalized_rmse,-3.5545242156098666e-05,dimensionless,"Paired row resample of the fixed 4,000 row test predictions."
paired_bootstrap,replicate_0794,macro,ridge_minus_mean_normalized_rmse,-6.572064770915542e-05,dimensionless,"Paired row resample of the fixed 4,000 row test predictions."
paired_bootstrap,replicate_0795,macro,ridge_minus_mean_normalized_rmse,-1.9012245505989345e-05,dimensionless,"Paired row resample of the fixed 4,000 row test predictions."
paired_bootstrap,replicate_0796,macro,ridge_minus_mean_normalized_rmse,-1.2912778998785956e-05,dimensionless,"Paired row resample of the fixed 4,000 row test predictions."
paired_bootstrap,replicate_0797,macro,ridge_minus_mean_normalized_rmse,-0.00010070856877242296,dimensionless,"Paired row resample of the fixed 4,000 row test predictions."
paired_bootstrap,replicate_0798,macro,ridge_minus_mean_normalized_rmse,1.0180420680627744e-05,dimensionless,"Paired row resample of the fixed 4,000 row test predictions."
paired_bootstrap,replicate_0799,macro,ridge_minus_mean_normalized_rmse,-2.587446900192969e-05,dimensionless,"Paired row resample of the fixed 4,000 row test predictions."
paired_bootstrap,replicate_0800,macro,ridge_minus_mean_normalized_rmse,-6.223314353176468e-05,dimensionless,"Paired row resample of the fixed 4,000 row test predictions."
paired_bootstrap,replicate_0801,macro,ridge_minus_mean_normalized_rmse,-0.0001230823875307263,dimensionless,"Paired row resample of the fixed 4,000 row test predictions."
paired_bootstrap,replicate_0802,macro,ridge_minus_mean_normalized_rmse,-3.289408178863695e-05,dimensionless,"Paired row resample of the fixed 4,000 row test predictions."
paired_bootstrap,replicate_0803,macro,ridge_minus_mean_normalized_rmse,-3.04278055404672e-05,dimensionless,"Paired row resample of the fixed 4,000 row test predictions."
paired_bootstrap,replicate_0804,macro,ridge_minus_mean_normalized_rmse,-3.655040897648787e-05,dimensionless,"Paired row resample of the fixed 4,000 row test predictions."
paired_bootstrap,replicate_0805,macro,ridge_minus_mean_normalized_rmse,1.852931865053975e-05,dimensionless,"Paired row resample of the fixed 4,000 row test predictions."
paired_bootstrap,replicate_0806,macro,ridge_minus_mean_normalized_rmse,1.3073302625454808e-05,dimensionless,"Paired row resample of the fixed 4,000 row test predictions."
paired_bootstrap,replicate_0807,macro,ridge_minus_mean_normalized_rmse,-5.550893761840925e-05,dimensionless,"Paired row resample of the fixed 4,000 row test predictions."
paired_bootstrap,replicate_0808,macro,ridge_minus_mean_normalized_rmse,2.094546289022059e-06,dimensionless,"Paired row resample of the fixed 4,000 row test predictions."
paired_bootstrap,replicate_0809,macro,ridge_minus_mean_normalized_rmse,-8.12658270450961e-05,dimensionless,"Paired row resample of the fixed 4,000 row test predictions."
paired_bootstrap,replicate_0810,macro,ridge_minus_mean_normalized_rmse,-0.0001014701324772993,dimensionless,"Paired row resample of the fixed 4,000 row test predictions."
paired_bootstrap,replicate_0811,macro,ridge_minus_mean_normalized_rmse,6.369345555362615e-05,dimensionless,"Paired row resample of the fixed 4,000 row test predictions."
paired_bootstrap,replicate_0812,macro,ridge_minus_mean_normalized_rmse,6.75413571775696e-05,dimensionless,"Paired row resample of the fixed 4,000 row test predictions."
paired_bootstrap,replicate_0813,macro,ridge_minus_mean_normalized_rmse,-6.203771381896317e-05,dimensionless,"Paired row resample of the fixed 4,000 row test predictions."
paired_bootstrap,replicate_0814,macro,ridge_minus_mean_normalized_rmse,-6.377079660835339e-06,dimensionless,"Paired row resample of the fixed 4,000 row test predictions."
paired_bootstrap,replicate_0815,macro,ridge_minus_mean_normalized_rmse,-0.00011464184901888164,dimensionless,"Paired row resample of the fixed 4,000 row test predictions."
paired_bootstrap,replicate_0816,macro,ridge_minus_mean_normalized_rmse,-5.465845588409346e-05,dimensionless,"Paired row resample of the fixed 4,000 row test predictions."
paired_bootstrap,replicate_0817,macro,ridge_minus_mean_normalized_rmse,-7.640059786118147e-05,dimensionless,"Paired row resample of the fixed 4,000 row test predictions."
paired_bootstrap,replicate_0818,macro,ridge_minus_mean_normalized_rmse,2.6510906578791626e-05,dimensionless,"Paired row resample of the fixed 4,000 row test predictions."
paired_bootstrap,replicate_0819,macro,ridge_minus_mean_normalized_rmse,4.4590897267937635e-05,dimensionless,"Paired row resample of the fixed 4,000 row test predictions."
paired_bootstrap,replicate_0820,macro,ridge_minus_mean_normalized_rmse,3.077067881829265e-06,dimensionless,"Paired row resample of the fixed 4,000 row test predictions."
paired_bootstrap,replicate_0821,macro,ridge_minus_mean_normalized_rmse,2.7678001658593132e-05,dimensionless,"Paired row resample of the fixed 4,000 row test predictions."
paired_bootstrap,replicate_0822,macro,ridge_minus_mean_normalized_rmse,-7.45497507378956e-05,dimensionless,"Paired row resample of the fixed 4,000 row test predictions."
paired_bootstrap,replicate_0823,macro,ridge_minus_mean_normalized_rmse,-9.742498396692056e-06,dimensionless,"Paired row resample of the fixed 4,000 row test predictions."
paired_bootstrap,replicate_0824,macro,ridge_minus_mean_normalized_rmse,-6.35294456898805e-05,dimensionless,"Paired row resample of the fixed 4,000 row test predictions."
paired_bootstrap,replicate_0825,macro,ridge_minus_mean_normalized_rmse,-8.294972857036953e-06,dimensionless,"Paired row resample of the fixed 4,000 row test predictions."
paired_bootstrap,replicate_0826,macro,ridge_minus_mean_normalized_rmse,5.097190581782041e-06,dimensionless,"Paired row resample of the fixed 4,000 row test predictions."
paired_bootstrap,replicate_0827,macro,ridge_minus_mean_normalized_rmse,3.967984754810194e-05,dimensionless,"Paired row resample of the fixed 4,000 row test predictions."
paired_bootstrap,replicate_0828,macro,ridge_minus_mean_normalized_rmse,-5.401417318495749e-05,dimensionless,"Paired row resample of the fixed 4,000 row test predictions."
paired_bootstrap,replicate_0829,macro,ridge_minus_mean_normalized_rmse,3.9673624661062945e-06,dimensionless,"Paired row resample of the fixed 4,000 row test predictions."
paired_bootstrap,replicate_0830,macro,ridge_minus_mean_normalized_rmse,2.7782078780014263e-05,dimensionless,"Paired row resample of the fixed 4,000 row test predictions."
paired_bootstrap,replicate_0831,macro,ridge_minus_mean_normalized_rmse,-6.0510405881841756e-05,dimensionless,"Paired row resample of the fixed 4,000 row test predictions."
paired_bootstrap,replicate_0832,macro,ridge_minus_mean_normalized_rmse,3.534973032903732e-05,dimensionless,"Paired row resample of the fixed 4,000 row test predictions."
paired_bootstrap,replicate_0833,macro,ridge_minus_mean_normalized_rmse,-2.0684539248028155e-05,dimensionless,"Paired row resample of the fixed 4,000 row test predictions."
paired_bootstrap,replicate_0834,macro,ridge_minus_mean_normalized_rmse,2.0161316786504457e-05,dimensionless,"Paired row resample of the fixed 4,000 row test predictions."
paired_bootstrap,replicate_0835,macro,ridge_minus_mean_normalized_rmse,-4.536542972238822e-05,dimensionless,"Paired row resample of the fixed 4,000 row test predictions."
paired_bootstrap,replicate_0836,macro,ridge_minus_mean_normalized_rmse,-6.772748504557669e-05,dimensionless,"Paired row resample of the fixed 4,000 row test predictions."
paired_bootstrap,replicate_0837,macro,ridge_minus_mean_normalized_rmse,-0.00015048444428811258,dimensionless,"Paired row resample of the fixed 4,000 row test predictions."
paired_bootstrap,replicate_0838,macro,ridge_minus_mean_normalized_rmse,-6.648115292301471e-05,dimensionless,"Paired row resample of the fixed 4,000 row test predictions."
paired_bootstrap,replicate_0839,macro,ridge_minus_mean_normalized_rmse,0.0001115698370647289,dimensionless,"Paired row resample of the fixed 4,000 row test predictions."
paired_bootstrap,replicate_0840,macro,ridge_minus_mean_normalized_rmse,-2.1723972911780187e-05,dimensionless,"Paired row resample of the fixed 4,000 row test predictions."
paired_bootstrap,replicate_0841,macro,ridge_minus_mean_normalized_rmse,-4.713066188766213e-06,dimensionless,"Paired row resample of the fixed 4,000 row test predictions."
paired_bootstrap,replicate_0842,macro,ridge_minus_mean_normalized_rmse,7.641191387847135e-05,dimensionless,"Paired row resample of the fixed 4,000 row test predictions."
paired_bootstrap,replicate_0843,macro,ridge_minus_mean_normalized_rmse,-5.914289113195803e-05,dimensionless,"Paired row resample of the fixed 4,000 row test predictions."
paired_bootstrap,replicate_0844,macro,ridge_minus_mean_normalized_rmse,-8.65740753816513e-05,dimensionless,"Paired row resample of the fixed 4,000 row test predictions."
paired_bootstrap,replicate_0845,macro,ridge_minus_mean_normalized_rmse,6.275212997897128e-06,dimensionless,"Paired row resample of the fixed 4,000 row test predictions."
paired_bootstrap,replicate_0846,macro,ridge_minus_mean_normalized_rmse,-8.234734216838735e-05,dimensionless,"Paired row resample of the fixed 4,000 row test predictions."
paired_bootstrap,replicate_0847,macro,ridge_minus_mean_normalized_rmse,8.552090502284004e-05,dimensionless,"Paired row resample of the fixed 4,000 row test predictions."
paired_bootstrap,replicate_0848,macro,ridge_minus_mean_normalized_rmse,2.3361114994235876e-05,dimensionless,"Paired row resample of the fixed 4,000 row test predictions."
paired_bootstrap,replicate_0849,macro,ridge_minus_mean_normalized_rmse,-7.662895088983435e-05,dimensionless,"Paired row resample of the fixed 4,000 row test predictions."
paired_bootstrap,replicate_0850,macro,ridge_minus_mean_normalized_rmse,2.879509579067907e-05,dimensionless,"Paired row resample of the fixed 4,000 row test predictions."
paired_bootstrap,replicate_0851,macro,ridge_minus_mean_normalized_rmse,-0.00011444309960340071,dimensionless,"Paired row resample of the fixed 4,000 row test predictions."
paired_bootstrap,replicate_0852,macro,ridge_minus_mean_normalized_rmse,-6.494062851908344e-05,dimensionless,"Paired row resample of the fixed 4,000 row test predictions."
paired_bootstrap,replicate_0853,macro,ridge_minus_mean_normalized_rmse,1.1211882549044816e-05,dimensionless,"Paired row resample of the fixed 4,000 row test predictions."
paired_bootstrap,replicate_0854,macro,ridge_minus_mean_normalized_rmse,-3.5111035779744615e-05,dimensionless,"Paired row resample of the fixed 4,000 row test predictions."
paired_bootstrap,replicate_0855,macro,ridge_minus_mean_normalized_rmse,-2.7735912729864864e-05,dimensionless,"Paired row resample of the fixed 4,000 row test predictions."
paired_bootstrap,replicate_0856,macro,ridge_minus_mean_normalized_rmse,-6.501612204012908e-05,dimensionless,"Paired row resample of the fixed 4,000 row test predictions."
paired_bootstrap,replicate_0857,macro,ridge_minus_mean_normalized_rmse,-4.291738150918878e-06,dimensionless,"Paired row resample of the fixed 4,000 row test predictions."
paired_bootstrap,replicate_0858,macro,ridge_minus_mean_normalized_rmse,3.1462633605428e-05,dimensionless,"Paired row resample of the fixed 4,000 row test predictions."
paired_bootstrap,replicate_0859,macro,ridge_minus_mean_normalized_rmse,-5.634428324341467e-05,dimensionless,"Paired row resample of the fixed 4,000 row test predictions."
paired_bootstrap,replicate_0860,macro,ridge_minus_mean_normalized_rmse,-0.00016835690069116893,dimensionless,"Paired row resample of the fixed 4,000 row test predictions."
paired_bootstrap,replicate_0861,macro,ridge_minus_mean_normalized_rmse,3.366892728728921e-05,dimensionless,"Paired row resample of the fixed 4,000 row test predictions."
paired_bootstrap,replicate_0862,macro,ridge_minus_mean_normalized_rmse,-3.674153584393158e-05,dimensionless,"Paired row resample of the fixed 4,000 row test predictions."
paired_bootstrap,replicate_0863,macro,ridge_minus_mean_normalized_rmse,-5.8532302420866156e-05,dimensionless,"Paired row resample of the fixed 4,000 row test predictions."
paired_bootstrap,replicate_0864,macro,ridge_minus_mean_normalized_rmse,-9.593853298617283e-05,dimensionless,"Paired row resample of the fixed 4,000 row test predictions."
paired_bootstrap,replicate_0865,macro,ridge_minus_mean_normalized_rmse,-8.542594095606315e-05,dimensionless,"Paired row resample of the fixed 4,000 row test predictions."
paired_bootstrap,replicate_0866,macro,ridge_minus_mean_normalized_rmse,-0.00020588635841634062,dimensionless,"Paired row resample of the fixed 4,000 row test predictions."
paired_bootstrap,replicate_0867,macro,ridge_minus_mean_normalized_rmse,-2.1932851862804803e-05,dimensionless,"Paired row resample of the fixed 4,000 row test predictions."
paired_bootstrap,replicate_0868,macro,ridge_minus_mean_normalized_rmse,2.8520025197376064e-05,dimensionless,"Paired row resample of the fixed 4,000 row test predictions."
paired_bootstrap,replicate_0869,macro,ridge_minus_mean_normalized_rmse,-5.5106586867803564e-05,dimensionless,"Paired row resample of the fixed 4,000 row test predictions."
paired_bootstrap,replicate_0870,macro,ridge_minus_mean_normalized_rmse,1.1179252130233408e-05,dimensionless,"Paired row resample of the fixed 4,000 row test predictions."
paired_bootstrap,replicate_0871,macro,ridge_minus_mean_normalized_rmse,-2.975055435827656e-05,dimensionless,"Paired row resample of the fixed 4,000 row test predictions."
paired_bootstrap,replicate_0872,macro,ridge_minus_mean_normalized_rmse,-8.440996564851311e-05,dimensionless,"Paired row resample of the fixed 4,000 row test predictions."
paired_bootstrap,replicate_0873,macro,ridge_minus_mean_normalized_rmse,-3.1664041432621914e-05,dimensionless,"Paired row resample of the fixed 4,000 row test predictions."
paired_bootstrap,replicate_0874,macro,ridge_minus_mean_normalized_rmse,-1.3677777499054855e-05,dimensionless,"Paired row resample of the fixed 4,000 row test predictions."
paired_bootstrap,replicate_0875,macro,ridge_minus_mean_normalized_rmse,4.149098313666055e-05,dimensionless,"Paired row resample of the fixed 4,000 row test predictions."
paired_bootstrap,replicate_0876,macro,ridge_minus_mean_normalized_rmse,-0.00012917979792242962,dimensionless,"Paired row resample of the fixed 4,000 row test predictions."
paired_bootstrap,replicate_0877,macro,ridge_minus_mean_normalized_rmse,3.522814721629297e-05,dimensionless,"Paired row resample of the fixed 4,000 row test predictions."
paired_bootstrap,replicate_0878,macro,ridge_minus_mean_normalized_rmse,-7.155325466234874e-05,dimensionless,"Paired row resample of the fixed 4,000 row test predictions."
paired_bootstrap,replicate_0879,macro,ridge_minus_mean_normalized_rmse,-7.631175356420661e-05,dimensionless,"Paired row resample of the fixed 4,000 row test predictions."
paired_bootstrap,replicate_0880,macro,ridge_minus_mean_normalized_rmse,-2.87794059000146e-05,dimensionless,"Paired row resample of the fixed 4,000 row test predictions."
paired_bootstrap,replicate_0881,macro,ridge_minus_mean_normalized_rmse,-2.1679659093554182e-05,dimensionless,"Paired row resample of the fixed 4,000 row test predictions."
paired_bootstrap,replicate_0882,macro,ridge_minus_mean_normalized_rmse,7.479902577378628e-06,dimensionless,"Paired row resample of the fixed 4,000 row test predictions."
paired_bootstrap,replicate_0883,macro,ridge_minus_mean_normalized_rmse,5.2131612556460816e-05,dimensionless,"Paired row resample of the fixed 4,000 row test predictions."
paired_bootstrap,replicate_0884,macro,ridge_minus_mean_normalized_rmse,-5.459318587353046e-05,dimensionless,"Paired row resample of the fixed 4,000 row test predictions."
paired_bootstrap,replicate_0885,macro,ridge_minus_mean_normalized_rmse,3.542268816919547e-05,dimensionless,"Paired row resample of the fixed 4,000 row test predictions."
paired_bootstrap,replicate_0886,macro,ridge_minus_mean_normalized_rmse,5.0703045177125095e-05,dimensionless,"Paired row resample of the fixed 4,000 row test predictions."
paired_bootstrap,replicate_0887,macro,ridge_minus_mean_normalized_rmse,-2.6144858244481206e-05,dimensionless,"Paired row resample of the fixed 4,000 row test predictions."
paired_bootstrap,replicate_0888,macro,ridge_minus_mean_normalized_rmse,-7.059838958434206e-05,dimensionless,"Paired row resample of the fixed 4,000 row test predictions."
paired_bootstrap,replicate_0889,macro,ridge_minus_mean_normalized_rmse,-4.541555055509461e-05,dimensionless,"Paired row resample of the fixed 4,000 row test predictions."
paired_bootstrap,replicate_0890,macro,ridge_minus_mean_normalized_rmse,-5.982146056449089e-05,dimensionless,"Paired row resample of the fixed 4,000 row test predictions."
paired_bootstrap,replicate_0891,macro,ridge_minus_mean_normalized_rmse,-5.542605710445736e-05,dimensionless,"Paired row resample of the fixed 4,000 row test predictions."
paired_bootstrap,replicate_0892,macro,ridge_minus_mean_normalized_rmse,3.5887085279573405e-05,dimensionless,"Paired row resample of the fixed 4,000 row test predictions."
paired_bootstrap,replicate_0893,macro,ridge_minus_mean_normalized_rmse,-6.14970278707827e-05,dimensionless,"Paired row resample of the fixed 4,000 row test predictions."
paired_bootstrap,replicate_0894,macro,ridge_minus_mean_normalized_rmse,0.00010836194113550413,dimensionless,"Paired row resample of the fixed 4,000 row test predictions."
paired_bootstrap,replicate_0895,macro,ridge_minus_mean_normalized_rmse,8.13578128722181e-06,dimensionless,"Paired row resample of the fixed 4,000 row test predictions."
paired_bootstrap,replicate_0896,macro,ridge_minus_mean_normalized_rmse,-9.367409682481398e-05,dimensionless,"Paired row resample of the fixed 4,000 row test predictions."
paired_bootstrap,replicate_0897,macro,ridge_minus_mean_normalized_rmse,-4.9279283841408006e-05,dimensionless,"Paired row resample of the fixed 4,000 row test predictions."
paired_bootstrap,replicate_0898,macro,ridge_minus_mean_normalized_rmse,-5.985981696265963e-05,dimensionless,"Paired row resample of the fixed 4,000 row test predictions."
paired_bootstrap,replicate_0899,macro,ridge_minus_mean_normalized_rmse,-3.3252011577278306e-05,dimensionless,"Paired row resample of the fixed 4,000 row test predictions."
paired_bootstrap,replicate_0900,macro,ridge_minus_mean_normalized_rmse,-0.00012268931701320263,dimensionless,"Paired row resample of the fixed 4,000 row test predictions."
paired_bootstrap,replicate_0901,macro,ridge_minus_mean_normalized_rmse,4.631942367716579e-06,dimensionless,"Paired row resample of the fixed 4,000 row test predictions."
paired_bootstrap,replicate_0902,macro,ridge_minus_mean_normalized_rmse,7.973847707026804e-05,dimensionless,"Paired row resample of the fixed 4,000 row test predictions."
paired_bootstrap,replicate_0903,macro,ridge_minus_mean_normalized_rmse,-7.90371526974698e-05,dimensionless,"Paired row resample of the fixed 4,000 row test predictions."
paired_bootstrap,replicate_0904,macro,ridge_minus_mean_normalized_rmse,2.8570768088209686e-05,dimensionless,"Paired row resample of the fixed 4,000 row test predictions."
paired_bootstrap,replicate_0905,macro,ridge_minus_mean_normalized_rmse,-6.899187227960013e-05,dimensionless,"Paired row resample of the fixed 4,000 row test predictions."
paired_bootstrap,replicate_0906,macro,ridge_minus_mean_normalized_rmse,-9.10228663768553e-05,dimensionless,"Paired row resample of the fixed 4,000 row test predictions."
paired_bootstrap,replicate_0907,macro,ridge_minus_mean_normalized_rmse,-5.065645480734071e-05,dimensionless,"Paired row resample of the fixed 4,000 row test predictions."
paired_bootstrap,replicate_0908,macro,ridge_minus_mean_normalized_rmse,-2.9378147001435373e-05,dimensionless,"Paired row resample of the fixed 4,000 row test predictions."
paired_bootstrap,replicate_0909,macro,ridge_minus_mean_normalized_rmse,-0.00010351540861253117,dimensionless,"Paired row resample of the fixed 4,000 row test predictions."
paired_bootstrap,replicate_0910,macro,ridge_minus_mean_normalized_rmse,3.614600722134931e-05,dimensionless,"Paired row resample of the fixed 4,000 row test predictions."
paired_bootstrap,replicate_0911,macro,ridge_minus_mean_normalized_rmse,9.548695044880873e-06,dimensionless,"Paired row resample of the fixed 4,000 row test predictions."
paired_bootstrap,replicate_0912,macro,ridge_minus_mean_normalized_rmse,-0.0001314912420333214,dimensionless,"Paired row resample of the fixed 4,000 row test predictions."
paired_bootstrap,replicate_0913,macro,ridge_minus_mean_normalized_rmse,4.5521866222697493e-05,dimensionless,"Paired row resample of the fixed 4,000 row test predictions."
paired_bootstrap,replicate_0914,macro,ridge_minus_mean_normalized_rmse,1.6150170822293308e-05,dimensionless,"Paired row resample of the fixed 4,000 row test predictions."
paired_bootstrap,replicate_0915,macro,ridge_minus_mean_normalized_rmse,-4.887781699081106e-05,dimensionless,"Paired row resample of the fixed 4,000 row test predictions."
paired_bootstrap,replicate_0916,macro,ridge_minus_mean_normalized_rmse,-4.416137607310411e-05,dimensionless,"Paired row resample of the fixed 4,000 row test predictions."
paired_bootstrap,replicate_0917,macro,ridge_minus_mean_normalized_rmse,-1.138823900420638e-05,dimensionless,"Paired row resample of the fixed 4,000 row test predictions."
paired_bootstrap,replicate_0918,macro,ridge_minus_mean_normalized_rmse,3.3784334968922636e-05,dimensionless,"Paired row resample of the fixed 4,000 row test predictions."
paired_bootstrap,replicate_0919,macro,ridge_minus_mean_normalized_rmse,-2.195524373943547e-05,dimensionless,"Paired row resample of the fixed 4,000 row test predictions."
paired_bootstrap,replicate_0920,macro,ridge_minus_mean_normalized_rmse,-7.406618426875067e-05,dimensionless,"Paired row resample of the fixed 4,000 row test predictions."
paired_bootstrap,replicate_0921,macro,ridge_minus_mean_normalized_rmse,-2.7830476877710453e-05,dimensionless,"Paired row resample of the fixed 4,000 row test predictions."
paired_bootstrap,replicate_0922,macro,ridge_minus_mean_normalized_rmse,6.008454956824005e-05,dimensionless,"Paired row resample of the fixed 4,000 row test predictions."
paired_bootstrap,replicate_0923,macro,ridge_minus_mean_normalized_rmse,2.630122379720934e-06,dimensionless,"Paired row resample of the fixed 4,000 row test predictions."
paired_bootstrap,replicate_0924,macro,ridge_minus_mean_normalized_rmse,-6.458269794190619e-05,dimensionless,"Paired row resample of the fixed 4,000 row test predictions."
paired_bootstrap,replicate_0925,macro,ridge_minus_mean_normalized_rmse,1.763953360245374e-05,dimensionless,"Paired row resample of the fixed 4,000 row test predictions."
paired_bootstrap,replicate_0926,macro,ridge_minus_mean_normalized_rmse,5.1102790742607596e-05,dimensionless,"Paired row resample of the fixed 4,000 row test predictions."
paired_bootstrap,replicate_0927,macro,ridge_minus_mean_normalized_rmse,3.634706399546772e-05,dimensionless,"Paired row resample of the fixed 4,000 row test predictions."
paired_bootstrap,replicate_0928,macro,ridge_minus_mean_normalized_rmse,-8.991402371172352e-05,dimensionless,"Paired row resample of the fixed 4,000 row test predictions."
paired_bootstrap,replicate_0929,macro,ridge_minus_mean_normalized_rmse,-8.63946570412999e-05,dimensionless,"Paired row resample of the fixed 4,000 row test predictions."
paired_bootstrap,replicate_0930,macro,ridge_minus_mean_normalized_rmse,8.35526610815096e-06,dimensionless,"Paired row resample of the fixed 4,000 row test predictions."
paired_bootstrap,replicate_0931,macro,ridge_minus_mean_normalized_rmse,5.506202720995113e-07,dimensionless,"Paired row resample of the fixed 4,000 row test predictions."
paired_bootstrap,replicate_0932,macro,ridge_minus_mean_normalized_rmse,3.101330927207657e-05,dimensionless,"Paired row resample of the fixed 4,000 row test predictions."
paired_bootstrap,replicate_0933,macro,ridge_minus_mean_normalized_rmse,0.00013899334928968443,dimensionless,"Paired row resample of the fixed 4,000 row test predictions."
paired_bootstrap,replicate_0934,macro,ridge_minus_mean_normalized_rmse,3.447124757482989e-05,dimensionless,"Paired row resample of the fixed 4,000 row test predictions."
paired_bootstrap,replicate_0935,macro,ridge_minus_mean_normalized_rmse,-6.658300372608394e-05,dimensionless,"Paired row resample of the fixed 4,000 row test predictions."
paired_bootstrap,replicate_0936,macro,ridge_minus_mean_normalized_rmse,-8.474697512650398e-05,dimensionless,"Paired row resample of the fixed 4,000 row test predictions."
paired_bootstrap,replicate_0937,macro,ridge_minus_mean_normalized_rmse,-5.299794173685424e-06,dimensionless,"Paired row resample of the fixed 4,000 row test predictions."
paired_bootstrap,replicate_0938,macro,ridge_minus_mean_normalized_rmse,-3.357223860628311e-05,dimensionless,"Paired row resample of the fixed 4,000 row test predictions."
paired_bootstrap,replicate_0939,macro,ridge_minus_mean_normalized_rmse,-4.406441937659933e-05,dimensionless,"Paired row resample of the fixed 4,000 row test predictions."
paired_bootstrap,replicate_0940,macro,ridge_minus_mean_normalized_rmse,-0.00012453345407054117,dimensionless,"Paired row resample of the fixed 4,000 row test predictions."
paired_bootstrap,replicate_0941,macro,ridge_minus_mean_normalized_rmse,-4.2212589192403005e-05,dimensionless,"Paired row resample of the fixed 4,000 row test predictions."
paired_bootstrap,replicate_0942,macro,ridge_minus_mean_normalized_rmse,1.9582459525602225e-05,dimensionless,"Paired row resample of the fixed 4,000 row test predictions."
paired_bootstrap,replicate_0943,macro,ridge_minus_mean_normalized_rmse,-4.5136808127788086e-05,dimensionless,"Paired row resample of the fixed 4,000 row test predictions."
paired_bootstrap,replicate_0944,macro,ridge_minus_mean_normalized_rmse,-3.6606621208357115e-05,dimensionless,"Paired row resample of the fixed 4,000 row test predictions."
paired_bootstrap,replicate_0945,macro,ridge_minus_mean_normalized_rmse,2.1093595144794364e-05,dimensionless,"Paired row resample of the fixed 4,000 row test predictions."
paired_bootstrap,replicate_0946,macro,ridge_minus_mean_normalized_rmse,7.458285643463514e-05,dimensionless,"Paired row resample of the fixed 4,000 row test predictions."
paired_bootstrap,replicate_0947,macro,ridge_minus_mean_normalized_rmse,-0.00015505679178118292,dimensionless,"Paired row resample of the fixed 4,000 row test predictions."
paired_bootstrap,replicate_0948,macro,ridge_minus_mean_normalized_rmse,-8.238801923632355e-05,dimensionless,"Paired row resample of the fixed 4,000 row test predictions."
paired_bootstrap,replicate_0949,macro,ridge_minus_mean_normalized_rmse,-3.993323857814923e-05,dimensionless,"Paired row resample of the fixed 4,000 row test predictions."
paired_bootstrap,replicate_0950,macro,ridge_minus_mean_normalized_rmse,-0.0001448586711574329,dimensionless,"Paired row resample of the fixed 4,000 row test predictions."
paired_bootstrap,replicate_0951,macro,ridge_minus_mean_normalized_rmse,-3.877982017302939e-05,dimensionless,"Paired row resample of the fixed 4,000 row test predictions."
paired_bootstrap,replicate_0952,macro,ridge_minus_mean_normalized_rmse,-5.7258774307622495e-05,dimensionless,"Paired row resample of the fixed 4,000 row test predictions."
paired_bootstrap,replicate_0953,macro,ridge_minus_mean_normalized_rmse,-3.4215218794542146e-05,dimensionless,"Paired row resample of the fixed 4,000 row test predictions."
paired_bootstrap,replicate_0954,macro,ridge_minus_mean_normalized_rmse,-4.496454735591904e-05,dimensionless,"Paired row resample of the fixed 4,000 row test predictions."
paired_bootstrap,replicate_0955,macro,ridge_minus_mean_normalized_rmse,-0.00010549510800778039,dimensionless,"Paired row resample of the fixed 4,000 row test predictions."
paired_bootstrap,replicate_0956,macro,ridge_minus_mean_normalized_rmse,-1.692401990727177e-05,dimensionless,"Paired row resample of the fixed 4,000 row test predictions."
paired_bootstrap,replicate_0957,macro,ridge_minus_mean_normalized_rmse,-0.00010899389520441227,dimensionless,"Paired row resample of the fixed 4,000 row test predictions."
paired_bootstrap,replicate_0958,macro,ridge_minus_mean_normalized_rmse,-5.116297203405784e-05,dimensionless,"Paired row resample of the fixed 4,000 row test predictions."
paired_bootstrap,replicate_0959,macro,ridge_minus_mean_normalized_rmse,-0.00011209058849265263,dimensionless,"Paired row resample of the fixed 4,000 row test predictions."
paired_bootstrap,replicate_0960,macro,ridge_minus_mean_normalized_rmse,-4.684718963421375e-05,dimensionless,"Paired row resample of the fixed 4,000 row test predictions."
paired_bootstrap,replicate_0961,macro,ridge_minus_mean_normalized_rmse,-8.655871541485283e-05,dimensionless,"Paired row resample of the fixed 4,000 row test predictions."
paired_bootstrap,replicate_0962,macro,ridge_minus_mean_normalized_rmse,4.583912339373164e-05,dimensionless,"Paired row resample of the fixed 4,000 row test predictions."
paired_bootstrap,replicate_0963,macro,ridge_minus_mean_normalized_rmse,-5.880495535787178e-05,dimensionless,"Paired row resample of the fixed 4,000 row test predictions."
paired_bootstrap,replicate_0964,macro,ridge_minus_mean_normalized_rmse,2.4380041080684922e-05,dimensionless,"Paired row resample of the fixed 4,000 row test predictions."
paired_bootstrap,replicate_0965,macro,ridge_minus_mean_normalized_rmse,-7.88241676134005e-05,dimensionless,"Paired row resample of the fixed 4,000 row test predictions."
paired_bootstrap,replicate_0966,macro,ridge_minus_mean_normalized_rmse,-2.8767515908634245e-05,dimensionless,"Paired row resample of the fixed 4,000 row test predictions."
paired_bootstrap,replicate_0967,macro,ridge_minus_mean_normalized_rmse,-5.697973252249966e-05,dimensionless,"Paired row resample of the fixed 4,000 row test predictions."
paired_bootstrap,replicate_0968,macro,ridge_minus_mean_normalized_rmse,4.130159670934219e-06,dimensionless,"Paired row resample of the fixed 4,000 row test predictions."
paired_bootstrap,replicate_0969,macro,ridge_minus_mean_normalized_rmse,-3.984720425698196e-05,dimensionless,"Paired row resample of the fixed 4,000 row test predictions."
paired_bootstrap,replicate_0970,macro,ridge_minus_mean_normalized_rmse,1.4099637036690815e-05,dimensionless,"Paired row resample of the fixed 4,000 row test predictions."
paired_bootstrap,replicate_0971,macro,ridge_minus_mean_normalized_rmse,-9.018638110719346e-05,dimensionless,"Paired row resample of the fixed 4,000 row test predictions."
paired_bootstrap,replicate_0972,macro,ridge_minus_mean_normalized_rmse,-2.3902594683822276e-05,dimensionless,"Paired row resample of the fixed 4,000 row test predictions."
paired_bootstrap,replicate_0973,macro,ridge_minus_mean_normalized_rmse,2.5535108157503927e-05,dimensionless,"Paired row resample of the fixed 4,000 row test predictions."
paired_bootstrap,replicate_0974,macro,ridge_minus_mean_normalized_rmse,-7.439833844785637e-05,dimensionless,"Paired row resample of the fixed 4,000 row test predictions."
paired_bootstrap,replicate_0975,macro,ridge_minus_mean_normalized_rmse,-7.234781379750199e-05,dimensionless,"Paired row resample of the fixed 4,000 row test predictions."
paired_bootstrap,replicate_0976,macro,ridge_minus_mean_normalized_rmse,-2.7206785078726092e-05,dimensionless,"Paired row resample of the fixed 4,000 row test predictions."
paired_bootstrap,replicate_0977,macro,ridge_minus_mean_normalized_rmse,-4.440464810029354e-05,dimensionless,"Paired row resample of the fixed 4,000 row test predictions."
paired_bootstrap,replicate_0978,macro,ridge_minus_mean_normalized_rmse,-3.4008365956350595e-05,dimensionless,"Paired row resample of the fixed 4,000 row test predictions."
paired_bootstrap,replicate_0979,macro,ridge_minus_mean_normalized_rmse,-3.68208947371107e-05,dimensionless,"Paired row resample of the fixed 4,000 row test predictions."
paired_bootstrap,replicate_0980,macro,ridge_minus_mean_normalized_rmse,-5.7416366892437676e-05,dimensionless,"Paired row resample of the fixed 4,000 row test predictions."
paired_bootstrap,replicate_0981,macro,ridge_minus_mean_normalized_rmse,4.795177524535843e-05,dimensionless,"Paired row resample of the fixed 4,000 row test predictions."
paired_bootstrap,replicate_0982,macro,ridge_minus_mean_normalized_rmse,-2.5726613386178876e-05,dimensionless,"Paired row resample of the fixed 4,000 row test predictions."
paired_bootstrap,replicate_0983,macro,ridge_minus_mean_normalized_rmse,1.3963974660857748e-05,dimensionless,"Paired row resample of the fixed 4,000 row test predictions."
paired_bootstrap,replicate_0984,macro,ridge_minus_mean_normalized_rmse,-6.804934952897579e-05,dimensionless,"Paired row resample of the fixed 4,000 row test predictions."
paired_bootstrap,replicate_0985,macro,ridge_minus_mean_normalized_rmse,4.868160185028669e-05,dimensionless,"Paired row resample of the fixed 4,000 row test predictions."
paired_bootstrap,replicate_0986,macro,ridge_minus_mean_normalized_rmse,-3.5172004519967714e-06,dimensionless,"Paired row resample of the fixed 4,000 row test predictions."
paired_bootstrap,replicate_0987,macro,ridge_minus_mean_normalized_rmse,5.970742189997935e-06,dimensionless,"Paired row resample of the fixed 4,000 row test predictions."
paired_bootstrap,replicate_0988,macro,ridge_minus_mean_normalized_rmse,-3.239689683459668e-05,dimensionless,"Paired row resample of the fixed 4,000 row test predictions."
paired_bootstrap,replicate_0989,macro,ridge_minus_mean_normalized_rmse,-0.00012098318204889491,dimensionless,"Paired row resample of the fixed 4,000 row test predictions."
paired_bootstrap,replicate_0990,macro,ridge_minus_mean_normalized_rmse,-6.062105610360469e-05,dimensionless,"Paired row resample of the fixed 4,000 row test predictions."
paired_bootstrap,replicate_0991,macro,ridge_minus_mean_normalized_rmse,6.099772277945448e-06,dimensionless,"Paired row resample of the fixed 4,000 row test predictions."
paired_bootstrap,replicate_0992,macro,ridge_minus_mean_normalized_rmse,-5.664207548078393e-05,dimensionless,"Paired row resample of the fixed 4,000 row test predictions."
paired_bootstrap,replicate_0993,macro,ridge_minus_mean_normalized_rmse,-6.95472698588051e-05,dimensionless,"Paired row resample of the fixed 4,000 row test predictions."
paired_bootstrap,replicate_0994,macro,ridge_minus_mean_normalized_rmse,-4.751619439213872e-05,dimensionless,"Paired row resample of the fixed 4,000 row test predictions."
paired_bootstrap,replicate_0995,macro,ridge_minus_mean_normalized_rmse,-5.82378782142956e-05,dimensionless,"Paired row resample of the fixed 4,000 row test predictions."
paired_bootstrap,replicate_0996,macro,ridge_minus_mean_normalized_rmse,-7.926519045953206e-05,dimensionless,"Paired row resample of the fixed 4,000 row test predictions."
paired_bootstrap,replicate_0997,macro,ridge_minus_mean_normalized_rmse,-8.852571380091323e-05,dimensionless,"Paired row resample of the fixed 4,000 row test predictions."
paired_bootstrap,replicate_0998,macro,ridge_minus_mean_normalized_rmse,0.00010110318273398589,dimensionless,"Paired row resample of the fixed 4,000 row test predictions."
paired_bootstrap,replicate_0999,macro,ridge_minus_mean_normalized_rmse,-8.11646099666552e-05,dimensionless,"Paired row resample of the fixed 4,000 row test predictions."
paired_bootstrap,replicate_1000,macro,ridge_minus_mean_normalized_rmse,0.00012879627931705606,dimensionless,"Paired row resample of the fixed 4,000 row test predictions."
paired_bootstrap,replicate_1001,macro,ridge_minus_mean_normalized_rmse,6.520564811379748e-05,dimensionless,"Paired row resample of the fixed 4,000 row test predictions."
paired_bootstrap,replicate_1002,macro,ridge_minus_mean_normalized_rmse,-9.204570823695413e-05,dimensionless,"Paired row resample of the fixed 4,000 row test predictions."
paired_bootstrap,replicate_1003,macro,ridge_minus_mean_normalized_rmse,-6.825936158150192e-05,dimensionless,"Paired row resample of the fixed 4,000 row test predictions."
paired_bootstrap,replicate_1004,macro,ridge_minus_mean_normalized_rmse,1.3005900102447399e-06,dimensionless,"Paired row resample of the fixed 4,000 row test predictions."
paired_bootstrap,replicate_1005,macro,ridge_minus_mean_normalized_rmse,-8.81117440723056e-05,dimensionless,"Paired row resample of the fixed 4,000 row test predictions."
paired_bootstrap,replicate_1006,macro,ridge_minus_mean_normalized_rmse,-2.2288487818100666e-05,dimensionless,"Paired row resample of the fixed 4,000 row test predictions."
paired_bootstrap,replicate_1007,macro,ridge_minus_mean_normalized_rmse,-2.8677553912892506e-05,dimensionless,"Paired row resample of the fixed 4,000 row test predictions."
paired_bootstrap,replicate_1008,macro,ridge_minus_mean_normalized_rmse,8.175102355623132e-06,dimensionless,"Paired row resample of the fixed 4,000 row test predictions."
paired_bootstrap,replicate_1009,macro,ridge_minus_mean_normalized_rmse,-1.6404342989218e-05,dimensionless,"Paired row resample of the fixed 4,000 row test predictions."
paired_bootstrap,replicate_1010,macro,ridge_minus_mean_normalized_rmse,-8.03310224800069e-05,dimensionless,"Paired row resample of the fixed 4,000 row test predictions."
paired_bootstrap,replicate_1011,macro,ridge_minus_mean_normalized_rmse,2.2255006104809905e-05,dimensionless,"Paired row resample of the fixed 4,000 row test predictions."
paired_bootstrap,replicate_1012,macro,ridge_minus_mean_normalized_rmse,-4.2566627936113655e-05,dimensionless,"Paired row resample of the fixed 4,000 row test predictions."
paired_bootstrap,replicate_1013,macro,ridge_minus_mean_normalized_rmse,-9.213825785037155e-05,dimensionless,"Paired row resample of the fixed 4,000 row test predictions."
paired_bootstrap,replicate_1014,macro,ridge_minus_mean_normalized_rmse,-4.345575482489483e-05,dimensionless,"Paired row resample of the fixed 4,000 row test predictions."
paired_bootstrap,replicate_1015,macro,ridge_minus_mean_normalized_rmse,-0.0001269041275631655,dimensionless,"Paired row resample of the fixed 4,000 row test predictions."
paired_bootstrap,replicate_1016,macro,ridge_minus_mean_normalized_rmse,-2.8639733948954138e-05,dimensionless,"Paired row resample of the fixed 4,000 row test predictions."
paired_bootstrap,replicate_1017,macro,ridge_minus_mean_normalized_rmse,-4.0658975242857665e-05,dimensionless,"Paired row resample of the fixed 4,000 row test predictions."
paired_bootstrap,replicate_1018,macro,ridge_minus_mean_normalized_rmse,-6.242307982934348e-05,dimensionless,"Paired row resample of the fixed 4,000 row test predictions."
paired_bootstrap,replicate_1019,macro,ridge_minus_mean_normalized_rmse,-2.2890300447830914e-05,dimensionless,"Paired row resample of the fixed 4,000 row test predictions."
paired_bootstrap,replicate_1020,macro,ridge_minus_mean_normalized_rmse,-5.0585386680568334e-05,dimensionless,"Paired row resample of the fixed 4,000 row test predictions."
paired_bootstrap,replicate_1021,macro,ridge_minus_mean_normalized_rmse,-0.00011185825060400223,dimensionless,"Paired row resample of the fixed 4,000 row test predictions."
paired_bootstrap,replicate_1022,macro,ridge_minus_mean_normalized_rmse,-0.00010560768219769479,dimensionless,"Paired row resample of the fixed 4,000 row test predictions."
paired_bootstrap,replicate_1023,macro,ridge_minus_mean_normalized_rmse,-8.200873497010708e-06,dimensionless,"Paired row resample of the fixed 4,000 row test predictions."
paired_bootstrap,replicate_1024,macro,ridge_minus_mean_normalized_rmse,-7.778991925638801e-05,dimensionless,"Paired row resample of the fixed 4,000 row test predictions."
paired_bootstrap,replicate_1025,macro,ridge_minus_mean_normalized_rmse,-0.00010944367954673906,dimensionless,"Paired row resample of the fixed 4,000 row test predictions."
paired_bootstrap,replicate_1026,macro,ridge_minus_mean_normalized_rmse,-6.0386665986511545e-06,dimensionless,"Paired row resample of the fixed 4,000 row test predictions."
paired_bootstrap,replicate_1027,macro,ridge_minus_mean_normalized_rmse,2.4634847943794114e-05,dimensionless,"Paired row resample of the fixed 4,000 row test predictions."
paired_bootstrap,replicate_1028,macro,ridge_minus_mean_normalized_rmse,-2.8100067748448865e-05,dimensionless,"Paired row resample of the fixed 4,000 row test predictions."
paired_bootstrap,replicate_1029,macro,ridge_minus_mean_normalized_rmse,-3.670568656077844e-06,dimensionless,"Paired row resample of the fixed 4,000 row test predictions."
paired_bootstrap,replicate_1030,macro,ridge_minus_mean_normalized_rmse,-3.842568344114561e-05,dimensionless,"Paired row resample of the fixed 4,000 row test predictions."
paired_bootstrap,replicate_1031,macro,ridge_minus_mean_normalized_rmse,0.00011652767723380197,dimensionless,"Paired row resample of the fixed 4,000 row test predictions."
paired_bootstrap,replicate_1032,macro,ridge_minus_mean_normalized_rmse,7.170099613618142e-05,dimensionless,"Paired row resample of the fixed 4,000 row test predictions."
paired_bootstrap,replicate_1033,macro,ridge_minus_mean_normalized_rmse,6.94771344372791e-06,dimensionless,"Paired row resample of the fixed 4,000 row test predictions."
paired_bootstrap,replicate_1034,macro,ridge_minus_mean_normalized_rmse,-1.4648697470753813e-05,dimensionless,"Paired row resample of the fixed 4,000 row test predictions."
paired_bootstrap,replicate_1035,macro,ridge_minus_mean_normalized_rmse,3.18958188827434e-05,dimensionless,"Paired row resample of the fixed 4,000 row test predictions."
paired_bootstrap,replicate_1036,macro,ridge_minus_mean_normalized_rmse,0.00013049701541295589,dimensionless,"Paired row resample of the fixed 4,000 row test predictions."
paired_bootstrap,replicate_1037,macro,ridge_minus_mean_normalized_rmse,3.0634000098617165e-05,dimensionless,"Paired row resample of the fixed 4,000 row test predictions."
paired_bootstrap,replicate_1038,macro,ridge_minus_mean_normalized_rmse,-0.00013152732264309908,dimensionless,"Paired row resample of the fixed 4,000 row test predictions."
paired_bootstrap,replicate_1039,macro,ridge_minus_mean_normalized_rmse,-0.00015922369626819588,dimensionless,"Paired row resample of the fixed 4,000 row test predictions."
paired_bootstrap,replicate_1040,macro,ridge_minus_mean_normalized_rmse,-2.2036836763938972e-05,dimensionless,"Paired row resample of the fixed 4,000 row test predictions."
paired_bootstrap,replicate_1041,macro,ridge_minus_mean_normalized_rmse,-2.2225156395494494e-05,dimensionless,"Paired row resample of the fixed 4,000 row test predictions."
paired_bootstrap,replicate_1042,macro,ridge_minus_mean_normalized_rmse,6.798354508452675e-06,dimensionless,"Paired row resample of the fixed 4,000 row test predictions."
paired_bootstrap,replicate_1043,macro,ridge_minus_mean_normalized_rmse,-0.00011887816134031892,dimensionless,"Paired row resample of the fixed 4,000 row test predictions."
paired_bootstrap,replicate_1044,macro,ridge_minus_mean_normalized_rmse,4.107745405879104e-06,dimensionless,"Paired row resample of the fixed 4,000 row test predictions."
paired_bootstrap,replicate_1045,macro,ridge_minus_mean_normalized_rmse,-8.657843061976589e-05,dimensionless,"Paired row resample of the fixed 4,000 row test predictions."
paired_bootstrap,replicate_1046,macro,ridge_minus_mean_normalized_rmse,-6.146199044992917e-05,dimensionless,"Paired row resample of the fixed 4,000 row test predictions."
paired_bootstrap,replicate_1047,macro,ridge_minus_mean_normalized_rmse,2.06621770459936e-05,dimensionless,"Paired row resample of the fixed 4,000 row test predictions."
paired_bootstrap,replicate_1048,macro,ridge_minus_mean_normalized_rmse,-0.00013248757250772236,dimensionless,"Paired row resample of the fixed 4,000 row test predictions."
paired_bootstrap,replicate_1049,macro,ridge_minus_mean_normalized_rmse,4.827921131905777e-05,dimensionless,"Paired row resample of the fixed 4,000 row test predictions."
paired_bootstrap,replicate_1050,macro,ridge_minus_mean_normalized_rmse,-8.172860775373936e-05,dimensionless,"Paired row resample of the fixed 4,000 row test predictions."
paired_bootstrap,replicate_1051,macro,ridge_minus_mean_normalized_rmse,-0.000105687236618357,dimensionless,"Paired row resample of the fixed 4,000 row test predictions."
paired_bootstrap,replicate_1052,macro,ridge_minus_mean_normalized_rmse,-8.540087408176467e-05,dimensionless,"Paired row resample of the fixed 4,000 row test predictions."
paired_bootstrap,replicate_1053,macro,ridge_minus_mean_normalized_rmse,-0.00013931613460144154,dimensionless,"Paired row resample of the fixed 4,000 row test predictions."
paired_bootstrap,replicate_1054,macro,ridge_minus_mean_normalized_rmse,7.042592460365649e-05,dimensionless,"Paired row resample of the fixed 4,000 row test predictions."
paired_bootstrap,replicate_1055,macro,ridge_minus_mean_normalized_rmse,-7.928004613921846e-05,dimensionless,"Paired row resample of the fixed 4,000 row test predictions."
paired_bootstrap,replicate_1056,macro,ridge_minus_mean_normalized_rmse,-3.1876075633596734e-05,dimensionless,"Paired row resample of the fixed 4,000 row test predictions."
paired_bootstrap,replicate_1057,macro,ridge_minus_mean_normalized_rmse,-1.9200421563114745e-05,dimensionless,"Paired row resample of the fixed 4,000 row test predictions."
paired_bootstrap,replicate_1058,macro,ridge_minus_mean_normalized_rmse,-3.754141578465875e-05,dimensionless,"Paired row resample of the fixed 4,000 row test predictions."
paired_bootstrap,replicate_1059,macro,ridge_minus_mean_normalized_rmse,-0.00011660059329599015,dimensionless,"Paired row resample of the fixed 4,000 row test predictions."
paired_bootstrap,replicate_1060,macro,ridge_minus_mean_normalized_rmse,-3.430994849507041e-05,dimensionless,"Paired row resample of the fixed 4,000 row test predictions."
paired_bootstrap,replicate_1061,macro,ridge_minus_mean_normalized_rmse,-7.938558560899311e-05,dimensionless,"Paired row resample of the fixed 4,000 row test predictions."
paired_bootstrap,replicate_1062,macro,ridge_minus_mean_normalized_rmse,2.3007094109628312e-05,dimensionless,"Paired row resample of the fixed 4,000 row test predictions."
paired_bootstrap,replicate_1063,macro,ridge_minus_mean_normalized_rmse,-4.605350177966372e-05,dimensionless,"Paired row resample of the fixed 4,000 row test predictions."
paired_bootstrap,replicate_1064,macro,ridge_minus_mean_normalized_rmse,-2.0435713973809833e-05,dimensionless,"Paired row resample of the fixed 4,000 row test predictions."
paired_bootstrap,replicate_1065,macro,ridge_minus_mean_normalized_rmse,-4.685710034230128e-05,dimensionless,"Paired row resample of the fixed 4,000 row test predictions."
paired_bootstrap,replicate_1066,macro,ridge_minus_mean_normalized_rmse,-4.654026014555557e-05,dimensionless,"Paired row resample of the fixed 4,000 row test predictions."
paired_bootstrap,replicate_1067,macro,ridge_minus_mean_normalized_rmse,-3.748363331390614e-07,dimensionless,"Paired row resample of the fixed 4,000 row test predictions."
paired_bootstrap,replicate_1068,macro,ridge_minus_mean_normalized_rmse,2.304785600326653e-05,dimensionless,"Paired row resample of the fixed 4,000 row test predictions."
paired_bootstrap,replicate_1069,macro,ridge_minus_mean_normalized_rmse,-1.657069267746447e-05,dimensionless,"Paired row resample of the fixed 4,000 row test predictions."
paired_bootstrap,replicate_1070,macro,ridge_minus_mean_normalized_rmse,-0.00012492414385129047,dimensionless,"Paired row resample of the fixed 4,000 row test predictions."
paired_bootstrap,replicate_1071,macro,ridge_minus_mean_normalized_rmse,-2.6202393024643555e-05,dimensionless,"Paired row resample of the fixed 4,000 row test predictions."
paired_bootstrap,replicate_1072,macro,ridge_minus_mean_normalized_rmse,-7.70482824689056e-05,dimensionless,"Paired row resample of the fixed 4,000 row test predictions."
paired_bootstrap,replicate_1073,macro,ridge_minus_mean_normalized_rmse,-2.9527186415634343e-05,dimensionless,"Paired row resample of the fixed 4,000 row test predictions."
paired_bootstrap,replicate_1074,macro,ridge_minus_mean_normalized_rmse,-7.793849755605153e-05,dimensionless,"Paired row resample of the fixed 4,000 row test predictions."
paired_bootstrap,replicate_1075,macro,ridge_minus_mean_normalized_rmse,5.362004923470387e-05,dimensionless,"Paired row resample of the fixed 4,000 row test predictions."
paired_bootstrap,replicate_1076,macro,ridge_minus_mean_normalized_rmse,5.9065639081534727e-05,dimensionless,"Paired row resample of the fixed 4,000 row test predictions."
paired_bootstrap,replicate_1077,macro,ridge_minus_mean_normalized_rmse,-0.00010363794922002567,dimensionless,"Paired row resample of the fixed 4,000 row test predictions."
paired_bootstrap,replicate_1078,macro,ridge_minus_mean_normalized_rmse,-0.00015587274153072705,dimensionless,"Paired row resample of the fixed 4,000 row test predictions."
paired_bootstrap,replicate_1079,macro,ridge_minus_mean_normalized_rmse,-8.007977023821722e-05,dimensionless,"Paired row resample of the fixed 4,000 row test predictions."
paired_bootstrap,replicate_1080,macro,ridge_minus_mean_normalized_rmse,-8.589201224529219e-05,dimensionless,"Paired row resample of the fixed 4,000 row test predictions."
paired_bootstrap,replicate_1081,macro,ridge_minus_mean_normalized_rmse,-6.83791688338431e-05,dimensionless,"Paired row resample of the fixed 4,000 row test predictions."
paired_bootstrap,replicate_1082,macro,ridge_minus_mean_normalized_rmse,-1.8730653766507732e-05,dimensionless,"Paired row resample of the fixed 4,000 row test predictions."
paired_bootstrap,replicate_1083,macro,ridge_minus_mean_normalized_rmse,5.084392961540729e-06,dimensionless,"Paired row resample of the fixed 4,000 row test predictions."
paired_bootstrap,replicate_1084,macro,ridge_minus_mean_normalized_rmse,3.9018466151397035e-06,dimensionless,"Paired row resample of the fixed 4,000 row test predictions."
paired_bootstrap,replicate_1085,macro,ridge_minus_mean_normalized_rmse,-9.984776492905079e-05,dimensionless,"Paired row resample of the fixed 4,000 row test predictions."
paired_bootstrap,replicate_1086,macro,ridge_minus_mean_normalized_rmse,-5.688290089467252e-05,dimensionless,"Paired row resample of the fixed 4,000 row test predictions."
paired_bootstrap,replicate_1087,macro,ridge_minus_mean_normalized_rmse,-1.5156464058585506e-05,dimensionless,"Paired row resample of the fixed 4,000 row test predictions."
paired_bootstrap,replicate_1088,macro,ridge_minus_mean_normalized_rmse,2.498637333148146e-06,dimensionless,"Paired row resample of the fixed 4,000 row test predictions."
paired_bootstrap,replicate_1089,macro,ridge_minus_mean_normalized_rmse,-2.0948787854080386e-05,dimensionless,"Paired row resample of the fixed 4,000 row test predictions."
paired_bootstrap,replicate_1090,macro,ridge_minus_mean_normalized_rmse,-8.422174183259079e-05,dimensionless,"Paired row resample of the fixed 4,000 row test predictions."
paired_bootstrap,replicate_1091,macro,ridge_minus_mean_normalized_rmse,-3.0563682470119424e-05,dimensionless,"Paired row resample of the fixed 4,000 row test predictions."
paired_bootstrap,replicate_1092,macro,ridge_minus_mean_normalized_rmse,-1.8063831959791443e-05,dimensionless,"Paired row resample of the fixed 4,000 row test predictions."
paired_bootstrap,replicate_1093,macro,ridge_minus_mean_normalized_rmse,-7.660744115678408e-06,dimensionless,"Paired row resample of the fixed 4,000 row test predictions."
paired_bootstrap,replicate_1094,macro,ridge_minus_mean_normalized_rmse,-4.4704419919938676e-05,dimensionless,"Paired row resample of the fixed 4,000 row test predictions."
paired_bootstrap,replicate_1095,macro,ridge_minus_mean_normalized_rmse,2.226357939799639e-05,dimensionless,"Paired row resample of the fixed 4,000 row test predictions."
paired_bootstrap,replicate_1096,macro,ridge_minus_mean_normalized_rmse,1.731874026450475e-05,dimensionless,"Paired row resample of the fixed 4,000 row test predictions."
paired_bootstrap,replicate_1097,macro,ridge_minus_mean_normalized_rmse,-0.00013390845639477122,dimensionless,"Paired row resample of the fixed 4,000 row test predictions."
paired_bootstrap,replicate_1098,macro,ridge_minus_mean_normalized_rmse,-7.26225073638953e-05,dimensionless,"Paired row resample of the fixed 4,000 row test predictions."
paired_bootstrap,replicate_1099,macro,ridge_minus_mean_normalized_rmse,-6.224413904543091e-05,dimensionless,"Paired row resample of the fixed 4,000 row test predictions."
paired_bootstrap,replicate_1100,macro,ridge_minus_mean_normalized_rmse,-3.757202783022384e-05,dimensionless,"Paired row resample of the fixed 4,000 row test predictions."
paired_bootstrap,replicate_1101,macro,ridge_minus_mean_normalized_rmse,-7.033263248423793e-05,dimensionless,"Paired row resample of the fixed 4,000 row test predictions."
paired_bootstrap,replicate_1102,macro,ridge_minus_mean_normalized_rmse,-0.00013507941452223227,dimensionless,"Paired row resample of the fixed 4,000 row test predictions."
paired_bootstrap,replicate_1103,macro,ridge_minus_mean_normalized_rmse,6.32120790133861e-06,dimensionless,"Paired row resample of the fixed 4,000 row test predictions."
paired_bootstrap,replicate_1104,macro,ridge_minus_mean_normalized_rmse,-3.631161268108363e-05,dimensionless,"Paired row resample of the fixed 4,000 row test predictions."
paired_bootstrap,replicate_1105,macro,ridge_minus_mean_normalized_rmse,-1.265638068376207e-05,dimensionless,"Paired row resample of the fixed 4,000 row test predictions."
paired_bootstrap,replicate_1106,macro,ridge_minus_mean_normalized_rmse,-6.685882163903756e-05,dimensionless,"Paired row resample of the fixed 4,000 row test predictions."
paired_bootstrap,replicate_1107,macro,ridge_minus_mean_normalized_rmse,-0.0001388167960277853,dimensionless,"Paired row resample of the fixed 4,000 row test predictions."
paired_bootstrap,replicate_1108,macro,ridge_minus_mean_normalized_rmse,-2.1345647887971442e-05,dimensionless,"Paired row resample of the fixed 4,000 row test predictions."
paired_bootstrap,replicate_1109,macro,ridge_minus_mean_normalized_rmse,-4.696274279253343e-05,dimensionless,"Paired row resample of the fixed 4,000 row test predictions."
paired_bootstrap,replicate_1110,macro,ridge_minus_mean_normalized_rmse,-1.1772300486656562e-05,dimensionless,"Paired row resample of the fixed 4,000 row test predictions."
paired_bootstrap,replicate_1111,macro,ridge_minus_mean_normalized_rmse,1.8121118815717097e-05,dimensionless,"Paired row resample of the fixed 4,000 row test predictions."
paired_bootstrap,replicate_1112,macro,ridge_minus_mean_normalized_rmse,-6.728595853255914e-05,dimensionless,"Paired row resample of the fixed 4,000 row test predictions."
paired_bootstrap,replicate_1113,macro,ridge_minus_mean_normalized_rmse,-4.169298441397684e-05,dimensionless,"Paired row resample of the fixed 4,000 row test predictions."
paired_bootstrap,replicate_1114,macro,ridge_minus_mean_normalized_rmse,-4.0367064491120264e-05,dimensionless,"Paired row resample of the fixed 4,000 row test predictions."
paired_bootstrap,replicate_1115,macro,ridge_minus_mean_normalized_rmse,3.071766738249604e-05,dimensionless,"Paired row resample of the fixed 4,000 row test predictions."
paired_bootstrap,replicate_1116,macro,ridge_minus_mean_normalized_rmse,-3.563142849993817e-05,dimensionless,"Paired row resample of the fixed 4,000 row test predictions."
paired_bootstrap,replicate_1117,macro,ridge_minus_mean_normalized_rmse,-1.330347919753505e-05,dimensionless,"Paired row resample of the fixed 4,000 row test predictions."
paired_bootstrap,replicate_1118,macro,ridge_minus_mean_normalized_rmse,-6.383493535067064e-05,dimensionless,"Paired row resample of the fixed 4,000 row test predictions."
paired_bootstrap,replicate_1119,macro,ridge_minus_mean_normalized_rmse,-2.959852005601782e-06,dimensionless,"Paired row resample of the fixed 4,000 row test predictions."
paired_bootstrap,replicate_1120,macro,ridge_minus_mean_normalized_rmse,-2.93027587670025e-05,dimensionless,"Paired row resample of the fixed 4,000 row test predictions."
paired_bootstrap,replicate_1121,macro,ridge_minus_mean_normalized_rmse,8.463787795509603e-06,dimensionless,"Paired row resample of the fixed 4,000 row test predictions."
paired_bootstrap,replicate_1122,macro,ridge_minus_mean_normalized_rmse,-1.1112144417735337e-05,dimensionless,"Paired row resample of the fixed 4,000 row test predictions."
paired_bootstrap,replicate_1123,macro,ridge_minus_mean_normalized_rmse,2.020547029735198e-05,dimensionless,"Paired row resample of the fixed 4,000 row test predictions."
paired_bootstrap,replicate_1124,macro,ridge_minus_mean_normalized_rmse,-8.080896437512308e-05,dimensionless,"Paired row resample of the fixed 4,000 row test predictions."
paired_bootstrap,replicate_1125,macro,ridge_minus_mean_normalized_rmse,-8.921816630674817e-05,dimensionless,"Paired row resample of the fixed 4,000 row test predictions."
paired_bootstrap,replicate_1126,macro,ridge_minus_mean_normalized_rmse,5.3995206178547583e-05,dimensionless,"Paired row resample of the fixed 4,000 row test predictions."
paired_bootstrap,replicate_1127,macro,ridge_minus_mean_normalized_rmse,2.4501082778738414e-06,dimensionless,"Paired row resample of the fixed 4,000 row test predictions."
paired_bootstrap,replicate_1128,macro,ridge_minus_mean_normalized_rmse,1.5568059696213776e-05,dimensionless,"Paired row resample of the fixed 4,000 row test predictions."
paired_bootstrap,replicate_1129,macro,ridge_minus_mean_normalized_rmse,0.00011063497569002712,dimensionless,"Paired row resample of the fixed 4,000 row test predictions."
paired_bootstrap,replicate_1130,macro,ridge_minus_mean_normalized_rmse,-3.988417139999534e-05,dimensionless,"Paired row resample of the fixed 4,000 row test predictions."
paired_bootstrap,replicate_1131,macro,ridge_minus_mean_normalized_rmse,-3.629955478767766e-05,dimensionless,"Paired row resample of the fixed 4,000 row test predictions."
paired_bootstrap,replicate_1132,macro,ridge_minus_mean_normalized_rmse,4.297390481122765e-05,dimensionless,"Paired row resample of the fixed 4,000 row test predictions."
paired_bootstrap,replicate_1133,macro,ridge_minus_mean_normalized_rmse,-4.503837482577877e-05,dimensionless,"Paired row resample of the fixed 4,000 row test predictions."
paired_bootstrap,replicate_1134,macro,ridge_minus_mean_normalized_rmse,3.615463756267978e-06,dimensionless,"Paired row resample of the fixed 4,000 row test predictions."
paired_bootstrap,replicate_1135,macro,ridge_minus_mean_normalized_rmse,-0.00010801321572811995,dimensionless,"Paired row resample of the fixed 4,000 row test predictions."
paired_bootstrap,replicate_1136,macro,ridge_minus_mean_normalized_rmse,-6.846143383060221e-05,dimensionless,"Paired row resample of the fixed 4,000 row test predictions."
paired_bootstrap,replicate_1137,macro,ridge_minus_mean_normalized_rmse,-5.995131521285835e-05,dimensionless,"Paired row resample of the fixed 4,000 row test predictions."
paired_bootstrap,replicate_1138,macro,ridge_minus_mean_normalized_rmse,-4.0605784996428085e-05,dimensionless,"Paired row resample of the fixed 4,000 row test predictions."
paired_bootstrap,replicate_1139,macro,ridge_minus_mean_normalized_rmse,-3.186635228613621e-05,dimensionless,"Paired row resample of the fixed 4,000 row test predictions."
paired_bootstrap,replicate_1140,macro,ridge_minus_mean_normalized_rmse,-4.4919110559149544e-05,dimensionless,"Paired row resample of the fixed 4,000 row test predictions."
paired_bootstrap,replicate_1141,macro,ridge_minus_mean_normalized_rmse,-3.710143532109633e-05,dimensionless,"Paired row resample of the fixed 4,000 row test predictions."
paired_bootstrap,replicate_1142,macro,ridge_minus_mean_normalized_rmse,-9.00980111959715e-05,dimensionless,"Paired row resample of the fixed 4,000 row test predictions."
paired_bootstrap,replicate_1143,macro,ridge_minus_mean_normalized_rmse,7.270925629304648e-05,dimensionless,"Paired row resample of the fixed 4,000 row test predictions."
paired_bootstrap,replicate_1144,macro,ridge_minus_mean_normalized_rmse,-4.7300343383516186e-05,dimensionless,"Paired row resample of the fixed 4,000 row test predictions."
paired_bootstrap,replicate_1145,macro,ridge_minus_mean_normalized_rmse,1.7369652566268101e-06,dimensionless,"Paired row resample of the fixed 4,000 row test predictions."
paired_bootstrap,replicate_1146,macro,ridge_minus_mean_normalized_rmse,4.230240023550547e-06,dimensionless,"Paired row resample of the fixed 4,000 row test predictions."
paired_bootstrap,replicate_1147,macro,ridge_minus_mean_normalized_rmse,-6.531341775350974e-05,dimensionless,"Paired row resample of the fixed 4,000 row test predictions."
paired_bootstrap,replicate_1148,macro,ridge_minus_mean_normalized_rmse,-2.610208621478538e-05,dimensionless,"Paired row resample of the fixed 4,000 row test predictions."
paired_bootstrap,replicate_1149,macro,ridge_minus_mean_normalized_rmse,4.6680803895804424e-05,dimensionless,"Paired row resample of the fixed 4,000 row test predictions."
paired_bootstrap,replicate_1150,macro,ridge_minus_mean_normalized_rmse,-0.0001215032211107081,dimensionless,"Paired row resample of the fixed 4,000 row test predictions."
paired_bootstrap,replicate_1151,macro,ridge_minus_mean_normalized_rmse,-3.374571592262843e-05,dimensionless,"Paired row resample of the fixed 4,000 row test predictions."
paired_bootstrap,replicate_1152,macro,ridge_minus_mean_normalized_rmse,-0.00018505777550348324,dimensionless,"Paired row resample of the fixed 4,000 row test predictions."
paired_bootstrap,replicate_1153,macro,ridge_minus_mean_normalized_rmse,7.2295483768414215e-06,dimensionless,"Paired row resample of the fixed 4,000 row test predictions."
paired_bootstrap,replicate_1154,macro,ridge_minus_mean_normalized_rmse,-2.0400404229126146e-05,dimensionless,"Paired row resample of the fixed 4,000 row test predictions."
paired_bootstrap,replicate_1155,macro,ridge_minus_mean_normalized_rmse,-2.4781490381931004e-05,dimensionless,"Paired row resample of the fixed 4,000 row test predictions."
paired_bootstrap,replicate_1156,macro,ridge_minus_mean_normalized_rmse,-7.914235419986815e-05,dimensionless,"Paired row resample of the fixed 4,000 row test predictions."
paired_bootstrap,replicate_1157,macro,ridge_minus_mean_normalized_rmse,-2.4266916205772926e-05,dimensionless,"Paired row resample of the fixed 4,000 row test predictions."
paired_bootstrap,replicate_1158,macro,ridge_minus_mean_normalized_rmse,5.0502193158719066e-05,dimensionless,"Paired row resample of the fixed 4,000 row test predictions."
paired_bootstrap,replicate_1159,macro,ridge_minus_mean_normalized_rmse,-7.887249110261063e-05,dimensionless,"Paired row resample of the fixed 4,000 row test predictions."
paired_bootstrap,replicate_1160,macro,ridge_minus_mean_normalized_rmse,-0.00014108671591822608,dimensionless,"Paired row resample of the fixed 4,000 row test predictions."
paired_bootstrap,replicate_1161,macro,ridge_minus_mean_normalized_rmse,1.76391620158034e-05,dimensionless,"Paired row resample of the fixed 4,000 row test predictions."
paired_bootstrap,replicate_1162,macro,ridge_minus_mean_normalized_rmse,1.6989922565047166e-05,dimensionless,"Paired row resample of the fixed 4,000 row test predictions."
paired_bootstrap,replicate_1163,macro,ridge_minus_mean_normalized_rmse,3.240408544646911e-05,dimensionless,"Paired row resample of the fixed 4,000 row test predictions."
paired_bootstrap,replicate_1164,macro,ridge_minus_mean_normalized_rmse,-1.619136069291871e-05,dimensionless,"Paired row resample of the fixed 4,000 row test predictions."
paired_bootstrap,replicate_1165,macro,ridge_minus_mean_normalized_rmse,-7.352359157997146e-05,dimensionless,"Paired row resample of the fixed 4,000 row test predictions."
paired_bootstrap,replicate_1166,macro,ridge_minus_mean_normalized_rmse,-5.085475854449406e-05,dimensionless,"Paired row resample of the fixed 4,000 row test predictions."
paired_bootstrap,replicate_1167,macro,ridge_minus_mean_normalized_rmse,2.3508757402534997e-05,dimensionless,"Paired row resample of the fixed 4,000 row test predictions."
paired_bootstrap,replicate_1168,macro,ridge_minus_mean_normalized_rmse,4.564423011998997e-05,dimensionless,"Paired row resample of the fixed 4,000 row test predictions."
paired_bootstrap,replicate_1169,macro,ridge_minus_mean_normalized_rmse,-0.00024149520750266218,dimensionless,"Paired row resample of the fixed 4,000 row test predictions."
paired_bootstrap,replicate_1170,macro,ridge_minus_mean_normalized_rmse,-9.88189178324772e-06,dimensionless,"Paired row resample of the fixed 4,000 row test predictions."
paired_bootstrap,replicate_1171,macro,ridge_minus_mean_normalized_rmse,-8.072212110304955e-05,dimensionless,"Paired row resample of the fixed 4,000 row test predictions."
paired_bootstrap,replicate_1172,macro,ridge_minus_mean_normalized_rmse,-2.5749360026638968e-05,dimensionless,"Paired row resample of the fixed 4,000 row test predictions."
paired_bootstrap,replicate_1173,macro,ridge_minus_mean_normalized_rmse,-3.7364613364010424e-05,dimensionless,"Paired row resample of the fixed 4,000 row test predictions."
paired_bootstrap,replicate_1174,macro,ridge_minus_mean_normalized_rmse,-0.00011925539608315106,dimensionless,"Paired row resample of the fixed 4,000 row test predictions."
paired_bootstrap,replicate_1175,macro,ridge_minus_mean_normalized_rmse,2.29910448503734e-05,dimensionless,"Paired row resample of the fixed 4,000 row test predictions."
paired_bootstrap,replicate_1176,macro,ridge_minus_mean_normalized_rmse,-3.9043003386141084e-05,dimensionless,"Paired row resample of the fixed 4,000 row test predictions."
paired_bootstrap,replicate_1177,macro,ridge_minus_mean_normalized_rmse,-0.00010909513461526688,dimensionless,"Paired row resample of the fixed 4,000 row test predictions."
paired_bootstrap,replicate_1178,macro,ridge_minus_mean_normalized_rmse,-7.77440368358584e-05,dimensionless,"Paired row resample of the fixed 4,000 row test predictions."
paired_bootstrap,replicate_1179,macro,ridge_minus_mean_normalized_rmse,-1.2327799830402775e-06,dimensionless,"Paired row resample of the fixed 4,000 row test predictions."
paired_bootstrap,replicate_1180,macro,ridge_minus_mean_normalized_rmse,-4.573484628539459e-05,dimensionless,"Paired row resample of the fixed 4,000 row test predictions."
paired_bootstrap,replicate_1181,macro,ridge_minus_mean_normalized_rmse,5.081170289611414e-05,dimensionless,"Paired row resample of the fixed 4,000 row test predictions."
paired_bootstrap,replicate_1182,macro,ridge_minus_mean_normalized_rmse,-0.00010152577645733407,dimensionless,"Paired row resample of the fixed 4,000 row test predictions."
paired_bootstrap,replicate_1183,macro,ridge_minus_mean_normalized_rmse,-7.417238234741497e-05,dimensionless,"Paired row resample of the fixed 4,000 row test predictions."
paired_bootstrap,replicate_1184,macro,ridge_minus_mean_normalized_rmse,-0.00010758803675314788,dimensionless,"Paired row resample of the fixed 4,000 row test predictions."
paired_bootstrap,replicate_1185,macro,ridge_minus_mean_normalized_rmse,-3.785798381578109e-05,dimensionless,"Paired row resample of the fixed 4,000 row test predictions."
paired_bootstrap,replicate_1186,macro,ridge_minus_mean_normalized_rmse,-6.88071650706279e-06,dimensionless,"Paired row resample of the fixed 4,000 row test predictions."
paired_bootstrap,replicate_1187,macro,ridge_minus_mean_normalized_rmse,5.935632211606645e-05,dimensionless,"Paired row resample of the fixed 4,000 row test predictions."
paired_bootstrap,replicate_1188,macro,ridge_minus_mean_normalized_rmse,-9.295194395853024e-06,dimensionless,"Paired row resample of the fixed 4,000 row test predictions."
paired_bootstrap,replicate_1189,macro,ridge_minus_mean_normalized_rmse,-4.693961447138628e-05,dimensionless,"Paired row resample of the fixed 4,000 row test predictions."
paired_bootstrap,replicate_1190,macro,ridge_minus_mean_normalized_rmse,7.652036754951519e-05,dimensionless,"Paired row resample of the fixed 4,000 row test predictions."
paired_bootstrap,replicate_1191,macro,ridge_minus_mean_normalized_rmse,4.653133462884096e-05,dimensionless,"Paired row resample of the fixed 4,000 row test predictions."
paired_bootstrap,replicate_1192,macro,ridge_minus_mean_normalized_rmse,9.951057489598902e-05,dimensionless,"Paired row resample of the fixed 4,000 row test predictions."
paired_bootstrap,replicate_1193,macro,ridge_minus_mean_normalized_rmse,-0.00012230921600414613,dimensionless,"Paired row resample of the fixed 4,000 row test predictions."
paired_bootstrap,replicate_1194,macro,ridge_minus_mean_normalized_rmse,-0.00010913204201135063,dimensionless,"Paired row resample of the fixed 4,000 row test predictions."
paired_bootstrap,replicate_1195,macro,ridge_minus_mean_normalized_rmse,2.0552607200741146e-05,dimensionless,"Paired row resample of the fixed 4,000 row test predictions."
paired_bootstrap,replicate_1196,macro,ridge_minus_mean_normalized_rmse,-0.00012812934449896174,dimensionless,"Paired row resample of the fixed 4,000 row test predictions."
paired_bootstrap,replicate_1197,macro,ridge_minus_mean_normalized_rmse,-3.402817037845285e-05,dimensionless,"Paired row resample of the fixed 4,000 row test predictions."
paired_bootstrap,replicate_1198,macro,ridge_minus_mean_normalized_rmse,-6.724864962409649e-05,dimensionless,"Paired row resample of the fixed 4,000 row test predictions."
paired_bootstrap,replicate_1199,macro,ridge_minus_mean_normalized_rmse,-9.904003475025291e-05,dimensionless,"Paired row resample of the fixed 4,000 row test predictions."
paired_bootstrap,replicate_1200,macro,ridge_minus_mean_normalized_rmse,-3.855550719689127e-06,dimensionless,"Paired row resample of the fixed 4,000 row test predictions."
paired_bootstrap,replicate_1201,macro,ridge_minus_mean_normalized_rmse,-1.779248287603341e-05,dimensionless,"Paired row resample of the fixed 4,000 row test predictions."
paired_bootstrap,replicate_1202,macro,ridge_minus_mean_normalized_rmse,3.735420576067572e-05,dimensionless,"Paired row resample of the fixed 4,000 row test predictions."
paired_bootstrap,replicate_1203,macro,ridge_minus_mean_normalized_rmse,2.278956563805945e-05,dimensionless,"Paired row resample of the fixed 4,000 row test predictions."
paired_bootstrap,replicate_1204,macro,ridge_minus_mean_normalized_rmse,-7.741365778368703e-05,dimensionless,"Paired row resample of the fixed 4,000 row test predictions."
paired_bootstrap,replicate_1205,macro,ridge_minus_mean_normalized_rmse,-1.602828398333811e-05,dimensionless,"Paired row resample of the fixed 4,000 row test predictions."
paired_bootstrap,replicate_1206,macro,ridge_minus_mean_normalized_rmse,-5.440258387917618e-05,dimensionless,"Paired row resample of the fixed 4,000 row test predictions."
paired_bootstrap,replicate_1207,macro,ridge_minus_mean_normalized_rmse,6.045438879509479e-05,dimensionless,"Paired row resample of the fixed 4,000 row test predictions."
paired_bootstrap,replicate_1208,macro,ridge_minus_mean_normalized_rmse,-4.785650634664407e-05,dimensionless,"Paired row resample of the fixed 4,000 row test predictions."
paired_bootstrap,replicate_1209,macro,ridge_minus_mean_normalized_rmse,-5.9409900772966484e-05,dimensionless,"Paired row resample of the fixed 4,000 row test predictions."
paired_bootstrap,replicate_1210,macro,ridge_minus_mean_normalized_rmse,-1.826526301096365e-06,dimensionless,"Paired row resample of the fixed 4,000 row test predictions."
paired_bootstrap,replicate_1211,macro,ridge_minus_mean_normalized_rmse,-4.516414646327238e-06,dimensionless,"Paired row resample of the fixed 4,000 row test predictions."
paired_bootstrap,replicate_1212,macro,ridge_minus_mean_normalized_rmse,-0.00010640088712382534,dimensionless,"Paired row resample of the fixed 4,000 row test predictions."
paired_bootstrap,replicate_1213,macro,ridge_minus_mean_normalized_rmse,3.407858735460234e-05,dimensionless,"Paired row resample of the fixed 4,000 row test predictions."
paired_bootstrap,replicate_1214,macro,ridge_minus_mean_normalized_rmse,-4.834666180220104e-05,dimensionless,"Paired row resample of the fixed 4,000 row test predictions."
paired_bootstrap,replicate_1215,macro,ridge_minus_mean_normalized_rmse,-9.9153188996004e-06,dimensionless,"Paired row resample of the fixed 4,000 row test predictions."
paired_bootstrap,replicate_1216,macro,ridge_minus_mean_normalized_rmse,9.126974094664231e-05,dimensionless,"Paired row resample of the fixed 4,000 row test predictions."
paired_bootstrap,replicate_1217,macro,ridge_minus_mean_normalized_rmse,-8.527417087023093e-05,dimensionless,"Paired row resample of the fixed 4,000 row test predictions."
paired_bootstrap,replicate_1218,macro,ridge_minus_mean_normalized_rmse,-1.4906847077000851e-05,dimensionless,"Paired row resample of the fixed 4,000 row test predictions."
paired_bootstrap,replicate_1219,macro,ridge_minus_mean_normalized_rmse,-5.845135227655618e-05,dimensionless,"Paired row resample of the fixed 4,000 row test predictions."
paired_bootstrap,replicate_1220,macro,ridge_minus_mean_normalized_rmse,3.583993902966931e-05,dimensionless,"Paired row resample of the fixed 4,000 row test predictions."
paired_bootstrap,replicate_1221,macro,ridge_minus_mean_normalized_rmse,-0.00013908972211384985,dimensionless,"Paired row resample of the fixed 4,000 row test predictions."
paired_bootstrap,replicate_1222,macro,ridge_minus_mean_normalized_rmse,-7.354594943981274e-05,dimensionless,"Paired row resample of the fixed 4,000 row test predictions."
paired_bootstrap,replicate_1223,macro,ridge_minus_mean_normalized_rmse,-2.9274348921248805e-05,dimensionless,"Paired row resample of the fixed 4,000 row test predictions."
paired_bootstrap,replicate_1224,macro,ridge_minus_mean_normalized_rmse,-5.341378516726669e-05,dimensionless,"Paired row resample of the fixed 4,000 row test predictions."
paired_bootstrap,replicate_1225,macro,ridge_minus_mean_normalized_rmse,-7.920209970252445e-05,dimensionless,"Paired row resample of the fixed 4,000 row test predictions."
paired_bootstrap,replicate_1226,macro,ridge_minus_mean_normalized_rmse,1.9513085157574217e-05,dimensionless,"Paired row resample of the fixed 4,000 row test predictions."
paired_bootstrap,replicate_1227,macro,ridge_minus_mean_normalized_rmse,-7.702014931826318e-05,dimensionless,"Paired row resample of the fixed 4,000 row test predictions."
paired_bootstrap,replicate_1228,macro,ridge_minus_mean_normalized_rmse,-3.775531632926876e-05,dimensionless,"Paired row resample of the fixed 4,000 row test predictions."
paired_bootstrap,replicate_1229,macro,ridge_minus_mean_normalized_rmse,-6.0805714020006896e-06,dimensionless,"Paired row resample of the fixed 4,000 row test predictions."
paired_bootstrap,replicate_1230,macro,ridge_minus_mean_normalized_rmse,-5.183492352750507e-05,dimensionless,"Paired row resample of the fixed 4,000 row test predictions."
paired_bootstrap,replicate_1231,macro,ridge_minus_mean_normalized_rmse,-0.00013459640309909648,dimensionless,"Paired row resample of the fixed 4,000 row test predictions."
paired_bootstrap,replicate_1232,macro,ridge_minus_mean_normalized_rmse,3.171409694369132e-05,dimensionless,"Paired row resample of the fixed 4,000 row test predictions."
paired_bootstrap,replicate_1233,macro,ridge_minus_mean_normalized_rmse,-3.919698510945757e-05,dimensionless,"Paired row resample of the fixed 4,000 row test predictions."
paired_bootstrap,replicate_1234,macro,ridge_minus_mean_normalized_rmse,-4.2746488698730545e-05,dimensionless,"Paired row resample of the fixed 4,000 row test predictions."
paired_bootstrap,replicate_1235,macro,ridge_minus_mean_normalized_rmse,8.095605362790081e-05,dimensionless,"Paired row resample of the fixed 4,000 row test predictions."
paired_bootstrap,replicate_1236,macro,ridge_minus_mean_normalized_rmse,0.00010662185248888623,dimensionless,"Paired row resample of the fixed 4,000 row test predictions."
paired_bootstrap,replicate_1237,macro,ridge_minus_mean_normalized_rmse,-6.939946821149512e-05,dimensionless,"Paired row resample of the fixed 4,000 row test predictions."
paired_bootstrap,replicate_1238,macro,ridge_minus_mean_normalized_rmse,-0.00010535997231797545,dimensionless,"Paired row resample of the fixed 4,000 row test predictions."
paired_bootstrap,replicate_1239,macro,ridge_minus_mean_normalized_rmse,-1.0038200256579088e-05,dimensionless,"Paired row resample of the fixed 4,000 row test predictions."
paired_bootstrap,replicate_1240,macro,ridge_minus_mean_normalized_rmse,-0.00014306055763735337,dimensionless,"Paired row resample of the fixed 4,000 row test predictions."
paired_bootstrap,replicate_1241,macro,ridge_minus_mean_normalized_rmse,1.4669774410336345e-05,dimensionless,"Paired row resample of the fixed 4,000 row test predictions."
paired_bootstrap,replicate_1242,macro,ridge_minus_mean_normalized_rmse,-7.445028502117701e-05,dimensionless,"Paired row resample of the fixed 4,000 row test predictions."
paired_bootstrap,replicate_1243,macro,ridge_minus_mean_normalized_rmse,-5.195960183723702e-06,dimensionless,"Paired row resample of the fixed 4,000 row test predictions."
paired_bootstrap,replicate_1244,macro,ridge_minus_mean_normalized_rmse,-4.9117918650143366e-05,dimensionless,"Paired row resample of the fixed 4,000 row test predictions."
paired_bootstrap,replicate_1245,macro,ridge_minus_mean_normalized_rmse,-2.4273841393085416e-05,dimensionless,"Paired row resample of the fixed 4,000 row test predictions."
paired_bootstrap,replicate_1246,macro,ridge_minus_mean_normalized_rmse,-9.245375875616135e-05,dimensionless,"Paired row resample of the fixed 4,000 row test predictions."
paired_bootstrap,replicate_1247,macro,ridge_minus_mean_normalized_rmse,6.105992193111698e-05,dimensionless,"Paired row resample of the fixed 4,000 row test predictions."
paired_bootstrap,replicate_1248,macro,ridge_minus_mean_normalized_rmse,-7.117557979086087e-05,dimensionless,"Paired row resample of the fixed 4,000 row test predictions."
paired_bootstrap,replicate_1249,macro,ridge_minus_mean_normalized_rmse,-4.403132885499872e-05,dimensionless,"Paired row resample of the fixed 4,000 row test predictions."
paired_bootstrap,replicate_1250,macro,ridge_minus_mean_normalized_rmse,-9.711177394566839e-06,dimensionless,"Paired row resample of the fixed 4,000 row test predictions."
paired_bootstrap,replicate_1251,macro,ridge_minus_mean_normalized_rmse,-5.2114572169081885e-05,dimensionless,"Paired row resample of the fixed 4,000 row test predictions."
paired_bootstrap,replicate_1252,macro,ridge_minus_mean_normalized_rmse,-8.592693899417414e-05,dimensionless,"Paired row resample of the fixed 4,000 row test predictions."
paired_bootstrap,replicate_1253,macro,ridge_minus_mean_normalized_rmse,-2.7467569148620363e-05,dimensionless,"Paired row resample of the fixed 4,000 row test predictions."
paired_bootstrap,replicate_1254,macro,ridge_minus_mean_normalized_rmse,-4.507537582543186e-05,dimensionless,"Paired row resample of the fixed 4,000 row test predictions."
paired_bootstrap,replicate_1255,macro,ridge_minus_mean_normalized_rmse,-0.00011900509677986726,dimensionless,"Paired row resample of the fixed 4,000 row test predictions."
paired_bootstrap,replicate_1256,macro,ridge_minus_mean_normalized_rmse,-0.00011022076387046109,dimensionless,"Paired row resample of the fixed 4,000 row test predictions."
paired_bootstrap,replicate_1257,macro,ridge_minus_mean_normalized_rmse,4.912529209499805e-05,dimensionless,"Paired row resample of the fixed 4,000 row test predictions."
paired_bootstrap,replicate_1258,macro,ridge_minus_mean_normalized_rmse,-6.999693097858861e-05,dimensionless,"Paired row resample of the fixed 4,000 row test predictions."
paired_bootstrap,replicate_1259,macro,ridge_minus_mean_normalized_rmse,-5.480580087130482e-05,dimensionless,"Paired row resample of the fixed 4,000 row test predictions."
paired_bootstrap,replicate_1260,macro,ridge_minus_mean_normalized_rmse,-5.211850289010833e-06,dimensionless,"Paired row resample of the fixed 4,000 row test predictions."
paired_bootstrap,replicate_1261,macro,ridge_minus_mean_normalized_rmse,6.619963936638218e-06,dimensionless,"Paired row resample of the fixed 4,000 row test predictions."
paired_bootstrap,replicate_1262,macro,ridge_minus_mean_normalized_rmse,-6.379081481844295e-05,dimensionless,"Paired row resample of the fixed 4,000 row test predictions."
paired_bootstrap,replicate_1263,macro,ridge_minus_mean_normalized_rmse,1.1888514519720061e-05,dimensionless,"Paired row resample of the fixed 4,000 row test predictions."
paired_bootstrap,replicate_1264,macro,ridge_minus_mean_normalized_rmse,-3.617220918039621e-05,dimensionless,"Paired row resample of the fixed 4,000 row test predictions."
paired_bootstrap,replicate_1265,macro,ridge_minus_mean_normalized_rmse,1.188382207512051e-05,dimensionless,"Paired row resample of the fixed 4,000 row test predictions."
paired_bootstrap,replicate_1266,macro,ridge_minus_mean_normalized_rmse,-2.8799615763519526e-05,dimensionless,"Paired row resample of the fixed 4,000 row test predictions."
paired_bootstrap,replicate_1267,macro,ridge_minus_mean_normalized_rmse,6.033001527105952e-05,dimensionless,"Paired row resample of the fixed 4,000 row test predictions."
paired_bootstrap,replicate_1268,macro,ridge_minus_mean_normalized_rmse,-7.384984803793238e-05,dimensionless,"Paired row resample of the fixed 4,000 row test predictions."
paired_bootstrap,replicate_1269,macro,ridge_minus_mean_normalized_rmse,-6.852733632933816e-05,dimensionless,"Paired row resample of the fixed 4,000 row test predictions."
paired_bootstrap,replicate_1270,macro,ridge_minus_mean_normalized_rmse,-0.0001658322732605022,dimensionless,"Paired row resample of the fixed 4,000 row test predictions."
paired_bootstrap,replicate_1271,macro,ridge_minus_mean_normalized_rmse,0.00013654173570482042,dimensionless,"Paired row resample of the fixed 4,000 row test predictions."
paired_bootstrap,replicate_1272,macro,ridge_minus_mean_normalized_rmse,3.102572100371903e-05,dimensionless,"Paired row resample of the fixed 4,000 row test predictions."
paired_bootstrap,replicate_1273,macro,ridge_minus_mean_normalized_rmse,-5.51167281342968e-06,dimensionless,"Paired row resample of the fixed 4,000 row test predictions."
paired_bootstrap,replicate_1274,macro,ridge_minus_mean_normalized_rmse,-0.0001236339406280318,dimensionless,"Paired row resample of the fixed 4,000 row test predictions."
paired_bootstrap,replicate_1275,macro,ridge_minus_mean_normalized_rmse,-3.934241368519498e-06,dimensionless,"Paired row resample of the fixed 4,000 row test predictions."
paired_bootstrap,replicate_1276,macro,ridge_minus_mean_normalized_rmse,-7.091600435082945e-05,dimensionless,"Paired row resample of the fixed 4,000 row test predictions."
paired_bootstrap,replicate_1277,macro,ridge_minus_mean_normalized_rmse,-5.527138429428646e-05,dimensionless,"Paired row resample of the fixed 4,000 row test predictions."
paired_bootstrap,replicate_1278,macro,ridge_minus_mean_normalized_rmse,3.237781213411006e-05,dimensionless,"Paired row resample of the fixed 4,000 row test predictions."
paired_bootstrap,replicate_1279,macro,ridge_minus_mean_normalized_rmse,5.3064679116587854e-05,dimensionless,"Paired row resample of the fixed 4,000 row test predictions."
paired_bootstrap,replicate_1280,macro,ridge_minus_mean_normalized_rmse,-1.5204202797935995e-05,dimensionless,"Paired row resample of the fixed 4,000 row test predictions."
paired_bootstrap,replicate_1281,macro,ridge_minus_mean_normalized_rmse,7.164392608016712e-05,dimensionless,"Paired row resample of the fixed 4,000 row test predictions."
paired_bootstrap,replicate_1282,macro,ridge_minus_mean_normalized_rmse,-1.4403412346597477e-05,dimensionless,"Paired row resample of the fixed 4,000 row test predictions."
paired_bootstrap,replicate_1283,macro,ridge_minus_mean_normalized_rmse,-2.0243610031667192e-05,dimensionless,"Paired row resample of the fixed 4,000 row test predictions."
paired_bootstrap,replicate_1284,macro,ridge_minus_mean_normalized_rmse,-3.8374807172836256e-05,dimensionless,"Paired row resample of the fixed 4,000 row test predictions."
paired_bootstrap,replicate_1285,macro,ridge_minus_mean_normalized_rmse,-5.206484717745763e-05,dimensionless,"Paired row resample of the fixed 4,000 row test predictions."
paired_bootstrap,replicate_1286,macro,ridge_minus_mean_normalized_rmse,-4.6706349489056276e-05,dimensionless,"Paired row resample of the fixed 4,000 row test predictions."
paired_bootstrap,replicate_1287,macro,ridge_minus_mean_normalized_rmse,-5.2358786418738035e-06,dimensionless,"Paired row resample of the fixed 4,000 row test predictions."
paired_bootstrap,replicate_1288,macro,ridge_minus_mean_normalized_rmse,-5.346410263395995e-07,dimensionless,"Paired row resample of the fixed 4,000 row test predictions."
paired_bootstrap,replicate_1289,macro,ridge_minus_mean_normalized_rmse,-6.974193832348652e-05,dimensionless,"Paired row resample of the fixed 4,000 row test predictions."
paired_bootstrap,replicate_1290,macro,ridge_minus_mean_normalized_rmse,-1.4263425359539728e-05,dimensionless,"Paired row resample of the fixed 4,000 row test predictions."
paired_bootstrap,replicate_1291,macro,ridge_minus_mean_normalized_rmse,-3.941580790850496e-05,dimensionless,"Paired row resample of the fixed 4,000 row test predictions."
paired_bootstrap,replicate_1292,macro,ridge_minus_mean_normalized_rmse,-2.5485417999071558e-05,dimensionless,"Paired row resample of the fixed 4,000 row test predictions."
paired_bootstrap,replicate_1293,macro,ridge_minus_mean_normalized_rmse,9.619018502987631e-05,dimensionless,"Paired row resample of the fixed 4,000 row test predictions."
paired_bootstrap,replicate_1294,macro,ridge_minus_mean_normalized_rmse,-2.7629666164763478e-05,dimensionless,"Paired row resample of the fixed 4,000 row test predictions."
paired_bootstrap,replicate_1295,macro,ridge_minus_mean_normalized_rmse,9.139480620795615e-05,dimensionless,"Paired row resample of the fixed 4,000 row test predictions."
paired_bootstrap,replicate_1296,macro,ridge_minus_mean_normalized_rmse,-7.940097775949173e-05,dimensionless,"Paired row resample of the fixed 4,000 row test predictions."
paired_bootstrap,replicate_1297,macro,ridge_minus_mean_normalized_rmse,-4.618417857232826e-05,dimensionless,"Paired row resample of the fixed 4,000 row test predictions."
paired_bootstrap,replicate_1298,macro,ridge_minus_mean_normalized_rmse,-0.0001753300281210901,dimensionless,"Paired row resample of the fixed 4,000 row test predictions."
paired_bootstrap,replicate_1299,macro,ridge_minus_mean_normalized_rmse,-7.084809324059416e-05,dimensionless,"Paired row resample of the fixed 4,000 row test predictions."
paired_bootstrap,replicate_1300,macro,ridge_minus_mean_normalized_rmse,1.2610636363485916e-05,dimensionless,"Paired row resample of the fixed 4,000 row test predictions."
paired_bootstrap,replicate_1301,macro,ridge_minus_mean_normalized_rmse,-8.329509513560485e-05,dimensionless,"Paired row resample of the fixed 4,000 row test predictions."
paired_bootstrap,replicate_1302,macro,ridge_minus_mean_normalized_rmse,-4.949272429288776e-05,dimensionless,"Paired row resample of the fixed 4,000 row test predictions."
paired_bootstrap,replicate_1303,macro,ridge_minus_mean_normalized_rmse,3.547043707896602e-05,dimensionless,"Paired row resample of the fixed 4,000 row test predictions."
paired_bootstrap,replicate_1304,macro,ridge_minus_mean_normalized_rmse,-2.9642382429362346e-05,dimensionless,"Paired row resample of the fixed 4,000 row test predictions."
paired_bootstrap,replicate_1305,macro,ridge_minus_mean_normalized_rmse,-7.45490547581773e-05,dimensionless,"Paired row resample of the fixed 4,000 row test predictions."
paired_bootstrap,replicate_1306,macro,ridge_minus_mean_normalized_rmse,3.586335471894575e-05,dimensionless,"Paired row resample of the fixed 4,000 row test predictions."
paired_bootstrap,replicate_1307,macro,ridge_minus_mean_normalized_rmse,1.8756900811878197e-05,dimensionless,"Paired row resample of the fixed 4,000 row test predictions."
paired_bootstrap,replicate_1308,macro,ridge_minus_mean_normalized_rmse,-3.8113551913299126e-05,dimensionless,"Paired row resample of the fixed 4,000 row test predictions."
paired_bootstrap,replicate_1309,macro,ridge_minus_mean_normalized_rmse,-6.768065090423381e-05,dimensionless,"Paired row resample of the fixed 4,000 row test predictions."
paired_bootstrap,replicate_1310,macro,ridge_minus_mean_normalized_rmse,-7.306076437135767e-05,dimensionless,"Paired row resample of the fixed 4,000 row test predictions."
paired_bootstrap,replicate_1311,macro,ridge_minus_mean_normalized_rmse,1.0512525991657196e-05,dimensionless,"Paired row resample of the fixed 4,000 row test predictions."
paired_bootstrap,replicate_1312,macro,ridge_minus_mean_normalized_rmse,-0.00011175853222167298,dimensionless,"Paired row resample of the fixed 4,000 row test predictions."
paired_bootstrap,replicate_1313,macro,ridge_minus_mean_normalized_rmse,-2.8305225046543203e-05,dimensionless,"Paired row resample of the fixed 4,000 row test predictions."
paired_bootstrap,replicate_1314,macro,ridge_minus_mean_normalized_rmse,-3.492666689225432e-05,dimensionless,"Paired row resample of the fixed 4,000 row test predictions."
paired_bootstrap,replicate_1315,macro,ridge_minus_mean_normalized_rmse,-0.00013248110236951938,dimensionless,"Paired row resample of the fixed 4,000 row test predictions."
paired_bootstrap,replicate_1316,macro,ridge_minus_mean_normalized_rmse,2.0474492453181892e-05,dimensionless,"Paired row resample of the fixed 4,000 row test predictions."
paired_bootstrap,replicate_1317,macro,ridge_minus_mean_normalized_rmse,-0.0001480469146378227,dimensionless,"Paired row resample of the fixed 4,000 row test predictions."
paired_bootstrap,replicate_1318,macro,ridge_minus_mean_normalized_rmse,2.436588150495078e-05,dimensionless,"Paired row resample of the fixed 4,000 row test predictions."
paired_bootstrap,replicate_1319,macro,ridge_minus_mean_normalized_rmse,-3.4911792625269555e-05,dimensionless,"Paired row resample of the fixed 4,000 row test predictions."
paired_bootstrap,replicate_1320,macro,ridge_minus_mean_normalized_rmse,-0.00013207366962203482,dimensionless,"Paired row resample of the fixed 4,000 row test predictions."
paired_bootstrap,replicate_1321,macro,ridge_minus_mean_normalized_rmse,-9.004725129130309e-05,dimensionless,"Paired row resample of the fixed 4,000 row test predictions."
paired_bootstrap,replicate_1322,macro,ridge_minus_mean_normalized_rmse,-8.044941519114168e-05,dimensionless,"Paired row resample of the fixed 4,000 row test predictions."
paired_bootstrap,replicate_1323,macro,ridge_minus_mean_normalized_rmse,-4.2681915113418345e-05,dimensionless,"Paired row resample of the fixed 4,000 row test predictions."
paired_bootstrap,replicate_1324,macro,ridge_minus_mean_normalized_rmse,-0.00012105490238800698,dimensionless,"Paired row resample of the fixed 4,000 row test predictions."
paired_bootstrap,replicate_1325,macro,ridge_minus_mean_normalized_rmse,-6.284324485239523e-06,dimensionless,"Paired row resample of the fixed 4,000 row test predictions."
paired_bootstrap,replicate_1326,macro,ridge_minus_mean_normalized_rmse,-2.0607326659538572e-05,dimensionless,"Paired row resample of the fixed 4,000 row test predictions."
paired_bootstrap,replicate_1327,macro,ridge_minus_mean_normalized_rmse,2.143940301463365e-05,dimensionless,"Paired row resample of the fixed 4,000 row test predictions."
paired_bootstrap,replicate_1328,macro,ridge_minus_mean_normalized_rmse,3.919073106073423e-05,dimensionless,"Paired row resample of the fixed 4,000 row test predictions."
paired_bootstrap,replicate_1329,macro,ridge_minus_mean_normalized_rmse,6.920096234486195e-06,dimensionless,"Paired row resample of the fixed 4,000 row test predictions."
paired_bootstrap,replicate_1330,macro,ridge_minus_mean_normalized_rmse,-1.7177860398343014e-05,dimensionless,"Paired row resample of the fixed 4,000 row test predictions."
paired_bootstrap,replicate_1331,macro,ridge_minus_mean_normalized_rmse,-0.00011471586183664506,dimensionless,"Paired row resample of the fixed 4,000 row test predictions."
paired_bootstrap,replicate_1332,macro,ridge_minus_mean_normalized_rmse,-3.4620232707338605e-05,dimensionless,"Paired row resample of the fixed 4,000 row test predictions."
paired_bootstrap,replicate_1333,macro,ridge_minus_mean_normalized_rmse,1.6806139784109053e-05,dimensionless,"Paired row resample of the fixed 4,000 row test predictions."
paired_bootstrap,replicate_1334,macro,ridge_minus_mean_normalized_rmse,8.134766056433484e-06,dimensionless,"Paired row resample of the fixed 4,000 row test predictions."
paired_bootstrap,replicate_1335,macro,ridge_minus_mean_normalized_rmse,-2.213475795298514e-05,dimensionless,"Paired row resample of the fixed 4,000 row test predictions."
paired_bootstrap,replicate_1336,macro,ridge_minus_mean_normalized_rmse,4.219992539727935e-05,dimensionless,"Paired row resample of the fixed 4,000 row test predictions."
paired_bootstrap,replicate_1337,macro,ridge_minus_mean_normalized_rmse,-0.00015045903564087082,dimensionless,"Paired row resample of the fixed 4,000 row test predictions."
paired_bootstrap,replicate_1338,macro,ridge_minus_mean_normalized_rmse,-6.840676735486717e-05,dimensionless,"Paired row resample of the fixed 4,000 row test predictions."
paired_bootstrap,replicate_1339,macro,ridge_minus_mean_normalized_rmse,-6.822031554165608e-05,dimensionless,"Paired row resample of the fixed 4,000 row test predictions."
paired_bootstrap,replicate_1340,macro,ridge_minus_mean_normalized_rmse,-1.898472790889949e-05,dimensionless,"Paired row resample of the fixed 4,000 row test predictions."
paired_bootstrap,replicate_1341,macro,ridge_minus_mean_normalized_rmse,1.3124450957802125e-05,dimensionless,"Paired row resample of the fixed 4,000 row test predictions."
paired_bootstrap,replicate_1342,macro,ridge_minus_mean_normalized_rmse,-3.197164828394605e-05,dimensionless,"Paired row resample of the fixed 4,000 row test predictions."
paired_bootstrap,replicate_1343,macro,ridge_minus_mean_normalized_rmse,-4.689341653651979e-06,dimensionless,"Paired row resample of the fixed 4,000 row test predictions."
paired_bootstrap,replicate_1344,macro,ridge_minus_mean_normalized_rmse,1.4377573815560485e-05,dimensionless,"Paired row resample of the fixed 4,000 row test predictions."
paired_bootstrap,replicate_1345,macro,ridge_minus_mean_normalized_rmse,3.671905691987609e-05,dimensionless,"Paired row resample of the fixed 4,000 row test predictions."
paired_bootstrap,replicate_1346,macro,ridge_minus_mean_normalized_rmse,-6.597936641822288e-05,dimensionless,"Paired row resample of the fixed 4,000 row test predictions."
paired_bootstrap,replicate_1347,macro,ridge_minus_mean_normalized_rmse,-6.42085432466799e-05,dimensionless,"Paired row resample of the fixed 4,000 row test predictions."
paired_bootstrap,replicate_1348,macro,ridge_minus_mean_normalized_rmse,-7.769330880524894e-05,dimensionless,"Paired row resample of the fixed 4,000 row test predictions."
paired_bootstrap,replicate_1349,macro,ridge_minus_mean_normalized_rmse,-5.406510383276775e-07,dimensionless,"Paired row resample of the fixed 4,000 row test predictions."
paired_bootstrap,replicate_1350,macro,ridge_minus_mean_normalized_rmse,1.5074254972824441e-05,dimensionless,"Paired row resample of the fixed 4,000 row test predictions."
paired_bootstrap,replicate_1351,macro,ridge_minus_mean_normalized_rmse,6.918652084025867e-05,dimensionless,"Paired row resample of the fixed 4,000 row test predictions."
paired_bootstrap,replicate_1352,macro,ridge_minus_mean_normalized_rmse,-5.281862517098057e-05,dimensionless,"Paired row resample of the fixed 4,000 row test predictions."
paired_bootstrap,replicate_1353,macro,ridge_minus_mean_normalized_rmse,0.00012808169131506286,dimensionless,"Paired row resample of the fixed 4,000 row test predictions."
paired_bootstrap,replicate_1354,macro,ridge_minus_mean_normalized_rmse,-4.700521129324953e-05,dimensionless,"Paired row resample of the fixed 4,000 row test predictions."
paired_bootstrap,replicate_1355,macro,ridge_minus_mean_normalized_rmse,-6.827045744589588e-05,dimensionless,"Paired row resample of the fixed 4,000 row test predictions."
paired_bootstrap,replicate_1356,macro,ridge_minus_mean_normalized_rmse,-5.1277783626624274e-05,dimensionless,"Paired row resample of the fixed 4,000 row test predictions."
paired_bootstrap,replicate_1357,macro,ridge_minus_mean_normalized_rmse,-4.7103350575117275e-05,dimensionless,"Paired row resample of the fixed 4,000 row test predictions."
paired_bootstrap,replicate_1358,macro,ridge_minus_mean_normalized_rmse,6.2767912913375135e-06,dimensionless,"Paired row resample of the fixed 4,000 row test predictions."
paired_bootstrap,replicate_1359,macro,ridge_minus_mean_normalized_rmse,1.2623632946129337e-05,dimensionless,"Paired row resample of the fixed 4,000 row test predictions."
paired_bootstrap,replicate_1360,macro,ridge_minus_mean_normalized_rmse,-6.766539009050998e-05,dimensionless,"Paired row resample of the fixed 4,000 row test predictions."
paired_bootstrap,replicate_1361,macro,ridge_minus_mean_normalized_rmse,3.125387294000692e-05,dimensionless,"Paired row resample of the fixed 4,000 row test predictions."
paired_bootstrap,replicate_1362,macro,ridge_minus_mean_normalized_rmse,-4.679725183481809e-05,dimensionless,"Paired row resample of the fixed 4,000 row test predictions."
paired_bootstrap,replicate_1363,macro,ridge_minus_mean_normalized_rmse,5.2967081950183736e-05,dimensionless,"Paired row resample of the fixed 4,000 row test predictions."
paired_bootstrap,replicate_1364,macro,ridge_minus_mean_normalized_rmse,-5.599967509972714e-05,dimensionless,"Paired row resample of the fixed 4,000 row test predictions."
paired_bootstrap,replicate_1365,macro,ridge_minus_mean_normalized_rmse,-6.914240053679244e-05,dimensionless,"Paired row resample of the fixed 4,000 row test predictions."
paired_bootstrap,replicate_1366,macro,ridge_minus_mean_normalized_rmse,9.493557279083298e-06,dimensionless,"Paired row resample of the fixed 4,000 row test predictions."
paired_bootstrap,replicate_1367,macro,ridge_minus_mean_normalized_rmse,1.2068264168885179e-05,dimensionless,"Paired row resample of the fixed 4,000 row test predictions."
paired_bootstrap,replicate_1368,macro,ridge_minus_mean_normalized_rmse,2.7367800105759787e-05,dimensionless,"Paired row resample of the fixed 4,000 row test predictions."
paired_bootstrap,replicate_1369,macro,ridge_minus_mean_normalized_rmse,-0.00018319251455128915,dimensionless,"Paired row resample of the fixed 4,000 row test predictions."
paired_bootstrap,replicate_1370,macro,ridge_minus_mean_normalized_rmse,2.0916707842155713e-05,dimensionless,"Paired row resample of the fixed 4,000 row test predictions."
paired_bootstrap,replicate_1371,macro,ridge_minus_mean_normalized_rmse,-5.643027247342891e-05,dimensionless,"Paired row resample of the fixed 4,000 row test predictions."
paired_bootstrap,replicate_1372,macro,ridge_minus_mean_normalized_rmse,-1.2995460328790731e-05,dimensionless,"Paired row resample of the fixed 4,000 row test predictions."
paired_bootstrap,replicate_1373,macro,ridge_minus_mean_normalized_rmse,-8.776997467041525e-05,dimensionless,"Paired row resample of the fixed 4,000 row test predictions."
paired_bootstrap,replicate_1374,macro,ridge_minus_mean_normalized_rmse,-0.00012094517982386144,dimensionless,"Paired row resample of the fixed 4,000 row test predictions."
paired_bootstrap,replicate_1375,macro,ridge_minus_mean_normalized_rmse,-8.848258617577542e-06,dimensionless,"Paired row resample of the fixed 4,000 row test predictions."
paired_bootstrap,replicate_1376,macro,ridge_minus_mean_normalized_rmse,-4.050697934487868e-05,dimensionless,"Paired row resample of the fixed 4,000 row test predictions."
paired_bootstrap,replicate_1377,macro,ridge_minus_mean_normalized_rmse,-2.6610743038724127e-05,dimensionless,"Paired row resample of the fixed 4,000 row test predictions."
paired_bootstrap,replicate_1378,macro,ridge_minus_mean_normalized_rmse,-1.4301762251811567e-05,dimensionless,"Paired row resample of the fixed 4,000 row test predictions."
paired_bootstrap,replicate_1379,macro,ridge_minus_mean_normalized_rmse,-8.13678611882307e-05,dimensionless,"Paired row resample of the fixed 4,000 row test predictions."
paired_bootstrap,replicate_1380,macro,ridge_minus_mean_normalized_rmse,-6.080231768956779e-06,dimensionless,"Paired row resample of the fixed 4,000 row test predictions."
paired_bootstrap,replicate_1381,macro,ridge_minus_mean_normalized_rmse,-6.828973875866451e-05,dimensionless,"Paired row resample of the fixed 4,000 row test predictions."
paired_bootstrap,replicate_1382,macro,ridge_minus_mean_normalized_rmse,4.0677589919324575e-05,dimensionless,"Paired row resample of the fixed 4,000 row test predictions."
paired_bootstrap,replicate_1383,macro,ridge_minus_mean_normalized_rmse,-1.2587257322338452e-05,dimensionless,"Paired row resample of the fixed 4,000 row test predictions."
paired_bootstrap,replicate_1384,macro,ridge_minus_mean_normalized_rmse,-3.121081979273743e-05,dimensionless,"Paired row resample of the fixed 4,000 row test predictions."
paired_bootstrap,replicate_1385,macro,ridge_minus_mean_normalized_rmse,-0.00010007356518648702,dimensionless,"Paired row resample of the fixed 4,000 row test predictions."
paired_bootstrap,replicate_1386,macro,ridge_minus_mean_normalized_rmse,-3.2521358500792186e-05,dimensionless,"Paired row resample of the fixed 4,000 row test predictions."
paired_bootstrap,replicate_1387,macro,ridge_minus_mean_normalized_rmse,-2.0996619674196193e-05,dimensionless,"Paired row resample of the fixed 4,000 row test predictions."
paired_bootstrap,replicate_1388,macro,ridge_minus_mean_normalized_rmse,-0.00010113906543207651,dimensionless,"Paired row resample of the fixed 4,000 row test predictions."
paired_bootstrap,replicate_1389,macro,ridge_minus_mean_normalized_rmse,-1.819606833208809e-05,dimensionless,"Paired row resample of the fixed 4,000 row test predictions."
paired_bootstrap,replicate_1390,macro,ridge_minus_mean_normalized_rmse,-0.00018330451575560014,dimensionless,"Paired row resample of the fixed 4,000 row test predictions."
paired_bootstrap,replicate_1391,macro,ridge_minus_mean_normalized_rmse,-7.580748033886309e-05,dimensionless,"Paired row resample of the fixed 4,000 row test predictions."
paired_bootstrap,replicate_1392,macro,ridge_minus_mean_normalized_rmse,1.9636427177005533e-05,dimensionless,"Paired row resample of the fixed 4,000 row test predictions."
paired_bootstrap,replicate_1393,macro,ridge_minus_mean_normalized_rmse,1.3291472716225883e-05,dimensionless,"Paired row resample of the fixed 4,000 row test predictions."
paired_bootstrap,replicate_1394,macro,ridge_minus_mean_normalized_rmse,-0.0001975508989847663,dimensionless,"Paired row resample of the fixed 4,000 row test predictions."
paired_bootstrap,replicate_1395,macro,ridge_minus_mean_normalized_rmse,-8.818223589268648e-05,dimensionless,"Paired row resample of the fixed 4,000 row test predictions."
paired_bootstrap,replicate_1396,macro,ridge_minus_mean_normalized_rmse,-9.241642896917757e-05,dimensionless,"Paired row resample of the fixed 4,000 row test predictions."
paired_bootstrap,replicate_1397,macro,ridge_minus_mean_normalized_rmse,-3.715415684835133e-05,dimensionless,"Paired row resample of the fixed 4,000 row test predictions."
paired_bootstrap,replicate_1398,macro,ridge_minus_mean_normalized_rmse,-9.119365460552586e-06,dimensionless,"Paired row resample of the fixed 4,000 row test predictions."
paired_bootstrap,replicate_1399,macro,ridge_minus_mean_normalized_rmse,-5.351574397016723e-06,dimensionless,"Paired row resample of the fixed 4,000 row test predictions."
paired_bootstrap,replicate_1400,macro,ridge_minus_mean_normalized_rmse,-3.636259174560896e-05,dimensionless,"Paired row resample of the fixed 4,000 row test predictions."
paired_bootstrap,replicate_1401,macro,ridge_minus_mean_normalized_rmse,-3.168138420850397e-05,dimensionless,"Paired row resample of the fixed 4,000 row test predictions."
paired_bootstrap,replicate_1402,macro,ridge_minus_mean_normalized_rmse,4.4714498221853916e-05,dimensionless,"Paired row resample of the fixed 4,000 row test predictions."
paired_bootstrap,replicate_1403,macro,ridge_minus_mean_normalized_rmse,-2.4401991184919147e-05,dimensionless,"Paired row resample of the fixed 4,000 row test predictions."
paired_bootstrap,replicate_1404,macro,ridge_minus_mean_normalized_rmse,1.2202222064217061e-05,dimensionless,"Paired row resample of the fixed 4,000 row test predictions."
paired_bootstrap,replicate_1405,macro,ridge_minus_mean_normalized_rmse,7.62520702923819e-06,dimensionless,"Paired row resample of the fixed 4,000 row test predictions."
paired_bootstrap,replicate_1406,macro,ridge_minus_mean_normalized_rmse,1.8144238871087293e-05,dimensionless,"Paired row resample of the fixed 4,000 row test predictions."
paired_bootstrap,replicate_1407,macro,ridge_minus_mean_normalized_rmse,-9.486118744167493e-05,dimensionless,"Paired row resample of the fixed 4,000 row test predictions."
paired_bootstrap,replicate_1408,macro,ridge_minus_mean_normalized_rmse,-0.00011166779418214645,dimensionless,"Paired row resample of the fixed 4,000 row test predictions."
paired_bootstrap,replicate_1409,macro,ridge_minus_mean_normalized_rmse,-1.792848807219416e-05,dimensionless,"Paired row resample of the fixed 4,000 row test predictions."
paired_bootstrap,replicate_1410,macro,ridge_minus_mean_normalized_rmse,-2.4042588380845942e-05,dimensionless,"Paired row resample of the fixed 4,000 row test predictions."
paired_bootstrap,replicate_1411,macro,ridge_minus_mean_normalized_rmse,-0.00010308230676225882,dimensionless,"Paired row resample of the fixed 4,000 row test predictions."
paired_bootstrap,replicate_1412,macro,ridge_minus_mean_normalized_rmse,-0.00010149594500630243,dimensionless,"Paired row resample of the fixed 4,000 row test predictions."
paired_bootstrap,replicate_1413,macro,ridge_minus_mean_normalized_rmse,3.6884465479669615e-05,dimensionless,"Paired row resample of the fixed 4,000 row test predictions."
paired_bootstrap,replicate_1414,macro,ridge_minus_mean_normalized_rmse,-8.422156960946614e-05,dimensionless,"Paired row resample of the fixed 4,000 row test predictions."
paired_bootstrap,replicate_1415,macro,ridge_minus_mean_normalized_rmse,-1.2071112018063879e-05,dimensionless,"Paired row resample of the fixed 4,000 row test predictions."
paired_bootstrap,replicate_1416,macro,ridge_minus_mean_normalized_rmse,-4.107886437937358e-05,dimensionless,"Paired row resample of the fixed 4,000 row test predictions."
paired_bootstrap,replicate_1417,macro,ridge_minus_mean_normalized_rmse,-0.00011546660700456624,dimensionless,"Paired row resample of the fixed 4,000 row test predictions."
paired_bootstrap,replicate_1418,macro,ridge_minus_mean_normalized_rmse,2.4534016448196638e-05,dimensionless,"Paired row resample of the fixed 4,000 row test predictions."
paired_bootstrap,replicate_1419,macro,ridge_minus_mean_normalized_rmse,-1.671784481338534e-05,dimensionless,"Paired row resample of the fixed 4,000 row test predictions."
paired_bootstrap,replicate_1420,macro,ridge_minus_mean_normalized_rmse,-6.973369280294239e-05,dimensionless,"Paired row resample of the fixed 4,000 row test predictions."
paired_bootstrap,replicate_1421,macro,ridge_minus_mean_normalized_rmse,-9.08131883183283e-05,dimensionless,"Paired row resample of the fixed 4,000 row test predictions."
paired_bootstrap,replicate_1422,macro,ridge_minus_mean_normalized_rmse,7.25350570959793e-05,dimensionless,"Paired row resample of the fixed 4,000 row test predictions."
paired_bootstrap,replicate_1423,macro,ridge_minus_mean_normalized_rmse,-4.076825986720767e-05,dimensionless,"Paired row resample of the fixed 4,000 row test predictions."
paired_bootstrap,replicate_1424,macro,ridge_minus_mean_normalized_rmse,3.1920216094327714e-05,dimensionless,"Paired row resample of the fixed 4,000 row test predictions."
paired_bootstrap,replicate_1425,macro,ridge_minus_mean_normalized_rmse,-4.654640261514409e-05,dimensionless,"Paired row resample of the fixed 4,000 row test predictions."
paired_bootstrap,replicate_1426,macro,ridge_minus_mean_normalized_rmse,-2.253745536384688e-05,dimensionless,"Paired row resample of the fixed 4,000 row test predictions."
paired_bootstrap,replicate_1427,macro,ridge_minus_mean_normalized_rmse,-7.25997093003472e-05,dimensionless,"Paired row resample of the fixed 4,000 row test predictions."
paired_bootstrap,replicate_1428,macro,ridge_minus_mean_normalized_rmse,-3.078261365635493e-05,dimensionless,"Paired row resample of the fixed 4,000 row test predictions."
paired_bootstrap,replicate_1429,macro,ridge_minus_mean_normalized_rmse,-9.699574695348767e-05,dimensionless,"Paired row resample of the fixed 4,000 row test predictions."
paired_bootstrap,replicate_1430,macro,ridge_minus_mean_normalized_rmse,3.697152890902444e-05,dimensionless,"Paired row resample of the fixed 4,000 row test predictions."
paired_bootstrap,replicate_1431,macro,ridge_minus_mean_normalized_rmse,5.408762948294621e-05,dimensionless,"Paired row resample of the fixed 4,000 row test predictions."
paired_bootstrap,replicate_1432,macro,ridge_minus_mean_normalized_rmse,-2.452557403176403e-05,dimensionless,"Paired row resample of the fixed 4,000 row test predictions."
paired_bootstrap,replicate_1433,macro,ridge_minus_mean_normalized_rmse,-9.220913429164312e-05,dimensionless,"Paired row resample of the fixed 4,000 row test predictions."
paired_bootstrap,replicate_1434,macro,ridge_minus_mean_normalized_rmse,-7.467920736958789e-05,dimensionless,"Paired row resample of the fixed 4,000 row test predictions."
paired_bootstrap,replicate_1435,macro,ridge_minus_mean_normalized_rmse,-5.1862369257027474e-05,dimensionless,"Paired row resample of the fixed 4,000 row test predictions."
paired_bootstrap,replicate_1436,macro,ridge_minus_mean_normalized_rmse,-5.9913654910370706e-05,dimensionless,"Paired row resample of the fixed 4,000 row test predictions."
paired_bootstrap,replicate_1437,macro,ridge_minus_mean_normalized_rmse,-9.318453476431232e-05,dimensionless,"Paired row resample of the fixed 4,000 row test predictions."
paired_bootstrap,replicate_1438,macro,ridge_minus_mean_normalized_rmse,-1.0026830668918851e-05,dimensionless,"Paired row resample of the fixed 4,000 row test predictions."
paired_bootstrap,replicate_1439,macro,ridge_minus_mean_normalized_rmse,2.9549450209109818e-05,dimensionless,"Paired row resample of the fixed 4,000 row test predictions."
paired_bootstrap,replicate_1440,macro,ridge_minus_mean_normalized_rmse,5.705990169946329e-05,dimensionless,"Paired row resample of the fixed 4,000 row test predictions."
paired_bootstrap,replicate_1441,macro,ridge_minus_mean_normalized_rmse,3.9498705764140496e-05,dimensionless,"Paired row resample of the fixed 4,000 row test predictions."
paired_bootstrap,replicate_1442,macro,ridge_minus_mean_normalized_rmse,-3.0281207392957032e-05,dimensionless,"Paired row resample of the fixed 4,000 row test predictions."
paired_bootstrap,replicate_1443,macro,ridge_minus_mean_normalized_rmse,-5.1041672431584306e-05,dimensionless,"Paired row resample of the fixed 4,000 row test predictions."
paired_bootstrap,replicate_1444,macro,ridge_minus_mean_normalized_rmse,-9.943598774780904e-05,dimensionless,"Paired row resample of the fixed 4,000 row test predictions."
paired_bootstrap,replicate_1445,macro,ridge_minus_mean_normalized_rmse,-1.6914441894999577e-05,dimensionless,"Paired row resample of the fixed 4,000 row test predictions."
paired_bootstrap,replicate_1446,macro,ridge_minus_mean_normalized_rmse,-2.2564907018962632e-05,dimensionless,"Paired row resample of the fixed 4,000 row test predictions."
paired_bootstrap,replicate_1447,macro,ridge_minus_mean_normalized_rmse,-5.5746265349321256e-05,dimensionless,"Paired row resample of the fixed 4,000 row test predictions."
paired_bootstrap,replicate_1448,macro,ridge_minus_mean_normalized_rmse,-0.00017820405542096074,dimensionless,"Paired row resample of the fixed 4,000 row test predictions."
paired_bootstrap,replicate_1449,macro,ridge_minus_mean_normalized_rmse,-2.6520629548609786e-05,dimensionless,"Paired row resample of the fixed 4,000 row test predictions."
paired_bootstrap,replicate_1450,macro,ridge_minus_mean_normalized_rmse,-0.0001651787735883481,dimensionless,"Paired row resample of the fixed 4,000 row test predictions."
paired_bootstrap,replicate_1451,macro,ridge_minus_mean_normalized_rmse,-0.00012590190574657267,dimensionless,"Paired row resample of the fixed 4,000 row test predictions."
paired_bootstrap,replicate_1452,macro,ridge_minus_mean_normalized_rmse,-0.00010139596998542943,dimensionless,"Paired row resample of the fixed 4,000 row test predictions."
paired_bootstrap,replicate_1453,macro,ridge_minus_mean_normalized_rmse,-0.00014019895191996756,dimensionless,"Paired row resample of the fixed 4,000 row test predictions."
paired_bootstrap,replicate_1454,macro,ridge_minus_mean_normalized_rmse,-9.352692076824987e-05,dimensionless,"Paired row resample of the fixed 4,000 row test predictions."
paired_bootstrap,replicate_1455,macro,ridge_minus_mean_normalized_rmse,6.654772399677933e-05,dimensionless,"Paired row resample of the fixed 4,000 row test predictions."
paired_bootstrap,replicate_1456,macro,ridge_minus_mean_normalized_rmse,-2.378709184519545e-05,dimensionless,"Paired row resample of the fixed 4,000 row test predictions."
paired_bootstrap,replicate_1457,macro,ridge_minus_mean_normalized_rmse,-2.4437273371424872e-05,dimensionless,"Paired row resample of the fixed 4,000 row test predictions."
paired_bootstrap,replicate_1458,macro,ridge_minus_mean_normalized_rmse,-0.00012595747285931713,dimensionless,"Paired row resample of the fixed 4,000 row test predictions."
paired_bootstrap,replicate_1459,macro,ridge_minus_mean_normalized_rmse,-3.08185181325249e-05,dimensionless,"Paired row resample of the fixed 4,000 row test predictions."
paired_bootstrap,replicate_1460,macro,ridge_minus_mean_normalized_rmse,-8.832321188234626e-05,dimensionless,"Paired row resample of the fixed 4,000 row test predictions."
paired_bootstrap,replicate_1461,macro,ridge_minus_mean_normalized_rmse,-0.00013359633203996468,dimensionless,"Paired row resample of the fixed 4,000 row test predictions."
paired_bootstrap,replicate_1462,macro,ridge_minus_mean_normalized_rmse,-3.564928172183901e-05,dimensionless,"Paired row resample of the fixed 4,000 row test predictions."
paired_bootstrap,replicate_1463,macro,ridge_minus_mean_normalized_rmse,-4.0335939744340354e-05,dimensionless,"Paired row resample of the fixed 4,000 row test predictions."
paired_bootstrap,replicate_1464,macro,ridge_minus_mean_normalized_rmse,-0.00015391735310954502,dimensionless,"Paired row resample of the fixed 4,000 row test predictions."
paired_bootstrap,replicate_1465,macro,ridge_minus_mean_normalized_rmse,-1.0354486931707374e-05,dimensionless,"Paired row resample of the fixed 4,000 row test predictions."
paired_bootstrap,replicate_1466,macro,ridge_minus_mean_normalized_rmse,-8.359787116435369e-05,dimensionless,"Paired row resample of the fixed 4,000 row test predictions."
paired_bootstrap,replicate_1467,macro,ridge_minus_mean_normalized_rmse,-9.483580792707391e-05,dimensionless,"Paired row resample of the fixed 4,000 row test predictions."
paired_bootstrap,replicate_1468,macro,ridge_minus_mean_normalized_rmse,-3.398489170103325e-05,dimensionless,"Paired row resample of the fixed 4,000 row test predictions."
paired_bootstrap,replicate_1469,macro,ridge_minus_mean_normalized_rmse,9.244492419402395e-06,dimensionless,"Paired row resample of the fixed 4,000 row test predictions."
paired_bootstrap,replicate_1470,macro,ridge_minus_mean_normalized_rmse,-2.1836806826380784e-05,dimensionless,"Paired row resample of the fixed 4,000 row test predictions."
paired_bootstrap,replicate_1471,macro,ridge_minus_mean_normalized_rmse,-0.00010659730558870706,dimensionless,"Paired row resample of the fixed 4,000 row test predictions."
paired_bootstrap,replicate_1472,macro,ridge_minus_mean_normalized_rmse,-0.00012548769019704586,dimensionless,"Paired row resample of the fixed 4,000 row test predictions."
paired_bootstrap,replicate_1473,macro,ridge_minus_mean_normalized_rmse,-0.0001519694056887344,dimensionless,"Paired row resample of the fixed 4,000 row test predictions."
paired_bootstrap,replicate_1474,macro,ridge_minus_mean_normalized_rmse,2.8196676915615004e-05,dimensionless,"Paired row resample of the fixed 4,000 row test predictions."
paired_bootstrap,replicate_1475,macro,ridge_minus_mean_normalized_rmse,-0.00010577996124228051,dimensionless,"Paired row resample of the fixed 4,000 row test predictions."
paired_bootstrap,replicate_1476,macro,ridge_minus_mean_normalized_rmse,-0.0001156435280428858,dimensionless,"Paired row resample of the fixed 4,000 row test predictions."
paired_bootstrap,replicate_1477,macro,ridge_minus_mean_normalized_rmse,-2.1131472249635852e-05,dimensionless,"Paired row resample of the fixed 4,000 row test predictions."
paired_bootstrap,replicate_1478,macro,ridge_minus_mean_normalized_rmse,-7.284727438533478e-05,dimensionless,"Paired row resample of the fixed 4,000 row test predictions."
paired_bootstrap,replicate_1479,macro,ridge_minus_mean_normalized_rmse,-3.912487302704104e-05,dimensionless,"Paired row resample of the fixed 4,000 row test predictions."
paired_bootstrap,replicate_1480,macro,ridge_minus_mean_normalized_rmse,-4.845399069353107e-05,dimensionless,"Paired row resample of the fixed 4,000 row test predictions."
paired_bootstrap,replicate_1481,macro,ridge_minus_mean_normalized_rmse,-3.155476342575625e-05,dimensionless,"Paired row resample of the fixed 4,000 row test predictions."
paired_bootstrap,replicate_1482,macro,ridge_minus_mean_normalized_rmse,1.761531049815357e-05,dimensionless,"Paired row resample of the fixed 4,000 row test predictions."
paired_bootstrap,replicate_1483,macro,ridge_minus_mean_normalized_rmse,-8.477174461574144e-05,dimensionless,"Paired row resample of the fixed 4,000 row test predictions."
paired_bootstrap,replicate_1484,macro,ridge_minus_mean_normalized_rmse,-7.645434291825293e-05,dimensionless,"Paired row resample of the fixed 4,000 row test predictions."
paired_bootstrap,replicate_1485,macro,ridge_minus_mean_normalized_rmse,8.061207592369168e-05,dimensionless,"Paired row resample of the fixed 4,000 row test predictions."
paired_bootstrap,replicate_1486,macro,ridge_minus_mean_normalized_rmse,-4.309458790208165e-05,dimensionless,"Paired row resample of the fixed 4,000 row test predictions."
paired_bootstrap,replicate_1487,macro,ridge_minus_mean_normalized_rmse,-0.00014746232182100139,dimensionless,"Paired row resample of the fixed 4,000 row test predictions."
paired_bootstrap,replicate_1488,macro,ridge_minus_mean_normalized_rmse,1.2767622784126686e-05,dimensionless,"Paired row resample of the fixed 4,000 row test predictions."
paired_bootstrap,replicate_1489,macro,ridge_minus_mean_normalized_rmse,-9.595000347489835e-05,dimensionless,"Paired row resample of the fixed 4,000 row test predictions."
paired_bootstrap,replicate_1490,macro,ridge_minus_mean_normalized_rmse,-4.1026900223062324e-05,dimensionless,"Paired row resample of the fixed 4,000 row test predictions."
paired_bootstrap,replicate_1491,macro,ridge_minus_mean_normalized_rmse,2.4102540777282133e-05,dimensionless,"Paired row resample of the fixed 4,000 row test predictions."
paired_bootstrap,replicate_1492,macro,ridge_minus_mean_normalized_rmse,3.616831623048933e-05,dimensionless,"Paired row resample of the fixed 4,000 row test predictions."
paired_bootstrap,replicate_1493,macro,ridge_minus_mean_normalized_rmse,-7.78827491919043e-05,dimensionless,"Paired row resample of the fixed 4,000 row test predictions."
paired_bootstrap,replicate_1494,macro,ridge_minus_mean_normalized_rmse,-1.9694351929389065e-05,dimensionless,"Paired row resample of the fixed 4,000 row test predictions."
paired_bootstrap,replicate_1495,macro,ridge_minus_mean_normalized_rmse,-1.5556764766111453e-05,dimensionless,"Paired row resample of the fixed 4,000 row test predictions."
paired_bootstrap,replicate_1496,macro,ridge_minus_mean_normalized_rmse,4.5241813351859506e-05,dimensionless,"Paired row resample of the fixed 4,000 row test predictions."
paired_bootstrap,replicate_1497,macro,ridge_minus_mean_normalized_rmse,-6.571065778804286e-05,dimensionless,"Paired row resample of the fixed 4,000 row test predictions."
paired_bootstrap,replicate_1498,macro,ridge_minus_mean_normalized_rmse,-5.311897642540364e-05,dimensionless,"Paired row resample of the fixed 4,000 row test predictions."
paired_bootstrap,replicate_1499,macro,ridge_minus_mean_normalized_rmse,-2.754677180383247e-05,dimensionless,"Paired row resample of the fixed 4,000 row test predictions."
paired_bootstrap,replicate_1500,macro,ridge_minus_mean_normalized_rmse,-2.6325248002556645e-05,dimensionless,"Paired row resample of the fixed 4,000 row test predictions."
paired_bootstrap,replicate_1501,macro,ridge_minus_mean_normalized_rmse,2.1163378914390574e-05,dimensionless,"Paired row resample of the fixed 4,000 row test predictions."
paired_bootstrap,replicate_1502,macro,ridge_minus_mean_normalized_rmse,-4.9429600503470006e-05,dimensionless,"Paired row resample of the fixed 4,000 row test predictions."
paired_bootstrap,replicate_1503,macro,ridge_minus_mean_normalized_rmse,2.462315416196237e-05,dimensionless,"Paired row resample of the fixed 4,000 row test predictions."
paired_bootstrap,replicate_1504,macro,ridge_minus_mean_normalized_rmse,2.3376291211407718e-05,dimensionless,"Paired row resample of the fixed 4,000 row test predictions."
paired_bootstrap,replicate_1505,macro,ridge_minus_mean_normalized_rmse,1.3269750470168429e-05,dimensionless,"Paired row resample of the fixed 4,000 row test predictions."
paired_bootstrap,replicate_1506,macro,ridge_minus_mean_normalized_rmse,-1.6616001184521778e-05,dimensionless,"Paired row resample of the fixed 4,000 row test predictions."
paired_bootstrap,replicate_1507,macro,ridge_minus_mean_normalized_rmse,-5.479724727014412e-05,dimensionless,"Paired row resample of the fixed 4,000 row test predictions."
paired_bootstrap,replicate_1508,macro,ridge_minus_mean_normalized_rmse,1.846842836306095e-05,dimensionless,"Paired row resample of the fixed 4,000 row test predictions."
paired_bootstrap,replicate_1509,macro,ridge_minus_mean_normalized_rmse,-2.4794893668134144e-05,dimensionless,"Paired row resample of the fixed 4,000 row test predictions."
paired_bootstrap,replicate_1510,macro,ridge_minus_mean_normalized_rmse,2.9979494005794027e-05,dimensionless,"Paired row resample of the fixed 4,000 row test predictions."
paired_bootstrap,replicate_1511,macro,ridge_minus_mean_normalized_rmse,-4.134790838494773e-05,dimensionless,"Paired row resample of the fixed 4,000 row test predictions."
paired_bootstrap,replicate_1512,macro,ridge_minus_mean_normalized_rmse,-0.00010433266830212062,dimensionless,"Paired row resample of the fixed 4,000 row test predictions."
paired_bootstrap,replicate_1513,macro,ridge_minus_mean_normalized_rmse,3.160756693670885e-05,dimensionless,"Paired row resample of the fixed 4,000 row test predictions."
paired_bootstrap,replicate_1514,macro,ridge_minus_mean_normalized_rmse,7.173506804664109e-05,dimensionless,"Paired row resample of the fixed 4,000 row test predictions."
paired_bootstrap,replicate_1515,macro,ridge_minus_mean_normalized_rmse,-4.5394238776641505e-05,dimensionless,"Paired row resample of the fixed 4,000 row test predictions."
paired_bootstrap,replicate_1516,macro,ridge_minus_mean_normalized_rmse,1.2172162546508769e-05,dimensionless,"Paired row resample of the fixed 4,000 row test predictions."
paired_bootstrap,replicate_1517,macro,ridge_minus_mean_normalized_rmse,1.8284179046368365e-05,dimensionless,"Paired row resample of the fixed 4,000 row test predictions."
paired_bootstrap,replicate_1518,macro,ridge_minus_mean_normalized_rmse,-3.308633003362704e-05,dimensionless,"Paired row resample of the fixed 4,000 row test predictions."
paired_bootstrap,replicate_1519,macro,ridge_minus_mean_normalized_rmse,1.1623120123427366e-05,dimensionless,"Paired row resample of the fixed 4,000 row test predictions."
paired_bootstrap,replicate_1520,macro,ridge_minus_mean_normalized_rmse,6.125256854982997e-05,dimensionless,"Paired row resample of the fixed 4,000 row test predictions."
paired_bootstrap,replicate_1521,macro,ridge_minus_mean_normalized_rmse,-1.4148035089256439e-05,dimensionless,"Paired row resample of the fixed 4,000 row test predictions."
paired_bootstrap,replicate_1522,macro,ridge_minus_mean_normalized_rmse,-4.3014685414677345e-06,dimensionless,"Paired row resample of the fixed 4,000 row test predictions."
paired_bootstrap,replicate_1523,macro,ridge_minus_mean_normalized_rmse,-0.00014060145616101583,dimensionless,"Paired row resample of the fixed 4,000 row test predictions."
paired_bootstrap,replicate_1524,macro,ridge_minus_mean_normalized_rmse,8.478281088031281e-05,dimensionless,"Paired row resample of the fixed 4,000 row test predictions."
paired_bootstrap,replicate_1525,macro,ridge_minus_mean_normalized_rmse,-1.3987786438240946e-05,dimensionless,"Paired row resample of the fixed 4,000 row test predictions."
paired_bootstrap,replicate_1526,macro,ridge_minus_mean_normalized_rmse,-8.631709676509836e-05,dimensionless,"Paired row resample of the fixed 4,000 row test predictions."
paired_bootstrap,replicate_1527,macro,ridge_minus_mean_normalized_rmse,-0.00013033325125932915,dimensionless,"Paired row resample of the fixed 4,000 row test predictions."
paired_bootstrap,replicate_1528,macro,ridge_minus_mean_normalized_rmse,4.3799918585385456e-06,dimensionless,"Paired row resample of the fixed 4,000 row test predictions."
paired_bootstrap,replicate_1529,macro,ridge_minus_mean_normalized_rmse,-7.966633934342049e-05,dimensionless,"Paired row resample of the fixed 4,000 row test predictions."
paired_bootstrap,replicate_1530,macro,ridge_minus_mean_normalized_rmse,2.0297733306917642e-06,dimensionless,"Paired row resample of the fixed 4,000 row test predictions."
paired_bootstrap,replicate_1531,macro,ridge_minus_mean_normalized_rmse,-0.00012386687380600003,dimensionless,"Paired row resample of the fixed 4,000 row test predictions."
paired_bootstrap,replicate_1532,macro,ridge_minus_mean_normalized_rmse,-7.114905820937434e-05,dimensionless,"Paired row resample of the fixed 4,000 row test predictions."
paired_bootstrap,replicate_1533,macro,ridge_minus_mean_normalized_rmse,-2.6947727070514294e-05,dimensionless,"Paired row resample of the fixed 4,000 row test predictions."
paired_bootstrap,replicate_1534,macro,ridge_minus_mean_normalized_rmse,1.9754895494883407e-05,dimensionless,"Paired row resample of the fixed 4,000 row test predictions."
paired_bootstrap,replicate_1535,macro,ridge_minus_mean_normalized_rmse,-0.00013009278079123554,dimensionless,"Paired row resample of the fixed 4,000 row test predictions."
paired_bootstrap,replicate_1536,macro,ridge_minus_mean_normalized_rmse,-3.726574714862929e-05,dimensionless,"Paired row resample of the fixed 4,000 row test predictions."
paired_bootstrap,replicate_1537,macro,ridge_minus_mean_normalized_rmse,-0.00014360938188140437,dimensionless,"Paired row resample of the fixed 4,000 row test predictions."
paired_bootstrap,replicate_1538,macro,ridge_minus_mean_normalized_rmse,-2.9069640332279878e-05,dimensionless,"Paired row resample of the fixed 4,000 row test predictions."
paired_bootstrap,replicate_1539,macro,ridge_minus_mean_normalized_rmse,-0.00011193453008123688,dimensionless,"Paired row resample of the fixed 4,000 row test predictions."
paired_bootstrap,replicate_1540,macro,ridge_minus_mean_normalized_rmse,5.245409291448899e-05,dimensionless,"Paired row resample of the fixed 4,000 row test predictions."
paired_bootstrap,replicate_1541,macro,ridge_minus_mean_normalized_rmse,-6.780156936436743e-05,dimensionless,"Paired row resample of the fixed 4,000 row test predictions."
paired_bootstrap,replicate_1542,macro,ridge_minus_mean_normalized_rmse,-8.265596394885222e-05,dimensionless,"Paired row resample of the fixed 4,000 row test predictions."
paired_bootstrap,replicate_1543,macro,ridge_minus_mean_normalized_rmse,-0.00010764525359263644,dimensionless,"Paired row resample of the fixed 4,000 row test predictions."
paired_bootstrap,replicate_1544,macro,ridge_minus_mean_normalized_rmse,-0.0001186963851266265,dimensionless,"Paired row resample of the fixed 4,000 row test predictions."
paired_bootstrap,replicate_1545,macro,ridge_minus_mean_normalized_rmse,-8.500612180289968e-05,dimensionless,"Paired row resample of the fixed 4,000 row test predictions."
paired_bootstrap,replicate_1546,macro,ridge_minus_mean_normalized_rmse,-6.930189859966074e-05,dimensionless,"Paired row resample of the fixed 4,000 row test predictions."
paired_bootstrap,replicate_1547,macro,ridge_minus_mean_normalized_rmse,-9.744986237553155e-05,dimensionless,"Paired row resample of the fixed 4,000 row test predictions."
paired_bootstrap,replicate_1548,macro,ridge_minus_mean_normalized_rmse,-1.6282889409968693e-05,dimensionless,"Paired row resample of the fixed 4,000 row test predictions."
paired_bootstrap,replicate_1549,macro,ridge_minus_mean_normalized_rmse,-7.814314622472951e-05,dimensionless,"Paired row resample of the fixed 4,000 row test predictions."
paired_bootstrap,replicate_1550,macro,ridge_minus_mean_normalized_rmse,-3.5157069197433444e-05,dimensionless,"Paired row resample of the fixed 4,000 row test predictions."
paired_bootstrap,replicate_1551,macro,ridge_minus_mean_normalized_rmse,-0.00014112312343622646,dimensionless,"Paired row resample of the fixed 4,000 row test predictions."
paired_bootstrap,replicate_1552,macro,ridge_minus_mean_normalized_rmse,1.3229386977176016e-05,dimensionless,"Paired row resample of the fixed 4,000 row test predictions."
paired_bootstrap,replicate_1553,macro,ridge_minus_mean_normalized_rmse,-2.0662114419811584e-05,dimensionless,"Paired row resample of the fixed 4,000 row test predictions."
paired_bootstrap,replicate_1554,macro,ridge_minus_mean_normalized_rmse,-4.206625781066897e-05,dimensionless,"Paired row resample of the fixed 4,000 row test predictions."
paired_bootstrap,replicate_1555,macro,ridge_minus_mean_normalized_rmse,-0.00010944572072740799,dimensionless,"Paired row resample of the fixed 4,000 row test predictions."
paired_bootstrap,replicate_1556,macro,ridge_minus_mean_normalized_rmse,-5.036988593698499e-05,dimensionless,"Paired row resample of the fixed 4,000 row test predictions."
paired_bootstrap,replicate_1557,macro,ridge_minus_mean_normalized_rmse,6.251512943200588e-06,dimensionless,"Paired row resample of the fixed 4,000 row test predictions."
paired_bootstrap,replicate_1558,macro,ridge_minus_mean_normalized_rmse,-9.214112194233515e-06,dimensionless,"Paired row resample of the fixed 4,000 row test predictions."
paired_bootstrap,replicate_1559,macro,ridge_minus_mean_normalized_rmse,-4.032701899808755e-05,dimensionless,"Paired row resample of the fixed 4,000 row test predictions."
paired_bootstrap,replicate_1560,macro,ridge_minus_mean_normalized_rmse,-6.663373151916119e-05,dimensionless,"Paired row resample of the fixed 4,000 row test predictions."
paired_bootstrap,replicate_1561,macro,ridge_minus_mean_normalized_rmse,-9.149946733510994e-06,dimensionless,"Paired row resample of the fixed 4,000 row test predictions."
paired_bootstrap,replicate_1562,macro,ridge_minus_mean_normalized_rmse,-1.983000899141718e-05,dimensionless,"Paired row resample of the fixed 4,000 row test predictions."
paired_bootstrap,replicate_1563,macro,ridge_minus_mean_normalized_rmse,-0.00011723731033813634,dimensionless,"Paired row resample of the fixed 4,000 row test predictions."
paired_bootstrap,replicate_1564,macro,ridge_minus_mean_normalized_rmse,-3.8826143027637094e-05,dimensionless,"Paired row resample of the fixed 4,000 row test predictions."
paired_bootstrap,replicate_1565,macro,ridge_minus_mean_normalized_rmse,4.722586942540463e-05,dimensionless,"Paired row resample of the fixed 4,000 row test predictions."
paired_bootstrap,replicate_1566,macro,ridge_minus_mean_normalized_rmse,-4.8468288467939935e-05,dimensionless,"Paired row resample of the fixed 4,000 row test predictions."
paired_bootstrap,replicate_1567,macro,ridge_minus_mean_normalized_rmse,-1.5808703229147625e-05,dimensionless,"Paired row resample of the fixed 4,000 row test predictions."
paired_bootstrap,replicate_1568,macro,ridge_minus_mean_normalized_rmse,1.6845420617805917e-05,dimensionless,"Paired row resample of the fixed 4,000 row test predictions."
paired_bootstrap,replicate_1569,macro,ridge_minus_mean_normalized_rmse,3.1382489408815495e-06,dimensionless,"Paired row resample of the fixed 4,000 row test predictions."
paired_bootstrap,replicate_1570,macro,ridge_minus_mean_normalized_rmse,-6.292030057947207e-05,dimensionless,"Paired row resample of the fixed 4,000 row test predictions."
paired_bootstrap,replicate_1571,macro,ridge_minus_mean_normalized_rmse,8.469827033363853e-05,dimensionless,"Paired row resample of the fixed 4,000 row test predictions."
paired_bootstrap,replicate_1572,macro,ridge_minus_mean_normalized_rmse,-2.7059613062208054e-05,dimensionless,"Paired row resample of the fixed 4,000 row test predictions."
paired_bootstrap,replicate_1573,macro,ridge_minus_mean_normalized_rmse,-2.376464580844395e-05,dimensionless,"Paired row resample of the fixed 4,000 row test predictions."
paired_bootstrap,replicate_1574,macro,ridge_minus_mean_normalized_rmse,4.6911470528543386e-05,dimensionless,"Paired row resample of the fixed 4,000 row test predictions."
paired_bootstrap,replicate_1575,macro,ridge_minus_mean_normalized_rmse,4.2786071783429414e-05,dimensionless,"Paired row resample of the fixed 4,000 row test predictions."
paired_bootstrap,replicate_1576,macro,ridge_minus_mean_normalized_rmse,2.4399475156644534e-05,dimensionless,"Paired row resample of the fixed 4,000 row test predictions."
paired_bootstrap,replicate_1577,macro,ridge_minus_mean_normalized_rmse,2.288220764351534e-05,dimensionless,"Paired row resample of the fixed 4,000 row test predictions."
paired_bootstrap,replicate_1578,macro,ridge_minus_mean_normalized_rmse,1.2928309310711317e-05,dimensionless,"Paired row resample of the fixed 4,000 row test predictions."
paired_bootstrap,replicate_1579,macro,ridge_minus_mean_normalized_rmse,-6.821423753050615e-05,dimensionless,"Paired row resample of the fixed 4,000 row test predictions."
paired_bootstrap,replicate_1580,macro,ridge_minus_mean_normalized_rmse,2.679276903205796e-05,dimensionless,"Paired row resample of the fixed 4,000 row test predictions."
paired_bootstrap,replicate_1581,macro,ridge_minus_mean_normalized_rmse,-6.951317338593777e-05,dimensionless,"Paired row resample of the fixed 4,000 row test predictions."
paired_bootstrap,replicate_1582,macro,ridge_minus_mean_normalized_rmse,-2.650172579882204e-05,dimensionless,"Paired row resample of the fixed 4,000 row test predictions."
paired_bootstrap,replicate_1583,macro,ridge_minus_mean_normalized_rmse,5.880499680510631e-05,dimensionless,"Paired row resample of the fixed 4,000 row test predictions."
paired_bootstrap,replicate_1584,macro,ridge_minus_mean_normalized_rmse,-5.46110114190701e-05,dimensionless,"Paired row resample of the fixed 4,000 row test predictions."
paired_bootstrap,replicate_1585,macro,ridge_minus_mean_normalized_rmse,3.340413476510262e-05,dimensionless,"Paired row resample of the fixed 4,000 row test predictions."
paired_bootstrap,replicate_1586,macro,ridge_minus_mean_normalized_rmse,2.2670203283503554e-06,dimensionless,"Paired row resample of the fixed 4,000 row test predictions."
paired_bootstrap,replicate_1587,macro,ridge_minus_mean_normalized_rmse,-6.28184143391386e-05,dimensionless,"Paired row resample of the fixed 4,000 row test predictions."
paired_bootstrap,replicate_1588,macro,ridge_minus_mean_normalized_rmse,2.6111599402578456e-05,dimensionless,"Paired row resample of the fixed 4,000 row test predictions."
paired_bootstrap,replicate_1589,macro,ridge_minus_mean_normalized_rmse,-8.972096356218984e-05,dimensionless,"Paired row resample of the fixed 4,000 row test predictions."
paired_bootstrap,replicate_1590,macro,ridge_minus_mean_normalized_rmse,-0.0001103266798124225,dimensionless,"Paired row resample of the fixed 4,000 row test predictions."
paired_bootstrap,replicate_1591,macro,ridge_minus_mean_normalized_rmse,-4.2820509736640755e-05,dimensionless,"Paired row resample of the fixed 4,000 row test predictions."
paired_bootstrap,replicate_1592,macro,ridge_minus_mean_normalized_rmse,2.340328674521608e-06,dimensionless,"Paired row resample of the fixed 4,000 row test predictions."
paired_bootstrap,replicate_1593,macro,ridge_minus_mean_normalized_rmse,3.568984686141974e-05,dimensionless,"Paired row resample of the fixed 4,000 row test predictions."
paired_bootstrap,replicate_1594,macro,ridge_minus_mean_normalized_rmse,-0.0001335240263861115,dimensionless,"Paired row resample of the fixed 4,000 row test predictions."
paired_bootstrap,replicate_1595,macro,ridge_minus_mean_normalized_rmse,6.687515951564471e-06,dimensionless,"Paired row resample of the fixed 4,000 row test predictions."
paired_bootstrap,replicate_1596,macro,ridge_minus_mean_normalized_rmse,-3.4337915175097766e-05,dimensionless,"Paired row resample of the fixed 4,000 row test predictions."
paired_bootstrap,replicate_1597,macro,ridge_minus_mean_normalized_rmse,-5.07725202043563e-05,dimensionless,"Paired row resample of the fixed 4,000 row test predictions."
paired_bootstrap,replicate_1598,macro,ridge_minus_mean_normalized_rmse,-3.868053690014861e-06,dimensionless,"Paired row resample of the fixed 4,000 row test predictions."
paired_bootstrap,replicate_1599,macro,ridge_minus_mean_normalized_rmse,5.426051853807401e-05,dimensionless,"Paired row resample of the fixed 4,000 row test predictions."
paired_bootstrap,replicate_1600,macro,ridge_minus_mean_normalized_rmse,-8.16291327676577e-06,dimensionless,"Paired row resample of the fixed 4,000 row test predictions."
paired_bootstrap,replicate_1601,macro,ridge_minus_mean_normalized_rmse,-0.00013746720867180429,dimensionless,"Paired row resample of the fixed 4,000 row test predictions."
paired_bootstrap,replicate_1602,macro,ridge_minus_mean_normalized_rmse,2.0496725168461793e-05,dimensionless,"Paired row resample of the fixed 4,000 row test predictions."
paired_bootstrap,replicate_1603,macro,ridge_minus_mean_normalized_rmse,3.992023780596821e-06,dimensionless,"Paired row resample of the fixed 4,000 row test predictions."
paired_bootstrap,replicate_1604,macro,ridge_minus_mean_normalized_rmse,7.319840134911715e-06,dimensionless,"Paired row resample of the fixed 4,000 row test predictions."
paired_bootstrap,replicate_1605,macro,ridge_minus_mean_normalized_rmse,-5.390822104212045e-06,dimensionless,"Paired row resample of the fixed 4,000 row test predictions."
paired_bootstrap,replicate_1606,macro,ridge_minus_mean_normalized_rmse,8.023948817270643e-06,dimensionless,"Paired row resample of the fixed 4,000 row test predictions."
paired_bootstrap,replicate_1607,macro,ridge_minus_mean_normalized_rmse,2.864496982007969e-05,dimensionless,"Paired row resample of the fixed 4,000 row test predictions."
paired_bootstrap,replicate_1608,macro,ridge_minus_mean_normalized_rmse,-1.8943263729864768e-07,dimensionless,"Paired row resample of the fixed 4,000 row test predictions."
paired_bootstrap,replicate_1609,macro,ridge_minus_mean_normalized_rmse,-0.00010937551717649097,dimensionless,"Paired row resample of the fixed 4,000 row test predictions."
paired_bootstrap,replicate_1610,macro,ridge_minus_mean_normalized_rmse,-9.072132831722257e-05,dimensionless,"Paired row resample of the fixed 4,000 row test predictions."
paired_bootstrap,replicate_1611,macro,ridge_minus_mean_normalized_rmse,-8.945294302753481e-05,dimensionless,"Paired row resample of the fixed 4,000 row test predictions."
paired_bootstrap,replicate_1612,macro,ridge_minus_mean_normalized_rmse,-0.0001120889150514337,dimensionless,"Paired row resample of the fixed 4,000 row test predictions."
paired_bootstrap,replicate_1613,macro,ridge_minus_mean_normalized_rmse,1.3783282334978164e-05,dimensionless,"Paired row resample of the fixed 4,000 row test predictions."
paired_bootstrap,replicate_1614,macro,ridge_minus_mean_normalized_rmse,-1.891813442056467e-05,dimensionless,"Paired row resample of the fixed 4,000 row test predictions."
paired_bootstrap,replicate_1615,macro,ridge_minus_mean_normalized_rmse,2.0554920202475735e-05,dimensionless,"Paired row resample of the fixed 4,000 row test predictions."
paired_bootstrap,replicate_1616,macro,ridge_minus_mean_normalized_rmse,-0.00011498113635738383,dimensionless,"Paired row resample of the fixed 4,000 row test predictions."
paired_bootstrap,replicate_1617,macro,ridge_minus_mean_normalized_rmse,2.6582552903109402e-05,dimensionless,"Paired row resample of the fixed 4,000 row test predictions."
paired_bootstrap,replicate_1618,macro,ridge_minus_mean_normalized_rmse,-0.00010018098160613498,dimensionless,"Paired row resample of the fixed 4,000 row test predictions."
paired_bootstrap,replicate_1619,macro,ridge_minus_mean_normalized_rmse,-2.185181919189816e-06,dimensionless,"Paired row resample of the fixed 4,000 row test predictions."
paired_bootstrap,replicate_1620,macro,ridge_minus_mean_normalized_rmse,-5.8092468579351575e-05,dimensionless,"Paired row resample of the fixed 4,000 row test predictions."
paired_bootstrap,replicate_1621,macro,ridge_minus_mean_normalized_rmse,-9.415287850444987e-05,dimensionless,"Paired row resample of the fixed 4,000 row test predictions."
paired_bootstrap,replicate_1622,macro,ridge_minus_mean_normalized_rmse,-7.982834246855752e-05,dimensionless,"Paired row resample of the fixed 4,000 row test predictions."
paired_bootstrap,replicate_1623,macro,ridge_minus_mean_normalized_rmse,-5.2239542249532533e-05,dimensionless,"Paired row resample of the fixed 4,000 row test predictions."
paired_bootstrap,replicate_1624,macro,ridge_minus_mean_normalized_rmse,3.3188024755215206e-05,dimensionless,"Paired row resample of the fixed 4,000 row test predictions."
paired_bootstrap,replicate_1625,macro,ridge_minus_mean_normalized_rmse,3.442663927610834e-05,dimensionless,"Paired row resample of the fixed 4,000 row test predictions."
paired_bootstrap,replicate_1626,macro,ridge_minus_mean_normalized_rmse,-0.0001562013981698529,dimensionless,"Paired row resample of the fixed 4,000 row test predictions."
paired_bootstrap,replicate_1627,macro,ridge_minus_mean_normalized_rmse,-8.76855009549482e-05,dimensionless,"Paired row resample of the fixed 4,000 row test predictions."
paired_bootstrap,replicate_1628,macro,ridge_minus_mean_normalized_rmse,-6.895361812853107e-05,dimensionless,"Paired row resample of the fixed 4,000 row test predictions."
paired_bootstrap,replicate_1629,macro,ridge_minus_mean_normalized_rmse,-6.28065944113243e-05,dimensionless,"Paired row resample of the fixed 4,000 row test predictions."
paired_bootstrap,replicate_1630,macro,ridge_minus_mean_normalized_rmse,-7.969843512622976e-05,dimensionless,"Paired row resample of the fixed 4,000 row test predictions."
paired_bootstrap,replicate_1631,macro,ridge_minus_mean_normalized_rmse,-3.986876371120385e-05,dimensionless,"Paired row resample of the fixed 4,000 row test predictions."
paired_bootstrap,replicate_1632,macro,ridge_minus_mean_normalized_rmse,6.221155688901359e-05,dimensionless,"Paired row resample of the fixed 4,000 row test predictions."
paired_bootstrap,replicate_1633,macro,ridge_minus_mean_normalized_rmse,-9.891935299305432e-05,dimensionless,"Paired row resample of the fixed 4,000 row test predictions."
paired_bootstrap,replicate_1634,macro,ridge_minus_mean_normalized_rmse,-6.896676174839023e-05,dimensionless,"Paired row resample of the fixed 4,000 row test predictions."
paired_bootstrap,replicate_1635,macro,ridge_minus_mean_normalized_rmse,-0.00015884861941428685,dimensionless,"Paired row resample of the fixed 4,000 row test predictions."
paired_bootstrap,replicate_1636,macro,ridge_minus_mean_normalized_rmse,2.2480008499359272e-05,dimensionless,"Paired row resample of the fixed 4,000 row test predictions."
paired_bootstrap,replicate_1637,macro,ridge_minus_mean_normalized_rmse,-6.173966638739481e-05,dimensionless,"Paired row resample of the fixed 4,000 row test predictions."
paired_bootstrap,replicate_1638,macro,ridge_minus_mean_normalized_rmse,5.827043208350702e-05,dimensionless,"Paired row resample of the fixed 4,000 row test predictions."
paired_bootstrap,replicate_1639,macro,ridge_minus_mean_normalized_rmse,-7.373401171034688e-05,dimensionless,"Paired row resample of the fixed 4,000 row test predictions."
paired_bootstrap,replicate_1640,macro,ridge_minus_mean_normalized_rmse,4.63554500460539e-05,dimensionless,"Paired row resample of the fixed 4,000 row test predictions."
paired_bootstrap,replicate_1641,macro,ridge_minus_mean_normalized_rmse,-4.755142867957085e-05,dimensionless,"Paired row resample of the fixed 4,000 row test predictions."
paired_bootstrap,replicate_1642,macro,ridge_minus_mean_normalized_rmse,-1.4768338651272028e-05,dimensionless,"Paired row resample of the fixed 4,000 row test predictions."
paired_bootstrap,replicate_1643,macro,ridge_minus_mean_normalized_rmse,-2.5640752230327024e-06,dimensionless,"Paired row resample of the fixed 4,000 row test predictions."
paired_bootstrap,replicate_1644,macro,ridge_minus_mean_normalized_rmse,-4.092068792538317e-06,dimensionless,"Paired row resample of the fixed 4,000 row test predictions."
paired_bootstrap,replicate_1645,macro,ridge_minus_mean_normalized_rmse,-0.00013648742261607172,dimensionless,"Paired row resample of the fixed 4,000 row test predictions."
paired_bootstrap,replicate_1646,macro,ridge_minus_mean_normalized_rmse,-4.330697405607875e-05,dimensionless,"Paired row resample of the fixed 4,000 row test predictions."
paired_bootstrap,replicate_1647,macro,ridge_minus_mean_normalized_rmse,3.5426602968291476e-05,dimensionless,"Paired row resample of the fixed 4,000 row test predictions."
paired_bootstrap,replicate_1648,macro,ridge_minus_mean_normalized_rmse,-8.366778380791695e-05,dimensionless,"Paired row resample of the fixed 4,000 row test predictions."
paired_bootstrap,replicate_1649,macro,ridge_minus_mean_normalized_rmse,-9.474622982741376e-05,dimensionless,"Paired row resample of the fixed 4,000 row test predictions."
paired_bootstrap,replicate_1650,macro,ridge_minus_mean_normalized_rmse,-0.00013026885513311992,dimensionless,"Paired row resample of the fixed 4,000 row test predictions."
paired_bootstrap,replicate_1651,macro,ridge_minus_mean_normalized_rmse,-4.748787378822117e-05,dimensionless,"Paired row resample of the fixed 4,000 row test predictions."
paired_bootstrap,replicate_1652,macro,ridge_minus_mean_normalized_rmse,-0.00012326055541433956,dimensionless,"Paired row resample of the fixed 4,000 row test predictions."
paired_bootstrap,replicate_1653,macro,ridge_minus_mean_normalized_rmse,-2.972410437945827e-05,dimensionless,"Paired row resample of the fixed 4,000 row test predictions."
paired_bootstrap,replicate_1654,macro,ridge_minus_mean_normalized_rmse,-3.236854454713445e-05,dimensionless,"Paired row resample of the fixed 4,000 row test predictions."
paired_bootstrap,replicate_1655,macro,ridge_minus_mean_normalized_rmse,-0.0001278182683785989,dimensionless,"Paired row resample of the fixed 4,000 row test predictions."
paired_bootstrap,replicate_1656,macro,ridge_minus_mean_normalized_rmse,2.885823079479266e-05,dimensionless,"Paired row resample of the fixed 4,000 row test predictions."
paired_bootstrap,replicate_1657,macro,ridge_minus_mean_normalized_rmse,1.3025367377683672e-05,dimensionless,"Paired row resample of the fixed 4,000 row test predictions."
paired_bootstrap,replicate_1658,macro,ridge_minus_mean_normalized_rmse,2.5962806895041268e-05,dimensionless,"Paired row resample of the fixed 4,000 row test predictions."
paired_bootstrap,replicate_1659,macro,ridge_minus_mean_normalized_rmse,2.3591995907401575e-06,dimensionless,"Paired row resample of the fixed 4,000 row test predictions."
paired_bootstrap,replicate_1660,macro,ridge_minus_mean_normalized_rmse,-2.512799148379763e-05,dimensionless,"Paired row resample of the fixed 4,000 row test predictions."
paired_bootstrap,replicate_1661,macro,ridge_minus_mean_normalized_rmse,-7.412645381138505e-05,dimensionless,"Paired row resample of the fixed 4,000 row test predictions."
paired_bootstrap,replicate_1662,macro,ridge_minus_mean_normalized_rmse,-2.436118603371673e-05,dimensionless,"Paired row resample of the fixed 4,000 row test predictions."
paired_bootstrap,replicate_1663,macro,ridge_minus_mean_normalized_rmse,-2.74666541816293e-06,dimensionless,"Paired row resample of the fixed 4,000 row test predictions."
paired_bootstrap,replicate_1664,macro,ridge_minus_mean_normalized_rmse,-7.092196599539635e-05,dimensionless,"Paired row resample of the fixed 4,000 row test predictions."
paired_bootstrap,replicate_1665,macro,ridge_minus_mean_normalized_rmse,-0.00017161636516938028,dimensionless,"Paired row resample of the fixed 4,000 row test predictions."
paired_bootstrap,replicate_1666,macro,ridge_minus_mean_normalized_rmse,-0.0001427864987907923,dimensionless,"Paired row resample of the fixed 4,000 row test predictions."
paired_bootstrap,replicate_1667,macro,ridge_minus_mean_normalized_rmse,-9.106942458558809e-05,dimensionless,"Paired row resample of the fixed 4,000 row test predictions."
paired_bootstrap,replicate_1668,macro,ridge_minus_mean_normalized_rmse,3.1458229205583166e-05,dimensionless,"Paired row resample of the fixed 4,000 row test predictions."
paired_bootstrap,replicate_1669,macro,ridge_minus_mean_normalized_rmse,-0.00011031938798833352,dimensionless,"Paired row resample of the fixed 4,000 row test predictions."
paired_bootstrap,replicate_1670,macro,ridge_minus_mean_normalized_rmse,1.5735937143324108e-06,dimensionless,"Paired row resample of the fixed 4,000 row test predictions."
paired_bootstrap,replicate_1671,macro,ridge_minus_mean_normalized_rmse,-6.687270434879711e-05,dimensionless,"Paired row resample of the fixed 4,000 row test predictions."
paired_bootstrap,replicate_1672,macro,ridge_minus_mean_normalized_rmse,-7.940775766024366e-05,dimensionless,"Paired row resample of the fixed 4,000 row test predictions."
paired_bootstrap,replicate_1673,macro,ridge_minus_mean_normalized_rmse,-0.00013320337241817803,dimensionless,"Paired row resample of the fixed 4,000 row test predictions."
paired_bootstrap,replicate_1674,macro,ridge_minus_mean_normalized_rmse,-8.857943039064509e-05,dimensionless,"Paired row resample of the fixed 4,000 row test predictions."
paired_bootstrap,replicate_1675,macro,ridge_minus_mean_normalized_rmse,-0.00011818686342751628,dimensionless,"Paired row resample of the fixed 4,000 row test predictions."
paired_bootstrap,replicate_1676,macro,ridge_minus_mean_normalized_rmse,8.572923187338821e-05,dimensionless,"Paired row resample of the fixed 4,000 row test predictions."
paired_bootstrap,replicate_1677,macro,ridge_minus_mean_normalized_rmse,-8.341015686508246e-05,dimensionless,"Paired row resample of the fixed 4,000 row test predictions."
paired_bootstrap,replicate_1678,macro,ridge_minus_mean_normalized_rmse,-5.970374799219025e-05,dimensionless,"Paired row resample of the fixed 4,000 row test predictions."
paired_bootstrap,replicate_1679,macro,ridge_minus_mean_normalized_rmse,-6.2696740328827e-05,dimensionless,"Paired row resample of the fixed 4,000 row test predictions."
paired_bootstrap,replicate_1680,macro,ridge_minus_mean_normalized_rmse,2.249605854576231e-05,dimensionless,"Paired row resample of the fixed 4,000 row test predictions."
paired_bootstrap,replicate_1681,macro,ridge_minus_mean_normalized_rmse,8.928041752565008e-06,dimensionless,"Paired row resample of the fixed 4,000 row test predictions."
paired_bootstrap,replicate_1682,macro,ridge_minus_mean_normalized_rmse,-1.897365280040253e-05,dimensionless,"Paired row resample of the fixed 4,000 row test predictions."
paired_bootstrap,replicate_1683,macro,ridge_minus_mean_normalized_rmse,2.214223696861417e-05,dimensionless,"Paired row resample of the fixed 4,000 row test predictions."
paired_bootstrap,replicate_1684,macro,ridge_minus_mean_normalized_rmse,2.146837552302605e-05,dimensionless,"Paired row resample of the fixed 4,000 row test predictions."
paired_bootstrap,replicate_1685,macro,ridge_minus_mean_normalized_rmse,-4.3469930401274226e-05,dimensionless,"Paired row resample of the fixed 4,000 row test predictions."
paired_bootstrap,replicate_1686,macro,ridge_minus_mean_normalized_rmse,-4.303106640879406e-05,dimensionless,"Paired row resample of the fixed 4,000 row test predictions."
paired_bootstrap,replicate_1687,macro,ridge_minus_mean_normalized_rmse,-7.716468947366328e-05,dimensionless,"Paired row resample of the fixed 4,000 row test predictions."
paired_bootstrap,replicate_1688,macro,ridge_minus_mean_normalized_rmse,-9.322337566003425e-05,dimensionless,"Paired row resample of the fixed 4,000 row test predictions."
paired_bootstrap,replicate_1689,macro,ridge_minus_mean_normalized_rmse,-4.256052694195933e-05,dimensionless,"Paired row resample of the fixed 4,000 row test predictions."
paired_bootstrap,replicate_1690,macro,ridge_minus_mean_normalized_rmse,-3.05686412005457e-06,dimensionless,"Paired row resample of the fixed 4,000 row test predictions."
paired_bootstrap,replicate_1691,macro,ridge_minus_mean_normalized_rmse,-0.00014147997232416554,dimensionless,"Paired row resample of the fixed 4,000 row test predictions."
paired_bootstrap,replicate_1692,macro,ridge_minus_mean_normalized_rmse,-8.912511801861811e-05,dimensionless,"Paired row resample of the fixed 4,000 row test predictions."
paired_bootstrap,replicate_1693,macro,ridge_minus_mean_normalized_rmse,-0.00014919879979191641,dimensionless,"Paired row resample of the fixed 4,000 row test predictions."
paired_bootstrap,replicate_1694,macro,ridge_minus_mean_normalized_rmse,-1.8303115590923014e-06,dimensionless,"Paired row resample of the fixed 4,000 row test predictions."
paired_bootstrap,replicate_1695,macro,ridge_minus_mean_normalized_rmse,4.013196692503884e-05,dimensionless,"Paired row resample of the fixed 4,000 row test predictions."
paired_bootstrap,replicate_1696,macro,ridge_minus_mean_normalized_rmse,-3.5144917906848594e-05,dimensionless,"Paired row resample of the fixed 4,000 row test predictions."
paired_bootstrap,replicate_1697,macro,ridge_minus_mean_normalized_rmse,-1.2124040015937254e-05,dimensionless,"Paired row resample of the fixed 4,000 row test predictions."
paired_bootstrap,replicate_1698,macro,ridge_minus_mean_normalized_rmse,-1.8488200330513127e-05,dimensionless,"Paired row resample of the fixed 4,000 row test predictions."
paired_bootstrap,replicate_1699,macro,ridge_minus_mean_normalized_rmse,-8.811687408072366e-06,dimensionless,"Paired row resample of the fixed 4,000 row test predictions."
paired_bootstrap,replicate_1700,macro,ridge_minus_mean_normalized_rmse,-6.949646089160488e-06,dimensionless,"Paired row resample of the fixed 4,000 row test predictions."
paired_bootstrap,replicate_1701,macro,ridge_minus_mean_normalized_rmse,3.059073608768781e-05,dimensionless,"Paired row resample of the fixed 4,000 row test predictions."
paired_bootstrap,replicate_1702,macro,ridge_minus_mean_normalized_rmse,3.1428661726007334e-05,dimensionless,"Paired row resample of the fixed 4,000 row test predictions."
paired_bootstrap,replicate_1703,macro,ridge_minus_mean_normalized_rmse,2.7313504605996908e-05,dimensionless,"Paired row resample of the fixed 4,000 row test predictions."
paired_bootstrap,replicate_1704,macro,ridge_minus_mean_normalized_rmse,-0.00011079364893340493,dimensionless,"Paired row resample of the fixed 4,000 row test predictions."
paired_bootstrap,replicate_1705,macro,ridge_minus_mean_normalized_rmse,-2.9231170178944943e-05,dimensionless,"Paired row resample of the fixed 4,000 row test predictions."
paired_bootstrap,replicate_1706,macro,ridge_minus_mean_normalized_rmse,-5.619009320390056e-05,dimensionless,"Paired row resample of the fixed 4,000 row test predictions."
paired_bootstrap,replicate_1707,macro,ridge_minus_mean_normalized_rmse,-2.8799915119559483e-05,dimensionless,"Paired row resample of the fixed 4,000 row test predictions."
paired_bootstrap,replicate_1708,macro,ridge_minus_mean_normalized_rmse,-0.00015468843290861178,dimensionless,"Paired row resample of the fixed 4,000 row test predictions."
paired_bootstrap,replicate_1709,macro,ridge_minus_mean_normalized_rmse,-3.470786342568699e-05,dimensionless,"Paired row resample of the fixed 4,000 row test predictions."
paired_bootstrap,replicate_1710,macro,ridge_minus_mean_normalized_rmse,-2.7160317893182295e-05,dimensionless,"Paired row resample of the fixed 4,000 row test predictions."
paired_bootstrap,replicate_1711,macro,ridge_minus_mean_normalized_rmse,-3.9088218588279044e-05,dimensionless,"Paired row resample of the fixed 4,000 row test predictions."
paired_bootstrap,replicate_1712,macro,ridge_minus_mean_normalized_rmse,-9.57227400164018e-05,dimensionless,"Paired row resample of the fixed 4,000 row test predictions."
paired_bootstrap,replicate_1713,macro,ridge_minus_mean_normalized_rmse,4.146696805168437e-05,dimensionless,"Paired row resample of the fixed 4,000 row test predictions."
paired_bootstrap,replicate_1714,macro,ridge_minus_mean_normalized_rmse,6.374646757728586e-05,dimensionless,"Paired row resample of the fixed 4,000 row test predictions."
paired_bootstrap,replicate_1715,macro,ridge_minus_mean_normalized_rmse,6.562584538127858e-06,dimensionless,"Paired row resample of the fixed 4,000 row test predictions."
paired_bootstrap,replicate_1716,macro,ridge_minus_mean_normalized_rmse,1.579961667053098e-07,dimensionless,"Paired row resample of the fixed 4,000 row test predictions."
paired_bootstrap,replicate_1717,macro,ridge_minus_mean_normalized_rmse,-4.3714999390487286e-05,dimensionless,"Paired row resample of the fixed 4,000 row test predictions."
paired_bootstrap,replicate_1718,macro,ridge_minus_mean_normalized_rmse,6.232943100287214e-05,dimensionless,"Paired row resample of the fixed 4,000 row test predictions."
paired_bootstrap,replicate_1719,macro,ridge_minus_mean_normalized_rmse,-0.00012788465767182844,dimensionless,"Paired row resample of the fixed 4,000 row test predictions."
paired_bootstrap,replicate_1720,macro,ridge_minus_mean_normalized_rmse,-7.608320636282029e-05,dimensionless,"Paired row resample of the fixed 4,000 row test predictions."
paired_bootstrap,replicate_1721,macro,ridge_minus_mean_normalized_rmse,-1.4357902662298638e-05,dimensionless,"Paired row resample of the fixed 4,000 row test predictions."
paired_bootstrap,replicate_1722,macro,ridge_minus_mean_normalized_rmse,-4.8784708583882175e-05,dimensionless,"Paired row resample of the fixed 4,000 row test predictions."
paired_bootstrap,replicate_1723,macro,ridge_minus_mean_normalized_rmse,-0.0001270096156833489,dimensionless,"Paired row resample of the fixed 4,000 row test predictions."
paired_bootstrap,replicate_1724,macro,ridge_minus_mean_normalized_rmse,-0.00013257015840634212,dimensionless,"Paired row resample of the fixed 4,000 row test predictions."
paired_bootstrap,replicate_1725,macro,ridge_minus_mean_normalized_rmse,6.3292611575671565e-06,dimensionless,"Paired row resample of the fixed 4,000 row test predictions."
paired_bootstrap,replicate_1726,macro,ridge_minus_mean_normalized_rmse,-4.4137830247981125e-05,dimensionless,"Paired row resample of the fixed 4,000 row test predictions."
paired_bootstrap,replicate_1727,macro,ridge_minus_mean_normalized_rmse,-6.397560292165094e-05,dimensionless,"Paired row resample of the fixed 4,000 row test predictions."
paired_bootstrap,replicate_1728,macro,ridge_minus_mean_normalized_rmse,1.580422487890143e-05,dimensionless,"Paired row resample of the fixed 4,000 row test predictions."
paired_bootstrap,replicate_1729,macro,ridge_minus_mean_normalized_rmse,-4.8188321099373876e-05,dimensionless,"Paired row resample of the fixed 4,000 row test predictions."
paired_bootstrap,replicate_1730,macro,ridge_minus_mean_normalized_rmse,3.5107311207982494e-05,dimensionless,"Paired row resample of the fixed 4,000 row test predictions."
paired_bootstrap,replicate_1731,macro,ridge_minus_mean_normalized_rmse,3.08864242194451e-05,dimensionless,"Paired row resample of the fixed 4,000 row test predictions."
paired_bootstrap,replicate_1732,macro,ridge_minus_mean_normalized_rmse,-6.807594810270823e-05,dimensionless,"Paired row resample of the fixed 4,000 row test predictions."
paired_bootstrap,replicate_1733,macro,ridge_minus_mean_normalized_rmse,-1.856624489582348e-05,dimensionless,"Paired row resample of the fixed 4,000 row test predictions."
paired_bootstrap,replicate_1734,macro,ridge_minus_mean_normalized_rmse,-8.194295298968868e-06,dimensionless,"Paired row resample of the fixed 4,000 row test predictions."
paired_bootstrap,replicate_1735,macro,ridge_minus_mean_normalized_rmse,-9.864590688712926e-05,dimensionless,"Paired row resample of the fixed 4,000 row test predictions."
paired_bootstrap,replicate_1736,macro,ridge_minus_mean_normalized_rmse,-8.722774004044087e-06,dimensionless,"Paired row resample of the fixed 4,000 row test predictions."
paired_bootstrap,replicate_1737,macro,ridge_minus_mean_normalized_rmse,-3.732610883516729e-05,dimensionless,"Paired row resample of the fixed 4,000 row test predictions."
paired_bootstrap,replicate_1738,macro,ridge_minus_mean_normalized_rmse,-2.898599733131002e-05,dimensionless,"Paired row resample of the fixed 4,000 row test predictions."
paired_bootstrap,replicate_1739,macro,ridge_minus_mean_normalized_rmse,1.779700287030117e-05,dimensionless,"Paired row resample of the fixed 4,000 row test predictions."
paired_bootstrap,replicate_1740,macro,ridge_minus_mean_normalized_rmse,-7.151012219580588e-05,dimensionless,"Paired row resample of the fixed 4,000 row test predictions."
paired_bootstrap,replicate_1741,macro,ridge_minus_mean_normalized_rmse,-6.137540113138051e-05,dimensionless,"Paired row resample of the fixed 4,000 row test predictions."
paired_bootstrap,replicate_1742,macro,ridge_minus_mean_normalized_rmse,3.626151454511062e-05,dimensionless,"Paired row resample of the fixed 4,000 row test predictions."
paired_bootstrap,replicate_1743,macro,ridge_minus_mean_normalized_rmse,-0.00014151446513671617,dimensionless,"Paired row resample of the fixed 4,000 row test predictions."
paired_bootstrap,replicate_1744,macro,ridge_minus_mean_normalized_rmse,-7.606090466510951e-05,dimensionless,"Paired row resample of the fixed 4,000 row test predictions."
paired_bootstrap,replicate_1745,macro,ridge_minus_mean_normalized_rmse,-6.120991390112795e-05,dimensionless,"Paired row resample of the fixed 4,000 row test predictions."
paired_bootstrap,replicate_1746,macro,ridge_minus_mean_normalized_rmse,-3.868204220380811e-05,dimensionless,"Paired row resample of the fixed 4,000 row test predictions."
paired_bootstrap,replicate_1747,macro,ridge_minus_mean_normalized_rmse,-5.788474055334891e-05,dimensionless,"Paired row resample of the fixed 4,000 row test predictions."
paired_bootstrap,replicate_1748,macro,ridge_minus_mean_normalized_rmse,-1.2598092341276068e-05,dimensionless,"Paired row resample of the fixed 4,000 row test predictions."
paired_bootstrap,replicate_1749,macro,ridge_minus_mean_normalized_rmse,6.497036187447236e-05,dimensionless,"Paired row resample of the fixed 4,000 row test predictions."
paired_bootstrap,replicate_1750,macro,ridge_minus_mean_normalized_rmse,-0.00010461714004678102,dimensionless,"Paired row resample of the fixed 4,000 row test predictions."
paired_bootstrap,replicate_1751,macro,ridge_minus_mean_normalized_rmse,5.1031607467499907e-05,dimensionless,"Paired row resample of the fixed 4,000 row test predictions."
paired_bootstrap,replicate_1752,macro,ridge_minus_mean_normalized_rmse,-5.5548637362956566e-05,dimensionless,"Paired row resample of the fixed 4,000 row test predictions."
paired_bootstrap,replicate_1753,macro,ridge_minus_mean_normalized_rmse,-6.060512078071012e-05,dimensionless,"Paired row resample of the fixed 4,000 row test predictions."
paired_bootstrap,replicate_1754,macro,ridge_minus_mean_normalized_rmse,-0.00014116438481426297,dimensionless,"Paired row resample of the fixed 4,000 row test predictions."
paired_bootstrap,replicate_1755,macro,ridge_minus_mean_normalized_rmse,-4.5770523798616125e-05,dimensionless,"Paired row resample of the fixed 4,000 row test predictions."
paired_bootstrap,replicate_1756,macro,ridge_minus_mean_normalized_rmse,-2.660861040765239e-05,dimensionless,"Paired row resample of the fixed 4,000 row test predictions."
paired_bootstrap,replicate_1757,macro,ridge_minus_mean_normalized_rmse,-6.42161945740849e-05,dimensionless,"Paired row resample of the fixed 4,000 row test predictions."
paired_bootstrap,replicate_1758,macro,ridge_minus_mean_normalized_rmse,-0.00015327890865857174,dimensionless,"Paired row resample of the fixed 4,000 row test predictions."
paired_bootstrap,replicate_1759,macro,ridge_minus_mean_normalized_rmse,-0.00010483400908856133,dimensionless,"Paired row resample of the fixed 4,000 row test predictions."
paired_bootstrap,replicate_1760,macro,ridge_minus_mean_normalized_rmse,-1.5019285767248203e-05,dimensionless,"Paired row resample of the fixed 4,000 row test predictions."
paired_bootstrap,replicate_1761,macro,ridge_minus_mean_normalized_rmse,-8.757183606467045e-05,dimensionless,"Paired row resample of the fixed 4,000 row test predictions."
paired_bootstrap,replicate_1762,macro,ridge_minus_mean_normalized_rmse,-7.738097103460184e-05,dimensionless,"Paired row resample of the fixed 4,000 row test predictions."
paired_bootstrap,replicate_1763,macro,ridge_minus_mean_normalized_rmse,3.262709529466834e-05,dimensionless,"Paired row resample of the fixed 4,000 row test predictions."
paired_bootstrap,replicate_1764,macro,ridge_minus_mean_normalized_rmse,0.00015532960038966426,dimensionless,"Paired row resample of the fixed 4,000 row test predictions."
paired_bootstrap,replicate_1765,macro,ridge_minus_mean_normalized_rmse,-3.9867415803251927e-05,dimensionless,"Paired row resample of the fixed 4,000 row test predictions."
paired_bootstrap,replicate_1766,macro,ridge_minus_mean_normalized_rmse,-7.09132803158874e-05,dimensionless,"Paired row resample of the fixed 4,000 row test predictions."
paired_bootstrap,replicate_1767,macro,ridge_minus_mean_normalized_rmse,8.632849685125121e-05,dimensionless,"Paired row resample of the fixed 4,000 row test predictions."
paired_bootstrap,replicate_1768,macro,ridge_minus_mean_normalized_rmse,4.1847579457965356e-05,dimensionless,"Paired row resample of the fixed 4,000 row test predictions."
paired_bootstrap,replicate_1769,macro,ridge_minus_mean_normalized_rmse,-0.00010385149844466257,dimensionless,"Paired row resample of the fixed 4,000 row test predictions."
paired_bootstrap,replicate_1770,macro,ridge_minus_mean_normalized_rmse,-5.474504902802657e-05,dimensionless,"Paired row resample of the fixed 4,000 row test predictions."
paired_bootstrap,replicate_1771,macro,ridge_minus_mean_normalized_rmse,-8.319239011012058e-07,dimensionless,"Paired row resample of the fixed 4,000 row test predictions."
paired_bootstrap,replicate_1772,macro,ridge_minus_mean_normalized_rmse,5.6129734607612836e-05,dimensionless,"Paired row resample of the fixed 4,000 row test predictions."
paired_bootstrap,replicate_1773,macro,ridge_minus_mean_normalized_rmse,-9.691460411803687e-05,dimensionless,"Paired row resample of the fixed 4,000 row test predictions."
paired_bootstrap,replicate_1774,macro,ridge_minus_mean_normalized_rmse,-0.00012136885490171556,dimensionless,"Paired row resample of the fixed 4,000 row test predictions."
paired_bootstrap,replicate_1775,macro,ridge_minus_mean_normalized_rmse,-0.00010928060532100492,dimensionless,"Paired row resample of the fixed 4,000 row test predictions."
paired_bootstrap,replicate_1776,macro,ridge_minus_mean_normalized_rmse,-2.7576385916994184e-06,dimensionless,"Paired row resample of the fixed 4,000 row test predictions."
paired_bootstrap,replicate_1777,macro,ridge_minus_mean_normalized_rmse,-0.00011606210583336996,dimensionless,"Paired row resample of the fixed 4,000 row test predictions."
paired_bootstrap,replicate_1778,macro,ridge_minus_mean_normalized_rmse,-6.0344594065231405e-05,dimensionless,"Paired row resample of the fixed 4,000 row test predictions."
paired_bootstrap,replicate_1779,macro,ridge_minus_mean_normalized_rmse,-6.877997252091594e-05,dimensionless,"Paired row resample of the fixed 4,000 row test predictions."
paired_bootstrap,replicate_1780,macro,ridge_minus_mean_normalized_rmse,-3.272629350847822e-06,dimensionless,"Paired row resample of the fixed 4,000 row test predictions."
paired_bootstrap,replicate_1781,macro,ridge_minus_mean_normalized_rmse,3.6973504650372746e-05,dimensionless,"Paired row resample of the fixed 4,000 row test predictions."
paired_bootstrap,replicate_1782,macro,ridge_minus_mean_normalized_rmse,-9.13692688827572e-05,dimensionless,"Paired row resample of the fixed 4,000 row test predictions."
paired_bootstrap,replicate_1783,macro,ridge_minus_mean_normalized_rmse,-1.2617260763958527e-07,dimensionless,"Paired row resample of the fixed 4,000 row test predictions."
paired_bootstrap,replicate_1784,macro,ridge_minus_mean_normalized_rmse,1.5343286425828495e-05,dimensionless,"Paired row resample of the fixed 4,000 row test predictions."
paired_bootstrap,replicate_1785,macro,ridge_minus_mean_normalized_rmse,-2.9225635581164866e-05,dimensionless,"Paired row resample of the fixed 4,000 row test predictions."
paired_bootstrap,replicate_1786,macro,ridge_minus_mean_normalized_rmse,-9.061605231963643e-05,dimensionless,"Paired row resample of the fixed 4,000 row test predictions."
paired_bootstrap,replicate_1787,macro,ridge_minus_mean_normalized_rmse,-6.19669702950909e-05,dimensionless,"Paired row resample of the fixed 4,000 row test predictions."
paired_bootstrap,replicate_1788,macro,ridge_minus_mean_normalized_rmse,-5.64162474405161e-05,dimensionless,"Paired row resample of the fixed 4,000 row test predictions."
paired_bootstrap,replicate_1789,macro,ridge_minus_mean_normalized_rmse,-4.1480380278735574e-05,dimensionless,"Paired row resample of the fixed 4,000 row test predictions."
paired_bootstrap,replicate_1790,macro,ridge_minus_mean_normalized_rmse,2.855994197875633e-05,dimensionless,"Paired row resample of the fixed 4,000 row test predictions."
paired_bootstrap,replicate_1791,macro,ridge_minus_mean_normalized_rmse,-5.594994392027486e-05,dimensionless,"Paired row resample of the fixed 4,000 row test predictions."
paired_bootstrap,replicate_1792,macro,ridge_minus_mean_normalized_rmse,2.0346401238879874e-05,dimensionless,"Paired row resample of the fixed 4,000 row test predictions."
paired_bootstrap,replicate_1793,macro,ridge_minus_mean_normalized_rmse,-4.637460666845339e-05,dimensionless,"Paired row resample of the fixed 4,000 row test predictions."
paired_bootstrap,replicate_1794,macro,ridge_minus_mean_normalized_rmse,-8.669940974048718e-05,dimensionless,"Paired row resample of the fixed 4,000 row test predictions."
paired_bootstrap,replicate_1795,macro,ridge_minus_mean_normalized_rmse,-2.970547436742521e-05,dimensionless,"Paired row resample of the fixed 4,000 row test predictions."
paired_bootstrap,replicate_1796,macro,ridge_minus_mean_normalized_rmse,2.9985254954845164e-05,dimensionless,"Paired row resample of the fixed 4,000 row test predictions."
paired_bootstrap,replicate_1797,macro,ridge_minus_mean_normalized_rmse,-2.685589101314445e-05,dimensionless,"Paired row resample of the fixed 4,000 row test predictions."
paired_bootstrap,replicate_1798,macro,ridge_minus_mean_normalized_rmse,-3.303426298278955e-05,dimensionless,"Paired row resample of the fixed 4,000 row test predictions."
paired_bootstrap,replicate_1799,macro,ridge_minus_mean_normalized_rmse,-1.8742659920134574e-05,dimensionless,"Paired row resample of the fixed 4,000 row test predictions."
paired_bootstrap,replicate_1800,macro,ridge_minus_mean_normalized_rmse,-9.998235607822092e-06,dimensionless,"Paired row resample of the fixed 4,000 row test predictions."
paired_bootstrap,replicate_1801,macro,ridge_minus_mean_normalized_rmse,-9.409112845498724e-05,dimensionless,"Paired row resample of the fixed 4,000 row test predictions."
paired_bootstrap,replicate_1802,macro,ridge_minus_mean_normalized_rmse,-0.00014969452476615297,dimensionless,"Paired row resample of the fixed 4,000 row test predictions."
paired_bootstrap,replicate_1803,macro,ridge_minus_mean_normalized_rmse,-0.00013093076839809648,dimensionless,"Paired row resample of the fixed 4,000 row test predictions."
paired_bootstrap,replicate_1804,macro,ridge_minus_mean_normalized_rmse,3.571377421829336e-05,dimensionless,"Paired row resample of the fixed 4,000 row test predictions."
paired_bootstrap,replicate_1805,macro,ridge_minus_mean_normalized_rmse,-4.940661367136556e-06,dimensionless,"Paired row resample of the fixed 4,000 row test predictions."
paired_bootstrap,replicate_1806,macro,ridge_minus_mean_normalized_rmse,1.863460685802565e-05,dimensionless,"Paired row resample of the fixed 4,000 row test predictions."
paired_bootstrap,replicate_1807,macro,ridge_minus_mean_normalized_rmse,-2.9767624670495874e-05,dimensionless,"Paired row resample of the fixed 4,000 row test predictions."
paired_bootstrap,replicate_1808,macro,ridge_minus_mean_normalized_rmse,-1.0515540267652668e-05,dimensionless,"Paired row resample of the fixed 4,000 row test predictions."
paired_bootstrap,replicate_1809,macro,ridge_minus_mean_normalized_rmse,3.318140895608446e-05,dimensionless,"Paired row resample of the fixed 4,000 row test predictions."
paired_bootstrap,replicate_1810,macro,ridge_minus_mean_normalized_rmse,-0.0001056902636651369,dimensionless,"Paired row resample of the fixed 4,000 row test predictions."
paired_bootstrap,replicate_1811,macro,ridge_minus_mean_normalized_rmse,2.4361603120914843e-05,dimensionless,"Paired row resample of the fixed 4,000 row test predictions."
paired_bootstrap,replicate_1812,macro,ridge_minus_mean_normalized_rmse,8.295785569600866e-08,dimensionless,"Paired row resample of the fixed 4,000 row test predictions."
paired_bootstrap,replicate_1813,macro,ridge_minus_mean_normalized_rmse,-3.195523748600326e-05,dimensionless,"Paired row resample of the fixed 4,000 row test predictions."
paired_bootstrap,replicate_1814,macro,ridge_minus_mean_normalized_rmse,-5.781719678060737e-05,dimensionless,"Paired row resample of the fixed 4,000 row test predictions."
paired_bootstrap,replicate_1815,macro,ridge_minus_mean_normalized_rmse,-0.00012012980780212734,dimensionless,"Paired row resample of the fixed 4,000 row test predictions."
paired_bootstrap,replicate_1816,macro,ridge_minus_mean_normalized_rmse,-6.371116365389007e-05,dimensionless,"Paired row resample of the fixed 4,000 row test predictions."
paired_bootstrap,replicate_1817,macro,ridge_minus_mean_normalized_rmse,-3.21688345765736e-05,dimensionless,"Paired row resample of the fixed 4,000 row test predictions."
paired_bootstrap,replicate_1818,macro,ridge_minus_mean_normalized_rmse,-8.879579176745978e-05,dimensionless,"Paired row resample of the fixed 4,000 row test predictions."
paired_bootstrap,replicate_1819,macro,ridge_minus_mean_normalized_rmse,-7.857702497438002e-05,dimensionless,"Paired row resample of the fixed 4,000 row test predictions."
paired_bootstrap,replicate_1820,macro,ridge_minus_mean_normalized_rmse,-2.4808155240974017e-05,dimensionless,"Paired row resample of the fixed 4,000 row test predictions."
paired_bootstrap,replicate_1821,macro,ridge_minus_mean_normalized_rmse,-2.6891634908654538e-05,dimensionless,"Paired row resample of the fixed 4,000 row test predictions."
paired_bootstrap,replicate_1822,macro,ridge_minus_mean_normalized_rmse,-5.168340816663619e-05,dimensionless,"Paired row resample of the fixed 4,000 row test predictions."
paired_bootstrap,replicate_1823,macro,ridge_minus_mean_normalized_rmse,-2.0042440566803155e-05,dimensionless,"Paired row resample of the fixed 4,000 row test predictions."
paired_bootstrap,replicate_1824,macro,ridge_minus_mean_normalized_rmse,2.492922469010672e-06,dimensionless,"Paired row resample of the fixed 4,000 row test predictions."
paired_bootstrap,replicate_1825,macro,ridge_minus_mean_normalized_rmse,-3.626941732481903e-05,dimensionless,"Paired row resample of the fixed 4,000 row test predictions."
paired_bootstrap,replicate_1826,macro,ridge_minus_mean_normalized_rmse,4.2531340673834794e-05,dimensionless,"Paired row resample of the fixed 4,000 row test predictions."
paired_bootstrap,replicate_1827,macro,ridge_minus_mean_normalized_rmse,-8.18771861894052e-05,dimensionless,"Paired row resample of the fixed 4,000 row test predictions."
paired_bootstrap,replicate_1828,macro,ridge_minus_mean_normalized_rmse,-4.9950012416644096e-05,dimensionless,"Paired row resample of the fixed 4,000 row test predictions."
paired_bootstrap,replicate_1829,macro,ridge_minus_mean_normalized_rmse,8.560619518427348e-06,dimensionless,"Paired row resample of the fixed 4,000 row test predictions."
paired_bootstrap,replicate_1830,macro,ridge_minus_mean_normalized_rmse,-5.841335106931966e-05,dimensionless,"Paired row resample of the fixed 4,000 row test predictions."
paired_bootstrap,replicate_1831,macro,ridge_minus_mean_normalized_rmse,-7.298980746817119e-05,dimensionless,"Paired row resample of the fixed 4,000 row test predictions."
paired_bootstrap,replicate_1832,macro,ridge_minus_mean_normalized_rmse,4.751660959034787e-06,dimensionless,"Paired row resample of the fixed 4,000 row test predictions."
paired_bootstrap,replicate_1833,macro,ridge_minus_mean_normalized_rmse,-2.2191852781239252e-05,dimensionless,"Paired row resample of the fixed 4,000 row test predictions."
paired_bootstrap,replicate_1834,macro,ridge_minus_mean_normalized_rmse,-4.01074808824009e-05,dimensionless,"Paired row resample of the fixed 4,000 row test predictions."
paired_bootstrap,replicate_1835,macro,ridge_minus_mean_normalized_rmse,-7.59185570242682e-07,dimensionless,"Paired row resample of the fixed 4,000 row test predictions."
paired_bootstrap,replicate_1836,macro,ridge_minus_mean_normalized_rmse,-4.920703309735375e-05,dimensionless,"Paired row resample of the fixed 4,000 row test predictions."
paired_bootstrap,replicate_1837,macro,ridge_minus_mean_normalized_rmse,-4.570793174829557e-05,dimensionless,"Paired row resample of the fixed 4,000 row test predictions."
paired_bootstrap,replicate_1838,macro,ridge_minus_mean_normalized_rmse,-0.00012610610021829283,dimensionless,"Paired row resample of the fixed 4,000 row test predictions."
paired_bootstrap,replicate_1839,macro,ridge_minus_mean_normalized_rmse,-9.460978332220815e-05,dimensionless,"Paired row resample of the fixed 4,000 row test predictions."
paired_bootstrap,replicate_1840,macro,ridge_minus_mean_normalized_rmse,-7.213260732641391e-05,dimensionless,"Paired row resample of the fixed 4,000 row test predictions."
paired_bootstrap,replicate_1841,macro,ridge_minus_mean_normalized_rmse,-3.0044933405581897e-05,dimensionless,"Paired row resample of the fixed 4,000 row test predictions."
paired_bootstrap,replicate_1842,macro,ridge_minus_mean_normalized_rmse,4.6855945048829284e-05,dimensionless,"Paired row resample of the fixed 4,000 row test predictions."
paired_bootstrap,replicate_1843,macro,ridge_minus_mean_normalized_rmse,-4.8114196133652865e-05,dimensionless,"Paired row resample of the fixed 4,000 row test predictions."
paired_bootstrap,replicate_1844,macro,ridge_minus_mean_normalized_rmse,-0.00011209550531832146,dimensionless,"Paired row resample of the fixed 4,000 row test predictions."
paired_bootstrap,replicate_1845,macro,ridge_minus_mean_normalized_rmse,-3.309693444852879e-05,dimensionless,"Paired row resample of the fixed 4,000 row test predictions."
paired_bootstrap,replicate_1846,macro,ridge_minus_mean_normalized_rmse,-1.6810036929937322e-05,dimensionless,"Paired row resample of the fixed 4,000 row test predictions."
paired_bootstrap,replicate_1847,macro,ridge_minus_mean_normalized_rmse,2.038683742117131e-05,dimensionless,"Paired row resample of the fixed 4,000 row test predictions."
paired_bootstrap,replicate_1848,macro,ridge_minus_mean_normalized_rmse,1.787829238969474e-05,dimensionless,"Paired row resample of the fixed 4,000 row test predictions."
paired_bootstrap,replicate_1849,macro,ridge_minus_mean_normalized_rmse,-3.0307982554211854e-06,dimensionless,"Paired row resample of the fixed 4,000 row test predictions."
paired_bootstrap,replicate_1850,macro,ridge_minus_mean_normalized_rmse,-6.81813144716159e-05,dimensionless,"Paired row resample of the fixed 4,000 row test predictions."
paired_bootstrap,replicate_1851,macro,ridge_minus_mean_normalized_rmse,-7.599022085119644e-05,dimensionless,"Paired row resample of the fixed 4,000 row test predictions."
paired_bootstrap,replicate_1852,macro,ridge_minus_mean_normalized_rmse,-2.076612753038054e-05,dimensionless,"Paired row resample of the fixed 4,000 row test predictions."
paired_bootstrap,replicate_1853,macro,ridge_minus_mean_normalized_rmse,-1.0791859995140651e-05,dimensionless,"Paired row resample of the fixed 4,000 row test predictions."
paired_bootstrap,replicate_1854,macro,ridge_minus_mean_normalized_rmse,-0.00015296791293079037,dimensionless,"Paired row resample of the fixed 4,000 row test predictions."
paired_bootstrap,replicate_1855,macro,ridge_minus_mean_normalized_rmse,-0.00014370464104973557,dimensionless,"Paired row resample of the fixed 4,000 row test predictions."
paired_bootstrap,replicate_1856,macro,ridge_minus_mean_normalized_rmse,5.545848310972712e-05,dimensionless,"Paired row resample of the fixed 4,000 row test predictions."
paired_bootstrap,replicate_1857,macro,ridge_minus_mean_normalized_rmse,-1.647469451415695e-05,dimensionless,"Paired row resample of the fixed 4,000 row test predictions."
paired_bootstrap,replicate_1858,macro,ridge_minus_mean_normalized_rmse,-3.866193031570875e-05,dimensionless,"Paired row resample of the fixed 4,000 row test predictions."
paired_bootstrap,replicate_1859,macro,ridge_minus_mean_normalized_rmse,-5.3832217367377755e-05,dimensionless,"Paired row resample of the fixed 4,000 row test predictions."
paired_bootstrap,replicate_1860,macro,ridge_minus_mean_normalized_rmse,-3.71296585239822e-05,dimensionless,"Paired row resample of the fixed 4,000 row test predictions."
paired_bootstrap,replicate_1861,macro,ridge_minus_mean_normalized_rmse,-4.026210238322614e-05,dimensionless,"Paired row resample of the fixed 4,000 row test predictions."
paired_bootstrap,replicate_1862,macro,ridge_minus_mean_normalized_rmse,-7.872010326359646e-05,dimensionless,"Paired row resample of the fixed 4,000 row test predictions."
paired_bootstrap,replicate_1863,macro,ridge_minus_mean_normalized_rmse,9.64288769567112e-06,dimensionless,"Paired row resample of the fixed 4,000 row test predictions."
paired_bootstrap,replicate_1864,macro,ridge_minus_mean_normalized_rmse,-9.341995957151683e-05,dimensionless,"Paired row resample of the fixed 4,000 row test predictions."
paired_bootstrap,replicate_1865,macro,ridge_minus_mean_normalized_rmse,7.871679885806948e-06,dimensionless,"Paired row resample of the fixed 4,000 row test predictions."
paired_bootstrap,replicate_1866,macro,ridge_minus_mean_normalized_rmse,-6.22846351948092e-05,dimensionless,"Paired row resample of the fixed 4,000 row test predictions."
paired_bootstrap,replicate_1867,macro,ridge_minus_mean_normalized_rmse,2.5799771165735397e-05,dimensionless,"Paired row resample of the fixed 4,000 row test predictions."
paired_bootstrap,replicate_1868,macro,ridge_minus_mean_normalized_rmse,-4.3302764967056984e-05,dimensionless,"Paired row resample of the fixed 4,000 row test predictions."
paired_bootstrap,replicate_1869,macro,ridge_minus_mean_normalized_rmse,-8.275282698594344e-05,dimensionless,"Paired row resample of the fixed 4,000 row test predictions."
paired_bootstrap,replicate_1870,macro,ridge_minus_mean_normalized_rmse,2.6152074820817717e-05,dimensionless,"Paired row resample of the fixed 4,000 row test predictions."
paired_bootstrap,replicate_1871,macro,ridge_minus_mean_normalized_rmse,-3.009112676899406e-05,dimensionless,"Paired row resample of the fixed 4,000 row test predictions."
paired_bootstrap,replicate_1872,macro,ridge_minus_mean_normalized_rmse,-0.00013610788360191028,dimensionless,"Paired row resample of the fixed 4,000 row test predictions."
paired_bootstrap,replicate_1873,macro,ridge_minus_mean_normalized_rmse,-7.6143031313979925e-06,dimensionless,"Paired row resample of the fixed 4,000 row test predictions."
paired_bootstrap,replicate_1874,macro,ridge_minus_mean_normalized_rmse,-0.0001382514797921841,dimensionless,"Paired row resample of the fixed 4,000 row test predictions."
paired_bootstrap,replicate_1875,macro,ridge_minus_mean_normalized_rmse,-8.143029641627386e-05,dimensionless,"Paired row resample of the fixed 4,000 row test predictions."
paired_bootstrap,replicate_1876,macro,ridge_minus_mean_normalized_rmse,-5.850312959626569e-05,dimensionless,"Paired row resample of the fixed 4,000 row test predictions."
paired_bootstrap,replicate_1877,macro,ridge_minus_mean_normalized_rmse,2.9682476600678687e-05,dimensionless,"Paired row resample of the fixed 4,000 row test predictions."
paired_bootstrap,replicate_1878,macro,ridge_minus_mean_normalized_rmse,2.0736565858436862e-05,dimensionless,"Paired row resample of the fixed 4,000 row test predictions."
paired_bootstrap,replicate_1879,macro,ridge_minus_mean_normalized_rmse,-5.527039974478898e-05,dimensionless,"Paired row resample of the fixed 4,000 row test predictions."
paired_bootstrap,replicate_1880,macro,ridge_minus_mean_normalized_rmse,3.824008053721073e-05,dimensionless,"Paired row resample of the fixed 4,000 row test predictions."
paired_bootstrap,replicate_1881,macro,ridge_minus_mean_normalized_rmse,-2.4770894465619975e-05,dimensionless,"Paired row resample of the fixed 4,000 row test predictions."
paired_bootstrap,replicate_1882,macro,ridge_minus_mean_normalized_rmse,3.1024502855081515e-06,dimensionless,"Paired row resample of the fixed 4,000 row test predictions."
paired_bootstrap,replicate_1883,macro,ridge_minus_mean_normalized_rmse,-4.589654960840406e-05,dimensionless,"Paired row resample of the fixed 4,000 row test predictions."
paired_bootstrap,replicate_1884,macro,ridge_minus_mean_normalized_rmse,-1.8340280469986148e-05,dimensionless,"Paired row resample of the fixed 4,000 row test predictions."
paired_bootstrap,replicate_1885,macro,ridge_minus_mean_normalized_rmse,-5.5932225572097316e-05,dimensionless,"Paired row resample of the fixed 4,000 row test predictions."
paired_bootstrap,replicate_1886,macro,ridge_minus_mean_normalized_rmse,-1.6409534404404624e-05,dimensionless,"Paired row resample of the fixed 4,000 row test predictions."
paired_bootstrap,replicate_1887,macro,ridge_minus_mean_normalized_rmse,-6.492086629655835e-05,dimensionless,"Paired row resample of the fixed 4,000 row test predictions."
paired_bootstrap,replicate_1888,macro,ridge_minus_mean_normalized_rmse,-5.049008732238569e-05,dimensionless,"Paired row resample of the fixed 4,000 row test predictions."
paired_bootstrap,replicate_1889,macro,ridge_minus_mean_normalized_rmse,-4.4360612332650096e-05,dimensionless,"Paired row resample of the fixed 4,000 row test predictions."
paired_bootstrap,replicate_1890,macro,ridge_minus_mean_normalized_rmse,-7.067718675701773e-06,dimensionless,"Paired row resample of the fixed 4,000 row test predictions."
paired_bootstrap,replicate_1891,macro,ridge_minus_mean_normalized_rmse,-8.73942894275559e-05,dimensionless,"Paired row resample of the fixed 4,000 row test predictions."
paired_bootstrap,replicate_1892,macro,ridge_minus_mean_normalized_rmse,-3.192418086322979e-05,dimensionless,"Paired row resample of the fixed 4,000 row test predictions."
paired_bootstrap,replicate_1893,macro,ridge_minus_mean_normalized_rmse,-6.786749601594977e-05,dimensionless,"Paired row resample of the fixed 4,000 row test predictions."
paired_bootstrap,replicate_1894,macro,ridge_minus_mean_normalized_rmse,6.92861964781688e-05,dimensionless,"Paired row resample of the fixed 4,000 row test predictions."
paired_bootstrap,replicate_1895,macro,ridge_minus_mean_normalized_rmse,-9.948948488169851e-05,dimensionless,"Paired row resample of the fixed 4,000 row test predictions."
paired_bootstrap,replicate_1896,macro,ridge_minus_mean_normalized_rmse,2.3509030548318766e-05,dimensionless,"Paired row resample of the fixed 4,000 row test predictions."
paired_bootstrap,replicate_1897,macro,ridge_minus_mean_normalized_rmse,-2.102428794015232e-05,dimensionless,"Paired row resample of the fixed 4,000 row test predictions."
paired_bootstrap,replicate_1898,macro,ridge_minus_mean_normalized_rmse,-2.0529129068469487e-05,dimensionless,"Paired row resample of the fixed 4,000 row test predictions."
paired_bootstrap,replicate_1899,macro,ridge_minus_mean_normalized_rmse,4.8816864017864336e-05,dimensionless,"Paired row resample of the fixed 4,000 row test predictions."
paired_bootstrap,replicate_1900,macro,ridge_minus_mean_normalized_rmse,-0.00011310558910704316,dimensionless,"Paired row resample of the fixed 4,000 row test predictions."
paired_bootstrap,replicate_1901,macro,ridge_minus_mean_normalized_rmse,-3.8887477416926775e-05,dimensionless,"Paired row resample of the fixed 4,000 row test predictions."
paired_bootstrap,replicate_1902,macro,ridge_minus_mean_normalized_rmse,2.4042968044868385e-05,dimensionless,"Paired row resample of the fixed 4,000 row test predictions."
paired_bootstrap,replicate_1903,macro,ridge_minus_mean_normalized_rmse,1.7628025640703537e-05,dimensionless,"Paired row resample of the fixed 4,000 row test predictions."
paired_bootstrap,replicate_1904,macro,ridge_minus_mean_normalized_rmse,7.88363632131528e-06,dimensionless,"Paired row resample of the fixed 4,000 row test predictions."
paired_bootstrap,replicate_1905,macro,ridge_minus_mean_normalized_rmse,6.023168568847215e-06,dimensionless,"Paired row resample of the fixed 4,000 row test predictions."
paired_bootstrap,replicate_1906,macro,ridge_minus_mean_normalized_rmse,9.480580649978698e-05,dimensionless,"Paired row resample of the fixed 4,000 row test predictions."
paired_bootstrap,replicate_1907,macro,ridge_minus_mean_normalized_rmse,-7.013039971914825e-06,dimensionless,"Paired row resample of the fixed 4,000 row test predictions."
paired_bootstrap,replicate_1908,macro,ridge_minus_mean_normalized_rmse,-3.0057704879293823e-05,dimensionless,"Paired row resample of the fixed 4,000 row test predictions."
paired_bootstrap,replicate_1909,macro,ridge_minus_mean_normalized_rmse,-0.00010949991402176007,dimensionless,"Paired row resample of the fixed 4,000 row test predictions."
paired_bootstrap,replicate_1910,macro,ridge_minus_mean_normalized_rmse,-7.174007716459485e-05,dimensionless,"Paired row resample of the fixed 4,000 row test predictions."
paired_bootstrap,replicate_1911,macro,ridge_minus_mean_normalized_rmse,-0.00012881768744854583,dimensionless,"Paired row resample of the fixed 4,000 row test predictions."
paired_bootstrap,replicate_1912,macro,ridge_minus_mean_normalized_rmse,3.42345367054242e-05,dimensionless,"Paired row resample of the fixed 4,000 row test predictions."
paired_bootstrap,replicate_1913,macro,ridge_minus_mean_normalized_rmse,-6.354383878548475e-05,dimensionless,"Paired row resample of the fixed 4,000 row test predictions."
paired_bootstrap,replicate_1914,macro,ridge_minus_mean_normalized_rmse,-5.7906578855349e-05,dimensionless,"Paired row resample of the fixed 4,000 row test predictions."
paired_bootstrap,replicate_1915,macro,ridge_minus_mean_normalized_rmse,-1.8393285996731734e-05,dimensionless,"Paired row resample of the fixed 4,000 row test predictions."
paired_bootstrap,replicate_1916,macro,ridge_minus_mean_normalized_rmse,-2.8833124391891563e-05,dimensionless,"Paired row resample of the fixed 4,000 row test predictions."
paired_bootstrap,replicate_1917,macro,ridge_minus_mean_normalized_rmse,-2.1752197014446306e-05,dimensionless,"Paired row resample of the fixed 4,000 row test predictions."
paired_bootstrap,replicate_1918,macro,ridge_minus_mean_normalized_rmse,-3.532367565317607e-05,dimensionless,"Paired row resample of the fixed 4,000 row test predictions."
paired_bootstrap,replicate_1919,macro,ridge_minus_mean_normalized_rmse,-4.5338273829187425e-05,dimensionless,"Paired row resample of the fixed 4,000 row test predictions."
paired_bootstrap,replicate_1920,macro,ridge_minus_mean_normalized_rmse,-6.175733876495615e-05,dimensionless,"Paired row resample of the fixed 4,000 row test predictions."
paired_bootstrap,replicate_1921,macro,ridge_minus_mean_normalized_rmse,1.978541139041612e-05,dimensionless,"Paired row resample of the fixed 4,000 row test predictions."
paired_bootstrap,replicate_1922,macro,ridge_minus_mean_normalized_rmse,-6.425905023477174e-05,dimensionless,"Paired row resample of the fixed 4,000 row test predictions."
paired_bootstrap,replicate_1923,macro,ridge_minus_mean_normalized_rmse,-1.463481267677258e-05,dimensionless,"Paired row resample of the fixed 4,000 row test predictions."
paired_bootstrap,replicate_1924,macro,ridge_minus_mean_normalized_rmse,4.192605518371639e-05,dimensionless,"Paired row resample of the fixed 4,000 row test predictions."
paired_bootstrap,replicate_1925,macro,ridge_minus_mean_normalized_rmse,-1.0154568161890865e-05,dimensionless,"Paired row resample of the fixed 4,000 row test predictions."
paired_bootstrap,replicate_1926,macro,ridge_minus_mean_normalized_rmse,-4.2798504192476106e-05,dimensionless,"Paired row resample of the fixed 4,000 row test predictions."
paired_bootstrap,replicate_1927,macro,ridge_minus_mean_normalized_rmse,-0.00012834452990867495,dimensionless,"Paired row resample of the fixed 4,000 row test predictions."
paired_bootstrap,replicate_1928,macro,ridge_minus_mean_normalized_rmse,9.054157009841246e-05,dimensionless,"Paired row resample of the fixed 4,000 row test predictions."
paired_bootstrap,replicate_1929,macro,ridge_minus_mean_normalized_rmse,-1.8324554676041327e-05,dimensionless,"Paired row resample of the fixed 4,000 row test predictions."
paired_bootstrap,replicate_1930,macro,ridge_minus_mean_normalized_rmse,-5.8662926406050087e-05,dimensionless,"Paired row resample of the fixed 4,000 row test predictions."
paired_bootstrap,replicate_1931,macro,ridge_minus_mean_normalized_rmse,8.479681108308768e-05,dimensionless,"Paired row resample of the fixed 4,000 row test predictions."
paired_bootstrap,replicate_1932,macro,ridge_minus_mean_normalized_rmse,0.00010475563365736074,dimensionless,"Paired row resample of the fixed 4,000 row test predictions."
paired_bootstrap,replicate_1933,macro,ridge_minus_mean_normalized_rmse,-3.191487828457795e-05,dimensionless,"Paired row resample of the fixed 4,000 row test predictions."
paired_bootstrap,replicate_1934,macro,ridge_minus_mean_normalized_rmse,-4.0336036949861764e-05,dimensionless,"Paired row resample of the fixed 4,000 row test predictions."
paired_bootstrap,replicate_1935,macro,ridge_minus_mean_normalized_rmse,5.4720330405322315e-05,dimensionless,"Paired row resample of the fixed 4,000 row test predictions."
paired_bootstrap,replicate_1936,macro,ridge_minus_mean_normalized_rmse,-3.4388657655926025e-06,dimensionless,"Paired row resample of the fixed 4,000 row test predictions."
paired_bootstrap,replicate_1937,macro,ridge_minus_mean_normalized_rmse,-9.069718771803625e-05,dimensionless,"Paired row resample of the fixed 4,000 row test predictions."
paired_bootstrap,replicate_1938,macro,ridge_minus_mean_normalized_rmse,7.427136888393804e-05,dimensionless,"Paired row resample of the fixed 4,000 row test predictions."
paired_bootstrap,replicate_1939,macro,ridge_minus_mean_normalized_rmse,-8.439090291806339e-05,dimensionless,"Paired row resample of the fixed 4,000 row test predictions."
paired_bootstrap,replicate_1940,macro,ridge_minus_mean_normalized_rmse,-0.00014023357799120006,dimensionless,"Paired row resample of the fixed 4,000 row test predictions."
paired_bootstrap,replicate_1941,macro,ridge_minus_mean_normalized_rmse,2.8421906941300534e-05,dimensionless,"Paired row resample of the fixed 4,000 row test predictions."
paired_bootstrap,replicate_1942,macro,ridge_minus_mean_normalized_rmse,4.104686669570423e-05,dimensionless,"Paired row resample of the fixed 4,000 row test predictions."
paired_bootstrap,replicate_1943,macro,ridge_minus_mean_normalized_rmse,-0.0001414869647342054,dimensionless,"Paired row resample of the fixed 4,000 row test predictions."
paired_bootstrap,replicate_1944,macro,ridge_minus_mean_normalized_rmse,-4.235902222471388e-05,dimensionless,"Paired row resample of the fixed 4,000 row test predictions."
paired_bootstrap,replicate_1945,macro,ridge_minus_mean_normalized_rmse,4.571023860033829e-06,dimensionless,"Paired row resample of the fixed 4,000 row test predictions."
paired_bootstrap,replicate_1946,macro,ridge_minus_mean_normalized_rmse,-6.252636240128284e-05,dimensionless,"Paired row resample of the fixed 4,000 row test predictions."
paired_bootstrap,replicate_1947,macro,ridge_minus_mean_normalized_rmse,-3.715874622556292e-05,dimensionless,"Paired row resample of the fixed 4,000 row test predictions."
paired_bootstrap,replicate_1948,macro,ridge_minus_mean_normalized_rmse,-7.238626665845294e-05,dimensionless,"Paired row resample of the fixed 4,000 row test predictions."
paired_bootstrap,replicate_1949,macro,ridge_minus_mean_normalized_rmse,1.8617005067445014e-05,dimensionless,"Paired row resample of the fixed 4,000 row test predictions."
paired_bootstrap,replicate_1950,macro,ridge_minus_mean_normalized_rmse,-7.375730655134749e-05,dimensionless,"Paired row resample of the fixed 4,000 row test predictions."
paired_bootstrap,replicate_1951,macro,ridge_minus_mean_normalized_rmse,-0.0001657124842181501,dimensionless,"Paired row resample of the fixed 4,000 row test predictions."
paired_bootstrap,replicate_1952,macro,ridge_minus_mean_normalized_rmse,1.744215647381253e-05,dimensionless,"Paired row resample of the fixed 4,000 row test predictions."
paired_bootstrap,replicate_1953,macro,ridge_minus_mean_normalized_rmse,-8.966679830735291e-05,dimensionless,"Paired row resample of the fixed 4,000 row test predictions."
paired_bootstrap,replicate_1954,macro,ridge_minus_mean_normalized_rmse,-0.000113001121613443,dimensionless,"Paired row resample of the fixed 4,000 row test predictions."
paired_bootstrap,replicate_1955,macro,ridge_minus_mean_normalized_rmse,7.303901800148616e-05,dimensionless,"Paired row resample of the fixed 4,000 row test predictions."
paired_bootstrap,replicate_1956,macro,ridge_minus_mean_normalized_rmse,-4.738080744354223e-05,dimensionless,"Paired row resample of the fixed 4,000 row test predictions."
paired_bootstrap,replicate_1957,macro,ridge_minus_mean_normalized_rmse,-9.875741446541131e-05,dimensionless,"Paired row resample of the fixed 4,000 row test predictions."
paired_bootstrap,replicate_1958,macro,ridge_minus_mean_normalized_rmse,-0.00010696141135679849,dimensionless,"Paired row resample of the fixed 4,000 row test predictions."
paired_bootstrap,replicate_1959,macro,ridge_minus_mean_normalized_rmse,-0.00011615086545035957,dimensionless,"Paired row resample of the fixed 4,000 row test predictions."
paired_bootstrap,replicate_1960,macro,ridge_minus_mean_normalized_rmse,-7.130737697269574e-05,dimensionless,"Paired row resample of the fixed 4,000 row test predictions."
paired_bootstrap,replicate_1961,macro,ridge_minus_mean_normalized_rmse,2.1534209408924365e-05,dimensionless,"Paired row resample of the fixed 4,000 row test predictions."
paired_bootstrap,replicate_1962,macro,ridge_minus_mean_normalized_rmse,-5.05916659764849e-05,dimensionless,"Paired row resample of the fixed 4,000 row test predictions."
paired_bootstrap,replicate_1963,macro,ridge_minus_mean_normalized_rmse,-0.00010930582451590398,dimensionless,"Paired row resample of the fixed 4,000 row test predictions."
paired_bootstrap,replicate_1964,macro,ridge_minus_mean_normalized_rmse,4.527949320098923e-06,dimensionless,"Paired row resample of the fixed 4,000 row test predictions."
paired_bootstrap,replicate_1965,macro,ridge_minus_mean_normalized_rmse,1.459039067869261e-05,dimensionless,"Paired row resample of the fixed 4,000 row test predictions."
paired_bootstrap,replicate_1966,macro,ridge_minus_mean_normalized_rmse,-3.8407857965883085e-05,dimensionless,"Paired row resample of the fixed 4,000 row test predictions."
paired_bootstrap,replicate_1967,macro,ridge_minus_mean_normalized_rmse,-8.025932210403708e-05,dimensionless,"Paired row resample of the fixed 4,000 row test predictions."
paired_bootstrap,replicate_1968,macro,ridge_minus_mean_normalized_rmse,-2.7209773198033638e-05,dimensionless,"Paired row resample of the fixed 4,000 row test predictions."
paired_bootstrap,replicate_1969,macro,ridge_minus_mean_normalized_rmse,4.12280668715681e-06,dimensionless,"Paired row resample of the fixed 4,000 row test predictions."
paired_bootstrap,replicate_1970,macro,ridge_minus_mean_normalized_rmse,5.992130247928218e-05,dimensionless,"Paired row resample of the fixed 4,000 row test predictions."
paired_bootstrap,replicate_1971,macro,ridge_minus_mean_normalized_rmse,-0.0001569696535848597,dimensionless,"Paired row resample of the fixed 4,000 row test predictions."
paired_bootstrap,replicate_1972,macro,ridge_minus_mean_normalized_rmse,-2.7613010168459073e-05,dimensionless,"Paired row resample of the fixed 4,000 row test predictions."
paired_bootstrap,replicate_1973,macro,ridge_minus_mean_normalized_rmse,-1.6565087495923336e-05,dimensionless,"Paired row resample of the fixed 4,000 row test predictions."
paired_bootstrap,replicate_1974,macro,ridge_minus_mean_normalized_rmse,2.1293119734977495e-05,dimensionless,"Paired row resample of the fixed 4,000 row test predictions."
paired_bootstrap,replicate_1975,macro,ridge_minus_mean_normalized_rmse,-1.2926442928662407e-05,dimensionless,"Paired row resample of the fixed 4,000 row test predictions."
paired_bootstrap,replicate_1976,macro,ridge_minus_mean_normalized_rmse,-0.00016251766526714784,dimensionless,"Paired row resample of the fixed 4,000 row test predictions."
paired_bootstrap,replicate_1977,macro,ridge_minus_mean_normalized_rmse,-5.336584501242081e-05,dimensionless,"Paired row resample of the fixed 4,000 row test predictions."
paired_bootstrap,replicate_1978,macro,ridge_minus_mean_normalized_rmse,-1.650842778305739e-05,dimensionless,"Paired row resample of the fixed 4,000 row test predictions."
paired_bootstrap,replicate_1979,macro,ridge_minus_mean_normalized_rmse,1.4514056528358577e-05,dimensionless,"Paired row resample of the fixed 4,000 row test predictions."
paired_bootstrap,replicate_1980,macro,ridge_minus_mean_normalized_rmse,-1.6598592157968106e-06,dimensionless,"Paired row resample of the fixed 4,000 row test predictions."
paired_bootstrap,replicate_1981,macro,ridge_minus_mean_normalized_rmse,-8.14179692220085e-05,dimensionless,"Paired row resample of the fixed 4,000 row test predictions."
paired_bootstrap,replicate_1982,macro,ridge_minus_mean_normalized_rmse,-1.7600163313091777e-05,dimensionless,"Paired row resample of the fixed 4,000 row test predictions."
paired_bootstrap,replicate_1983,macro,ridge_minus_mean_normalized_rmse,-9.379511046420097e-05,dimensionless,"Paired row resample of the fixed 4,000 row test predictions."
paired_bootstrap,replicate_1984,macro,ridge_minus_mean_normalized_rmse,-7.222788581029427e-05,dimensionless,"Paired row resample of the fixed 4,000 row test predictions."
paired_bootstrap,replicate_1985,macro,ridge_minus_mean_normalized_rmse,4.150921219397974e-05,dimensionless,"Paired row resample of the fixed 4,000 row test predictions."
paired_bootstrap,replicate_1986,macro,ridge_minus_mean_normalized_rmse,-1.0695901985380285e-05,dimensionless,"Paired row resample of the fixed 4,000 row test predictions."
paired_bootstrap,replicate_1987,macro,ridge_minus_mean_normalized_rmse,7.851744777248593e-05,dimensionless,"Paired row resample of the fixed 4,000 row test predictions."
paired_bootstrap,replicate_1988,macro,ridge_minus_mean_normalized_rmse,-3.3489868714597915e-05,dimensionless,"Paired row resample of the fixed 4,000 row test predictions."
paired_bootstrap,replicate_1989,macro,ridge_minus_mean_normalized_rmse,-2.873488589255624e-05,dimensionless,"Paired row resample of the fixed 4,000 row test predictions."
paired_bootstrap,replicate_1990,macro,ridge_minus_mean_normalized_rmse,-2.869746559408526e-05,dimensionless,"Paired row resample of the fixed 4,000 row test predictions."
paired_bootstrap,replicate_1991,macro,ridge_minus_mean_normalized_rmse,-0.00017270060962909506,dimensionless,"Paired row resample of the fixed 4,000 row test predictions."
paired_bootstrap,replicate_1992,macro,ridge_minus_mean_normalized_rmse,-1.941339563832356e-05,dimensionless,"Paired row resample of the fixed 4,000 row test predictions."
paired_bootstrap,replicate_1993,macro,ridge_minus_mean_normalized_rmse,5.492820843971957e-05,dimensionless,"Paired row resample of the fixed 4,000 row test predictions."
paired_bootstrap,replicate_1994,macro,ridge_minus_mean_normalized_rmse,9.450771619023968e-05,dimensionless,"Paired row resample of the fixed 4,000 row test predictions."
paired_bootstrap,replicate_1995,macro,ridge_minus_mean_normalized_rmse,5.645511105589751e-05,dimensionless,"Paired row resample of the fixed 4,000 row test predictions."
paired_bootstrap,replicate_1996,macro,ridge_minus_mean_normalized_rmse,-9.684068182969074e-06,dimensionless,"Paired row resample of the fixed 4,000 row test predictions."
paired_bootstrap,replicate_1997,macro,ridge_minus_mean_normalized_rmse,-3.028552670464313e-05,dimensionless,"Paired row resample of the fixed 4,000 row test predictions."
paired_bootstrap,replicate_1998,macro,ridge_minus_mean_normalized_rmse,-0.00011138970938595616,dimensionless,"Paired row resample of the fixed 4,000 row test predictions."
paired_bootstrap,replicate_1999,macro,ridge_minus_mean_normalized_rmse,-0.00014642035070799864,dimensionless,"Paired row resample of the fixed 4,000 row test predictions."
sampler_sensitivity,deterministic_linspace_seed_-1,macro,training_mean_normalized_rmse,0.3474788618078087,dimensionless,rows=20000; unique_timestamps=20000; train=12000; validation=4000; test=4000; train_end=2015-09-10 01:00:00; validation_end=2016-06-03 04:00:00
sampler_sensitivity,all_eligible_rows_seed_-1,macro,training_mean_normalized_rmse,0.34053206621579585,dimensionless,rows=365943; unique_timestamps=34680; train=207723; validation=79617; test=78603; train_end=2015-07-29 03:00:00; validation_end=2016-05-14 02:00:00
sampler_sensitivity,even_timestamps_first_station_seed_-1,macro,training_mean_normalized_rmse,0.34851117180709484,dimensionless,rows=20000; unique_timestamps=20000; train=12000; validation=4000; test=4000; train_end=2015-07-29 02:00:00; validation_end=2016-05-14 01:00:00
sampler_sensitivity,random_rows_seed_0,macro,training_mean_normalized_rmse,0.3486507316133187,dimensionless,rows=20000; unique_timestamps=15348; train=11921; validation=4048; test=4031; train_end=2015-09-05 00:00:00; validation_end=2016-06-01 05:00:00
sampler_sensitivity,random_rows_seed_1,macro,training_mean_normalized_rmse,0.34571629147090827,dimensionless,rows=20000; unique_timestamps=15394; train=11847; validation=4097; test=4056; train_end=2015-09-03 10:00:00; validation_end=2016-05-30 04:00:00
sampler_sensitivity,random_rows_seed_2,macro,training_mean_normalized_rmse,0.35166083268919995,dimensionless,rows=20000; unique_timestamps=15386; train=11872; validation=4035; test=4093; train_end=2015-09-01 09:00:00; validation_end=2016-05-30 18:00:00
sampler_sensitivity,random_rows_seed_3,macro,training_mean_normalized_rmse,0.35217255771322503,dimensionless,rows=20000; unique_timestamps=15366; train=11886; validation=4076; test=4038; train_end=2015-09-03 11:00:00; validation_end=2016-06-02 00:00:00
sampler_sensitivity,random_rows_seed_4,macro,training_mean_normalized_rmse,0.33962128861936974,dimensionless,rows=20000; unique_timestamps=15419; train=11919; validation=4029; test=4052; train_end=2015-09-03 03:00:00; validation_end=2016-05-30 06:00:00
sampler_sensitivity,random_rows_seed_5,macro,training_mean_normalized_rmse,0.35125733487854677,dimensionless,rows=20000; unique_timestamps=15389; train=11836; validation=4051; test=4113; train_end=2015-08-29 12:00:00; validation_end=2016-05-28 22:00:00
sampler_sensitivity,random_rows_seed_6,macro,training_mean_normalized_rmse,0.3485942371438013,dimensionless,rows=20000; unique_timestamps=15391; train=11823; validation=4094; test=4083; train_end=2015-09-01 10:00:00; validation_end=2016-05-29 22:00:00
sampler_sensitivity,random_rows_seed_7,macro,training_mean_normalized_rmse,0.34198801068095847,dimensionless,rows=20000; unique_timestamps=15396; train=11921; validation=4036; test=4043; train_end=2015-09-08 16:00:00; validation_end=2016-06-05 17:00:00
sampler_sensitivity,random_rows_seed_8,macro,training_mean_normalized_rmse,0.34036226706182093,dimensionless,rows=20000; unique_timestamps=15332; train=11918; validation=4044; test=4038; train_end=2015-09-11 06:00:00; validation_end=2016-06-04 01:00:00
sampler_sensitivity,random_rows_seed_9,macro,training_mean_normalized_rmse,0.33079264113088563,dimensionless,rows=20000; unique_timestamps=15376; train=11852; validation=4073; test=4075; train_end=2015-09-01 05:00:00; validation_end=2016-05-29 15:00:00
sampler_sensitivity,random_rows_seed_10,macro,training_mean_normalized_rmse,0.3436349014640192,dimensionless,rows=20000; unique_timestamps=15398; train=11896; validation=4062; test=4042; train_end=2015-09-05 09:00:00; validation_end=2016-05-30 05:00:00
sampler_sensitivity,random_rows_seed_11,macro,training_mean_normalized_rmse,0.35358480782760293,dimensionless,rows=20000; unique_timestamps=15278; train=11908; validation=4052; test=4040; train_end=2015-09-07 07:00:00; validation_end=2016-06-04 06:00:00
sampler_sensitivity,random_rows_seed_12,macro,training_mean_normalized_rmse,0.3489462940213787,dimensionless,rows=20000; unique_timestamps=15378; train=11933; validation=4040; test=4027; train_end=2015-09-07 07:00:00; validation_end=2016-06-04 02:00:00
sampler_sensitivity,random_rows_seed_13,macro,training_mean_normalized_rmse,0.3411228363717482,dimensionless,rows=20000; unique_timestamps=15298; train=11897; validation=4067; test=4036; train_end=2015-08-29 15:00:00; validation_end=2016-05-29 08:00:00
sampler_sensitivity,random_rows_seed_14,macro,training_mean_normalized_rmse,0.3493473353728236,dimensionless,rows=20000; unique_timestamps=15327; train=11895; validation=4033; test=4072; train_end=2015-09-03 00:00:00; validation_end=2016-06-02 09:00:00
sampler_sensitivity,random_rows_seed_15,macro,training_mean_normalized_rmse,0.348031356139821,dimensionless,rows=20000; unique_timestamps=15387; train=11911; validation=4074; test=4015; train_end=2015-09-20 03:00:00; validation_end=2016-06-04 04:00:00
sampler_sensitivity,random_rows_seed_16,macro,training_mean_normalized_rmse,0.35040645222997163,dimensionless,rows=20000; unique_timestamps=15276; train=11900; validation=4068; test=4032; train_end=2015-09-08 04:00:00; validation_end=2016-06-04 12:00:00
sampler_sensitivity,random_rows_seed_17,macro,training_mean_normalized_rmse,0.3473587247041558,dimensionless,rows=20000; unique_timestamps=15393; train=11898; validation=4085; test=4017; train_end=2015-08-28 11:00:00; validation_end=2016-05-29 13:00:00
sampler_sensitivity,random_rows_seed_18,macro,training_mean_normalized_rmse,0.3522162176761669,dimensionless,rows=20000; unique_timestamps=15325; train=11770; validation=4134; test=4096; train_end=2015-09-03 07:00:00; validation_end=2016-05-31 15:00:00
sampler_sensitivity,random_rows_seed_19,macro,training_mean_normalized_rmse,0.33995055392525403,dimensionless,rows=20000; unique_timestamps=15370; train=11929; validation=4005; test=4066; train_end=2015-09-01 20:00:00; validation_end=2016-05-27 11:00:00
pilot_variance_sensitivity,pilot_power_residual,CO,nuisance_aware_crb_1sigma,83015.25370819312,ug/m3,
pilot_variance_sensitivity,pilot_power_residual,O3,nuisance_aware_crb_1sigma,28099.068670478267,ug/m3,
pilot_variance_sensitivity,pilot_power_residual,SO2,nuisance_aware_crb_1sigma,4307.559672121383,ug/m3,
pilot_variance_sensitivity,pilot_power_residual,NO2,nuisance_aware_crb_1sigma,64426.6145279961,ug/m3,
pilot_variance_sensitivity,coherent_csi_residual,CO,nuisance_aware_crb_1sigma,52618.68915634025,ug/m3,
pilot_variance_sensitivity,coherent_csi_residual,O3,nuisance_aware_crb_1sigma,17948.072295521048,ug/m3,
pilot_variance_sensitivity,coherent_csi_residual,SO2,nuisance_aware_crb_1sigma,2760.8760969411665,ug/m3,
pilot_variance_sensitivity,coherent_csi_residual,NO2,nuisance_aware_crb_1sigma,41600.02303577023,ug/m3,
pilot_variance_sensitivity,coherent_csi_zero_residual,CO,nuisance_aware_crb_1sigma,11456.359247391667,ug/m3,
pilot_variance_sensitivity,coherent_csi_zero_residual,O3,nuisance_aware_crb_1sigma,3736.486033493735,ug/m3,
pilot_variance_sensitivity,coherent_csi_zero_residual,SO2,nuisance_aware_crb_1sigma,668.2165916992159,ug/m3,
pilot_variance_sensitivity,coherent_csi_zero_residual,NO2,nuisance_aware_crb_1sigma,8948.593300406623,ug/m3,
noise_requirement,validation,CO,normalized_rmse,0.000687592216306399,dimensionless,Global diagonal observation noise standard deviation scaling.
noise_requirement,validation,O3,normalized_rmse,0.0037061024177585957,dimensionless,Global diagonal observation noise standard deviation scaling.
noise_requirement,validation,SO2,normalized_rmse,0.001299071491229372,dimensionless,Global diagonal observation noise standard deviation scaling.
noise_requirement,validation,NO2,normalized_rmse,0.01169744716783004,dimensionless,Global diagonal observation noise standard deviation scaling.
noise_requirement,validation,PM2.5,normalized_rmse,0.12882493840184234,dimensionless,Global diagonal observation noise standard deviation scaling.
noise_requirement,validation,PM10,normalized_rmse,0.06225091470503186,dimensionless,Global diagonal observation noise standard deviation scaling.
noise_requirement,test,CO,normalized_rmse,0.0006976669801386214,dimensionless,Global diagonal observation noise standard deviation scaling.
noise_requirement,test,O3,normalized_rmse,0.003714815457955324,dimensionless,Global diagonal observation noise standard deviation scaling.
noise_requirement,test,SO2,normalized_rmse,0.0013048286758027636,dimensionless,Global diagonal observation noise standard deviation scaling.
noise_requirement,test,NO2,normalized_rmse,0.011756464453988088,dimensionless,Global diagonal observation noise standard deviation scaling.
noise_requirement,test,PM2.5,normalized_rmse,0.1122007116786916,dimensionless,Global diagonal observation noise standard deviation scaling.
noise_requirement,test,PM10,normalized_rmse,0.05924053818424304,dimensionless,Global diagonal observation noise standard deviation scaling.
