evaluation_row,datetime,station,selected_model,true_CO,predicted_CO,true_O3,predicted_O3,true_SO2,predicted_SO2,true_NO2,predicted_NO2,true_PM2.5,predicted_PM2.5,true_PM10,predicted_PM10
0,2016-06-03 06:00:00,Dingling,station_target_delta_ridge,700.0,722.073786086093,66.0,74.01581116310402,2.0,3.706918361142599,32.0,36.85817878419223,49.0,49.19094210562674,90.0,68.1033022707523
1,2016-06-03 07:00:00,Shunyi,station_target_delta_ridge,1000.0,1121.1694965092142,22.0,21.23237198826565,7.0,8.975434547485634,93.0,87.80584739533236,64.0,69.57423686590846,82.0,103.4044907144279
2,2016-06-03 09:00:00,Dingling,station_target_delta_ridge,1000.0,935.5602574631283,111.0,94.59001232110663,13.0,10.215699234311305,37.0,42.236308186602386,59.0,65.75437729258127,85.0,92.17076874753278
3,2016-06-03 10:00:00,Tiantan,station_target_delta_ridge,1700.0,1612.8146345122673,40.0,57.642812168644014,29.0,32.411280782889364,136.0,122.21364997345552,104.0,110.98037775995049,141.0,129.64766153503803
4,2016-06-03 12:00:00,Guanyuan,station_target_delta_ridge,1800.0,1610.1622090879519,84.0,112.15670435390297,28.0,29.713885778614845,123.0,98.64066262200981,118.0,117.8700427881524,189.0,156.2867703660993
5,2016-06-03 13:00:00,Wanshouxigong,station_target_delta_ridge,1200.0,1340.6987411703556,232.0,199.14367754338951,30.0,29.44754412424418,50.0,74.14752435469977,99.0,81.33221506772183,137.0,141.10343312719226
6,2016-06-03 15:00:00,Shunyi,station_target_delta_ridge,700.0,628.8067479201139,244.0,244.20068093039782,22.0,21.771139327174314,32.0,36.12498397347326,76.0,76.86115304638766,77.0,95.14272970605379
7,2016-06-03 17:00:00,Dingling,station_target_delta_ridge,1200.0,1122.6150427303346,240.0,226.57195615027845,20.0,18.596540028871914,50.0,48.48222069638332,105.0,97.93544564245913,144.0,134.78060268609238
8,2016-06-03 18:00:00,Shunyi,station_target_delta_ridge,700.0,730.6947542656432,239.0,226.8023512883733,21.0,20.290411294585567,33.0,33.28285632516608,68.0,78.66083870189573,89.0,125.71854235861842
9,2016-06-03 20:00:00,Dingling,station_target_delta_ridge,900.0,918.4727859594745,225.0,214.9481110950096,16.0,15.640858688603329,40.0,42.98219123673354,77.0,82.07728967321414,116.0,117.09129412709127
10,2016-06-03 21:00:00,Tiantan,station_target_delta_ridge,1200.0,1204.3304117881617,146.0,130.10736081385542,24.0,24.39089231166858,33.0,29.679875261391878,115.0,118.48009956800958,143.0,156.09681452404627
11,2016-06-03 23:00:00,Dongsi,station_target_delta_ridge,1400.0,1399.0593653562937,137.0,130.98352379736798,24.0,25.748938095669324,30.0,35.1355493447306,91.0,92.13008332250445,91.0,102.6736287715915
12,2016-06-04 00:00:00,Tiantan,station_target_delta_ridge,1100.0,1135.852760213324,126.0,94.96636484145142,17.0,19.027342252821906,27.0,31.951829771675268,70.0,74.47138424210932,71.0,118.4618627237038
13,2016-06-04 02:00:00,Guanyuan,station_target_delta_ridge,700.0,868.2894751011155,107.0,97.39634260170514,21.0,20.298882137364195,28.0,27.041489352288274,75.0,75.09662655828312,84.0,97.6059590598525
14,2016-06-04 03:00:00,Wanliu,station_target_delta_ridge,800.0,854.736153535914,85.0,92.29399252990677,19.0,20.026172592876698,47.0,44.51770681874,64.0,65.97226401985722,89.0,90.67380336280404
15,2016-06-04 05:00:00,Nongzhanguan,station_target_delta_ridge,800.0,875.1299491422402,90.0,91.35052742790839,18.0,16.698123459889047,29.0,28.786007227319914,80.0,75.44839593254665,107.0,95.98128920904188
16,2016-06-04 07:00:00,Dongsi,station_target_delta_ridge,900.0,974.2913830509269,64.0,62.436488880633966,19.0,21.657334590003053,41.0,39.16710859421212,87.0,90.95704536418839,108.0,109.7539759350834
17,2016-06-04 08:00:00,Tiantan,station_target_delta_ridge,1000.0,1018.9752655387246,66.0,67.37715665704538,25.0,22.255049191867155,49.0,45.78635910502792,97.0,105.28369242313477,158.0,139.52811064143387
18,2016-06-04 10:00:00,Gucheng,station_target_delta_ridge,1300.0,1189.9066251650177,138.0,131.18208432654006,20.0,20.67232738203224,59.0,62.30114532753878,136.0,120.95336537101117,214.0,199.24081403439664
19,2016-06-04 12:00:00,Aotizhongxin,station_target_delta_ridge,900.0,1024.560648643507,211.0,214.80244155803197,20.0,23.793440850950983,18.0,19.90901655236035,85.0,112.27916430767876,85.0,130.2707246089002
20,2016-06-04 13:00:00,Tiantan,station_target_delta_ridge,800.0,886.1313521030202,229.0,234.42980287083645,24.0,25.813773282856502,15.0,23.071364521608913,87.0,96.49348244796322,87.0,139.89175132530374
21,2016-06-04 15:00:00,Gucheng,station_target_delta_ridge,700.0,597.9632135041378,259.0,270.1293300634204,16.0,17.741947879440183,17.0,21.90944266973441,68.0,81.44057537974408,95.0,108.96915015166769
22,2016-06-04 17:00:00,Aotizhongxin,station_target_delta_ridge,700.0,738.3013784801392,263.0,255.71443595133726,13.0,14.218571162267963,15.0,21.402072362364077,69.0,71.6239163972413,100.0,100.91844055354848
23,2016-06-04 18:00:00,Tiantan,station_target_delta_ridge,700.0,652.941946671696,253.0,256.10194503188035,15.0,14.721355180975726,12.0,18.899704830643188,71.0,78.363069409689,71.0,120.70567164356527
24,2016-06-04 20:00:00,Gucheng,station_target_delta_ridge,700.0,690.3183800911693,204.0,193.88555901077552,7.0,8.317689688261128,32.0,36.06358756277638,63.0,60.862493172059914,123.0,125.28912035104737
25,2016-06-04 22:00:00,Aotizhongxin,station_target_delta_ridge,800.0,1079.6610031297018,177.0,136.21026503957935,13.0,11.986949326289567,26.0,53.84732611040587,74.0,92.94015298508313,91.0,118.49378487050667
26,2016-06-04 23:00:00,Shunyi,station_target_delta_ridge,1000.0,867.0906997331238,151.0,149.20462894925626,11.0,9.904874029374328,47.0,52.6383958649104,96.0,102.5448476937117,117.0,130.20733715752027
27,2016-06-05 01:00:00,Gucheng,station_target_delta_ridge,1000.0,1194.5149364975039,16.0,69.06551758680521,9.0,9.998498936773517,136.0,90.69732780492069,102.0,102.27255048454877,242.0,183.00242475835202
28,2016-06-05 03:00:00,Aotizhongxin,station_target_delta_ridge,800.0,1287.6314903697244,69.0,72.16542430888299,9.0,12.166072606389667,30.0,30.941010650874357,88.0,106.95196374393282,88.0,128.62491128088703
29,2016-06-05 04:00:00,Tiantan,station_target_delta_ridge,700.0,603.6931126162079,63.0,61.23878897140243,11.0,8.538019967266383,32.0,29.272659864108732,59.0,60.080348457109565,63.0,72.08283709786578
30,2016-06-05 06:00:00,Shunyi,station_target_delta_ridge,700.0,700.3766493799221,53.0,69.76405256551776,2.0,2.044061810759168,39.0,28.682610077447155,52.0,65.22936747995206,52.0,56.11206574876878
31,2016-06-05 08:00:00,Guanyuan,station_target_delta_ridge,800.0,724.6231631504539,58.0,56.25734579550477,16.0,16.41275434575726,42.0,44.580367905043964,60.0,57.97271807984024,75.0,86.66644004150784
32,2016-06-05 09:00:00,Wanshouxigong,station_target_delta_ridge,900.0,968.2689291463972,70.0,64.8886502111589,20.0,18.209282000004297,39.0,38.97226592739316,68.0,66.34890031847776,71.0,76.93368476066718
33,2016-06-05 11:00:00,Shunyi,station_target_delta_ridge,1200.0,1158.273622984906,113.0,123.34483187298555,6.0,7.47926282156749,32.0,23.519663560883206,64.0,67.08936952701151,64.0,64.85615288253125
34,2016-06-05 13:00:00,Guanyuan,station_target_delta_ridge,1200.0,1111.3214710499692,204.0,200.66901918577628,23.0,23.145679947745737,34.0,34.8921859620253,94.0,116.7465015099296,116.0,123.38601300690523
35,2016-06-05 14:00:00,Wanshouxigong,station_target_delta_ridge,900.0,1021.886143964864,260.0,251.79796979520617,20.0,19.96845646438197,21.0,21.841680817906834,88.0,95.15365114012991,101.0,113.86715615970184
36,2016-06-05 16:00:00,Nongzhanguan,station_target_delta_ridge,700.0,849.006025691886,245.0,247.07969938970368,13.0,12.534793365428007,18.0,18.771594949645316,81.0,83.88628083496978,81.0,86.2439616962201
37,2016-06-05 18:00:00,Guanyuan,station_target_delta_ridge,800.0,689.0144365089245,248.0,229.10512330618164,10.0,10.742307854125784,22.0,18.476212111313497,81.0,79.10414868593315,87.0,90.2095428216138
38,2016-06-05 19:00:00,Wanshouxigong,station_target_delta_ridge,800.0,865.078481663694,234.0,271.96409070011293,16.0,12.442791138708047,34.0,26.807727572167877,74.0,65.5026706775481,167.0,163.84701414711097
39,2016-06-05 21:00:00,Nongzhanguan,station_target_delta_ridge,600.0,786.6937415756986,119.0,110.29617492007046,11.0,13.112808224459702,36.0,39.89390846597569,37.0,43.882207109966714,89.0,72.13908362862331
40,2016-06-05 23:00:00,Guanyuan,station_target_delta_ridge,800.0,790.9163541827594,66.0,73.778573288356,9.0,10.278849907195937,51.0,48.83970869540297,45.0,39.129696644965634,92.0,95.21785120820145
41,2016-06-06 00:00:00,Wanshouxigong,station_target_delta_ridge,900.0,1040.6022992579929,46.0,52.026951728513325,8.0,8.934877424272557,55.0,53.43030781824836,41.0,43.12545650840087,91.0,102.66310820356637
42,2016-06-06 02:00:00,Tiantan,station_target_delta_ridge,600.0,674.1259057290918,39.0,39.1120814008419,4.0,6.980375965559923,41.0,46.05059853787104,52.0,53.97361330399451,52.0,67.63412152988786
43,2016-06-06 04:00:00,Wanliu,station_target_delta_ridge,600.0,444.6133272882568,2.0,18.300013747479703,2.0,1.9249177945346598,82.0,70.07820199168827,50.0,51.7462706564994,83.0,58.88108691764384
44,2016-06-06 06:00:00,Nongzhanguan,station_target_delta_ridge,600.0,848.0096892328235,58.0,53.777924670994786,6.0,7.717675644050017,28.0,31.188051972360917,77.0,92.2158911008567,77.0,94.82988230115322
45,2016-06-06 08:00:00,Dingling,station_target_delta_ridge,600.0,633.7024848281025,55.0,63.600283101472264,4.0,3.7013428364097276,43.0,29.03614927412054,60.0,58.90339614098877,79.0,62.31504652448069
46,2016-06-06 09:00:00,Wanliu,station_target_delta_ridge,800.0,899.2949676902402,45.0,31.7719627955071,13.0,10.864731830646353,55.0,63.196724036347675,83.0,77.2343712859421,88.0,88.2102851169345
47,2016-06-06 11:00:00,Shunyi,station_target_delta_ridge,800.0,826.1859576147691,127.0,130.0080527539746,2.0,2.483504427675755,20.0,19.816640394352966,66.0,80.64985728372594,66.0,71.04310890410756
48,2016-06-06 13:00:00,Guanyuan,station_target_delta_ridge,1300.0,1113.1642906949437,215.0,194.8734206824866,12.0,10.342123639777885,34.0,39.10114527322257,136.0,128.51621565388643,136.0,136.01501201913592
49,2016-06-06 14:00:00,Wanshouxigong,station_target_delta_ridge,1200.0,1213.7913862259675,255.0,251.2476063027299,13.0,12.556306484500046,22.0,21.09836655365597,126.0,124.48022473769353,126.0,143.0107710090767
50,2016-06-06 16:00:00,Tiantan,station_target_delta_ridge,1000.0,1095.1131224045644,265.0,270.25202776960487,12.0,13.291776770739041,15.0,18.912853221828186,134.0,119.82141879894722,134.0,133.45492458394787
51,2016-06-06 18:00:00,Huairou,station_target_delta_ridge,1200.0,1197.574191681396,272.0,276.9658124523349,11.0,9.608426047073687,27.0,26.779806588453578,107.0,111.87674982785481,146.0,135.3464064077187
52,2016-06-06 20:00:00,Aotizhongxin,station_target_delta_ridge,1000.0,1075.358919700497,262.0,249.22441589966323,9.0,10.72762594848877,21.0,28.558490601161555,130.0,130.4216327501867,146.0,141.7735185704387
53,2016-06-06 21:00:00,Nongzhanguan,station_target_delta_ridge,1100.0,1085.225256997444,225.0,216.33961041844813,12.0,10.969799115064866,40.0,35.12252256564329,117.0,122.32530014153676,121.0,137.17638191936877
54,2016-06-06 23:00:00,Changping,station_target_delta_ridge,700.0,537.8492602191689,68.0,100.12100701718066,2.0,1.2521349253137701,20.0,19.20185110447684,55.0,26.847904332414707,55.0,39.376008641214256
55,2016-06-07 00:00:00,Nongzhanguan,station_target_delta_ridge,900.0,812.7764487806837,134.0,140.19280987474687,2.0,1.1516937703711374,21.0,7.8075227332569614,70.0,48.28840566724908,70.0,45.723856937461406
56,2016-06-07 02:00:00,Changping,station_target_delta_ridge,700.0,680.2353521958418,25.0,23.218233053692593,2.0,2.585272877769206,63.0,42.85546240796403,62.0,64.53659149532272,62.0,56.611382819864815
57,2016-06-07 03:00:00,Shunyi,station_target_delta_ridge,700.0,760.3692905910871,92.0,97.67917534231745,2.0,1.6630301396722635,16.0,13.874169796991287,38.0,44.727693735238034,38.0,35.42639681507198
58,2016-06-07 05:00:00,Guanyuan,station_target_delta_ridge,900.0,786.2710935680573,105.0,110.09359939765339,2.0,0.5012975933294863,18.0,15.305777142867882,77.0,70.84052286438903,77.0,73.58294195381795
59,2016-06-07 06:00:00,Wanshouxigong,station_target_delta_ridge,1200.0,959.2607997948633,92.0,96.55939070142998,2.0,1.9053893738030232,15.0,13.497385266724173,51.0,51.88071361679232,51.0,49.483584648068586
60,2016-06-07 08:00:00,Huairou,station_target_delta_ridge,600.0,491.8107590107757,40.0,40.571356615526724,2.0,1.5084392948724403,15.0,17.56961005087463,33.0,31.87153676691716,131.0,107.98944707010317
61,2016-06-07 10:00:00,Aotizhongxin,station_target_delta_ridge,700.0,796.4344042111211,69.0,62.40980523954002,2.0,2.210158035972013,23.0,28.039261645342272,36.0,34.54498092372856,50.0,90.37905728149813
62,2016-06-07 11:00:00,Huairou,station_target_delta_ridge,600.0,600.3962460537172,73.0,74.4288950902702,3.0,3.2820628586277723,14.0,9.927971135941196,31.0,27.852573220117222,200.0,88.7243906987795
63,2016-06-07 13:00:00,Changping,station_target_delta_ridge,700.0,671.7028856328734,103.0,96.44264969580912,2.0,1.393970534608319,40.0,37.709972476248254,61.0,56.70655323289789,62.0,84.50966530042705
64,2016-06-07 14:00:00,Nongzhanguan,station_target_delta_ridge,1000.0,936.3325781396939,135.0,145.98576656100911,5.0,4.273193203774922,25.0,22.232966190067472,71.0,60.43497228280797,105.0,106.94905830106757
65,2016-06-07 16:00:00,Changping,station_target_delta_ridge,700.0,560.4161860207982,162.0,151.60013866866655,2.0,1.4143213236972187,25.0,28.04806811973153,54.0,48.39750306681664,65.0,65.95335656590396
66,2016-06-07 17:00:00,Nongzhanguan,station_target_delta_ridge,800.0,870.589519983691,155.0,161.4663988084244,3.0,3.2858657919727947,25.0,23.255472619607705,65.0,68.26873510325646,81.0,81.3707016036043
67,2016-06-07 19:00:00,Guanyuan,station_target_delta_ridge,1100.0,1011.3395448820526,147.0,148.57867321887522,2.0,0.9791217557777863,31.0,28.912673691681288,68.0,69.97328093118557,91.0,93.21683803143118
68,2016-06-07 20:00:00,Wanshouxigong,station_target_delta_ridge,1000.0,1119.8377071896205,135.0,138.0594778054683,2.0,0.6254807484833,28.0,29.072536127217816,78.0,80.77504389405358,94.0,98.02362205821112
69,2016-06-07 22:00:00,Nongzhanguan,station_target_delta_ridge,1200.0,1235.6623396297218,96.0,85.06429788705421,2.0,2.101541080724609,36.0,38.64928484127961,89.0,92.89438496602186,89.0,92.19850275567367
70,2016-06-08 00:00:00,Guanyuan,station_target_delta_ridge,1200.0,1216.1139292843036,89.0,84.08971841666147,2.0,1.2400196665920062,27.0,26.899763155161885,98.0,93.21774326622287,98.0,94.95215445189706
71,2016-06-08 02:00:00,Aotizhongxin,station_target_delta_ridge,1100.0,1180.8244647766303,79.0,71.07519733880797,2.0,2.6394462715309306,17.0,20.755350992957382,87.0,83.01203482324544,87.0,82.49630512073144
72,2016-06-08 03:00:00,Wanliu,station_target_delta_ridge,1000.0,1040.2579652774489,45.0,40.77607074120233,2.0,1.8947358975251527,34.0,34.083371589181105,90.0,94.37629486904474,90.0,92.98616625954932
73,2016-06-08 05:00:00,Tiantan,station_target_delta_ridge,1400.0,1512.6669534927223,10.0,8.939055478491177,2.0,3.392234805790456,33.0,24.38197325140912,109.0,105.68233097955581,109.0,115.33330765765959
74,2016-06-08 07:00:00,Shunyi,station_target_delta_ridge,1700.0,1761.9808156937365,10.0,13.138344297983654,2.0,1.6039000336714406,46.0,43.85999705059923,146.0,138.122421901237,146.0,136.43976677965514
75,2016-06-08 09:00:00,Guanyuan,station_target_delta_ridge,1400.0,1469.0660863025062,52.0,50.391926109555385,2.0,0.7312067585567155,50.0,53.18393042831923,134.0,138.94502283847217,134.0,145.27940392000158
76,2016-06-08 11:00:00,Aotizhongxin,station_target_delta_ridge,1200.0,1268.4368094358422,130.0,129.2876036193805,3.0,3.407476265248945,27.0,28.306270247034153,129.0,133.2521795232613,129.0,126.35396151792591
77,2016-06-08 12:00:00,Tiantan,station_target_delta_ridge,1200.0,1113.1354368395432,172.0,183.7865545023655,2.0,4.710618897832997,28.0,30.23991932178443,119.0,121.74722506946702,119.0,126.18505451932829
78,2016-06-08 14:00:00,Huairou,station_target_delta_ridge,800.0,787.435404928764,210.0,195.4280074036619,2.0,2.1822277309077163,18.0,14.164804868559077,71.0,66.18549544462935,71.0,125.42580480230146
79,2016-06-08 16:00:00,Changping,station_target_delta_ridge,1100.0,819.7811134672455,260.0,230.1417803218676,2.0,0.0861729056691678,38.0,30.35490160525466,94.0,77.45780408346639,94.0,89.971685226349
80,2016-06-08 17:00:00,Wanliu,station_target_delta_ridge,1100.0,1045.3790018204131,200.0,207.65288549533085,2.0,3.3325600482903943,44.0,44.410773846320964,114.0,117.98036651349055,114.0,116.11911785004438
81,2016-06-08 19:00:00,Guanyuan,station_target_delta_ridge,1600.0,1583.8068159051447,234.0,231.22880172776894,3.0,1.85456605323448,34.0,36.75997780244149,187.0,186.7886572994048,210.0,198.3148549208248
82,2016-06-08 20:00:00,Wanliu,station_target_delta_ridge,1600.0,1582.775472653752,227.0,210.02166268178289,2.0,2.8883374141914127,50.0,57.961958597962756,215.0,193.54083865317926,215.0,187.15547981803442
83,2016-06-08 22:00:00,Guanyuan,station_target_delta_ridge,1800.0,1656.9128655462475,164.0,158.86621070038248,6.0,6.783206453235677,51.0,52.12716086653115,212.0,211.60053864454542,212.0,200.36756904763794
84,2016-06-08 23:00:00,Wanshouxigong,station_target_delta_ridge,1700.0,1630.8280164833113,118.0,125.10590614535054,2.0,0.7153825680815153,61.0,50.5480691030192,199.0,216.23112690916977,199.0,213.2144934751373
85,2016-06-09 01:00:00,Gucheng,station_target_delta_ridge,1700.0,1846.8478457959561,83.0,44.91530338371125,2.0,2.180287997705613,75.0,131.44893380560953,203.0,232.76967901091683,203.0,226.9408276830213
86,2016-06-09 03:00:00,Aotizhongxin,station_target_delta_ridge,2200.0,1861.3189491633193,42.0,51.69082497501775,6.0,4.748471791966462,43.0,44.34482942024587,158.0,162.82054886115722,158.0,163.56478405769684
87,2016-06-09 04:00:00,Tiantan,station_target_delta_ridge,1800.0,2116.616975772187,29.0,25.193685571816793,4.0,4.041314284594183,61.0,69.25622978755436,133.0,149.51387410464739,133.0,158.7291333116136
88,2016-06-09 06:00:00,Huairou,station_target_delta_ridge,1100.0,1350.0,58.0,35.1,3.0,3.5,15.0,49.7,114.0,144.2,114.0,144.2
89,2016-06-09 08:00:00,Dingling,station_target_delta_ridge,1300.0,1226.2050672370103,63.0,72.10848419899872,2.0,2.913044651446215,43.0,38.55407004135115,175.0,151.77235466469924,175.0,143.45267597435196
90,2016-06-09 09:00:00,Wanshouxigong,station_target_delta_ridge,1500.0,1483.7607402630674,70.0,66.61479312597933,12.0,10.455541930752691,58.0,56.645152003616936,171.0,165.46374212768373,171.0,166.97204911674223
91,2016-06-09 11:00:00,Huairou,station_target_delta_ridge,1700.0,1470.0596024758945,172.0,156.45797204806664,21.0,17.707250748109388,28.0,28.847484951752605,151.0,151.75438246028065,151.0,163.81451928074256
92,2016-06-09 13:00:00,Dingling,station_target_delta_ridge,1300.0,1412.828798726566,235.0,224.62761292440734,10.0,9.287378157850117,39.0,38.24752042500673,177.0,167.7630878784633,177.0,173.2003778683981
93,2016-06-09 14:00:00,Tiantan,station_target_delta_ridge,800.0,829.7079258949004,239.0,249.37017428507812,17.0,20.515546031183025,13.0,14.883100718299952,84.0,73.45985176358028,84.0,99.22172372443221
94,2016-06-09 16:00:00,Guanyuan,station_target_delta_ridge,700.0,658.3678369936622,222.0,234.23577590268224,4.0,5.089912967941595,16.0,17.767881361015593,59.0,71.68198035235173,59.0,109.3581715649776
95,2016-06-09 17:00:00,Wanliu,station_target_delta_ridge,200.0,369.70047727164877,214.0,202.4076030086317,6.0,8.800739500226838,45.0,45.91935434165384,59.0,38.46419489342823,59.0,54.170555002655085
96,2016-06-09 19:00:00,Guanyuan,station_target_delta_ridge,600.0,543.247208274382,187.0,193.009653039446,2.0,0.849390197310468,24.0,22.114991255655603,46.0,43.00646196029501,53.0,75.63781197050847
97,2016-06-09 20:00:00,Wanshouxigong,station_target_delta_ridge,600.0,554.9669495982266,169.0,190.22231282754873,2.0,2.0456978900332436,29.0,29.55003633249367,50.0,48.26749760039186,115.0,90.85524799332025
98,2016-06-09 22:00:00,Gucheng,station_target_delta_ridge,700.0,563.0187229190572,176.0,147.96585638263994,2.0,1.950535070921144,17.0,33.05168137418052,63.0,44.70008484606714,224.0,155.7479649419301
99,2016-06-09 23:00:00,Wanshouxigong,station_target_delta_ridge,700.0,664.5498323613733,143.0,131.59925660788642,2.0,1.498730242931284,15.0,16.928486958990334,71.0,71.48119629129602,71.0,21.71544686784523
100,2016-06-10 01:00:00,Huairou,station_target_delta_ridge,800.0,794.9214446308513,92.0,92.95169690025774,2.0,2.123770930644664,7.0,8.884232851272523,56.0,43.79866637423291,56.0,63.219945361733494
101,2016-06-10 03:00:00,Dingling,station_target_delta_ridge,500.0,490.3657481985315,78.0,86.14267989797752,2.0,1.603490350122718,20.0,22.86042908311669,38.0,40.97159147470798,38.0,41.2233836813529
102,2016-06-10 04:00:00,Wanshouxigong,station_target_delta_ridge,700.0,671.8591605133988,123.0,108.55458329877277,2.0,1.1493851571722429,11.0,14.181574911158226,70.0,76.85061455148724,70.0,65.52949671120184
103,2016-06-10 06:00:00,Huairou,station_target_delta_ridge,800.0,813.5765190520694,45.0,66.18400667543132,2.0,2.3861216277329587,10.0,7.801125792255488,40.0,37.77375443454464,40.0,39.1649666602157
104,2016-06-10 08:00:00,Changping,station_target_delta_ridge,700.0,678.0652499895709,47.0,57.39156856015519,2.0,2.7569318993012955,47.0,27.696887275478442,46.0,32.37152975431345,46.0,35.12370800613665
105,2016-06-10 09:00:00,Nongzhanguan,station_target_delta_ridge,700.0,709.1346360945676,103.0,102.62892200010458,2.0,2.0320506005559333,31.0,35.162263926856,68.0,65.07183826137141,68.0,67.45495243499623
106,2016-06-10 11:00:00,Changping,station_target_delta_ridge,600.0,632.089630137569,144.0,144.36298823959734,2.0,2.128935558262681,22.0,21.220030431611157,36.0,35.32368956413314,36.0,41.995221597257014
107,2016-06-10 12:00:00,Shunyi,station_target_delta_ridge,800.0,872.216617260858,169.0,165.68714045929636,2.0,2.173035139820306,15.0,15.601161166739866,117.0,98.25711192329454,117.0,98.63216807431264
108,2016-06-10 14:00:00,Dongsi,station_target_delta_ridge,1000.0,968.0995280305428,241.0,231.53977829719048,4.0,3.3828888092586387,25.0,23.948560741579623,121.0,115.34826468458343,121.0,116.39232705014368
109,2016-06-10 15:00:00,Tiantan,station_target_delta_ridge,700.0,726.4805184432139,224.0,225.1227135268943,6.0,7.218012430952687,4.0,10.50650547212945,75.0,85.38434645070137,75.0,93.89260517272109
110,2016-06-10 17:00:00,Gucheng,station_target_delta_ridge,600.0,592.810329741133,180.0,137.57350786676275,2.0,2.2343810931925883,26.0,29.97604705429208,39.0,41.62319753681433,39.0,51.048881330832984
111,2016-06-10 19:00:00,Aotizhongxin,station_target_delta_ridge,200.0,162.71614000697195,101.0,100.50124005467012,2.0,1.772501348137022,11.0,6.493876013064564,7.0,6.3642647337561815,7.0,22.72568965619019
112,2016-06-10 20:00:00,Nongzhanguan,station_target_delta_ridge,300.0,185.26201395148755,81.0,87.28697380252878,2.0,2.0916566717308473,13.0,10.89635891362374,9.0,1.260551167121612,9.0,-4.7756269687338495
113,2016-06-10 22:00:00,Guanyuan,station_target_delta_ridge,700.0,637.5988670587636,65.0,67.7528417034823,2.0,2.3319685938442904,19.0,15.615302661557374,11.0,14.63015396299789,12.0,26.24371959482412
114,2016-06-10 23:00:00,Wanshouxigong,station_target_delta_ridge,300.0,364.6937459763566,69.0,66.10787788198544,2.0,0.684834574319372,13.0,11.563436993284764,24.0,21.833174323744664,26.0,52.77507148590557
115,2016-06-11 01:00:00,Gucheng,station_target_delta_ridge,200.0,249.43829951888608,73.0,67.98268730793912,2.0,2.4464769075349886,8.0,11.525716048803737,8.0,14.830075141389695,16.0,30.91794945491913
116,2016-06-11 02:00:00,Wanshouxigong,station_target_delta_ridge,300.0,255.09341050710844,62.0,59.03984135230268,2.0,2.296266518172611,10.0,8.941791764843467,4.0,14.116865805388294,31.0,14.776387063547611
117,2016-06-11 04:00:00,Huairou,station_target_delta_ridge,300.0,212.1117728182538,30.0,49.937469026762166,2.0,2.7833475692837295,13.0,7.056294125898734,4.0,4.357230313770829,5.0,9.130234690159547
118,2016-06-11 06:00:00,Dingling,station_target_delta_ridge,300.0,285.59558839584236,62.0,69.01151416699827,2.0,2.3537985377788395,2.0,2.7891333324040364,7.0,4.242830502748551,15.0,13.363956644574284
119,2016-06-11 07:00:00,Shunyi,station_target_delta_ridge,300.0,233.22470457898265,36.0,38.549627401524205,2.0,2.448928389617634,37.0,31.34668865053507,8.0,11.53467458705444,24.0,16.24279945671362
120,2016-06-11 09:00:00,Dongsi,station_target_delta_ridge,300.0,334.1099755024028,84.0,82.94120497529784,2.0,1.9903637971041388,11.0,9.105745869147958,9.0,9.492136925093348,16.0,11.6370595979273
121,2016-06-11 10:00:00,Tiantan,station_target_delta_ridge,400.0,424.4157948912368,92.0,95.67711989323581,4.0,6.309499374071479,5.0,6.701113374502464,12.0,5.530105295067528,21.0,13.924977587109112
122,2016-06-11 12:00:00,Dongsi,station_target_delta_ridge,300.0,378.70335534453613,101.0,104.35667448804756,2.0,1.3861091793542148,10.0,8.183757969183237,11.0,7.476855612482017,14.0,13.048834147425168
123,2016-06-11 13:00:00,Tiantan,station_target_delta_ridge,300.0,360.62830902966374,107.0,111.58748822512685,3.0,5.984139771806799,4.0,6.703480167631733,11.0,3.0077256409172435,11.0,4.468317125958759
124,2016-06-11 15:00:00,Guanyuan,station_target_delta_ridge,300.0,273.6513769144025,114.0,121.32130128751821,2.0,1.585576171809734,12.0,10.608441272146832,3.0,14.611392141726533,5.0,22.817369097772136
125,2016-06-11 16:00:00,Wanshouxigong,station_target_delta_ridge,400.0,402.23116204452464,149.0,132.9168203745014,2.0,2.20620292274949,15.0,10.997260587924233,17.0,13.533830079053594,49.0,8.57861266062633
126,2016-06-11 18:00:00,Gucheng,station_target_delta_ridge,300.0,293.373535712118,131.0,127.30562956022729,2.0,2.6452652200449283,17.0,20.432319936634553,11.0,9.818462679879781,39.0,37.96105006320706
127,2016-06-11 20:00:00,Aotizhongxin,station_target_delta_ridge,300.0,321.40381308734635,117.0,106.24950855509755,2.0,1.5888952730808548,28.0,37.64599808175711,17.0,15.288112789204147,41.0,40.31887604900357
128,2016-06-11 21:00:00,Huairou,station_target_delta_ridge,400.0,440.8331684027178,62.0,71.49782462910726,2.0,1.6555144776763346,27.0,29.306890873898467,16.0,16.07035273304411,98.0,48.22708453892564
129,2016-06-11 23:00:00,Aotizhongxin,station_target_delta_ridge,700.0,683.1164048070044,19.0,20.181988658006098,3.0,1.9922872509197238,77.0,83.04479152952241,29.0,33.984431065270925,83.0,103.5519247507697
130,2016-06-12 00:00:00,Huairou,station_target_delta_ridge,800.0,461.8491137381559,45.0,29.370773720182303,2.0,1.5461544058816599,29.0,35.24640998891134,27.0,21.467764646539024,41.0,98.64838935090722
131,2016-06-12 02:00:00,Dingling,station_target_delta_ridge,300.0,369.37245793421795,47.0,62.166920109832645,2.0,3.320448298076911,12.0,5.097886659803392,11.0,31.42430920387112,25.0,29.885778466526425
132,2016-06-12 03:00:00,Wanliu,station_target_delta_ridge,1200.0,1226.4666664579431,33.0,58.18949648276197,3.0,1.5397698155177098,55.0,40.15595702242297,74.0,77.70035027612278,83.0,106.6649861237674
133,2016-06-12 05:00:00,Huairou,station_target_delta_ridge,1300.0,1612.387116040029,35.0,43.960383173251316,6.0,6.858582259172649,16.0,18.502174454547013,57.0,54.54892715642092,57.0,62.725372799824015
134,2016-06-12 07:00:00,Dongsi,station_target_delta_ridge,1500.0,1568.577454724661,55.0,61.15802246780203,9.0,8.307035114010862,36.0,26.456763211260153,98.0,96.796046252129,98.0,97.17151929060194
135,2016-06-12 08:00:00,Tiantan,station_target_delta_ridge,1400.0,1345.7893052748561,58.0,58.84893235575587,6.0,7.431805978335983,37.0,31.450162586565245,103.0,100.34720881708446,103.0,100.79190333827964
136,2016-06-12 10:00:00,Guanyuan,station_target_delta_ridge,1300.0,1400.0,78.0,94.7,13.0,10.7,43.0,32.7,125.0,99.0,125.0,99.0
137,2016-06-12 12:00:00,Aotizhongxin,station_target_delta_ridge,1300.0,1286.0463838101612,164.0,156.3586628599998,11.0,10.044153118904413,28.0,29.527567880844117,103.0,98.93070447177169,103.0,97.57422693791374
138,2016-06-12 13:00:00,Huairou,station_target_delta_ridge,1200.0,1118.1987862780986,196.0,206.6648559895463,12.0,10.334652275021769,17.0,16.04394841306513,75.0,68.64792793797186,90.0,92.7282573959822
139,2016-06-12 15:00:00,Aotizhongxin,station_target_delta_ridge,500.0,511.1225282367551,203.0,212.04479955909287,6.0,5.766537074917854,15.0,18.67605980706859,40.0,53.26688909182046,40.0,61.90916738374541
140,2016-06-12 16:00:00,Huairou,station_target_delta_ridge,1100.0,1085.5492955213742,280.0,257.79457275962255,8.0,9.157497897251082,21.0,21.115166375577203,72.0,68.83944315715968,72.0,90.36822159068637
141,2016-06-12 18:00:00,Changping,station_target_delta_ridge,600.0,660.9274173188211,195.0,193.51638515722738,5.0,4.9369966320433205,29.0,31.41176344053774,48.0,71.88569873500803,65.0,99.06134967746836
142,2016-06-12 19:00:00,Nongzhanguan,station_target_delta_ridge,600.0,575.9226677649082,203.0,211.19802306330868,6.0,6.873480866776223,31.0,28.800020726334804,40.0,35.934891665837625,40.0,43.613371932786315
143,2016-06-12 21:00:00,Changping,station_target_delta_ridge,700.0,721.9177390525182,136.0,134.18602544604977,2.0,2.4232941170101148,43.0,48.4075026815163,51.0,47.94360434611996,84.0,70.90343519320464
144,2016-06-12 22:00:00,Shunyi,station_target_delta_ridge,1100.0,1089.3956869653825,192.0,193.53398220440428,6.0,8.052539022326762,33.0,39.65417585317972,95.0,88.00506207327024,108.0,103.2504736990807
145,2016-06-13 00:00:00,Dingling,station_target_delta_ridge,500.0,572.5599111724194,174.0,137.70798654002874,2.0,1.661754179564697,16.0,14.266442937076878,42.0,41.19833212264722,77.0,55.07362056615976
146,2016-06-13 01:00:00,Tiantan,station_target_delta_ridge,1100.0,1137.864411240415,83.0,108.17502099190149,10.0,10.669990899319021,50.0,39.47315884201416,65.0,86.89203281787717,128.0,114.2733913983457
147,2016-06-13 03:00:00,Gucheng,station_target_delta_ridge,400.0,404.6502615683405,92.0,93.51368985918344,2.0,3.1634283483906263,21.0,24.605444694666932,32.0,29.353323938284777,71.0,41.08267624692171
148,2016-06-13 05:00:00,Dingling,station_target_delta_ridge,400.0,426.5661266916279,84.0,83.38260601565227,2.0,2.7425375587055543,13.0,11.655008454357695,29.0,27.359208224147842,29.0,27.403022121830496
149,2016-06-13 06:00:00,Wanshouxigong,station_target_delta_ridge,600.0,568.926271111452,111.0,122.04111786833019,2.0,1.5968961155110253,21.0,18.76045548798789,55.0,49.09074238494307,55.0,40.532948720190774
150,2016-06-13 08:00:00,Huairou,station_target_delta_ridge,600.0,513.006058660612,49.0,61.28617068135605,2.0,1.2651786480732952,16.0,13.851403493164257,30.0,36.818198066310416,49.0,48.739361030713425
151,2016-06-13 10:00:00,Guanyuan,station_target_delta_ridge,700.0,862.5075826860208,86.0,84.40428616443297,2.0,2.2311757479807013,40.0,42.935784819054405,51.0,55.50337056006001,51.0,61.01608670173851
152,2016-06-13 12:00:00,Guanyuan,station_target_delta_ridge,800.0,703.9611293053565,77.0,94.5895585883232,2.0,3.021361189165458,45.0,35.9430182503446,46.0,49.71984034329921,77.0,45.126275601555136
153,2016-06-13 13:00:00,Wanliu,station_target_delta_ridge,600.0,508.05865857713445,96.0,109.34854295636377,2.0,2.128633127100247,36.0,26.791930760036124,34.0,29.815879970096994,34.0,27.992872040625585
154,2016-06-13 15:00:00,Huairou,station_target_delta_ridge,500.0,506.60083643115473,80.0,68.62392661165786,2.0,2.5205674347896387,15.0,14.18392754952338,33.0,31.039194202720456,33.0,29.93903076285612
155,2016-06-13 17:00:00,Aotizhongxin,station_target_delta_ridge,600.0,615.1817925095845,104.0,83.34286703455871,2.0,1.8570259717603188,21.0,29.867819769313247,42.0,38.76949606414945,42.0,35.996228659167585
156,2016-06-13 18:00:00,Huairou,station_target_delta_ridge,500.0,516.103853942752,115.0,94.87602976970106,2.0,1.8135924499627274,9.0,12.008033085083456,38.0,34.57969400517807,38.0,38.851031678026736
157,2016-06-13 20:00:00,Changping,station_target_delta_ridge,400.0,539.2678013055537,51.0,55.76276453207987,2.0,2.5908325887066184,20.0,29.15848062382882,38.0,41.49023384187811,38.0,41.07749992476891
158,2016-06-13 21:00:00,Nongzhanguan,station_target_delta_ridge,700.0,737.0771867972821,89.0,96.01431188292273,2.0,2.7088477548326138,33.0,30.49183131806703,57.0,59.713841926613554,57.0,61.496536348879275
159,2016-06-13 23:00:00,Changping,station_target_delta_ridge,500.0,391.58147641166397,27.0,39.769015030861,2.0,2.570866476183557,50.0,31.51319213511019,49.0,50.68525424367351,49.0,52.006803195769784
160,2016-06-14 00:00:00,Nongzhanguan,station_target_delta_ridge,700.0,785.0849903328998,76.0,72.72309283121659,2.0,2.5496511906048775,33.0,34.745678198557904,59.0,61.27517812315749,59.0,69.31211776022677
161,2016-06-14 02:00:00,Dingling,station_target_delta_ridge,500.0,455.9280569897759,95.0,73.62257409658821,2.0,3.5365052374804744,7.0,5.85749605613501,29.0,33.17014190949754,29.0,30.99627202055304
162,2016-06-14 03:00:00,Shunyi,station_target_delta_ridge,400.0,391.21681622933465,23.0,16.195922140080132,2.0,5.737097546297401,13.0,21.469209206411364,56.0,51.43045339435076,56.0,51.77165689313389
163,2016-06-14 05:00:00,Guanyuan,station_target_delta_ridge,500.0,510.51313067709987,86.0,84.1375043522116,2.0,0.9603702693369112,19.0,19.718640808903704,56.0,59.14546882138743,56.0,65.7078508637352
164,2016-06-14 06:00:00,Wanshouxigong,station_target_delta_ridge,700.0,686.4529599155643,86.0,86.22096724565448,2.0,1.1100445785657875,14.0,15.446356612976551,53.0,61.057491566334576,53.0,62.66403608961498
165,2016-06-14 08:00:00,Gucheng,station_target_delta_ridge,700.0,711.4343776331796,103.0,86.10370383976976,2.0,2.399153498729825,31.0,34.29969545964446,46.0,40.66800008652374,46.0,46.69608843503026
166,2016-06-14 09:00:00,Wanshouxigong,station_target_delta_ridge,700.0,674.5778246839928,71.0,78.12001231125552,2.0,1.0114221809547974,27.0,25.16805543785282,35.0,37.935156198630004,35.0,36.66649105565097
167,2016-06-14 11:00:00,Nongzhanguan,station_target_delta_ridge,600.0,562.4465942370357,101.0,99.31188402261976,2.0,2.9542189539884673,21.0,26.228179451946303,30.0,42.791556011225,30.0,50.15738044775793
168,2016-06-14 13:00:00,Dongsi,station_target_delta_ridge,800.0,656.4780607113744,95.0,95.36887386438208,2.0,4.161911139300107,28.0,25.98710542877854,43.0,39.63809403602661,43.0,41.890823970830404
169,2016-06-14 15:00:00,Changping,station_target_delta_ridge,600.0,578.1024586336172,74.0,64.06132321581546,2.0,1.7335223409351328,16.0,16.06369507031398,26.0,21.0558250469005,26.0,16.600683671794716
170,2016-06-14 16:00:00,Tiantan,station_target_delta_ridge,600.0,781.0741428728884,97.0,91.93644264214248,2.0,2.267636265299608,15.0,19.791053110285425,25.0,29.250613275911057,25.0,29.710603444307843
171,2016-06-14 18:00:00,Gucheng,station_target_delta_ridge,600.0,709.2438350272333,83.0,74.29857518535358,2.0,2.4099706053112664,35.0,42.45013812506953,25.0,26.467416459014323,25.0,69.50299416387436
172,2016-06-14 20:00:00,Aotizhongxin,station_target_delta_ridge,600.0,584.5233622684694,68.0,69.37085004208343,2.0,2.0195594541999804,24.0,24.066041920199055,22.0,21.76105705207095,22.0,18.898791187656155
173,2016-06-14 21:00:00,Huairou,station_target_delta_ridge,400.0,510.1510294935367,70.0,66.23005519847946,2.0,1.6958047719834157,11.0,10.880136940193436,13.0,10.381066066559061,13.0,11.1883831234599
174,2016-06-14 23:00:00,Changping,station_target_delta_ridge,500.0,644.4963802285029,27.0,24.675736218683205,2.0,1.8693243226825083,26.0,36.37726121330326,20.0,29.01854467465171,20.0,24.741184799069565
175,2016-06-15 00:00:00,Nongzhanguan,station_target_delta_ridge,600.0,736.123879521166,48.0,58.867528004812996,2.0,2.566832276235058,38.0,33.45279646913136,21.0,29.95667542296649,27.0,39.45595774493367
176,2016-06-15 02:00:00,Changping,station_target_delta_ridge,400.0,355.7415567336192,36.0,41.31597637472379,2.0,2.5517490757790826,21.0,18.263950137607168,8.0,1.9581130513028608,8.0,2.0486079821778516
177,2016-06-15 03:00:00,Nongzhanguan,station_target_delta_ridge,400.0,530.5356310775527,80.0,61.01137223388904,2.0,2.566995708289801,25.0,29.857740167445964,16.0,22.072342016350856,16.0,23.10051927763741
178,2016-06-15 05:00:00,Dongsi,station_target_delta_ridge,600.0,655.5272601467527,47.0,53.482073878232825,2.0,2.015566032638277,36.0,27.812692016202234,10.0,14.834026758537192,13.0,16.741889585725215
179,2016-06-15 06:00:00,Wanliu,station_target_delta_ridge,500.0,564.3126063167886,14.0,19.71438182498281,2.0,4.70141379576986,36.0,39.6203394514785,9.0,12.252544846262115,22.0,8.35479062797723
180,2016-06-15 08:00:00,Guanyuan,station_target_delta_ridge,600.0,597.2541103309195,41.0,32.43247336217802,2.0,1.6314569352130142,46.0,54.39131043202456,24.0,19.958545085290655,24.0,26.018289451909972
181,2016-06-15 09:00:00,Wanshouxigong,station_target_delta_ridge,700.0,745.2435577168075,59.0,41.08508709250334,3.0,1.8842090632677944,39.0,49.045764893971565,29.0,21.911568982459286,29.0,39.246565009127934
182,2016-06-15 11:00:00,Huairou,station_target_delta_ridge,500.0,385.26987398445107,87.0,91.89645996303534,2.0,2.0597999378119463,12.0,8.22425145129573,9.0,5.744713186537841,9.0,28.190149749737284
183,2016-06-15 13:00:00,Changping,station_target_delta_ridge,500.0,424.5895936620729,121.0,109.05141985435371,2.0,0.987716428611112,20.0,10.124919705458964,12.0,15.30643300932307,23.0,19.78174032538523
184,2016-06-15 14:00:00,Shunyi,station_target_delta_ridge,200.0,238.16148497025563,131.0,135.79446128823483,2.0,2.2857326762888084,9.0,13.264488577366166,15.0,8.595611954015483,15.0,24.814063634008676
185,2016-06-15 16:00:00,Dingling,station_target_delta_ridge,400.0,374.58998340815293,156.0,159.56951265492935,2.0,1.381439718964351,12.0,7.6248113413678205,18.0,11.445165268801318,60.0,11.90225545217535
186,2016-06-15 17:00:00,Shunyi,station_target_delta_ridge,300.0,169.41457820384085,112.0,125.4132374970171,2.0,3.1007709039538236,22.0,18.267224403536815,16.0,19.279103404225786,29.0,13.831730469163794
187,2016-06-15 19:00:00,Dingling,station_target_delta_ridge,400.0,399.66715061236584,148.0,142.39079335707126,2.0,1.7356962684732542,23.0,16.276952357530416,28.0,23.573926090442722,51.0,24.420045423212162
188,2016-06-15 20:00:00,Tiantan,station_target_delta_ridge,500.0,604.4658521935928,161.0,141.80836357617463,2.0,3.6431575335143203,27.0,31.211873177609647,26.0,21.10134509688351,41.0,84.10930980840715
189,2016-06-15 22:00:00,Dongsi,station_target_delta_ridge,600.0,642.9688008652397,98.0,81.65159340343624,2.0,2.5539210095436644,38.0,45.111540541905335,27.0,27.862346766843036,51.0,54.21077644488522
190,2016-06-15 23:00:00,Tiantan,station_target_delta_ridge,600.0,624.3600325597625,76.0,36.42501161253928,2.0,2.397962405817926,45.0,36.28397641431696,33.0,18.956028076757484,53.0,45.65176684424457
191,2016-06-16 01:00:00,Guanyuan,station_target_delta_ridge,800.0,690.0466773501014,18.0,28.754575876075535,2.0,2.1084206152658207,75.0,59.95848593856674,33.0,29.29484074683716,59.0,44.80503563751762
192,2016-06-16 02:00:00,Wanshouxigong,station_target_delta_ridge,800.0,773.4166467034001,2.0,19.811762340304995,2.0,2.5066709796726534,81.0,56.547859500717614,31.0,21.296439649909253,31.0,26.44125996737563
193,2016-06-16 04:00:00,Nongzhanguan,station_target_delta_ridge,800.0,761.1884952300912,2.0,4.272967404571315,2.0,2.7532773475780132,86.0,79.2836668729598,24.0,34.80891440773733,34.0,51.926336533011906
194,2016-06-16 06:00:00,Dingling,station_target_delta_ridge,100.0,105.7512620083265,34.0,43.459850341323644,2.0,2.8808876755582906,14.0,9.845405328692232,20.0,10.853883974195188,32.0,19.53659895907354
195,2016-06-16 07:00:00,Shunyi,station_target_delta_ridge,400.0,469.52235627187855,25.0,22.88318778763504,2.0,2.8087711251363228,27.0,30.84670465726265,16.0,12.435004212410616,19.0,19.6738186116741
196,2016-06-16 09:00:00,Dingling,station_target_delta_ridge,200.0,220.5700486423384,66.0,64.77107595968036,3.0,2.8913676898351253,20.0,23.14626137886123,25.0,19.186832917221448,33.0,37.977284716844586
197,2016-06-16 10:00:00,Shunyi,station_target_delta_ridge,400.0,430.97401891655977,75.0,78.69830304533627,2.0,2.874127276807027,24.0,25.132927391078915,22.0,20.932315947614992,26.0,19.201017801984552
198,2016-06-16 12:00:00,Guanyuan,station_target_delta_ridge,900.0,827.9333332356074,110.0,102.75999843258407,2.0,1.304745228111437,56.0,56.45838822065375,30.0,33.03394664649293,58.0,68.54391428125528
199,2016-06-16 13:00:00,Wanliu,station_target_delta_ridge,600.0,710.9132330989949,140.0,152.60991202756924,3.0,3.66883495568708,55.0,53.10079508574036,32.0,25.39921775999527,149.0,25.087191132239806
200,2016-06-16 15:00:00,Gucheng,station_target_delta_ridge,400.0,333.8928526216534,197.0,206.47553953352966,2.0,2.304655353825063,16.0,15.198628204495673,18.0,27.381856202108743,18.0,24.629726112325603
201,2016-06-16 17:00:00,Dongsi,station_target_delta_ridge,400.0,434.4979939728977,159.0,156.53145432979218,2.0,3.489102500980807,17.0,13.945496489456556,19.0,12.411017829218896,23.0,13.871148690845285
202,2016-06-16 18:00:00,Tiantan,station_target_delta_ridge,200.0,154.87460617175572,88.0,145.09769766004428,2.0,0.974639521618915,18.0,12.716611589858603,20.0,15.128994764129004,20.0,12.629246951151787
203,2016-06-16 20:00:00,Guanyuan,station_target_delta_ridge,600.0,601.8209573333343,64.0,52.62587513817549,2.0,1.921238412388008,71.0,67.80071005994485,30.0,23.435989847164006,49.0,38.55916582532977
204,2016-06-16 21:00:00,Wanshouxigong,station_target_delta_ridge,600.0,648.0549902089193,40.0,51.99255261194725,3.0,2.699168323233068,85.0,77.84421182606442,32.0,32.44143265974249,77.0,114.06260655683772
205,2016-06-16 23:00:00,Gucheng,station_target_delta_ridge,900.0,803.3123516150738,19.0,41.35088084782515,5.0,5.282548982697771,107.0,91.98568267896047,51.0,52.85843935532795,167.0,134.09572465113283
206,2016-06-17 00:00:00,Wanshouxigong,station_target_delta_ridge,600.0,665.2192397159524,33.0,45.476946830332516,3.0,3.7153346413069435,68.0,66.96616345851295,45.0,57.878192545914466,120.0,143.06986283440128
207,2016-06-17 02:00:00,Gucheng,station_target_delta_ridge,1000.0,999.7813971342915,3.0,-0.6429353131031359,3.0,4.258998315810823,89.0,99.85407564758363,39.0,46.373425412728686,110.0,134.86772755155144
208,2016-06-17 04:00:00,Aotizhongxin,station_target_delta_ridge,500.0,477.0607662180366,8.0,30.802022765472117,2.0,1.6034849949070926,60.0,42.62953628037588,5.0,12.104923249772803,46.0,13.614988530971125
209,2016-06-17 05:00:00,Shunyi,station_target_delta_ridge,400.0,367.03851505884234,22.0,35.584247799297586,2.0,2.8386343028847203,52.0,39.448632328742136,22.0,35.13759684698205,42.0,44.465381276977425
210,2016-06-17 07:00:00,Dingling,station_target_delta_ridge,100.0,86.20605826132656,99.0,97.93012658273821,2.0,2.517994349819248,3.0,8.155772635723277,10.0,6.382074353880791,25.0,18.591874482218486
211,2016-06-17 08:00:00,Tiantan,station_target_delta_ridge,700.0,635.1014330265413,35.0,48.1853910587393,2.0,4.300081062201714,67.0,56.115698721203536,29.0,28.695509130207903,76.0,50.650114369249664
212,2016-06-17 10:00:00,Gucheng,station_target_delta_ridge,500.0,647.5450706242384,105.0,77.9237066257239,5.0,2.372098063165393,26.0,57.96585871183245,24.0,17.20603079012177,28.0,65.39878435746837
213,2016-06-17 12:00:00,Changping,station_target_delta_ridge,500.0,466.58648154559484,83.0,77.69349346926577,3.0,2.565972595813284,17.0,16.814281194580914,20.0,12.998290979308514,27.0,7.841698842506748
214,2016-06-17 13:00:00,Wanshouxigong,station_target_delta_ridge,300.0,178.23000378781393,132.0,127.1439674250037,2.0,1.3312697073170683,9.0,8.839260804378828,14.0,14.465198686007241,27.0,27.279841272976984
215,2016-06-17 15:00:00,Huairou,station_target_delta_ridge,400.0,399.5069169757786,70.0,78.36645489796173,2.0,2.978029319643545,12.0,9.90599629988657,11.0,16.226956710972967,19.0,20.723772870488432
216,2016-06-17 17:00:00,Dingling,station_target_delta_ridge,100.0,125.5470364064036,91.0,84.07524936402572,2.0,2.173853351538264,4.0,6.778410330560926,20.0,11.977534055523948,37.0,46.37375238514548
217,2016-06-17 18:00:00,Tiantan,station_target_delta_ridge,700.0,654.9004873123555,26.0,53.52971387824981,2.0,1.658691498199988,63.0,58.584007429799016,31.0,-0.207751602980224,31.0,102.51258279073306
218,2016-06-17 20:00:00,Gucheng,station_target_delta_ridge,600.0,571.7863856900126,66.0,70.30421440574396,2.0,2.421618545899398,60.0,57.77995629161351,28.0,30.239499555701208,67.0,73.13536575771921
219,2016-06-17 22:00:00,Aotizhongxin,station_target_delta_ridge,700.0,636.3636363636364,13.0,20.09090909090909,2.0,2.0,59.0,66.0,12.0,25.90909090909091,64.0,56.18181818181818
220,2016-06-17 23:00:00,Huairou,station_target_delta_ridge,500.0,532.3344562291059,26.0,21.590734558610684,2.0,1.7964180155079599,19.0,24.978956867888343,22.0,15.17721169797563,78.0,12.548354531272526
221,2016-06-18 01:00:00,Changping,station_target_delta_ridge,400.0,420.65538644118715,43.0,44.15384266781727,2.0,2.5955580667079583,13.0,20.37997944550107,14.0,21.66985272926803,18.0,20.87183319196466
222,2016-06-18 02:00:00,Nongzhanguan,station_target_delta_ridge,1100.0,1095.24783014257,2.0,4.3558650043472,2.0,2.672146636346474,88.0,83.82106196171766,51.0,49.742141642111925,108.0,114.9602596914002
223,2016-06-18 04:00:00,Dingling,station_target_delta_ridge,400.0,386.8408669640013,40.0,36.59171959020166,2.0,2.767950466108741,9.0,14.560589823605234,17.0,15.012340509727004,30.0,21.61492472881568
224,2016-06-18 05:00:00,Shunyi,station_target_delta_ridge,300.0,279.5014201852547,2.0,6.315488254410752,2.0,2.684941558926981,51.0,38.07322188486737,23.0,21.59832994164049,38.0,26.30503189431004
225,2016-06-18 07:00:00,Dongsi,station_target_delta_ridge,800.0,858.3826549246351,7.0,7.289716025478853,3.0,3.249959445812371,74.0,77.25701702879701,39.0,41.38342959021137,74.0,77.59337363911102
226,2016-06-18 08:00:00,Tiantan,station_target_delta_ridge,900.0,849.3888962977138,5.0,12.51796117366705,3.0,4.382436001525908,98.0,81.82321511897794,50.0,50.12301456012201,74.0,65.6947233285634
227,2016-06-18 10:00:00,Dongsi,station_target_delta_ridge,800.0,657.5286147820664,55.0,54.94722097478262,4.0,4.366390064086026,72.0,69.49394221685701,48.0,45.23307269231759,65.0,70.67184348312865
228,2016-06-18 11:00:00,Wanliu,station_target_delta_ridge,700.0,713.3156775458899,118.0,120.69924931950001,3.0,4.28478746028741,46.0,43.56542560058451,41.0,38.355454976679525,54.0,57.92220394639475
229,2016-06-18 13:00:00,Guanyuan,station_target_delta_ridge,700.0,639.2137749415117,207.0,202.1412255159121,5.0,4.879239910364581,24.0,38.914495701653294,48.0,47.4384202816887,66.0,68.44033840752752
230,2016-06-18 14:00:00,Wanliu,station_target_delta_ridge,600.0,658.2393503132976,203.0,215.8798900238201,6.0,5.677290951527565,26.0,27.87900098925285,40.0,42.0980309268958,47.0,57.92215423712102
231,2016-06-18 16:00:00,Gucheng,station_target_delta_ridge,500.0,472.5312476028674,240.0,236.74844714569437,6.0,7.276140312495416,19.0,22.24512684354433,43.0,47.256450088726595,94.0,93.19998530308027
232,2016-06-18 17:00:00,Wanshouxigong,station_target_delta_ridge,700.0,680.5042228145514,230.0,222.85792296211338,8.0,7.615480867310487,17.0,18.581222531169722,57.0,62.36962449315787,65.0,75.97127976653078
233,2016-06-18 19:00:00,Gucheng,station_target_delta_ridge,600.0,492.4902505495254,222.0,219.56500474447202,3.0,4.049881381241049,25.0,29.03859977128046,47.0,46.97326000121551,97.0,108.67781865288438
234,2016-06-18 20:00:00,Wanshouxigong,station_target_delta_ridge,700.0,697.0087258522453,192.0,182.87312255492708,5.0,4.6307986126468,29.0,25.554965585185705,63.0,38.02496458032893,111.0,85.38249033784876
235,2016-06-18 22:00:00,Huairou,station_target_delta_ridge,900.0,821.1618128760415,93.0,106.31657209811343,2.0,3.6184879966421346,41.0,49.35273543358543,50.0,55.158779554306435,235.0,122.47120113563922
236,2016-06-19 00:00:00,Aotizhongxin,station_target_delta_ridge,900.0,977.1500715574755,145.0,119.34884355147317,6.0,4.562872554730962,26.0,35.994545321236394,57.0,72.1297728532821,72.0,130.92163348507538
237,2016-06-19 01:00:00,Huairou,station_target_delta_ridge,800.0,687.9846778467326,82.0,77.03937408719958,2.0,1.3671290153949223,17.0,21.014563427218494,50.0,56.20782835633087,50.0,69.1812873157968
238,2016-06-19 03:00:00,Changping,station_target_delta_ridge,500.0,550.2754445311873,104.0,101.96609480397656,2.0,2.2171899694256623,22.0,23.0404329741307,45.0,42.97486504726428,57.0,61.097128042517156
239,2016-06-19 04:00:00,Nongzhanguan,station_target_delta_ridge,700.0,709.8664402016052,99.0,77.06060053532114,7.0,4.734544316095837,28.0,39.17352456994248,57.0,56.52799829322379,62.0,63.659362573549714
240,2016-06-19 06:00:00,Dongsi,station_target_delta_ridge,900.0,900.4560806298322,72.0,68.64895058854576,12.0,12.654420971435718,39.0,44.770482941919646,67.0,56.13031837350601,89.0,90.24991811921491
241,2016-06-19 07:00:00,Wanliu,station_target_delta_ridge,900.0,961.1056241748265,11.0,-7.665844006664392,3.0,3.150923205549139,88.0,100.88968312595723,71.0,74.27578133126632,123.0,151.56652621728867
242,2016-06-19 09:00:00,Guanyuan,station_target_delta_ridge,1100.0,1047.5558608299532,93.0,88.60820463548689,8.0,8.11966552286653,61.0,62.79973411479162,112.0,117.27407608118189,135.0,147.77037873289405
243,2016-06-19 10:00:00,Wanliu,station_target_delta_ridge,900.0,902.0247174891696,169.0,146.9167432394222,8.0,8.163319167441982,36.0,43.43759954026761,91.0,87.98563293302857,92.0,98.79464193503168
244,2016-06-19 12:00:00,Guanyuan,station_target_delta_ridge,800.0,775.5173611693208,227.0,227.63329887042227,6.0,6.276235785632364,27.0,30.7604166086024,74.0,70.33956734385748,76.0,65.30320833977478
245,2016-06-19 13:00:00,Wanshouxigong,station_target_delta_ridge,800.0,761.122477130791,300.0,231.9339116493022,4.0,3.255898051137323,31.0,32.01456666289656,57.0,46.54047321399843,57.0,47.98007311656615
246,2016-06-19 15:00:00,Gucheng,station_target_delta_ridge,500.0,377.20026405907026,236.0,234.61819702101423,2.0,2.254731906430645,17.0,23.833875868577234,32.0,35.13758109571411,54.0,82.26080628592366
247,2016-06-19 16:00:00,Wanshouxigong,station_target_delta_ridge,400.0,444.3549568590007,201.0,228.45282310200602,4.0,3.2235299530362074,19.0,17.27668921409171,10.0,26.100667815681597,26.0,67.61714166868236
248,2016-06-19 18:00:00,Huairou,station_target_delta_ridge,500.0,405.99635399246455,186.0,216.31957717445997,4.0,2.9881178573789593,21.0,19.75801946269568,28.0,28.843477139706316,66.0,89.07633412067712
249,2016-06-19 20:00:00,Aotizhongxin,station_target_delta_ridge,400.0,488.6432579122919,162.0,155.8802129633303,4.0,4.060844817661842,29.0,42.83977080794642,32.0,37.1545992014991,53.0,39.847957189372096
250,2016-06-19 21:00:00,Huairou,station_target_delta_ridge,700.0,633.2926442194384,109.0,124.21767695242049,4.0,3.7793891950494927,39.0,42.99720560669762,31.0,31.931136497244577,225.0,108.41045404525161
251,2016-06-19 23:00:00,Changping,station_target_delta_ridge,500.0,791.1052308769882,80.0,93.80617209492235,2.0,2.8896167931235937,29.0,32.63709924454283,37.0,59.69278626408112,58.0,95.22892121291434
252,2016-06-20 00:00:00,Nongzhanguan,station_target_delta_ridge,2300.0,2246.5470361896455,195.0,215.82292294781863,18.0,16.340823551734626,35.0,34.96715165110154,153.0,163.14975786239035,153.0,160.76210091640664
253,2016-06-20 02:00:00,Changping,station_target_delta_ridge,500.0,592.7154313924261,44.0,51.21074993642835,18.0,2.84272041283998,16.0,24.22265287141934,47.0,41.726515661925745,82.0,75.77943355376824
254,2016-06-20 03:00:00,Nongzhanguan,station_target_delta_ridge,1700.0,1541.9384713781278,120.0,127.40761123598035,16.0,15.937760352898636,42.0,33.46293468956224,155.0,154.78503185180656,155.0,170.28788171495216
255,2016-06-20 05:00:00,Guanyuan,station_target_delta_ridge,1000.0,1030.1154935802074,124.0,124.21550101982241,11.0,11.98557864294713,24.0,21.415569964083588,87.0,89.5125154188843,87.0,93.92867890928991
256,2016-06-20 06:00:00,Wanshouxigong,station_target_delta_ridge,900.0,944.7153793415006,130.0,124.90619827767443,3.0,1.7978256540810307,22.0,24.218975229739023,78.0,72.70032103218786,79.0,81.12534941294608
257,2016-06-20 08:00:00,Gucheng,station_target_delta_ridge,1000.0,892.3254946387261,106.0,118.12769615048398,5.0,4.657826141791279,38.0,45.26334027338614,98.0,92.45300516846709,112.0,123.78652370806978
258,2016-06-20 10:00:00,Aotizhongxin,station_target_delta_ridge,1000.0,1065.2346046024356,171.0,152.83469820221325,8.0,7.386638070784528,21.0,26.21362016095706,82.0,82.372911902576,82.0,86.52561350678597
259,2016-06-20 11:00:00,Shunyi,station_target_delta_ridge,700.0,798.2920680244655,192.0,183.56148769959267,2.0,2.314203627621655,24.0,27.561762056039,68.0,70.44420975760268,68.0,88.2615696083654
260,2016-06-20 13:00:00,Huairou,station_target_delta_ridge,900.0,868.0391543260844,272.0,251.4640935074229,5.0,7.461243533746043,21.0,23.3742862849993,82.0,75.47804375792705,90.0,99.07330682953854
261,2016-06-20 15:00:00,Gucheng,station_target_delta_ridge,600.0,673.6550587628386,247.0,254.67657659769148,2.0,3.357534297965088,16.0,19.809546842476433,52.0,61.073128269916346,52.0,70.06646965967386
262,2016-06-20 16:00:00,Wanshouxigong,station_target_delta_ridge,900.0,901.8276118394268,253.0,212.70296933685623,4.0,2.948712175533008,4.0,12.542127635924695,65.0,45.8054386572408,78.0,52.881383219603116
263,2016-06-20 18:00:00,Huairou,station_target_delta_ridge,900.0,811.7312553144333,171.0,212.5079286774582,2.0,3.632563676103804,23.0,15.763343632198952,22.0,53.952180508519824,22.0,73.72281765679625
264,2016-06-20 20:00:00,Dongsi,station_target_delta_ridge,1100.0,1043.2707640694127,158.0,166.63893242703864,2.0,4.70836055481495,51.0,38.45876406528988,80.0,76.71482514449067,80.0,99.0768136441138
265,2016-06-20 22:00:00,Aotizhongxin,station_target_delta_ridge,900.0,910.7017906587317,126.0,106.87087587611745,2.0,2.287866452602034,40.0,47.59701461560381,43.0,48.66062346096827,43.0,62.94152187709366
266,2016-06-20 23:00:00,Nongzhanguan,station_target_delta_ridge,1000.0,1067.2113362616412,123.0,103.41402196761916,2.0,3.057171067626581,50.0,52.37199619546168,61.0,53.759828169067696,61.0,66.78943045425802
267,2016-06-21 01:00:00,Dongsi,station_target_delta_ridge,1000.0,988.3855898791979,135.0,129.19763890414148,2.0,3.5852188534041733,37.0,31.51651875917747,78.0,81.64149273866589,78.0,80.73364428135768
268,2016-06-21 03:00:00,Aotizhongxin,station_target_delta_ridge,800.0,847.4654854943653,113.0,92.13427254898758,2.0,2.4816823892015365,26.0,34.24631817641052,70.0,68.95594415171173,77.0,64.87010955262856
269,2016-06-21 04:00:00,Nongzhanguan,station_target_delta_ridge,900.0,907.7423584415145,45.0,81.83098745968891,2.0,2.6068584164843918,62.0,42.45491639606561,90.0,75.8882943982895,90.0,78.69323697059389
270,2016-06-21 06:00:00,Gucheng,station_target_delta_ridge,800.0,979.0494488534687,56.0,47.05726032507469,2.0,2.3212596913972154,53.0,49.789782262220186,69.0,87.50043503700826,101.0,86.55804917425007
271,2016-06-21 08:00:00,Dingling,station_target_delta_ridge,400.0,458.5728215683661,87.0,58.93630343640953,2.0,2.9265495601774427,17.0,20.1077479729704,46.0,47.85600906147667,90.0,50.40803622408456
272,2016-06-21 09:00:00,Tiantan,station_target_delta_ridge,1400.0,1419.7276804811718,76.0,76.29930517289046,2.0,4.8826425191209095,56.0,53.97714142576232,186.0,174.86426157681456,186.0,185.23728674533083
273,2016-06-21 11:00:00,Gucheng,station_target_delta_ridge,1100.0,986.3666634184223,190.0,166.69857853377917,2.0,2.202714991068918,45.0,42.67592869782764,127.0,122.45481725612042,140.0,135.6313692554184
274,2016-06-21 13:00:00,Changping,station_target_delta_ridge,600.0,686.4455521613207,195.0,204.31875349875847,5.0,4.191500052829785,15.0,19.590636595038152,72.0,99.74279219583326,78.0,99.773021831594
275,2016-06-21 14:00:00,Tiantan,station_target_delta_ridge,1100.0,1050.4892068370932,255.0,265.6299777043603,5.0,7.101030297563971,12.0,12.593652597439338,106.0,102.59795591585734,106.0,104.0958908188867
276,2016-06-21 16:00:00,Dongsi,station_target_delta_ridge,1100.0,1054.1113534310698,230.0,222.49775861649422,3.0,2.1483463548277726,19.0,19.57285257253102,100.0,94.47024792793718,107.0,99.69933571782695
277,2016-06-21 17:00:00,Wanliu,station_target_delta_ridge,1000.0,985.3255647266469,230.0,218.57795145483252,3.0,3.6122478443923587,31.0,30.490896890177197,109.0,97.42620268547218,115.0,101.0252000259213
278,2016-06-21 19:00:00,Gucheng,station_target_delta_ridge,800.0,846.9619878709492,229.0,216.32243842988268,2.0,2.32574892192172,32.0,36.67680347016714,82.0,88.98247386838445,82.0,94.78766652823018
279,2016-06-21 20:00:00,Wanshouxigong,station_target_delta_ridge,800.0,628.4111589750571,184.0,179.3480782820713,2.0,-0.2744301360433661,20.0,23.00946148594141,29.0,29.799581503064623,94.0,57.2010436221515
280,2016-06-21 22:00:00,Gucheng,station_target_delta_ridge,600.0,612.6846983174909,65.0,86.61254327556817,2.0,2.347249495611936,78.0,66.81154063514839,41.0,40.65230577004488,230.0,126.70930462393817
281,2016-06-21 23:00:00,Wanshouxigong,station_target_delta_ridge,800.0,788.0212796330743,108.0,114.4109174109357,2.0,1.577647481684831,37.0,41.926737389691496,36.0,31.259798672226193,98.0,60.87366437569973
282,2016-06-22 01:00:00,Huairou,station_target_delta_ridge,500.0,530.1586264221918,109.0,107.14057367806898,2.0,2.181529501892615,14.0,10.647359760284873,26.0,24.870590906882885,26.0,28.997896704663034
283,2016-06-22 03:00:00,Aotizhongxin,station_target_delta_ridge,400.0,526.0359793812391,115.0,109.24243908106737,2.0,1.2973437447274188,17.0,18.509114483960662,27.0,30.787725240717293,27.0,35.989686223407
284,2016-06-22 04:00:00,Shunyi,station_target_delta_ridge,300.0,520.0,63.0,82.0,2.0,2.0,19.0,21.9,20.0,34.5,20.0,35.2
285,2016-06-22 06:00:00,Dongsi,station_target_delta_ridge,600.0,652.9623996698948,76.0,74.37105360081787,2.0,2.3979006881396048,31.0,26.92745199568266,33.0,28.17251030367514,33.0,32.20218273331625
286,2016-06-22 07:00:00,Tiantan,station_target_delta_ridge,700.0,720.0123154294832,58.0,53.89004852670437,2.0,3.233070547223785,35.0,32.9553607958986,40.0,35.06802618155972,48.0,44.13475117306279
287,2016-06-22 09:00:00,Dongsi,station_target_delta_ridge,800.0,765.2168174832206,86.0,90.49058463934465,2.0,2.0396876197522986,37.0,35.42914706396788,36.0,35.43019591625796,44.0,43.51484596343424
288,2016-06-22 10:00:00,Wanliu,station_target_delta_ridge,700.0,750.847470793374,80.0,81.21657197466105,3.0,3.7624416432652277,45.0,44.52710588076504,48.0,50.76620909829024,50.0,55.16914363146891
289,2016-06-22 12:00:00,Guanyuan,station_target_delta_ridge,1000.0,943.2566956286183,145.0,143.6196138283511,2.0,1.2421486687255276,48.0,43.03006995263626,82.0,73.89124095270714,90.0,90.9461200597529
290,2016-06-22 13:00:00,Wanliu,station_target_delta_ridge,900.0,788.476900980613,195.0,197.74271957248715,3.0,4.478093427558625,42.0,34.157548095374715,83.0,81.99244310949979,86.0,83.50684734949705
291,2016-06-22 15:00:00,Gucheng,station_target_delta_ridge,700.0,668.7795156724364,232.0,249.75057809164184,2.0,2.03394966084786,21.0,22.568578761019083,71.0,76.65573146943932,106.0,116.48673546551481
292,2016-06-22 17:00:00,Changping,station_target_delta_ridge,800.0,821.3430998803696,237.0,262.73511426609474,2.0,0.6275800418561392,19.0,24.244948372722792,73.0,76.81329132198502,123.0,99.4900668361552
293,2016-06-22 18:00:00,Shunyi,station_target_delta_ridge,700.0,682.1153861701707,233.0,218.04620100086075,2.0,1.6255418318107329,27.0,27.056467029275282,66.0,79.26985418779242,100.0,106.27052127894227
294,2016-06-22 20:00:00,Dingling,station_target_delta_ridge,700.0,684.7607328598225,191.0,193.63129800548103,2.0,0.5073952051854858,26.0,25.19432893419066,74.0,65.00759973538884,90.0,79.74774571585266
295,2016-06-22 21:00:00,Tiantan,station_target_delta_ridge,700.0,733.1904322138348,47.0,60.08329321627166,2.0,3.7845643926216646,46.0,38.357164700537886,42.0,47.65406706770225,77.0,83.27158398119147
296,2016-06-22 23:00:00,Dongsi,station_target_delta_ridge,1100.0,1290.0275125994092,125.0,124.29960346600302,6.0,4.675374010741658,45.0,50.158091597272644,113.0,110.68822027100826,113.0,160.65067616953348
297,2016-06-23 00:00:00,Tiantan,station_target_delta_ridge,800.0,781.6494837702238,76.0,76.9685948735618,2.0,4.194929811505348,39.0,28.012601921026587,68.0,57.29834461091448,80.0,58.83041353372391
298,2016-06-23 02:00:00,Guanyuan,station_target_delta_ridge,600.0,675.6676053624351,62.0,48.90112197875777,5.0,4.4135529606291355,38.0,50.962237420096635,46.0,48.566729991405225,89.0,101.9241844332206
299,2016-06-23 03:00:00,Wanliu,station_target_delta_ridge,1000.0,603.6238454771992,41.0,25.742274550204957,2.0,2.7313714517572607,56.0,65.61456382477142,96.0,50.600850016082674,154.0,121.06577841779104
300,2016-06-23 05:00:00,Gucheng,station_target_delta_ridge,1000.0,751.6282268266289,85.0,53.67472568443135,2.0,3.178106299730692,34.0,69.39459955613532,153.0,86.62823608864949,206.0,242.62388358324142
301,2016-06-23 07:00:00,Aotizhongxin,station_target_delta_ridge,1100.0,1113.3827336129293,51.0,59.75762664920311,3.0,3.641432585480248,36.0,32.867823146696324,129.0,140.632211134565,129.0,129.41637055100406
302,2016-06-23 08:00:00,Nongzhanguan,station_target_delta_ridge,1100.0,1183.5023726702511,77.0,65.98248294953225,5.0,3.5005024254112946,47.0,49.219759581108214,129.0,132.1179675394995,129.0,130.53970219216228
303,2016-06-23 10:00:00,Changping,station_target_delta_ridge,1000.0,598.288433415057,49.0,49.7349040909838,2.0,1.9864422870681955,37.0,35.78381605920303,51.0,23.850375248919107,66.0,62.83883855842923
304,2016-06-23 11:00:00,Wanliu,station_target_delta_ridge,600.0,772.7012001730475,82.0,86.40550992486409,4.0,6.763065897139186,41.0,41.90817713688561,26.0,32.31609734125687,26.0,62.87318799467003
305,2016-06-23 13:00:00,Wanshouxigong,station_target_delta_ridge,1900.0,1944.8374335155524,136.0,128.1470781424904,13.0,10.142926919111044,31.0,38.120719929934054,129.0,134.8883203466856,129.0,151.49056975098603
306,2016-06-23 15:00:00,Tiantan,station_target_delta_ridge,2100.0,1712.0529645294032,164.0,171.25294719620993,15.0,13.808347063594677,30.0,24.635228504175622,84.0,67.33070480516795,84.0,69.6949562658445
307,2016-06-23 17:00:00,Gucheng,station_target_delta_ridge,1600.0,1422.1196458376508,235.0,210.15526769219989,9.0,9.108720131224574,31.0,37.2757070260623,96.0,88.00630689187082,145.0,100.55595425188794
308,2016-06-23 19:00:00,Huairou,station_target_delta_ridge,1400.0,1140.0,189.0,187.8,8.0,6.2,25.0,31.3,54.0,79.0,54.0,104.4
309,2016-06-23 21:00:00,Dingling,station_target_delta_ridge,1300.0,555.6909332686766,162.0,103.07029867707959,2.0,0.5092295395412854,15.0,6.475026937124905,49.0,29.1813153202028,105.0,79.30858126497193
310,2016-06-23 22:00:00,Wanliu,station_target_delta_ridge,800.0,788.273938822564,123.0,125.2478061733311,3.0,1.4029712093087,48.0,46.57165493041051,49.0,55.953043977012996,58.0,75.91739622984055
311,2016-06-24 00:00:00,Guanyuan,station_target_delta_ridge,900.0,843.2606848713867,71.0,71.59722133340524,2.0,2.2134082588762793,42.0,36.5044532520344,55.0,44.73281796907239,61.0,54.26306249215587
312,2016-06-24 02:00:00,Aotizhongxin,station_target_delta_ridge,900.0,921.5990443040821,2.0,19.106209544214778,2.0,3.6438059963510288,69.0,58.352186194362154,41.0,40.12786309544307,48.0,41.01378143799979
313,2016-06-24 03:00:00,Huairou,station_target_delta_ridge,400.0,518.4142189551387,19.0,1.8446716978828683,2.0,-0.16237593659227167,14.0,47.08641016660246,14.0,23.94758171600174,14.0,27.58763951584308
314,2016-06-24 05:00:00,Changping,station_target_delta_ridge,200.0,207.9996670464795,47.0,47.155363619051315,2.0,1.7860898719787108,12.0,3.425882294864609,3.0,0.29926882868654836,10.0,-9.982437152539394
315,2016-06-24 06:00:00,Shunyi,station_target_delta_ridge,3900.0,3296.052422727314,2.0,16.598864724992,2.0,1.8284389567453798,52.0,37.77429836690985,22.0,14.843694594978528,29.0,26.36280772636604
316,2016-06-24 08:00:00,Dingling,station_target_delta_ridge,200.0,210.95969441020293,65.0,72.24908274582819,2.0,2.2037195807762187,5.0,6.565423478917269,3.0,-0.4146690045270951,5.0,8.096662668340281
317,2016-06-24 09:00:00,Shunyi,station_target_delta_ridge,3600.0,3185.6450270089595,53.0,56.00257055223242,2.0,1.1783159959709895,22.0,17.032910197078163,5.0,3.9176481610679375,11.0,10.427566954417431
318,2016-06-24 11:00:00,Gucheng,station_target_delta_ridge,200.0,224.0178064917037,90.0,98.45442301066139,2.0,2.2803856626696,11.0,8.165496321355874,9.0,9.881808797491953,20.0,9.537948687519275
319,2016-06-24 13:00:00,Dingling,station_target_delta_ridge,200.0,162.93779287934817,93.0,96.79675047177832,2.0,-0.17589471223994568,2.0,3.361316992881327,4.0,6.959034124669803,21.0,24.9285820507739
320,2016-06-24 14:00:00,Tiantan,station_target_delta_ridge,300.0,47.556335222737516,99.0,101.36040062901093,3.0,1.4265412656023988,19.0,12.14078673186135,4.0,3.7951064678446595,23.0,-9.505749778002098
321,2016-06-24 16:00:00,Guanyuan,station_target_delta_ridge,300.0,137.79652739402354,82.0,85.10691001688875,2.0,1.317592235916402,19.0,17.188148494996618,9.0,7.791792935460356,63.0,47.91193411964253
322,2016-06-24 18:00:00,Dingling,station_target_delta_ridge,100.0,132.3262519944696,89.0,93.55230959560558,2.0,1.4527136276803803,3.0,3.876241115710174,14.0,9.961964555881016,14.0,11.720762839363164
323,2016-06-24 19:00:00,Wanliu,station_target_delta_ridge,200.0,163.77273984428962,54.0,61.75757995170096,2.0,3.300586825771662,118.0,124.77200534130138,3.0,2.692347563392122,20.0,20.287943388136746
324,2016-06-24 21:00:00,Guanyuan,station_target_delta_ridge,200.0,167.61575596862212,69.0,73.01008871578553,2.0,2.1781407687883507,30.0,23.75240327829939,6.0,13.793448580738865,34.0,42.90873049711373
325,2016-06-24 22:00:00,Wanshouxigong,station_target_delta_ridge,200.0,212.81537729627559,93.0,80.20313291838984,2.0,2.5256322838729193,18.0,20.318375577675685,7.0,2.276906676253902,31.0,25.70289836007014
326,2016-06-25 00:00:00,Gucheng,station_target_delta_ridge,200.0,204.0731476840187,95.0,94.16317332495186,2.0,2.403602944092702,17.0,17.8177070841781,7.0,10.055706196641216,14.0,20.908667800439652
327,2016-06-25 01:00:00,Wanshouxigong,station_target_delta_ridge,300.0,258.6132838499027,67.0,73.61020929210643,2.0,2.196623393593649,23.0,24.10251605665266,7.0,3.6058850645929885,19.0,16.055542672443146
328,2016-06-25 03:00:00,Gucheng,station_target_delta_ridge,200.0,309.76813902667277,58.0,40.688980107375244,3.0,3.6158840859597787,16.0,25.415492718171436,7.0,12.186940316351045,7.0,22.899263268949177
329,2016-06-25 05:00:00,Changping,station_target_delta_ridge,600.0,479.14126200081387,62.0,57.89785394428178,4.0,3.919568471090151,18.0,20.29676125035102,10.0,7.261458212601488,14.0,20.60622613734118
330,2016-06-25 06:00:00,Shunyi,station_target_delta_ridge,600.0,427.1086105979013,3.0,36.48226830588736,2.0,3.143731754890137,58.0,37.09977705659854,9.0,14.679912835105206,33.0,25.676979739041464
331,2016-06-25 08:00:00,Dingling,station_target_delta_ridge,300.0,289.64977746979616,73.0,75.66922345805882,2.0,3.185732405933419,2.0,4.422799265417764,15.0,1.1647537473671665,15.0,14.837933740474138
332,2016-06-25 09:00:00,Wanliu,station_target_delta_ridge,300.0,380.8814970079821,71.0,53.682838095624774,2.0,5.047663236505343,24.0,41.54485359473471,9.0,9.737140572872118,19.0,29.839173375491992
333,2016-06-25 11:00:00,Gucheng,station_target_delta_ridge,200.0,228.3351640666675,95.0,103.59657673802482,2.0,2.362643090610019,11.0,12.325081662767085,14.0,14.468635866773862,27.0,31.571433754812055
334,2016-06-25 13:00:00,Changping,station_target_delta_ridge,500.0,484.0088992397499,88.0,81.61894497257971,2.0,1.9013553296643542,16.0,9.599028637348653,15.0,15.424340382383193,19.0,24.413575539760604
335,2016-06-25 14:00:00,Wanliu,station_target_delta_ridge,200.0,202.0443728078485,101.0,100.49218182585506,2.0,2.8775195118640515,13.0,17.224797900981628,19.0,13.423256005940669,19.0,16.16919361356701
336,2016-06-25 16:00:00,Gucheng,station_target_delta_ridge,300.0,232.57868077144434,116.0,117.95712665888823,2.0,2.486102213472536,14.0,17.18785078489566,17.0,23.75767130137604,19.0,33.328419238063915
337,2016-06-25 18:00:00,Dongsi,station_target_delta_ridge,300.0,347.2581044991596,119.0,115.92598914571042,2.0,4.212500238219132,17.0,15.660937786361446,24.0,24.13649059911354,31.0,42.216236475342555
338,2016-06-25 20:00:00,Aotizhongxin,station_target_delta_ridge,400.0,378.1212640062087,121.0,108.16659024624265,2.0,2.2078218928793607,30.0,47.06053811748737,24.0,24.474828758350963,24.0,70.11192911093016
339,2016-06-25 21:00:00,Shunyi,station_target_delta_ridge,700.0,516.665503651593,75.0,82.69724494986353,3.0,2.187530205075808,66.0,49.40877184961531,44.0,37.114123486608605,86.0,66.04812094303166
340,2016-06-25 23:00:00,Guanyuan,station_target_delta_ridge,400.0,445.8616315874332,56.0,63.58208252211869,3.0,3.062230386399865,55.0,50.09412809793752,31.0,31.77117332512163,79.0,74.12698095109684
341,2016-06-26 01:00:00,Aotizhongxin,station_target_delta_ridge,600.0,562.1072595264995,2.0,28.16150232235611,3.0,3.225370338158816,84.0,68.47888565279102,50.0,43.72801507263105,122.0,111.09343959760236
342,2016-06-26 02:00:00,Tiantan,station_target_delta_ridge,600.0,756.7711827751367,11.0,15.526992860663643,5.0,4.821339378078704,82.0,69.68923315230325,40.0,37.58324735249245,67.0,87.57609519917543
343,2016-06-26 04:00:00,Huairou,station_target_delta_ridge,200.0,318.56894586508065,46.0,36.88144125676918,2.0,3.2687855622190596,4.0,10.069816303383158,30.0,32.794785884782186,37.0,44.16668701256216
344,2016-06-26 06:00:00,Guanyuan,station_target_delta_ridge,500.0,475.6820377801308,30.0,23.542765469580615,2.0,3.602677085250391,50.0,54.27736119820479,48.0,42.886449998919275,70.0,77.00144893460204
345,2016-06-26 08:00:00,Changping,station_target_delta_ridge,700.0,666.8159417587264,28.0,45.49275034548763,2.0,3.3752207532170195,55.0,36.353480416320835,35.0,21.923880459353366,69.0,68.56039673222149
346,2016-06-26 09:00:00,Shunyi,station_target_delta_ridge,300.0,369.93651920842586,77.0,74.2066388646577,2.0,2.130349515995449,22.0,24.366452253960148,34.0,34.69735325703304,53.0,52.302626550693745
347,2016-06-26 11:00:00,Guanyuan,station_target_delta_ridge,500.0,594.7084288209612,156.0,150.5943104994293,2.0,2.8838549032498566,28.0,32.365258532280926,43.0,43.30267206793404,67.0,75.6903646209007
348,2016-06-26 13:00:00,Aotizhongxin,station_target_delta_ridge,500.0,421.85454467160855,249.0,250.5594909445475,6.0,4.656808416621454,27.0,21.473565975256747,45.0,48.987020774201525,45.0,48.31853153688498
349,2016-06-26 14:00:00,Shunyi,station_target_delta_ridge,700.0,455.0275467985224,324.0,249.9213820578193,8.0,7.047600985632821,38.0,31.159139732167837,84.0,59.542759636573194,115.0,76.43721960114442
350,2016-06-26 16:00:00,Guanyuan,station_target_delta_ridge,400.0,382.61857849278783,185.0,169.51709010438415,4.0,4.521495063684467,17.0,16.143004120370005,39.0,34.059246064020705,79.0,67.21716534736606
351,2016-06-26 18:00:00,Dingling,station_target_delta_ridge,400.0,402.809582585399,156.0,175.8113926101366,3.0,3.697680276616439,26.0,23.45479198773843,38.0,41.942485466737125,95.0,89.47368862754846
352,2016-06-26 20:00:00,Dingling,station_target_delta_ridge,500.0,389.1662748189737,172.0,152.24340254670238,8.0,5.210320657172961,32.0,27.44008437867337,48.0,44.440765428166564,109.0,109.97567397217333
353,2016-06-26 21:00:00,Tiantan,station_target_delta_ridge,700.0,650.2057900330398,136.0,138.02411090323835,11.0,13.41264848074663,47.0,41.197013974011185,44.0,43.8710368639156,89.0,96.60049582997615
354,2016-06-26 23:00:00,Gucheng,station_target_delta_ridge,700.0,814.2448098788363,105.0,91.21570506721821,9.0,13.132353829671526,57.0,66.21606234783292,57.0,62.84808057025646,124.0,137.37917299784317
355,2016-06-27 01:00:00,Dingling,station_target_delta_ridge,600.0,559.6653791357852,77.0,96.49550267232367,2.0,2.3518222091731724,31.0,24.641162026486754,32.0,40.447591618209756,81.0,70.44108960550786
356,2016-06-27 02:00:00,Tiantan,station_target_delta_ridge,500.0,559.7895205020889,104.0,83.84111455645774,11.0,13.288776049584815,44.0,53.82688697020769,52.0,52.06032462410877,77.0,89.5287444381974
357,2016-06-27 04:00:00,Gucheng,station_target_delta_ridge,500.0,562.1710718318135,51.0,43.394118480548656,13.0,14.483507040081534,67.0,66.14306922189562,60.0,56.34545911544414,148.0,141.2525668931665
358,2016-06-27 06:00:00,Dongsi,station_target_delta_ridge,800.0,749.7208891793792,98.0,97.92540815198966,16.0,16.328794484532164,39.0,46.308066021908814,71.0,66.34870966286573,102.0,111.35824702242678
359,2016-06-27 08:00:00,Aotizhongxin,station_target_delta_ridge,900.0,746.5603260318494,33.0,60.23347250612575,8.0,11.01135058330245,58.0,57.752040728370346,69.0,67.47548281908671,123.0,109.65635802352672
360,2016-06-27 09:00:00,Nongzhanguan,station_target_delta_ridge,800.0,789.0652812841412,75.0,84.83254213885903,8.0,10.112362851599316,60.0,65.04247160656263,53.0,61.850780949616734,94.0,94.3967035284917
361,2016-06-27 11:00:00,Guanyuan,station_target_delta_ridge,900.0,936.7589757982586,102.0,98.68134112944134,6.0,6.8535532085293145,50.0,50.032901718821265,52.0,60.50529883430557,80.0,65.75297454530404
362,2016-06-27 13:00:00,Gucheng,station_target_delta_ridge,700.0,693.0645424387853,215.0,209.43589790807812,8.0,6.234053255454343,31.0,36.44467857081526,56.0,56.34382576697119,79.0,62.0020494119048
363,2016-06-27 15:00:00,Gucheng,station_target_delta_ridge,800.0,690.5861573900148,186.0,194.3572538782952,6.0,7.369116782026464,37.0,34.60667283645575,73.0,64.79224535360177,205.0,137.46396644078618
364,2016-06-27 17:00:00,Gucheng,station_target_delta_ridge,800.0,880.2179497611523,186.0,167.0443625321639,5.0,4.947581179713727,44.0,57.49376751405608,99.0,94.39063599632199,132.0,115.56573083764874
365,2016-06-27 19:00:00,Dingling,station_target_delta_ridge,700.0,671.7391326371508,149.0,155.8741737493464,2.0,1.482894312179724,25.0,25.10893216650949,66.0,75.61845331961636,66.0,72.99590878451379
366,2016-06-27 20:00:00,Shunyi,station_target_delta_ridge,600.0,694.6227982430088,129.0,120.74859452568431,2.0,1.5457988952452084,34.0,43.08891523529469,64.0,64.4409709746431,64.0,66.61229991257609
367,2016-06-27 22:00:00,Dingling,station_target_delta_ridge,700.0,654.2800781320176,83.0,96.89145329815706,2.0,1.7282049132598853,32.0,24.899230363737683,72.0,64.80970789953946,72.0,72.46993987490751
368,2016-06-27 23:00:00,Shunyi,station_target_delta_ridge,500.0,529.2386959176598,90.0,88.97027498061904,2.0,1.8306349835604419,17.0,21.865116661382896,40.0,45.95410931100153,40.0,63.671631694702235
369,2016-06-28 01:00:00,Dongsi,station_target_delta_ridge,700.0,667.0381492038208,70.0,80.0735615649418,3.0,3.422736218026229,45.0,44.39976952207059,67.0,58.025365477775054,67.0,58.70345391761326
370,2016-06-28 02:00:00,Tiantan,station_target_delta_ridge,600.0,662.2832233369525,74.0,76.61680153972937,2.0,3.391069571266814,40.0,39.52063512918826,55.0,66.30611702616535,59.0,71.81697884546577
371,2016-06-28 04:00:00,Guanyuan,station_target_delta_ridge,600.0,680.1293704208459,61.0,49.53230118578367,2.0,2.061559862231449,26.0,34.09440321226316,86.0,75.37298745237973,86.0,72.38452723121958
372,2016-06-28 05:00:00,Wanshouxigong,station_target_delta_ridge,700.0,613.1167008602388,77.0,86.88759566271133,2.0,1.2279637000537256,22.0,19.348540144328144,71.0,70.78151093861123,71.0,70.17177756627375
373,2016-06-28 07:00:00,Gucheng,station_target_delta_ridge,600.0,518.638723376182,61.0,86.79663858823739,2.0,2.385400119118916,40.0,24.931039950765985,58.0,66.23073138685672,58.0,66.95197034709877
374,2016-06-28 08:00:00,Wanshouxigong,station_target_delta_ridge,600.0,485.6316922754285,93.0,92.15421417751124,2.0,1.2659573912801685,28.0,26.21737788889204,24.0,15.56269728887085,24.0,15.981247771387249
375,2016-06-28 10:00:00,Gucheng,station_target_delta_ridge,500.0,528.1893399900403,78.0,76.98062645101966,2.0,2.4731807822113288,45.0,48.273455670803855,29.0,29.406104868798693,29.0,34.34779871506553
376,2016-06-28 12:00:00,Wanliu,station_target_delta_ridge,700.0,657.1428571428571,69.0,88.85714285714286,2.0,2.0,55.0,30.285714285714285,44.0,47.42857142857143,44.0,47.857142857142854
377,2016-06-28 14:00:00,Gucheng,station_target_delta_ridge,700.0,671.0256701691203,92.0,95.07454140964423,2.0,2.5116066563475568,32.0,32.14935166565395,63.0,62.554642597902735,65.0,64.93165236107613
378,2016-06-28 16:00:00,Dongsi,station_target_delta_ridge,1000.0,987.6715248555039,81.0,87.21816874931602,2.0,2.2021634150546485,36.0,30.94179667894216,87.0,95.11350398987813,87.0,96.5230711462442
379,2016-06-28 18:00:00,Dingling,station_target_delta_ridge,700.0,691.4804445954836,77.0,78.862075160898,2.0,1.9543033249180013,25.0,25.937636205602793,77.0,72.9720243777767,77.0,70.06994333407947
380,2016-06-28 19:00:00,Wanliu,station_target_delta_ridge,900.0,819.7800077651532,47.0,57.734336228987345,2.0,2.3938320378007347,54.0,47.37087171422166,97.0,104.31078299495368,97.0,106.2126304679084
381,2016-06-28 21:00:00,Guanyuan,station_target_delta_ridge,1100.0,1019.2388372000541,44.0,50.92573925500648,2.0,1.7467772713824399,51.0,45.39263980095541,142.0,133.3729404412667,142.0,131.00697311270912
382,2016-06-28 22:00:00,Wanshouxigong,station_target_delta_ridge,1200.0,1254.9300262907564,33.0,18.0137919225717,2.0,2.0001025061389592,53.0,65.35534996134287,130.0,130.98064266612207,130.0,128.36319828959296
383,2016-06-29 00:00:00,Gucheng,station_target_delta_ridge,900.0,894.6703866507759,29.0,22.446092200303205,2.0,2.276332204224386,55.0,49.8074679751172,115.0,117.3907164889225,115.0,125.45215743107396
384,2016-06-29 01:00:00,Wanshouxigong,station_target_delta_ridge,1100.0,1093.157368278113,31.0,31.91200647871125,2.0,1.6575132645132544,43.0,43.55067084005913,107.0,118.24868767627189,107.0,112.04421514992272
385,2016-06-29 03:00:00,Gucheng,station_target_delta_ridge,800.0,980.063301854959,20.0,12.798648379134281,2.0,2.2826208354534905,41.0,55.73587364145524,124.0,129.09747406770552,124.0,130.56685436422012
386,2016-06-29 05:00:00,Aotizhongxin,station_target_delta_ridge,800.0,821.7139696702836,19.0,14.056561802898003,2.0,2.463737079596581,28.0,39.04639989574216,105.0,109.84547654483883,105.0,106.9264656529478
387,2016-06-29 06:00:00,Nongzhanguan,station_target_delta_ridge,900.0,972.6327451895996,15.0,23.34967267442175,2.0,2.2362234786246553,47.0,38.089440216908564,100.0,100.36708015454558,100.0,108.02459721402167
388,2016-06-29 08:00:00,Changping,station_target_delta_ridge,700.0,819.0608032734362,26.0,12.58850248366118,2.0,2.49599503667947,49.0,45.64330265347361,128.0,105.40866633551543,128.0,110.72893975060786
389,2016-06-29 09:00:00,Shunyi,station_target_delta_ridge,900.0,1039.2968293485785,52.0,42.63420454520535,2.0,1.9303582587941521,29.0,26.603645580581777,115.0,110.50631174285438,115.0,103.95303615691817
390,2016-06-29 11:00:00,Guanyuan,station_target_delta_ridge,1100.0,1003.3753382519037,91.0,92.52121309151217,2.0,0.786197080340048,38.0,38.03202367791006,120.0,114.77793941400121,120.0,125.04559509214162
391,2016-06-29 13:00:00,Guanyuan,station_target_delta_ridge,1000.0,1073.8719227025636,141.0,127.68326514513271,2.0,0.6633570667005402,41.0,41.70094248570106,151.0,130.11097523517594,151.0,136.16479223117122
392,2016-06-29 15:00:00,Guanyuan,station_target_delta_ridge,900.0,912.67208236886,201.0,194.14589904772797,2.0,0.5675867880335259,27.0,28.24828366119184,131.0,127.75634712512729,131.0,125.425444720485
393,2016-06-29 17:00:00,Aotizhongxin,station_target_delta_ridge,800.0,807.9936091618974,184.0,185.27687413106986,2.0,2.6280693071778094,22.0,26.495288539027,109.0,113.00232261418893,109.0,112.91653587282447
394,2016-06-29 18:00:00,Nongzhanguan,station_target_delta_ridge,900.0,892.4477172681156,163.0,160.840435961021,2.0,2.375123741913802,36.0,35.75619418363325,114.0,114.68736678244431,114.0,121.20966331021923
395,2016-06-29 20:00:00,Dingling,station_target_delta_ridge,800.0,902.4621777698516,127.0,175.24854534791456,2.0,1.115549486369109,28.0,30.198956154272878,119.0,116.19807906887493,119.0,119.7486464984801
396,2016-06-29 21:00:00,Tiantan,station_target_delta_ridge,1200.0,1153.3378353472044,40.0,64.8904850273833,2.0,2.941433362837972,51.0,47.715246093552274,148.0,135.8692841144258,148.0,135.76343126373644
397,2016-06-29 23:00:00,Dongsi,station_target_delta_ridge,1200.0,1335.6881642490341,59.0,59.36015406902037,2.0,1.9126947547662319,59.0,60.698896301740646,148.0,148.8634152033701,148.0,150.79133893951104
398,2016-06-30 00:00:00,Tiantan,station_target_delta_ridge,1300.0,1147.294576096966,3.0,11.694686913981748,2.0,3.7786746720467814,39.0,45.97367728538518,144.0,107.55741864953953,144.0,110.61976299196749
399,2016-06-30 02:00:00,Guanyuan,station_target_delta_ridge,1000.0,1089.6061489512829,24.0,17.820681823316875,2.0,3.2969462440771307,63.0,74.17164518537645,85.0,99.10616257009917,85.0,105.62075369600417
400,2016-06-30 03:00:00,Wanliu,station_target_delta_ridge,600.0,450.74193062457334,23.0,47.378163355090834,2.0,2.9528134366556427,66.0,42.184858782935635,48.0,47.17967712773046,48.0,42.41258332389494
401,2016-06-30 05:00:00,Gucheng,station_target_delta_ridge,800.0,689.8191066489617,39.0,17.58728863866434,2.0,2.2273318848479597,49.0,64.04092670435594,83.0,62.229589688057494,83.0,65.13838257739863
402,2016-06-30 07:00:00,Aotizhongxin,station_target_delta_ridge,600.0,755.7599248364183,21.0,15.809672900029291,2.0,1.5412295145459356,33.0,41.331279187888114,64.0,60.154707478564966,64.0,57.72005900309052
403,2016-06-30 08:00:00,Huairou,station_target_delta_ridge,500.0,429.24519596616324,5.0,18.24109761621419,2.0,2.5558218795330987,20.0,17.76411663022635,31.0,22.12468648750369,35.0,44.01156687504881
404,2016-06-30 10:00:00,Aotizhongxin,station_target_delta_ridge,700.0,812.644587431057,97.0,100.8387987898887,2.0,2.1146250269359794,19.0,20.666586099085745,65.0,71.64006473642905,65.0,69.51196970030452
405,2016-06-30 11:00:00,Huairou,station_target_delta_ridge,400.0,401.8532465258646,79.0,83.37022724084349,2.0,2.7465345290349124,12.0,12.586218269258802,31.0,33.760870736853306,35.0,44.02793376010838
406,2016-06-30 13:00:00,Changping,station_target_delta_ridge,600.0,576.9275235639357,149.0,154.17734068256192,2.0,1.8025428667412022,18.0,18.15463077046233,24.0,40.16061870047542,24.0,35.217033527786626
407,2016-06-30 14:00:00,Nongzhanguan,station_target_delta_ridge,700.0,679.2659017770635,205.0,207.82845901769122,2.0,1.8024126898297543,21.0,19.262208585134893,44.0,47.13236456318222,44.0,49.201852970278296
408,2016-06-30 16:00:00,Changping,station_target_delta_ridge,500.0,455.6818294269267,154.0,155.13088781656302,2.0,1.7873701979048358,11.0,15.144477057565158,15.0,16.6789116178294,17.0,17.40648254268013
409,2016-06-30 17:00:00,Wanliu,station_target_delta_ridge,600.0,602.8975677736178,207.0,224.71094772932136,2.0,1.3053513962547632,28.0,29.679772776563713,30.0,36.29297537861979,30.0,45.17780388370259
410,2016-06-30 19:00:00,Gucheng,station_target_delta_ridge,600.0,684.7286975372268,183.0,220.34770124346653,2.0,2.628071715027891,26.0,31.26695212519807,42.0,43.34829694294102,225.0,82.00862131694973
411,2016-06-30 21:00:00,Changping,station_target_delta_ridge,400.0,429.73351966014025,67.0,67.37767561511905,2.0,2.1882245847568,19.0,18.72479998390235,8.0,12.101711861849052,38.0,41.20271309064356
412,2016-06-30 22:00:00,Wanliu,station_target_delta_ridge,1000.0,1025.6164932722377,154.0,139.59194167488022,2.0,1.1094144911093002,46.0,54.2523554321771,98.0,98.16639543809478,109.0,97.62630784446498
413,2016-07-01 00:00:00,Gucheng,station_target_delta_ridge,800.0,992.5716527076474,91.0,119.0470052665161,2.0,2.0593857216638196,48.0,36.22329377646206,87.0,96.85353729231318,87.0,89.79936558977583
414,2016-07-01 01:00:00,Wanshouxigong,station_target_delta_ridge,400.0,381.14401276690535,84.0,88.74546421023533,2.0,1.1461161597378773,19.0,21.772259869622324,5.0,17.628286540228594,5.0,28.23068865617436
415,2016-07-01 03:00:00,Gucheng,station_target_delta_ridge,400.0,464.1870932354097,41.0,34.873857600528936,2.0,2.595732698947152,35.0,29.852794795061516,19.0,11.770059226486008,59.0,23.51247055097089
416,2016-07-01 05:00:00,Aotizhongxin,station_target_delta_ridge,300.0,276.81694661161697,37.0,40.68572002602239,2.0,1.7445279961372564,32.0,29.70338381300721,17.0,7.226556815399157,17.0,8.281047421789847
417,2016-07-01 06:00:00,Nongzhanguan,station_target_delta_ridge,400.0,477.84506240088143,48.0,42.14925411160773,2.0,2.3621574874107174,33.0,35.64035227628575,12.0,4.8827695693169515,19.0,15.119105085537942
418,2016-07-01 08:00:00,Changping,station_target_delta_ridge,400.0,409.42060153271575,52.0,65.36998674048948,2.0,2.3469827031170993,20.0,14.756078499314048,3.0,4.282703242635208,32.0,17.56412693404523
419,2016-07-01 09:00:00,Shunyi,station_target_delta_ridge,200.0,270.7567565413593,59.0,60.33260904768635,2.0,2.4592649413516554,15.0,13.822153811980971,9.0,9.136640076302719,9.0,18.24921836353691
420,2016-07-01 11:00:00,Guanyuan,station_target_delta_ridge,400.0,314.82249477571185,90.0,89.29046162661534,2.0,0.6621392160230233,17.0,13.299674266803567,3.0,5.341410653631194,21.0,28.43458145943958
421,2016-07-01 12:00:00,Wanshouxigong,station_target_delta_ridge,400.0,353.78627031289875,125.0,123.02071104112581,2.0,0.9645563448231198,16.0,13.796570870454865,12.0,7.670188353076163,13.0,18.26137072383842
422,2016-07-01 14:00:00,Tiantan,station_target_delta_ridge,300.0,345.68208939811376,132.0,135.81811350912525,2.0,3.3107845222417636,4.0,4.815294475505856,16.0,10.924713266045641,16.0,12.932196424789815
423,2016-07-01 16:00:00,Huairou,station_target_delta_ridge,300.0,310.5372161174888,75.0,73.17357306834418,2.0,2.2490985933885512,8.0,6.675997123840183,5.0,1.4868219409626349,8.0,7.487347294542757
424,2016-07-01 18:00:00,Changping,station_target_delta_ridge,500.0,490.2142099665381,116.0,116.96577433196077,2.0,2.8436215137250924,11.0,10.913478780379101,10.0,6.678450153372002,27.0,25.884876566704694
425,2016-07-01 19:00:00,Shunyi,station_target_delta_ridge,200.0,300.2646507771079,64.0,76.16253667437798,2.0,2.97195931548609,26.0,18.802852349006884,6.0,13.98785883706242,6.0,40.099308605963046
426,2016-07-01 21:00:00,Guanyuan,station_target_delta_ridge,500.0,360.86355699621924,140.0,140.0074711070048,2.0,1.479582564327484,36.0,35.47031421335981,19.0,29.734511650498277,54.0,45.61393788694786
427,2016-07-01 22:00:00,Wanliu,station_target_delta_ridge,500.0,604.2394336813018,103.0,106.88865234325462,2.0,1.8092292691457923,52.0,46.26088342253275,22.0,23.803341309187704,61.0,47.654750003449905
428,2016-07-02 00:00:00,Gucheng,station_target_delta_ridge,400.0,595.6781974492494,85.0,50.14617368228217,2.0,2.4373576070737144,29.0,70.78267535605825,24.0,38.56082314930176,24.0,67.91922619432721
429,2016-07-02 02:00:00,Changping,station_target_delta_ridge,400.0,1605.858437210636,37.0,53.76968399758451,22.0,2.410816494655798,17.0,16.20915527957375,10.0,11.908910668513759,16.0,23.076062648143555
430,2016-07-02 03:00:00,Shunyi,station_target_delta_ridge,700.0,475.98283643599166,24.0,24.338087551743875,2.0,2.5509186867745925,20.0,16.992308497336552,101.0,69.6282591924458,101.0,85.82943161841561
431,2016-07-02 05:00:00,Gucheng,station_target_delta_ridge,300.0,626.7915035504758,50.0,5.619699100750589,2.0,2.212888841443804,27.0,74.36949570591979,15.0,40.86307189506911,15.0,66.77746989357261
432,2016-07-02 07:00:00,Aotizhongxin,station_target_delta_ridge,1000.0,1020.5904946584635,26.0,17.141333805219197,2.0,1.8816946719551602,35.0,48.346621545716694,113.0,116.65166270446069,113.0,101.76683468384378
433,2016-07-02 08:00:00,Tiantan,station_target_delta_ridge,1900.0,1178.023862375136,25.0,41.20897916021575,3.0,4.749378303195354,82.0,72.01481778560972,111.0,113.44537262078623,119.0,125.12307627854678
434,2016-07-02 10:00:00,Huairou,station_target_delta_ridge,800.0,649.5119601559534,100.0,75.10944045581712,2.0,1.8586982796824016,14.0,15.130935498186096,52.0,44.467075772765,71.0,61.99307531330673
435,2016-07-02 12:00:00,Dingling,station_target_delta_ridge,400.0,750.0,84.0,167.6,3.0,3.3,23.0,35.2,26.0,61.5,47.0,63.9
436,2016-07-02 13:00:00,Wanshouxigong,station_target_delta_ridge,600.0,622.3315307526744,210.0,184.9799856671091,2.0,2.6863631939077868,24.0,43.30630447730128,36.0,49.77209968054934,36.0,54.473714870098135
437,2016-07-02 15:00:00,Huairou,station_target_delta_ridge,600.0,579.3748457812892,258.0,200.68812535597831,4.0,3.129615383499979,20.0,14.109788687103805,43.0,30.017614664487766,57.0,48.496216993365934
438,2016-07-02 17:00:00,Changping,station_target_delta_ridge,600.0,594.669975770362,171.0,179.3119077910626,2.0,2.2677713211724546,16.0,14.633306644081063,27.0,23.250988844921327,37.0,38.9131847268426
439,2016-07-02 18:00:00,Wanliu,station_target_delta_ridge,500.0,377.8542605224331,179.0,172.0290614211233,4.0,2.9703403762423006,24.0,26.991819065737765,21.0,16.59593369833842,29.0,31.70253758779764
440,2016-07-02 20:00:00,Nongzhanguan,station_target_delta_ridge,600.0,566.9046314346735,159.0,162.4645857813775,2.0,2.3338215381495706,38.0,28.07070400660394,21.0,27.00589166425272,40.0,37.74728914232528
441,2016-07-02 22:00:00,Dongsi,station_target_delta_ridge,900.0,797.4321731641674,129.0,126.83547982474553,4.0,3.841940343835804,49.0,43.331033084578976,48.0,46.94821601261303,62.0,81.3076360769492
442,2016-07-02 23:00:00,Wanshouxigong,station_target_delta_ridge,800.0,981.9503647325603,111.0,104.75838848420662,2.0,0.9208336859704727,51.0,60.577587709350276,47.0,54.64579212092853,70.0,86.15167044193049
443,2016-07-03 01:00:00,Shunyi,station_target_delta_ridge,900.0,982.8670835162533,43.0,58.68806179908249,2.0,3.3556370123332746,62.0,43.757664707920945,70.0,57.79579111929646,110.0,104.82994332196043
444,2016-07-03 03:00:00,Guanyuan,station_target_delta_ridge,900.0,786.5363824329112,43.0,43.68892628627063,8.0,6.731838070757899,61.0,54.29072604038448,80.0,59.345354326830915,127.0,104.9367757780746
445,2016-07-03 04:00:00,Wanshouxigong,station_target_delta_ridge,1000.0,851.1431488345927,12.0,33.845639994499656,2.0,1.710385894440638,84.0,60.65360417723142,76.0,71.61904418430451,101.0,101.86079456956772
446,2016-07-03 06:00:00,Tiantan,station_target_delta_ridge,800.0,909.7485776003791,21.0,25.080539825094423,6.0,5.677417865405671,77.0,55.399912027418324,79.0,64.2511634200541,105.0,67.90150153216663
447,2016-07-03 08:00:00,Gucheng,station_target_delta_ridge,700.0,766.8951307990478,49.0,33.510416737122995,2.0,3.081190185122818,74.0,85.49088755507005,58.0,58.791920237989,151.0,120.59727297583805
448,2016-07-03 10:00:00,Aotizhongxin,station_target_delta_ridge,1200.0,1259.440178368292,102.0,85.01014811445657,19.0,13.252751359481625,39.0,44.72779977453877,110.0,113.59890338256987,110.0,109.59552900464686
449,2016-07-03 11:00:00,Tiantan,station_target_delta_ridge,1000.0,1045.7188202971477,148.0,161.5445153628747,31.0,31.35286490556402,32.0,26.84186537512192,84.0,81.34498285880157,84.0,75.36057330290319
450,2016-07-03 13:00:00,Gucheng,station_target_delta_ridge,900.0,1036.7581552567788,207.0,180.16214787589695,16.0,8.453107030853,38.0,71.17902980374639,99.0,112.13740253750824,99.0,147.28493471137395
451,2016-07-03 15:00:00,Aotizhongxin,station_target_delta_ridge,600.0,731.2620494436802,228.0,230.72612848270248,8.0,10.74485426443861,15.0,21.000133481166273,70.0,66.46311072907342,70.0,74.67522145496491
452,2016-07-03 16:00:00,Shunyi,station_target_delta_ridge,600.0,650.0244160947364,147.0,165.46437845014646,4.0,2.9368466978155836,18.0,17.101862231099577,43.0,50.33650413396834,43.0,67.34991304865298
453,2016-07-03 18:00:00,Gucheng,station_target_delta_ridge,1000.0,1091.315821425982,192.0,199.79530655624507,2.0,8.597812341004623,29.0,30.68111078764361,99.0,126.26423872624252,346.0,149.58462642414796
454,2016-07-03 20:00:00,Aotizhongxin,station_target_delta_ridge,800.0,1011.9290218317875,204.0,185.16847545407174,6.0,5.909734425776823,24.0,40.89248342057252,88.0,98.91429467825571,93.0,104.77039257641957
455,2016-07-03 21:00:00,Shunyi,station_target_delta_ridge,600.0,729.7422497180195,125.0,113.07716794164264,2.0,1.7878449347561451,30.0,36.50913294700347,65.0,73.60161982785407,106.0,87.66214704286074
456,2016-07-03 23:00:00,Gucheng,station_target_delta_ridge,1200.0,1076.4808431621252,108.0,107.58060197369205,2.0,2.1747959444950173,60.0,53.32849076252846,116.0,131.50841125156708,150.0,126.91549474626258
457,2016-07-04 01:00:00,Aotizhongxin,station_target_delta_ridge,1100.0,1376.2749327866682,106.0,90.24444411320086,4.0,5.390617913990179,27.0,33.591849933131115,134.0,145.35784676371614,134.0,147.30233516586011
458,2016-07-04 02:00:00,Shunyi,station_target_delta_ridge,1000.0,1969.236980852009,62.0,63.3311910413494,2.0,2.379832730909222,11.0,18.235434987957987,237.0,190.13873986794832,237.0,172.94347788465527
459,2016-07-04 04:00:00,Nongzhanguan,station_target_delta_ridge,1500.0,1513.5711172192982,85.0,68.03403863888893,4.0,3.9363533542786033,32.0,42.14789706809398,273.0,257.72974339531794,273.0,264.8483816525862
460,2016-07-04 06:00:00,Gucheng,station_target_delta_ridge,1200.0,1214.425821378538,36.0,12.598593875769339,2.0,1.9440011570741722,55.0,82.35773638109671,138.0,151.67356029356415,138.0,178.72467646545715
461,2016-07-04 08:00:00,Changping,station_target_delta_ridge,1600.0,1323.9967559666748,54.0,66.61961558285034,2.0,1.7656943655525783,32.0,29.812877812012374,172.0,185.14631576548888,172.0,190.02461439202665
462,2016-07-04 09:00:00,Tiantan,station_target_delta_ridge,1400.0,1382.056572585195,62.0,70.575672095871,5.0,7.465581438694161,36.0,31.147862342394554,174.0,163.81066474295312,174.0,161.6884088037805
463,2016-07-04 11:00:00,Nongzhanguan,station_target_delta_ridge,1500.0,1487.3803059594784,132.0,138.26124145511017,14.0,15.834019274644264,37.0,33.39367029757639,118.0,127.91197379590717,118.0,118.06465628296706
464,2016-07-04 13:00:00,Guanyuan,station_target_delta_ridge,1200.0,1339.0344624074216,192.0,188.7999898297277,9.0,7.657085149611862,23.0,24.14661799257331,123.0,110.66992490068478,123.0,115.26029166085277
465,2016-07-04 15:00:00,Aotizhongxin,station_target_delta_ridge,1400.0,1360.1836200031594,232.0,229.38215851516594,6.0,7.752381416033282,17.0,22.004646770860155,116.0,117.29198983372369,116.0,121.41644990224947
466,2016-07-04 16:00:00,Wanshouxigong,station_target_delta_ridge,1300.0,1261.5008984428805,237.0,229.9934454982912,5.0,5.073350354648387,14.0,16.150916417572876,107.0,109.44839840770952,107.0,116.93868397876395
467,2016-07-04 18:00:00,Nongzhanguan,station_target_delta_ridge,1300.0,1399.5552722606742,225.0,235.96817118871718,6.0,6.050052089373718,23.0,22.12129504291413,96.0,104.33295378073538,96.0,105.72851846851242
468,2016-07-04 20:00:00,Dongsi,station_target_delta_ridge,1200.0,1101.8810515690814,177.0,179.60817747584855,9.0,8.740830282983524,41.0,36.903556725861236,117.0,109.06570762037147,117.0,105.15624581347828
469,2016-07-04 21:00:00,Wanshouxigong,station_target_delta_ridge,900.0,857.7203669453977,146.0,134.3564698924638,7.0,5.227083392313821,35.0,34.14221802264845,64.0,62.555746956570054,64.0,66.84588961807131
470,2016-07-04 23:00:00,Nongzhanguan,station_target_delta_ridge,800.0,1039.80934164372,68.0,47.97925463698229,7.0,6.143732769464836,47.0,53.956461473372826,55.0,51.61252368265476,77.0,72.91710256545609
471,2016-07-05 01:00:00,Gucheng,station_target_delta_ridge,800.0,957.0482734149389,61.0,78.64706293234863,3.0,4.636328486996414,57.0,40.04098737348088,56.0,71.29079649083421,61.0,95.97819224512519
472,2016-07-05 03:00:00,Aotizhongxin,station_target_delta_ridge,1000.0,976.7667761963883,62.0,65.1914207757975,3.0,3.9812341319716498,24.0,20.112617853757833,116.0,123.37814370146764,116.0,114.5352521249112
473,2016-07-05 04:00:00,Tiantan,station_target_delta_ridge,1100.0,1105.0448370059428,62.0,53.03063962389806,6.0,6.313330057401824,18.0,22.377372431606457,125.0,127.3112759288622,125.0,122.87088368039244
474,2016-07-05 06:00:00,Nongzhanguan,station_target_delta_ridge,1200.0,1157.9074579279632,34.0,40.28061050537597,2.0,1.7128918263327346,38.0,30.814019197800377,122.0,121.92978595010537,122.0,126.28087996507817
475,2016-07-05 08:00:00,Dongsi,station_target_delta_ridge,1600.0,1322.363929657909,34.0,51.34314611016447,6.0,7.079638782316504,51.0,41.52804047005779,136.0,118.93184614959449,136.0,118.77769473031927
476,2016-07-05 10:00:00,Aotizhongxin,station_target_delta_ridge,1000.0,1148.15748392398,108.0,84.93570036886322,6.0,8.077339566093277,19.0,29.768254303820367,114.0,101.10149239659499,114.0,97.70203668616666
477,2016-07-05 11:00:00,Shunyi,station_target_delta_ridge,800.0,973.7520766179039,2.0,42.39475312373643,6.0,5.508066239688946,21.0,15.334782289857081,51.0,57.94677853567551,53.0,61.83184797000811
478,2016-07-05 13:00:00,Gucheng,station_target_delta_ridge,800.0,844.683967666203,205.0,183.13842913457486,4.0,3.957673593009333,31.0,41.42092973141678,128.0,128.8524201949659,129.0,122.03406044540809
479,2016-07-05 15:00:00,Aotizhongxin,station_target_delta_ridge,700.0,720.9930589363112,258.0,241.80498363326305,5.0,4.931300824208695,12.0,18.050192902755818,79.0,86.61038496978446,79.0,87.272679155765
480,2016-07-05 16:00:00,Tiantan,station_target_delta_ridge,900.0,920.5803643678164,247.0,258.3374586447519,7.0,7.566250093914975,9.0,9.63289572897822,71.0,77.68910956544349,80.0,79.1568799262
481,2016-07-05 18:00:00,Gucheng,station_target_delta_ridge,800.0,762.8078231281629,238.0,240.15915055274908,4.0,5.2058097693177645,22.0,24.639716645784965,86.0,78.27359225095236,87.0,86.29867012086574
482,2016-07-05 20:00:00,Aotizhongxin,station_target_delta_ridge,800.0,812.914374556582,216.0,206.64977924743437,3.0,4.340635570497939,20.0,31.75426015692552,85.0,87.05757279892866,85.0,93.50762072964667
483,2016-07-05 21:00:00,Tiantan,station_target_delta_ridge,1000.0,1014.445383468161,162.0,130.10141243184987,9.0,8.068323228496666,23.0,24.112732101742427,86.0,74.68238393766747,106.0,94.08233483156961
484,2016-07-05 23:00:00,Gucheng,station_target_delta_ridge,1000.0,1018.0675666644025,131.0,147.62581979808834,5.0,4.618837985086586,64.0,59.21839204996682,93.0,96.60781920986456,161.0,121.68844577387166
485,2016-07-06 01:00:00,Aotizhongxin,station_target_delta_ridge,900.0,960.6034206971323,132.0,137.76782649737575,8.0,7.5993880948103,26.0,27.177357869217797,81.0,84.76376424067638,81.0,83.4431840832517
486,2016-07-06 02:00:00,Wanshouxigong,station_target_delta_ridge,1100.0,922.141553577308,66.0,83.4001258971717,3.0,2.1886808064037795,58.0,48.56578905507456,65.0,64.13970908265445,88.0,69.20448255503356
487,2016-07-06 04:00:00,Wanliu,station_target_delta_ridge,800.0,758.0570873573056,49.0,47.99564411167407,2.0,1.13815235662645,48.0,48.94203713096583,53.0,45.36722708956343,67.0,62.06621115950526
488,2016-07-06 06:00:00,Nongzhanguan,station_target_delta_ridge,800.0,875.8017929986569,65.0,46.98356213776238,5.0,5.724284614034948,42.0,52.195712609295256,46.0,61.743635626608636,63.0,81.67869947255522
489,2016-07-06 08:00:00,Dongsi,station_target_delta_ridge,1000.0,1110.1813848078266,69.0,56.51698698956925,10.0,11.511793731336603,46.0,60.00228126428949,78.0,82.28959619340941,84.0,100.09501097238379
490,2016-07-06 09:00:00,Wanshouxigong,station_target_delta_ridge,1200.0,1123.0556965320218,88.0,70.42847108267867,8.0,7.471048739194778,60.0,63.987960541697994,85.0,90.93933113221881,118.0,119.92372570833818
491,2016-07-06 11:00:00,Nongzhanguan,station_target_delta_ridge,1100.0,1106.6715455560586,139.0,147.48766689014496,8.0,8.453484879547114,68.0,64.09599510348514,91.0,93.75909518581506,106.0,111.79158294992361
492,2016-07-06 13:00:00,Dongsi,station_target_delta_ridge,800.0,813.4532237642566,218.0,211.85008054945465,5.0,4.494227459171257,17.0,16.93459505995559,83.0,75.79224053282348,83.0,74.35832274256927
493,2016-07-06 14:00:00,Wanshouxigong,station_target_delta_ridge,700.0,615.3995651187098,230.0,227.4862949067274,4.0,1.8741403849138547,16.0,15.726724729309066,72.0,64.80157613055644,72.0,71.80160012964792
494,2016-07-06 16:00:00,Shunyi,station_target_delta_ridge,600.0,638.9903432499256,249.0,276.3447963086967,3.0,3.3183735916310875,15.0,20.69438762765871,50.0,58.139591462755355,50.0,86.41244307900467
495,2016-07-06 18:00:00,Guanyuan,station_target_delta_ridge,600.0,617.353711099965,177.0,186.12081066263192,4.0,3.7943965954411896,23.0,17.15404647917719,47.0,36.72589141874367,47.0,44.832369073647556
496,2016-07-06 20:00:00,Aotizhongxin,station_target_delta_ridge,800.0,795.9084933192636,220.0,215.46507355507714,4.0,4.123556670394014,28.0,33.701040257225294,51.0,54.48654587393639,65.0,67.41107708162347
497,2016-07-06 21:00:00,Shunyi,station_target_delta_ridge,900.0,974.5616206572196,199.0,183.45260622049076,2.0,2.8150932271991342,26.0,33.721234676549344,62.0,67.8140149293273,101.0,123.4009953845664
498,2016-07-06 23:00:00,Guanyuan,station_target_delta_ridge,1500.0,1342.8981514810764,161.0,159.79876770633015,10.0,7.976924884327037,35.0,31.79553913312226,92.0,85.57211961207528,159.0,134.94918569457127
499,2016-07-07 00:00:00,Wanshouxigong,station_target_delta_ridge,1800.0,2007.0674075137774,160.0,181.20148465488745,7.0,8.003008431276498,29.0,31.427876751922355,87.0,89.43861497795919,106.0,120.98042520981322
500,2016-07-07 02:00:00,Shunyi,station_target_delta_ridge,1500.0,1520.6471289220926,101.0,93.51523217408543,2.0,2.4257503603308175,28.0,26.694933526575056,123.0,110.31811511477578,128.0,115.25330455994042
501,2016-07-07 04:00:00,Guanyuan,station_target_delta_ridge,1300.0,1447.6598241877393,70.0,92.12915105992228,14.0,13.731713281448709,37.0,26.61675804045263,105.0,94.83820770517862,116.0,105.17236488772129
502,2016-07-07 06:00:00,Changping,station_target_delta_ridge,1500.0,1444.0292977289957,78.0,76.1114294824479,2.0,2.2405820356795316,25.0,31.777171031396772,86.0,88.68199890214993,111.0,144.8936387684001
503,2016-07-07 07:00:00,Wanliu,station_target_delta_ridge,1400.0,1047.0571946674863,16.0,27.198648385625116,4.0,2.7164300224696243,86.0,69.11090219500497,111.0,96.12013928645685,149.0,88.50085797393308
504,2016-07-07 09:00:00,Huairou,station_target_delta_ridge,1200.0,1225.475496891356,98.0,72.13134719496026,3.0,3.7970957529519183,19.0,21.020250593709427,114.0,104.3359592538514,117.0,112.68205461517294
505,2016-07-07 11:00:00,Changping,station_target_delta_ridge,1700.0,1724.2082877578832,172.0,141.2617832670734,12.0,10.8690360155924,22.0,24.56378989758136,118.0,119.51216996480468,118.0,133.57542674888367
506,2016-07-07 12:00:00,Wanliu,station_target_delta_ridge,1200.0,1263.7612742781457,194.0,173.28638592533423,11.0,10.567701153556204,37.0,55.090045460788545,133.0,141.03157016494697,133.0,143.12563785648825
507,2016-07-07 14:00:00,Huairou,station_target_delta_ridge,1500.0,1139.3211276317163,260.0,229.04776723475445,13.0,9.213357555057687,16.0,13.73289917840245,114.0,115.77883788188831,114.0,129.28750172260885
508,2016-07-07 16:00:00,Changping,station_target_delta_ridge,900.0,942.175354177213,236.0,246.70915174904485,3.0,4.2391205304292265,13.0,15.952721420171702,89.0,89.76998609847995,113.0,102.16451054950164
509,2016-07-07 17:00:00,Tiantan,station_target_delta_ridge,900.0,800.3892717379631,257.0,263.4047359791914,7.0,8.149053201639687,15.0,14.425325226388976,114.0,112.71756560692907,116.0,117.14885654290504
510,2016-07-07 19:00:00,Huairou,station_target_delta_ridge,900.0,914.1878688881038,244.0,248.57217410670424,5.0,5.410277088836039,19.0,18.51120156169465,118.0,113.85111521634525,132.0,135.040603984263
511,2016-07-07 21:00:00,Changping,station_target_delta_ridge,1100.0,1007.1402604458318,187.0,187.7163929628192,3.0,3.3527895934687435,33.0,28.114977830787623,105.0,90.20119723727908,173.0,123.27525333594318
512,2016-07-07 22:00:00,Tiantan,station_target_delta_ridge,1100.0,991.1782970959922,60.0,147.62999321542463,14.0,14.29569161385412,47.0,37.53561445532265,72.0,76.55813265582691,90.0,87.17577970640941
513,2016-07-08 00:00:00,Huairou,station_target_delta_ridge,800.0,878.5812213805373,111.0,127.3283381431313,3.0,4.200012621391248,19.0,17.728553048609452,84.0,79.12434228296043,97.0,89.61059252643783
514,2016-07-08 02:00:00,Changping,station_target_delta_ridge,600.0,1912.4723566907876,45.0,75.62789132379352,24.0,4.8182974064608315,21.0,25.07230433605061,72.0,77.8025005310708,109.0,121.43343341146317
515,2016-07-08 03:00:00,Tiantan,station_target_delta_ridge,600.0,740.1961312940836,35.0,21.347630932951606,9.0,10.217359362277914,38.0,53.70622793151037,57.0,63.84350774444916,57.0,100.98722266390823
516,2016-07-08 05:00:00,Nongzhanguan,station_target_delta_ridge,900.0,994.2306175165371,40.0,31.56311595841357,4.0,4.0093806028241445,25.0,28.362257631804667,63.0,55.78932757765256,63.0,52.649656780021985
517,2016-07-08 07:00:00,Dongsi,station_target_delta_ridge,1300.0,1213.2058065934075,28.0,31.830931629377375,6.0,5.487249449739383,40.0,37.09661332628009,85.0,84.81054764735521,85.0,84.28764649141003
518,2016-07-08 08:00:00,Wanliu,station_target_delta_ridge,1000.0,1082.1885297313856,9.0,20.77304012860629,2.0,3.3610616996852407,54.0,40.05985114119652,68.0,75.14494265873924,68.0,76.26997877970439
519,2016-07-08 10:00:00,Huairou,station_target_delta_ridge,1500.0,1610.0694376313045,43.0,42.40243218223269,7.0,6.926720138954603,26.0,27.393803706528832,54.0,55.56661572766248,61.0,67.05514221130483
520,2016-07-08 12:00:00,Dongsi,station_target_delta_ridge,2000.0,1961.5293470813222,81.0,84.39715977378496,12.0,10.843541426776499,49.0,43.961755696001156,131.0,131.6710245456175,131.0,132.84637447433676
521,2016-07-08 13:00:00,Wanliu,station_target_delta_ridge,1700.0,1640.544056907762,123.0,125.18105220046678,6.0,7.92702547795,50.0,49.6942533811857,129.0,131.97151676380977,129.0,129.4164136169658
522,2016-07-08 15:00:00,Huairou,station_target_delta_ridge,1200.0,1272.3317480615624,209.0,206.45352454893788,5.0,4.959749952790952,16.0,14.850409393026512,115.0,101.30491224717832,115.0,123.23060744541137
523,2016-07-08 17:00:00,Dongsi,station_target_delta_ridge,1200.0,1280.5263036987474,211.0,207.1960081095523,6.0,6.398616239917425,23.0,22.345829327254137,128.0,135.1602804267594,128.0,133.4995313199465
524,2016-07-08 18:00:00,Wanliu,station_target_delta_ridge,1000.0,988.4971047290709,183.0,196.59687933976477,3.0,3.125742239549538,31.0,31.89463857245204,109.0,106.66979575753129,109.0,106.27389078023076
525,2016-07-08 20:00:00,Huairou,station_target_delta_ridge,1000.0,1397.9566343159954,184.0,217.64764683131156,3.0,3.293666651334319,18.0,18.255662149164014,91.0,103.85052939604735,118.0,120.00133044747368
526,2016-07-08 22:00:00,Changping,station_target_delta_ridge,1200.0,1030.4374628796563,150.0,137.6414118241145,2.0,2.682989818882459,28.0,26.555082525023533,107.0,91.04970291237117,132.0,102.10314995296731
527,2016-07-08 23:00:00,Wanliu,station_target_delta_ridge,600.0,898.878994050554,103.0,109.47466468615607,2.0,2.691000615412284,41.0,48.892098311855534,64.0,85.90148427638096,64.0,122.6673665044664
528,2016-07-09 01:00:00,Huairou,station_target_delta_ridge,900.0,506.85955345715024,49.0,68.725329373877,2.0,1.9146816418165726,18.0,14.099004869087688,36.0,32.420211477545756,41.0,36.92693772968466
529,2016-07-09 03:00:00,Changping,station_target_delta_ridge,600.0,677.5777132089538,53.0,49.719942164313494,2.0,4.060523964007163,25.0,34.6881507831058,45.0,46.37293937954784,55.0,67.6336948624942
530,2016-07-09 04:00:00,Wanshouxigong,station_target_delta_ridge,800.0,831.7731854379,13.0,9.118051193256445,3.0,2.010581475444511,61.0,62.771469647404494,65.0,66.03454101866815,76.0,77.23400244065617
531,2016-07-09 06:00:00,Shunyi,station_target_delta_ridge,700.0,666.825690157475,22.0,24.5593245467146,2.0,2.0175289385725383,24.0,24.289080819384342,59.0,62.16975346979803,59.0,56.17489599037263
532,2016-07-09 08:00:00,Guanyuan,station_target_delta_ridge,1000.0,913.3956873386657,14.0,17.91851625359964,10.0,7.581319627056571,49.0,42.252808799532126,87.0,82.79729174900308,87.0,95.30971350574991
533,2016-07-09 10:00:00,Aotizhongxin,station_target_delta_ridge,800.0,800.091852233602,65.0,53.144410760878586,6.0,4.212423788394988,34.0,37.16121775091699,94.0,93.81590479389529,94.0,91.51046972017919
534,2016-07-09 11:00:00,Shunyi,station_target_delta_ridge,700.0,731.1465582814599,104.0,107.15133238191704,2.0,2.24515822992949,15.0,15.690995133539587,70.0,80.9766806231062,75.0,78.86230911333284
535,2016-07-09 13:00:00,Guanyuan,station_target_delta_ridge,1000.0,1040.296610095921,179.0,194.77668657572275,8.0,5.909575401773534,29.0,29.72638384674171,134.0,128.58758407837468,134.0,135.85374111982972
536,2016-07-09 14:00:00,Wanshouxigong,station_target_delta_ridge,900.0,889.3990362156602,217.0,218.7876972340929,3.0,1.5347023654070422,19.0,18.150492637517843,97.0,92.56662742651028,97.0,102.39615929489335
537,2016-07-09 16:00:00,Tiantan,station_target_delta_ridge,700.0,533.8025068000853,200.0,200.9886851457727,5.0,7.639530955217131,11.0,13.049575468298492,75.0,63.928108374677834,95.0,66.50871956185688
538,2016-07-09 18:00:00,Gucheng,station_target_delta_ridge,800.0,767.485512572709,213.0,229.67763088956985,2.0,2.096145208291177,22.0,23.78567118771053,81.0,91.35096972997248,81.0,97.33778032348403
539,2016-07-09 20:00:00,Aotizhongxin,station_target_delta_ridge,700.0,624.1056924129359,196.0,188.02203307792826,3.0,3.83266580470144,22.0,28.67285430024825,89.0,88.4275095474677,89.0,98.00397518714924
540,2016-07-09 21:00:00,Tiantan,station_target_delta_ridge,700.0,751.6403218790942,162.0,171.71347360025842,4.0,4.102861233250695,21.0,21.740784956021173,86.0,93.77185109477143,97.0,90.34192553694544
541,2016-07-09 23:00:00,Gucheng,station_target_delta_ridge,700.0,732.5451918729481,108.0,119.35098430328058,2.0,2.138404611318482,40.0,36.3677467716753,96.0,106.57841924251386,107.0,147.89617623975954
542,2016-07-10 01:00:00,Aotizhongxin,station_target_delta_ridge,600.0,740.4655277778854,77.0,75.41046860493348,3.0,3.1656568720732383,28.0,28.05803992542971,74.0,69.45086695995617,74.0,85.42952593008786
543,2016-07-10 02:00:00,Tiantan,station_target_delta_ridge,600.0,680.4639254673142,63.0,59.52926511714868,5.0,5.2290028875699415,25.0,24.27772483505314,88.0,99.15315440118917,88.0,85.09794925493048
544,2016-07-10 04:00:00,Huairou,station_target_delta_ridge,1000.0,982.1406606553519,61.0,75.52423993548354,2.0,2.216952703351822,24.0,20.112136641406842,125.0,119.55991357289913,125.0,117.10805554020695
545,2016-07-10 06:00:00,Changping,station_target_delta_ridge,1000.0,759.6960498858292,47.0,41.23945694507343,2.0,3.0425602618804977,30.0,31.873303745175054,101.0,98.17597423839018,110.0,120.08470092167413
546,2016-07-10 07:00:00,Tiantan,station_target_delta_ridge,1000.0,949.7125585424758,29.0,19.872696579613727,4.0,4.692332780658161,38.0,40.08653172892408,143.0,135.42565188053885,143.0,130.71953939387117
547,2016-07-10 09:00:00,Huairou,station_target_delta_ridge,1000.0,895.1043061003113,72.0,72.77463739592223,2.0,2.1781384406333673,25.0,22.374156721324233,135.0,136.89208385369858,139.0,137.76376066985532
548,2016-07-10 11:00:00,Changping,station_target_delta_ridge,1100.0,1128.5509505488453,162.0,150.79418877048076,2.0,2.0947326576660954,15.0,18.549196913520785,113.0,101.55744084758479,127.0,141.60962909482038
549,2016-07-10 12:00:00,Tiantan,station_target_delta_ridge,700.0,640.3890914998651,170.0,198.33367570137167,6.0,9.974964497394552,12.0,10.907586249120154,66.0,64.54657338759631,66.0,60.93976196428267
550,2016-07-10 14:00:00,Huairou,station_target_delta_ridge,800.0,767.2264949914029,286.0,226.32887065886715,2.0,2.0777632425748767,19.0,13.703691599756578,118.0,93.47136607205364,118.0,94.72507079043234
551,2016-07-10 16:00:00,Changping,station_target_delta_ridge,500.0,524.9323254873209,201.0,202.42073340881606,2.0,2.900742460956577,10.0,12.61077080770649,43.0,47.77472630688262,69.0,61.938428403191864
552,2016-07-10 17:00:00,Tiantan,station_target_delta_ridge,800.0,919.6475067962626,195.0,211.9527894677946,7.0,8.061970262651421,5.0,6.6780594880056094,49.0,56.61396613446311,49.0,49.265319743213276
553,2016-07-10 19:00:00,Huairou,station_target_delta_ridge,900.0,794.6014600388364,203.0,205.0342002736424,3.0,2.6506438936765666,19.0,15.55482535220411,54.0,54.38402943717614,67.0,73.66569735776037
554,2016-07-10 21:00:00,Changping,station_target_delta_ridge,900.0,1124.2596736330604,162.0,173.86358719781856,3.0,3.838131763133241,18.0,25.95627647785693,47.0,46.62742742937431,76.0,97.38588011594923
555,2016-07-10 22:00:00,Tiantan,station_target_delta_ridge,600.0,677.3954006137183,90.0,111.22804586610927,4.0,4.945227877203187,23.0,23.87991201966674,46.0,51.577117612480066,78.0,81.04254291524089
556,2016-07-11 00:00:00,Gucheng,station_target_delta_ridge,500.0,464.4471453792326,89.0,86.92608038673058,2.0,2.408684353647493,38.0,36.37877870909396,56.0,55.99379399804194,66.0,71.29094091201739
557,2016-07-11 02:00:00,Changping,station_target_delta_ridge,600.0,570.7868626238603,65.0,55.16249875405614,2.0,3.7000465315918136,30.0,32.939774649917496,46.0,46.400356638684215,80.0,87.48986952366391
558,2016-07-11 03:00:00,Tiantan,station_target_delta_ridge,600.0,688.2060358346752,62.0,64.4006007763947,6.0,6.778210829343851,29.0,23.228749000207088,75.0,69.4773464876158,79.0,74.70159003402057
559,2016-07-11 05:00:00,Nongzhanguan,station_target_delta_ridge,600.0,755.8130889081842,66.0,52.60861964643385,6.0,4.528637178140147,29.0,37.13804067395425,84.0,82.58755382668308,84.0,88.70729266920999
560,2016-07-11 07:00:00,Guanyuan,station_target_delta_ridge,1000.0,917.5661258618281,28.0,35.552554257923305,14.0,12.080198527712717,53.0,43.44292714834501,110.0,109.25408994409429,132.0,132.20451702955535
561,2016-07-11 08:00:00,Wanshouxigong,station_target_delta_ridge,1000.0,1021.9485938383425,37.0,33.20609408805951,9.0,8.149966678962167,56.0,61.005813770020474,112.0,110.40297229317059,131.0,140.83639024628312
562,2016-07-11 10:00:00,Shunyi,station_target_delta_ridge,700.0,682.9098994195485,95.0,85.84258301352645,2.0,2.1907989338712306,42.0,37.01204022783336,119.0,119.2726477883074,127.0,140.4239595920983
563,2016-07-11 12:00:00,Nongzhanguan,station_target_delta_ridge,800.0,916.9317623786834,151.0,159.11719848442738,10.0,10.502508275215257,16.0,15.316542378021772,89.0,127.88444384448714,89.0,128.95020871536195
564,2016-07-11 14:00:00,Gucheng,station_target_delta_ridge,800.0,722.9344363091286,212.0,202.55498459885865,11.0,13.574506956971582,17.0,15.404111867360855,97.0,93.8330872086954,117.0,105.21529858958765
565,2016-07-11 16:00:00,Changping,station_target_delta_ridge,700.0,696.1706516991351,213.0,225.79986198705373,6.0,6.502185667924264,12.0,12.462068871532194,71.0,76.06444800355287,104.0,126.0735913975466
566,2016-07-11 17:00:00,Wanshouxigong,station_target_delta_ridge,600.0,664.4278988238076,209.0,205.95606531487985,7.0,5.617696419484281,18.0,18.34608575979569,89.0,86.5469562015327,107.0,120.02842543290332
567,2016-07-11 19:00:00,Wanliu,station_target_delta_ridge,900.0,717.8162219504011,180.0,177.0355515751239,7.0,7.036968819838705,36.0,31.11082990126258,93.0,94.42994956708304,135.0,88.0850895272131
568,2016-07-11 21:00:00,Shunyi,station_target_delta_ridge,600.0,574.5298016622243,156.0,152.6488770507283,3.0,2.099244493596296,29.0,29.986487164074575,79.0,78.46823462769494,93.0,119.95437395648138
569,2016-07-11 23:00:00,Huairou,station_target_delta_ridge,700.0,782.9393012148081,84.0,84.14591959144872,2.0,2.4173478815456018,32.0,36.21042659393697,80.0,80.33198516616102,109.0,111.37235885914086
570,2016-07-12 01:00:00,Gucheng,station_target_delta_ridge,600.0,759.7278660766367,88.0,77.43890879299659,6.0,6.65256166580584,39.0,45.26211669405944,55.0,62.738688459176814,78.0,73.97028793834937
571,2016-07-12 03:00:00,Changping,station_target_delta_ridge,500.0,329.9788132414561,64.0,44.48590771586973,2.0,19.316454384251905,13.0,23.586948530475368,56.0,74.9143783504249,78.0,98.9772228591019
572,2016-07-12 05:00:00,Changping,station_target_delta_ridge,500.0,441.19283459778177,69.0,59.52059566690539,2.0,2.327620004120457,18.0,20.36044020206677,34.0,47.05165681158154,42.0,62.31305196538951
573,2016-07-12 07:00:00,Changping,station_target_delta_ridge,900.0,911.8686289828588,59.0,71.74380681749727,2.0,2.194056394084921,22.0,32.435811578097955,34.0,34.567162434051475,68.0,65.64441209282667
574,2016-07-12 08:00:00,Wanshouxigong,station_target_delta_ridge,900.0,922.522134939041,32.0,22.735716121276234,8.0,7.144549057767016,59.0,61.13419817225876,72.0,77.31910797669883,104.0,127.70590522911826
575,2016-07-12 10:00:00,Nongzhanguan,station_target_delta_ridge,700.0,706.4378655239159,63.0,42.980108793258935,2.0,2.310708951909312,23.0,36.826004373023295,33.0,34.961978378610226,33.0,44.84976787889503
576,2016-07-12 12:00:00,Huairou,station_target_delta_ridge,400.0,376.19566628479953,53.0,60.51318467133279,2.0,2.3657409926453683,5.0,5.702835561603288,10.0,4.74667310137905,10.0,27.11593089928887
577,2016-07-12 14:00:00,Huairou,station_target_delta_ridge,400.0,302.7137902879895,62.0,72.30963456419705,2.0,2.1496185367370444,7.0,4.079728623541173,3.0,3.2346533566472386,5.0,11.286999554943458
578,2016-07-12 16:00:00,Guanyuan,station_target_delta_ridge,600.0,476.33149727513563,91.0,79.97292067699243,2.0,2.869322039240401,25.0,29.770388659110907,5.0,9.61516644668081,5.0,17.559497053964748
579,2016-07-12 18:00:00,Aotizhongxin,station_target_delta_ridge,300.0,353.27675847152386,125.0,120.17736198127855,2.0,1.9132597901161916,20.0,22.2814217877239,11.0,10.625234028637719,11.0,8.205832302029275
580,2016-07-12 19:00:00,Wanshouxigong,station_target_delta_ridge,500.0,563.1591198779765,132.0,126.5293686712364,2.0,1.6261087345046878,21.0,19.038981470375443,12.0,11.113423405551202,30.0,23.188194393979337
581,2016-07-12 21:00:00,Nongzhanguan,station_target_delta_ridge,500.0,504.2480629979841,72.0,62.01767516367715,2.0,2.5985806395682585,32.0,34.66911145873692,12.0,7.3590332560711555,12.0,19.263407125326395
582,2016-07-12 23:00:00,Dongsi,station_target_delta_ridge,700.0,820.6318619273142,43.0,33.05465589782195,2.0,3.2972212900399516,53.0,66.26506466273747,3.0,5.705924324186068,23.0,8.08110977396715
583,2016-07-13 00:00:00,Wanliu,station_target_delta_ridge,800.0,616.6229359215679,2.0,11.86656388295868,2.0,2.935927205057853,91.0,80.6538586810293,26.0,11.762927202633584,60.0,30.399781681538336
584,2016-07-13 02:00:00,Nongzhanguan,station_target_delta_ridge,600.0,729.992378853306,5.0,-1.117381728130841,2.0,2.3706878013616675,74.0,72.11057249556545,13.0,16.3724841430566,14.0,25.341332461711268
585,2016-07-13 04:00:00,Dongsi,station_target_delta_ridge,900.0,819.7541492123228,13.0,19.746318682526017,4.0,3.542128306073454,60.0,52.13505348507494,31.0,32.12071021117379,31.0,28.443221883624698
586,2016-07-13 06:00:00,Aotizhongxin,station_target_delta_ridge,500.0,496.0671813992569,6.0,5.035837882340817,2.0,1.9574067138827027,51.0,54.88869160150722,19.0,21.094156951789188,31.0,10.833487632549884
587,2016-07-13 07:00:00,Tiantan,station_target_delta_ridge,900.0,829.9112740148337,8.0,11.108097220173724,5.0,4.741161288426059,61.0,40.54168663507945,30.0,25.35939561542973,45.0,42.42283670197142
588,2016-07-13 09:00:00,Gucheng,station_target_delta_ridge,500.0,579.1058354079215,76.0,66.50201307974179,2.0,2.6270337604315452,31.0,31.678932365149574,28.0,24.631637068713005,31.0,67.32622851511935
589,2016-07-13 11:00:00,Changping,station_target_delta_ridge,400.0,430.0,89.0,105.8,2.0,2.4,18.0,18.3,8.0,11.2,17.0,12.8
590,2016-07-13 12:00:00,Wanliu,station_target_delta_ridge,400.0,339.6365912557597,116.0,119.42319022538713,2.0,3.1029142183126743,21.0,24.52242593058751,11.0,18.814071763732994,11.0,22.249938265562662
591,2016-07-13 14:00:00,Guanyuan,station_target_delta_ridge,300.0,286.75305134674613,153.0,154.5687988267903,2.0,1.106668994512463,14.0,14.272130450804228,11.0,4.878482770475904,11.0,14.374459316270956
592,2016-07-13 16:00:00,Aotizhongxin,station_target_delta_ridge,200.0,201.20000787801868,204.0,194.5602838934212,2.0,2.4168663831691597,19.0,22.84721636431832,22.0,15.32203914404585,22.0,8.672292012128349
593,2016-07-13 17:00:00,Nongzhanguan,station_target_delta_ridge,400.0,458.13415227623943,184.0,194.9156416441248,2.0,2.5293822545728357,17.0,16.02290243148639,18.0,14.981891587453097,24.0,28.02072592548288
594,2016-07-13 19:00:00,Dingling,station_target_delta_ridge,900.0,886.9659334446474,123.0,136.64982121922742,2.0,1.6600567930888823,6.0,13.072222158483369,12.0,12.682030317860804,53.0,36.1070399523362
595,2016-07-13 20:00:00,Tiantan,station_target_delta_ridge,500.0,563.9854608614297,86.0,188.36820161702676,5.0,4.366945774809945,13.0,18.07985073928477,24.0,23.2870226322924,60.0,71.74846651074765
596,2016-07-13 22:00:00,Dongsi,station_target_delta_ridge,700.0,704.4173786881946,111.0,107.47388362846658,3.0,2.7849325281559723,48.0,46.18342896384028,35.0,28.499659091783077,35.0,26.952817520069814
597,2016-07-13 23:00:00,Wanliu,station_target_delta_ridge,700.0,742.3745793960989,130.0,128.2335665193638,2.0,2.085869063950228,53.0,52.223555091200424,39.0,32.30741095849597,77.0,52.3111171895587
598,2016-07-14 01:00:00,Guanyuan,station_target_delta_ridge,700.0,658.5714588755307,109.0,120.01931504077167,4.0,3.680118770871545,33.0,30.03385655193243,28.0,37.83449782969694,28.0,62.90827762977478
599,2016-07-14 02:00:00,Wanshouxigong,station_target_delta_ridge,600.0,470.7321458999285,90.0,80.6736839238253,4.0,4.2948984471315175,33.0,39.644214508003344,27.0,20.760933937779534,37.0,23.470169495159173
600,2016-07-14 04:00:00,Nongzhanguan,station_target_delta_ridge,600.0,576.7048775273213,59.0,62.97619820259277,3.0,3.504762507750405,46.0,46.2453855929359,26.0,28.452712663508347,29.0,39.300339730176844
601,2016-07-14 06:00:00,Changping,station_target_delta_ridge,800.0,562.8950787099348,46.0,48.837062470634145,2.0,2.877037192463665,48.0,29.866362184698556,29.0,26.666966977526165,69.0,51.41303540764605
602,2016-07-14 07:00:00,Nongzhanguan,station_target_delta_ridge,1100.0,1110.7693972300622,8.0,18.61734791678258,6.0,7.038223629547394,98.0,89.1058608671738,44.0,39.65300741379557,104.0,113.47935848183785
603,2016-07-14 09:00:00,Changping,station_target_delta_ridge,1000.0,922.6643111235355,31.0,28.31438763461201,3.0,2.444290148423984,80.0,68.81131225808265,42.0,38.6725303592254,87.0,70.4861967352638
604,2016-07-14 10:00:00,Tiantan,station_target_delta_ridge,1200.0,924.8072730015919,85.0,66.7729462429646,13.0,13.376149478039128,61.0,80.38362211049851,26.0,28.16212271763548,31.0,52.83477300560954
605,2016-07-14 12:00:00,Dongsi,station_target_delta_ridge,800.0,933.7903702370563,117.0,117.50930582698118,6.0,6.561905384523375,32.0,33.410266947890186,25.0,20.42770565427903,34.0,-1.038518085477218
606,2016-07-14 13:00:00,Tiantan,station_target_delta_ridge,700.0,532.5917775564573,139.0,143.13523709354754,10.0,9.503525807910098,25.0,21.864598603576095,32.0,29.35679465590406,44.0,31.385034009898646
607,2016-07-14 15:00:00,Guanyuan,station_target_delta_ridge,600.0,640.528266429133,100.0,112.43688240174377,2.0,2.543725449805537,27.0,26.24672766921416,20.0,26.538434168166255,31.0,40.5581528007009
608,2016-07-14 16:00:00,Wanliu,station_target_delta_ridge,600.0,528.2716807590577,97.0,103.14471699067273,2.0,2.7228673007006425,34.0,36.1896703466309,32.0,22.45911658087526,50.0,63.005109665470854
609,2016-07-14 18:00:00,Guanyuan,station_target_delta_ridge,1000.0,949.2388339101141,139.0,137.65487334387282,3.0,2.296957105860244,38.0,34.64099451157908,41.0,42.359243551682916,41.0,53.46057471615214
610,2016-07-14 19:00:00,Wanshouxigong,station_target_delta_ridge,800.0,740.2697912751711,132.0,127.63188339827977,3.0,4.841023564066502,29.0,34.24509769106009,30.0,31.118895978716914,34.0,39.267766427302156
611,2016-07-14 21:00:00,Gucheng,station_target_delta_ridge,600.0,765.3529276838318,94.0,101.21607931701064,2.0,2.32322434225788,38.0,39.52586501630032,29.0,38.156953303692276,108.0,84.07615982474135
612,2016-07-14 22:00:00,Wanshouxigong,station_target_delta_ridge,900.0,869.3572599843045,84.0,84.41498759664306,2.0,1.8112635778817703,27.0,33.15200243691313,52.0,54.29836651088437,67.0,77.21773157310857
613,2016-07-15 00:00:00,Gucheng,station_target_delta_ridge,700.0,713.2938054379375,82.0,56.66699588896926,2.0,2.3427546629686113,28.0,45.24100125646661,44.0,43.19241783984403,44.0,75.45308668189936
614,2016-07-15 02:00:00,Aotizhongxin,station_target_delta_ridge,1000.0,972.3926413139632,72.0,55.87331882405613,2.0,1.674765810004569,26.0,27.022489005589385,81.0,74.95484837988374,81.0,73.01449163187588
615,2016-07-15 03:00:00,Huairou,station_target_delta_ridge,800.0,667.9489709735923,58.0,59.389256314078395,2.0,2.47090398253984,6.0,5.108759323759964,48.0,46.05042923224872,48.0,46.962940949660315
616,2016-07-15 05:00:00,Changping,station_target_delta_ridge,800.0,789.1459796465249,66.0,61.5588019588371,2.0,3.0049067967956486,6.0,16.45974119882348,38.0,39.638567420025446,38.0,44.364263048776635
617,2016-07-15 06:00:00,Tiantan,station_target_delta_ridge,600.0,576.4549011578481,56.0,60.09808119196872,3.0,3.527164631795406,27.0,23.681959197054525,28.0,25.725353014460158,28.0,26.78199488448981
618,2016-07-15 08:00:00,Dongsi,station_target_delta_ridge,800.0,869.3165537429921,67.0,62.92706565566841,2.0,2.154547985058505,37.0,36.094939538243125,20.0,20.569278933118728,20.0,20.954123866652957
619,2016-07-15 09:00:00,Tiantan,station_target_delta_ridge,700.0,787.0364915103257,28.0,41.63684570354198,3.0,4.00516525769667,63.0,57.28900584165445,29.0,33.203847549666826,29.0,39.71545903331987
620,2016-07-15 11:00:00,Huairou,station_target_delta_ridge,700.0,585.4286807811721,54.0,74.9599839956357,2.0,2.7137258575429697,16.0,9.9304279257878,31.0,23.32845105587403,43.0,30.83842993171359
621,2016-07-15 13:00:00,Aotizhongxin,station_target_delta_ridge,600.0,741.0487251152049,98.0,88.33244222007092,2.0,1.2198073187576537,26.0,26.904534126816934,35.0,40.52558758176119,35.0,43.21717970027952
622,2016-07-15 14:00:00,Nongzhanguan,station_target_delta_ridge,600.0,731.724659216149,85.0,77.95931372932728,2.0,1.9141143662531728,33.0,35.46177729340251,34.0,44.157548081841185,34.0,57.00652942060923
623,2016-07-15 16:00:00,Dongsi,station_target_delta_ridge,900.0,912.3607331146427,78.0,85.82215335994246,2.0,1.218132527281,38.0,37.53276183096971,42.0,34.775528573399875,42.0,35.852864380919286
624,2016-07-15 17:00:00,Wanshouxigong,station_target_delta_ridge,900.0,812.4844401175106,65.0,66.65321766070575,2.0,1.0153478611383848,45.0,36.14579395651861,36.0,36.48185677981351,47.0,39.0686016554711
625,2016-07-15 19:00:00,Gucheng,station_target_delta_ridge,700.0,714.4137701818768,86.0,72.12113550246846,2.0,2.353215499799066,37.0,41.352141582272886,36.0,39.78003085793509,36.0,48.96232563419827
626,2016-07-15 20:00:00,Wanshouxigong,station_target_delta_ridge,900.0,923.6485727088638,63.0,57.55124138264007,2.0,1.8544151069958597,50.0,55.257766557177675,37.0,43.730138412907124,37.0,49.14657188565987
627,2016-07-15 22:00:00,Huairou,station_target_delta_ridge,600.0,608.5972811822946,34.0,33.168480298194595,2.0,1.968433056331334,12.0,12.784433791107965,25.0,21.98433753172573,25.0,37.386351370420165
628,2016-07-16 00:00:00,Aotizhongxin,station_target_delta_ridge,600.0,679.7631872315837,43.0,40.578330243561446,2.0,1.730793954605503,45.0,42.056316470901415,53.0,43.52644805535405,53.0,34.94585462395293
629,2016-07-16 01:00:00,Huairou,station_target_delta_ridge,500.0,544.6556013891382,28.0,25.403468739742767,2.0,2.0293894039850855,5.0,1.0669852400997208,18.0,17.609658550196833,18.0,17.426420439861914
630,2016-07-16 03:00:00,Aotizhongxin,station_target_delta_ridge,500.0,593.6148161030081,60.0,34.1790558058075,2.0,0.8822674779586699,22.0,36.56236545951336,38.0,37.117572997478625,38.0,31.109145269696395
631,2016-07-16 04:00:00,Shunyi,station_target_delta_ridge,300.0,376.1888116512141,21.0,34.433927770683084,2.0,2.8603486926091275,11.0,5.8768983514974975,24.0,14.081648366830347,24.0,11.41146209794941
632,2016-07-16 06:00:00,Dingling,station_target_delta_ridge,400.0,409.62437098811984,25.0,28.765958055033792,2.0,3.0120556120470394,3.0,7.612089157522434,17.0,16.17585043813107,19.0,19.22426877821241
633,2016-07-16 07:00:00,Shunyi,station_target_delta_ridge,500.0,535.7989142711402,18.0,21.62971965001489,2.0,2.5683496131940866,28.0,23.915987145767144,25.0,23.30226952946004,29.0,14.180152367118966
634,2016-07-16 09:00:00,Dongsi,station_target_delta_ridge,700.0,707.585515539519,44.0,38.59602938105614,2.0,2.165202694046585,34.0,33.801618069319645,29.0,28.179831457824257,29.0,30.770360459817372
635,2016-07-16 10:00:00,Tiantan,station_target_delta_ridge,700.0,810.7932121540186,31.0,30.18735401856777,3.0,3.273268611269467,50.0,52.47347068660148,35.0,34.402372766885506,37.0,44.1193048554733
636,2016-07-16 12:00:00,Dongsi,station_target_delta_ridge,800.0,831.1368461713874,60.0,59.919929594446906,2.0,2.0714582084403173,33.0,33.812364516506776,39.0,44.17203553070231,39.0,47.27120042196432
637,2016-07-16 13:00:00,Wanliu,station_target_delta_ridge,600.0,703.1638547165227,61.0,46.2678666342326,2.0,2.3112410715601768,29.0,43.19746986538677,30.0,46.87408593532111,30.0,48.928396425961495
638,2016-07-16 15:00:00,Guanyuan,station_target_delta_ridge,800.0,859.2293420880417,76.0,83.8218285498302,2.0,1.9503233853351993,44.0,41.76692159565513,52.0,53.963536538858925,55.0,48.98917743980403
639,2016-07-16 16:00:00,Wanliu,station_target_delta_ridge,600.0,659.1981623733134,93.0,102.13774663274688,2.0,2.1779551586786483,27.0,26.136221406762296,33.0,35.47118349032305,34.0,35.11307568153363
640,2016-07-16 18:00:00,Guanyuan,station_target_delta_ridge,1000.0,921.040392958683,85.0,93.45310944666848,8.0,10.463361249954216,53.0,46.480647364176214,53.0,53.965454103390314,53.0,53.93471338081285
641,2016-07-16 19:00:00,Wanshouxigong,station_target_delta_ridge,1100.0,1121.897549935027,106.0,95.95466032893299,4.0,5.591743438919403,49.0,53.830043042019554,51.0,53.31508341096196,70.0,69.913276962932
642,2016-07-16 21:00:00,Gucheng,station_target_delta_ridge,900.0,979.1207479637297,89.0,68.40038382474445,4.0,4.297448116520197,47.0,56.938574270125415,50.0,55.71103524112182,79.0,80.04565980819866
643,2016-07-16 22:00:00,Wanshouxigong,station_target_delta_ridge,1300.0,1351.2932151388404,35.0,30.285275128830985,2.0,1.6029069409357461,72.0,75.04728774584301,60.0,60.118207291482214,72.0,71.22396643760491
644,2016-07-17 00:00:00,Huairou,station_target_delta_ridge,1100.0,1116.4484353898952,29.0,23.18250466011908,2.0,1.7451956819520344,9.0,13.457416249311171,42.0,38.637999947470156,42.0,46.534210509933615
645,2016-07-17 02:00:00,Aotizhongxin,station_target_delta_ridge,1100.0,1075.9605594567681,5.0,3.491976537100835,2.0,2.1998681501677417,84.0,91.2889871460761,59.0,57.165474663062135,60.0,71.08481692203934
646,2016-07-17 03:00:00,Huairou,station_target_delta_ridge,1100.0,895.2228726010267,34.0,35.2634647139819,2.0,1.9615671544361102,7.0,5.507775620314003,43.0,35.147837296264505,43.0,32.86196818972864
647,2016-07-17 05:00:00,Dingling,station_target_delta_ridge,800.0,813.0764137512477,62.0,63.18025268816176,2.0,2.8160873191885774,13.0,8.763555924087237,46.0,40.63392459408811,46.0,45.42239124607629
648,2016-07-17 06:00:00,Tiantan,station_target_delta_ridge,1300.0,1159.7714763384815,12.0,8.044553964061377,5.0,6.26158436763706,70.0,68.57984197238784,56.0,56.0054236331398,72.0,60.66098716563658
649,2016-07-17 08:00:00,Dongsi,station_target_delta_ridge,1100.0,1045.095746404068,22.0,27.810307161035247,3.0,2.545455140624691,56.0,49.61551380571265,64.0,66.72366930588917,64.0,74.88522975687462
650,2016-07-17 09:00:00,Tiantan,station_target_delta_ridge,1300.0,1271.924293717901,39.0,32.298547639575816,7.0,8.238907634110557,67.0,70.39609720900033,86.0,81.64195814877482,88.0,113.37010030409104
651,2016-07-17 11:00:00,Gucheng,station_target_delta_ridge,1000.0,906.7784770644942,146.0,144.42151036072235,5.0,4.466467188927651,31.0,25.5580493810304,85.0,81.90892573961754,85.0,91.31361081248967
652,2016-07-17 13:00:00,Changping,station_target_delta_ridge,1100.0,1183.0393556172555,173.0,166.03782143014027,4.0,2.3346611548651044,20.0,22.098640486239912,70.0,63.95843036817875,81.0,72.52493487328522
653,2016-07-17 14:00:00,Nongzhanguan,station_target_delta_ridge,2700.0,2174.6394355697507,219.0,221.43969701968342,2.0,3.7358694333475113,38.0,31.574058625471576,124.0,114.82955756934759,124.0,103.3520657254469
654,2016-07-17 16:00:00,Dingling,station_target_delta_ridge,900.0,803.0635075718658,210.0,206.1060628178675,4.0,3.3952166077670665,18.0,18.581615465940995,72.0,70.0966727733964,73.0,71.80868388799287
655,2016-07-17 17:00:00,Tiantan,station_target_delta_ridge,1100.0,1190.9637577897593,226.0,241.96704382093705,6.0,7.0341494713122925,15.0,22.00349323416737,79.0,100.25412871924136,79.0,104.41747110260445
656,2016-07-17 19:00:00,Dongsi,station_target_delta_ridge,1000.0,1088.7998508330445,187.0,182.2224226863912,2.0,2.8267255567037366,24.0,24.933014605956423,79.0,87.14031842243733,79.0,87.61985767410714
657,2016-07-17 20:00:00,Wanliu,station_target_delta_ridge,900.0,1065.2483211362255,159.0,178.82850582247067,2.0,1.0169726210728003,37.0,40.6539124160626,68.0,80.5911039179561,74.0,82.86446792219255
658,2016-07-17 22:00:00,Guanyuan,station_target_delta_ridge,1100.0,1090.1989152804938,131.0,139.07736738549454,2.0,2.7903284722587127,40.0,34.52414231621442,105.0,102.26480562358633,111.0,104.4951128340162
659,2016-07-17 23:00:00,Wanliu,station_target_delta_ridge,1000.0,1019.3366348781204,78.0,86.92390930558285,2.0,0.9822478723604615,65.0,55.53810232026164,93.0,94.30797407577579,108.0,94.72356522922155
660,2016-07-18 01:00:00,Guanyuan,station_target_delta_ridge,1100.0,1068.9353714044182,68.0,88.08723729565864,2.0,1.9328518573248243,62.0,50.64189221796976,110.0,113.03312603139527,124.0,113.27524613922336
661,2016-07-18 02:00:00,Wanshouxigong,station_target_delta_ridge,1200.0,1267.502499881889,65.0,50.21060096473121,2.0,2.705487627858277,55.0,73.3038405586929,118.0,127.39745115246868,118.0,122.75578272640664
662,2016-07-18 04:00:00,Huairou,station_target_delta_ridge,1200.0,1281.1423830533026,33.0,42.20511420758819,2.0,3.3721529699176727,21.0,30.245052662971315,123.0,128.0221469709177,123.0,124.14394484116053
663,2016-07-18 06:00:00,Aotizhongxin,station_target_delta_ridge,1200.0,1075.5214610686132,2.0,33.17297559157845,2.0,2.461928975888476,105.0,57.41052808726417,121.0,98.57544696566772,136.0,107.02753972067394
664,2016-07-18 07:00:00,Tiantan,station_target_delta_ridge,1300.0,1334.8301220165074,19.0,14.312318028149818,7.0,7.461956405583033,65.0,71.0868280143271,114.0,110.89202398805729,114.0,126.76331813531318
665,2016-07-18 09:00:00,Guanyuan,station_target_delta_ridge,1600.0,1646.7000136807187,21.0,21.041355307047045,13.0,6.388686464787891,102.0,97.38757280531982,135.0,143.51783270986155,135.0,157.30400490769625
666,2016-07-18 11:00:00,Changping,station_target_delta_ridge,1500.0,1515.6824324960924,95.0,85.72755777658988,7.0,7.22137186312152,40.0,45.28135270748572,94.0,81.15822328035853,94.0,83.09619176517495
667,2016-07-18 12:00:00,Wanliu,station_target_delta_ridge,1500.0,1455.5251286747082,64.0,86.18350856467138,5.0,5.973053216349523,95.0,91.98677043184485,140.0,133.24633826148394,140.0,131.24450931360522
668,2016-07-18 14:00:00,Gucheng,station_target_delta_ridge,900.0,932.4309028997089,195.0,189.66354326679078,4.0,4.237189365139633,19.0,19.40549394206481,122.0,116.65939702728585,122.0,111.11392345667036
669,2016-07-18 16:00:00,Dongsi,station_target_delta_ridge,1300.0,1088.888888888889,145.0,160.55555555555554,2.0,3.111111111111111,40.0,29.22222222222222,89.0,107.77777777777777,89.0,112.44444444444444
670,2016-07-18 17:00:00,Wanshouxigong,station_target_delta_ridge,1100.0,918.5221092755314,138.0,143.48168182879533,2.0,2.703665912506401,39.0,24.37046385574022,118.0,91.03031850521685,118.0,90.9812910340763
671,2016-07-18 19:00:00,Huairou,station_target_delta_ridge,1000.0,1036.9352972957952,116.0,109.75394228839649,2.0,1.763379296630722,12.0,17.088186747374333,88.0,91.6278896211998,88.0,98.308436874959
672,2016-07-18 21:00:00,Aotizhongxin,station_target_delta_ridge,1100.0,1319.6735021535949,126.0,102.90734385063269,2.0,2.409563741369448,58.0,70.1796805370028,95.0,109.27938675332119,95.0,110.69586840504246
673,2016-07-18 22:00:00,Huairou,station_target_delta_ridge,1000.0,887.6589809558072,73.0,85.21940224878713,2.0,2.0425291067531215,12.0,11.886848569610779,88.0,83.86433595203655,88.0,78.2022156039062
674,2016-07-19 00:00:00,Changping,station_target_delta_ridge,1100.0,1052.2127844674653,83.0,84.86755114896805,2.0,2.3609111487966623,25.0,29.240496618621297,88.0,82.8937658064482,88.0,81.6868694768821
675,2016-07-19 01:00:00,Nongzhanguan,station_target_delta_ridge,1300.0,1283.933808201653,36.0,38.98265762723571,3.0,3.4025917613496253,74.0,70.09698145386552,56.0,65.44695166168196,58.0,77.89989600481574
676,2016-07-19 03:00:00,Changping,station_target_delta_ridge,800.0,918.539494085761,70.0,68.24354843457553,3.0,1.7105945972072802,19.0,30.421325228099523,59.0,86.37029863420773,59.0,97.29707213544623
677,2016-07-19 04:00:00,Nongzhanguan,station_target_delta_ridge,1000.0,991.6415695433847,38.0,14.133290146421245,4.0,3.0789976772552277,49.0,70.77013069959611,102.0,104.63700144686487,102.0,105.85514936193172
678,2016-07-19 06:00:00,Guanyuan,station_target_delta_ridge,1400.0,1248.9321935321077,55.0,54.06949948187399,4.0,2.817128700797091,31.0,23.121331243601517,186.0,172.54692353442817,186.0,176.51510575477442
679,2016-07-19 07:00:00,Wanliu,station_target_delta_ridge,2200.0,1285.8885595893878,35.0,40.24314388174825,2.0,2.9448382917109566,44.0,36.61127443529764,165.0,165.88990706273304,165.0,179.14326803916222
680,2016-07-19 09:00:00,Guanyuan,station_target_delta_ridge,2200.0,2292.610647410761,13.0,16.098182018428034,3.0,3.6111206659592687,54.0,55.70792631579333,189.0,179.0312937992599,189.0,177.94185333859093
681,2016-07-19 11:00:00,Changping,station_target_delta_ridge,1300.0,1204.2067795017942,38.0,36.461491756658695,2.0,1.824231694801665,40.0,39.381428671441384,70.0,70.8077607469168,70.0,69.79908538452332
682,2016-07-19 12:00:00,Tiantan,station_target_delta_ridge,1600.0,1586.4584335814434,19.0,36.049976019651396,2.0,4.190754758397285,69.0,55.88813438400565,109.0,96.48728145700314,109.0,113.06531962815029
683,2016-07-19 14:00:00,Dongsi,station_target_delta_ridge,1500.0,1218.073497611435,39.0,38.38892755585843,2.0,1.3632188969321777,49.0,47.79682308549641,93.0,99.73414466237013,93.0,104.49977672951408
684,2016-07-19 15:00:00,Wanliu,station_target_delta_ridge,1200.0,1274.7487085950022,42.0,41.60584118342767,2.0,3.086761763844553,43.0,40.31248155116892,60.0,72.779998820004,60.0,73.8597999978918
685,2016-07-19 17:00:00,Gucheng,station_target_delta_ridge,1200.0,1311.848555265052,81.0,74.85010024196698,2.0,2.1420091145764975,29.0,28.311960975116193,79.0,83.90735795878153,79.0,80.87144440531169
686,2016-07-19 18:00:00,Wanshouxigong,station_target_delta_ridge,1500.0,1550.6506946716659,42.0,38.54134146798923,2.0,1.6980978858228248,54.0,51.86022936423215,96.0,92.5096420228903,96.0,92.06862755004279
687,2016-07-19 20:00:00,Huairou,station_target_delta_ridge,1000.0,987.6369397829471,31.0,40.72724516559541,2.0,2.5495900835265664,25.0,21.933350242092814,83.0,90.6157965810538,83.0,92.39019927741792
688,2016-07-19 22:00:00,Dingling,station_target_delta_ridge,800.0,807.6832947009258,89.0,78.1251661868106,2.0,1.8107101785827517,6.0,8.108010425054527,67.0,66.81812345107592,67.0,64.6536208302214
689,2016-07-19 23:00:00,Shunyi,station_target_delta_ridge,1100.0,1068.2396215738504,34.0,40.656358750471185,3.0,2.5482881546275395,29.0,24.602195684430356,88.0,77.6455139230503,88.0,73.00042638361461
690,2016-07-20 01:00:00,Dingling,station_target_delta_ridge,900.0,947.5652114781947,57.0,56.65255800177806,2.0,1.9502743480063265,9.0,7.405847764648379,55.0,65.63507293502899,55.0,58.72369839893854
691,2016-07-20 02:00:00,Wanshouxigong,station_target_delta_ridge,1400.0,1351.773268609617,44.0,33.07196358102169,2.0,1.517538342276462,26.0,29.916667773444193,104.0,102.96636512593197,104.0,99.30341437341463
692,2016-07-20 04:00:00,Nongzhanguan,station_target_delta_ridge,900.0,1077.6169738481824,57.0,63.46901961086498,2.0,1.6312414110754883,22.0,20.048849286229746,77.0,82.20428267997434,77.0,91.32865391039878
693,2016-07-20 06:00:00,Dongsi,station_target_delta_ridge,800.0,694.8637339586325,58.0,48.695360865582266,2.0,2.1974759415309073,25.0,30.45037840734841,64.0,64.14369209795515,64.0,65.20646097363823
694,2016-07-20 07:00:00,Wanliu,station_target_delta_ridge,1000.0,870.5085539701964,19.0,43.00882951767406,2.0,3.384708083940728,34.0,22.658896169523583,62.0,67.8035522090783,62.0,66.55401060853984
695,2016-07-20 09:00:00,Guanyuan,station_target_delta_ridge,900.0,757.4098281953828,49.0,37.84647842025236,2.0,0.8528525341884023,23.0,26.551286878957256,59.0,38.45331239429115,59.0,36.36916586887967
696,2016-07-20 10:00:00,Wanliu,station_target_delta_ridge,700.0,367.8442497859835,50.0,87.56529336728977,2.0,6.11560671048064,21.0,16.088179525196374,35.0,43.74408027990304,35.0,23.09155325162986
697,2016-07-20 12:00:00,Guanyuan,station_target_delta_ridge,700.0,-212.530974123203,55.0,51.00051052739364,2.0,0.5820494600921826,16.0,10.671310211416682,21.0,20.614601010615843,21.0,-25.616551909150488
698,2016-07-20 13:00:00,Wanshouxigong,station_target_delta_ridge,700.0,629.9022427592179,55.0,80.9832320678633,2.0,1.8756412851394788,18.0,13.385102505273878,13.0,32.93560806795112,13.0,58.91949088633086
699,2016-07-20 15:00:00,Gucheng,station_target_delta_ridge,400.0,374.34628991538597,69.0,90.25753366288512,2.0,1.8511988711240674,10.0,4.292846027892569,8.0,-18.142944963396225,8.0,-61.00283448430717
700,2016-07-20 17:00:00,Aotizhongxin,station_target_delta_ridge,400.0,62.314176379454466,64.0,72.97036824948745,2.0,1.8606226043477143,15.0,1.8834659393321171,8.0,-16.378691433101412,8.0,-25.081063462372775
701,2016-07-20 18:00:00,Nongzhanguan,station_target_delta_ridge,600.0,1041.33103264263,51.0,77.44695482010637,2.0,0.34388441503330736,32.0,14.411059032716814,5.0,56.947175288238945,5.0,44.169706638181516
702,2016-07-20 20:00:00,Changping,station_target_delta_ridge,600.0,543.9763220131164,38.0,52.60882845193638,2.0,2.559924361017597,25.0,8.342913589815016,10.0,0.30421707273159004,10.0,73.2454891466665
703,2016-07-20 21:00:00,Nongzhanguan,station_target_delta_ridge,700.0,1099.2043915619952,47.0,71.14843106160525,2.0,1.3815388083385105,28.0,17.801793273978966,4.0,25.126736094367693,5.0,52.50328071124497
704,2016-07-20 23:00:00,Dingling,station_target_delta_ridge,300.0,295.82483860375555,63.0,64.70688639140687,2.0,1.646057947756939,2.0,0.944111375006575,3.0,1.6267978697241485,5.0,0.5086723554341948
705,2016-07-21 00:00:00,Shunyi,station_target_delta_ridge,500.0,556.6149086716713,56.0,50.375167030113275,2.0,2.3245944112691284,6.0,5.651941718702392,3.0,3.5256529143669706,5.0,2.0126807676567005
706,2016-07-21 02:00:00,Dingling,station_target_delta_ridge,400.0,374.8444684885587,41.0,54.041252593125684,2.0,2.4423467186979866,6.0,2.272457727359829,3.0,-1.5242316565811604,5.0,1.6289886109850737
707,2016-07-21 03:00:00,Shunyi,station_target_delta_ridge,500.0,563.1595610356295,62.0,55.478202330164535,2.0,2.502299946177556,6.0,3.7406953976332664,3.0,2.0424515115457966,5.0,0.11863992573030302
708,2016-07-21 05:00:00,Guanyuan,station_target_delta_ridge,700.0,643.1025412738878,35.0,33.86743461029078,2.0,0.7976764772440563,16.0,12.959215302137904,20.0,10.65100377218016,20.0,10.902591201064897
709,2016-07-21 06:00:00,Wanshouxigong,station_target_delta_ridge,700.0,777.7560682144293,34.0,35.93927279667008,2.0,2.0207781319139224,17.0,16.6730771803226,4.0,6.797543336504731,5.0,5.8766607161538404
710,2016-07-21 08:00:00,Gucheng,station_target_delta_ridge,1000.0,894.9024484298916,15.0,24.1918341675653,2.0,2.605556504576109,43.0,33.28552822014831,10.0,9.334408178394892,34.0,27.831237649109323
711,2016-07-21 10:00:00,Aotizhongxin,station_target_delta_ridge,600.0,628.7525736616976,33.0,29.789046457966833,2.0,1.5783658509952634,27.0,28.913420812017232,12.0,8.112928758621498,12.0,2.1816961497870313
712,2016-07-21 11:00:00,Huairou,station_target_delta_ridge,600.0,600.10587580855,15.0,20.744791140936634,2.0,2.9783912164589412,14.0,11.09812520644742,11.0,7.115147863456158,11.0,9.794240989528337
713,2016-07-21 13:00:00,Aotizhongxin,station_target_delta_ridge,700.0,766.6821355044308,49.0,43.10648575881442,2.0,1.6669387558839257,11.0,15.371742152043858,29.0,17.04967410994245,29.0,33.06578595213424
714,2016-07-21 14:00:00,Nongzhanguan,station_target_delta_ridge,1000.0,848.1314566799772,42.0,49.63236384068852,2.0,2.0892822486883467,40.0,37.84536909771488,36.0,29.00525579068117,36.0,41.00785495754219
715,2016-07-21 16:00:00,Changping,station_target_delta_ridge,800.0,864.909296587336,68.0,70.1120397327787,2.0,2.819358589928357,9.0,12.773421280382994,18.0,14.363753408802307,23.0,34.900521983772094
716,2016-07-21 17:00:00,Tiantan,station_target_delta_ridge,1000.0,1112.4777120750762,41.0,41.616235962391166,2.0,1.9404598359731857,38.0,38.61891776215885,55.0,44.97723864123717,55.0,51.846221922251246
717,2016-07-21 19:00:00,Guanyuan,station_target_delta_ridge,1200.0,1092.4290615401421,57.0,49.229836556182406,2.0,1.1100851023291163,44.0,46.462687680669966,82.0,70.25192403604323,82.0,70.96826213935461
718,2016-07-21 20:00:00,Wanshouxigong,station_target_delta_ridge,1400.0,1420.7547159498836,22.0,27.488738030266234,2.0,1.6242776842664428,53.0,45.17556445799291,60.0,72.23553139290452,60.0,68.58582209449695
719,2016-07-21 22:00:00,Gucheng,station_target_delta_ridge,1200.0,1194.7446456011985,38.0,41.66706858613985,2.0,2.477798210925945,60.0,55.253497890947855,76.0,72.69085678170744,100.0,90.463933108342
720,2016-07-21 23:00:00,Wanshouxigong,station_target_delta_ridge,1500.0,1584.964742234241,2.0,5.833671624356115,2.0,1.7097896432318649,61.0,56.90679001490354,66.0,68.06464345725382,66.0,62.4598019773248
721,2016-07-22 01:00:00,Huairou,station_target_delta_ridge,900.0,849.2941862690444,21.0,19.611478824429955,2.0,2.1862808357989616,13.0,10.004240029743617,28.0,33.72924570818532,28.0,40.29895373655637
722,2016-07-22 03:00:00,Aotizhongxin,station_target_delta_ridge,1100.0,1059.3735178875277,2.0,-1.6737962922673617,2.0,0.8479765124656455,33.0,37.76055059237555,92.0,89.26598532369752,92.0,82.56725984123108
723,2016-07-22 04:00:00,Nongzhanguan,station_target_delta_ridge,1100.0,1292.8567655797608,8.0,11.35269627685693,2.0,2.2708503001819746,65.0,66.5799774825247,68.0,80.55651613967136,68.0,91.93214389144138
724,2016-07-22 06:00:00,Guanyuan,station_target_delta_ridge,1300.0,1163.9511838702579,2.0,1.8909042783774603,2.0,0.9413224446075399,50.0,49.374044555682936,136.0,105.97210840329376,136.0,114.04949780055021
725,2016-07-22 07:00:00,Wanshouxigong,station_target_delta_ridge,1700.0,1517.5203645260758,2.0,5.731557703474983,2.0,2.080920790457779,62.0,55.17827061779394,87.0,83.29582461797732,87.0,76.95110368184122
726,2016-07-22 09:00:00,Gucheng,station_target_delta_ridge,800.0,926.3966163465035,71.0,62.38987112605487,2.0,2.394066915795527,29.0,21.488388592976982,52.0,50.938057938832586,69.0,71.47518289225768
727,2016-07-22 11:00:00,Aotizhongxin,station_target_delta_ridge,1000.0,1095.2108981205354,107.0,103.85955284737034,2.0,2.0860202853668706,20.0,24.33962937695788,87.0,99.55361878915335,87.0,89.66156472727144
728,2016-07-22 12:00:00,Tiantan,station_target_delta_ridge,1000.0,1160.2597365889033,155.0,148.93540458823165,2.0,3.10674969664648,23.0,32.852647702894544,97.0,99.4133762119904,97.0,97.3134980433578
729,2016-07-22 14:00:00,Gucheng,station_target_delta_ridge,900.0,872.9676377179845,149.0,185.18922772098523,2.0,2.240054695426104,18.0,19.896103670241242,56.0,61.73920024005252,119.0,78.97493008925838
730,2016-07-22 16:00:00,Changping,station_target_delta_ridge,1300.0,1187.3142478990746,242.0,209.9585137737002,2.0,1.4417437042060341,26.0,21.721209885912607,88.0,77.91649119932583,88.0,84.20040248410918
731,2016-07-22 17:00:00,Wanshouxigong,station_target_delta_ridge,1000.0,1138.6654521507216,129.0,134.77932618800034,2.0,0.5812380038452538,24.0,23.633979080867064,51.0,49.10455356800167,51.0,54.57377749047169
732,2016-07-22 19:00:00,Nongzhanguan,station_target_delta_ridge,1000.0,968.6427470592981,134.0,128.55450509386478,2.0,2.5687387031194775,32.0,34.43338595455244,53.0,55.61344398390233,53.0,59.85742718457255
733,2016-07-22 21:00:00,Dingling,station_target_delta_ridge,1000.0,982.0868314325122,77.0,90.30063687309054,2.0,1.3555325219797671,6.0,9.919845253644642,64.0,55.53936670665109,64.0,69.43505990762888
734,2016-07-22 22:00:00,Wanliu,station_target_delta_ridge,1000.0,979.7530821054237,77.0,74.53836882995816,2.0,2.0125030092608487,43.0,44.51859523479656,104.0,93.30701885998134,104.0,82.67286993922659
735,2016-07-23 00:00:00,Nongzhanguan,station_target_delta_ridge,1100.0,1233.369890004407,75.0,62.11089074159648,2.0,2.640513007557587,51.0,58.24665303811824,119.0,116.01873289652336,119.0,122.22276281136254
736,2016-07-23 02:00:00,Dingling,station_target_delta_ridge,900.0,859.1100278155784,49.0,36.345714444620064,2.0,2.0093909531704477,9.0,11.629098282713802,70.0,64.8256050611301,70.0,66.39075466404522
737,2016-07-23 03:00:00,Wanliu,station_target_delta_ridge,1100.0,982.1723905713905,31.0,39.15947452158755,2.0,1.4822429728768471,44.0,44.979185676045525,161.0,151.85050847319343,161.0,147.48187425953756
738,2016-07-23 05:00:00,Tiantan,station_target_delta_ridge,1200.0,1163.4436321790529,2.0,0.1025215002721902,2.0,2.525981962131908,35.0,44.14165159146033,94.0,106.8053542240794,94.0,107.86404383031868
739,2016-07-23 07:00:00,Huairou,station_target_delta_ridge,1000.0,998.6524449570046,7.0,1.409669456330235,2.0,0.14149125526427553,12.0,7.545865762734676,76.0,74.5745190911507,76.0,75.26342795684916
740,2016-07-23 09:00:00,Changping,station_target_delta_ridge,1400.0,1282.1864498059067,17.0,41.11015510389258,2.0,1.268161185406326,54.0,30.456540927894437,112.0,114.12294777175856,112.0,123.33124756827834
741,2016-07-23 10:00:00,Wanshouxigong,station_target_delta_ridge,1400.0,1520.1749759517852,42.0,31.55288159846406,2.0,2.0992818864407137,72.0,70.51153791348595,160.0,152.56388566332427,160.0,161.02978784523594
742,2016-07-23 12:00:00,Tiantan,station_target_delta_ridge,1200.0,1217.1023608063438,156.0,146.25348880435325,2.0,3.645757105124262,32.0,40.207614975562805,137.0,134.02754285998117,137.0,142.80046373425282
743,2016-07-23 14:00:00,Nongzhanguan,station_target_delta_ridge,1600.0,1396.7084796422914,209.0,207.3200230377897,2.0,2.4035786454674124,25.0,25.800345547988684,174.0,164.00763774402344,174.0,156.87710915720402
744,2016-07-23 16:00:00,Gucheng,station_target_delta_ridge,1300.0,1269.6679456719949,214.0,246.28152741899555,2.0,1.9401018636983354,18.0,30.797023834588344,158.0,169.36619664835715,164.0,223.7623912871861
745,2016-07-23 18:00:00,Dingling,station_target_delta_ridge,1400.0,1276.3961790625124,185.0,217.31143140595026,2.0,1.2079675078605714,16.0,21.700030166082648,180.0,136.20678629116324,180.0,144.60186166325437
746,2016-07-23 20:00:00,Aotizhongxin,station_target_delta_ridge,1500.0,830.9248054917208,186.0,171.63245797388515,2.0,2.2825211506498855,24.0,4.512727991749921,199.0,144.48575065562787,199.0,150.15958321138817
747,2016-07-23 21:00:00,Wanliu,station_target_delta_ridge,900.0,944.6886227431071,91.0,87.95213184222229,2.0,1.3027527933909377,20.0,20.364984980035302,125.0,107.51484078642231,125.0,142.7532834215682
748,2016-07-23 23:00:00,Tiantan,station_target_delta_ridge,700.0,752.6803001220277,35.0,39.22675579746502,2.0,4.347506428617228,26.0,16.303142012559974,47.0,27.266494546043674,47.0,46.53789316837215
749,2016-07-24 01:00:00,Nongzhanguan,station_target_delta_ridge,800.0,977.0726947918331,50.0,42.286697488070644,2.0,3.547633970196551,54.0,50.85286411820432,42.0,42.06983651442871,42.0,50.68949415234442
750,2016-07-24 03:00:00,Gucheng,station_target_delta_ridge,900.0,799.3165478418498,60.0,60.84234633386275,2.0,2.0013570625408956,28.0,30.538636884892178,48.0,31.671792198082933,107.0,76.22644921091363
751,2016-07-24 05:00:00,Gucheng,station_target_delta_ridge,700.0,719.2055993221659,35.0,19.15960634007495,2.0,2.3625879252658786,45.0,54.196331769821185,46.0,51.66364617852639,46.0,48.43929944076045
752,2016-07-24 07:00:00,Changping,station_target_delta_ridge,900.0,841.4194077367099,7.0,4.643061026364551,2.0,2.0139439759898163,55.0,56.52936234175393,26.0,22.12792292919475,40.0,33.795901782691494
753,2016-07-24 08:00:00,Wanshouxigong,station_target_delta_ridge,900.0,1161.1085764996724,33.0,34.818639747296835,2.0,2.0062686477358236,53.0,48.134610428113795,44.0,46.32005346998145,44.0,58.397589398154835
754,2016-07-24 10:00:00,Tiantan,station_target_delta_ridge,1000.0,994.220775407955,27.0,35.291976210087974,2.0,2.880045775908111,69.0,65.32541524206974,65.0,52.31981846874526,66.0,70.20858212097278
755,2016-07-24 12:00:00,Huairou,station_target_delta_ridge,700.0,714.8710343881023,69.0,75.99769106837257,2.0,2.411371676057164,13.0,12.002333064166942,38.0,46.787087362811846,52.0,64.8962011878142
756,2016-07-24 14:00:00,Changping,station_target_delta_ridge,800.0,783.7983539586783,148.0,171.66685665235147,2.0,1.1956493930653826,9.0,12.661622106636386,36.0,45.52193313856245,52.0,79.14416643788583
757,2016-07-24 15:00:00,Tiantan,station_target_delta_ridge,1200.0,1181.1691077912678,257.0,259.1986965394935,2.0,2.8335942069069713,22.0,17.42243409393618,132.0,141.80544307183638,132.0,146.7870911901441
758,2016-07-24 17:00:00,Huairou,station_target_delta_ridge,1000.0,918.6016315512067,113.0,120.70379970206965,2.0,1.8575207572589258,8.0,8.704637642637945,74.0,80.07838657114733,115.0,113.72886436603096
759,2016-07-24 19:00:00,Changping,station_target_delta_ridge,1100.0,1053.1620565678982,151.0,152.56425517136927,2.0,0.4637615189449684,16.0,8.962941457462762,69.0,62.448764467111566,99.0,126.6232786678342
760,2016-07-24 20:00:00,Wanliu,station_target_delta_ridge,1100.0,1109.5238109975799,72.0,57.74086263876613,2.0,1.063572259273613,27.0,33.76611032564725,136.0,113.96245283819779,136.0,148.58508132438638
761,2016-07-24 22:00:00,Tiantan,station_target_delta_ridge,1000.0,988.3566557455954,25.0,32.7714645398816,2.0,2.006580612617365,19.0,22.164533833681464,66.0,61.11234693790258,66.0,68.51100056703453
762,2016-07-25 00:00:00,Nongzhanguan,station_target_delta_ridge,1200.0,1236.6562937105255,46.0,37.68193537285646,2.0,2.904379064404822,62.0,61.81915698774736,56.0,62.31644748555789,56.0,69.2379009128245
763,2016-07-25 02:00:00,Guanyuan,station_target_delta_ridge,800.0,1270.780414622494,34.0,25.41425333176035,18.0,8.988899151062922,35.0,43.86588270199447,64.0,70.87447168880358,64.0,72.24871541973172
764,2016-07-25 03:00:00,Wanshouxigong,station_target_delta_ridge,700.0,1034.569578844346,33.0,35.92917148741549,2.0,7.1657152443049075,32.0,42.106501720199674,53.0,45.36008102288146,53.0,52.40702735254146
765,2016-07-25 05:00:00,Wanliu,station_target_delta_ridge,900.0,844.4444444444445,19.0,32.888888888888886,2.0,2.0,33.0,21.88888888888889,117.0,51.888888888888886,117.0,51.888888888888886
766,2016-07-25 07:00:00,Huairou,station_target_delta_ridge,500.0,508.34544886244896,54.0,56.854278782165125,2.0,1.0313690635609452,9.0,7.145562385388618,32.0,31.802437289752557,33.0,33.500849893571726
767,2016-07-25 09:00:00,Changping,station_target_delta_ridge,800.0,747.5842917474826,48.0,52.36561592617616,2.0,1.87549209739816,16.0,24.614460031157403,36.0,41.493549166004215,36.0,37.38176067318745
768,2016-07-25 11:00:00,Gucheng,station_target_delta_ridge,800.0,953.7581212895911,67.0,57.70742716304285,2.0,2.2760847014135783,28.0,36.426465154099745,43.0,48.53096328822289,43.0,68.36735610594437
769,2016-07-25 13:00:00,Guanyuan,station_target_delta_ridge,700.0,630.5984028236254,98.0,88.27577117620496,6.0,8.559199412946077,12.0,23.83485104759243,36.0,45.99424156174443,36.0,49.494803522644105
770,2016-07-25 15:00:00,Aotizhongxin,station_target_delta_ridge,700.0,755.5555555555555,182.0,140.44444444444446,2.0,2.111111111111111,2.0,24.333333333333332,29.0,47.666666666666664,108.0,47.666666666666664
771,2016-07-25 16:00:00,Wanliu,station_target_delta_ridge,700.0,781.8821247444071,151.0,149.35541745344983,2.0,3.8249376262239903,19.0,17.81463768867353,35.0,38.43781433774235,35.0,44.64256642494531
772,2016-07-25 18:00:00,Nongzhanguan,station_target_delta_ridge,800.0,655.3247725468292,117.0,113.28457910373247,2.0,3.08487767352801,28.0,24.56274099322571,26.0,10.397655917664716,26.0,17.95032384156849
773,2016-07-25 20:00:00,Dongsi,station_target_delta_ridge,900.0,1009.8239716420662,76.0,81.2103386231112,2.0,-0.6369701590882997,48.0,42.876630967884914,34.0,30.999416343141103,54.0,23.491975633550854
774,2016-07-25 21:00:00,Wanliu,station_target_delta_ridge,1100.0,779.9111861525822,26.0,76.70221752181884,2.0,1.3157065285146756,85.0,29.40145124621015,36.0,25.27518430524685,92.0,33.76634128042912
775,2016-07-25 23:00:00,Nongzhanguan,station_target_delta_ridge,600.0,698.0018483329403,56.0,67.14844765474878,2.0,2.6817259442511148,22.0,27.78019800564727,12.0,16.59984007700988,12.0,40.00216396781221
776,2016-07-26 01:00:00,Dongsi,station_target_delta_ridge,400.0,443.56886823783725,54.0,52.12889322674846,2.0,3.4806536293286383,27.0,23.585312647493364,8.0,6.260272962549057,8.0,7.283273741562005
777,2016-07-26 02:00:00,Wanliu,station_target_delta_ridge,400.0,404.98579671035407,55.0,46.90075663077322,2.0,4.583740456984426,11.0,17.085002979185845,3.0,6.57622181256373,5.0,8.980121767136154
778,2016-07-26 04:00:00,Tiantan,station_target_delta_ridge,400.0,474.8450846214455,47.0,49.72621009153124,2.0,1.6975628939,18.0,26.273047574239044,15.0,12.320576613389726,15.0,18.03635865344481
779,2016-07-26 06:00:00,Huairou,station_target_delta_ridge,900.0,796.5614800763149,23.0,23.3973609932969,2.0,1.0521776734239525,9.0,5.316573152065599,10.0,3.1605005712246808,12.0,18.368469344018287
780,2016-07-26 08:00:00,Dongsi,station_target_delta_ridge,600.0,682.7535956631002,49.0,51.92045180490451,2.0,4.816946870100335,29.0,33.11541955045224,6.0,9.737078050720195,6.0,10.246626834739278
781,2016-07-26 09:00:00,Wanliu,station_target_delta_ridge,400.0,407.94262993449394,67.0,63.66174615082677,2.0,2.905655251873818,12.0,15.382074697577325,9.0,12.996739724281245,11.0,10.17945031471632
782,2016-07-26 11:00:00,Tiantan,station_target_delta_ridge,700.0,684.178545228246,79.0,68.14120528474133,3.0,3.1407833614594542,46.0,45.02804806854349,14.0,30.00894426710314,27.0,44.45014470884563
783,2016-07-26 13:00:00,Shunyi,station_target_delta_ridge,300.0,250.91006369282772,122.0,124.04249486994865,2.0,3.115859974635309,10.0,13.530712842876252,12.0,6.518776488053234,18.0,9.589407995752188
784,2016-07-26 15:00:00,Nongzhanguan,station_target_delta_ridge,500.0,584.1906282095654,165.0,158.8376764538286,2.0,2.602669169515317,16.0,16.358493519058584,17.0,16.69090080630378,19.0,19.15587922064937
785,2016-07-26 17:00:00,Guanyuan,station_target_delta_ridge,400.0,587.2740066410748,152.0,158.4159666062219,5.0,6.138909607863749,8.0,15.315949600660225,28.0,31.769050633919065,28.0,43.85627525267697
786,2016-07-26 19:00:00,Aotizhongxin,station_target_delta_ridge,300.0,371.3128808638909,165.0,158.62797877724643,2.0,1.9195126050033453,31.0,31.490246697240458,29.0,19.602194208508816,75.0,70.71505331667473
787,2016-07-26 20:00:00,Huairou,station_target_delta_ridge,1000.0,930.3598323214451,103.0,116.41996610130997,7.0,6.648487693478587,21.0,18.12332611180043,20.0,17.06065404154373,74.0,51.529949361087255
788,2016-07-26 22:00:00,Changping,station_target_delta_ridge,900.0,927.7285704225,79.0,62.1715595040601,2.0,1.4637563176947457,18.0,27.014158980532674,26.0,21.98759523146578,26.0,24.827848728260857
789,2016-07-26 23:00:00,Nongzhanguan,station_target_delta_ridge,900.0,872.4834073188873,103.0,90.0039733932066,2.0,2.45954818685475,40.0,44.01201817114795,35.0,35.46130878070034,48.0,55.05975346828051
790,2016-07-27 01:00:00,Changping,station_target_delta_ridge,800.0,867.779953815642,69.0,58.2368462310118,2.0,1.8753067166552209,17.0,20.170292767515857,22.0,24.114667826245608,22.0,21.543986762424822
791,2016-07-27 02:00:00,Shunyi,station_target_delta_ridge,700.0,662.3085107165018,30.0,17.427216915443136,2.0,2.55316974079561,42.0,50.79971502068238,60.0,54.52691883143069,71.0,80.35511236761002
792,2016-07-27 04:00:00,Guanyuan,station_target_delta_ridge,700.0,928.6275253231984,2.0,3.871738561659173,2.0,1.929981548873862,75.0,67.1069857930504,42.0,55.83720575160307,69.0,66.87800322219455
793,2016-07-27 06:00:00,Aotizhongxin,station_target_delta_ridge,600.0,652.2798089538744,24.0,8.754448086368852,2.0,1.8810757883393283,47.0,54.839449015871516,37.0,54.4367667285742,37.0,44.81348644570965
794,2016-07-27 07:00:00,Huairou,station_target_delta_ridge,600.0,506.303832213689,14.0,15.357600790087364,2.0,1.0193260470071634,25.0,10.36399134594518,30.0,23.762243590215164,30.0,30.989532461703636
795,2016-07-27 09:00:00,Changping,station_target_delta_ridge,1000.0,946.595772639498,40.0,38.92748661629034,2.0,1.7871284507930059,57.0,57.964926514404766,27.0,25.478360048338505,48.0,44.95883506943264
796,2016-07-27 10:00:00,Nongzhanguan,station_target_delta_ridge,800.0,883.4063062167565,117.0,113.69910651320455,2.0,2.108904893235022,38.0,38.76638291474161,57.0,47.2817103198479,76.0,61.180181180536415
797,2016-07-27 12:00:00,Dingling,station_target_delta_ridge,600.0,594.5711014814634,120.0,111.27365607757085,3.0,2.2157869085081434,23.0,24.616347439040574,34.0,33.719905407375634,61.0,56.47719399443305
798,2016-07-27 13:00:00,Wanshouxigong,station_target_delta_ridge,1100.0,852.6508717256938,257.0,230.63073126592022,2.0,1.1811261165851676,43.0,29.665257604687866,73.0,42.022376128845025,113.0,58.41538051433656
799,2016-07-27 15:00:00,Huairou,station_target_delta_ridge,600.0,568.2209794949679,191.0,171.30031661747893,3.0,3.7268671698062565,16.0,14.500780135535159,40.0,39.80067688692081,44.0,85.35681975281793
800,2016-07-27 17:00:00,Dingling,station_target_delta_ridge,800.0,731.9112906685499,310.0,253.39365146410992,2.0,1.089228583946923,15.0,13.760481656377864,46.0,43.40665497974445,84.0,82.14754826661863
801,2016-07-27 18:00:00,Shunyi,station_target_delta_ridge,800.0,849.2010451029385,223.0,213.9507730304442,2.0,1.6891563565400325,26.0,28.634400561923787,58.0,75.71081012229051,84.0,114.87157995482336
802,2016-07-27 20:00:00,Guanyuan,station_target_delta_ridge,700.0,774.0975191125442,169.0,201.82944687569858,2.0,2.6781283921286243,22.0,21.35428196592416,64.0,92.22157958137848,119.0,95.2001204546977
803,2016-07-27 21:00:00,Wanshouxigong,station_target_delta_ridge,600.0,738.3767864421038,128.0,111.69410625390705,2.0,1.6100573724396219,7.0,10.758004639213986,22.0,25.068302994924956,22.0,13.096482008994641
804,2016-07-27 23:00:00,Nongzhanguan,station_target_delta_ridge,800.0,791.7871797044927,79.0,81.9139791524255,2.0,2.721055067957332,41.0,37.35091218803233,8.0,17.79158234275451,19.0,32.82253178545764
805,2016-07-28 01:00:00,Guanyuan,station_target_delta_ridge,500.0,321.550015645714,49.0,46.38083636953333,2.0,3.253744991589266,41.0,44.24773613605925,30.0,17.759762210245633,30.0,17.573016276468397
806,2016-07-28 03:00:00,Changping,station_target_delta_ridge,400.0,356.34192591532826,43.0,36.98422343706496,2.0,22.656034427942956,17.0,24.001321207912476,12.0,14.387179332396752,12.0,11.38120204261884
807,2016-07-28 04:00:00,Wanshouxigong,station_target_delta_ridge,700.0,851.0359716686606,19.0,4.506604101686707,2.0,2.1003488107794808,20.0,35.27834265195289,25.0,22.022161620763075,25.0,31.31582215719542
808,2016-07-28 06:00:00,Tiantan,station_target_delta_ridge,600.0,592.15240673992,13.0,20.358858920745874,2.0,2.1558726645772257,35.0,24.894026714844475,16.0,16.00111980950022,21.0,24.44318303691259
809,2016-07-28 08:00:00,Gucheng,station_target_delta_ridge,500.0,553.4504414817336,64.0,66.61111339649663,2.0,2.378136194692578,23.0,20.618898316691123,18.0,21.566695843036516,44.0,26.989562080796265
810,2016-07-28 10:00:00,Aotizhongxin,station_target_delta_ridge,600.0,577.2008612833633,74.0,82.18483474344265,2.0,1.5415214737865122,48.0,39.22831733810181,23.0,29.399153084432612,36.0,35.98649644679398
811,2016-07-28 11:00:00,Wanliu,station_target_delta_ridge,100.0,116.21357100292266,105.0,108.19854204778873,2.0,3.6556217570728027,34.0,33.611271963867075,28.0,22.621609803672364,40.0,42.10858690403002
812,2016-07-28 13:00:00,Wanliu,station_target_delta_ridge,200.0,193.2400208210651,165.0,190.0772249613853,2.0,3.9213658565765948,35.0,33.885584347968575,48.0,50.223508711090744,107.0,72.59268551195186
813,2016-07-28 15:00:00,Tiantan,station_target_delta_ridge,500.0,533.2937063520363,189.0,195.06150362377747,2.0,-0.2959662614830867,2.0,7.3067190501361585,63.0,68.02251167322295,63.0,74.42299088735706
814,2016-07-28 18:00:00,Huairou,station_target_delta_ridge,700.0,715.3880020981651,250.0,278.4077969378848,2.0,2.7602209840906347,23.0,25.493607100150722,77.0,84.64152902393039,124.0,134.1420709079294
815,2016-07-28 20:00:00,Wanshouxigong,station_target_delta_ridge,1200.0,1199.624439146562,116.0,112.86794434469277,2.0,0.7791061353334514,16.0,18.715108591962057,97.0,95.00032641417538,111.0,125.24127861834046
816,2016-07-28 23:00:00,Changping,station_target_delta_ridge,900.0,910.1055735139759,72.0,75.8114536387781,2.0,1.1834225434463763,52.0,51.30189365074368,63.0,62.6668717241787,67.0,72.31835324706958
817,2016-07-29 01:00:00,Shunyi,station_target_delta_ridge,900.0,1071.5350121344807,25.0,26.820129495250992,2.0,2.3870530731333863,48.0,52.14127882143089,106.0,104.96982119000627,106.0,100.22726707053914
818,2016-07-29 04:00:00,Changping,station_target_delta_ridge,1000.0,869.740280030638,23.0,14.511492441683531,2.0,0.420781013015485,57.0,68.15274410864711,85.0,64.92105783893473,85.0,76.86607667833478
819,2016-07-29 06:00:00,Tiantan,station_target_delta_ridge,1300.0,974.4713914950358,64.0,29.187469838641622,2.0,1.4854204302188703,24.0,41.22074830133368,176.0,116.83319056229567,176.0,106.95124562308824
820,2016-07-29 08:00:00,Wanshouxigong,station_target_delta_ridge,1400.0,1485.2027147640827,57.0,44.664256873227735,2.0,0.6811707823588311,11.0,15.158316159749322,163.0,145.30471275379145,163.0,161.9441327287943
821,2016-07-29 11:00:00,Changping,station_target_delta_ridge,1300.0,1161.7849285043424,125.0,111.17577049633184,2.0,-0.03919081333440344,17.0,20.50507030526804,135.0,122.53749618196223,136.0,138.29305899690948
822,2016-07-29 13:00:00,Huairou,station_target_delta_ridge,1100.0,998.0684400196503,151.0,151.0451750644009,2.0,1.8812766053898173,18.0,15.45453692253956,91.0,95.0468589692686,121.0,125.1935736456465
823,2016-07-29 15:00:00,Huairou,station_target_delta_ridge,1100.0,1110.2288186936319,178.0,178.68361845496614,2.0,1.9301215327998726,15.0,14.602484998343769,130.0,112.14365633614716,138.0,136.55314637105147
824,2016-07-29 17:00:00,Huairou,station_target_delta_ridge,1300.0,1078.3515279377982,192.0,191.6653347838322,2.0,1.5338036965355744,16.0,13.088104124894029,122.0,133.15838665738804,131.0,150.2961369025393
825,2016-07-29 19:00:00,Shunyi,station_target_delta_ridge,2100.0,1696.8673311589178,199.0,170.88392522065374,2.0,1.6251077117411685,24.0,28.06653364362623,139.0,141.08825390692743,139.0,140.6404326844986
826,2016-07-29 21:00:00,Shunyi,station_target_delta_ridge,2800.0,2856.9753178459287,178.0,170.26542456241512,2.0,1.4441163701600148,22.0,23.69051195443242,141.0,141.34719003165935,141.0,148.60493015333307
827,2016-07-29 23:00:00,Shunyi,station_target_delta_ridge,2500.0,2509.566578491142,121.0,116.97002428592789,2.0,0.8810897447152406,24.0,22.690187005880272,180.0,144.58608097790858,180.0,145.35800293915895
828,2016-07-30 01:00:00,Shunyi,station_target_delta_ridge,2600.0,2226.4110397162076,84.0,94.55020159418649,2.0,0.9526341566340608,17.0,15.491129654359796,139.0,143.64578076510702,139.0,150.4392697185512
829,2016-07-30 04:00:00,Wanliu,station_target_delta_ridge,600.0,1171.4285714285713,114.0,64.14285714285714,2.0,2.4285714285714284,14.0,14.571428571428571,81.0,137.85714285714286,81.0,137.85714285714286
830,2016-07-30 07:00:00,Changping,station_target_delta_ridge,2200.0,1893.710618179702,45.0,40.51260484047192,2.0,0.9181397418522699,29.0,28.849405663519708,100.0,85.58779251713062,100.0,95.69929034402799
831,2016-07-30 09:00:00,Changping,station_target_delta_ridge,2600.0,2565.869223242024,54.0,46.358069148344946,2.0,0.5740996774226508,32.0,28.734693839741126,144.0,128.88747962498556,144.0,166.062378196863
832,2016-07-30 12:00:00,Dongsi,station_target_delta_ridge,2400.0,2305.6098037055735,64.0,62.206640514840764,2.0,0.1445698021049291,22.0,19.407213298567093,209.0,226.58950511641,209.0,217.52046072574598
833,2016-07-30 14:00:00,Dongsi,station_target_delta_ridge,2600.0,2718.882675817156,75.0,65.93728332777714,2.0,4.027878157900604,20.0,26.270032247174218,240.0,241.31949669613394,240.0,237.43588662033093
834,2016-07-30 16:00:00,Dongsi,station_target_delta_ridge,2500.0,2509.370543539381,77.0,75.44858962617367,2.0,3.473283871953921,32.0,33.01685154214768,238.0,222.89515002923096,238.0,223.80012409625573
835,2016-07-30 18:00:00,Gucheng,station_target_delta_ridge,1000.0,1496.6694189243753,88.0,90.9556807577761,2.0,1.8251325125147257,32.0,25.79681917098354,114.0,172.55592758607818,114.0,157.00348814323203
836,2016-07-30 20:00:00,Gucheng,station_target_delta_ridge,1000.0,761.3929276413472,93.0,101.41463593830784,2.0,2.2893679638908644,32.0,27.942291150391775,66.0,62.388595621770186,66.0,47.66261765503947
837,2016-07-30 22:00:00,Gucheng,station_target_delta_ridge,900.0,920.0183909200249,66.0,50.799589710803346,2.0,2.50841090826489,37.0,44.99796949374421,51.0,43.52870869888203,51.0,39.8981736094655
838,2016-07-31 00:00:00,Gucheng,station_target_delta_ridge,800.0,876.378191610362,41.0,64.47065594933389,2.0,2.5162339122566646,49.0,34.511905353699795,52.0,49.11427858246783,52.0,42.2654899250094
839,2016-07-31 02:00:00,Shunyi,station_target_delta_ridge,900.0,729.3865173977384,87.0,90.6023192231307,2.0,6.126173334579488,12.0,18.30405955115831,48.0,38.3145129070338,48.0,37.484838476784624
840,2016-07-31 04:00:00,Tiantan,station_target_delta_ridge,1200.0,1194.071458571953,62.0,70.93484127604665,2.0,0.22152698566143392,23.0,22.453105357480585,49.0,46.82254642487575,49.0,46.127722326692016
841,2016-07-31 06:00:00,Wanshouxigong,station_target_delta_ridge,1300.0,1235.5169052043238,37.0,39.75733585409289,5.0,0.4975895324067594,16.0,25.460157293035774,59.0,57.21391900527265,59.0,63.56040048070682
842,2016-07-31 09:00:00,Aotizhongxin,station_target_delta_ridge,1600.0,1702.4581970182267,22.0,33.94199752906854,2.0,1.8632100307093638,70.0,54.202379425159805,65.0,70.7748810225418,65.0,62.10373658462626
843,2016-07-31 11:00:00,Aotizhongxin,station_target_delta_ridge,1200.0,1072.0985603936222,56.0,59.68376315073313,2.0,1.8266623107241953,56.0,52.713747371828504,65.0,47.62002971380082,65.0,48.635209578577694
844,2016-07-31 13:00:00,Aotizhongxin,station_target_delta_ridge,1300.0,1224.594334187456,84.0,66.82193096532185,2.0,2.0957984823943803,54.0,48.88875140217928,81.0,74.76164342991588,81.0,70.81255890800749
845,2016-07-31 15:00:00,Changping,station_target_delta_ridge,1300.0,962.6570854016472,142.0,141.35970698290092,2.0,1.0092656375803073,17.0,18.776947075088724,49.0,22.11642152919586,49.0,20.27361690910942
846,2016-07-31 17:00:00,Changping,station_target_delta_ridge,900.0,1043.8620950610425,119.0,132.7962716706972,2.0,1.3827843513326648,16.0,18.365231620253883,27.0,38.335735167277846,27.0,36.28163714306544
847,2016-07-31 19:00:00,Changping,station_target_delta_ridge,900.0,870.9157724822882,72.0,96.77181928999978,2.0,1.7962165554412546,26.0,29.33294051621489,28.0,27.782074625181473,30.0,38.91541221050369
848,2016-07-31 21:00:00,Changping,station_target_delta_ridge,1200.0,963.8911016183296,51.0,55.19187267563252,2.0,1.7162603250720332,45.0,36.50572759475306,50.0,35.880161520124986,61.0,46.02004322666589
849,2016-07-31 23:00:00,Dongsi,station_target_delta_ridge,1400.0,1326.6162488818538,26.0,22.12109385525878,2.0,5.351855972796919,51.0,63.34321412476513,74.0,81.11139611066167,74.0,79.88333060846557
850,2016-08-01 01:00:00,Dongsi,station_target_delta_ridge,1100.0,1221.867682590626,30.0,32.1303957378555,2.0,4.901665636439597,38.0,38.59014142563029,67.0,68.4231027046802,67.0,68.26739014066463
851,2016-08-01 03:00:00,Gucheng,station_target_delta_ridge,1000.0,1249.5171233510605,96.0,78.97923619030571,2.0,2.4772024136153936,18.0,17.920793314511045,94.0,77.84434606435401,94.0,61.593899109283825
852,2016-08-01 05:00:00,Wanliu,station_target_delta_ridge,100.0,118.98279729481017,65.0,57.79006818239405,2.0,-0.16669881507170325,33.0,32.36967133101575,65.0,65.51140310406356,65.0,56.28492934689452
853,2016-08-01 07:00:00,Wanliu,station_target_delta_ridge,100.0,129.92502159732257,66.0,51.66321561010659,2.0,0.620014498102164,40.0,32.82758872532859,80.0,72.12649688917374,80.0,62.80400383271778
854,2016-08-01 09:00:00,Wanliu,station_target_delta_ridge,100.0,-25.58865410786572,28.0,57.360208052588746,2.0,1.1891759070373236,61.0,51.282185848570165,65.0,59.50612207648217,67.0,65.95740318456359
855,2016-08-01 12:00:00,Changping,station_target_delta_ridge,1200.0,1280.3680951937554,142.0,130.37918840366984,2.0,1.9926997749473518,19.0,15.903574439378453,72.0,75.24566277216553,78.0,79.46886240838766
856,2016-08-01 13:00:00,Wanshouxigong,station_target_delta_ridge,1100.0,1060.0,93.0,128.1,2.0,3.6,11.0,18.5,66.0,57.3,75.0,61.9
857,2016-08-01 15:00:00,Gucheng,station_target_delta_ridge,1100.0,1022.035265814344,191.0,187.0961923471756,2.0,1.7547549590399083,30.0,20.699106365627397,76.0,72.90623385362078,98.0,60.50727360430024
858,2016-08-01 17:00:00,Changping,station_target_delta_ridge,1100.0,1029.7189071194593,202.0,186.54023046841644,2.0,2.4985155526449168,13.0,11.865838322407464,46.0,42.78551794397396,59.0,52.75167020576476
859,2016-08-01 18:00:00,Tiantan,station_target_delta_ridge,1700.0,1470.502042375088,184.0,195.47849077355497,2.0,2.733718004736131,13.0,14.068141579844632,68.0,75.48612528314912,73.0,80.60843809503065
860,2016-08-01 20:00:00,Dongsi,station_target_delta_ridge,2400.0,2288.7560714441543,143.0,138.98159642884374,2.0,3.0461297854972953,38.0,41.537956333199645,115.0,98.49278158188118,120.0,123.69578828613253
861,2016-08-01 21:00:00,Tiantan,station_target_delta_ridge,2400.0,2565.0388564926593,96.0,120.09765004606741,2.0,1.850841371983116,26.0,22.84108334138319,103.0,125.38790732099406,103.0,114.5494604239948
862,2016-08-01 23:00:00,Gucheng,station_target_delta_ridge,2100.0,2050.6828250536423,71.0,83.48811237916738,2.0,2.1386102152763016,65.0,48.839825644918456,132.0,119.62879915464056,193.0,154.42845910976695
863,2016-08-02 00:00:00,Wanshouxigong,station_target_delta_ridge,3100.0,3018.524144604896,59.0,80.78838022100985,2.0,1.32600277186849,49.0,45.72536212960167,158.0,138.97656070581803,158.0,140.33426743294646
864,2016-08-02 02:00:00,Huairou,station_target_delta_ridge,900.0,1293.4587067487605,23.0,32.822701724402634,8.0,3.0477093890119495,13.0,7.079834257858105,49.0,56.62661690671144,49.0,58.70450477257904
865,2016-08-02 04:00:00,Dingling,station_target_delta_ridge,1000.0,1002.6524091541576,67.0,48.50959064874708,2.0,2.6755995805188806,6.0,9.372872011870102,59.0,56.72575549291095,59.0,62.0647505696867
866,2016-08-02 05:00:00,Wanliu,station_target_delta_ridge,1300.0,1210.0,3.0,25.6,2.0,2.0,79.0,45.6,78.0,66.3,78.0,66.3
867,2016-08-02 07:00:00,Guanyuan,station_target_delta_ridge,1400.0,1138.8103855879785,15.0,21.823684540739585,2.0,1.5659844807157417,57.0,47.2174660670727,84.0,66.79937773898045,84.0,74.40906481586924
868,2016-08-02 08:00:00,Wanliu,station_target_delta_ridge,1400.0,1218.6266339158515,23.0,33.367907694121,2.0,3.288475848769508,62.0,58.80467228966084,74.0,64.87277140288488,84.0,78.62843586881127
869,2016-08-02 10:00:00,Nongzhanguan,station_target_delta_ridge,800.0,999.9589415153002,91.0,102.58556786794978,2.0,2.15307014109926,21.0,21.866699238166973,40.0,47.250085292920026,40.0,49.26950970184213
870,2016-08-02 12:00:00,Dingling,station_target_delta_ridge,600.0,478.8562428321155,118.0,116.06016677692394,2.0,1.9631796264433192,4.0,7.26370950473968,27.0,20.797336992980934,34.0,57.48188113548832
871,2016-08-02 13:00:00,Wanliu,station_target_delta_ridge,500.0,579.8504435587326,144.0,135.4988907155415,2.0,1.883068335284019,12.0,13.17690933554244,18.0,21.77541874531775,18.0,15.975043451626089
872,2016-08-02 15:00:00,Gucheng,station_target_delta_ridge,400.0,396.74961024622974,197.0,191.34635825486907,2.0,2.5348421881690597,12.0,14.667059817213389,21.0,24.65070841731556,21.0,26.680870262090387
873,2016-08-02 16:00:00,Wanshouxigong,station_target_delta_ridge,700.0,756.2979526055491,182.0,179.48594812149975,2.0,1.9182425900225868,13.0,13.886626663049215,33.0,23.466540768568173,40.0,45.15130509905806
874,2016-08-02 18:00:00,Gucheng,station_target_delta_ridge,600.0,625.578968112143,228.0,211.51217913599714,2.0,2.6188473003628214,22.0,24.764180103180223,32.0,26.091399970608187,72.0,79.29103474353836
875,2016-08-02 20:00:00,Aotizhongxin,station_target_delta_ridge,700.0,647.9894848333546,138.0,134.0939850016154,2.0,2.1248349254589103,41.0,44.650967018638035,37.0,36.62057811546461,37.0,45.7980566911548
876,2016-08-02 21:00:00,Huairou,station_target_delta_ridge,700.0,712.4713910032343,109.0,112.52760958065986,2.0,1.9690220041132003,18.0,19.246723551055144,37.0,35.6769193323267,61.0,69.55721127736746
877,2016-08-02 23:00:00,Aotizhongxin,station_target_delta_ridge,800.0,755.5374284465171,119.0,107.04969886428671,2.0,2.2926787539193785,36.0,37.897702321644864,39.0,34.09512657563522,39.0,39.932701329350294
878,2016-08-03 00:00:00,Huairou,station_target_delta_ridge,600.0,630.529685103875,35.0,46.12809543899687,2.0,2.128158012342997,7.0,9.410532818201235,26.0,28.425378469338877,26.0,39.26393701284593
879,2016-08-03 02:00:00,Changping,station_target_delta_ridge,500.0,1593.9586770778355,31.0,42.33449699000889,19.0,2.0916826291373787,19.0,15.4801899253492,26.0,28.16513097527113,35.0,38.552261374727536
880,2016-08-03 03:00:00,Nongzhanguan,station_target_delta_ridge,1500.0,1343.0571137882205,87.0,73.6391116322679,3.0,2.1236241064531987,29.0,32.40772321008884,89.0,78.4673367535211,89.0,83.38397441245236
881,2016-08-03 05:00:00,Changping,station_target_delta_ridge,600.0,564.4215721115825,40.0,21.00330740591103,2.0,2.137965602631133,19.0,22.858037189883685,26.0,26.226905260637906,37.0,29.369507057013095
882,2016-08-03 06:00:00,Shunyi,station_target_delta_ridge,1000.0,764.917767079943,24.0,8.677662284897917,2.0,1.7861223416820606,31.0,30.134356384520768,77.0,81.19584655185842,77.0,81.98802869368058
883,2016-08-03 08:00:00,Dingling,station_target_delta_ridge,600.0,552.866061765907,65.0,50.00507334002454,2.0,2.7436975248130633,7.0,12.147386032121084,40.0,34.481214953908115,45.0,39.295593357920374
884,2016-08-03 09:00:00,Shunyi,station_target_delta_ridge,700.0,611.554044917591,67.0,64.29771475894356,2.0,1.952837812883989,21.0,16.91286659058517,43.0,54.30056163474126,63.0,61.953726165536146
885,2016-08-03 11:00:00,Guanyuan,station_target_delta_ridge,1100.0,950.7491175205963,168.0,169.66728302165328,8.0,4.908180052689483,36.0,30.662158659501877,62.0,58.53273781456098,72.0,69.65467451112559
886,2016-08-03 13:00:00,Dongsi,station_target_delta_ridge,800.0,812.0422184795864,197.0,204.24533413919923,2.0,4.7338414608860475,19.0,21.50291310301574,40.0,50.43217435648388,40.0,50.67417210928515
887,2016-08-03 14:00:00,Wanliu,station_target_delta_ridge,700.0,754.142909249073,228.0,212.6116229055981,2.0,2.0693527869884036,22.0,25.746326557069395,46.0,36.299317780782204,46.0,41.1604426097767
888,2016-08-03 16:00:00,Nongzhanguan,station_target_delta_ridge,800.0,753.1719895021411,263.0,215.85548745741812,2.0,3.2163619826152514,16.0,15.459327646918723,34.0,35.250660564226834,70.0,49.42412441346458
889,2016-08-03 18:00:00,Dongsi,station_target_delta_ridge,900.0,899.6992975934634,240.0,267.58702072387115,2.0,-6.806930729715198,25.0,25.50733384411985,58.0,52.75174261516584,58.0,38.054190536925006
890,2016-08-03 19:00:00,Tiantan,station_target_delta_ridge,700.0,736.5460476033732,91.0,161.61660253520336,2.0,1.881889263791949,17.0,17.490745577747273,33.0,34.31979133670643,33.0,40.243608914109984
891,2016-08-03 21:00:00,Dongsi,station_target_delta_ridge,1000.0,979.7136791951887,147.0,149.679022194714,2.0,2.7931223968943355,36.0,34.56354062688895,58.0,54.12455167835023,73.0,89.9735777445934
892,2016-08-03 22:00:00,Wanliu,station_target_delta_ridge,900.0,1019.7422627901009,135.0,134.45651702267185,2.0,2.082787355887831,49.0,52.30429257495336,52.0,61.16940373813602,70.0,79.76922842893146
893,2016-08-04 00:00:00,Gucheng,station_target_delta_ridge,1000.0,1135.73971895088,62.0,87.93073646137266,2.0,2.180915637625103,62.0,47.06723531454175,83.0,85.18830985808964,162.0,122.54901083258105
894,2016-08-04 02:00:00,Changping,station_target_delta_ridge,800.0,690.2354689135599,72.0,77.70451897727492,2.0,2.0159403664485986,18.0,15.813618312114876,32.0,32.9110318814831,46.0,56.578900390805586
895,2016-08-04 03:00:00,Nongzhanguan,station_target_delta_ridge,1200.0,1060.1805215831978,101.0,94.68840726753065,2.0,1.8241674057966306,28.0,24.363807739627646,86.0,70.14508127274529,86.0,67.96486568128539
896,2016-08-04 05:00:00,Guanyuan,station_target_delta_ridge,1000.0,992.0675707748977,80.0,48.21042505829645,2.0,1.241947864958114,23.0,34.689072494922115,94.0,95.62776328106003,94.0,110.26731981147452
897,2016-08-04 06:00:00,Wanshouxigong,station_target_delta_ridge,1900.0,1481.016702823855,44.0,41.12468944659905,2.0,2.7232290534650048,45.0,51.54551817258568,101.0,111.53558341286015,101.0,103.1233372985516
898,2016-08-04 08:00:00,Gucheng,station_target_delta_ridge,1100.0,839.1356810840974,47.0,66.8908872564522,2.0,2.4828091521843905,50.0,34.82144148828567,96.0,54.41122366136875,239.0,82.2953828237369
899,2016-08-04 10:00:00,Changping,station_target_delta_ridge,1100.0,1060.254545809773,86.0,83.34909680605669,2.0,1.74356186421416,53.0,41.01507631177078,62.0,64.6113207124426,110.0,100.48500795093287
900,2016-08-04 11:00:00,Tiantan,station_target_delta_ridge,1600.0,1591.9069056593564,163.0,147.44377387071327,2.0,2.8187793766348728,32.0,38.24405783608842,125.0,137.341032199315,125.0,137.5417114041331
901,2016-08-04 13:00:00,Guanyuan,station_target_delta_ridge,1500.0,1616.1945680607366,244.0,211.03844371786593,2.0,1.7005268370176587,35.0,39.877770133232914,125.0,128.4212116072451,125.0,136.12024030113298
902,2016-08-04 15:00:00,Aotizhongxin,station_target_delta_ridge,1700.0,1755.8569260437027,301.0,284.9705030886043,2.0,1.8099466264490753,25.0,31.451018856437717,119.0,122.4211897310634,119.0,130.76142354367775
903,2016-08-04 16:00:00,Nongzhanguan,station_target_delta_ridge,1600.0,1606.5611037726392,255.0,254.52909639637372,2.0,1.9794165763259575,20.0,23.290526734797933,118.0,105.94728494911067,118.0,115.15101946769416
904,2016-08-04 18:00:00,Dingling,station_target_delta_ridge,1600.0,1506.2347155565517,255.0,271.89881272160306,2.0,1.2031501511175589,19.0,20.222764967677012,120.0,112.61013766865192,130.0,125.40132150892869
905,2016-08-04 19:00:00,Wanliu,station_target_delta_ridge,1400.0,1556.1534405904615,190.0,173.1406007157039,2.0,1.757736282992247,33.0,34.4834045062325,90.0,93.70947079332625,90.0,92.96348312924447
906,2016-08-04 21:00:00,Gucheng,station_target_delta_ridge,1400.0,1523.3672125458122,187.0,169.9821352837667,2.0,2.1536572700540537,31.0,34.01669342493215,109.0,110.25829627826134,126.0,127.55052117127377
907,2016-08-04 22:00:00,Wanshouxigong,station_target_delta_ridge,1500.0,1438.3698162444514,122.0,101.53867312009599,2.0,1.221805911198396,32.0,30.776162319223985,106.0,101.66499049076172,106.0,111.18718466744836
908,2016-08-05 00:00:00,Gucheng,station_target_delta_ridge,1100.0,1391.2088224788808,109.0,113.26077169173101,4.0,4.170997375905061,38.0,31.794441075495538,86.0,89.51861397596427,93.0,84.3812698040518
909,2016-08-05 02:00:00,Aotizhongxin,station_target_delta_ridge,600.0,658.0183312373536,69.0,65.81587560585231,2.0,2.940754766078258,30.0,29.697753638374508,38.0,41.59945098540252,38.0,53.23705806920183
910,2016-08-05 03:00:00,Huairou,station_target_delta_ridge,600.0,607.9085997864211,2.0,4.887504384676757,2.0,1.3109119748796343,22.0,14.490710841566099,62.0,49.138821995346504,62.0,51.627125042003264
911,2016-08-05 05:00:00,Aotizhongxin,station_target_delta_ridge,1600.0,1379.1938383814163,39.0,28.93479637691914,2.0,1.3320429448894244,30.0,36.50645940177518,72.0,71.34266041832502,72.0,68.69147531464826
912,2016-08-05 06:00:00,Nongzhanguan,station_target_delta_ridge,1000.0,781.9006807961107,2.0,1.6402435042105914,2.0,1.6940050211122317,49.0,61.24811465245535,73.0,63.387710009762145,82.0,61.88613725062422
913,2016-08-05 08:00:00,Changping,station_target_delta_ridge,900.0,748.8515753179644,26.0,22.41239164971297,2.0,2.437647803518199,30.0,35.78467409197523,69.0,70.8878015205319,79.0,72.25869248630255
914,2016-08-05 09:00:00,Nongzhanguan,station_target_delta_ridge,800.0,831.7553252398782,49.0,51.749668581678634,6.0,5.104073483488146,23.0,21.44150383109651,74.0,70.82116421432939,74.0,75.1357450406906
915,2016-08-05 11:00:00,Changping,station_target_delta_ridge,1000.0,864.0319190537068,112.0,100.66655079188058,2.0,1.8506273250321894,20.0,18.872070919544505,58.0,63.40598365487817,59.0,61.09859292413525
916,2016-08-05 12:00:00,Shunyi,station_target_delta_ridge,600.0,632.9562567524702,107.0,101.66332971440241,2.0,3.149914796010551,19.0,14.740618412406434,51.0,50.81457882188617,51.0,48.11847356880344
917,2016-08-05 14:00:00,Dingling,station_target_delta_ridge,800.0,791.7048344206706,158.0,164.35700250941613,2.0,2.1388661664339104,7.0,9.088943463526938,67.0,63.63679018796229,67.0,65.55496030609494
918,2016-08-05 15:00:00,Shunyi,station_target_delta_ridge,600.0,728.7145502752728,144.0,157.5922137270626,3.0,2.7861314901578966,19.0,21.88870579894262,45.0,58.06725952493829,45.0,62.90037022888639
919,2016-08-05 17:00:00,Dongsi,station_target_delta_ridge,800.0,742.6845694477317,179.0,179.0528804673405,2.0,2.5272483828850842,19.0,21.865831039409102,49.0,50.342632875043215,49.0,53.466593449248364
920,2016-08-05 18:00:00,Tiantan,station_target_delta_ridge,800.0,865.0577111577095,183.0,176.73542457633454,3.0,3.039438473687503,9.0,8.793452685430648,51.0,50.31314714207075,66.0,62.623240792678146
921,2016-08-05 20:00:00,Dongsi,station_target_delta_ridge,1000.0,991.1546380817366,139.0,156.15910414278355,2.0,2.369275812747203,32.0,23.277819996967285,79.0,75.99550864074442,107.0,78.80340967185641
922,2016-08-05 21:00:00,Wanliu,station_target_delta_ridge,800.0,915.4231986318581,120.0,101.01824833191897,2.0,2.3538699693376577,42.0,54.95380023906001,43.0,62.35327521309398,65.0,83.30358754765837
923,2016-08-05 23:00:00,Guanyuan,station_target_delta_ridge,800.0,905.1759426702766,109.0,103.05307610390369,2.0,1.6819128201464086,31.0,32.18724173762413,95.0,97.8325296032574,102.0,107.58035331292366
924,2016-08-06 00:00:00,Wanliu,station_target_delta_ridge,900.0,868.828500773574,78.0,75.46031162231952,2.0,1.469101898389744,48.0,48.09428629025602,86.0,94.37445434959223,86.0,98.47651553431078
925,2016-08-06 02:00:00,Gucheng,station_target_delta_ridge,900.0,825.6382754516973,16.0,21.917717867845656,3.0,2.3777975023136673,85.0,91.16148191445544,92.0,92.91617567136188,140.0,166.84419607441882
926,2016-08-06 04:00:00,Changping,station_target_delta_ridge,900.0,948.88002639209,35.0,39.75416938533584,2.0,2.477543592502126,25.0,23.29005306305171,103.0,72.69795546673211,105.0,81.36878581194136
927,2016-08-06 05:00:00,Tiantan,station_target_delta_ridge,900.0,945.767168520695,11.0,27.53793380870433,2.0,2.2516458789918503,31.0,27.390236716383413,123.0,121.78152591414506,123.0,126.75328568179413
928,2016-08-06 07:00:00,Dongsi,station_target_delta_ridge,1100.0,1172.8454000661834,41.0,30.520250505515527,2.0,2.6822490058596986,42.0,41.10115594582533,123.0,136.31781581999613,123.0,140.71245081643133
929,2016-08-06 08:00:00,Wanliu,station_target_delta_ridge,1000.0,902.6481889081197,11.0,14.13907820687125,2.0,2.634247606816979,70.0,69.98808871295076,123.0,112.40253807637008,125.0,122.19655518232742
930,2016-08-06 10:00:00,Guanyuan,station_target_delta_ridge,1100.0,1121.9253776862456,86.0,67.6911058272122,2.0,1.1622574030364514,51.0,54.2750536111395,119.0,122.13752371670645,119.0,135.90539484094936
931,2016-08-06 11:00:00,Wanliu,station_target_delta_ridge,1100.0,1062.548410347713,104.0,103.47963720081567,2.0,2.3886617750254966,58.0,58.76938620510385,122.0,125.37164404778815,122.0,126.10004476683572
932,2016-08-06 13:00:00,Guanyuan,station_target_delta_ridge,900.0,975.370508078518,179.0,181.71511142382948,2.0,1.019182192423103,12.0,14.515155644888765,80.0,88.21487314810915,91.0,98.86559175861666
933,2016-08-06 14:00:00,Wanshouxigong,station_target_delta_ridge,1000.0,1034.547569969292,155.0,170.08507186148543,2.0,0.6898703028964557,20.0,20.029812573618823,94.0,91.02901367054069,107.0,93.26161460222083
934,2016-08-06 16:00:00,Gucheng,station_target_delta_ridge,900.0,785.9363581129533,176.0,186.9569742064179,2.0,2.159640470468555,18.0,17.36694130678051,105.0,90.71475818018197,152.0,142.75383726698365
935,2016-08-06 17:00:00,Wanshouxigong,station_target_delta_ridge,1100.0,1752.5166080480635,157.0,160.80045096885988,2.0,1.139019175718437,24.0,23.047128836436542,103.0,103.11824883204063,115.0,111.20586888340763
936,2016-08-06 19:00:00,Huairou,station_target_delta_ridge,900.0,861.1265950222951,96.0,107.29328064589961,2.0,1.693934630780296,24.0,18.134285641580455,75.0,78.4016891017187,76.0,89.77322407082539
937,2016-08-06 21:00:00,Aotizhongxin,station_target_delta_ridge,800.0,927.366158975072,142.0,120.47512520948052,2.0,2.913473172241367,27.0,33.502505699732616,106.0,103.18858481487572,106.0,109.39186180650454
938,2016-08-06 22:00:00,Huairou,station_target_delta_ridge,900.0,890.3399328754697,33.0,49.15858599967282,2.0,1.1887097413633296,38.0,20.3811273793956,85.0,73.38831973612234,94.0,81.8146440935173
939,2016-08-07 00:00:00,Changping,station_target_delta_ridge,600.0,590.5952911573911,47.0,66.33165764181688,2.0,2.254883789785027,31.0,18.43753388809659,16.0,15.794424607984743,16.0,69.12139414597175
940,2016-08-07 01:00:00,Nongzhanguan,station_target_delta_ridge,800.0,736.6434787202933,65.0,78.27173437521724,2.0,2.034747686712515,19.0,12.894008993401258,23.0,15.524555547300391,23.0,10.374132994805109
941,2016-08-07 03:00:00,Dingling,station_target_delta_ridge,400.0,409.6927115473002,90.0,88.92697963494923,2.0,0.34126449397618863,6.0,6.91334950266771,11.0,11.151464634599744,11.0,4.181211733891736
942,2016-08-07 04:00:00,Wanliu,station_target_delta_ridge,500.0,511.76035285427474,65.0,65.32896799742022,2.0,0.7292470415938981,12.0,7.859105733092036,13.0,13.30948965747996,13.0,13.873057051419526
943,2016-08-07 06:00:00,Huairou,station_target_delta_ridge,600.0,508.4375854934559,3.0,11.659633832369238,2.0,2.558232138970983,13.0,6.2939478774109565,18.0,14.073348714160284,18.0,21.530022490784212
944,2016-08-07 08:00:00,Aotizhongxin,station_target_delta_ridge,500.0,571.9805740329214,76.0,89.81011413774705,2.0,1.2863512617974155,25.0,14.719299787128667,22.0,5.7560010346694614,22.0,8.37964487047459
945,2016-08-07 09:00:00,Huairou,station_target_delta_ridge,500.0,419.71222577620995,11.0,5.527362448518147,2.0,2.8926439239591972,12.0,9.536880758691138,9.0,7.793752333460705,9.0,7.813509291042548
946,2016-08-07 11:00:00,Changping,station_target_delta_ridge,1000.0,962.3307240622123,44.0,45.13976215737558,2.0,1.9626950771460963,30.0,25.42798075971145,25.0,21.826334771819564,25.0,19.26555921352523
947,2016-08-07 12:00:00,Nongzhanguan,station_target_delta_ridge,800.0,817.1562162586229,85.0,73.66574125152464,2.0,2.2862687903558054,14.0,19.638630921488883,20.0,17.458936471195095,20.0,17.702498239679432
948,2016-08-07 14:00:00,Changping,station_target_delta_ridge,600.0,635.6996316773813,100.0,107.00569563839525,2.0,1.5681944634864913,10.0,10.48150679327474,3.0,14.691913039043902,6.0,12.76613501260076
949,2016-08-07 15:00:00,Shunyi,station_target_delta_ridge,400.0,405.1756802021377,122.0,121.05314041301466,3.0,2.8901933321711626,15.0,12.22003522224725,14.0,9.553621039669224,14.0,9.691070933798098
950,2016-08-07 17:00:00,Dingling,station_target_delta_ridge,400.0,408.1379574756038,132.0,128.16403929022346,2.0,2.094542128542516,4.0,4.846276105549483,16.0,9.682887065850657,16.0,12.850180835886405
951,2016-08-07 18:00:00,Shunyi,station_target_delta_ridge,400.0,490.72967641242707,125.0,122.63857763542755,2.0,2.915667893565272,18.0,17.32404343859234,15.0,16.036103934948965,24.0,21.951541414668544
952,2016-08-07 20:00:00,Dingling,station_target_delta_ridge,500.0,425.7338776526168,62.0,68.25571189422112,2.0,2.0055076789204103,2.0,3.7958414285192132,15.0,6.11270767872978,26.0,52.364780522391555
953,2016-08-07 21:00:00,Tiantan,station_target_delta_ridge,700.0,703.6416306753042,49.0,47.77954005622605,2.0,1.8288397704022819,2.0,13.78453079405425,31.0,25.582525004175412,31.0,52.244096531768285
954,2016-08-07 23:00:00,Dongsi,station_target_delta_ridge,1000.0,855.6526577987478,57.0,64.65464470293992,2.0,3.07507098189071,50.0,36.85720867416134,40.0,29.44528149939628,46.0,31.294148485585673
955,2016-08-08 00:00:00,Tiantan,station_target_delta_ridge,800.0,862.9910857061165,12.0,6.168478667182542,2.0,3.4087070763188403,2.0,15.457060142425226,18.0,28.30393841494169,27.0,39.6174538013384
956,2016-08-08 02:00:00,Gucheng,station_target_delta_ridge,700.0,643.4688509001252,20.0,28.382891766649983,2.0,2.6095041749044308,44.0,32.201753629696725,28.0,25.573299454602488,69.0,64.14443157765726
957,2016-08-08 03:00:00,Wanshouxigong,station_target_delta_ridge,1200.0,1124.6484641843613,18.0,22.232960777370145,2.0,1.6078647944650748,47.0,42.70588384870451,56.0,55.90372955352289,56.0,54.88941648587951
958,2016-08-08 05:00:00,Tiantan,station_target_delta_ridge,1200.0,1217.5988252575114,2.0,-1.214068373112421,2.0,2.2766824218308326,2.0,10.312317756531314,51.0,52.731630308129176,51.0,61.34627797937334
959,2016-08-08 07:00:00,Guanyuan,station_target_delta_ridge,900.0,898.7466563361344,2.0,8.88296181048426,2.0,1.5554926439053256,56.0,53.063611658971006,41.0,48.316429573144354,61.0,59.56742238141888
960,2016-08-08 08:00:00,Wanliu,station_target_delta_ridge,900.0,686.3422925530423,12.0,18.106820646759594,2.0,3.0663149116927535,46.0,44.0423168814788,46.0,39.18077843394845,62.0,59.63011422309573
961,2016-08-08 10:00:00,Guanyuan,station_target_delta_ridge,600.0,734.6704825018915,85.0,83.83495829995069,3.0,4.056202817873908,24.0,20.91166633431577,20.0,31.720813959994643,20.0,28.028791719568495
962,2016-08-08 11:00:00,Wanshouxigong,station_target_delta_ridge,500.0,436.5618896890473,94.0,95.7003613116085,3.0,4.136307874174953,15.0,18.06179115007761,14.0,-1.383423519169991,14.0,4.041677164890768
963,2016-08-08 13:00:00,Huairou,station_target_delta_ridge,400.0,392.81501605175873,92.0,94.08483839605034,2.0,3.3143561935832997,5.0,4.2390498279793585,17.0,13.189010543789596,17.0,17.061963125918133
964,2016-08-08 15:00:00,Aotizhongxin,station_target_delta_ridge,400.0,410.53469977246186,175.0,172.1629040303915,2.0,1.7860670199872435,15.0,17.185308886273564,17.0,20.42487540894174,17.0,21.3052124744157
965,2016-08-08 16:00:00,Huairou,station_target_delta_ridge,400.0,413.3504110541923,115.0,114.9289836407041,2.0,2.4778971348862004,6.0,5.652243763467803,13.0,22.945150629320235,13.0,24.055503150757254
966,2016-08-08 18:00:00,Changping,station_target_delta_ridge,700.0,603.5319665904501,169.0,148.0472232268545,2.0,1.8745845385694273,12.0,13.860269014428528,17.0,5.529574456363767,26.0,22.761375120851987
967,2016-08-08 19:00:00,Nongzhanguan,station_target_delta_ridge,800.0,788.0339873633317,152.0,150.44832832387058,2.0,2.634320115708628,21.0,24.03176795165603,22.0,22.192429276037412,30.0,45.720258537433146
968,2016-08-08 21:00:00,Changping,station_target_delta_ridge,1000.0,1070.550195940145,124.0,119.65311967185995,2.0,2.5462399273887915,31.0,34.269360490222816,27.0,17.944426074641175,54.0,66.28886563245537
969,2016-08-08 22:00:00,Shunyi,station_target_delta_ridge,1300.0,1173.8353129025809,114.0,110.59488709825905,5.0,5.069929590073037,47.0,41.11780884986671,55.0,47.28462273784783,78.0,79.77536089671457
970,2016-08-09 00:00:00,Dingling,station_target_delta_ridge,500.0,520.7659079078257,66.0,58.72061138216083,2.0,2.0784366663940164,4.0,4.09208816978888,28.0,27.80937229124969,28.0,25.054592631666345
971,2016-08-09 01:00:00,Tiantan,station_target_delta_ridge,1200.0,1079.2202135464274,43.0,47.25315100795368,4.0,1.6389688433231469,23.0,23.979742254953155,37.0,32.90129166361437,41.0,42.95687542674712
972,2016-08-09 03:00:00,Guanyuan,station_target_delta_ridge,1100.0,1183.0113047534144,8.0,15.73535642917523,3.0,1.556304974100585,94.0,79.53072474397473,40.0,44.20647481339237,64.0,62.488714823878055
973,2016-08-09 05:00:00,Changping,station_target_delta_ridge,900.0,724.3229662992183,7.0,31.960819758176548,2.0,2.6067750800332115,70.0,30.59005210780911,37.0,34.27044668591353,58.0,46.77378528412275
974,2016-08-09 06:00:00,Shunyi,station_target_delta_ridge,1000.0,963.6363636363636,28.0,17.363636363636363,3.0,2.6363636363636362,28.0,56.36363636363637,62.0,37.18181818181818,62.0,50.81818181818182
975,2016-08-09 08:00:00,Dingling,station_target_delta_ridge,1100.0,1006.9377158352295,52.0,43.932506640587654,2.0,2.5149860562623543,7.0,11.467195589350574,54.0,46.7334395602515,54.0,51.683474829479124
976,2016-08-09 09:00:00,Wanliu,station_target_delta_ridge,1100.0,1071.6277344832124,48.0,47.31428690661134,8.0,8.567575074846843,63.0,65.11055003241064,60.0,55.645131877668746,66.0,74.81314029000318
977,2016-08-09 11:00:00,Huairou,station_target_delta_ridge,900.0,1005.0045093998743,140.0,116.46276272881246,10.0,10.009493458296006,12.0,19.47765534315032,27.0,30.67992295518241,28.0,35.194836448091145
978,2016-08-09 13:00:00,Guanyuan,station_target_delta_ridge,1300.0,1420.2258624011429,184.0,175.032824179964,13.0,12.646826442322537,32.0,39.61671093328961,39.0,49.183040744637005,70.0,58.231249021643066
979,2016-08-09 14:00:00,Wanshouxigong,station_target_delta_ridge,1400.0,1471.2855364188488,204.0,202.46830266108637,13.0,13.948659226794067,23.0,20.907706878681097,43.0,38.85998323713961,68.0,82.39566762412306
980,2016-08-09 16:00:00,Nongzhanguan,station_target_delta_ridge,1800.0,1684.320108372544,216.0,236.43226577475318,7.0,7.440138195937831,20.0,20.384373478638743,66.0,61.0796094905317,89.0,90.24517948005388
981,2016-08-09 18:00:00,Changping,station_target_delta_ridge,2000.0,1817.2746713480235,250.0,265.4362282147972,6.0,6.9271193223154865,26.0,23.24537297538538,58.0,42.09774966492164,133.0,101.6055541206579
982,2016-08-09 19:00:00,Nongzhanguan,station_target_delta_ridge,1100.0,993.3438113815463,137.0,105.00460700590658,2.0,1.995933437395079,21.0,16.952158400533353,47.0,30.576114410253034,52.0,38.0979176394634
983,2016-08-09 21:00:00,Dingling,station_target_delta_ridge,1500.0,1470.3627385753246,144.0,169.1766581834863,2.0,1.8359974035131053,9.0,13.939598132878531,61.0,47.47866857070357,75.0,84.16760338478011
984,2016-08-09 22:00:00,Shunyi,station_target_delta_ridge,1400.0,1384.6646307878962,109.0,108.8239685410395,3.0,1.9739540799518325,23.0,20.131906426802335,96.0,77.97429237195085,103.0,88.63343183275383
985,2016-08-10 00:00:00,Dingling,station_target_delta_ridge,1100.0,1253.424043484052,62.0,82.35824039632328,2.0,1.6798140692818222,6.0,8.543611771931683,52.0,56.8411273708033,52.0,65.21421966010274
986,2016-08-10 01:00:00,Tiantan,station_target_delta_ridge,900.0,999.2887608981152,59.0,63.24116298993855,2.0,2.922181324689332,38.0,35.78448427150997,75.0,78.22257857866278,75.0,75.83807896839247
987,2016-08-10 03:00:00,Guanyuan,station_target_delta_ridge,800.0,724.3967261043956,59.0,59.84932415804445,2.0,1.226322518342905,23.0,22.307202397390952,73.0,75.1782423656667,89.0,86.10355485274052
988,2016-08-10 05:00:00,Changping,station_target_delta_ridge,1300.0,1192.8131804586546,27.0,30.075519704308043,2.0,2.256123219323886,33.0,32.875772683502234,88.0,73.81656766366503,107.0,81.18890181916254
989,2016-08-10 06:00:00,Tiantan,station_target_delta_ridge,1000.0,1225.337151979677,18.0,9.060715687859146,2.0,2.7835729898630293,43.0,49.59230430947633,104.0,112.43189422356191,104.0,107.53178846822998
990,2016-08-10 08:00:00,Guanyuan,station_target_delta_ridge,1000.0,948.1702373429129,39.0,50.05774523545256,2.0,1.0564358644870437,45.0,41.611379980142786,104.0,98.85967752569135,107.0,106.31880800746416
991,2016-08-10 09:00:00,Wanliu,station_target_delta_ridge,800.0,818.808521881833,61.0,68.67067655113237,3.0,3.311500616798477,40.0,38.16434257624501,78.0,82.60534014696006,78.0,82.16044846139026
992,2016-08-10 11:00:00,Gucheng,station_target_delta_ridge,800.0,586.5690424913042,123.0,139.18535765803358,2.0,2.1155743625064156,30.0,19.29962044475178,66.0,63.79959070990533,96.0,67.56444719356615
993,2016-08-10 13:00:00,Aotizhongxin,station_target_delta_ridge,700.0,727.918854035159,166.0,159.98490104866454,2.0,2.559309898628726,12.0,14.259377009247206,65.0,65.96996881086868,65.0,69.66898454667538
994,2016-08-10 14:00:00,Huairou,station_target_delta_ridge,800.0,791.3801391235365,180.0,179.2345835485006,4.0,3.7639318230574053,14.0,15.562043963099523,62.0,67.06947616454806,62.0,79.9285939324689
995,2016-08-10 16:00:00,Changping,station_target_delta_ridge,900.0,817.254841018427,173.0,167.02215060897987,3.0,1.8108141830856754,10.0,13.217901671253554,53.0,45.71985849361848,67.0,65.18458213184874
996,2016-08-10 17:00:00,Tiantan,station_target_delta_ridge,800.0,970.5173981217383,153.0,158.91332438189903,2.0,2.7474143947830205,11.0,11.921238758341099,80.0,82.01057620793974,80.0,98.66301657578667
997,2016-08-10 19:00:00,Dongsi,station_target_delta_ridge,1000.0,916.231312320484,135.0,135.14659720542483,2.0,2.738607954250713,19.0,21.404360328575553,95.0,96.93642951900577,102.0,100.72675713742387
998,2016-08-10 20:00:00,Wanliu,station_target_delta_ridge,900.0,933.7424017497472,134.0,127.1930747440267,2.0,1.8861287984221475,27.0,33.03003813090594,98.0,100.88704333470254,111.0,113.12831000824664
999,2016-08-10 22:00:00,Guanyuan,station_target_delta_ridge,800.0,785.7865008310987,100.0,94.81226280335821,6.0,5.138510574365916,25.0,28.343794374168688,79.0,77.11014460547366,100.0,96.85233651642811
1000,2016-08-10 23:00:00,Wanshouxigong,station_target_delta_ridge,800.0,821.8688197516954,86.0,77.40596835828066,2.0,1.6451933073880713,24.0,27.383747139143697,68.0,61.67450683349334,71.0,70.30403409386102
1001,2016-08-11 01:00:00,Gucheng,station_target_delta_ridge,700.0,716.7769260065597,69.0,63.91657076021876,2.0,2.123569775277841,29.0,30.94293122349695,81.0,83.72252723961985,93.0,92.68289068067988
1002,2016-08-11 03:00:00,Changping,station_target_delta_ridge,700.0,448.6985647126428,35.0,17.77838623062629,12.0,14.783112521440085,14.0,27.05800569635943,71.0,69.03264184484107,82.0,89.21838905467173
1003,2016-08-11 04:00:00,Wanliu,station_target_delta_ridge,700.0,683.2473814479251,44.0,41.13153770046346,2.0,2.4120281908144428,29.0,29.207979288408783,78.0,77.40982252327507,78.0,79.81503988417244
1004,2016-08-11 06:00:00,Gucheng,station_target_delta_ridge,700.0,710.7664185265609,25.0,27.52116015829592,2.0,2.381013354452196,42.0,38.01737801687558,100.0,97.75569632002582,131.0,112.77170682485162
1005,2016-08-11 07:00:00,Wanshouxigong,station_target_delta_ridge,900.0,831.4557987196506,15.0,21.371833650780886,2.0,1.574222384291187,43.0,35.56891355671496,89.0,83.14806250214352,93.0,90.69682026761029
1006,2016-08-11 09:00:00,Huairou,station_target_delta_ridge,900.0,911.7070797468143,2.0,16.547096747021612,3.0,3.6940601510160835,29.0,27.510302329011132,95.0,95.35282231962901,96.0,101.94962490708657
1007,2016-08-11 11:00:00,Changping,station_target_delta_ridge,1100.0,1068.6149182230693,107.0,86.3694806394974,2.0,1.9581236307078052,44.0,14.988264372008397,93.0,91.58466081054212,124.0,124.8220102447167
1008,2016-08-11 13:00:00,Dongsi,station_target_delta_ridge,1100.0,1115.8670303813396,165.0,156.99888035956076,7.0,8.43105137066157,16.0,17.949960965572377,78.0,74.6038216668751,84.0,80.74510995906688
1009,2016-08-11 15:00:00,Gucheng,station_target_delta_ridge,1100.0,1077.7777777777778,202.0,179.11111111111111,5.0,3.5555555555555554,20.0,14.11111111111111,102.0,89.33333333333333,108.0,93.33333333333333
1010,2016-08-11 17:00:00,Guanyuan,station_target_delta_ridge,1400.0,1276.9948412799015,173.0,158.67112793931707,7.0,7.123664527524864,21.0,17.303634371944423,103.0,93.50021277023652,132.0,112.75222698779102
1011,2016-08-11 18:00:00,Wanshouxigong,station_target_delta_ridge,1200.0,1312.7949833592602,148.0,150.2587963524302,2.0,1.9711952926682719,20.0,20.60719382099878,90.0,96.00144834103192,95.0,108.3867898316976
1012,2016-08-11 20:00:00,Nongzhanguan,station_target_delta_ridge,900.0,904.2596850773857,141.0,131.21759029728037,2.0,1.491898782923919,33.0,31.816405704788316,70.0,69.47408456879442,80.0,78.32366836612898
1013,2016-08-11 22:00:00,Guanyuan,station_target_delta_ridge,900.0,856.1522551829751,69.0,89.92165421091904,7.0,7.250066101005797,47.0,34.107797129106245,81.0,80.81286035732778,116.0,79.79568639951133
1014,2016-08-11 23:00:00,Wanshouxigong,station_target_delta_ridge,900.0,826.8181445263766,41.0,61.34127565298472,2.0,2.3681984500383138,39.0,32.72445404003669,87.0,78.44823489114647,87.0,89.34767414148739
1015,2016-08-12 01:00:00,Nongzhanguan,station_target_delta_ridge,800.0,906.4183499517976,56.0,55.87442466380161,2.0,-1.941294439967098,47.0,44.08798188439618,74.0,70.19925758989318,87.0,75.08464724718718
1016,2016-08-12 03:00:00,Gucheng,station_target_delta_ridge,1400.0,4914.783602179394,34.0,35.357554096033155,2.0,34.168302365184644,36.0,34.41027797468825,89.0,100.44104639233085,89.0,100.49347536872122
1017,2016-08-12 05:00:00,Dingling,station_target_delta_ridge,1100.0,1067.823545177157,23.0,26.312479827496905,2.0,3.3007427316728313,2.0,6.428307038865018,93.0,89.20559258278813,93.0,87.12051449739548
1018,2016-08-12 06:00:00,Wanliu,station_target_delta_ridge,800.0,1041.8592656421808,9.0,5.275048877821121,2.0,5.489722992440136,42.0,51.82548918006565,104.0,100.58973434329336,104.0,98.04935541327883
1019,2016-08-12 08:00:00,Huairou,station_target_delta_ridge,900.0,912.2505818162128,2.0,3.7555268206665753,2.0,3.1918071302484696,19.0,15.470268805711822,103.0,103.58344671732918,103.0,123.041726586856
1020,2016-08-12 10:00:00,Dingling,station_target_delta_ridge,1100.0,1092.3280380234773,54.0,59.07499311850901,2.0,2.6905294780845654,10.0,12.518897021968186,149.0,116.04436293330858,149.0,121.60573809622201
1021,2016-08-12 12:00:00,Dongsi,station_target_delta_ridge,1000.0,843.3167111609674,93.0,95.09063990418666,2.0,2.0808180220558965,22.0,23.28382774028512,78.0,67.30753862226533,78.0,72.95566691145544
1022,2016-08-12 14:00:00,Changping,station_target_delta_ridge,800.0,792.7821683007198,65.0,65.41821293868466,2.0,1.7968585118003575,20.0,18.32962804854065,10.0,2.7657674585015757,10.0,5.973810494151904
1023,2016-08-12 16:00:00,Changping,station_target_delta_ridge,600.0,690.3716133331756,63.0,63.31369219448639,2.0,2.1497669603687792,18.0,9.64745824040604,17.0,14.032470985688171,17.0,12.141407421058705
1024,2016-08-12 17:00:00,Shunyi,station_target_delta_ridge,600.0,611.3809382612952,74.0,79.14790484837962,2.0,2.241987395030307,23.0,18.64464999478977,20.0,17.606069919252292,21.0,28.965400623063758
1025,2016-08-12 19:00:00,Guanyuan,station_target_delta_ridge,900.0,865.9157871352729,46.0,48.93623850263276,7.0,8.015535680806035,42.0,38.302546459619975,24.0,26.13499928649584,24.0,18.40072742303129
1026,2016-08-12 20:00:00,Wanshouxigong,station_target_delta_ridge,600.0,476.9000191312265,32.0,38.600518928765915,2.0,2.4410115514308615,36.0,33.66511768623774,26.0,31.084830510417827,26.0,36.683195715338414
1027,2016-08-12 22:00:00,Gucheng,station_target_delta_ridge,800.0,736.4608793092237,17.0,18.622330526726962,2.0,2.5089619212332215,61.0,57.37720831030991,31.0,30.99472456916702,81.0,67.32096477264025
1028,2016-08-12 23:00:00,Wanshouxigong,station_target_delta_ridge,900.0,742.1665275947665,2.0,2.158782366201633,2.0,2.3784269407653875,67.0,46.76315822304063,30.0,28.071038046360172,65.0,35.55712137681584
1029,2016-08-13 01:00:00,Gucheng,station_target_delta_ridge,600.0,784.7045498428467,26.0,5.526037921358844,2.0,2.394748368273905,34.0,56.71363408117344,25.0,37.05029690044622,40.0,64.44711668071875
1030,2016-08-13 03:00:00,Dingling,station_target_delta_ridge,400.0,399.7661278834156,27.0,29.370668345885026,2.0,7.546466583427439,5.0,4.9377999553092335,14.0,9.773353489920009,15.0,14.759438410550993
1031,2016-08-13 04:00:00,Wanliu,station_target_delta_ridge,700.0,759.1841815076427,2.0,4.226010758612798,2.0,1.5683478041405463,46.0,49.9275054607577,28.0,27.711241738653587,39.0,46.18062979523893
1032,2016-08-13 06:00:00,Gucheng,station_target_delta_ridge,700.0,749.1597392167819,2.0,5.860302039891546,2.0,2.42797603860738,57.0,42.841912461823576,27.0,21.907439388307598,57.0,45.965750638181056
1033,2016-08-13 08:00:00,Aotizhongxin,station_target_delta_ridge,800.0,522.8327673200844,13.0,11.28359904949685,2.0,1.4777170698680484,38.0,31.86543884274592,22.0,13.168567578934564,22.0,14.666079391964178
1034,2016-08-13 09:00:00,Huairou,station_target_delta_ridge,500.0,497.3004876157929,2.0,7.724931800758766,3.0,3.6826611557961453,17.0,14.415363567669052,18.0,20.33483848632249,29.0,27.596665472538035
1035,2016-08-13 11:00:00,Aotizhongxin,station_target_delta_ridge,700.0,695.1746558555689,24.0,11.93446929792648,2.0,1.5042731455786078,40.0,45.298964917792716,22.0,21.463268739406388,22.0,26.387643380280267
1036,2016-08-13 12:00:00,Huairou,station_target_delta_ridge,500.0,537.5832803612258,2.0,3.2441597242051428,3.0,3.6839665729714377,17.0,26.28385674275184,24.0,21.584122762718202,43.0,44.30282286056855
1037,2016-08-13 14:00:00,Changping,station_target_delta_ridge,1000.0,952.761746424187,26.0,37.03388555241851,5.0,5.204307499223967,36.0,27.037423450324127,21.0,25.097871565912133,47.0,28.814693487592457
1038,2016-08-13 15:00:00,Nongzhanguan,station_target_delta_ridge,800.0,829.282033536113,66.0,60.25997099112571,7.0,6.0325248879029765,23.0,33.49438363882694,29.0,29.391836189993562,38.0,44.00656270649543
1039,2016-08-13 17:00:00,Changping,station_target_delta_ridge,900.0,727.51823335965,33.0,37.844076609650344,4.0,4.873892819891698,44.0,31.591975641404122,15.0,16.399738712946046,29.0,36.62818276558961
1040,2016-08-13 18:00:00,Shunyi,station_target_delta_ridge,400.0,420.8239555018202,20.0,30.585632728424976,2.0,2.1995357907625723,34.0,29.398389047140515,16.0,13.988027364587722,21.0,30.136531232472585
1041,2016-08-13 20:00:00,Dingling,station_target_delta_ridge,900.0,834.7582607359222,22.0,19.62876177988488,2.0,1.5667773739079773,34.0,40.8704595984664,21.0,11.925281658380658,37.0,31.815609169659236
1042,2016-08-13 21:00:00,Shunyi,station_target_delta_ridge,600.0,613.6199275696124,11.0,25.83112791005659,2.0,2.6667838219375275,45.0,37.49887350339699,21.0,25.445554256842534,41.0,29.756558544538315
1043,2016-08-13 23:00:00,Dongsi,station_target_delta_ridge,600.0,586.5864249413013,37.0,32.82561869922398,2.0,2.8449627425950297,35.0,43.054279584171574,14.0,18.743178501838024,14.0,18.786041240377614
1044,2016-08-14 00:00:00,Tiantan,station_target_delta_ridge,400.0,434.89955436583557,8.0,3.103463290594288,2.0,3.4078153107410127,48.0,52.63182391628152,12.0,22.34953415062631,21.0,26.18039522482815
1045,2016-08-14 02:00:00,Guanyuan,station_target_delta_ridge,400.0,758.578294598824,15.0,7.704279434248223,2.0,8.811287715372716,52.0,55.645453611363074,5.0,11.49081674684848,12.0,10.335719764592913
1046,2016-08-14 03:00:00,Wanliu,station_target_delta_ridge,400.0,288.54883531533636,23.0,15.112467585485057,2.0,0.16279353894743975,31.0,35.813499736192206,7.0,2.8222753802161584,15.0,17.106475941241104
1047,2016-08-14 05:00:00,Shunyi,station_target_delta_ridge,400.0,327.20371907861795,6.0,12.01849440983623,2.0,2.5575114723281187,26.0,25.187573267988498,10.0,15.692597380982335,19.0,14.768677952107485
1048,2016-08-14 07:00:00,Dingling,station_target_delta_ridge,700.0,795.8052406777196,40.0,39.975613052843265,8.0,7.576094157903464,17.0,18.970000020848783,15.0,9.914931689523195,21.0,27.86691427999047
1049,2016-08-14 08:00:00,Shunyi,station_target_delta_ridge,300.0,458.83454228685133,27.0,18.814816135659193,2.0,3.0926263741495634,11.0,19.683332932102687,10.0,12.147652231872206,24.0,24.152548137099526
1050,2016-08-14 10:00:00,Dongsi,station_target_delta_ridge,700.0,740.7338648190837,35.0,38.288647000593826,6.0,5.870717027841494,41.0,36.77004945083983,19.0,20.262348966610745,37.0,33.47150148770466
1051,2016-08-14 11:00:00,Tiantan,station_target_delta_ridge,500.0,553.0355843508314,57.0,58.15250634721447,7.0,8.79130871950768,43.0,42.612205104017455,20.0,14.837600462318875,33.0,38.14784046859306
1052,2016-08-14 13:00:00,Dongsi,station_target_delta_ridge,500.0,578.4383486602811,151.0,138.70214906036537,2.0,3.2490500540632365,17.0,14.758276936613488,14.0,24.27835330840937,22.0,21.75968082880923
1053,2016-08-14 14:00:00,Wanliu,station_target_delta_ridge,500.0,401.12039748899343,155.0,164.6519432285138,2.0,2.611146692264771,21.0,15.137858769810686,11.0,16.193402090586755,39.0,22.476954962657278
1054,2016-08-14 16:00:00,Guanyuan,station_target_delta_ridge,600.0,498.0854922706717,191.0,214.55511173386623,4.0,2.473689092273692,28.0,25.152414180012556,22.0,27.09015728087646,78.0,58.137866804625844
1055,2016-08-14 17:00:00,Wanliu,station_target_delta_ridge,700.0,789.3480367045427,212.0,211.54305201732035,2.0,1.4082747362324262,44.0,44.706932709674426,25.0,33.016202461029295,67.0,73.59756230761417
1056,2016-08-14 19:00:00,Guanyuan,station_target_delta_ridge,900.0,715.5647649254853,182.0,190.25499531395536,3.0,2.7840224031190197,56.0,50.32591235769128,40.0,38.91753187469031,93.0,84.52114541143366
1057,2016-08-14 20:00:00,Wanshouxigong,station_target_delta_ridge,1000.0,938.3068852064093,97.0,93.93933123444887,2.0,0.9115436230073697,70.0,59.03856837667535,43.0,34.5964233562288,80.0,92.11021265383197
1058,2016-08-14 22:00:00,Gucheng,station_target_delta_ridge,800.0,981.558561540974,62.0,32.39181214792099,2.0,2.4232225441192625,69.0,110.12920789121303,41.0,66.97373330489633,101.0,188.10703240132352
1059,2016-08-14 23:00:00,Wanshouxigong,station_target_delta_ridge,1200.0,1216.3242437359697,26.0,57.72562687632151,2.0,3.3662734321876813,127.0,77.03991086826942,53.0,54.04273404950881,105.0,92.44078462004563
1060,2016-08-15 01:00:00,Huairou,station_target_delta_ridge,700.0,508.3100343844216,51.0,35.13376162989145,2.0,1.7727070374173417,10.0,17.74884684855827,25.0,23.818031908565324,60.0,61.125520369877016
1061,2016-08-15 03:00:00,Dingling,station_target_delta_ridge,500.0,533.6183609036303,40.0,48.443639628880376,2.0,0.8894384901750865,20.0,16.00493190920943,21.0,13.417408157790208,37.0,35.46297859877461
1062,2016-08-15 04:00:00,Wanliu,station_target_delta_ridge,600.0,492.44968336981924,38.0,22.708703915277454,2.0,2.089991279762831,48.0,76.14767332876187,31.0,23.574701226127367,31.0,68.74434608122417
1063,2016-08-15 06:00:00,Huairou,station_target_delta_ridge,700.0,792.6364192442214,55.0,52.56404107816199,2.0,2.0736232068731333,12.0,3.2036836423334285,30.0,26.490487819671966,30.0,33.69067039849161
1064,2016-08-15 08:00:00,Aotizhongxin,station_target_delta_ridge,600.0,706.2230098862667,62.0,60.11839738346893,2.0,1.7663949742364984,29.0,32.1925813820034,20.0,12.76559779410783,20.0,6.940115928806959
1065,2016-08-15 09:00:00,Huairou,station_target_delta_ridge,400.0,394.2648123147475,54.0,67.60855534720595,2.0,2.437692848071721,7.0,7.239296739878057,14.0,13.051028164257307,34.0,18.615428994304583
1066,2016-08-15 11:00:00,Changping,station_target_delta_ridge,600.0,499.40987860526127,69.0,63.3611058137999,2.0,2.0053316323233235,17.0,14.23113677145678,11.0,8.925223057852758,19.0,6.6211074361552065
1067,2016-08-15 12:00:00,Shunyi,station_target_delta_ridge,400.0,454.88781552325645,70.0,59.93736794537634,2.0,1.2245822579340349,22.0,19.99038072102583,14.0,21.806508749133833,14.0,2.9400393837030077
1068,2016-08-15 14:00:00,Gucheng,station_target_delta_ridge,400.0,447.6779662145903,85.0,92.55925360007087,2.0,2.4892122188615593,12.0,13.311141072848939,9.0,12.326256126540816,15.0,17.248113203822534
1069,2016-08-15 16:00:00,Changping,station_target_delta_ridge,500.0,505.2619967124909,88.0,85.12650437824432,2.0,2.6623528041889917,23.0,26.13860256775484,8.0,21.64106330276098,16.0,34.10943498756722
1070,2016-08-15 17:00:00,Shunyi,station_target_delta_ridge,400.0,423.49546719597384,108.0,110.0599545502023,2.0,2.0362425381182585,17.0,14.071905479200334,15.0,8.358555222050336,15.0,13.869195317037981
1071,2016-08-15 19:00:00,Dingling,station_target_delta_ridge,500.0,492.0119154649637,70.0,93.76437390680519,2.0,1.9667436062380053,12.0,17.277413389087634,14.0,13.98635460479034,33.0,17.33153824066859
1072,2016-08-15 20:00:00,Shunyi,station_target_delta_ridge,500.0,466.60620167039264,61.0,59.382949818763464,2.0,2.1270132527343084,42.0,38.05890429133889,17.0,13.695993378646248,36.0,36.62759917551583
1073,2016-08-15 22:00:00,Dongsi,station_target_delta_ridge,600.0,651.2702420371584,57.0,50.60549770343817,2.0,3.081277571483584,30.0,33.05118826234875,16.0,19.860450229978117,16.0,27.452516449394654
1074,2016-08-15 23:00:00,Tiantan,station_target_delta_ridge,400.0,437.02325736343636,26.0,26.56164105376656,2.0,1.9898690939245414,31.0,38.074029518320714,11.0,13.735875968524875,20.0,25.89627589045778
1075,2016-08-16 01:00:00,Dongsi,station_target_delta_ridge,900.0,761.5548029740041,7.0,8.151678458608684,2.0,3.1455217680947953,72.0,65.14582927059176,24.0,26.97057793380156,33.0,34.91098650968301
1076,2016-08-16 02:00:00,Wanliu,station_target_delta_ridge,500.0,568.705336445318,3.0,8.2145030447174,2.0,2.2882842435758413,50.0,53.258417094180395,22.0,25.965006185254047,40.0,39.56779623820597
1077,2016-08-16 04:00:00,Shunyi,station_target_delta_ridge,400.0,319.7234486902104,13.0,2.078543584327489,2.0,2.6804980770509377,23.0,36.0567935540668,19.0,19.878993738682976,19.0,19.84254676259701
1078,2016-08-16 06:00:00,Gucheng,station_target_delta_ridge,500.0,472.94449707971614,10.0,18.27060561780265,2.0,2.4896073538390344,38.0,22.772884789159992,13.0,12.935957048448609,37.0,23.059371461221023
1079,2016-08-16 07:00:00,Wanshouxigong,station_target_delta_ridge,600.0,611.6579894599637,25.0,17.763499709979868,2.0,1.1072538915475834,38.0,47.42428708645883,19.0,25.35988300893213,33.0,39.55960956280323
1080,2016-08-16 09:00:00,Huairou,station_target_delta_ridge,400.0,503.47572770231113,36.0,21.27370746673349,2.0,2.6511870196384075,10.0,19.683084276751142,19.0,21.36102119464705,21.0,31.08818963064564
1081,2016-08-16 11:00:00,Dongsi,station_target_delta_ridge,700.0,728.2292821416877,104.0,94.80285845365125,2.0,3.2556043856586596,30.0,29.478802850228323,23.0,21.135045112510188,36.0,25.91962699359248
1082,2016-08-16 12:00:00,Tiantan,station_target_delta_ridge,700.0,625.4659504731217,122.0,127.26598191197256,3.0,3.0379277692921987,41.0,35.59777125069778,29.0,28.512502439500484,48.0,41.86453788384724
1083,2016-08-16 14:00:00,Dongsi,station_target_delta_ridge,800.0,840.3854334564194,171.0,167.91970458283026,2.0,2.351073693406694,20.0,29.65508514666615,25.0,35.88179910434213,25.0,39.147461712860824
1084,2016-08-16 15:00:00,Wanliu,station_target_delta_ridge,600.0,617.0326746082646,163.0,168.21237406424694,2.0,2.298996403713519,22.0,22.553497518305427,25.0,18.887663301026613,25.0,31.477080356677327
1085,2016-08-16 17:00:00,Guanyuan,station_target_delta_ridge,700.0,638.0209500389994,143.0,141.57520829047303,2.0,1.2037605351344238,14.0,15.088857918917421,25.0,27.40891718877369,44.0,46.81436460709908
1086,2016-08-16 18:00:00,Wanliu,station_target_delta_ridge,600.0,622.2556484954072,131.0,136.31769963253822,2.0,2.40608443325399,27.0,27.316663790918746,30.0,23.98960586171473,40.0,40.90741912270414
1087,2016-08-16 20:00:00,Gucheng,station_target_delta_ridge,600.0,594.9274349267209,88.0,100.68096971542627,2.0,2.3779198995196453,30.0,29.476617395419836,31.0,30.363997523002798,86.0,80.86354865066953
1088,2016-08-16 21:00:00,Wanshouxigong,station_target_delta_ridge,600.0,614.5089244527461,66.0,70.34387478573706,2.0,2.203894605004624,41.0,32.66507976436992,32.0,33.712480456563654,66.0,55.42227320239924
1089,2016-08-16 23:00:00,Gucheng,station_target_delta_ridge,700.0,620.2632698291139,32.0,40.09310348433279,2.0,2.451150722035611,48.0,44.169661487989636,33.0,33.42062637099082,81.0,72.71880200887618
1090,2016-08-17 01:00:00,Aotizhongxin,station_target_delta_ridge,500.0,645.9530338975152,75.0,60.33958152642279,2.0,2.1252152220241856,32.0,40.92913548648821,31.0,32.564013953566125,31.0,34.76719431894674
1091,2016-08-17 02:00:00,Huairou,station_target_delta_ridge,700.0,648.3394068888133,16.0,0.5061051848255449,2.0,3.5625185517394766,21.0,42.423633445892996,50.0,55.52280198317198,50.0,60.613544837453404
1092,2016-08-17 04:00:00,Dingling,station_target_delta_ridge,500.0,506.57379708463554,35.0,33.11469990443527,2.0,3.0131856768230803,5.0,2.830079945049283,32.0,40.232841923539574,33.0,47.440985254374255
1093,2016-08-17 05:00:00,Tiantan,station_target_delta_ridge,700.0,850.2723396993986,2.0,1.1243129405567878,2.0,3.2770310877720847,41.0,38.1071668182714,34.0,35.23374792723874,54.0,50.363625488982706
1094,2016-08-17 07:00:00,Guanyuan,station_target_delta_ridge,900.0,890.382876054121,2.0,-3.2784912213445114,2.0,1.4559981014803638,69.0,80.94355332750943,43.0,44.44566257935818,89.0,85.41246626831399
1095,2016-08-17 08:00:00,Wanliu,station_target_delta_ridge,800.0,875.7206388968697,2.0,2.3875475990702255,2.0,3.7456307257275805,72.0,69.70736808317123,43.0,45.80704550366119,87.0,86.50447397968863
1096,2016-08-17 10:00:00,Guanyuan,station_target_delta_ridge,1300.0,1196.852375930677,2.0,2.340473759698086,4.0,3.075778411797275,87.0,86.39833251419809,64.0,62.60747990997704,139.0,124.91546780356515
1097,2016-08-17 11:00:00,Wanshouxigong,station_target_delta_ridge,1200.0,1234.7543487584428,2.0,10.371554240952756,2.0,2.005835414939366,84.0,81.44386647529105,60.0,62.62107266448567,99.0,106.76784666947017
1098,2016-08-17 13:00:00,Gucheng,station_target_delta_ridge,1100.0,1008.6507437278275,27.0,20.007357812012344,2.0,2.2558934670178235,83.0,87.44517513173035,69.0,69.81782358478372,114.0,134.08775113474016
1099,2016-08-17 14:00:00,Wanshouxigong,station_target_delta_ridge,1600.0,1452.1187196108401,52.0,41.73416626072732,3.0,2.7901131441063445,76.0,68.27437060617723,81.0,72.28147679166169,81.0,75.64185634541579
1100,2016-08-17 16:00:00,Huairou,station_target_delta_ridge,700.0,700.8858794142518,63.0,65.87715728312324,2.0,1.9465710432742855,9.0,7.240767098569734,47.0,43.48483244477827,47.0,67.86145425341354
1101,2016-08-17 18:00:00,Aotizhongxin,station_target_delta_ridge,1100.0,961.6111550765648,34.0,19.721533952348373,2.0,2.123918796519801,86.0,95.40248308338379,83.0,78.30036449676584,83.0,77.6764799681888
1102,2016-08-17 19:00:00,Huairou,station_target_delta_ridge,900.0,914.3309958852735,58.0,66.78970675259875,2.0,2.1901096641578857,16.0,16.41972473917461,63.0,57.32470633676698,78.0,68.55302535902864
1103,2016-08-17 21:00:00,Aotizhongxin,station_target_delta_ridge,800.0,860.0074320707079,87.0,69.73779781921189,2.0,1.9705769623065528,42.0,47.414643007667536,83.0,82.37841301920948,83.0,82.18478049067949
1104,2016-08-17 22:00:00,Nongzhanguan,station_target_delta_ridge,1300.0,1136.6531198792147,27.0,29.069789845668108,2.0,2.0530373317171047,70.0,56.0044580634795,95.0,98.63268815613176,95.0,107.77180434163526
1105,2016-08-18 00:00:00,Changping,station_target_delta_ridge,1100.0,996.4642033693426,11.0,27.465265387655908,2.0,1.836058639385588,68.0,39.23643431046786,68.0,78.75721067900977,68.0,78.13940828437534
1106,2016-08-18 01:00:00,Nongzhanguan,station_target_delta_ridge,1300.0,1230.058885434872,19.0,40.71609497215053,2.0,2.0032717521919476,58.0,41.02622485768523,124.0,121.55410627880393,124.0,125.41588444279743
1107,2016-08-18 03:00:00,Dongsi,station_target_delta_ridge,1500.0,1425.497834361056,16.0,36.36202199526437,2.0,2.963391315573847,62.0,50.8539266043645,145.0,137.4448733989819,145.0,136.94418923371316
1108,2016-08-18 04:00:00,Wanshouxigong,station_target_delta_ridge,1200.0,1171.9682375292111,19.0,37.2034570048784,2.0,1.2392250508675928,51.0,41.80317771292019,146.0,145.52766458587465,146.0,142.13995435313828
1109,2016-08-18 06:00:00,Huairou,station_target_delta_ridge,800.0,1100.0,36.0,20.636363636363637,2.0,2.1818181818181817,19.0,42.0,74.0,107.63636363636364,74.0,107.63636363636364
1110,2016-08-18 08:00:00,Changping,station_target_delta_ridge,1300.0,1106.5437746546181,56.0,44.429268850335475,2.0,2.230117401832368,23.0,32.242226031537584,61.0,71.03611566431395,61.0,90.64985207701626
1111,2016-08-18 09:00:00,Nongzhanguan,station_target_delta_ridge,1600.0,1630.947649125422,3.0,9.681638891066651,2.0,1.4921425134053397,49.0,49.10052749743645,76.0,84.71690155135276,76.0,92.71508804424445
1112,2016-08-18 11:00:00,Dingling,station_target_delta_ridge,1200.0,1123.5602211268013,82.0,88.7105104799659,2.0,2.2319850524800016,5.0,0.10058713856855661,41.0,46.823342205116205,41.0,47.56440928396751
1113,2016-08-18 12:00:00,Tiantan,station_target_delta_ridge,2100.0,2019.4279805801639,7.0,4.10676467047649,2.0,2.983628470924903,51.0,53.41224041461077,53.0,56.64837534791715,53.0,65.88137012967495
1114,2016-08-18 14:00:00,Guanyuan,station_target_delta_ridge,2300.0,2426.651950439975,15.0,5.3326688123179125,2.0,1.5401694231125171,56.0,62.06963707021952,67.0,68.37286893208993,67.0,67.22289754052868
1115,2016-08-18 15:00:00,Wanliu,station_target_delta_ridge,1900.0,2080.542636668652,45.0,37.708067911945825,2.0,3.462638922685967,32.0,33.46911006172787,61.0,74.99037781565852,61.0,70.18970544667876
1116,2016-08-18 17:00:00,Gucheng,station_target_delta_ridge,2000.0,2140.5408787446777,56.0,50.06515315737327,2.0,2.1709381344199907,30.0,29.63577780663722,61.0,62.15139670651941,61.0,67.08478168730446
1117,2016-08-18 19:00:00,Aotizhongxin,station_target_delta_ridge,1600.0,1961.1872205470438,56.0,37.362294717055875,2.0,1.886443241154417,37.0,46.27769738394854,49.0,61.250040307523605,49.0,54.204445740022194
1118,2016-08-18 20:00:00,Huairou,station_target_delta_ridge,1300.0,1282.7659407122005,24.0,25.837648140174952,2.0,1.9561535927187081,20.0,17.75654306886886,33.0,32.69183069303136,33.0,36.77335934761943
1119,2016-08-18 22:00:00,Aotizhongxin,station_target_delta_ridge,2300.0,2153.6493245551633,18.0,16.649625624316656,2.0,1.8588683314086054,51.0,48.54368674805179,61.0,60.13612906456126,61.0,58.079093461714564
1120,2016-08-18 23:00:00,Nongzhanguan,station_target_delta_ridge,2300.0,2388.5040495021894,8.0,12.780914131872905,2.0,2.312117219765874,91.0,74.66986379881362,64.0,53.34890733096792,64.0,53.72673610783002
1121,2016-08-19 01:00:00,Changping,station_target_delta_ridge,2000.0,1882.0328988621643,8.0,4.0172495534503865,2.0,0.8731843733326445,27.0,37.20548464287618,18.0,21.89237124832613,18.0,16.24686904107712
1122,2016-08-19 02:00:00,Nongzhanguan,station_target_delta_ridge,1400.0,1890.7853108618115,48.0,22.07192217917639,2.0,1.7262267318747204,48.0,56.07654831807778,27.0,26.327184209542104,27.0,26.559969740620076
1123,2016-08-19 04:00:00,Changping,station_target_delta_ridge,700.0,857.4210997188914,31.0,29.85462755901787,2.0,1.4582255171620266,4.0,12.41802361997234,8.0,8.852771437484979,8.0,14.777827912648785
1124,2016-08-19 05:00:00,Shunyi,station_target_delta_ridge,400.0,451.17048136549,44.0,37.29793464565951,2.0,2.3641615928478554,6.0,2.732137647568966,5.0,4.916043440475147,6.0,3.025376826960896
1125,2016-08-19 07:00:00,Dingling,station_target_delta_ridge,900.0,1092.225707038618,35.0,49.579415751440656,2.0,2.4973907132259203,6.0,7.591123105676326,8.0,6.827602502140057,24.0,8.62292191088978
1126,2016-08-19 08:00:00,Shunyi,station_target_delta_ridge,500.0,564.4985258861501,58.0,66.98076504407157,2.0,2.289489458733853,13.0,8.781918555896205,11.0,5.863216541991521,20.0,13.838234071724415
1127,2016-08-19 10:00:00,Dongsi,station_target_delta_ridge,800.0,843.5799591432141,69.0,66.57532455402409,2.0,1.5414290427963424,26.0,19.21791604630194,12.0,10.985025178323507,12.0,10.03959964892117
1128,2016-08-19 11:00:00,Tiantan,station_target_delta_ridge,600.0,539.7767962176796,106.0,99.32858692947728,2.0,3.5110690828656477,18.0,16.656109015582558,17.0,13.438025650965375,17.0,17.264666112625406
1129,2016-08-19 13:00:00,Dongsi,station_target_delta_ridge,600.0,661.2993129003717,115.0,116.71214719280391,2.0,1.6310237335760216,10.0,9.284239149960523,8.0,8.685794960933361,8.0,12.017156745032999
1130,2016-08-19 14:00:00,Tiantan,station_target_delta_ridge,500.0,463.5371151352894,132.0,130.38038603107165,2.0,2.747147662605929,14.0,13.554283405734472,13.0,6.877171676626226,13.0,15.563586601923602
1131,2016-08-19 16:00:00,Guanyuan,station_target_delta_ridge,600.0,569.6466074439176,119.0,127.232568523747,2.0,1.3378762989795532,14.0,12.344313144040061,14.0,13.304529014549665,14.0,11.03769789446739
1132,2016-08-19 17:00:00,Wanliu,station_target_delta_ridge,400.0,403.79692615594587,122.0,125.6339711877794,2.0,2.3712362412389365,10.0,11.79357294213018,13.0,2.329861139063395,13.0,4.563614242972624
1133,2016-08-19 19:00:00,Guanyuan,station_target_delta_ridge,700.0,749.5738373557846,124.0,123.1424170070273,2.0,1.7951255096074084,33.0,29.36284990254232,20.0,16.606263643356865,73.0,62.699406890364294
1134,2016-08-19 20:00:00,Wanshouxigong,station_target_delta_ridge,1100.0,1353.6140280378381,113.0,129.1935593982622,2.0,1.5209511054795968,29.0,32.30789594112976,42.0,43.931299560557974,67.0,88.931921603897
1135,2016-08-19 22:00:00,Gucheng,station_target_delta_ridge,1000.0,1030.1969221976128,73.0,69.28881933158414,2.0,2.2640208128100183,40.0,39.79883773854618,36.0,38.243397920256484,68.0,81.96884351827617
1136,2016-08-19 23:00:00,Wanshouxigong,station_target_delta_ridge,1200.0,1118.9519200473023,80.0,78.08785249841091,2.0,1.6566065003748385,35.0,37.99422865284323,33.0,35.903880923518905,46.0,49.878710957057166
1137,2016-08-20 01:00:00,Huairou,station_target_delta_ridge,1200.0,1030.7927925776062,16.0,20.430840822032856,2.0,1.6581628588154733,31.0,29.997463343683,71.0,60.716467733198215,71.0,62.844773264255224
1138,2016-08-20 03:00:00,Changping,station_target_delta_ridge,800.0,1018.3114788965211,38.0,38.328172727223695,2.0,2.302589462426923,12.0,19.660289890885508,19.0,23.442876602242876,25.0,26.95892537120183
1139,2016-08-20 04:00:00,Shunyi,station_target_delta_ridge,1200.0,1002.6416189512701,2.0,-0.2393685510996928,2.0,2.815059031510277,54.0,46.75722383144416,52.0,55.708340072520635,53.0,55.269240774322746
1140,2016-08-20 06:00:00,Guanyuan,station_target_delta_ridge,1200.0,1338.7967182233847,8.0,5.444287280975393,2.0,1.4101829025769017,57.0,61.87812191647516,63.0,60.92577348761897,63.0,70.0911335050047
1141,2016-08-20 07:00:00,Wanshouxigong,station_target_delta_ridge,1600.0,1547.717023617849,2.0,7.508911872937903,2.0,1.4540374892739072,58.0,65.65477244225629,71.0,57.19699415915176,74.0,64.09995434413233
1142,2016-08-20 09:00:00,Gucheng,station_target_delta_ridge,1100.0,1066.0721919418772,54.0,36.63096364230742,2.0,2.3008699962404564,36.0,48.41275470250405,64.0,52.39822267383012,111.0,97.75725799477756
1143,2016-08-20 10:00:00,Wanshouxigong,station_target_delta_ridge,1600.0,1503.8948761789852,59.0,60.121266106402224,2.0,1.8240649832418763,64.0,58.072828881460694,87.0,83.6705513786816,87.0,78.48850542514678
1144,2016-08-20 12:00:00,Huairou,station_target_delta_ridge,500.0,591.0896444691931,97.0,107.11101722516057,4.0,5.529941204015613,7.0,10.01879993999758,20.0,34.479288143282545,20.0,45.80462716531488
1145,2016-08-20 14:00:00,Aotizhongxin,station_target_delta_ridge,700.0,767.6600992818497,211.0,201.56815811027042,2.0,1.3715154117220019,17.0,19.947211659063196,54.0,47.481071172820464,54.0,51.46918757999521
1146,2016-08-20 15:00:00,Huairou,station_target_delta_ridge,500.0,500.74455658584617,143.0,141.86818891882365,3.0,3.398009617471771,9.0,8.951639372291549,24.0,22.799653517433168,30.0,44.24873403365165
1147,2016-08-20 17:00:00,Changping,station_target_delta_ridge,800.0,774.6112126499332,184.0,164.6355337639255,2.0,1.9948851165204116,14.0,11.710448345310894,31.0,25.20268774467906,44.0,40.215507707998896
1148,2016-08-20 18:00:00,Shunyi,station_target_delta_ridge,500.0,714.7135364991437,204.0,210.86700350046758,2.0,1.8394677375473107,32.0,34.369931430002424,31.0,46.213388000355565,51.0,52.09736232632644
1149,2016-08-20 20:00:00,Dingling,station_target_delta_ridge,600.0,604.8989514225827,103.0,111.01291902602142,2.0,1.6723570674528658,3.0,7.2892876087471485,29.0,17.178189694395677,44.0,54.10716797881171
1150,2016-08-20 21:00:00,Shunyi,station_target_delta_ridge,500.0,605.1909603385104,105.0,84.32415112013823,2.0,2.1044179494300126,38.0,34.67814911895717,28.0,40.179405905391974,54.0,58.87389413009504
1151,2016-08-20 23:00:00,Dongsi,station_target_delta_ridge,1100.0,1159.1034550618056,110.0,107.67726645331888,2.0,2.834973381541988,38.0,39.00591299868522,65.0,76.5799076534745,67.0,75.15962551802775
1152,2016-08-21 00:00:00,Tiantan,station_target_delta_ridge,900.0,1054.4125256394773,30.0,8.112990752811985,2.0,2.6711971584583276,27.0,38.50642306453783,54.0,61.07132094220597,54.0,64.05008145739615
1153,2016-08-21 02:00:00,Guanyuan,station_target_delta_ridge,1100.0,1216.24164528411,8.0,6.387852372571803,2.0,3.327013802165639,91.0,85.5539341211261,58.0,62.061314879894766,96.0,83.39349601963892
1154,2016-08-21 04:00:00,Changping,station_target_delta_ridge,600.0,642.4145103995086,55.0,50.411392436851,2.0,2.6820231098922918,11.0,20.076658853077813,38.0,36.2180316498977,43.0,43.22883181104976
1155,2016-08-21 05:00:00,Tiantan,station_target_delta_ridge,1000.0,1032.421277442439,2.0,1.6776350237691062,2.0,3.235463765204045,46.0,51.202511357264115,59.0,57.86625577349546,60.0,67.92460820878395
1156,2016-08-21 07:00:00,Dongsi,station_target_delta_ridge,1100.0,1088.3373024068896,2.0,9.769030890706006,2.0,2.608465310145076,86.0,91.13992581882344,58.0,53.49057103696056,84.0,83.67399441079588
1157,2016-08-21 08:00:00,Wanliu,station_target_delta_ridge,600.0,903.1564074030476,38.0,21.56398877919399,2.0,2.492466653702288,41.0,67.68879908782692,38.0,48.25835794357081,38.0,55.30066263188644
1158,2016-08-21 10:00:00,Guanyuan,station_target_delta_ridge,900.0,785.1894162207578,99.0,96.4251852922349,2.0,1.3247409070858374,41.0,37.091194973947175,44.0,44.48575810528678,73.0,74.22114824689939
1159,2016-08-21 11:00:00,Wanliu,station_target_delta_ridge,800.0,743.9926616050999,147.0,144.98539670064946,2.0,1.9235841591517957,32.0,26.63393230221887,47.0,39.88418169182795,64.0,52.93616668722196
1160,2016-08-21 13:00:00,Guanyuan,station_target_delta_ridge,900.0,861.1431347118848,245.0,242.8355912981237,2.0,1.2214736022377517,27.0,26.162962373949238,52.0,57.70140806025096,61.0,71.60644431251163
1161,2016-08-21 14:00:00,Wanshouxigong,station_target_delta_ridge,1000.0,1000.4870604008383,298.0,291.9960920833582,2.0,0.8303935288227231,27.0,26.63706110445964,61.0,53.92838424695772,88.0,76.84616437661852
1162,2016-08-21 16:00:00,Gucheng,station_target_delta_ridge,700.0,666.6434660460499,200.0,227.13727382790628,2.0,2.2393808272167774,24.0,27.60787913024497,48.0,48.838901718859795,78.0,85.44733866617943
1163,2016-08-21 17:00:00,Wanshouxigong,station_target_delta_ridge,900.0,852.3318504213468,231.0,225.20330004283073,2.0,0.525207342307427,17.0,17.562726943188252,41.0,37.6140796260618,56.0,63.37038006729401
1164,2016-08-21 19:00:00,Huairou,station_target_delta_ridge,900.0,1024.678914501962,232.0,244.3053361382122,2.0,2.014542371294705,26.0,25.78520208005961,62.0,63.76276505553723,86.0,79.62612457250015
1165,2016-08-21 21:00:00,Aotizhongxin,station_target_delta_ridge,1100.0,1104.4588340049777,218.0,187.39895415430755,2.0,1.8052363361729906,26.0,39.4315850895022,58.0,57.26644769566629,58.0,76.4425500720252
1166,2016-08-21 22:00:00,Huairou,station_target_delta_ridge,800.0,845.8861434184727,110.0,122.87731519077268,2.0,1.9729000926979774,31.0,32.72786178537242,64.0,64.0424972392736,100.0,97.06920595079389
1167,2016-08-22 00:00:00,Changping,station_target_delta_ridge,1200.0,1273.7572315939328,80.0,84.35634749338662,2.0,2.36045822190777,42.0,27.883363650523684,55.0,48.26537683518385,108.0,80.05015415041203
1168,2016-08-22 01:00:00,Nongzhanguan,station_target_delta_ridge,2600.0,1608.7779565996916,123.0,118.91503318433537,14.0,15.664834691395786,36.0,33.92221952999938,84.0,67.1775366608051,84.0,77.37007379011914
1169,2016-08-22 03:00:00,Dingling,station_target_delta_ridge,1000.0,922.198413643144,58.0,56.65717909983963,2.0,2.3972258393144905,11.0,9.799151414398965,62.0,57.30920123782102,63.0,62.95974574035162
1170,2016-08-22 04:00:00,Tiantan,station_target_delta_ridge,1400.0,1152.3771228810251,69.0,46.62452729197075,3.0,1.3397575149859642,28.0,31.016991243392795,75.0,71.40393868492416,75.0,65.31141150586498
1171,2016-08-22 06:00:00,Huairou,station_target_delta_ridge,1300.0,1281.8181818181818,25.0,46.72727272727273,3.0,3.6363636363636362,14.0,41.54545454545455,91.0,71.9090909090909,91.0,85.27272727272727
1172,2016-08-22 08:00:00,Aotizhongxin,station_target_delta_ridge,1400.0,1488.0842259406636,39.0,32.844122401739774,8.0,7.999775752528673,66.0,73.9425660968751,70.0,79.6864522863561,70.0,73.2544250514377
1173,2016-08-22 09:00:00,Huairou,station_target_delta_ridge,1500.0,1368.7820449156416,56.0,48.372953255477256,5.0,3.3385390926921654,25.0,13.675628070762928,104.0,90.34668926912344,104.0,93.87221019540112
1174,2016-08-22 11:00:00,Changping,station_target_delta_ridge,1700.0,1605.9825152287324,124.0,128.68260466243004,6.0,2.5866827563217605,36.0,24.142370423442905,86.0,64.17332159900613,115.0,74.93392399344557
1175,2016-08-22 12:00:00,Nongzhanguan,station_target_delta_ridge,600.0,625.6491689565245,159.0,153.32295340425912,5.0,3.6949234802191033,19.0,19.434517902291113,22.0,22.225243264176356,54.0,32.684635396435674
1176,2016-08-22 14:00:00,Changping,station_target_delta_ridge,800.0,736.6619379206703,178.0,198.7721350027723,2.0,1.1301703831742682,11.0,14.237998897727131,31.0,27.843332180105698,51.0,21.51533717460167
1177,2016-08-22 15:00:00,Shunyi,station_target_delta_ridge,500.0,541.8794465402574,186.0,213.56240609450947,2.0,0.792225450729058,20.0,23.001531265549847,29.0,38.40670741892797,29.0,52.12788282983712
1178,2016-08-22 17:00:00,Guanyuan,station_target_delta_ridge,500.0,539.9158188459895,148.0,145.888079381487,3.0,3.782703429875528,16.0,17.65217197119738,25.0,28.996265175392818,33.0,49.044642975987905
1179,2016-08-22 19:00:00,Aotizhongxin,station_target_delta_ridge,300.0,406.40356024353935,167.0,157.74882353984157,6.0,6.195986218787293,23.0,31.70940260001838,29.0,34.00267498659335,29.0,41.25324503379331
1180,2016-08-22 20:00:00,Huairou,station_target_delta_ridge,1000.0,709.48692021018,132.0,125.92027282660628,6.0,3.772033349793654,32.0,28.975476089064372,54.0,39.80499547105078,109.0,87.45367107976251
1181,2016-08-22 22:00:00,Dingling,station_target_delta_ridge,500.0,490.7385991270364,75.0,69.90262518793551,2.0,1.7104829892076179,8.0,8.533309545688791,32.0,31.782109450252694,42.0,43.866893414471676
1182,2016-08-22 23:00:00,Shunyi,station_target_delta_ridge,1300.0,1288.0863311417916,94.0,133.50707291047212,2.0,1.458478935953604,64.0,45.7426339746634,84.0,62.96985686512777,117.0,106.41614705779682
1183,2016-08-23 01:00:00,Dingling,station_target_delta_ridge,600.0,651.322855971401,52.0,46.40707579192075,2.0,1.8876706699862384,11.0,10.191691592996683,36.0,36.279528044378594,43.0,41.780175205210476
1184,2016-08-23 02:00:00,Wanshouxigong,station_target_delta_ridge,800.0,793.7414169026309,71.0,64.74429728689202,3.0,3.9361822075446575,32.0,37.03595596079606,47.0,55.316819316768296,73.0,76.68700666685888
1185,2016-08-23 04:00:00,Huairou,station_target_delta_ridge,1000.0,997.8299831414464,12.0,9.891471074989282,4.0,2.9413927593890747,41.0,47.74099289799022,80.0,89.9801073263057,80.0,96.99791059921408
1186,2016-08-23 06:00:00,Dingling,station_target_delta_ridge,600.0,545.1841749746044,39.0,38.74413032026324,2.0,2.7241560778712826,8.0,14.318585731647218,47.0,46.7652275163843,55.0,53.494014561094374
1187,2016-08-23 07:00:00,Shunyi,station_target_delta_ridge,1200.0,1028.6601690457874,8.0,37.538796433401984,2.0,2.175897885953674,43.0,29.886742029862923,91.0,82.22324363348699,96.0,94.5200033238269
1188,2016-08-23 09:00:00,Dongsi,station_target_delta_ridge,1000.0,1003.6729587932358,60.0,64.29467204658373,11.0,11.053764361363303,48.0,41.87685090112886,71.0,61.16071819664177,71.0,51.98990310783121
1189,2016-08-23 10:00:00,Tiantan,station_target_delta_ridge,700.0,631.5183502539933,76.0,77.48318390784709,11.0,11.710639693942577,35.0,35.8226139391766,40.0,37.7106072678821,40.0,40.33816952527671
1190,2016-08-23 12:00:00,Dongsi,station_target_delta_ridge,800.0,814.3787487488478,139.0,121.3469540428162,15.0,15.664906600463654,25.0,33.66072015683041,47.0,48.0691362393604,61.0,87.79505676615979
1191,2016-08-23 13:00:00,Wanliu,station_target_delta_ridge,700.0,765.523215212061,154.0,156.57312778343896,5.0,7.053139220669566,31.0,31.14683893115867,45.0,54.58627399127659,78.0,54.00658359983058
1192,2016-08-23 15:00:00,Guanyuan,station_target_delta_ridge,700.0,728.1102053212322,175.0,171.01740111326035,8.0,8.524557108337111,25.0,30.7888611100653,64.0,72.63708938692159,95.0,102.21399542540756
1193,2016-08-23 16:00:00,Wanliu,station_target_delta_ridge,700.0,706.975663179582,115.0,107.2725077447596,2.0,-0.06764760322077423,39.0,39.799944121886284,73.0,72.0730137944618,73.0,93.11702616886609
1194,2016-08-23 18:00:00,Gucheng,station_target_delta_ridge,1000.0,888.3662594650413,82.0,82.72912471065483,2.0,2.3481420641002053,70.0,64.44456631324361,97.0,91.9793108655475,114.0,119.76756301738979
1195,2016-08-23 19:00:00,Wanshouxigong,station_target_delta_ridge,1100.0,1034.3140232345645,109.0,81.06593611897387,2.0,0.7411393628891554,35.0,40.58280403643541,88.0,83.68408812067379,88.0,93.07096804557484
1196,2016-08-23 21:00:00,Gucheng,station_target_delta_ridge,1100.0,1139.0632852771291,47.0,53.386311156519966,2.0,2.2559776734064663,67.0,63.880942983357585,118.0,114.7354725611103,150.0,141.4126749356432
1197,2016-08-23 22:00:00,Wanshouxigong,station_target_delta_ridge,1400.0,1439.2173258040034,54.0,44.468985122289446,2.0,1.659440912425103,60.0,75.32666247984518,94.0,103.42270315307732,106.0,105.04662480609626
1198,2016-08-24 00:00:00,Huairou,station_target_delta_ridge,900.0,895.3646838748314,52.0,55.836947416380994,3.0,2.8259775696196003,13.0,12.758670970337164,61.0,60.17713441757018,62.0,65.99971426243455
1199,2016-08-24 02:00:00,Changping,station_target_delta_ridge,1000.0,924.6699280911905,74.0,61.54613718849096,2.0,2.0556305914641197,16.0,22.808521525710148,56.0,66.31418844790414,56.0,69.74514348839553
1200,2016-08-24 03:00:00,Nongzhanguan,station_target_delta_ridge,1000.0,1043.726914377875,68.0,29.522897483251704,6.0,7.647036935654887,38.0,61.448139360556084,82.0,73.83634048486226,82.0,72.74944608992783
1201,2016-08-24 05:00:00,Guanyuan,station_target_delta_ridge,1200.0,1037.3551829305852,5.0,17.301782614184727,3.0,2.7397353940764924,89.0,72.874557058472,104.0,102.71312509925072,107.0,114.00442253971647
1202,2016-08-24 06:00:00,Wanshouxigong,station_target_delta_ridge,1100.0,1051.3502681177579,30.0,41.76904669963651,2.0,1.584667852334146,62.0,52.134622320423254,95.0,89.38927264393855,95.0,88.3727060917263
1203,2016-08-24 08:00:00,Gucheng,station_target_delta_ridge,1100.0,1081.2008330008132,28.0,34.91507885486223,2.0,2.3165036976183804,73.0,74.10958514638561,88.0,101.06520286042063,88.0,96.6061080953331
1204,2016-08-24 10:00:00,Changping,station_target_delta_ridge,1100.0,1074.9745873038605,45.0,39.76499141409748,2.0,2.3556102196814703,56.0,53.10749485860058,84.0,81.07042195569316,124.0,117.4559052060293
1205,2016-08-24 11:00:00,Wanliu,station_target_delta_ridge,1000.0,945.4545454545455,79.0,98.27272727272727,2.0,4.090909090909091,44.0,37.09090909090909,69.0,74.81818181818181,77.0,84.72727272727273
1206,2016-08-24 13:00:00,Gucheng,station_target_delta_ridge,800.0,885.3757557609339,71.0,87.36456682786039,2.0,1.9869497746504454,50.0,48.498448050407035,79.0,87.12112237857312,127.0,91.30408731726197
1207,2016-08-24 15:00:00,Aotizhongxin,station_target_delta_ridge,900.0,885.3014302707277,159.0,146.67381721044165,4.0,4.127909605654157,37.0,40.36761363420821,73.0,81.65054774322174,73.0,79.51977883634834
1208,2016-08-24 16:00:00,Nongzhanguan,station_target_delta_ridge,1300.0,1070.4778504356027,150.0,142.97877881434368,8.0,8.358645370272034,52.0,47.3932825974493,79.0,71.37864896292308,82.0,84.88445753255371
1209,2016-08-24 18:00:00,Changping,station_target_delta_ridge,1000.0,1012.584014723935,188.0,166.24555712340975,2.0,2.696607800597695,27.0,32.418878800964585,44.0,46.99203238190448,53.0,61.89146854712841
1210,2016-08-24 19:00:00,Nongzhanguan,station_target_delta_ridge,1400.0,1191.7358121970908,114.0,109.81947654107213,8.0,7.91801053059055,79.0,75.97948435513659,87.0,75.3507630367637,108.0,97.70749939197458
1211,2016-08-24 21:00:00,Dingling,station_target_delta_ridge,800.0,803.8058412138009,89.0,75.98336483566484,2.0,1.7044226349293041,15.0,19.268193855407894,53.0,58.25664389784941,66.0,72.85156255628343
1212,2016-08-24 22:00:00,Shunyi,station_target_delta_ridge,1100.0,1060.1099331796856,51.0,61.33731473546163,2.0,1.559825223775667,64.0,58.700956293168524,119.0,116.75924285878443,132.0,132.96371707168487
1213,2016-08-25 00:00:00,Dingling,station_target_delta_ridge,800.0,773.8092660942767,121.0,79.32127639925571,2.0,1.4878535410935236,13.0,12.779597720049074,62.0,60.105873317809284,62.0,63.1490545008822
1214,2016-08-25 01:00:00,Wanliu,station_target_delta_ridge,900.0,942.3202346452721,44.0,5.174440596512071,2.0,2.2830379989646303,43.0,69.66474892430254,66.0,70.76019431550523,66.0,80.21407151966724
1215,2016-08-25 03:00:00,Gucheng,station_target_delta_ridge,400.0,365.4757910215006,62.0,63.36834930796696,2.0,1.9417348987496714,16.0,1.1689168883426682,9.0,2.26699972591987,9.0,18.738689451969833
1216,2016-08-25 05:00:00,Changping,station_target_delta_ridge,300.0,250.57301060255196,77.0,60.98916917559029,2.0,1.8448700570423762,9.0,6.638744667805939,3.0,1.5478095437659092,6.0,6.722621680301686
1217,2016-08-25 06:00:00,Shunyi,station_target_delta_ridge,200.0,300.0,74.0,85.45454545454545,2.0,2.3636363636363638,11.0,10.181818181818182,9.0,5.636363636363637,9.0,10.909090909090908
1218,2016-08-25 08:00:00,Dongsi,station_target_delta_ridge,500.0,339.8249649258625,60.0,65.49965094228739,2.0,2.2393351109776307,29.0,25.856329559868488,12.0,11.127370306392368,21.0,35.56373996367698
1219,2016-08-25 09:00:00,Tiantan,station_target_delta_ridge,500.0,497.1199687200881,45.0,47.91092297594674,3.0,7.317151442508749,42.0,38.54620999774472,11.0,5.324890374379935,41.0,45.53305818684528
1220,2016-08-25 11:00:00,Dongsi,station_target_delta_ridge,400.0,218.4716389557331,54.0,62.01471115345872,2.0,0.8614998643390972,17.0,13.715164320955079,4.0,1.557184594690508,13.0,2.0116340115750067
1221,2016-08-25 12:00:00,Wanliu,station_target_delta_ridge,200.0,162.24777862465356,59.0,59.186816484342856,2.0,3.2514589384540837,7.0,9.315439867846981,3.0,2.2375541968983,10.0,6.9191086796149275
1222,2016-08-25 14:00:00,Guanyuan,station_target_delta_ridge,300.0,278.6353084912507,68.0,63.190954008055385,2.0,1.4656583710147744,14.0,16.145866254837618,9.0,4.599412303808995,9.0,12.726936895725657
1223,2016-08-25 15:00:00,Wanliu,station_target_delta_ridge,200.0,193.5986364478154,64.0,65.64775551772128,2.0,2.8973767669277657,8.0,10.463114722479927,3.0,0.39396374065241035,6.0,9.11093574798173
1224,2016-08-25 17:00:00,Gucheng,station_target_delta_ridge,200.0,210.24860829675814,57.0,65.56287636340366,2.0,2.2865628915493836,12.0,10.61190405319979,7.0,5.994861667307367,7.0,14.451534735949524
1225,2016-08-25 18:00:00,Wanshouxigong,station_target_delta_ridge,200.0,264.07649093883015,60.0,63.418421302898835,2.0,2.4311941384407283,19.0,16.60186475619227,6.0,7.919327936833135,15.0,19.479278043669357
1226,2016-08-25 20:00:00,Gucheng,station_target_delta_ridge,400.0,422.1911566624751,41.0,36.16951187109902,2.0,2.5071124495651564,33.0,29.609200127515706,12.0,11.799726173942249,30.0,46.39516473916173
1227,2016-08-25 21:00:00,Wanshouxigong,station_target_delta_ridge,500.0,455.3820174276403,30.0,29.9512086379847,2.0,2.686211180121723,40.0,39.84536972083453,16.0,15.254274227852186,46.0,43.061071501594995
1228,2016-08-25 23:00:00,Nongzhanguan,station_target_delta_ridge,400.0,526.9701753728118,25.0,21.170174012102876,3.0,3.2915807122118297,53.0,62.30680919974729,9.0,19.86228218389655,36.0,39.189266405606645
1229,2016-08-26 01:00:00,Changping,station_target_delta_ridge,700.0,762.9978109759944,61.0,59.53659427337996,2.0,2.222433082765797,11.0,13.520185868341368,5.0,4.57189032255626,6.0,7.879222743018035
1230,2016-08-26 02:00:00,Shunyi,station_target_delta_ridge,200.0,153.22167480089007,41.0,38.73228819793054,2.0,2.7090241264617245,19.0,17.34891529276452,9.0,13.878047692530458,23.0,29.641932592393726
1231,2016-08-26 04:00:00,Guanyuan,station_target_delta_ridge,200.0,352.5938863822002,20.0,24.077625739783624,2.0,2.590303290540065,39.0,37.10111844139796,9.0,11.473919143514635,21.0,18.04167097781429
1232,2016-08-26 06:00:00,Aotizhongxin,station_target_delta_ridge,200.0,91.05300203439539,10.0,19.48692102174908,2.0,0.9916922600244513,48.0,36.80824696720265,6.0,3.924494562663448,18.0,6.425120759608596
1233,2016-08-26 07:00:00,Huairou,station_target_delta_ridge,300.0,212.2790261854453,9.0,1.5860361850497542,2.0,0.8537993656399441,9.0,11.835174251228892,7.0,-0.5262147416086869,11.0,24.64548734187529
1234,2016-08-26 09:00:00,Aotizhongxin,station_target_delta_ridge,300.0,273.6303725657645,35.0,37.851535434911554,2.0,1.4761556335528834,29.0,29.160030960806104,8.0,7.940684864191965,23.0,29.790014277504106
1235,2016-08-26 10:00:00,Nongzhanguan,station_target_delta_ridge,300.0,244.3142221635842,50.0,59.641381203713884,2.0,1.6750686130569685,22.0,16.06584070466629,9.0,3.3329107940702802,27.0,13.556478860790419
1236,2016-08-26 12:00:00,Changping,station_target_delta_ridge,800.0,800.6068221997816,62.0,64.984426492736,2.0,1.2474740654798993,11.0,11.492169102742894,3.0,7.887320675243684,6.0,1.2444018020220646
1237,2016-08-26 13:00:00,Nongzhanguan,station_target_delta_ridge,200.0,136.10320378209175,91.0,96.44929047502032,2.0,1.8928042524471285,6.0,3.5861431671134394,6.0,2.0785518990296734,6.0,8.810869531697405
1238,2016-08-26 15:00:00,Dongsi,station_target_delta_ridge,300.0,282.3743138459986,105.0,103.68753919571414,2.0,2.627235010118217,12.0,10.99113339361456,7.0,11.430008207908854,7.0,11.671845867631538
1239,2016-08-26 16:00:00,Wanliu,station_target_delta_ridge,200.0,237.1486543502105,103.0,101.25836662844827,2.0,2.8253812176943534,9.0,13.305519136239736,3.0,1.167122080469937,6.0,10.886377881894418
1240,2016-08-26 18:00:00,Guanyuan,station_target_delta_ridge,200.0,233.4003849115557,108.0,102.02746698129077,2.0,1.826772848116991,16.0,19.828991748165226,10.0,14.277759275139864,17.0,18.953778649371245
1241,2016-08-26 19:00:00,Wanshouxigong,station_target_delta_ridge,300.0,482.0815974607524,99.0,89.22559529832876,2.0,1.902969879820453,26.0,29.309411807391427,12.0,16.664944754756153,31.0,61.54028455020122
1242,2016-08-26 21:00:00,Gucheng,station_target_delta_ridge,600.0,694.157895269708,14.0,21.197654951574048,2.0,2.3631491922203645,99.0,98.11498230056988,39.0,37.12602535029786,127.0,122.6883659859044
1243,2016-08-26 22:00:00,Wanshouxigong,station_target_delta_ridge,600.0,559.40530698616,26.0,31.80838337314639,2.0,2.3771696003353777,95.0,86.1675348927268,33.0,26.028009104661187,87.0,55.17319996235065
1244,2016-08-27 00:00:00,Gucheng,station_target_delta_ridge,300.0,456.51834089518843,41.0,21.297789739981365,2.0,2.350261334640424,34.0,53.724421126488274,12.0,18.70436334898904,16.0,39.78621680079798
1245,2016-08-27 02:00:00,Changping,station_target_delta_ridge,800.0,1763.0505954346118,13.0,35.81499985495052,26.0,3.0311128227500683,35.0,25.811308938244764,9.0,10.736669512436144,14.0,13.524607143641816
1246,2016-08-27 03:00:00,Tiantan,station_target_delta_ridge,700.0,882.8926066039134,2.0,1.8837994175127806,2.0,2.486511186103197,59.0,56.181813907595554,25.0,30.095077722223152,53.0,52.51847169112877
1247,2016-08-27 05:00:00,Guanyuan,station_target_delta_ridge,400.0,652.0641965684234,2.0,2.7302253101818046,2.0,2.6135514027280324,66.0,60.359534863342695,17.0,20.116721121367682,57.0,65.19991550702849
1248,2016-08-27 07:00:00,Aotizhongxin,station_target_delta_ridge,400.0,364.5982283813521,5.0,3.564019560930315,2.0,1.8821281121387565,51.0,57.69250884196574,14.0,11.008567796145101,14.0,27.552150890854044
1249,2016-08-27 08:00:00,Huairou,station_target_delta_ridge,300.0,321.1684741102797,9.0,15.435041083326464,2.0,3.331777238089001,9.0,7.3628884100965495,15.0,12.671988792370218,33.0,30.304640142419466
1250,2016-08-27 10:00:00,Aotizhongxin,station_target_delta_ridge,400.0,431.0316421143791,54.0,47.14131299147347,9.0,8.061074282171415,22.0,27.139360837578145,16.0,15.271456341954469,16.0,15.690183778761519
1251,2016-08-27 11:00:00,Nongzhanguan,station_target_delta_ridge,500.0,459.01191261319275,63.0,71.0701383370049,8.0,7.494567810976781,18.0,15.700994820326024,4.0,6.356863171898601,26.0,16.855328459585465
1252,2016-08-27 13:00:00,Changping,station_target_delta_ridge,300.0,316.5905503689494,69.0,65.67560307826307,3.0,4.0685152707473,19.0,17.158353967338865,12.0,9.638022744666076,12.0,12.579997570102087
1253,2016-08-27 14:00:00,Shunyi,station_target_delta_ridge,200.0,198.31526279457515,86.0,89.44826662242166,2.0,2.073067843253405,25.0,23.08865729890779,6.0,20.85278231644358,6.0,31.418344480432438
1254,2016-08-27 16:00:00,Dingling,station_target_delta_ridge,300.0,169.19532881146768,90.0,102.00227285526678,2.0,0.8816501352750714,3.0,-1.3620278350729498,6.0,-1.9493823760308766,93.0,10.795286966105806
1255,2016-08-27 17:00:00,Wanliu,station_target_delta_ridge,300.0,378.8960966746331,87.0,84.93937651855668,2.0,3.148677100241764,8.0,12.476936579354918,12.0,9.333370378951907,74.0,95.9025032449263
1256,2016-08-27 19:00:00,Guanyuan,station_target_delta_ridge,400.0,364.87830898005984,58.0,60.13183531971861,2.0,1.8092825389251628,41.0,39.988105627378594,13.0,9.930019780131808,50.0,31.222429496360416
1257,2016-08-27 20:00:00,Wanliu,station_target_delta_ridge,600.0,519.6729911102966,16.0,35.420734240351756,2.0,1.1411337660313436,66.0,38.62473256392435,6.0,11.510704555143024,78.0,50.275058500377526
1258,2016-08-27 22:00:00,Gucheng,station_target_delta_ridge,400.0,406.5558959365342,51.0,37.76772277053347,2.0,2.1822690032206253,27.0,36.01952205936366,11.0,15.737821794625988,11.0,36.45522717060996
1259,2016-08-27 23:00:00,Wanshouxigong,station_target_delta_ridge,600.0,814.7396425381218,6.0,8.478331202933166,2.0,3.0729692302429457,60.0,72.51119593783304,24.0,23.259872753124732,24.0,42.3128765027804
1260,2016-08-28 01:00:00,Gucheng,station_target_delta_ridge,300.0,379.51541517532416,52.0,51.976591497612134,2.0,2.4486234070746633,16.0,19.64058451795507,5.0,8.9700372360978,15.0,24.08445013838815
1261,2016-08-28 03:00:00,Changping,station_target_delta_ridge,100.0,47.89656449823105,56.0,52.063891102728036,2.0,1.8226830635651483,20.0,14.81364066152411,9.0,4.360592574076156,11.0,-2.510924812292256
1262,2016-08-28 04:00:00,Shunyi,station_target_delta_ridge,100.0,88.30228031661827,25.0,24.765554712717897,2.0,3.610626950059637,23.0,22.566645634024386,9.0,8.883973567321599,9.0,15.496631199305408
1263,2016-08-28 06:00:00,Guanyuan,station_target_delta_ridge,200.0,283.124764120059,32.0,11.729039637803327,2.0,2.1348502330017394,31.0,46.68344623127309,12.0,12.128762711266695,17.0,21.275768190041596
1264,2016-08-28 07:00:00,Wanliu,station_target_delta_ridge,400.0,318.62005667596424,3.0,-2.8202602156415395,2.0,1.9900490673123328,58.0,54.91259751841832,6.0,-0.09153001484133583,21.0,32.87440246621382
1265,2016-08-28 09:00:00,Gucheng,station_target_delta_ridge,500.0,376.9007525458998,30.0,41.81729465696792,5.0,3.4674545662201104,46.0,40.788612017302,17.0,7.42869050868784,62.0,44.74143652623244
1266,2016-08-28 10:00:00,Wanshouxigong,station_target_delta_ridge,400.0,344.18161477550626,54.0,49.24001165797565,4.0,4.009626772816807,23.0,25.669413965031335,7.0,1.1076374701535827,26.0,31.21665701480194
1267,2016-08-28 12:00:00,Gucheng,station_target_delta_ridge,200.0,247.54963837672665,70.0,78.98836117608812,2.0,1.9176010439949234,12.0,20.47371494027434,11.0,6.037328249187446,11.0,12.40444088272643
1268,2016-08-28 14:00:00,Aotizhongxin,station_target_delta_ridge,100.0,74.5042323509988,110.0,103.76555163835594,2.0,1.427527814920003,15.0,14.274988377088965,8.0,13.142949335737287,8.0,7.930165758664847
1269,2016-08-28 15:00:00,Huairou,station_target_delta_ridge,200.0,211.21700437257195,70.0,75.26956686792339,2.0,2.3934920819187893,3.0,4.193164995940833,6.0,4.618754658673357,6.0,11.066295306266266
1270,2016-08-28 17:00:00,Aotizhongxin,station_target_delta_ridge,100.0,141.50010097919582,110.0,104.62340808733191,2.0,1.2379422981415358,24.0,21.562057924786444,3.0,3.7192795480303267,10.0,14.19166893220653
1271,2016-08-28 18:00:00,Shunyi,station_target_delta_ridge,200.0,260.0,99.0,93.1,2.0,2.1,30.0,16.0,11.0,8.1,20.0,23.9
1272,2016-08-28 20:00:00,Dongsi,station_target_delta_ridge,500.0,557.5885568167863,88.0,79.28550161771099,2.0,2.9215776890177345,46.0,48.5391449451638,27.0,32.4862114966858,58.0,45.25764054877388
1273,2016-08-28 21:00:00,Tiantan,station_target_delta_ridge,500.0,343.21142253892964,85.0,87.05127692158256,2.0,0.6109908727782274,48.0,44.7115630015898,18.0,24.277936234751106,69.0,38.475639606253836
1274,2016-08-28 23:00:00,Dongsi,station_target_delta_ridge,500.0,491.3519873964055,58.0,53.50488776017282,2.0,3.040556804553236,57.0,65.43089090660132,25.0,27.572643375895034,60.0,56.22620113368512
1275,2016-08-29 00:00:00,Wanliu,station_target_delta_ridge,500.0,547.188852493387,9.0,8.558059511161462,2.0,1.119066233607763,83.0,84.38125420500305,21.0,15.907381041921223,63.0,46.804927429203005
1276,2016-08-29 02:00:00,Gucheng,station_target_delta_ridge,500.0,244.89190597325398,6.0,29.23351808138473,2.0,2.8359692995353583,89.0,50.70326957077615,19.0,14.979658979324247,77.0,43.00125617460683
1277,2016-08-29 04:00:00,Changping,station_target_delta_ridge,400.0,194.722950366598,2.0,27.855792793774004,2.0,2.2214835077545594,48.0,23.85044361533376,17.0,16.31483335753976,63.0,16.615096366523574
1278,2016-08-29 05:00:00,Wanliu,station_target_delta_ridge,400.0,431.13185351524385,2.0,8.47008413926163,2.0,0.9275315186698232,65.0,57.036475489063555,18.0,16.15070144790066,23.0,42.18681323500411
1279,2016-08-29 07:00:00,Guanyuan,station_target_delta_ridge,500.0,505.05286738592963,4.0,1.0820483143842756,2.0,2.2441239752173523,58.0,65.50404876935141,19.0,20.081592333365077,49.0,60.52771034348212
1280,2016-08-29 08:00:00,Wanliu,station_target_delta_ridge,700.0,647.7201922131039,5.0,10.292799712805834,2.0,2.637228285818054,58.0,54.774090062691705,21.0,20.92287025898579,61.0,60.39228904258634
1281,2016-08-29 10:00:00,Gucheng,station_target_delta_ridge,500.0,613.0428333470954,41.0,38.39579740423807,4.0,2.2130431826695998,48.0,60.005058505766506,19.0,18.01056013551529,56.0,81.15551938343573
1282,2016-08-29 12:00:00,Changping,station_target_delta_ridge,300.0,980.1012216531701,95.0,80.07584296791346,2.0,1.0277561248961782,15.0,22.620660008955294,4.0,16.348242171153533,24.0,37.814446054462024
1283,2016-08-29 13:00:00,Tiantan,station_target_delta_ridge,300.0,228.22014349891097,122.0,126.71133728321516,3.0,3.6660747533088127,13.0,7.64012983032063,7.0,11.817561077435668,23.0,23.250893003753294
1284,2016-08-29 15:00:00,Dongsi,station_target_delta_ridge,400.0,371.17963244052964,117.0,119.04144142376866,2.0,2.7550267385302054,13.0,14.241350852555032,16.0,13.872345535612984,16.0,16.270605350715062
1285,2016-08-29 16:00:00,Wanliu,station_target_delta_ridge,400.0,402.41406510883104,126.0,134.01612642933443,2.0,1.559763075394346,24.0,20.0701349533501,13.0,7.661624329378321,43.0,30.894463216057442
1286,2016-08-29 18:00:00,Guanyuan,station_target_delta_ridge,400.0,443.53522866661604,129.0,130.09845025442812,2.0,2.0751854242135437,51.0,49.45016254377407,24.0,21.449611944354388,40.0,40.35687592801867
1287,2016-08-29 19:00:00,Wanliu,station_target_delta_ridge,700.0,435.1595641169017,85.0,95.82930479979723,2.0,1.6257556144746865,63.0,54.74753393922838,19.0,22.678609435121707,72.0,42.879292485725756
1288,2016-08-29 21:00:00,Gucheng,station_target_delta_ridge,1000.0,880.6020758361999,27.0,45.05577252823721,3.0,4.35248508118204,126.0,94.20271397800737,46.0,45.316650309376556,187.0,141.83200629975605
1289,2016-08-29 22:00:00,Wanshouxigong,station_target_delta_ridge,800.0,818.4612022049545,15.0,48.14984394341998,2.0,2.3827636361821574,103.0,70.92725837999483,31.0,33.55658789269206,83.0,89.42526415567774
1290,2016-08-30 00:00:00,Gucheng,station_target_delta_ridge,700.0,686.7602667492599,65.0,35.990243308687,2.0,2.278765797352432,58.0,90.18876488562069,29.0,28.041304276176536,56.0,83.57070027785869
1291,2016-08-30 02:00:00,Changping,station_target_delta_ridge,200.0,280.5120824011129,80.0,77.05668634735588,2.0,3.1670700544156882,23.0,33.18238889819885,18.0,20.53944346233132,31.0,28.0325029760211
1292,2016-08-30 03:00:00,Wanliu,station_target_delta_ridge,600.0,526.2569564293455,4.0,8.705933533714633,2.0,0.5862309067532117,96.0,102.05362787930227,33.0,19.219067121843935,64.0,52.442064658382996
1293,2016-08-30 05:00:00,Tiantan,station_target_delta_ridge,800.0,704.6931169834908,2.0,4.614478705775972,3.0,1.400467589718327,88.0,67.52685603037335,45.0,30.573352897862996,96.0,73.14258074688566
1294,2016-08-30 07:00:00,Guanyuan,station_target_delta_ridge,500.0,613.4315073016982,36.0,30.218704711128836,2.0,2.1544472404425394,48.0,60.35771049534989,19.0,25.26754585837278,31.0,55.231769166508336
1295,2016-08-30 09:00:00,Changping,station_target_delta_ridge,300.0,391.6330770538316,76.0,73.27924038794757,2.0,2.9942812620176937,33.0,33.139429679101035,22.0,20.844213456084827,72.0,71.87151120323661
1296,2016-08-30 10:00:00,Wanliu,station_target_delta_ridge,600.0,620.3713421909983,93.0,76.35309603281627,4.0,4.881039851608637,46.0,69.89969303386553,24.0,24.885043088972402,48.0,57.11712529908389
1297,2016-08-30 12:00:00,Guanyuan,station_target_delta_ridge,500.0,584.2413095386632,168.0,173.85074634462816,4.0,3.1719574853838024,31.0,28.675278131544182,28.0,22.64730901937307,44.0,41.844177276971585
1298,2016-08-30 13:00:00,Wanshouxigong,station_target_delta_ridge,700.0,639.7610657770051,181.0,181.38121736648645,4.0,3.218845084282086,31.0,31.487708996600407,28.0,19.669886495787107,49.0,59.54191504368199
1299,2016-08-30 15:00:00,Gucheng,station_target_delta_ridge,700.0,705.4995379614575,206.0,201.15607696530313,4.0,4.46447081234856,29.0,29.632584173382043,33.0,38.008775483627126,89.0,79.97137272800383
1300,2016-08-30 16:00:00,Wanshouxigong,station_target_delta_ridge,700.0,718.945896232638,217.0,218.01631368678127,5.0,5.147729055930987,30.0,25.248410037662403,38.0,30.750673194347,93.0,82.88205760169267
1301,2016-08-30 18:00:00,Gucheng,station_target_delta_ridge,700.0,456.46027299958604,142.0,88.76328004240686,2.0,2.180389090871051,43.0,52.798396973791235,31.0,22.641410437718832,150.0,104.83380271316155
1302,2016-08-30 20:00:00,Aotizhongxin,station_target_delta_ridge,1000.0,840.4865086276159,168.0,162.38395336511599,2.0,2.7621536055912617,57.0,61.2488782856439,35.0,38.06220210769252,89.0,104.32280037921677
1303,2016-08-30 21:00:00,Huairou,station_target_delta_ridge,500.0,531.58028202865,84.0,75.24502581941186,2.0,2.5517841591624046,5.0,11.03482714470274,23.0,28.70916400991286,26.0,35.22142986043881
1304,2016-08-30 23:00:00,Changping,station_target_delta_ridge,200.0,317.6465694829862,76.0,55.6827438075708,2.0,1.843260057606899,36.0,36.29834778727872,25.0,15.049117937759942,25.0,15.075390777745959
1305,2016-08-31 00:00:00,Shunyi,station_target_delta_ridge,800.0,973.2807308856047,7.0,-5.98164880578199,2.0,2.3692594687639477,89.0,86.42646762322566,49.0,55.37470750715056,85.0,111.55586940730475
1306,2016-08-31 02:00:00,Dingling,station_target_delta_ridge,200.0,123.25606129430055,72.0,54.115270276136116,2.0,3.4086495219780417,8.0,12.399722884974196,10.0,1.2786340749760736,17.0,12.565066373544356
1307,2016-08-31 03:00:00,Shunyi,station_target_delta_ridge,300.0,178.82232593644432,60.0,34.964871583936684,2.0,4.810591174207672,10.0,15.661137760371593,28.0,30.36081759435263,28.0,48.532333110597214
1308,2016-08-31 05:00:00,Dongsi,station_target_delta_ridge,700.0,383.44485397988325,18.0,52.25210166960291,2.0,1.7629123524320462,74.0,42.120528305850215,26.0,23.3753777677425,26.0,21.994453451354623
1309,2016-08-31 06:00:00,Tiantan,station_target_delta_ridge,600.0,631.0240081637916,2.0,-0.9508611273774674,2.0,4.082270671708822,65.0,65.60624748130064,35.0,29.178631603917662,46.0,50.54488745399944
1310,2016-08-31 08:00:00,Dongsi,station_target_delta_ridge,700.0,661.1814805189802,24.0,20.12334275391839,6.0,7.80402393352864,58.0,67.05254425803102,23.0,14.979717031197803,23.0,40.451264300741336
1311,2016-08-31 09:00:00,Tiantan,station_target_delta_ridge,700.0,835.4097026104414,16.0,29.68774894463763,9.0,10.085305091271643,76.0,66.7811798701666,27.0,20.1461982983683,49.0,46.33627313687467
1312,2016-08-31 11:00:00,Gucheng,station_target_delta_ridge,400.0,491.2256667214937,67.0,76.63970242656171,2.0,2.8816458470188118,31.0,31.386542817554442,12.0,12.459057580352752,28.0,44.53728386176218
1313,2016-08-31 12:00:00,Wanshouxigong,station_target_delta_ridge,300.0,308.37479860508626,99.0,96.50600289989995,2.0,2.1077194499562952,17.0,24.68376944392189,11.0,7.331299934765628,17.0,21.35852070525629
1314,2016-08-31 14:00:00,Gucheng,station_target_delta_ridge,300.0,308.1243193018332,85.0,91.64068170344133,2.0,2.1363654202658693,15.0,12.908827180035171,14.0,12.489391259547924,32.0,40.93529220745722
1315,2016-08-31 16:00:00,Dingling,station_target_delta_ridge,100.0,75.96856691888942,72.0,78.2297170395635,2.0,0.8360578113492203,2.0,1.7237518239823078,3.0,1.469083824020669,20.0,22.36479223315398
1316,2016-08-31 17:00:00,Tiantan,station_target_delta_ridge,300.0,341.2743233046153,86.0,81.60335236542274,2.0,4.229147298098045,26.0,28.813977179055748,5.0,10.954956519281236,25.0,23.8976818226575
1317,2016-08-31 19:00:00,Dongsi,station_target_delta_ridge,300.0,191.72200441810725,71.0,74.40400727494932,2.0,2.5028227981152726,26.0,26.96991524436214,10.0,8.785214997680123,45.0,48.24360824119159
1318,2016-08-31 20:00:00,Wanliu,station_target_delta_ridge,300.0,273.4062625906498,56.0,61.91645889692805,2.0,2.400424441932587,37.0,38.77185748217847,9.0,10.831413154356357,30.0,38.727939040618416
1319,2016-08-31 22:00:00,Guanyuan,station_target_delta_ridge,200.0,84.44341824646602,53.0,50.52692165270684,2.0,1.888867016195638,34.0,32.32128097089002,8.0,5.739303363545236,38.0,15.210238006970364
1320,2016-08-31 23:00:00,Wanliu,station_target_delta_ridge,200.0,257.70812135881476,46.0,41.52902232411721,2.0,1.417586398627304,38.0,36.66553549132102,5.0,7.248155398726183,32.0,45.479683519497
1321,2016-09-01 01:00:00,Guanyuan,station_target_delta_ridge,700.0,293.8081060184196,15.0,20.14231154744202,2.0,2.1203462378442643,56.0,50.41639824837272,6.0,1.9449160394513667,20.0,13.259253424189398
1322,2016-09-01 03:00:00,Aotizhongxin,station_target_delta_ridge,200.0,272.72727272727275,21.0,26.272727272727273,4.0,3.272727272727273,54.0,39.36363636363637,3.0,10.0,14.0,20.636363636363637
1323,2016-09-01 04:00:00,Nongzhanguan,station_target_delta_ridge,300.0,290.06707281826044,28.0,29.389385379142283,5.0,5.477567361687628,46.0,47.706493415463505,7.0,6.615640708179688,25.0,26.360837216094136
1324,2016-09-01 06:00:00,Dongsi,station_target_delta_ridge,400.0,333.0790956475854,29.0,23.55197536419802,2.0,2.6578627959928305,38.0,44.565280881596706,3.0,5.7097353663118104,10.0,27.764623809458293
1325,2016-09-01 07:00:00,Wanliu,station_target_delta_ridge,300.0,221.3521639983249,44.0,43.50267982018171,2.0,2.8143870551215593,28.0,31.195934815095455,8.0,0.22838750838054933,52.0,33.86077952668374
1326,2016-09-01 09:00:00,Guanyuan,station_target_delta_ridge,300.0,350.6740469733637,41.0,37.09305558355865,2.0,2.939291108742452,38.0,37.59048685288298,8.0,7.927069034030148,40.0,46.296200375744164
1327,2016-09-01 11:00:00,Aotizhongxin,station_target_delta_ridge,200.0,201.45452656223245,90.0,97.74973722929056,2.0,1.609747484817503,6.0,1.8625248793521738,5.0,6.9055398019653165,37.0,48.79689743550161
1328,2016-09-01 12:00:00,Wanliu,station_target_delta_ridge,200.0,152.25117449129152,81.0,82.92028211750743,2.0,2.1371154398995635,15.0,14.238112518241673,4.0,3.037968389855653,21.0,26.359993766156396
1329,2016-09-01 14:00:00,Huairou,station_target_delta_ridge,300.0,299.96864139004373,58.0,62.20174210417661,2.0,3.306781996499285,4.0,4.489368640003533,10.0,8.193330446597734,15.0,34.03774643951972
1330,2016-09-01 16:00:00,Dongsi,station_target_delta_ridge,400.0,529.1627929326646,59.0,60.05365762427796,2.0,2.857226968445083,29.0,32.44476368950302,7.0,8.874047602709833,23.0,18.919287177915344
1331,2016-09-01 17:00:00,Wanshouxigong,station_target_delta_ridge,300.0,254.40776315101874,52.0,55.65757104395081,2.0,3.459755626376793,32.0,31.134791149521117,6.0,8.12859074025563,42.0,31.858078647660726
1332,2016-09-01 19:00:00,Nongzhanguan,station_target_delta_ridge,400.0,458.7441904076576,41.0,46.1213702404438,2.0,2.873914563200073,34.0,27.58257332995904,10.0,3.6345113416034214,23.0,31.752514417703182
1333,2016-09-01 21:00:00,Changping,station_target_delta_ridge,500.0,532.5719321519712,42.0,45.05596022597553,2.0,1.7008127428703617,14.0,13.667549296257757,5.0,3.7516485606881242,6.0,10.342959830477003
1334,2016-09-01 22:00:00,Nongzhanguan,station_target_delta_ridge,400.0,320.0246595698786,15.0,34.477511143598434,2.0,2.679367870041217,39.0,22.346444336491217,7.0,1.734748338030796,29.0,16.66466736771114
1335,2016-09-02 00:00:00,Dingling,station_target_delta_ridge,200.0,192.51914805643344,36.0,28.649236196364555,2.0,2.433251302760768,2.0,8.573618303764604,4.0,4.4722715296707545,27.0,29.976182928753314
1336,2016-09-02 01:00:00,Tiantan,station_target_delta_ridge,500.0,463.12437721130345,2.0,7.94856423776803,3.0,2.8277768482670878,52.0,47.860930619068064,24.0,12.14351418652506,51.0,43.20438041906874
1337,2016-09-02 03:00:00,Guanyuan,station_target_delta_ridge,400.0,388.36707970605073,2.0,-0.5974882128524714,2.0,-0.04019961296991292,55.0,69.95336383930236,17.0,26.896669163291023,39.0,53.782665557899705
1338,2016-09-02 05:00:00,Aotizhongxin,station_target_delta_ridge,400.0,429.44431029868434,2.0,-3.950192383293486,2.0,1.2375776869867456,36.0,37.615633447876185,14.0,13.511794619955054,28.0,22.539802560180753
1339,2016-09-02 06:00:00,Tiantan,station_target_delta_ridge,600.0,614.4755660334199,2.0,0.8581377052271342,2.0,2.9734676898650547,60.0,56.09728726513567,23.0,23.747483417556992,67.0,54.84992591317314
1340,2016-09-02 08:00:00,Guanyuan,station_target_delta_ridge,600.0,512.6296523681754,2.0,2.0083383967389334,2.0,1.616979894471256,46.0,41.26793293432427,19.0,16.818080892994285,72.0,56.363312527703414
1341,2016-09-02 10:00:00,Aotizhongxin,station_target_delta_ridge,500.0,467.3916482337641,19.0,15.474320070300132,2.0,1.2398340674618773,28.0,29.16388523413039,17.0,10.892010538917397,27.0,26.38326467075526
1342,2016-09-02 12:00:00,Aotizhongxin,station_target_delta_ridge,400.0,296.9493863743247,61.0,57.29198290552908,2.0,1.3958924265474324,10.0,10.609158678631086,16.0,13.958687862879383,16.0,5.601786807809935
1343,2016-09-02 13:00:00,Wanliu,station_target_delta_ridge,300.0,315.4858965045438,69.0,66.83120838367597,2.0,2.283736056244835,22.0,22.516973892548176,17.0,2.114825854168883,19.0,24.398607534611394
1344,2016-09-02 15:00:00,Nongzhanguan,station_target_delta_ridge,400.0,295.0047294270007,86.0,86.01573271494009,2.0,2.1921873570569237,10.0,9.555806567612969,3.0,-2.1857303686674303,20.0,8.451731713031968
1345,2016-09-02 17:00:00,Guanyuan,station_target_delta_ridge,300.0,294.9128534062581,71.0,67.68125377629863,2.0,0.91600088480932,23.0,23.17281343631894,15.0,10.136322170750965,29.0,44.078085663464336
1346,2016-09-02 19:00:00,Changping,station_target_delta_ridge,100.0,120.93684396437519,35.0,30.176651011282775,2.0,2.6812450296113117,14.0,16.416864776379747,6.0,6.402260034152313,6.0,14.364173808136073
1347,2016-09-02 20:00:00,Nongzhanguan,station_target_delta_ridge,400.0,343.6896061474485,19.0,19.66754904631552,2.0,2.4335089034168447,25.0,19.38136414858899,7.0,3.4210183068384197,38.0,32.833993549002045
1348,2016-09-02 22:00:00,Changping,station_target_delta_ridge,300.0,145.7460775257375,7.0,19.64841195393064,2.0,2.84269538936442,43.0,16.977967643073274,14.0,8.300370876651458,33.0,16.746169252367725
1349,2016-09-02 23:00:00,Shunyi,station_target_delta_ridge,300.0,358.7236048476159,2.0,0.8388426330322059,2.0,2.635277451191989,24.0,29.42857510244166,9.0,13.062578051051087,22.0,23.879117542420055
1350,2016-09-03 01:00:00,Dingling,station_target_delta_ridge,200.0,200.0077735061542,27.0,24.873116389295078,2.0,2.7982260040513394,8.0,9.966372932773545,3.0,1.8264084426813163,10.0,8.76332234605159
1351,2016-09-03 02:00:00,Wanliu,station_target_delta_ridge,400.0,596.0304677694261,2.0,3.002010139531244,2.0,2.756800231739709,43.0,43.35716909618425,13.0,13.774929098413063,23.0,30.654080039501338
1352,2016-09-03 04:00:00,Shunyi,station_target_delta_ridge,300.0,304.15883308014804,2.0,4.057897007364408,2.0,3.2255975475798166,19.0,23.86198135888964,9.0,15.512134683641627,12.0,22.828077088043244
1353,2016-09-03 06:00:00,Guanyuan,station_target_delta_ridge,600.0,522.1870791020656,2.0,2.1425244284839904,2.0,1.6071076572128338,45.0,39.82976163654902,21.0,18.79111318877404,53.0,36.63738551769436
1354,2016-09-03 07:00:00,Wanliu,station_target_delta_ridge,600.0,567.5777197995083,2.0,-3.6993675098355556,3.0,2.098682514043654,42.0,42.218281357813204,19.0,10.220588479062245,56.0,53.304857175503855
1355,2016-09-03 09:00:00,Gucheng,station_target_delta_ridge,400.0,398.66673695792207,19.0,21.839594710073744,2.0,2.4361563552331167,37.0,32.3486701077787,15.0,13.843069053985793,40.0,51.02504804617229
1356,2016-09-03 10:00:00,Wanshouxigong,station_target_delta_ridge,600.0,630.5941339293046,24.0,26.413828876033463,2.0,2.053830167875112,49.0,48.23553873402963,19.0,18.174457854052328,31.0,29.135923734954936
1357,2016-09-03 12:00:00,Gucheng,station_target_delta_ridge,500.0,375.97417448162395,75.0,68.6864964607503,2.0,2.3305020300281667,38.0,36.30694839379142,18.0,15.138017450677944,62.0,42.215943528025996
1358,2016-09-03 13:00:00,Wanshouxigong,station_target_delta_ridge,500.0,562.7177198899183,94.0,96.24620048207794,2.0,2.6022401973075784,42.0,40.964849411949864,23.0,19.043277856121673,58.0,44.410651860876186
1359,2016-09-03 15:00:00,Huairou,station_target_delta_ridge,300.0,308.72347464087215,82.0,80.50959079749008,2.0,2.4730198448877116,3.0,3.44128933007001,13.0,9.54672055604722,13.0,21.163934808046278
1360,2016-09-03 17:00:00,Aotizhongxin,station_target_delta_ridge,300.0,274.48035022593734,207.0,178.40217465313316,3.0,1.582324381158364,25.0,29.266245738986164,31.0,25.660146853495714,57.0,42.80385037023491
1361,2016-09-03 18:00:00,Huairou,station_target_delta_ridge,400.0,410.13055226932573,136.0,135.76862025855922,2.0,1.9218597621818265,19.0,18.42255852017054,18.0,23.97341189653688,39.0,48.640969966670724
1362,2016-09-03 20:00:00,Changping,station_target_delta_ridge,300.0,341.68836450819913,129.0,131.26628042603437,2.0,2.321611798021239,41.0,37.02503379040771,37.0,24.66852492138289,73.0,56.5742979063254
1363,2016-09-03 21:00:00,Nongzhanguan,station_target_delta_ridge,700.0,651.3091967532702,127.0,128.99687297329507,4.0,4.915290440364916,43.0,42.71663991689343,37.0,24.463710743943512,64.0,64.64383662681021
1364,2016-09-03 23:00:00,Changping,station_target_delta_ridge,400.0,415.9383829875784,78.0,67.30217006237402,2.0,2.8949296682018693,41.0,44.37912549413669,34.0,36.98752068473676,70.0,71.14192930968267
1365,2016-09-04 00:00:00,Shunyi,station_target_delta_ridge,700.0,696.8511667575026,25.0,15.59342833779895,2.0,2.3578951511000374,57.0,71.92451835763134,62.0,64.22088261726589,108.0,116.19010282155375
1366,2016-09-04 02:00:00,Dongsi,station_target_delta_ridge,900.0,797.3585521906043,13.0,43.80485204306704,5.0,5.532239710122594,109.0,87.60576924804951,62.0,62.053418580973286,106.0,93.54106849855067
1367,2016-09-04 03:00:00,Wanshouxigong,station_target_delta_ridge,900.0,994.8628409205664,19.0,23.805640928505113,2.0,1.576409416015022,94.0,90.7043052528925,63.0,63.369857124339745,107.0,103.23818434819722
1368,2016-09-04 05:00:00,Huairou,station_target_delta_ridge,1100.0,948.6579479464663,59.0,44.75205858468847,2.0,2.289346436428407,14.0,12.684759659674883,91.0,67.58040356746844,91.0,77.61513909568649
1369,2016-09-04 07:00:00,Dingling,station_target_delta_ridge,1000.0,1036.1912353813382,41.0,54.947458188528174,2.0,2.6430820687838477,18.0,17.11491785316983,88.0,86.80365715733032,88.0,92.16389335884543
1370,2016-09-04 08:00:00,Shunyi,station_target_delta_ridge,2400.0,2194.0217953912597,15.0,14.851102312528575,2.0,1.6457196724686647,42.0,35.84171106093356,130.0,126.28983594904616,130.0,129.53705409892373
1371,2016-09-04 10:00:00,Dongsi,station_target_delta_ridge,1800.0,1654.6545900160725,61.0,50.92200187801627,14.0,12.192658941053143,53.0,51.731422669328815,134.0,138.64837243804905,134.0,136.49630601944975
1372,2016-09-04 12:00:00,Aotizhongxin,station_target_delta_ridge,1900.0,1701.9430944213152,106.0,109.08220510996001,8.0,6.106405551114526,54.0,50.030186415447346,146.0,133.24090602492805,146.0,131.17413407217316
1373,2016-09-04 13:00:00,Nongzhanguan,station_target_delta_ridge,900.0,1023.1048161887353,209.0,207.97793239436749,13.0,13.25306753675779,19.0,20.704747767031364,82.0,85.70942439439597,82.0,79.7126911515926
1374,2016-09-04 15:00:00,Dongsi,station_target_delta_ridge,700.0,696.3765702520536,187.0,192.8698291367873,7.0,8.962009698504088,17.0,17.977907886820795,63.0,59.26190506080519,63.0,64.48919677260943
1375,2016-09-04 17:00:00,Aotizhongxin,station_target_delta_ridge,400.0,570.4061220476564,169.0,176.22419637766217,4.0,3.2674361775428307,17.0,23.334066881316403,35.0,46.492465905325965,35.0,57.94229287511884
1376,2016-09-04 18:00:00,Nongzhanguan,station_target_delta_ridge,600.0,642.5970079935852,172.0,173.42054009068008,5.0,5.980825369294996,18.0,22.319218598284024,28.0,31.549571998161458,32.0,47.76626288374837
1377,2016-09-04 20:00:00,Dingling,station_target_delta_ridge,1200.0,1263.3314888338255,129.0,132.1460516070325,2.0,0.9172696848923312,18.0,20.129367050347348,126.0,113.29225406653283,126.0,121.02640274628781
1378,2016-09-04 21:00:00,Shunyi,station_target_delta_ridge,1000.0,982.2776008785843,85.0,99.43505449610817,2.0,2.1247380064929846,54.0,46.664771132804205,77.0,64.75905883068079,130.0,134.38074483996942
1379,2016-09-04 23:00:00,Dongsi,station_target_delta_ridge,1000.0,1054.7033313703819,74.0,85.76423105295027,2.0,3.620792384462989,52.0,47.67848934676093,84.0,81.98236154923563,84.0,115.64733360644078
1380,2016-09-05 00:00:00,Tiantan,station_target_delta_ridge,700.0,818.4102595575118,84.0,62.90094715033296,2.0,3.6203622614858966,42.0,51.62037047490773,38.0,31.784721200335667,38.0,66.19875696469082
1381,2016-09-05 02:00:00,Guanyuan,station_target_delta_ridge,400.0,855.5778828352645,66.0,62.59887152924341,2.0,2.1982324920387954,35.0,42.96797715177861,38.0,34.3942542181075,38.0,32.58745892965151
1382,2016-09-05 04:00:00,Changping,station_target_delta_ridge,500.0,592.9850327920647,5.0,4.451081559684016,2.0,1.9060928053145272,80.0,66.04265895806445,42.0,35.31567951426612,46.0,32.17141325608845
1383,2016-09-05 05:00:00,Tiantan,station_target_delta_ridge,600.0,578.7342044076593,56.0,57.20011396963872,2.0,1.858558269406854,46.0,38.650776737110526,23.0,25.577128627689365,28.0,36.393542493116215
1384,2016-09-05 07:00:00,Dongsi,station_target_delta_ridge,700.0,609.4569827133257,28.0,35.2957012264789,2.0,2.808763647023543,55.0,52.01136227191286,39.0,42.84077877627023,45.0,44.815279782171054
1385,2016-09-05 08:00:00,Tiantan,station_target_delta_ridge,800.0,793.3959561750826,43.0,43.24909557357051,2.0,3.465383831420959,50.0,52.67020653114846,42.0,36.960578748486576,43.0,44.88843807670717
1386,2016-09-05 10:00:00,Guanyuan,station_target_delta_ridge,800.0,733.5419403512274,72.0,70.76670858908048,2.0,1.1297145771237636,43.0,42.792218426309525,42.0,39.54015207768945,50.0,54.98909768928094
1387,2016-09-05 12:00:00,Dingling,station_target_delta_ridge,400.0,786.9180525950663,70.0,68.70636917963506,6.0,15.331730611728723,10.0,19.10875496184598,13.0,24.61342305786328,13.0,29.79105893618285
1388,2016-09-05 14:00:00,Dingling,station_target_delta_ridge,300.0,319.042727953784,90.0,88.25772245215236,4.0,4.128214669904763,6.0,8.138594124870139,14.0,19.765771052883192,14.0,12.735134825174645
1389,2016-09-05 16:00:00,Changping,station_target_delta_ridge,400.0,242.18045377361574,91.0,85.74329838680093,2.0,2.3946769286552287,16.0,18.14816441767669,12.0,10.011292815025154,12.0,3.8226726128483897
1390,2016-09-05 17:00:00,Tiantan,station_target_delta_ridge,300.0,330.9284463594654,95.0,100.14953580457123,2.0,1.9800025394890324,25.0,22.215937429322903,11.0,10.595233289481536,28.0,26.33835503895878
1391,2016-09-05 19:00:00,Gucheng,station_target_delta_ridge,700.0,500.0,105.0,90.4,2.0,2.0,45.0,33.9,38.0,19.2,79.0,55.9
1392,2016-09-05 21:00:00,Dingling,station_target_delta_ridge,300.0,299.34530145928153,44.0,54.019521939762164,2.0,1.7802398175399454,8.0,5.663806251047661,11.0,7.765822909237053,18.0,20.051427698342867
1393,2016-09-05 22:00:00,Wanliu,station_target_delta_ridge,800.0,827.4746582473632,64.0,67.93548964715882,2.0,0.4891934226606167,71.0,62.74200217775796,42.0,41.46709907289946,101.0,95.36841908799616
1394,2016-09-06 00:00:00,Gucheng,station_target_delta_ridge,500.0,640.8687049886089,40.0,17.17570265115169,2.0,2.3223650842657038,40.0,65.92564217698667,27.0,35.76064497832923,27.0,65.19484593667705
1395,2016-09-06 02:00:00,Changping,station_target_delta_ridge,300.0,1229.8792983151457,23.0,28.377832726722012,22.0,2.8274451714682227,18.0,27.98923977115211,15.0,8.02707429313275,15.0,14.396664635808285
1396,2016-09-06 03:00:00,Wanliu,station_target_delta_ridge,600.0,626.7395909095303,2.0,-1.2819648279729607,2.0,1.6588139280752334,44.0,46.68949575095481,26.0,18.103511248811564,64.0,66.57291631793255
1397,2016-09-06 05:00:00,Gucheng,station_target_delta_ridge,600.0,618.793487464446,2.0,14.234502931190733,2.0,2.41104593703944,63.0,50.21947742812994,23.0,19.93406076538242,54.0,41.66976568816894
1398,2016-09-06 07:00:00,Changping,station_target_delta_ridge,700.0,587.8087655635611,14.0,9.94470298942294,3.0,2.3162667046161465,48.0,50.247539589033785,12.0,12.719342546340965,34.0,31.15767210975503
1399,2016-09-06 08:00:00,Wanliu,station_target_delta_ridge,900.0,589.7653895180745,3.0,4.693944881979555,3.0,2.9527588905085933,39.0,31.36267491356971,31.0,18.937504001808318,96.0,63.25771179005776
1400,2016-09-06 10:00:00,Huairou,station_target_delta_ridge,300.0,301.1990555211618,25.0,16.276443880303223,2.0,3.08958572253625,10.0,14.119690420043888,12.0,14.780398440580319,25.0,39.06634736668542
1401,2016-09-06 12:00:00,Dingling,station_target_delta_ridge,300.0,309.6189068607725,53.0,60.238095831087705,8.0,9.797459608446315,18.0,16.59881824843546,13.0,8.442395199846752,28.0,33.119060247594184
1402,2016-09-06 14:00:00,Aotizhongxin,station_target_delta_ridge,400.0,336.4958913367871,68.0,60.74280040302383,2.0,3.2869137836580142,23.0,27.568322656166618,35.0,10.355596710096133,35.0,14.32898152887979
1403,2016-09-06 15:00:00,Wanliu,station_target_delta_ridge,300.0,346.1118120178088,85.0,74.46017960440838,3.0,3.244023614899073,10.0,13.019725662542914,3.0,-3.966891039893909,12.0,9.412897756535575
1404,2016-09-06 17:00:00,Huairou,station_target_delta_ridge,400.0,340.0,87.0,74.1,4.0,2.4,13.0,26.4,14.0,9.7,34.0,30.0
1405,2016-09-07 10:00:00,Dingling,station_target_delta_ridge,500.0,370.40057442736577,58.0,44.333451395915695,4.0,2.2027217663789718,31.0,26.67334333847926,40.0,35.92594049348169,89.0,84.19395016875166
1406,2016-09-07 12:00:00,Aotizhongxin,station_target_delta_ridge,700.0,727.1882698241172,87.0,73.70140761155156,6.0,5.267592199510127,47.0,52.36477772262857,60.0,55.62770789175768,60.0,99.77567336826198
1407,2016-09-07 13:00:00,Tiantan,station_target_delta_ridge,700.0,754.4113994957302,135.0,127.16245158002013,13.0,12.849840751591906,34.0,43.26907936601066,43.0,59.93378772523993,51.0,77.23979676178104
1408,2016-09-07 15:00:00,Huairou,station_target_delta_ridge,700.0,695.2306208980825,168.0,144.4475623754835,2.0,4.341385043942414,6.0,7.151206053724428,37.0,41.32502948299112,61.0,84.52408853050557
1409,2016-09-07 19:00:00,Dongsi,station_target_delta_ridge,700.0,540.0,135.0,118.2,5.0,3.2,29.0,26.9,38.0,32.0,128.0,115.0
1410,2016-09-07 20:00:00,Wanshouxigong,station_target_delta_ridge,600.0,536.1998535775743,79.0,65.12373067849482,2.0,-1.7349212444031155,34.0,30.04057501899297,26.0,40.62632004530148,38.0,-19.22904656437325
1411,2016-09-07 22:00:00,Huairou,station_target_delta_ridge,500.0,508.9273542163342,60.0,65.24844675492199,2.0,2.0453535944262824,2.0,6.205940571882907,33.0,29.58132924130815,43.0,50.01281465225597
1412,2016-09-08 00:00:00,Dongsi,station_target_delta_ridge,900.0,721.3033371234309,15.0,23.0285356269551,2.0,1.7047517338007157,65.0,58.15585010378325,22.0,28.54889586211042,26.0,31.05788191296538
1413,2016-09-08 01:00:00,Wanshouxigong,station_target_delta_ridge,700.0,674.043999036518,2.0,2.8633089791559616,2.0,1.9428590808626849,59.0,62.46073722401291,17.0,21.293508666286353,17.0,15.655460201046255
1414,2016-09-08 03:00:00,Huairou,station_target_delta_ridge,400.0,421.48291184112975,12.0,22.56351176709385,2.0,1.867297072813228,2.0,3.949182470541552,23.0,22.13254009711174,25.0,29.07663283624936
1415,2016-09-08 05:00:00,Dingling,station_target_delta_ridge,300.0,312.6222136147873,59.0,46.86721020344168,2.0,2.798080349735501,9.0,14.906498255026339,8.0,6.554817583728324,16.0,6.602388424803008
1416,2016-09-08 06:00:00,Wanshouxigong,station_target_delta_ridge,1000.0,853.7853145098081,2.0,3.269617241957588,2.0,1.1436129927476997,44.0,42.3436446038081,24.0,25.237005806207716,38.0,31.161294545612442
1417,2016-09-08 08:00:00,Huairou,station_target_delta_ridge,500.0,509.76429275051714,4.0,9.295501047186283,2.0,3.004721185602491,15.0,11.90297117425962,22.0,21.708361326816494,38.0,55.265162548917225
1418,2016-09-08 10:00:00,Dingling,station_target_delta_ridge,600.0,479.76266660284404,68.0,80.02591826240159,9.0,6.744503891999716,16.0,15.119849331932869,9.0,7.576764396725662,38.0,16.402950616713763
1419,2016-09-08 12:00:00,Dongsi,station_target_delta_ridge,700.0,762.514850151265,77.0,69.31097669183877,2.0,2.5099347589094125,39.0,39.2180700126502,19.0,22.12734733330899,19.0,26.930495875211374
1420,2016-09-08 15:00:00,Aotizhongxin,station_target_delta_ridge,200.0,250.37329621245726,98.0,96.51170019414651,2.0,1.573039034366551,12.0,11.294569550788719,6.0,13.465088950113167,6.0,18.859400532113376
1421,2016-09-08 17:00:00,Changping,station_target_delta_ridge,600.0,519.9634982369828,81.0,95.00584964495276,5.0,6.624748269717477,31.0,28.09149918367664,7.0,7.9384678409700875,26.0,37.51762870240674
1422,2016-09-08 19:00:00,Changping,station_target_delta_ridge,700.0,606.0138459456787,34.0,67.43274056947098,3.0,4.742411208529726,67.0,36.430969275308655,16.0,14.084805843635674,47.0,50.08908617017385
1423,2016-09-08 20:00:00,Tiantan,station_target_delta_ridge,500.0,457.84669856328,63.0,80.42769013848982,2.0,1.5763870587427353,41.0,36.33403182858788,13.0,17.08778996366849,52.0,50.76171177714187
1424,2016-09-08 22:00:00,Guanyuan,station_target_delta_ridge,600.0,670.3011398206891,70.0,59.29150128926273,4.0,3.554762148139062,67.0,74.29266993185587,38.0,34.62615359349771,38.0,43.36413304068685
1425,2016-09-09 00:00:00,Aotizhongxin,station_target_delta_ridge,700.0,661.9358755914861,28.0,27.5164934536272,2.0,1.8395143961622733,98.0,89.16020512559102,33.0,34.05978182842031,68.0,57.93674934260176
1426,2016-09-09 01:00:00,Tiantan,station_target_delta_ridge,500.0,658.5668379436427,20.0,14.9146734671037,2.0,2.1985982866087315,55.0,58.134480959024415,30.0,27.44417086695409,58.0,53.54318505910208
1427,2016-09-09 03:00:00,Gucheng,station_target_delta_ridge,500.0,696.5214418502965,2.0,8.929036628601498,2.0,3.3134668421071924,72.0,60.92699521977094,27.0,26.10533035386345,52.0,64.88221389971359
1428,2016-09-09 05:00:00,Dongsi,station_target_delta_ridge,500.0,434.82853302895273,17.0,12.11780864283045,2.0,1.420294211404865,55.0,51.45586995404076,19.0,18.295844655446267,19.0,6.245593383144492
1429,2016-09-09 07:00:00,Changping,station_target_delta_ridge,800.0,634.9933891780744,21.0,30.3335484143237,12.0,4.428129749424568,48.0,37.28563631493702,15.0,15.057237326906192,47.0,34.41402542379463
1430,2016-09-09 08:00:00,Tiantan,station_target_delta_ridge,700.0,654.9967501273894,9.0,11.441094094699501,3.0,3.1239948297689466,62.0,51.67750854601199,25.0,22.38123317141748,61.0,49.83319572447505
1431,2016-09-09 10:00:00,Gucheng,station_target_delta_ridge,500.0,631.5565784002031,30.0,29.18526887708263,7.0,5.654824124329108,36.0,49.139260914937786,17.0,16.07461010390468,39.0,60.397203294619466
1432,2016-09-09 12:00:00,Dongsi,station_target_delta_ridge,400.0,543.5443332712211,65.0,61.05390339547326,3.0,4.646003181070806,14.0,16.68014457959928,9.0,17.151175020745228,9.0,13.69272919192783
1433,2016-09-09 14:00:00,Nongzhanguan,station_target_delta_ridge,400.0,339.4272697138092,86.0,86.36651362938323,4.0,4.078255877552475,14.0,13.767836042315908,9.0,-4.141121893320433,14.0,15.417942029377315
1434,2016-09-09 16:00:00,Dongsi,station_target_delta_ridge,400.0,359.5926238353791,91.0,91.55596994241691,2.0,2.265402899721298,12.0,12.326720342373665,12.0,17.258624104463486,17.0,16.75942140137088
1435,2016-09-09 17:00:00,Wanshouxigong,station_target_delta_ridge,300.0,348.26221893703723,87.0,85.81786722943389,3.0,3.5192392398952403,14.0,16.538267240377856,11.0,3.955688582848486,15.0,24.34807499220747
1436,2016-09-09 19:00:00,Nongzhanguan,station_target_delta_ridge,500.0,511.14995192549003,59.0,47.885635335803805,4.0,3.8207049205105483,47.0,46.60484282193785,12.0,12.580776113392144,18.0,40.75141871420649
1437,2016-09-09 21:00:00,Guanyuan,station_target_delta_ridge,600.0,572.6056865660493,2.0,16.272683258836246,2.0,2.943841871576899,77.0,73.89232192572683,27.0,22.783374222242173,35.0,53.359059984716815
1438,2016-09-09 23:00:00,Aotizhongxin,station_target_delta_ridge,700.0,672.6936774556691,2.0,-7.004701910196967,3.0,2.749854652494349,82.0,100.52286274497547,27.0,25.725596427068698,81.0,68.88558614948765
1439,2016-09-10 00:00:00,Tiantan,station_target_delta_ridge,800.0,714.3636618167884,2.0,6.025454527863884,2.0,2.4740553344003318,70.0,61.16870799337183,29.0,24.685149897919835,53.0,58.21506650639754
1440,2016-09-10 02:00:00,Guanyuan,station_target_delta_ridge,600.0,665.637826340397,2.0,2.6539604756168518,2.0,3.793662630313345,71.0,57.84531224846853,17.0,16.10210546395275,41.0,40.46992780400637
1441,2016-09-10 04:00:00,Aotizhongxin,station_target_delta_ridge,200.0,287.89482932309403,2.0,-1.301006931292826,2.0,1.557128496589385,55.0,52.443080909927545,12.0,13.617275261352368,24.0,28.760786799347976
1442,2016-09-10 05:00:00,Nongzhanguan,station_target_delta_ridge,400.0,584.232686594601,2.0,8.509606319035328,2.0,2.165084512744257,54.0,54.83092766599482,11.0,10.706996329119754,21.0,27.623559171490648
1443,2016-09-10 07:00:00,Guanyuan,station_target_delta_ridge,700.0,439.1195713668217,2.0,2.262041778448963,2.0,2.5909726634027663,59.0,56.760428474390665,19.0,14.443356070077677,79.0,55.425560939558494
1444,2016-09-10 09:00:00,Aotizhongxin,station_target_delta_ridge,300.0,383.41854584552954,20.0,11.884056662098985,2.0,2.7270955845680485,39.0,43.199684791335855,9.0,8.407208340360803,35.0,36.4130787393824
1445,2016-09-10 10:00:00,Nongzhanguan,station_target_delta_ridge,400.0,479.8404588806182,35.0,33.31036747217536,4.0,4.240034250811739,39.0,41.05660074850262,16.0,8.292635625614334,25.0,38.10441007916415
1446,2016-09-10 12:00:00,Gucheng,station_target_delta_ridge,400.0,533.5720951911738,60.0,58.700464970380565,3.0,9.22561492232471,23.0,31.14557917808224,10.0,17.393320998835005,21.0,51.69161553229367
1447,2016-09-10 14:00:00,Dingling,station_target_delta_ridge,500.0,392.63125169688817,81.0,77.3689067074242,7.0,8.711137207027914,18.0,15.820045159707657,14.0,9.75359605295278,41.0,18.891438171368634
1448,2016-09-10 15:00:00,Wanshouxigong,station_target_delta_ridge,400.0,221.65373212879786,110.0,99.28693209328709,2.0,1.8399138295048931,25.0,20.465029433307144,11.0,-3.1283181479305107,19.0,6.494384327353792
1449,2016-09-10 17:00:00,Nongzhanguan,station_target_delta_ridge,400.0,478.2159814167948,132.0,129.87704571378285,3.0,2.910993729935348,31.0,27.07667463065693,17.0,10.74159494787521,48.0,40.06120860699551
1450,2016-09-10 19:00:00,Dongsi,station_target_delta_ridge,500.0,504.592356737122,123.0,125.3080625967526,2.0,2.6552177713832874,35.0,35.93326691507456,26.0,24.998909724790412,51.0,54.727489901235614
1451,2016-09-10 20:00:00,Wanshouxigong,station_target_delta_ridge,600.0,566.6608871392838,68.0,81.78428647118751,2.0,1.7346227373027907,64.0,56.883459018373074,32.0,21.078345496040797,96.0,65.88175777263739
1452,2016-09-10 22:00:00,Huairou,station_target_delta_ridge,600.0,820.4817291606344,2.0,6.440693615295912,2.0,1.5096225897061715,61.0,57.37455661585393,37.0,42.36672029631877,90.0,93.6913979593759
1453,2016-09-11 00:00:00,Dongsi,station_target_delta_ridge,1200.0,953.4402647687285,36.0,16.262181934699136,5.0,4.649378404991317,91.0,119.55016607900995,62.0,54.47904936695958,160.0,114.84133048172228
1454,2016-09-11 01:00:00,Wanshouxigong,station_target_delta_ridge,1300.0,1409.3437735795028,75.0,44.25930771496456,3.0,3.6378251197383564,41.0,77.85226462235836,105.0,89.35093608873484,226.0,128.33202274574083
1455,2016-09-11 03:00:00,Nongzhanguan,station_target_delta_ridge,700.0,206.03501333011764,96.0,163.92089743129867,3.0,0.38271086606723337,15.0,-45.954321056372265,68.0,72.04386600186248,68.0,41.893960108012266
1456,2016-09-11 05:00:00,Nongzhanguan,station_target_delta_ridge,500.0,631.2584889937588,73.0,72.56741440364661,2.0,1.5380221535929062,21.0,14.799990313099263,20.0,7.364312161154711,20.0,6.933030707577222
1457,2016-09-11 07:00:00,Dongsi,station_target_delta_ridge,800.0,745.4632781564355,65.0,64.9543531645252,2.0,2.3129280641406114,25.0,29.520874378521228,28.0,31.889183461668573,28.0,31.65089524799975
1458,2016-09-11 08:00:00,Wanshouxigong,station_target_delta_ridge,800.0,845.3440087669417,74.0,71.0357932025008,2.0,1.1100222373371151,26.0,29.887105100576658,29.0,23.983446032319257,29.0,22.533812420881315
1459,2016-09-11 10:00:00,Nongzhanguan,station_target_delta_ridge,800.0,905.8909338519089,88.0,83.458129032524,2.0,1.8453384143133311,25.0,29.188224501170325,23.0,23.326883588764392,23.0,31.041557466651703
1460,2016-09-11 12:00:00,Dongsi,station_target_delta_ridge,700.0,773.6003698539504,120.0,108.80775208182611,2.0,2.162242974916121,24.0,23.478303398761387,20.0,16.367422983364584,20.0,18.33088362318485
1461,2016-09-11 14:00:00,Changping,station_target_delta_ridge,500.0,530.8779375816499,141.0,128.24822213730988,2.0,1.4311620500024194,14.0,15.15145071330922,11.0,14.43084120301728,11.0,10.954321442630448
1462,2016-09-11 15:00:00,Wanliu,station_target_delta_ridge,600.0,624.6727893335234,137.0,139.40096392915902,2.0,0.9727524945151147,21.0,20.972328396570497,22.0,25.565467147407634,22.0,19.68186407908194
1463,2016-09-11 17:00:00,Huairou,station_target_delta_ridge,700.0,641.5010195948316,86.0,90.79035569672834,2.0,2.395576866012072,9.0,13.983713539501736,16.0,24.285731738527733,34.0,56.95973630257926
1464,2016-09-11 19:00:00,Dingling,station_target_delta_ridge,600.0,640.8009554644299,71.0,88.59452664543656,2.0,2.206552098648666,14.0,14.26238946873852,17.0,20.310787445815578,25.0,21.52485253855568
1465,2016-09-11 20:00:00,Wanliu,station_target_delta_ridge,1100.0,1356.2979696276052,29.0,25.88842332314722,2.0,1.379124028844997,73.0,78.0085537055763,36.0,37.059932109924745,37.0,35.76491353430784
1466,2016-09-11 22:00:00,Huairou,station_target_delta_ridge,600.0,704.4274940069524,41.0,27.254291677412944,2.0,2.030234814826681,5.0,9.379059240599094,17.0,17.664260968321464,21.0,32.257344059795784
1467,2016-09-12 00:00:00,Dingling,station_target_delta_ridge,600.0,589.9210391345737,30.0,23.42285160325728,2.0,2.698194465107103,8.0,15.828635070043848,23.0,22.87626188261215,23.0,19.522631554101054
1468,2016-09-12 01:00:00,Wanliu,station_target_delta_ridge,700.0,833.489809826665,19.0,34.19922870740841,2.0,0.6500081361261798,49.0,36.286016460796645,23.0,28.30150303446121,24.0,27.257977761267515
1469,2016-09-12 03:00:00,Huairou,station_target_delta_ridge,600.0,617.7900408194294,10.0,12.888335567740313,2.0,1.8080250165933622,7.0,3.712577607655733,19.0,17.94046930758603,19.0,26.20181857493544
1470,2016-09-12 05:00:00,Dingling,station_target_delta_ridge,600.0,625.9480182919076,2.0,-2.278813334804542,2.0,2.943533440504468,3.0,14.721762215270884,25.0,25.200244426353905,25.0,25.993897009040538
1471,2016-09-12 06:00:00,Wanliu,station_target_delta_ridge,800.0,905.7094628489584,2.0,12.616924433294846,2.0,1.5894558963447092,52.0,42.05347766313872,40.0,36.38163570543471,43.0,32.78665980833198
1472,2016-09-12 08:00:00,Gucheng,station_target_delta_ridge,1000.0,1034.8361301850814,9.0,13.887463681666311,2.0,2.2214877688546273,50.0,38.99158131326865,51.0,43.6995215026299,71.0,50.98443608879033
1473,2016-09-12 10:00:00,Gucheng,station_target_delta_ridge,800.0,829.1788263090792,46.0,35.087911794729436,2.0,1.9810585368743752,30.0,41.078888982317224,49.0,48.45903642157781,49.0,58.45729697541255
1474,2016-09-12 12:00:00,Huairou,station_target_delta_ridge,600.0,702.7567413669362,78.0,63.634784710133594,2.0,2.8367700943393297,5.0,8.432224511827407,16.0,26.909825804680185,16.0,40.829892177700394
1475,2016-09-12 14:00:00,Wanliu,station_target_delta_ridge,400.0,396.98097474846156,112.0,112.20343077012416,2.0,0.4424242763836139,15.0,18.722032385046063,17.0,23.26034663226572,17.0,22.440466737563657
1476,2016-09-12 17:00:00,Huairou,station_target_delta_ridge,500.0,512.331791510471,140.0,128.80310865704212,2.0,2.115807582459901,16.0,9.986495683815493,21.0,19.039069472784774,38.0,53.60053390541982
1477,2016-09-12 19:00:00,Tiantan,station_target_delta_ridge,700.0,827.8383617056958,141.0,139.81858675677472,2.0,0.5140561422179062,25.0,31.03732069175328,35.0,35.15152457835576,43.0,55.0095240550196
1478,2016-09-12 21:00:00,Tiantan,station_target_delta_ridge,800.0,921.1862745832043,65.0,61.38037078490268,2.0,0.9609388178479497,54.0,53.73800765861964,37.0,47.713128836506684,66.0,62.84162814051747
1479,2016-09-12 23:00:00,Nongzhanguan,station_target_delta_ridge,900.0,1050.4550054920878,56.0,55.198937539232844,2.0,2.1454035016071216,70.0,80.91238860536988,58.0,63.333051650871404,89.0,85.41930779149334
1480,2016-09-13 01:00:00,Gucheng,station_target_delta_ridge,1100.0,1089.4332009819661,2.0,13.711662915217012,2.0,2.0357692945980883,95.0,99.24399771203397,71.0,66.0574227305551,158.0,154.01195864312314
1481,2016-09-13 03:00:00,Guanyuan,station_target_delta_ridge,1000.0,879.3981164564788,12.0,7.20131566843007,2.0,3.058154008270609,89.0,92.58142045427697,74.0,71.09010259332925,74.0,117.21063245878238
1482,2016-09-13 05:00:00,Guanyuan,station_target_delta_ridge,800.0,743.0910659442943,2.0,1.191959847521451,2.0,2.8346892548149536,84.0,79.11069458653107,74.0,73.3024935609503,88.0,72.78226684603924
1483,2016-09-13 07:00:00,Guanyuan,station_target_delta_ridge,900.0,877.8702041619708,2.0,1.3793889111278002,2.0,2.8111410004086563,69.0,67.88052868363896,71.0,72.54410663110346,85.0,91.5289998013096
1484,2016-09-13 09:00:00,Dingling,station_target_delta_ridge,100.0,181.7061819643339,2.0,12.944674587929498,2.0,3.7901541045780527,32.0,17.931998579031795,63.0,51.36421090198777,63.0,50.01713575463057
1485,2016-09-13 10:00:00,Wanliu,station_target_delta_ridge,1100.0,1028.4024790475655,22.0,37.373751527107544,2.0,3.3027037018411614,57.0,49.64627056269783,98.0,99.86229581130021,98.0,104.04346838996055
1486,2016-09-13 13:00:00,Aotizhongxin,station_target_delta_ridge,1200.0,1053.7594081381694,89.0,97.92687878882215,2.0,1.494421333350266,55.0,43.68859228633138,136.0,130.29728399880142,136.0,141.58964717490858
1487,2016-09-13 15:00:00,Guanyuan,station_target_delta_ridge,1000.0,957.1428571428571,159.0,151.14285714285714,7.0,2.857142857142857,28.0,32.57142857142857,79.0,108.0,79.0,114.14285714285714
1488,2016-09-13 17:00:00,Tiantan,station_target_delta_ridge,1000.0,888.1021726304825,178.0,177.85714580386113,3.0,3.347722758696553,22.0,19.135556020124596,75.0,69.45248780314063,75.0,77.11505421209918
1489,2016-09-13 19:00:00,Gucheng,station_target_delta_ridge,1100.0,1136.9125998209945,109.0,103.93623234456508,2.0,2.1933688075481315,48.0,46.82484982398205,94.0,90.18368560889772,140.0,147.4693908948765
1490,2016-09-13 21:00:00,Dingling,station_target_delta_ridge,300.0,461.10707851967555,62.0,63.508923458732795,2.0,1.7045042501210825,14.0,19.873603322331505,129.0,120.28451039756484,129.0,119.79268626285051
1491,2016-09-13 22:00:00,Wanliu,station_target_delta_ridge,1200.0,1288.9123131223103,43.0,22.326449002773217,2.0,1.8460462708199845,88.0,105.66473264911286,79.0,73.76278929682987,105.0,99.61778089926042
1492,2016-09-14 00:00:00,Gucheng,station_target_delta_ridge,1200.0,1286.4784471971147,3.0,17.66368653826598,2.0,1.9281882059996351,102.0,87.14333649391195,102.0,104.4757495392825,194.0,174.7675680240111
1493,2016-09-14 02:00:00,Dingling,station_target_delta_ridge,300.0,288.29903457066945,22.0,24.613437488511032,2.0,3.3991443623910835,6.0,10.986563132143715,110.0,110.77709628590509,110.0,110.4274579544071
1494,2016-09-14 03:00:00,Wanliu,station_target_delta_ridge,1100.0,1161.4705246290978,15.0,8.175200032286448,2.0,2.1377888300961096,67.0,78.78197869547903,99.0,95.72948067774648,99.0,92.77862387922784
1495,2016-09-14 05:00:00,Gucheng,station_target_delta_ridge,900.0,1082.347178393143,37.0,33.725423422185585,2.0,2.2388700716553247,31.0,26.094649615747585,77.0,86.35665579478497,88.0,94.3462076540265
1496,2016-09-14 07:00:00,Dingling,station_target_delta_ridge,100.0,203.03279733831826,33.0,36.218689989861105,2.0,2.935194675557395,12.0,14.802510220367264,102.0,102.56684607000255,102.0,98.62072482477252
1497,2016-09-14 08:00:00,Wanliu,station_target_delta_ridge,1400.0,1428.4697272608712,8.0,2.3231984982352194,2.0,2.9581588641543353,66.0,69.75255081541813,129.0,128.53387484051117,129.0,127.3026025274982
1498,2016-09-14 10:00:00,Huairou,station_target_delta_ridge,1400.0,1383.2870808735836,30.0,20.895794924415423,2.0,2.4488434650840123,38.0,39.618083153277105,130.0,118.49953597710174,130.0,128.86362791983606
1499,2016-09-14 12:00:00,Huairou,station_target_delta_ridge,1300.0,1270.6021418111065,107.0,93.15428934751093,2.0,2.606044269105404,24.0,24.888271926213296,141.0,128.03964118945967,141.0,138.31351420602314
1500,2016-09-14 14:00:00,Guanyuan,station_target_delta_ridge,900.0,616.9888289051609,186.0,189.65114069490716,8.0,9.05607118444231,25.0,18.612720519603585,83.0,73.49720076151343,83.0,78.00588628774634
1501,2016-09-14 17:00:00,Aotizhongxin,station_target_delta_ridge,700.0,767.689442026052,203.0,212.25837884339387,6.0,4.088331132786602,24.0,26.960005935176138,75.0,75.78402688569639,91.0,97.23329220507026
1502,2016-09-14 18:00:00,Nongzhanguan,station_target_delta_ridge,900.0,896.2627933988705,188.0,201.43311700386735,13.0,12.872991485775218,37.0,35.490393087641564,108.0,96.69616880932496,114.0,114.02101604861983
1503,2016-09-14 20:00:00,Guanyuan,station_target_delta_ridge,800.0,670.0459402295425,97.0,93.06597427837701,2.0,3.4046827993970923,42.0,48.180996051042015,51.0,67.2334023514756,82.0,84.8255665989354
1504,2016-09-14 22:00:00,Aotizhongxin,station_target_delta_ridge,700.0,773.2240124651921,43.0,53.57868356060449,2.0,2.161641154153664,59.0,48.76911744890602,36.0,45.16447923089194,36.0,34.42920560927166
1505,2016-09-14 23:00:00,Nongzhanguan,station_target_delta_ridge,800.0,907.1839578618876,37.0,20.82266042985528,2.0,1.9603218556560362,56.0,74.86375414566298,53.0,47.885499835737164,53.0,54.421942596393166
1506,2016-09-15 01:00:00,Guanyuan,station_target_delta_ridge,900.0,986.1092339904582,14.0,13.346716262127535,2.0,2.6594517391870607,76.0,84.3923115903182,45.0,47.798868526304055,45.0,61.89580511718166
1507,2016-09-15 03:00:00,Changping,station_target_delta_ridge,600.0,541.95816222637,26.0,33.617073205726726,2.0,2.4183833884485613,41.0,32.38904053327738,25.0,27.46568332636108,25.0,24.117914374941638
1508,2016-09-15 04:00:00,Wanshouxigong,station_target_delta_ridge,800.0,892.3161764905134,9.0,7.726630319522891,2.0,1.1578708702835239,76.0,79.88779115064604,54.0,56.08531592274264,54.0,58.7018027260914
1509,2016-09-15 06:00:00,Nongzhanguan,station_target_delta_ridge,800.0,856.924527526759,4.0,8.292349081710647,2.0,1.71503858296089,71.0,61.73584866450796,79.0,64.23047448189104,79.0,75.43674851027248
1510,2016-09-15 08:00:00,Guanyuan,station_target_delta_ridge,800.0,681.8034758680664,8.0,14.506136887340244,2.0,2.122625705183431,75.0,75.25049136849793,53.0,51.523057914323445,64.0,53.94133496100116
1511,2016-09-15 10:00:00,Aotizhongxin,station_target_delta_ridge,600.0,609.0405865541711,67.0,72.50507993993429,3.0,3.878655981042801,43.0,40.3353445210423,63.0,67.84739604508371,75.0,80.73025291811851
1512,2016-09-15 11:00:00,Nongzhanguan,station_target_delta_ridge,700.0,736.4895108564347,128.0,119.69942555755534,4.0,3.314401214319987,23.0,25.15638068612867,87.0,78.80320638577805,87.0,80.60784181491692
1513,2016-09-15 13:00:00,Guanyuan,station_target_delta_ridge,700.0,546.1999239126757,143.0,141.19493540514537,7.0,6.246303544523308,22.0,27.381099054020204,39.0,47.60492624845009,39.0,43.76047089169244
1514,2016-09-15 15:00:00,Aotizhongxin,station_target_delta_ridge,500.0,603.7325178090982,193.0,193.55287413166835,4.0,2.3747885262382393,19.0,23.323760958953642,35.0,47.268068625679184,35.0,65.44798106260482
1515,2016-09-15 16:00:00,Nongzhanguan,station_target_delta_ridge,600.0,576.5060793787623,227.0,226.29926491178227,5.0,4.429536170018707,23.0,22.81613411619107,50.0,42.873202820627995,66.0,79.40586325366448
1516,2016-09-15 18:00:00,Guanyuan,station_target_delta_ridge,1200.0,1059.7680825323462,196.0,205.07578862908542,9.0,7.1344890998083095,29.0,31.03753785286773,109.0,115.54946604499827,134.0,160.8128965928403
1517,2016-09-15 20:00:00,Aotizhongxin,station_target_delta_ridge,1100.0,1183.7375373498974,170.0,156.7507316268267,3.0,3.6981335873256937,37.0,39.17904068776719,130.0,122.44660909237533,173.0,160.4963137380616
1518,2016-09-15 21:00:00,Nongzhanguan,station_target_delta_ridge,1300.0,1393.7321779416554,116.0,113.58466438930196,8.0,7.66693530291213,46.0,48.06291641952078,154.0,137.50682469769606,154.0,157.83338838095153
1519,2016-09-15 23:00:00,Dongsi,station_target_delta_ridge,1500.0,1527.7274598888964,96.0,78.48517009314591,6.0,6.1662137027847095,53.0,61.5331524222441,172.0,182.07296075002563,172.0,183.94953186680152
1520,2016-09-16 01:00:00,Aotizhongxin,station_target_delta_ridge,1300.0,1428.3524889597234,92.0,63.137359705435834,2.0,1.9278629088095312,46.0,58.432433749123895,184.0,186.94518075166343,199.0,195.4383001667462
1521,2016-09-16 02:00:00,Nongzhanguan,station_target_delta_ridge,1400.0,1562.8392418842238,48.0,32.278977254477425,4.0,2.987836607749049,54.0,56.30222789160325,186.0,160.75105090196777,186.0,172.80770278121415
1522,2016-09-16 04:00:00,Dongsi,station_target_delta_ridge,1100.0,939.3649909937992,2.0,19.036256631230586,3.0,3.343299270432439,104.0,61.38058972355026,135.0,193.5345802325411,135.0,196.62918556934096
1523,2016-09-16 06:00:00,Aotizhongxin,station_target_delta_ridge,900.0,1018.7210547307876,32.0,16.25533878443815,2.0,1.7624746519647148,52.0,55.415500332800946,149.0,154.0174974945101,149.0,161.0148888544055
1524,2016-09-16 07:00:00,Nongzhanguan,station_target_delta_ridge,1200.0,1242.4549665629227,2.0,10.671220764821598,3.0,2.360369660482087,71.0,68.61215908442446,165.0,159.99917471236623,165.0,161.87870935044322
1525,2016-09-16 09:00:00,Dongsi,station_target_delta_ridge,1400.0,1290.1433522838818,31.0,37.386953626323894,3.0,2.5670113192315993,57.0,52.993477766567494,159.0,179.58049530125822,159.0,178.13651742220543
1526,2016-09-16 11:00:00,Aotizhongxin,station_target_delta_ridge,1300.0,1311.4839877520424,118.0,97.23951033945126,4.0,3.655805158732222,36.0,44.172647265683835,193.0,182.16018992176797,193.0,205.340332739872
1527,2016-09-16 12:00:00,Nongzhanguan,station_target_delta_ridge,1400.0,1407.0405379769952,137.0,132.175427125952,10.0,8.864687405291868,36.0,38.17447972923809,231.0,195.77853463600616,231.0,199.91736970844443
1528,2016-09-16 14:00:00,Dongsi,station_target_delta_ridge,1500.0,1359.2716056958518,202.0,193.7954512457005,10.0,8.91322914988798,34.0,29.75693432973373,195.0,193.74819249185586,195.0,192.3336285301652
1529,2016-09-16 15:00:00,Wanshouxigong,station_target_delta_ridge,1300.0,1239.5583413233255,206.0,206.3870802124938,8.0,8.149485743006844,27.0,21.6892075424195,145.0,137.5649047566026,145.0,153.10933538449513
1530,2016-09-16 17:00:00,Nongzhanguan,station_target_delta_ridge,1100.0,1146.9340723412897,212.0,222.34193669944213,9.0,7.831168747266975,32.0,29.998150465563064,164.0,153.06115382414606,164.0,162.7824808582255
1531,2016-09-16 19:00:00,Dongsi,station_target_delta_ridge,1400.0,1187.0599182443138,165.0,137.71640861980006,9.0,4.635609042674057,33.0,36.13388284684484,145.0,111.3015978009835,156.0,111.44255855012953
1532,2016-09-16 20:00:00,Wanshouxigong,station_target_delta_ridge,700.0,563.5548782417433,101.0,78.37662474241873,2.0,-1.7796196393735277,29.0,28.754950843679566,78.0,83.56204483821159,78.0,85.80611601466889
1533,2016-09-16 22:00:00,Nongzhanguan,station_target_delta_ridge,500.0,563.9266009814037,76.0,62.40862765821543,2.0,1.6981616159829727,34.0,43.88284856162106,30.0,22.298321943438104,41.0,27.434865898104743
1534,2016-09-17 00:00:00,Dongsi,station_target_delta_ridge,1000.0,843.1944464427454,92.0,90.80621537146412,2.0,1.9862917536010596,28.0,28.149056795700563,77.0,60.598152261041065,89.0,102.27812484751476
1535,2016-09-17 01:00:00,Wanshouxigong,station_target_delta_ridge,1000.0,982.286505809612,99.0,91.15701316422297,2.0,1.5678813022642872,23.0,23.699535527010937,73.0,67.86017714457651,73.0,57.389754313630156
1536,2016-09-17 03:00:00,Nongzhanguan,station_target_delta_ridge,1200.0,829.3491745223156,85.0,84.42154160553504,2.0,1.9653405543082987,22.0,18.149136277066628,77.0,59.54884513653854,77.0,62.2166002120316
1537,2016-09-17 05:00:00,Nongzhanguan,station_target_delta_ridge,1100.0,1203.4677848808287,44.0,42.52143452989044,2.0,1.6224943351862744,39.0,35.72785491451225,81.0,66.70910586238338,81.0,72.36990998817217
1538,2016-09-17 07:00:00,Dongsi,station_target_delta_ridge,1000.0,1023.5221246012293,41.0,31.69272877071118,2.0,1.9819641941471893,46.0,46.20000867969388,81.0,83.25984972304201,81.0,84.37333304013457
1539,2016-09-17 08:00:00,Wanshouxigong,station_target_delta_ridge,1000.0,909.6989019944031,37.0,19.12553055717343,2.0,1.7197500044576945,46.0,58.18899627889787,71.0,59.433065696018595,71.0,47.60621524046336
1540,2016-09-17 10:00:00,Nongzhanguan,station_target_delta_ridge,800.0,838.5502408633632,19.0,27.471551660792528,2.0,1.7253175431137586,52.0,42.74816394684003,37.0,31.970561630934537,37.0,46.51118728751506
1541,2016-09-17 12:00:00,Dongsi,station_target_delta_ridge,700.0,651.6112448286264,49.0,59.77070086844887,5.0,3.645765030437521,28.0,18.395420892410556,21.0,17.43793735539959,21.0,14.986566140482903
1542,2016-09-17 13:00:00,Wanshouxigong,station_target_delta_ridge,700.0,672.2669387473087,46.0,48.792301092216995,3.0,1.9281655159166988,26.0,26.584984418135434,23.0,23.621985008994464,29.0,25.217587663348844
1543,2016-09-17 15:00:00,Nongzhanguan,station_target_delta_ridge,600.0,783.9355134898664,49.0,50.35229150019417,2.0,3.1808386112512186,28.0,28.453375867147326,14.0,17.279903475156193,35.0,37.288685272014966
1544,2016-09-17 17:00:00,Dongsi,station_target_delta_ridge,800.0,728.4516322946431,23.0,34.36589348151076,5.0,4.004927622055828,57.0,48.87635045048743,32.0,26.32058194744564,45.0,48.092925346350945
1545,2016-09-17 18:00:00,Wanshouxigong,station_target_delta_ridge,1100.0,1021.2244048692409,30.0,28.47971502493285,3.0,3.236880727894111,46.0,45.16057325044018,35.0,32.83399899474773,128.0,47.25072354571922
1546,2016-09-17 20:00:00,Huairou,station_target_delta_ridge,700.0,622.7102586879627,8.0,-0.17820001158813215,2.0,1.0643956306680686,19.0,31.201979634605927,29.0,27.71803633696735,60.0,88.84754292437023
1547,2016-09-17 22:00:00,Dongsi,station_target_delta_ridge,900.0,765.0485851403284,20.0,10.7446274760316,2.0,1.525005445761268,42.0,44.434790068188285,33.0,35.36726064125738,33.0,83.555300522593
1548,2016-09-17 23:00:00,Wanshouxigong,station_target_delta_ridge,800.0,839.1704389495794,22.0,16.190475547001128,2.0,2.140842513183981,33.0,45.32971744423955,38.0,40.158163731739414,38.0,36.292233500594804
1549,2016-09-18 01:00:00,Huairou,station_target_delta_ridge,500.0,517.3657560924578,20.0,23.108594776612836,2.0,2.2149913274400572,8.0,7.919673974989007,19.0,21.540334437549912,19.0,35.728797398969796
1550,2016-09-18 03:00:00,Dongsi,station_target_delta_ridge,500.0,644.6357473797343,18.0,10.527010204683851,2.0,2.293569619108029,23.0,28.715931794296804,19.0,32.41423334104902,19.0,32.60507464546149
1551,2016-09-18 04:00:00,Wanshouxigong,station_target_delta_ridge,600.0,617.3335467006046,20.0,27.886808430943905,2.0,1.7516235049107702,23.0,24.09591506512481,30.0,19.430963319089347,30.0,15.870506839796239
1552,2016-09-18 06:00:00,Huairou,station_target_delta_ridge,500.0,519.1090949172594,2.0,0.6079317750812976,2.0,2.5731158907082854,5.0,27.569851416229692,17.0,25.89655300679953,17.0,41.40479221645151
1553,2016-09-18 08:00:00,Dongsi,station_target_delta_ridge,800.0,672.1169815961039,12.0,10.618639523166193,2.0,1.843943110695307,39.0,39.103613200283895,21.0,31.272315378940004,21.0,31.842511557569317
1554,2016-09-18 09:00:00,Wanshouxigong,station_target_delta_ridge,700.0,713.4299681454695,18.0,19.262930968918525,2.0,1.6196143486707726,38.0,35.6346927741723,33.0,29.302205521975388,33.0,23.692667732481365
1555,2016-09-18 11:00:00,Wanliu,station_target_delta_ridge,700.0,649.1497080087662,16.0,15.784619078704468,2.0,0.8700147607906301,36.0,37.56690911138785,32.0,25.326206918178862,32.0,24.557450746032075
1556,2016-09-18 13:00:00,Gucheng,station_target_delta_ridge,700.0,667.4141345285753,39.0,49.38798955200632,2.0,2.1773378790345546,39.0,28.50421886649355,30.0,26.362265837744225,30.0,34.084753047466165
1557,2016-09-18 15:00:00,Dingling,station_target_delta_ridge,400.0,425.5415868831191,53.0,65.17513140257938,2.0,2.438733283903936,5.0,8.256459581776152,10.0,19.553289158853193,18.0,20.73919827207061
1558,2016-09-18 17:00:00,Aotizhongxin,station_target_delta_ridge,300.0,207.193005091794,38.0,21.742551082606802,2.0,1.034049815408104,25.0,30.3951327003099,8.0,3.427990680539142,8.0,19.347270880512227
1559,2016-09-18 18:00:00,Wanliu,station_target_delta_ridge,400.0,519.3863119743246,15.0,4.539500694445799,2.0,0.6493891674454406,29.0,36.23637182491006,11.0,5.313904372991658,11.0,24.35881970332889
1560,2016-09-18 20:00:00,Tiantan,station_target_delta_ridge,900.0,702.1103973376662,2.0,2.196682389000934,2.0,1.2559017861601502,55.0,51.12265855046952,20.0,22.08315497791455,35.0,40.389127432418626
1561,2016-09-18 22:00:00,Gucheng,station_target_delta_ridge,500.0,452.91300115703245,30.0,23.06107814182723,2.0,2.2758002647375344,24.0,24.197015520276786,18.0,13.988143570453232,18.0,25.232082718910178
1562,2016-09-19 00:00:00,Dongsi,station_target_delta_ridge,700.0,851.478548561082,2.0,2.6131791718202404,2.0,1.8372036027808767,51.0,52.409642403549626,20.0,19.540881515947817,20.0,25.663205409228283
1563,2016-09-19 02:00:00,Dongsi,station_target_delta_ridge,500.0,652.1755830512259,2.0,5.453321150060061,2.0,2.710177929170283,46.0,45.5931148007215,15.0,19.2044498239379,15.0,20.593117361210354
1564,2016-09-19 04:00:00,Dingling,station_target_delta_ridge,200.0,244.06354405939751,39.0,13.005468806886253,2.0,3.115134225524602,7.0,18.787047378589776,4.0,8.989840417557751,6.0,9.003108632896241
1565,2016-09-19 06:00:00,Changping,station_target_delta_ridge,400.0,459.28405762959574,37.0,18.67503310235313,2.0,3.0622098631442105,25.0,39.26376850803764,20.0,9.13360676892258,20.0,7.601660335782617
1566,2016-09-19 07:00:00,Wanshouxigong,station_target_delta_ridge,400.0,357.3976743607597,2.0,7.660911055516571,2.0,2.0788023679623646,52.0,50.00188376364749,9.0,9.066227203068388,9.0,3.850333621765566
1567,2016-09-19 09:00:00,Wanliu,station_target_delta_ridge,400.0,436.57736076262535,18.0,17.01996501998628,2.0,1.859761535718898,31.0,31.191772075668027,5.0,6.149864451926167,25.0,18.907400846117334
1568,2016-09-19 11:00:00,Huairou,station_target_delta_ridge,200.0,340.0,42.0,52.1,2.0,2.0,2.0,17.3,5.0,5.9,6.0,9.3
1569,2016-09-19 13:00:00,Dingling,station_target_delta_ridge,200.0,246.12295376020495,66.0,74.68860116289834,2.0,2.549719383579574,5.0,3.3650506785186476,4.0,7.691795998311759,9.0,7.117952599417157
1570,2016-09-19 15:00:00,Aotizhongxin,station_target_delta_ridge,100.0,155.82108536327914,88.0,88.1927321185051,2.0,1.309663762965037,6.0,11.09856290850363,9.0,2.3987109024295976,9.0,10.204928739119964
1571,2016-09-19 16:00:00,Wanliu,station_target_delta_ridge,200.0,190.40422508905297,80.0,73.33983672294818,2.0,2.4865943022944004,9.0,12.095714989760966,4.0,0.24731146057421327,14.0,14.760967212319462
1572,2016-09-19 18:00:00,Tiantan,station_target_delta_ridge,300.0,357.76459678908543,74.0,72.08959776107687,2.0,1.0101882299212608,21.0,28.56743950628287,11.0,10.49659630517826,24.0,26.2396722816295
1573,2016-09-19 20:00:00,Nongzhanguan,station_target_delta_ridge,900.0,651.1504273954495,9.0,44.66348667824766,3.0,2.3111920794831438,91.0,46.26884396392528,15.0,24.91325525764304,37.0,53.420762994255405
1574,2016-09-19 22:00:00,Guanyuan,station_target_delta_ridge,600.0,633.5980721965332,3.0,0.9397811330565191,2.0,3.0076814670409386,81.0,87.22326183188619,25.0,29.46310362857247,49.0,39.915132484631094
1575,2016-09-20 00:00:00,Dingling,station_target_delta_ridge,300.0,359.0758065447171,27.0,22.3297142485332,2.0,2.0844117075803528,9.0,11.810495603060993,9.0,9.558018356760709,13.0,13.204814999124354
1576,2016-09-20 02:00:00,Aotizhongxin,station_target_delta_ridge,500.0,459.9993047808549,2.0,-0.1554524028666857,2.0,2.648178947901334,62.0,61.57787289471919,21.0,12.937318855239024,55.0,37.54970787827586
1577,2016-09-20 03:00:00,Wanshouxigong,station_target_delta_ridge,600.0,482.41412482682995,2.0,3.733642595519371,2.0,1.2374802633465856,65.0,54.77180187225625,23.0,22.81840822347291,27.0,34.1265369454075
1578,2016-09-20 05:00:00,Tiantan,station_target_delta_ridge,300.0,407.49293542392815,2.0,2.2745778115841624,2.0,2.6166621982681346,51.0,48.56418073405709,16.0,20.50183714081089,26.0,34.55204379878711
1579,2016-09-20 07:00:00,Huairou,station_target_delta_ridge,300.0,446.9413329297819,2.0,0.3411958275290776,2.0,2.62081157952831,15.0,16.7564461998181,9.0,14.536741768771234,21.0,38.28062545686069
1580,2016-09-20 09:00:00,Guanyuan,station_target_delta_ridge,800.0,558.8857841665109,2.0,5.6667942339282344,2.0,2.2629108684281034,55.0,53.877909800963764,28.0,16.51496584797499,75.0,40.094772229629825
1581,2016-09-20 11:00:00,Dongsi,station_target_delta_ridge,600.0,572.2987333675205,39.0,40.16366710718029,2.0,3.799134674848455,41.0,37.74155687933258,20.0,18.833725716652044,20.0,15.787190647404003
1582,2016-09-20 13:00:00,Huairou,station_target_delta_ridge,200.0,191.19879603456565,82.0,73.95798747562773,2.0,3.0756350213732473,2.0,4.285254301835631,11.0,9.761486772174159,11.0,21.551266419406375
1583,2016-09-20 15:00:00,Nongzhanguan,station_target_delta_ridge,300.0,400.0,115.0,102.77777777777777,2.0,2.3333333333333335,19.0,21.88888888888889,12.0,12.88888888888889,12.0,23.333333333333332
1584,2016-09-20 17:00:00,Tiantan,station_target_delta_ridge,500.0,532.4200886744483,131.0,130.3333861720186,5.0,2.882088235051235,20.0,19.539334827257495,17.0,9.477504015901934,34.0,29.14719549053494
1585,2016-09-20 19:00:00,Huairou,station_target_delta_ridge,400.0,337.2044305134576,60.0,83.99564126101168,2.0,1.5769679979759719,48.0,27.99518993770101,17.0,15.76139379896367,61.0,57.02790562640006
1586,2016-09-20 21:00:00,Dongsi,station_target_delta_ridge,800.0,721.1290484350627,60.0,69.8327953825857,2.0,2.566222222473644,82.0,77.59668946918498,33.0,34.942476903691734,43.0,40.04435639757118
1587,2016-09-20 23:00:00,Changping,station_target_delta_ridge,500.0,563.2983539492205,53.0,51.30711720082327,2.0,2.815028366551453,34.0,35.33720475547957,23.0,25.326443919939557,36.0,41.40775551233883
1588,2016-09-21 00:00:00,Wanshouxigong,station_target_delta_ridge,800.0,1018.346157671614,2.0,-1.8947070721001222,2.0,1.8566862462290836,108.0,132.28411903121554,52.0,66.34017222089132,85.0,107.6452972897585
1589,2016-09-21 02:00:00,Wanshouxigong,station_target_delta_ridge,800.0,630.8674425320601,2.0,-1.4981592464367552,2.0,2.1134788901962485,111.0,99.32896356910732,55.0,55.57337369892936,75.0,76.00222843111773
1590,2016-09-21 05:00:00,Changping,station_target_delta_ridge,800.0,768.5152359207827,3.0,3.848545074739445,2.0,4.178192583177744,61.0,72.98990753999243,29.0,30.0420476698982,47.0,60.95756864444192
1591,2016-09-21 07:00:00,Aotizhongxin,station_target_delta_ridge,800.0,700.7237895894248,2.0,0.3702484498358749,7.0,6.325798101532214,81.0,76.67399706682616,51.0,44.49321758298054,84.0,72.63920463596882
1592,2016-09-21 08:00:00,Wanliu,station_target_delta_ridge,900.0,725.1669640770182,5.0,0.3936099139827707,2.0,2.297006538924967,68.0,65.14074397400637,49.0,43.55141031849256,85.0,79.65477124338041
1593,2016-09-21 10:00:00,Tiantan,station_target_delta_ridge,1300.0,1311.3921484144948,3.0,7.5128813510421715,5.0,5.687553360854184,115.0,104.74840036398484,77.0,65.61085060934899,117.0,99.28562295465059
1594,2016-09-21 13:00:00,Aotizhongxin,station_target_delta_ridge,900.0,896.0173417876531,45.0,22.1434543245617,9.0,9.020884070601957,60.0,71.93843830688671,70.0,76.16485161440868,70.0,124.76586321440574
1595,2016-09-21 15:00:00,Aotizhongxin,station_target_delta_ridge,1000.0,900.3269555843628,44.0,53.15349916785914,9.0,10.310179023680412,90.0,75.80005300409589,93.0,77.63105245665909,131.0,93.73278453632172
1596,2016-09-21 16:00:00,Wanliu,station_target_delta_ridge,1200.0,1108.33775870939,40.0,47.07685896447285,5.0,5.342518227246312,91.0,77.541532480913,81.0,93.02966970783349,112.0,117.44065658683957
1597,2016-09-21 18:00:00,Tiantan,station_target_delta_ridge,800.0,833.2705525904842,93.0,69.650107037651,11.0,7.971929056794181,56.0,83.44536160266351,60.0,90.58454058107807,73.0,99.82882157086239
1598,2016-09-21 20:00:00,Gucheng,station_target_delta_ridge,1400.0,1407.9306887994612,12.0,6.955489178917217,3.0,2.8790594593072343,100.0,106.09140581625901,106.0,99.73226505567528,190.0,157.4171350603325
1599,2016-09-21 22:00:00,Dongsi,station_target_delta_ridge,1300.0,1045.7865060356546,4.0,10.299062428533455,5.0,4.6771212349564815,106.0,91.6710107548854,87.0,81.29030140766599,87.0,76.75735676884561
1600,2016-09-22 00:00:00,Dingling,station_target_delta_ridge,800.0,794.6090079126504,27.0,32.43442121558196,2.0,2.1218288493891126,19.0,18.21391259233379,84.0,80.46236706301904,84.0,83.25932367547567
1601,2016-09-22 02:00:00,Aotizhongxin,station_target_delta_ridge,1000.0,1002.272722962654,2.0,2.653202196211772,6.0,6.770953282393715,89.0,82.11226031041727,105.0,102.80108398814292,105.0,99.42493151628004
1602,2016-09-22 03:00:00,Wanliu,station_target_delta_ridge,1000.0,1015.1907295228792,2.0,1.966197853576025,2.0,0.6622319495614646,64.0,65.36598974256262,105.0,108.71118921976816,105.0,104.96340544466601
1603,2016-09-22 05:00:00,Huairou,station_target_delta_ridge,700.0,814.7466933014482,12.0,11.411256562663503,5.0,5.561864352969231,9.0,15.434059349541055,72.0,75.90069410796512,72.0,87.23449800314535
1604,2016-09-22 07:00:00,Gucheng,station_target_delta_ridge,1200.0,1165.0564644154697,8.0,5.919188585996545,2.0,2.0430750853927173,45.0,43.814334831716025,114.0,118.39456704173045,126.0,105.53103352205663
1605,2016-09-22 09:00:00,Dongsi,station_target_delta_ridge,1000.0,996.3341243585733,23.0,22.1914397801208,5.0,4.267808457317608,60.0,60.56332190862049,80.0,83.16367527279746,80.0,85.60286398554362
1606,2016-09-22 11:00:00,Guanyuan,station_target_delta_ridge,800.0,764.339334386284,52.0,54.14215655372607,10.0,10.539633198797969,60.0,51.434575877908735,84.0,81.09323076307406,112.0,102.07978439114841
1607,2016-09-22 13:00:00,Tiantan,station_target_delta_ridge,1200.0,1001.8732155128773,89.0,95.91147502534929,17.0,10.232598700398494,74.0,67.81575992349886,122.0,91.3793310186375,122.0,81.16493287182219
1608,2016-09-22 15:00:00,Tiantan,station_target_delta_ridge,1200.0,1149.1688940422778,111.0,119.56611323495525,14.0,13.401555317626318,73.0,73.81543045871922,131.0,114.68485680059227,131.0,116.36793267109434
1609,2016-09-22 17:00:00,Tiantan,station_target_delta_ridge,1200.0,1324.2996702284358,188.0,175.9179006676936,15.0,11.394634986412274,45.0,53.28855162683793,140.0,133.88037799906644,140.0,134.15583038440798
1610,2016-09-22 19:00:00,Nongzhanguan,station_target_delta_ridge,1400.0,1220.0,99.0,94.5,8.0,6.3,65.0,61.4,135.0,116.4,159.0,142.0
1611,2016-09-22 21:00:00,Dongsi,station_target_delta_ridge,1700.0,1660.81770424054,67.0,59.01006271711995,10.0,9.444603201877797,91.0,102.70943376981359,149.0,156.65853445759433,149.0,153.7853176996335
1612,2016-09-22 22:00:00,Wanshouxigong,station_target_delta_ridge,1600.0,1707.4181828052544,42.0,30.127111200509333,3.0,1.5452055004460088,85.0,105.26448431726669,146.0,153.65863596148836,146.0,157.5962343990078
1613,2016-09-23 00:00:00,Huairou,station_target_delta_ridge,1000.0,990.2028009938126,86.0,85.98416759103206,7.0,6.843883298018373,8.0,8.318119430897758,111.0,101.53309993303658,111.0,119.32412686136786
1614,2016-09-23 02:00:00,Guanyuan,station_target_delta_ridge,500.0,1116.533127798523,53.0,67.61446224936024,2.0,2.4296193072559062,37.0,35.26118371924517,70.0,76.57964759654419,70.0,75.00146497834044
1615,2016-09-23 05:00:00,Dongsi,station_target_delta_ridge,1300.0,1229.2135831383043,18.0,30.398237127738824,2.0,4.748539391091324,59.0,52.24123450203143,121.0,111.16773757418405,121.0,110.04119415927603
1616,2016-09-23 07:00:00,Dongsi,station_target_delta_ridge,1400.0,1165.0265733595918,26.0,36.04184115330767,2.0,2.2545249365732785,55.0,47.12018563662818,139.0,122.03752787678704,139.0,120.70651504608301
1617,2016-09-23 09:00:00,Huairou,station_target_delta_ridge,1300.0,1201.38439161315,12.0,14.15926577706201,2.0,0.5296357362683171,42.0,23.055238475218403,144.0,129.81232391827217,144.0,137.06694795547145
1618,2016-09-23 11:00:00,Guanyuan,station_target_delta_ridge,1200.0,1173.2043649995196,100.0,102.16782072067458,5.0,6.5941752014778405,50.0,48.76003396797459,124.0,128.84738963222551,124.0,134.53850069639094
1619,2016-09-23 13:00:00,Guanyuan,station_target_delta_ridge,1200.0,1220.7878196610907,183.0,164.51930923871868,8.0,8.226021403598484,40.0,45.179982148732975,129.0,132.53656506847923,129.0,132.5600900630842
1620,2016-09-23 15:00:00,Gucheng,station_target_delta_ridge,1100.0,1156.9189820958638,171.0,177.71666705861037,4.0,4.043089290829088,31.0,42.68345705182041,133.0,141.52905151232258,133.0,140.52835911014026
1621,2016-09-23 17:00:00,Nongzhanguan,station_target_delta_ridge,1000.0,1037.5,232.0,215.5,6.0,4.0,28.0,39.375,114.0,126.625,114.0,127.375
1622,2016-09-23 19:00:00,Nongzhanguan,station_target_delta_ridge,1200.0,1293.5808253788412,191.0,188.2420270221764,5.0,6.232207146642858,37.0,41.459087779041994,130.0,107.0183302611432,130.0,111.55990214125762
1623,2016-09-23 21:00:00,Gucheng,station_target_delta_ridge,1600.0,1584.0884546154446,60.0,70.82897608390323,2.0,2.0859515833438604,81.0,87.00530298916661,177.0,174.16525357483215,215.0,213.83853326464904
1624,2016-09-23 23:00:00,Guanyuan,station_target_delta_ridge,1800.0,1930.4027620319125,90.0,126.53025014482382,7.0,8.927654726409004,89.0,80.64493121908703,159.0,167.38823689904376,224.0,225.41850045370006
1625,2016-09-24 01:00:00,Aotizhongxin,station_target_delta_ridge,1100.0,1233.9556072041676,85.0,55.74482128655076,2.0,3.328524502186892,67.0,96.71851624288547,183.0,197.48218435846897,183.0,189.74227052981007
1626,2016-09-24 02:00:00,Wanliu,station_target_delta_ridge,600.0,894.1258071863613,71.0,55.74059781537486,2.0,1.3078224868085044,29.0,61.83113642527441,55.0,88.92003040337869,55.0,122.50159732875073
1627,2016-09-24 04:00:00,Tiantan,station_target_delta_ridge,800.0,669.4710609618801,17.0,37.00453362098774,2.0,4.08594525140713,43.0,48.39959427391221,65.0,51.07372468179037,65.0,59.60617122134917
1628,2016-09-24 06:00:00,Nongzhanguan,station_target_delta_ridge,600.0,695.8063181515145,4.0,10.954854127091746,2.0,2.6958654958541293,52.0,58.01221377495752,28.0,20.012730529230332,28.0,30.523519720155644
1629,2016-09-24 08:00:00,Gucheng,station_target_delta_ridge,900.0,1160.4301988394252,7.0,14.976775449027013,2.0,1.9333268401345909,61.0,50.4756586567543,55.0,80.0909645372648,55.0,81.97592357415554
1630,2016-09-24 10:00:00,Dongsi,station_target_delta_ridge,1000.0,845.5254144066879,27.0,30.137960053669378,2.0,2.0379254449758566,76.0,70.11610954948524,54.0,60.8138077984604,54.0,62.813653452911026
1631,2016-09-24 11:00:00,Wanshouxigong,station_target_delta_ridge,1100.0,1062.5555012469727,67.0,81.90785383816066,3.0,2.3958832583837193,65.0,57.258308718176195,79.0,85.02780955482694,79.0,86.19949152954
1632,2016-09-24 13:00:00,Huairou,station_target_delta_ridge,900.0,634.8477254273174,160.0,111.18212407067638,9.0,7.0432753082823405,18.0,20.036943072132665,92.0,56.7943868248169,115.0,94.12980847579237
1633,2016-09-24 15:00:00,Dingling,station_target_delta_ridge,900.0,924.7147418945144,238.0,219.82581111279956,6.0,5.815605061548857,11.0,12.74589261052558,105.0,91.55807238755268,125.0,96.43577904883507
1634,2016-09-24 16:00:00,Wanshouxigong,station_target_delta_ridge,1300.0,1318.709662676014,211.0,214.55277365392038,3.0,1.4365011368489915,39.0,44.14629747517212,167.0,167.43811992164075,167.0,178.65823298844302
1635,2016-09-24 18:00:00,Huairou,station_target_delta_ridge,1200.0,1140.400703880154,201.0,214.05998391759346,9.0,7.7071762049752675,39.0,33.36850856898609,141.0,130.4517050901223,166.0,153.93586116731257
1636,2016-09-24 20:00:00,Dingling,station_target_delta_ridge,1100.0,1154.7830813204355,126.0,96.41675083614989,3.0,2.5059434816494948,16.0,19.701848986847182,138.0,135.80979930652433,138.0,144.26523149520818
1637,2016-09-24 21:00:00,Wanshouxigong,station_target_delta_ridge,1900.0,2028.0658151622436,53.0,59.18352256055687,3.0,1.851887003079392,93.0,82.2951327940098,209.0,211.30973669331132,209.0,230.3375258279708
1638,2016-09-24 23:00:00,Huairou,station_target_delta_ridge,1200.0,1309.5241184816468,87.0,87.25463802725841,5.0,3.9681788151505004,17.0,20.901641265880812,157.0,177.38416185982928,157.0,177.85700387557117
1639,2016-09-25 01:00:00,Dingling,station_target_delta_ridge,1100.0,1127.4548464912575,99.0,123.85647918215601,3.0,2.95353655403349,9.0,12.142108217522612,151.0,153.04584268548362,151.0,157.9573069547929
1640,2016-09-25 03:00:00,Changping,station_target_delta_ridge,1300.0,1236.35860241083,75.0,73.91498406370738,2.0,1.829179422299922,21.0,30.93459297781913,150.0,148.97838916798517,150.0,152.06864132240545
1641,2016-09-25 05:00:00,Aotizhongxin,station_target_delta_ridge,1100.0,1328.5714285714287,91.0,51.714285714285715,2.0,2.4285714285714284,42.0,41.57142857142857,199.0,187.0,199.0,187.0
1642,2016-09-25 07:00:00,Aotizhongxin,station_target_delta_ridge,1000.0,1086.2109767419001,76.0,83.54453633179565,2.0,1.9469956750089976,45.0,42.83002846209088,183.0,183.107974763338,183.0,173.8969326249673
1643,2016-09-25 08:00:00,Tiantan,station_target_delta_ridge,1200.0,1321.353038116193,86.0,79.26192827936717,2.0,4.408249358861953,44.0,45.52196527704339,169.0,166.70234507999587,169.0,180.1462658806256
1644,2016-09-25 10:00:00,Huairou,station_target_delta_ridge,800.0,903.2291555556475,42.0,55.642000661565106,3.0,2.1983999570821413,16.0,14.63745090158634,91.0,106.7711526018615,91.0,117.20397550022153
1645,2016-09-25 12:00:00,Dingling,station_target_delta_ridge,900.0,829.7951666544021,27.0,45.8158389063007,4.0,3.2767284546931497,46.0,37.0061280464992,112.0,100.61411926910088,112.0,98.17400994234285
1646,2016-09-25 13:00:00,Wanliu,station_target_delta_ridge,1000.0,1047.7400861440317,76.0,69.41184444055095,2.0,1.5606390616886072,35.0,38.597338076499014,116.0,131.26034471108827,116.0,125.70199985680662
1647,2016-09-25 15:00:00,Huairou,station_target_delta_ridge,1300.0,877.8984574034561,117.0,88.70737235854969,8.0,3.7991096031626896,17.0,9.846913914044956,114.0,83.45830943226069,144.0,108.47152603073948
1648,2016-09-25 17:00:00,Dingling,station_target_delta_ridge,1600.0,1362.0595298010526,122.0,109.28339298408346,6.0,6.640040862384654,9.0,19.32928377175598,137.0,115.68881068715112,146.0,127.7090871061157
1649,2016-09-25 18:00:00,Wanliu,station_target_delta_ridge,1600.0,1501.7993499905276,88.0,67.9091496795331,2.0,-1.486723938301318,52.0,54.46106289469581,171.0,182.04132440057123,174.0,168.64482148187707
1650,2016-09-26 02:00:00,Huairou,station_target_delta_ridge,1100.0,1085.468533237967,43.0,23.33155033450924,5.0,3.5549478267700585,15.0,17.44085942837195,92.0,83.32757088896139,95.0,103.76714125430492
1651,2016-09-26 04:00:00,Gucheng,station_target_delta_ridge,600.0,492.0144381954288,78.0,83.49553252974123,2.0,2.0744293166877776,15.0,12.197593996629383,18.0,6.0207268072930376,18.0,9.700939671028465
1652,2016-09-26 06:00:00,Dongsi,station_target_delta_ridge,700.0,548.618799356943,71.0,74.22036093894923,2.0,3.198580089996666,25.0,23.75570457779922,29.0,27.216149338619356,29.0,29.600837773742565
1653,2016-09-26 08:00:00,Changping,station_target_delta_ridge,1000.0,773.1624749585953,8.0,30.024056363483297,2.0,4.233349471087051,62.0,33.993113439701474,33.0,21.288352128839964,36.0,23.68559526198503
1654,2016-09-26 09:00:00,Wanshouxigong,station_target_delta_ridge,1000.0,840.0,37.0,27.1,2.0,2.0,56.0,51.8,36.0,34.5,36.0,34.5
1655,2016-09-26 11:00:00,Nongzhanguan,station_target_delta_ridge,1200.0,1235.5060943861859,36.0,34.200971245294845,2.0,2.1393027251862775,49.0,56.83402801068117,45.0,43.58392458061351,45.0,49.980466577310224
1656,2016-09-26 13:00:00,Dingling,station_target_delta_ridge,400.0,295.6856054081683,55.0,43.39835954137108,2.0,1.189871797726227,20.0,28.969876450108554,38.0,44.00477209924731,75.0,58.884994803264746
1657,2016-09-26 14:00:00,Tiantan,station_target_delta_ridge,1500.0,1334.7689418443836,45.0,50.403628815388316,2.0,3.332664162918993,66.0,58.78514128325586,58.0,58.78692640531806,58.0,66.52864131553247
1658,2016-09-26 16:00:00,Dongsi,station_target_delta_ridge,1500.0,1371.2261088424575,77.0,72.78410803840944,4.0,2.783194687189899,50.0,47.14752927590117,63.0,63.21503891632529,63.0,63.90584587548676
1659,2016-09-26 17:00:00,Tiantan,station_target_delta_ridge,1700.0,1724.1895971821607,55.0,55.581548868802955,2.0,2.309557761241688,51.0,53.893449410581795,78.0,81.92648011137257,78.0,88.06180358889306
1660,2016-09-26 19:00:00,Dongsi,station_target_delta_ridge,1900.0,1892.7676158742636,28.0,22.30097953318115,3.0,4.1929814645199635,83.0,81.59543819826025,93.0,95.09495464814808,93.0,93.38972122312848
1661,2016-09-26 20:00:00,Wanliu,station_target_delta_ridge,1700.0,1834.8732029090754,6.0,1.8331137082082485,2.0,1.4911849927731797,78.0,79.87765269087706,78.0,85.44876978056834,78.0,82.55656513483783
1662,2016-09-26 22:00:00,Guanyuan,station_target_delta_ridge,2300.0,2201.563104075345,2.0,1.091026563553702,2.0,2.532420823641311,90.0,94.15307737845438,114.0,113.79932046015875,127.0,120.14140943723649
1663,2016-09-26 23:00:00,Wanliu,station_target_delta_ridge,1800.0,1762.2778679785742,2.0,1.3334274682449667,2.0,1.523473405872956,69.0,70.66406763035326,86.0,82.73760823006444,86.0,78.22092870495226
1664,2016-09-27 01:00:00,Gucheng,station_target_delta_ridge,1400.0,1543.4692770608322,7.0,5.4482404873726775,2.0,2.0966492388526543,43.0,49.003066930652764,103.0,93.43101364595339,103.0,93.66092195474229
1665,2016-09-27 03:00:00,Aotizhongxin,station_target_delta_ridge,1300.0,1290.909090909091,2.0,11.181818181818182,2.0,2.1818181818181817,70.0,42.18181818181818,89.0,77.72727272727273,89.0,77.72727272727273
1666,2016-09-27 04:00:00,Nongzhanguan,station_target_delta_ridge,900.0,943.973987526187,28.0,6.329617293079047,2.0,1.8222047057547355,45.0,57.89589831392557,67.0,73.8447355249587,67.0,75.4302135926954
1667,2016-09-27 06:00:00,Guanyuan,station_target_delta_ridge,500.0,459.9052808432239,46.0,41.9784832327195,3.0,2.665053454124253,14.0,9.29179649056907,18.0,15.242349535529634,24.0,14.003566042001255
1668,2016-09-27 07:00:00,Wanliu,station_target_delta_ridge,500.0,381.0107094703973,46.0,45.1941425071434,2.0,1.6959681578757122,15.0,10.6965763519396,4.0,7.439983080366325,4.0,23.47050907427826
1669,2016-09-27 09:00:00,Guanyuan,station_target_delta_ridge,500.0,446.85036832405666,43.0,45.302618369765234,2.0,1.5359913254347437,20.0,17.850199761287158,12.0,9.67138117425394,51.0,41.60673586334617
1670,2016-09-27 10:00:00,Wanshouxigong,station_target_delta_ridge,500.0,472.3354568951214,47.0,51.67537155740499,2.0,1.1203047388446967,14.0,13.047062260935675,16.0,10.81083944338995,26.0,32.69655940780133
1671,2016-09-27 12:00:00,Shunyi,station_target_delta_ridge,400.0,342.9633664303367,56.0,57.151238270372254,3.0,1.649286110003592,8.0,2.968153503948497,9.0,1.268495834129837,18.0,3.5096804804665274
1672,2016-09-27 14:00:00,Dingling,station_target_delta_ridge,100.0,141.67720520616314,74.0,73.71871241478924,3.0,2.21453605943222,2.0,3.278489627569001,6.0,4.492289912041312,6.0,9.182663441587826
1673,2016-09-27 15:00:00,Tiantan,station_target_delta_ridge,600.0,598.2804566751734,63.0,66.0367842282677,2.0,3.5704183694289573,24.0,21.837050147368316,5.0,7.613433715684192,30.0,32.610802936466236
1674,2016-09-27 17:00:00,Huairou,station_target_delta_ridge,200.0,292.3654383383276,47.0,49.860858865576745,2.0,2.4205702135567657,10.0,7.503149987906875,11.0,2.133190506611584,11.0,17.33872263496885
1675,2016-09-27 19:00:00,Changping,station_target_delta_ridge,700.0,625.0980139507956,57.0,51.53315732018389,2.0,1.5739023878728786,18.0,21.344238414149395,12.0,12.964298231660175,25.0,33.73585531090222
1676,2016-09-27 20:00:00,Nongzhanguan,station_target_delta_ridge,300.0,436.83452868272525,53.0,42.435519585374806,2.0,2.1755689461145256,21.0,31.10191287170306,6.0,10.911914582839978,17.0,40.57482020284842
1677,2016-09-27 22:00:00,Dingling,station_target_delta_ridge,100.0,139.83873787977225,66.0,59.24095878685931,3.0,3.264087639391466,2.0,5.404019012510404,9.0,16.34447526368277,9.0,10.934162289053905
1678,2016-09-27 23:00:00,Shunyi,station_target_delta_ridge,200.0,328.5015842764547,46.0,39.61657348095345,3.0,2.530798759229795,18.0,21.05751845641131,7.0,12.714118589473077,18.0,18.060063948794106
1679,2016-09-28 01:00:00,Dongsi,station_target_delta_ridge,300.0,291.1061927728764,30.0,26.537568763345348,2.0,2.524670984320752,39.0,46.573692448745796,14.0,18.79241163518008,35.0,39.29860517962381
1680,2016-09-28 02:00:00,Wanliu,station_target_delta_ridge,300.0,287.26147693368625,8.0,18.063434845775667,2.0,3.370025142835673,46.0,41.554834093482256,12.0,7.083713077833538,12.0,13.181984719291972
1681,2016-09-28 04:00:00,Nongzhanguan,station_target_delta_ridge,300.0,330.85249799468545,3.0,9.863679025455227,2.0,2.2670865119927104,48.0,43.67197878659715,8.0,14.215743148199824,12.0,26.31645581574309
1682,2016-09-28 06:00:00,Changping,station_target_delta_ridge,300.0,224.43784039237323,32.0,24.29276651131953,2.0,2.942248236958269,24.0,26.249543115116786,13.0,15.771999324867606,24.0,24.74845163330996
1683,2016-09-28 07:00:00,Nongzhanguan,station_target_delta_ridge,300.0,211.73555028345706,18.0,13.089815689177225,2.0,2.0940676093653816,30.0,37.659506127270454,9.0,13.14318696873563,14.0,15.776485373344212
1684,2016-09-28 09:00:00,Dingling,station_target_delta_ridge,100.0,135.05571709733556,58.0,55.411142809986366,2.0,1.8539045296237529,2.0,2.825431090621123,3.0,7.568363524897892,6.0,9.17423794524611
1685,2016-09-28 10:00:00,Tiantan,station_target_delta_ridge,300.0,323.22616743360334,39.0,36.60104701379785,2.0,3.935299604808124,25.0,28.32000694624126,5.0,8.391748200823569,10.0,16.193303341514177
1686,2016-09-28 12:00:00,Shunyi,station_target_delta_ridge,200.0,180.73882906748497,58.0,57.77329586195395,2.0,1.9298198711431325,6.0,6.9593052452723,12.0,8.038765162223418,12.0,5.15917975054636
1687,2016-09-28 14:00:00,Nongzhanguan,station_target_delta_ridge,200.0,284.6041244105344,73.0,75.42564202877978,2.0,2.7255885563458104,12.0,12.542172110114539,4.0,13.367057309865539,9.0,9.51835591567423
1688,2016-09-28 16:00:00,Tiantan,station_target_delta_ridge,400.0,403.761503923838,70.0,63.56083087593086,2.0,0.61605107761655,23.0,27.128217457777378,13.0,13.703895789341773,13.0,23.842090570765436
1689,2016-09-28 18:00:00,Huairou,station_target_delta_ridge,200.0,226.23638999155526,49.0,42.93055091211002,2.0,3.1579140734162623,13.0,13.300067298143937,9.0,8.295826341374212,31.0,30.441425538027556
1690,2016-09-28 20:00:00,Aotizhongxin,station_target_delta_ridge,900.0,822.3796775312203,2.0,-9.715689197779858,2.0,1.7591907560052924,87.0,97.46695026500122,24.0,18.679777116987903,95.0,57.003508985233935
1691,2016-09-28 21:00:00,Shunyi,station_target_delta_ridge,700.0,651.2658267083028,2.0,-3.1669410367209663,4.0,4.140307309450166,75.0,79.6491159917768,26.0,39.95180726806978,54.0,77.26876747353224
1692,2016-09-28 23:00:00,Dingling,station_target_delta_ridge,100.0,151.29628057044147,34.0,30.910615736178336,2.0,2.3817730547748255,2.0,4.259255732657337,14.0,15.725970210899895,14.0,16.966179021969964
1693,2016-09-29 00:00:00,Shunyi,station_target_delta_ridge,800.0,913.3862919992248,2.0,2.6913712199246556,3.0,2.579651652496128,48.0,49.89269618675752,47.0,60.025338394240954,90.0,91.85358492005926
1694,2016-09-29 02:00:00,Dongsi,station_target_delta_ridge,1300.0,716.5442919590273,2.0,2.5518802795148456,2.0,3.824595476205734,97.0,96.71578373268288,58.0,43.73889342040946,113.0,93.8400853911325
1695,2016-09-29 03:00:00,Tiantan,station_target_delta_ridge,700.0,752.5458998759352,2.0,1.1883711278857736,2.0,2.8480267190326325,44.0,50.52517216311578,34.0,37.25685625381202,38.0,66.65954489425071
1696,2016-09-29 05:00:00,Guanyuan,station_target_delta_ridge,500.0,650.4769453305732,2.0,3.1779367260988045,2.0,1.5804450329696313,58.0,55.00753761249979,38.0,40.09821178523465,66.0,82.51324969070987
1697,2016-09-29 07:00:00,Aotizhongxin,station_target_delta_ridge,800.0,423.5742689493446,2.0,6.234623152410256,2.0,1.2400770126144018,44.0,39.89669746288638,16.0,9.545851950648636,24.0,8.459854979336813
1698,2016-09-29 08:00:00,Shunyi,station_target_delta_ridge,500.0,396.70495450416854,2.0,5.237789026443091,3.0,2.151192916852304,36.0,32.816734174168566,24.0,16.20922889978331,45.0,18.71317792016884
1699,2016-09-29 10:00:00,Tiantan,station_target_delta_ridge,900.0,896.652021341187,6.0,9.765997642700167,4.0,0.38387119814580184,86.0,73.60869178969946,48.0,41.280209753484975,72.0,83.30982858829432
1700,2016-09-29 12:00:00,Huairou,station_target_delta_ridge,400.0,364.9774629085357,57.0,49.39591633785742,7.0,5.447402061953892,32.0,31.650853426770702,36.0,34.97190732040626,62.0,61.35938465025795
1701,2016-09-29 14:00:00,Guanyuan,station_target_delta_ridge,400.0,559.8863121998173,103.0,108.48561759114484,10.0,10.315638204366515,32.0,33.48803791497538,59.0,55.97696974785859,81.0,71.31486219910121
1702,2016-09-29 16:00:00,Dingling,station_target_delta_ridge,300.0,510.0,127.0,115.5,2.0,7.8,34.0,35.7,35.0,65.7,35.0,79.2
1703,2016-09-29 17:00:00,Tiantan,station_target_delta_ridge,600.0,653.5423487723943,120.0,119.717942530921,10.0,8.961569999798247,38.0,39.66275727248034,71.0,78.6879334778756,91.0,100.19622337170384
1704,2016-09-29 19:00:00,Nongzhanguan,station_target_delta_ridge,700.0,570.8773905154748,93.0,87.88548833413284,15.0,14.411414503874685,57.0,63.39634035795004,80.0,69.95905696600406,115.0,99.91934444370317
1705,2016-09-29 21:00:00,Guanyuan,station_target_delta_ridge,700.0,714.6207455147936,55.0,69.2347493045145,11.0,11.244233865134097,84.0,76.2180953373583,87.0,77.43196567919985,136.0,121.37967847937239
1706,2016-09-29 23:00:00,Aotizhongxin,station_target_delta_ridge,1300.0,977.1322604333342,2.0,21.66540639089758,3.0,6.634834698829692,131.0,108.5843857424914,94.0,86.7777076298403,201.0,122.66892282263727
1707,2016-09-30 00:00:00,Shunyi,station_target_delta_ridge,600.0,761.6634536003364,17.0,1.3261935377290692,4.0,3.595474770914355,65.0,81.8994728375087,87.0,97.20690194007837,88.0,114.49273591803755
1708,2016-09-30 02:00:00,Huairou,station_target_delta_ridge,600.0,579.8269684284852,33.0,23.113520782709635,4.0,5.321136070461177,17.0,19.27115442580986,62.0,60.088429271565076,62.0,58.31414294763147
1709,2016-09-30 04:00:00,Dongsi,station_target_delta_ridge,500.0,346.1306610580968,13.0,6.5742287537888275,3.0,2.9006379614557716,83.0,85.5790957917074,76.0,87.33928128052757,112.0,144.7029506406192
1710,2016-09-30 06:00:00,Changping,station_target_delta_ridge,700.0,553.8196379870071,41.0,31.8463543185031,2.0,3.030319157765695,51.0,50.449527232366755,79.0,82.29177079506294,80.0,83.41437305108799
1711,2016-09-30 07:00:00,Wanliu,station_target_delta_ridge,1000.0,837.4041511430438,2.0,2.2974252494334073,2.0,3.618841202330347,73.0,77.60548930128834,86.0,84.80588540080277,86.0,87.68564651373653
1712,2016-09-30 09:00:00,Huairou,station_target_delta_ridge,600.0,702.6249865220019,12.0,10.05375558356261,2.0,4.354279780847129,36.0,38.40041327268651,71.0,74.32664696060007,91.0,95.64717297992645
1713,2016-09-30 11:00:00,Changping,station_target_delta_ridge,1100.0,1101.3831189305952,9.0,22.157912536090993,6.0,5.561196906678099,127.0,93.34856359116364,105.0,109.42472087824555,159.0,155.84717712462123
1714,2016-09-30 13:00:00,Changping,station_target_delta_ridge,700.0,703.1844226220991,119.0,106.97589834822878,8.0,6.695798735572109,74.0,61.98698453866636,100.0,96.29202677945379,118.0,138.70299234319936
1715,2016-09-30 14:00:00,Shunyi,station_target_delta_ridge,600.0,545.8461985008071,155.0,159.82250573271952,17.0,15.722422373172805,46.0,38.09511934815788,98.0,99.0592354955478,98.0,114.95857749326571
1716,2016-09-30 16:00:00,Dingling,station_target_delta_ridge,600.0,609.8796370437818,203.0,198.0845148063622,2.0,1.8488502187039155,25.0,27.017895330640627,85.0,93.44366225220921,105.0,107.46382317944285
1717,2016-09-30 17:00:00,Shunyi,station_target_delta_ridge,800.0,735.8073478192334,151.0,158.35620973033195,16.0,14.018179121040845,64.0,60.76526840191886,126.0,109.073545882843,150.0,134.15370654576634
1718,2016-09-30 19:00:00,Dongsi,station_target_delta_ridge,1300.0,929.5522676568446,101.0,122.91684761784015,18.0,15.769309345228024,99.0,66.89712408077165,141.0,133.14806603347648,191.0,174.6274854321735
1719,2016-09-30 20:00:00,Tiantan,station_target_delta_ridge,1200.0,1193.2884845937613,26.0,29.80664513512974,4.0,2.925112855918954,89.0,84.82839602825916,110.0,113.92388242202813,140.0,144.7631905752748
1720,2016-09-30 22:00:00,Dongsi,station_target_delta_ridge,1300.0,1217.8719654236145,59.0,58.09157241447257,19.0,15.444732555843457,119.0,117.71844098167358,128.0,123.03004818797872,204.0,199.69128078949112
1721,2016-09-30 23:00:00,Wanliu,station_target_delta_ridge,1300.0,1318.0287178238707,30.0,48.6178372429221,6.0,7.808160625625531,122.0,115.28073121903537,144.0,134.94233775027925,144.0,127.92425721006681
1722,2016-10-01 01:00:00,Guanyuan,station_target_delta_ridge,1600.0,1069.030539381465,22.0,82.54518300308163,9.0,13.315107943810721,126.0,65.92119141138313,133.0,127.23221425528888,198.0,182.224974824357
1723,2016-10-01 03:00:00,Aotizhongxin,station_target_delta_ridge,1200.0,1220.0,2.0,16.8,2.0,4.7,131.0,112.7,165.0,142.4,181.0,181.3
1724,2016-10-01 04:00:00,Wanshouxigong,station_target_delta_ridge,1600.0,1525.2883654848629,2.0,5.58833868878984,2.0,2.336771360549785,133.0,139.96162296452417,151.0,165.23738743401432,151.0,165.69093236932792
1725,2016-10-01 06:00:00,Nongzhanguan,station_target_delta_ridge,1600.0,1671.0592486455228,2.0,2.021564800109788,6.0,5.885562599592135,88.0,87.16861978425425,163.0,154.64166854123508,179.0,181.07826255731382
1726,2016-10-01 08:00:00,Dongsi,station_target_delta_ridge,1700.0,1578.9238065926795,2.0,6.406544846752897,7.0,5.853639018293021,112.0,102.34571167777304,172.0,163.77258312854548,228.0,212.40016405148427
1727,2016-10-01 09:00:00,Wanshouxigong,station_target_delta_ridge,1700.0,1856.1291697014801,13.0,13.783233843846721,2.0,5.8964704698173644,111.0,95.77726941496641,167.0,168.30377397742006,167.0,188.02903070359827
1728,2016-10-01 11:00:00,Nongzhanguan,station_target_delta_ridge,1900.0,1910.2991022098226,56.0,59.67072213126453,21.0,19.797881189795294,87.0,87.12089316297292,212.0,201.3464352288048,235.0,220.56179128591572
1729,2016-10-01 13:00:00,Dongsi,station_target_delta_ridge,1900.0,1652.1746393473927,104.0,99.4310452603111,24.0,24.04770653547436,124.0,121.77574428815518,228.0,224.2969189352127,260.0,255.53073270670384
1730,2016-10-01 14:00:00,Wanshouxigong,station_target_delta_ridge,1300.0,1154.613964150236,139.0,138.03829684014406,2.0,5.321572130986099,71.0,96.7743816018698,160.0,159.19969281647144,160.0,154.15487359526978
1731,2016-10-01 16:00:00,Nongzhanguan,station_target_delta_ridge,1000.0,993.9297472846936,148.0,146.39432025653542,26.0,28.07666178885555,44.0,43.79138552319779,130.0,145.12470710552256,136.0,157.13046068176828
1732,2016-10-01 18:00:00,Dongsi,station_target_delta_ridge,1100.0,953.9784141365931,136.0,122.94116168388244,18.0,16.92410451088231,60.0,61.44926165543794,143.0,146.49311859132806,188.0,175.76178720000158
1733,2016-10-01 19:00:00,Wanshouxigong,station_target_delta_ridge,1300.0,1427.7808846500084,60.0,50.127477020299565,2.0,-2.863158419613036,81.0,82.06126122477647,143.0,150.8724520658498,143.0,169.39846145935786
1734,2016-10-01 21:00:00,Huairou,station_target_delta_ridge,1500.0,1668.383090929168,89.0,79.89798296022344,7.0,5.708783281209791,30.0,38.34603635662006,214.0,202.6295611845704,214.0,184.85803921188477
1735,2016-10-01 23:00:00,Dongsi,station_target_delta_ridge,2700.0,2886.154202890925,2.0,6.3985033813656855,8.0,8.511074739464622,186.0,171.6387239338766,204.0,228.46010222621373,308.0,307.2574244326095
1736,2016-10-02 00:00:00,Wanshouxigong,station_target_delta_ridge,2400.0,2604.4988801906884,2.0,8.008210926902109,3.0,2.412563620495277,143.0,130.33787543584435,174.0,183.47733914075152,174.0,207.84672081944092
1737,2016-10-02 02:00:00,Huairou,station_target_delta_ridge,1200.0,1273.961129771602,57.0,54.66846667591672,5.0,4.847757810334057,16.0,18.187071546519842,189.0,188.88793430412784,189.0,184.49987577297756
1738,2016-10-02 04:00:00,Changping,station_target_delta_ridge,1000.0,932.0901366320647,2.0,29.682680500940826,2.0,1.1260511099366313,90.0,50.12340465345079,187.0,181.98761630453617,187.0,185.35632944871804
1739,2016-10-02 05:00:00,Nongzhanguan,station_target_delta_ridge,1500.0,1384.9655996902877,2.0,8.085073747602927,4.0,3.7551265924789377,86.0,86.06316824170293,192.0,185.41528943691134,192.0,180.19219549324103
1740,2016-10-02 07:00:00,Changping,station_target_delta_ridge,1400.0,1345.5021654759032,29.0,20.818290380527266,2.0,1.4233916761543877,95.0,88.68778313308823,164.0,164.53673673439945,164.0,162.67816669894552
1741,2016-10-02 08:00:00,Shunyi,station_target_delta_ridge,1000.0,916.8288765970523,32.0,62.491196191105615,4.0,3.4992152608701286,66.0,37.22726570003029,130.0,137.6502029400246,130.0,143.03763146415557
1742,2016-10-02 10:00:00,Dingling,station_target_delta_ridge,1200.0,1174.1971564170929,69.0,56.77294361275925,2.0,2.107050890994885,25.0,36.9608249551101,166.0,160.34269050275878,166.0,164.38493841926075
1743,2016-10-02 11:00:00,Shunyi,station_target_delta_ridge,1000.0,946.5427319683264,85.0,87.99069938828997,7.0,5.2754487783332,39.0,29.99501101637907,140.0,149.0315216428457,140.0,151.34914477868386
1744,2016-10-02 13:00:00,Dingling,station_target_delta_ridge,1100.0,1183.6789311594232,178.0,183.60082357811442,2.0,3.1079528893828723,19.0,25.46474576491623,157.0,169.76625943688768,157.0,172.84718679454306
1745,2016-10-02 14:00:00,Tiantan,station_target_delta_ridge,1400.0,1309.4340674822467,146.0,129.78089450212087,16.0,14.776765131230599,58.0,71.36253346745313,187.0,186.21553089651255,187.0,183.07119876826718
1746,2016-10-02 16:00:00,Dongsi,station_target_delta_ridge,1300.0,1210.639143478501,142.0,147.86350581418893,14.0,14.587005455775778,67.0,62.46390102970153,172.0,170.55558532846013,208.0,200.77708619304354
1747,2016-10-02 17:00:00,Tiantan,station_target_delta_ridge,1300.0,1097.327004314426,150.0,146.03329586743973,10.0,11.178611439065461,61.0,60.58615121572561,175.0,164.4125913892197,192.0,182.1930280982805
1748,2016-10-02 19:00:00,Guanyuan,station_target_delta_ridge,1500.0,1317.9225118806305,94.0,121.80174698575651,6.0,6.945991232222923,82.0,73.0753255248392,191.0,182.1746737714693,231.0,207.3355898116291
1749,2016-10-02 20:00:00,Wanliu,station_target_delta_ridge,1300.0,1395.0636227679724,66.0,48.31171928690489,2.0,0.6322861125210275,89.0,102.00797065629033,156.0,173.65161656000393,156.0,160.7089402904474
1750,2016-10-02 22:00:00,Guanyuan,station_target_delta_ridge,1400.0,1428.5949789133683,70.0,67.1249669558766,6.0,7.26731506941438,88.0,96.95438671819775,191.0,198.47707375448033,217.0,214.4211521271514
1751,2016-10-02 23:00:00,Wanshouxigong,station_target_delta_ridge,1600.0,1533.2878106075007,6.0,14.430475971592674,2.0,3.9167662590329595,105.0,105.18887934492788,166.0,190.2920797736932,166.0,190.39734678985727
1752,2016-10-03 01:00:00,Gucheng,station_target_delta_ridge,1200.0,1656.8830289245088,2.0,15.31227579128663,2.0,1.5142244866144305,94.0,101.14826218280864,162.0,207.69771627574602,162.0,221.77621970562384
1753,2016-10-03 03:00:00,Aotizhongxin,station_target_delta_ridge,900.0,1109.090909090909,2.0,6.7272727272727275,2.0,3.0,66.0,55.0,87.0,123.54545454545455,87.0,123.72727272727273
1754,2016-10-03 04:00:00,Shunyi,station_target_delta_ridge,1000.0,939.7382273771744,2.0,0.8121116215328641,4.0,4.514037687804975,47.0,49.04194298311114,70.0,61.704152644564815,70.0,85.75711455026814
1755,2016-10-03 06:00:00,Gucheng,station_target_delta_ridge,1300.0,1215.3373910454718,8.0,7.0745329684821465,2.0,1.7452623068939563,57.0,51.13638122601979,186.0,183.15893004204958,186.0,170.0292165515913
1756,2016-10-03 07:00:00,Wanshouxigong,station_target_delta_ridge,1400.0,1437.6905985183444,2.0,2.111010254885183,2.0,1.4649362265816483,84.0,84.62563840683424,146.0,139.61979244546143,146.0,127.1067048189365
1757,2016-10-03 09:00:00,Gucheng,station_target_delta_ridge,1300.0,1335.9179150172495,15.0,17.089949068519825,2.0,1.9808814838463655,58.0,56.48977414545659,164.0,194.14800376818556,164.0,186.8040006224592
1758,2016-10-03 11:00:00,Aotizhongxin,station_target_delta_ridge,1200.0,1118.517940847765,76.0,72.12203820871116,3.0,4.101502855679916,47.0,50.301257148393425,162.0,161.31293701322926,162.0,165.27312288902772
1759,2016-10-03 12:00:00,Huairou,station_target_delta_ridge,900.0,990.2899258049946,107.0,99.4763172086101,8.0,7.387386070717815,12.0,14.404789965587128,130.0,146.92779098843405,130.0,159.47564494191317
1760,2016-10-03 14:00:00,Aotizhongxin,station_target_delta_ridge,900.0,937.7928241536342,170.0,163.57588557803598,4.0,3.3346780843128467,31.0,27.511994235126686,120.0,114.9192625259401,120.0,121.7013193925404
1761,2016-10-03 15:00:00,Nongzhanguan,station_target_delta_ridge,700.0,708.4649768297338,167.0,174.35117672513533,6.0,5.173565534239299,18.0,16.234164973225454,75.0,80.8613861058617,75.0,74.65460517546751
1762,2016-10-03 17:00:00,Changping,station_target_delta_ridge,700.0,693.2086097265737,136.0,154.4133647517111,2.0,1.5960278593100463,43.0,42.453155290464515,73.0,72.96570021825616,78.0,92.56567620751129
1763,2016-10-03 18:00:00,Nongzhanguan,station_target_delta_ridge,900.0,879.9223277801773,164.0,147.56227450775182,6.0,6.395664166046138,31.0,43.35845401006934,97.0,80.09590942067432,128.0,128.06479577694034
1764,2016-10-03 20:00:00,Changping,station_target_delta_ridge,1000.0,1389.1851455031817,65.0,25.87514824061362,2.0,1.8450221212389555,62.0,99.08276008155377,86.0,99.656424881446,132.0,161.2482603486852
1765,2016-10-03 21:00:00,Shunyi,station_target_delta_ridge,1200.0,1378.3377031473392,4.0,-2.937857559373505,3.0,3.193469352426149,114.0,127.48600794843055,174.0,140.3557325417947,215.0,175.59077836541337
1766,2016-10-03 23:00:00,Dingling,station_target_delta_ridge,600.0,636.1498726989415,56.0,67.64606413393629,2.0,0.8790999862314912,23.0,20.871659993615822,77.0,81.71201881133209,78.0,104.55584515410791
1767,2016-10-04 00:00:00,Shunyi,station_target_delta_ridge,1000.0,1283.7975799066992,61.0,72.25950994718096,10.0,4.047730104054039,18.0,22.165307616783007,58.0,162.51456435340071,58.0,177.377658098711
1768,2016-10-04 02:00:00,Dongsi,station_target_delta_ridge,600.0,580.2174632345295,37.0,43.98595182008473,4.0,2.970775008855904,21.0,22.33696205024058,17.0,11.69049433932634,50.0,35.70644890024439
1769,2016-10-04 03:00:00,Wanliu,station_target_delta_ridge,600.0,589.8501990679792,46.0,44.133445546293075,2.0,-0.03794763343887153,18.0,17.231547040594506,10.0,19.638268726837307,51.0,47.23775861825571
1770,2016-10-04 05:00:00,Gucheng,station_target_delta_ridge,400.0,458.27112339935655,39.0,41.24760567563684,2.0,2.3682804853300405,17.0,16.337861722785696,18.0,14.666727190090215,33.0,33.93873202660674
1771,2016-10-04 07:00:00,Changping,station_target_delta_ridge,1500.0,1527.3961354883188,23.0,16.21585129248556,2.0,1.717362461125939,40.0,44.8443289128767,20.0,27.437254328526937,33.0,59.52176853145418
1772,2016-10-04 08:00:00,Nongzhanguan,station_target_delta_ridge,800.0,742.7410772951232,30.0,32.30101713754593,2.0,2.8359577837904375,23.0,22.581793041153023,28.0,8.219492086419763,39.0,30.442183017393532
1773,2016-10-04 10:00:00,Changping,station_target_delta_ridge,1400.0,1377.9362801866394,22.0,22.6665394758179,2.0,1.7008747214247129,39.0,45.72122540391898,32.0,22.5879975879302,54.0,53.686141122713806
1774,2016-10-04 11:00:00,Nongzhanguan,station_target_delta_ridge,800.0,908.9911132131667,25.0,21.377061445323044,2.0,2.987352428660922,28.0,33.018827764200246,26.0,19.866949667229747,62.0,54.70524803576648
1775,2016-10-04 13:00:00,Dingling,station_target_delta_ridge,1500.0,1418.4917177647112,20.0,20.481218610428943,2.0,2.1333333361805598,27.0,24.992793191240455,39.0,36.35211452308704,47.0,43.684679135520724
1776,2016-10-04 14:00:00,Shunyi,station_target_delta_ridge,1300.0,1585.6441915022112,8.0,16.856501094074975,10.0,11.730188397166648,52.0,41.52306314491657,41.0,40.510022342629995,94.0,80.31537358907062
1777,2016-10-04 16:00:00,Dingling,station_target_delta_ridge,1100.0,1248.5462079308745,13.0,20.283688691112538,2.0,1.411051271189875,26.0,22.029111787223638,22.0,46.656835316171005,25.0,50.279666246199035
1778,2016-10-04 17:00:00,Wanshouxigong,station_target_delta_ridge,1300.0,1397.8030784215152,2.0,2.2242429666933914,2.0,2.5963510396431655,56.0,52.45132770864545,37.0,37.66353991197673,37.0,39.27709937070718
1779,2016-10-04 19:00:00,Nongzhanguan,station_target_delta_ridge,1500.0,1559.7108653067837,2.0,2.5091741791313504,2.0,2.9097447020681493,57.0,51.53056872265187,47.0,43.53376177499435,52.0,51.51717879000795
1780,2016-10-04 21:00:00,Dingling,station_target_delta_ridge,500.0,514.0940910314002,42.0,41.03706255549841,2.0,2.583046418439602,9.0,13.535519243523751,8.0,12.107786736359254,10.0,9.257916065848644
1781,2016-10-04 22:00:00,Wanshouxigong,station_target_delta_ridge,1400.0,1354.3021354208338,2.0,1.463051443952082,2.0,2.69394592927161,51.0,54.64972943715733,35.0,33.39736010699819,35.0,40.24090343138037
1782,2016-10-05 00:00:00,Nongzhanguan,station_target_delta_ridge,1300.0,1318.3428965430498,2.0,2.7991344804981626,2.0,2.806375623600191,35.0,35.94987249197512,23.0,20.03413828843366,23.0,28.515571602153067
1783,2016-10-05 02:00:00,Guanyuan,station_target_delta_ridge,1000.0,1429.101927697764,2.0,-0.05664632700644123,2.0,4.276052100289743,44.0,40.59640290240796,22.0,24.9770142685275,22.0,22.58490357315012
1784,2016-10-05 04:00:00,Dingling,station_target_delta_ridge,500.0,521.9339796012756,5.0,2.1300520700442243,2.0,2.8517112319166573,8.0,11.946880675525025,14.0,9.285975299805166,14.0,8.974560797976235
1785,2016-10-05 06:00:00,Guanyuan,station_target_delta_ridge,1300.0,1307.1259897585621,2.0,1.3027368541205737,2.0,3.0079815466219295,50.0,43.28935914757321,57.0,55.78459187480803,57.0,50.96405983857541
1786,2016-10-05 08:00:00,Changping,station_target_delta_ridge,1200.0,1320.1901222775496,2.0,0.8976938665400775,2.0,2.0300920938529328,38.0,38.03554959194905,23.0,27.536445644778482,33.0,34.764702075052426
1787,2016-10-05 09:00:00,Wanliu,station_target_delta_ridge,1200.0,1318.8167605114534,4.0,1.427185705624218,2.0,4.3240105823268475,38.0,33.87911873181253,37.0,45.21128028703415,48.0,59.36413026725435
1788,2016-10-05 11:00:00,Nongzhanguan,station_target_delta_ridge,1100.0,1096.5880745587958,26.0,24.97971559497593,2.0,2.285175869188523,24.0,25.699248801865732,51.0,52.20800860948619,51.0,58.61086166144638
1789,2016-10-05 13:00:00,Changping,station_target_delta_ridge,1200.0,1297.3848605176672,100.0,121.97060218641445,2.0,1.0658274647379058,71.0,56.91664873038827,57.0,60.283092354346394,57.0,61.23623385684057
1790,2016-10-05 14:00:00,Nongzhanguan,station_target_delta_ridge,1000.0,1015.9752981030409,77.0,73.18804549753473,3.0,2.774001262075597,25.0,25.956445619909022,65.0,53.75011486319141,65.0,61.36532557228476
1791,2016-10-05 16:00:00,Changping,station_target_delta_ridge,1200.0,1224.551008783088,106.0,87.26128275180884,2.0,0.7931706036919677,49.0,48.865000805528275,53.0,60.40622898340485,70.0,65.37379197877185
1792,2016-10-05 17:00:00,Shunyi,station_target_delta_ridge,1100.0,1125.4452378893295,61.0,64.88759921750565,3.0,2.8851563567334164,37.0,33.35416413753117,82.0,73.30988107655669,82.0,82.34587517532464
1793,2016-10-05 19:00:00,Dingling,station_target_delta_ridge,1100.0,1142.8399587610809,51.0,51.27735364985527,2.0,1.8563586451859169,23.0,33.690031326966555,64.0,69.50156562018118,68.0,74.41690358771747
1794,2016-10-05 20:00:00,Shunyi,station_target_delta_ridge,1200.0,1365.937916997977,4.0,17.056395163820206,3.0,2.1048939466552854,68.0,56.24747790847654,105.0,94.08655115429414,105.0,100.90167659515375
1795,2016-10-05 22:00:00,Dongsi,station_target_delta_ridge,1900.0,1654.4186193712455,2.0,3.9540031773768822,2.0,2.6780723823922323,79.0,78.86754082098275,105.0,114.54643752697034,172.0,145.35816205038057
1796,2016-10-05 23:00:00,Tiantan,station_target_delta_ridge,2000.0,1926.533670676225,2.0,3.111223487800436,2.0,2.0464919534724024,43.0,47.155797010377086,89.0,89.65288701055725,89.0,102.06551521326637
1797,2016-10-06 01:00:00,Dongsi,station_target_delta_ridge,1500.0,2074.0295897126593,2.0,0.23822230485674734,3.0,2.448562872813664,64.0,65.52692669646392,103.0,106.79790000026873,123.0,123.10278748176293
1798,2016-10-06 02:00:00,Wanliu,station_target_delta_ridge,1400.0,1226.7687367538451,2.0,1.394529279968459,2.0,3.819916017421376,57.0,59.52706057251732,85.0,84.2673529376438,103.0,93.48755999987291
1799,2016-10-06 04:00:00,Guanyuan,station_target_delta_ridge,1500.0,1352.756173604582,2.0,1.3385435377237676,3.0,3.379648061683929,62.0,57.8507710023956,93.0,91.38797944165937,93.0,92.62213437941085
1800,2016-10-06 05:00:00,Wanliu,station_target_delta_ridge,1400.0,1399.8271530595846,2.0,1.4181860738225174,2.0,2.5724047081976966,56.0,56.61427655215813,82.0,81.71353319150369,88.0,84.09071977769688
1801,2016-10-06 07:00:00,Guanyuan,station_target_delta_ridge,2400.0,2390.399599486636,2.0,2.2642440596178224,6.0,7.34408497771863,64.0,66.57958586196173,91.0,89.10482060838504,113.0,109.72860376753333
1802,2016-10-06 08:00:00,Wanshouxigong,station_target_delta_ridge,2700.0,2801.761969555771,2.0,4.4743051279067245,2.0,1.4608382862361986,63.0,62.914015224361506,82.0,85.77029431312047,82.0,91.62619353612521
1803,2016-10-06 10:00:00,Gucheng,station_target_delta_ridge,2500.0,2110.5075434619544,2.0,6.035007150688963,2.0,2.780237319507086,60.0,55.80432847076181,113.0,93.64807830511273,135.0,84.11907165090409
1804,2016-10-06 11:00:00,Wanshouxigong,station_target_delta_ridge,1600.0,1616.0628879780395,2.0,6.294315761580648,2.0,1.782703389502258,45.0,48.60402552575873,57.0,60.47859422218429,57.0,50.53356983846016
1805,2016-10-06 13:00:00,Huairou,station_target_delta_ridge,1200.0,980.272932462848,2.0,5.5106452006002185,4.0,3.8514494501305956,28.0,24.800660168371607,68.0,64.5125727479362,68.0,80.27230165576319
1806,2016-10-06 15:00:00,Aotizhongxin,station_target_delta_ridge,1100.0,1200.652066833682,13.0,11.821110321679114,2.0,1.8947182293424594,45.0,48.16572978602086,51.0,50.20339872784013,55.0,65.31920476960461
1807,2016-10-06 16:00:00,Huairou,station_target_delta_ridge,1800.0,1605.4068583682301,2.0,2.078594349844853,6.0,5.803365259207404,36.0,35.33948428206593,66.0,57.02238609095927,92.0,88.32261984019891
1808,2016-10-06 18:00:00,Changping,station_target_delta_ridge,2300.0,2219.906295512755,2.0,5.581216634934684,3.0,2.735302667779402,53.0,41.90851436746942,71.0,60.367939866051145,90.0,111.8532003950841
1809,2016-10-06 19:00:00,Nongzhanguan,station_target_delta_ridge,1900.0,1731.2183234012618,2.0,33.09823877997427,4.0,3.424869017474251,50.0,34.318980480255775,72.0,52.07455978317933,72.0,93.33350746353837
1810,2016-10-06 21:00:00,Changping,station_target_delta_ridge,2200.0,2386.37923195421,6.0,5.082545626046397,2.0,0.5637390059456928,55.0,54.80100476422457,62.0,77.66460409231532,62.0,102.0852080417573
1811,2016-10-06 22:00:00,Nongzhanguan,station_target_delta_ridge,800.0,1328.7570592971792,34.0,38.22628659734309,2.0,2.7956601373112977,25.0,24.29420003286618,39.0,48.47121979102285,39.0,62.96779357369412
1812,2016-10-07 00:00:00,Dingling,station_target_delta_ridge,900.0,1230.6237697710774,36.0,39.20861398076839,2.0,1.9800827790132403,24.0,26.51249909776189,39.0,37.125958021115345,39.0,43.006353563350345
1813,2016-10-07 01:00:00,Shunyi,station_target_delta_ridge,1500.0,1189.8521207898625,5.0,14.130378264826415,3.0,1.9343675472296529,49.0,30.422786728533083,64.0,58.60074101378615,64.0,50.02311142574814
1814,2016-10-07 03:00:00,Dongsi,station_target_delta_ridge,900.0,965.5167269158072,12.0,15.420517636987343,4.0,1.99474368476168,34.0,31.701369410501286,39.0,37.07367355296365,39.0,42.58983785773382
1815,2016-10-07 05:00:00,Aotizhongxin,station_target_delta_ridge,1600.0,1420.0,10.0,10.1,2.0,2.4,44.0,39.8,40.0,38.7,40.0,38.7
1816,2016-10-07 06:00:00,Nongzhanguan,station_target_delta_ridge,1900.0,2119.2707832183028,3.0,6.830223005100768,2.0,1.9924022202662786,39.0,40.17154549006147,45.0,40.63991948928617,45.0,48.860678884648785
1817,2016-10-07 08:00:00,Changping,station_target_delta_ridge,2000.0,1867.0183807935189,6.0,11.315860125115366,2.0,2.2732009561119915,52.0,47.541491359111056,35.0,38.59378371684402,35.0,47.304342077547446
1818,2016-10-07 09:00:00,Shunyi,station_target_delta_ridge,1400.0,1321.3919175579124,11.0,19.143049856612166,3.0,1.9675469869404065,39.0,31.35956514371647,57.0,42.311422805390045,57.0,39.758002688476786
1819,2016-10-07 11:00:00,Dongsi,station_target_delta_ridge,1800.0,2049.873272677252,5.0,5.693790005513691,4.0,3.0448735513170853,41.0,42.0739356063204,38.0,41.254439038819164,38.0,42.120589317529856
1820,2016-10-07 12:00:00,Tiantan,station_target_delta_ridge,2200.0,2130.6154525965235,7.0,5.215211501779809,2.0,2.2893920368017335,48.0,48.363331670798615,39.0,44.85987588713698,39.0,51.01879015392278
1821,2016-10-07 14:00:00,Dongsi,station_target_delta_ridge,1900.0,2150.200614031337,2.0,2.8991736248065068,4.0,2.288932742342535,47.0,48.02350471533785,40.0,40.12964379520501,40.0,40.92471482918605
1822,2016-10-07 15:00:00,Wanliu,station_target_delta_ridge,1900.0,2264.1493055698934,8.0,0.8281562526550146,2.0,2.7451780723392973,52.0,57.93620598612168,38.0,48.749931469293514,38.0,45.287093700436614
1823,2016-10-07 17:00:00,Guanyuan,station_target_delta_ridge,1900.0,1894.0712172854487,2.0,2.882516083563139,2.0,2.279617935861035,61.0,55.79044041459491,50.0,46.6692677543202,50.0,35.38057732944084
1824,2016-10-07 18:00:00,Wanliu,station_target_delta_ridge,1800.0,1843.3978313258956,2.0,-0.897982619862514,2.0,2.068007693702063,54.0,57.36145448035783,45.0,44.19073179435256,45.0,43.52963963237524
1825,2016-10-07 20:00:00,Gucheng,station_target_delta_ridge,1900.0,1894.0596012688707,2.0,2.5805535596368294,2.0,2.091339301988339,61.0,63.48893434084403,50.0,53.85818614643326,50.0,58.78046377825093
1826,2016-10-07 21:00:00,Wanshouxigong,station_target_delta_ridge,2000.0,1859.326732563124,2.0,5.800500629352346,2.0,2.064727567452864,59.0,56.619044114461715,46.0,51.40407303144196,46.0,51.1874096517051
1827,2016-10-07 23:00:00,Gucheng,station_target_delta_ridge,700.0,116.75095500371299,22.0,37.77109225175036,2.0,2.0412364581882136,36.0,12.391795059156372,21.0,0.692997902146054,50.0,14.437874655181837
1828,2016-10-08 01:00:00,Aotizhongxin,station_target_delta_ridge,200.0,173.6571580894304,58.0,52.87968031712162,2.0,1.5519444952139114,16.0,13.29092127500013,4.0,1.815549049353173,6.0,5.228570460808012
1829,2016-10-08 02:00:00,Nongzhanguan,station_target_delta_ridge,400.0,303.3903418105221,55.0,51.67445040986231,2.0,1.338806320604197,9.0,11.944969360859535,6.0,6.527274350878438,6.0,10.580142560093709
1830,2016-10-08 04:00:00,Dongsi,station_target_delta_ridge,100.0,131.58655003612066,55.0,35.922932104186984,2.0,1.460397420315711,9.0,9.108650624614366,5.0,8.062221019839019,6.0,12.583893649765097
1831,2016-10-08 05:00:00,Wanshouxigong,station_target_delta_ridge,300.0,265.2566480281882,51.0,52.61345367662868,2.0,1.566695918682289,9.0,10.546802907855533,3.0,11.790505920453674,10.0,10.780511907283646
1832,2016-10-08 07:00:00,Nongzhanguan,station_target_delta_ridge,900.0,681.0056423038039,38.0,34.32743261243358,2.0,1.7915243244225039,17.0,21.009087072802608,3.0,9.210434373192822,14.0,23.081544759277385
1833,2016-10-08 09:00:00,Dingling,station_target_delta_ridge,300.0,221.73082791064556,54.0,54.392926404565095,2.0,1.9319844708451208,8.0,7.9086271774268395,13.0,10.428514854373782,13.0,13.314208876676775
1834,2016-10-08 10:00:00,Tiantan,station_target_delta_ridge,500.0,352.5336081095249,48.0,49.15757311177109,3.0,3.4960893696224122,17.0,15.19003706995731,13.0,8.427195807682704,13.0,12.857623330386549
1835,2016-10-08 12:00:00,Shunyi,station_target_delta_ridge,300.0,270.79005201773134,60.0,62.28525792612313,3.0,2.254506218071861,10.0,8.460296467059845,24.0,20.50323103363943,24.0,35.21041534711333
1836,2016-10-08 14:00:00,Dingling,station_target_delta_ridge,200.0,148.6357914876071,75.0,79.97991239041413,2.0,0.8708494610793338,7.0,6.949757356775728,7.0,27.778022261385914,7.0,46.90135319721414
1837,2016-10-08 15:00:00,Tiantan,station_target_delta_ridge,400.0,408.78463197301556,73.0,74.2188013743037,2.0,2.668787794850748,13.0,12.878733646982235,8.0,4.67629932580257,20.0,10.95549988612212
1838,2016-10-08 17:00:00,Guanyuan,station_target_delta_ridge,300.0,251.75397623166043,58.0,61.825740253676734,2.0,1.7410434958206245,31.0,24.610130612195363,14.0,7.616766585635785,21.0,14.503016842945978
1839,2016-10-08 19:00:00,Changping,station_target_delta_ridge,800.0,797.0592447457423,31.0,34.761648705591135,2.0,3.2434410741822597,37.0,34.041366720209375,19.0,4.783857462622693,46.0,48.20746855249459
1840,2016-10-08 20:00:00,Tiantan,station_target_delta_ridge,600.0,672.1976653977732,6.0,-0.806885971624471,2.0,0.45895519328062884,37.0,48.93116297423254,18.0,17.191480987987077,37.0,65.85689055272826
1841,2016-10-08 22:00:00,Gucheng,station_target_delta_ridge,700.0,1013.7542030046245,7.0,2.4633924749712417,2.0,2.1431864116036703,62.0,68.44679604749541,28.0,36.748242747704126,91.0,77.75655860301731
1842,2016-10-09 00:00:00,Changping,station_target_delta_ridge,800.0,833.8143198096292,21.0,21.962060092259783,2.0,3.409817056198034,34.0,30.125637350112296,18.0,17.64515492076181,39.0,42.557522150875975
1843,2016-10-09 01:00:00,Tiantan,station_target_delta_ridge,800.0,809.4862020624319,2.0,1.385923055797701,2.0,1.1532233195318482,48.0,46.45059594112464,22.0,18.262435435677286,57.0,41.147383928556856
1844,2016-10-09 03:00:00,Huairou,station_target_delta_ridge,200.0,205.78864072295457,8.0,8.2870549784321,2.0,2.548152173364958,6.0,6.18462960625329,10.0,9.68787026661189,10.0,14.93679048800195
1845,2016-10-09 05:00:00,Nongzhanguan,station_target_delta_ridge,700.0,1153.654416372898,2.0,2.040787335306223,5.0,8.548150058646744,47.0,38.94289805674801,37.0,38.96625587458334,58.0,83.30110382791077
1846,2016-10-09 07:00:00,Gucheng,station_target_delta_ridge,700.0,719.1782793501206,2.0,2.64113487484179,2.0,2.193201713931553,52.0,49.023329891670535,19.0,18.521969025859885,41.0,44.49205816576642
1847,2016-10-09 09:00:00,Dongsi,station_target_delta_ridge,600.0,777.6992688668746,2.0,5.605187501046431,4.0,2.509232086473313,41.0,47.207514636034546,26.0,34.17481132427208,55.0,97.06472830920417
1848,2016-10-09 11:00:00,Aotizhongxin,station_target_delta_ridge,600.0,502.5361755696062,16.0,11.896648585063573,3.0,1.2300006950335118,45.0,44.59318181910634,20.0,18.66784778126012,63.0,40.212163520503665
1849,2016-10-09 12:00:00,Wanliu,station_target_delta_ridge,600.0,572.2584824328569,20.0,15.30467362671825,5.0,4.028818366153859,53.0,54.71268965537702,29.0,32.42172513730611,53.0,49.2999565803899
1850,2016-10-09 14:00:00,Nongzhanguan,station_target_delta_ridge,400.0,637.097045037005,54.0,38.160026950818725,6.0,8.304386847521915,33.0,55.74681608663749,36.0,49.399754343215264,41.0,72.37919927299104
1851,2016-10-09 16:00:00,Dongsi,station_target_delta_ridge,400.0,371.12998544982247,57.0,50.23535629581979,5.0,5.958043912438477,20.0,24.030198203628732,20.0,29.680737345816606,29.0,42.20160457386814
1852,2016-10-09 17:00:00,Wanshouxigong,station_target_delta_ridge,400.0,470.40547944703275,49.0,48.25843943054372,3.0,1.8623443523986722,32.0,32.774519552694514,21.0,16.529198933699178,106.0,51.39293692579727
1853,2016-10-09 19:00:00,Nongzhanguan,station_target_delta_ridge,600.0,747.0069537981677,20.0,9.300161186254059,11.0,10.103804386401412,57.0,70.33654172979641,37.0,44.25670967608077,77.0,90.67223502154337
1854,2016-10-09 21:00:00,Dongsi,station_target_delta_ridge,800.0,806.5213084351587,2.0,-1.2166121876468763,13.0,13.156588221935078,80.0,83.19939527716087,44.0,48.51703169865912,102.0,100.39126230555006
1855,2016-10-09 22:00:00,Wanshouxigong,station_target_delta_ridge,1200.0,1050.4646544207906,2.0,1.155870752730828,2.0,2.458019422036071,70.0,72.8346488424983,51.0,50.10882516846226,84.0,94.81203841579028
1856,2016-10-10 00:00:00,Nongzhanguan,station_target_delta_ridge,1100.0,1067.8076841246932,2.0,2.536431254904561,6.0,5.82178179252517,62.0,65.37377406096768,51.0,63.17725252663206,114.0,108.0814281818232
1857,2016-10-10 02:00:00,Dongsi,station_target_delta_ridge,1100.0,975.0361285346385,2.0,1.4402701892203913,6.0,9.685238779204314,60.0,65.47700256161579,65.0,70.85818835897186,122.0,117.06723659010642
1858,2016-10-10 03:00:00,Wanliu,station_target_delta_ridge,800.0,830.4223092616945,2.0,4.010502671147312,3.0,2.1211359683341056,64.0,70.7993288816676,50.0,50.95658622837124,87.0,84.99559773463724
1859,2016-10-10 05:00:00,Shunyi,station_target_delta_ridge,700.0,890.0,2.0,2.3,2.0,3.4,48.0,52.8,43.0,53.7,49.0,86.9
1860,2016-10-10 07:00:00,Guanyuan,station_target_delta_ridge,900.0,863.3058527743606,2.0,2.4514032445174507,3.0,2.12911000206989,58.0,54.208324014543884,56.0,53.35066011985254,92.0,89.7797768153057
1861,2016-10-10 09:00:00,Changping,station_target_delta_ridge,1200.0,852.2195762340857,4.0,5.834746658261859,6.0,3.2767168003927436,56.0,48.400847988776725,58.0,52.272897295431875,112.0,82.65844089838755
1862,2016-10-10 10:00:00,Wanshouxigong,station_target_delta_ridge,1000.0,1023.7858988259377,4.0,6.360506859085582,5.0,4.318714444071999,63.0,65.49728214526226,57.0,59.42858685574686,95.0,84.57292270853075
1863,2016-10-10 12:00:00,Wanliu,station_target_delta_ridge,1000.0,965.2774584419509,20.0,19.060856907114065,15.0,15.82552582648645,68.0,76.93288544526717,78.0,89.86696519867482,93.0,104.28910874140453
1864,2016-10-10 14:00:00,Huairou,station_target_delta_ridge,1000.0,908.0992455027824,44.0,44.666914208573324,31.0,27.016252944676765,48.0,44.254607182147616,102.0,97.13644553438662,118.0,110.62983632312742
1865,2016-10-10 16:00:00,Changping,station_target_delta_ridge,1000.0,861.6365497900957,42.0,50.146879759839095,12.0,13.064087544320996,97.0,93.79509104418352,101.0,73.47618109197496,135.0,122.85883138476177
1866,2016-10-10 17:00:00,Nongzhanguan,station_target_delta_ridge,1300.0,1180.1500395134635,31.0,38.02809239806494,24.0,24.28324760274545,91.0,96.65136875623642,131.0,128.49750607600203,161.0,204.64344368269616
1867,2016-10-10 19:00:00,Dongsi,station_target_delta_ridge,1500.0,1236.0528345659993,4.0,10.373270659526613,17.0,14.725361104831517,137.0,123.28296011324211,146.0,133.61559371442354,197.0,174.86959587567978
1868,2016-10-10 20:00:00,Wanliu,station_target_delta_ridge,1300.0,1595.2460929853196,2.0,-0.9450336426510839,3.0,3.568630964919591,116.0,117.47275835004933,122.0,134.30990487991664,141.0,171.25581766683007
1869,2016-10-10 22:00:00,Nongzhanguan,station_target_delta_ridge,2500.0,2505.3917906804686,3.0,2.2600222222612407,12.0,8.774967436012863,106.0,108.0418569111101,160.0,168.6604666718352,220.0,232.78413576664488
1870,2016-10-11 00:00:00,Dongsi,station_target_delta_ridge,1700.0,2187.8145005971646,2.0,2.7444468555172343,8.0,5.511389957295797,131.0,137.37398364915788,156.0,154.4479939650421,228.0,247.31082832296124
1871,2016-10-11 01:00:00,Wanliu,station_target_delta_ridge,1500.0,1324.4559194127478,2.0,1.2157481912832075,3.0,1.737833942804606,74.0,81.24708142232441,114.0,121.4563813715884,118.0,129.65132197589475
1872,2016-10-11 03:00:00,Shunyi,station_target_delta_ridge,1200.0,1134.197463736259,2.0,2.9390173270626097,6.0,4.425232158240784,73.0,70.21547425330537,139.0,133.20321723661345,139.0,125.64595977651574
1873,2016-10-11 05:00:00,Shunyi,station_target_delta_ridge,1200.0,1288.888888888889,2.0,2.0,4.0,2.5555555555555554,59.0,72.33333333333333,136.0,116.88888888888889,136.0,123.88888888888889
1874,2016-10-11 07:00:00,Guanyuan,station_target_delta_ridge,1300.0,1227.3431064178699,2.0,3.244525419766183,2.0,1.433821405715845,77.0,70.9558774950699,134.0,130.80981655146093,148.0,145.51774180602118
1875,2016-10-11 09:00:00,Aotizhongxin,station_target_delta_ridge,1100.0,1245.9285305058331,11.0,4.287963704987449,2.0,4.770952407482776,61.0,61.271655389464684,130.0,126.45399045072217,130.0,132.75228863858314
1876,2016-10-11 10:00:00,Shunyi,station_target_delta_ridge,1100.0,968.0816279282143,47.0,37.09674724591146,12.0,9.148340333692278,36.0,36.13861133032235,138.0,123.27360226895557,138.0,130.35394669782727
1877,2016-10-11 12:00:00,Guanyuan,station_target_delta_ridge,1600.0,1123.1238381500054,57.0,53.797786141762295,22.0,9.537713219221304,62.0,41.85482983285263,129.0,96.40314028640745,189.0,126.81926095782933
1878,2016-10-11 13:00:00,Wanshouxigong,station_target_delta_ridge,2700.0,2861.862558777537,55.0,62.92458103229413,30.0,29.33648547227512,71.0,68.07198020828992,170.0,174.78396697391796,173.0,197.60254277106412
1879,2016-10-11 15:00:00,Shunyi,station_target_delta_ridge,2700.0,2258.37159580889,93.0,97.63885658666372,30.0,27.32827320885598,58.0,49.275268487074854,171.0,163.75798635657364,171.0,175.3757505331481
1880,2016-10-11 17:00:00,Guanyuan,station_target_delta_ridge,1400.0,1434.5363016559804,64.0,75.1489810011568,8.0,7.613317318837689,62.0,58.11340019186948,124.0,119.29840590245846,140.0,129.72931969767237
1881,2016-10-11 18:00:00,Wanshouxigong,station_target_delta_ridge,1500.0,1571.2398811212317,41.0,50.84693027861254,4.0,1.5256738133447483,61.0,59.143602171713816,114.0,112.42992076199313,115.0,144.604470221729
1882,2016-10-11 20:00:00,Shunyi,station_target_delta_ridge,1200.0,1085.5911801899765,18.0,41.99855439306198,6.0,6.597275948207636,76.0,58.178443963573166,83.0,83.4754439276297,95.0,88.75240334801828
1883,2016-10-11 22:00:00,Guanyuan,station_target_delta_ridge,1100.0,980.3203692790476,6.0,4.461372696569298,2.0,2.5678445243407664,66.0,72.51962624269892,60.0,58.903423063018664,63.0,71.86257335694705
1884,2016-10-11 23:00:00,Wanshouxigong,station_target_delta_ridge,1000.0,1046.2236710056413,2.0,5.122966001334415,3.0,2.7205172406731988,70.0,68.7646730340506,46.0,37.83205124514696,61.0,58.13517662327484
1885,2016-10-12 01:00:00,Nongzhanguan,station_target_delta_ridge,900.0,974.0631029786452,2.0,7.118128251552232,8.0,7.287121809057017,59.0,55.5876195652978,56.0,50.45929848082119,91.0,81.48636184909662
1886,2016-10-12 03:00:00,Guanyuan,station_target_delta_ridge,700.0,778.386930526207,15.0,10.610441398474137,2.0,0.1299763335350077,55.0,56.43411283919786,48.0,45.8227253405242,53.0,52.19902067326893
1887,2016-10-12 05:00:00,Aotizhongxin,station_target_delta_ridge,800.0,810.1088933446108,4.0,23.556074760865812,2.0,1.5596726845209226,68.0,52.04351929217173,49.0,51.33776199979245,56.0,67.57450485724266
1888,2016-10-12 06:00:00,Shunyi,station_target_delta_ridge,1000.0,1032.4211682785276,2.0,3.994338371723496,7.0,7.258772444498561,59.0,55.51703995406998,70.0,65.43072997718836,76.0,85.11127941844742
1889,2016-10-12 08:00:00,Gucheng,station_target_delta_ridge,1100.0,1185.2884698571631,2.0,6.10196448076485,2.0,2.3581556139663995,69.0,67.61962036493047,52.0,51.18894511083917,61.0,67.0660595350261
1890,2016-10-12 10:00:00,Aotizhongxin,station_target_delta_ridge,1300.0,1343.9759563887683,3.0,3.866003762706696,2.0,5.056804853931009,67.0,71.89612694482044,65.0,67.3793401917018,66.0,78.38091557889463
1891,2016-10-12 11:00:00,Wanliu,station_target_delta_ridge,1300.0,1419.247434236861,5.0,-1.4026313113499151,2.0,4.864310626172346,66.0,68.93063659085408,67.0,66.76452088126028,95.0,86.77066366588011
1892,2016-10-12 13:00:00,Shunyi,station_target_delta_ridge,1700.0,1635.909153210651,34.0,36.87107841197654,27.0,29.35889248685056,64.0,55.90930943758668,90.0,88.23035724417616,106.0,109.8141707431178
1893,2016-10-12 15:00:00,Huairou,station_target_delta_ridge,1300.0,1364.678559783778,37.0,35.076832192777395,18.0,18.23434229968854,40.0,38.79816713327941,92.0,86.8369337371397,121.0,123.3009933288347
1894,2016-10-12 17:00:00,Changping,station_target_delta_ridge,1600.0,1434.310912982938,23.0,23.4197239500085,2.0,2.3731509602154928,83.0,72.25097373749261,101.0,90.15420857509498,131.0,126.06481120098513
1895,2016-10-12 18:00:00,Tiantan,station_target_delta_ridge,1000.0,993.0848205863184,66.0,62.59333852408391,4.0,3.735337948281385,40.0,41.70906058031222,79.0,77.2488969394466,86.0,96.16783305390226
1896,2016-10-12 20:00:00,Huairou,station_target_delta_ridge,1300.0,1420.7074273376163,17.0,13.596618620826723,6.0,6.000944487638096,37.0,47.50325553984023,108.0,99.45951117550811,134.0,120.40846512579905
1897,2016-10-12 22:00:00,Changping,station_target_delta_ridge,1700.0,1760.400503127596,2.0,2.6684748214522456,2.0,1.5775592653617176,84.0,76.67035145754333,117.0,114.37477257721002,158.0,174.6299029768071
1898,2016-10-12 23:00:00,Tiantan,station_target_delta_ridge,1500.0,1463.471019898141,2.0,-1.8131943783941544,3.0,3.2600151156735913,106.0,105.42520346682267,123.0,113.19688794145752,141.0,143.47355397888552
1899,2016-10-13 01:00:00,Huairou,station_target_delta_ridge,1300.0,1200.455442684675,7.0,7.0312866982605975,4.0,4.139253172596777,17.0,24.78804525405643,105.0,107.04672003576438,105.0,111.27207873945348
1900,2016-10-13 03:00:00,Dongsi,station_target_delta_ridge,1800.0,2051.546849402333,2.0,1.0350473425079385,2.0,2.823006783628099,90.0,84.98591889096637,121.0,117.77160309046732,187.0,179.50663497390968
1901,2016-10-13 05:00:00,Changping,station_target_delta_ridge,1400.0,1203.9810609028334,2.0,2.211627911870931,2.0,3.1651970800262523,43.0,50.84384297089369,92.0,99.15876806866999,92.0,94.2850425774597
1902,2016-10-13 06:00:00,Wanshouxigong,station_target_delta_ridge,1600.0,1600.594722097265,2.0,3.535455207863525,2.0,1.0497080315738248,58.0,65.34361097826299,93.0,96.16659653137096,93.0,100.37964805686336
1903,2016-10-13 08:00:00,Nongzhanguan,station_target_delta_ridge,1400.0,1435.0804050733777,2.0,2.275955379237754,2.0,1.6101843544934458,55.0,53.84648213780446,103.0,99.56726684695518,119.0,114.86816948705247
1904,2016-10-13 10:00:00,Dongsi,station_target_delta_ridge,1400.0,1374.3057317470902,13.0,9.877777414317215,4.0,2.3082784693503067,65.0,67.2883120128745,141.0,146.15146504854792,147.0,150.686227610173
1905,2016-10-13 11:00:00,Wanshouxigong,station_target_delta_ridge,1400.0,1566.8305876065378,46.0,32.301788240171845,6.0,4.600913992351593,66.0,78.73415383977587,150.0,151.53174653341333,151.0,176.05482600925782
1906,2016-10-13 13:00:00,Wanliu,station_target_delta_ridge,1300.0,1250.9416192426884,91.0,73.49091266616351,7.0,7.925524246689635,58.0,60.075433416415265,149.0,150.23067736370828,149.0,156.112774490733
1907,2016-10-13 15:00:00,Huairou,station_target_delta_ridge,1200.0,1106.3157074291164,87.0,106.8852987650841,14.0,13.169058221399716,51.0,36.92241779896378,158.0,151.1609953497553,176.0,174.22391118088544
1908,2016-10-13 17:00:00,Guanyuan,station_target_delta_ridge,1400.0,1497.6215826973548,69.0,75.66095604847442,7.0,6.44118279858583,114.0,109.91695832156546,191.0,190.91954847695482,250.0,232.1324342922389
1909,2016-10-13 19:00:00,Aotizhongxin,station_target_delta_ridge,1500.0,1539.6024190936423,88.0,45.00746797064153,2.0,1.4643004773421968,82.0,125.65679383754453,216.0,207.89301966912194,216.0,221.09614989869974
1910,2016-10-13 20:00:00,Huairou,station_target_delta_ridge,1700.0,1734.3708319893622,3.0,1.7574366272781496,2.0,2.266805192821021,69.0,113.95292877126609,192.0,214.09034243169216,210.0,238.59556235324098
1911,2016-10-13 22:00:00,Aotizhongxin,station_target_delta_ridge,2500.0,2125.1973173802025,2.0,12.37881637693996,2.0,2.889284198026761,150.0,127.84576350885247,259.0,246.29960415901692,259.0,249.9084427582851
1912,2016-10-13 23:00:00,Nongzhanguan,station_target_delta_ridge,3000.0,2439.4609603332588,3.0,2.2563852062924905,10.0,5.763047145698729,123.0,112.06249990683484,265.0,255.9612177788782,292.0,263.4728405104996
1913,2016-10-14 01:00:00,Changping,station_target_delta_ridge,1800.0,1395.7873734726024,37.0,43.45622059015128,2.0,2.144402975329883,25.0,39.482395780840605,166.0,157.4162917205787,166.0,170.98445510358187
1914,2016-10-14 02:00:00,Nongzhanguan,station_target_delta_ridge,2600.0,2680.9910399181313,2.0,3.1563868044915604,11.0,7.855467793402697,113.0,95.5763580394051,271.0,235.00950038726123,275.0,230.30805976659474
1915,2016-10-14 04:00:00,Changping,station_target_delta_ridge,1100.0,1112.076689493516,3.0,14.990130202006481,2.0,2.465589184989902,39.0,31.35402403450646,160.0,168.72586924347766,160.0,177.88685431410056
1916,2016-10-14 05:00:00,Tiantan,station_target_delta_ridge,2000.0,2049.703578410821,2.0,-2.1835735225562694,2.0,4.190995414031046,62.0,91.70644797885622,205.0,202.87760248390208,205.0,198.55278622686143
1917,2016-10-14 07:00:00,Dongsi,station_target_delta_ridge,2000.0,1754.5020364794564,2.0,0.28682578066454156,5.0,4.05880625207117,91.0,86.85880727340101,237.0,232.46431044367552,247.0,237.8092013027278
1918,2016-10-14 08:00:00,Tiantan,station_target_delta_ridge,1700.0,1804.4283637298572,2.0,2.6487849869353046,2.0,3.7842658927448127,32.0,44.75916219131686,170.0,177.74532737736016,170.0,190.33189820448246
1919,2016-10-14 10:00:00,Guanyuan,station_target_delta_ridge,1900.0,1962.4982523565925,11.0,10.122315179584914,11.0,6.802255341487486,99.0,106.87695115309316,263.0,266.9723514392344,287.0,283.185991767546
1920,2016-10-14 12:00:00,Aotizhongxin,station_target_delta_ridge,1600.0,1854.4776277979854,67.0,45.67748093246166,3.0,4.131877352929047,74.0,94.13931573268984,243.0,242.45708665745386,243.0,255.18207070617206
1921,2016-10-14 13:00:00,Wanliu,station_target_delta_ridge,2000.0,1792.8218897553243,74.0,80.7709923087913,12.0,10.896167827689094,102.0,89.71676873979864,297.0,298.58194631691697,297.0,286.9924928373567
1922,2016-10-14 15:00:00,Tiantan,station_target_delta_ridge,1600.0,1787.868557725279,90.0,76.81609964814612,9.0,3.2455653922140852,97.0,125.50548090007301,283.0,326.18846103970174,283.0,285.92495336799345
1923,2016-10-14 17:00:00,Guanyuan,station_target_delta_ridge,1400.0,1338.4187781443075,104.0,119.13260311037139,16.0,14.977468899416394,79.0,70.64293868041679,230.0,224.61419267485968,230.0,222.9731211083096
1924,2016-10-14 18:00:00,Wanliu,station_target_delta_ridge,1800.0,1843.0628724438427,69.0,38.85109448036305,2.0,-3.362327044528504,92.0,104.46596885417037,256.0,247.3806100759449,256.0,259.6194690785172
1925,2016-10-14 20:00:00,Guanyuan,station_target_delta_ridge,2800.0,2878.8449878316032,2.0,-10.868708994377709,4.0,3.5810274270084843,155.0,150.28076911534885,252.0,253.25955870296747,294.0,279.89454925618105
1926,2016-10-14 21:00:00,Wanshouxigong,station_target_delta_ridge,3600.0,3318.777679214387,2.0,5.407049357007507,2.0,2.280803049041787,123.0,125.04899399073803,234.0,247.19816306443255,234.0,251.38883583131562
1927,2016-10-14 23:00:00,Gucheng,station_target_delta_ridge,2600.0,2443.0408549665076,3.0,2.3896961483083032,2.0,1.066094159646789,99.0,105.71315704310923,341.0,352.7271837708188,341.0,336.5773908786767
1928,2016-10-15 00:00:00,Wanshouxigong,station_target_delta_ridge,3200.0,3884.1092290792085,2.0,2.32879691824943,3.0,2.932248998855458,104.0,92.56813228953703,215.0,226.6880992229346,216.0,216.6317114152497
1929,2016-10-15 02:00:00,Wanliu,station_target_delta_ridge,2400.0,2374.470633003576,2.0,1.33912222339098,4.0,-0.08093244206723016,85.0,89.03303931727967,234.0,221.73048592027487,234.0,240.94349556746084
1930,2016-10-15 04:00:00,Gucheng,station_target_delta_ridge,1400.0,1627.0929555728592,3.0,3.5627979616297982,2.0,1.2750005635153154,56.0,55.22062231019839,230.0,241.8701273642434,230.0,217.6085716414432
1931,2016-10-15 06:00:00,Dongsi,station_target_delta_ridge,2600.0,2713.0396797822077,2.0,3.027903179390871,4.0,4.625641352208276,100.0,100.73201831332797,263.0,265.28747033406376,291.0,300.297114783219
1932,2016-10-15 08:00:00,Changping,station_target_delta_ridge,1800.0,1836.873867825427,3.0,1.7847379682598765,2.0,2.268814080281971,44.0,51.74463840922652,154.0,160.68749356441938,154.0,152.9357309149371
1933,2016-10-15 09:00:00,Nongzhanguan,station_target_delta_ridge,2200.0,1766.3524754631544,2.0,3.627575706528856,10.0,7.307076615868066,71.0,72.22911193218638,149.0,140.64502653221265,172.0,149.0150070268422
1934,2016-10-15 11:00:00,Dongsi,station_target_delta_ridge,1800.0,1659.4964371694318,2.0,3.2329290299578957,7.0,4.7378518396589975,108.0,100.1588938074914,155.0,157.2411873207517,178.0,170.1771936317871
1935,2016-10-15 12:00:00,Tiantan,station_target_delta_ridge,1800.0,1791.5261442193541,2.0,2.895594355480292,3.0,4.305740073646874,113.0,109.14189584685948,157.0,169.90064948269702,177.0,195.76319398115857
1936,2016-10-15 14:00:00,Gucheng,station_target_delta_ridge,1700.0,1668.0139221551701,6.0,9.20773209346762,2.0,1.4143900549762554,98.0,94.077986349917,231.0,241.73620587600703,231.0,226.55833382214655
1937,2016-10-15 15:00:00,Wanshouxigong,station_target_delta_ridge,1700.0,1950.4062676167537,2.0,3.1295269425840906,4.0,4.1856125378332205,113.0,115.5993349292137,166.0,168.9997072741585,166.0,173.80451346635138
1938,2016-10-15 17:00:00,Gucheng,station_target_delta_ridge,1600.0,1498.6142723562928,4.0,5.282931688210695,2.0,1.4450061145711828,112.0,102.62509192273055,186.0,206.4417994540022,186.0,207.5233480211426
1939,2016-10-15 19:00:00,Aotizhongxin,station_target_delta_ridge,2100.0,2115.2940433601057,2.0,3.4029653001117346,3.0,3.8915491243069424,113.0,124.04600156912518,179.0,165.28044122266283,181.0,211.3596248816247
1940,2016-10-15 20:00:00,Huairou,station_target_delta_ridge,2200.0,1724.9197732513433,2.0,3.8800421267791303,2.0,1.3456758567201015,61.0,56.20083252399975,149.0,149.53838936082616,150.0,162.8900499935003
1941,2016-10-15 22:00:00,Aotizhongxin,station_target_delta_ridge,2100.0,2072.7692413973627,2.0,4.213664547536637,4.0,3.4887252195747402,121.0,121.24550202536044,169.0,158.77239804554057,169.0,179.22157817171785
1942,2016-10-15 23:00:00,Huairou,station_target_delta_ridge,1400.0,1560.9889121937613,2.0,4.130150976498037,2.0,1.2797063205685468,71.0,70.80194636091592,129.0,125.51182512792835,129.0,136.3623179561473
1943,2016-10-16 01:00:00,Changping,station_target_delta_ridge,2400.0,1744.1624152724776,2.0,3.8580333477454123,2.0,1.1912966369785631,75.0,82.04702382766952,171.0,157.8416307474738,171.0,148.3708698407085
1944,2016-10-16 02:00:00,Nongzhanguan,station_target_delta_ridge,1100.0,1269.2618034131103,2.0,3.0268672222964716,5.0,6.0648413422217295,60.0,64.79424110721871,124.0,130.0362262777069,124.0,130.73762660301895
1945,2016-10-16 04:00:00,Changping,station_target_delta_ridge,800.0,992.5844377588834,2.0,2.6571357816366885,2.0,1.5558315510140788,57.0,56.63006947166611,138.0,147.80232026719204,138.0,145.79305181806902
1946,2016-10-16 05:00:00,Tiantan,station_target_delta_ridge,1000.0,857.1308191204673,2.0,-1.3618375517671684,2.0,2.664508914106352,60.0,55.43033067550374,117.0,106.63949014166747,117.0,109.90575864445462
1947,2016-10-16 07:00:00,Dongsi,station_target_delta_ridge,1000.0,980.2819688807094,2.0,2.391148320101622,4.0,4.090008789231958,68.0,68.79801856715449,111.0,113.8256974523419,111.0,110.48227620505146
1948,2016-10-16 08:00:00,Tiantan,station_target_delta_ridge,1000.0,1020.7191342407338,3.0,2.942677325995486,2.0,3.5838557215425926,51.0,54.64210674460669,104.0,105.90570579658939,104.0,110.86821265939997
1949,2016-10-16 10:00:00,Guanyuan,station_target_delta_ridge,900.0,937.2425940563185,4.0,4.378335980190746,5.0,3.5022973311123797,62.0,69.20474988636252,135.0,131.5881148881115,135.0,134.01131360973812
1950,2016-10-16 11:00:00,Wanliu,station_target_delta_ridge,900.0,794.7936298040073,17.0,17.571210061607974,4.0,3.123603756711997,54.0,54.9966017823774,138.0,140.1631648447677,138.0,142.3520678091612
1951,2016-10-16 13:00:00,Guanyuan,station_target_delta_ridge,600.0,594.8658067723165,58.0,57.72748234349693,5.0,5.181218759551725,39.0,37.10630590868336,125.0,119.85120266147804,125.0,116.80361566458102
1952,2016-10-16 14:00:00,Wanliu,station_target_delta_ridge,600.0,642.8765301718472,64.0,57.71508848782908,6.0,5.817990315044819,38.0,42.80745223161282,89.0,92.32055193779972,89.0,91.93089179632838
1953,2016-10-16 16:00:00,Gucheng,station_target_delta_ridge,600.0,589.3857274458196,61.0,70.02439335097033,2.0,1.8856346612865436,29.0,29.6050251092502,75.0,79.48188221731223,75.0,84.4947380143746
1954,2016-10-16 17:00:00,Wanshouxigong,station_target_delta_ridge,600.0,498.4407484247216,77.0,77.59006256171008,2.0,1.4001100099281403,35.0,31.972891880532394,78.0,71.15873072746307,78.0,75.34046511537453
1955,2016-10-16 19:00:00,Gucheng,station_target_delta_ridge,900.0,832.6322019423701,34.0,31.267779595234074,2.0,2.1669339605113334,60.0,56.946030927324415,93.0,87.89004246493147,93.0,96.74384109403081
1956,2016-10-16 21:00:00,Aotizhongxin,station_target_delta_ridge,1300.0,1020.556566566609,9.0,19.466834432746747,2.0,1.6454168660244284,90.0,71.57140468061688,114.0,104.56601012689612,129.0,111.06029526216122
1957,2016-10-16 22:00:00,Huairou,station_target_delta_ridge,1100.0,1437.874704110925,2.0,-0.2514617011759892,2.0,1.0739623975061887,34.0,49.869926197451754,124.0,125.93180024968711,124.0,128.04761265536084
1958,2016-10-17 00:00:00,Aotizhongxin,station_target_delta_ridge,1500.0,1715.907826755524,2.0,1.2102736898227304,2.0,2.634967380985133,74.0,81.04591958668722,137.0,132.0143114864042,137.0,137.29608651419926
1959,2016-10-17 01:00:00,Nongzhanguan,station_target_delta_ridge,1900.0,1784.4171782684712,2.0,2.067442447448689,8.0,7.219667485564642,57.0,58.10094670164631,123.0,124.09500409849188,133.0,130.18573647457316
1960,2016-10-17 03:00:00,Dingling,station_target_delta_ridge,200.0,387.20424221540515,33.0,23.022554021797728,2.0,2.2361077481742986,7.0,12.811625088238818,15.0,38.052719809257155,15.0,45.76190464375554
1961,2016-10-17 05:00:00,Aotizhongxin,station_target_delta_ridge,700.0,830.0,2.0,9.7,2.0,2.2,59.0,45.6,67.0,70.3,67.0,70.5
1962,2016-10-17 06:00:00,Nongzhanguan,station_target_delta_ridge,1000.0,940.2389721127219,2.0,1.916097538867205,3.0,3.692384276550771,35.0,38.2315226123132,76.0,64.77578907170414,76.0,71.85812634208823
1963,2016-10-17 08:00:00,Dingling,station_target_delta_ridge,400.0,528.6160838362246,33.0,27.978690075067817,5.0,4.332554076873137,19.0,23.189319251067104,10.0,11.578517856593404,27.0,48.96085915913202
1964,2016-10-17 09:00:00,Shunyi,station_target_delta_ridge,600.0,799.6515928587058,19.0,12.235061498152554,2.0,2.082244485494339,29.0,36.214134910888724,66.0,65.93518057788643,66.0,77.76319486180408
1965,2016-10-17 11:00:00,Dongsi,station_target_delta_ridge,400.0,478.0023515242831,43.0,37.373516370003486,2.0,2.908431871547256,30.0,29.183826490961266,23.0,38.28416806262872,23.0,41.83824344052712
1966,2016-10-17 12:00:00,Wanliu,station_target_delta_ridge,400.0,432.4735950622155,46.0,45.63115178324424,3.0,2.6348224885216345,34.0,32.77124355768147,24.0,22.095914851264382,24.0,42.15465478499312
1967,2016-10-17 14:00:00,Guanyuan,station_target_delta_ridge,400.0,385.9402800903513,58.0,57.107761782686154,2.0,1.7944758407731953,33.0,34.14582762092187,26.0,30.282350415587082,26.0,34.84428610988967
1968,2016-10-17 15:00:00,Wanliu,station_target_delta_ridge,500.0,477.22763401188854,65.0,55.557441809313175,2.0,1.9002946311164763,44.0,44.98372596525,31.0,25.48475216704846,55.0,35.81129428984544
1969,2016-10-17 17:00:00,Gucheng,station_target_delta_ridge,500.0,570.6888776291601,39.0,56.201044934306324,2.0,2.142311530311744,56.0,53.71846896196532,36.0,48.30426055959736,88.0,68.81578905655489
1970,2016-10-17 18:00:00,Wanshouxigong,station_target_delta_ridge,800.0,759.4523858057653,64.0,70.691307118151,2.0,2.25427113900517,52.0,43.610291723018626,50.0,43.67498839665366,66.0,74.71253019484402
1971,2016-10-17 20:00:00,Gucheng,station_target_delta_ridge,1000.0,981.7627662128862,4.0,-9.684178303635871,2.0,2.134495397181107,111.0,115.33125912575811,70.0,58.03699423278133,182.0,146.17971706955535
1972,2016-10-17 21:00:00,Wanshouxigong,station_target_delta_ridge,1800.0,2044.097463560905,23.0,20.93300177064469,5.0,5.069930009560652,87.0,100.03549428029473,89.0,86.77028148259305,130.0,173.42265158129624
1973,2016-10-17 23:00:00,Huairou,station_target_delta_ridge,800.0,830.8048185795145,2.0,1.684622537023905,2.0,1.1870444445946196,42.0,40.94458912688793,63.0,61.21239854908758,94.0,86.84662880806104
1974,2016-10-18 01:00:00,Aotizhongxin,station_target_delta_ridge,2000.0,1518.6468341323741,32.0,24.476050550951918,3.0,2.4399939096874785,53.0,53.76171749490751,112.0,102.14249693968038,114.0,110.67271938635818
1975,2016-10-18 02:00:00,Huairou,station_target_delta_ridge,700.0,798.4594190442194,2.0,2.1578652721383644,2.0,2.654063349122118,23.0,28.637547813110892,55.0,60.188889562259085,62.0,88.23118380533967
1976,2016-10-18 04:00:00,Changping,station_target_delta_ridge,1000.0,1093.2428572669428,2.0,-0.6615275207148628,4.0,1.9103539145094792,40.0,42.41565023117482,95.0,81.98672100727902,118.0,106.54618568196031
1977,2016-10-18 05:00:00,Shunyi,station_target_delta_ridge,700.0,1036.3636363636363,2.0,2.0,3.0,2.727272727272727,51.0,56.81818181818182,43.0,65.9090909090909,63.0,78.9090909090909
1978,2016-10-18 07:00:00,Dingling,station_target_delta_ridge,1400.0,1484.7850425433355,2.0,3.7335810071699744,2.0,2.6881907884463923,29.0,38.84261432434947,91.0,88.38785545956145,91.0,91.43510817186844
1979,2016-10-18 08:00:00,Tiantan,station_target_delta_ridge,1400.0,1342.3697806175207,2.0,2.146702582004626,3.0,3.597128849346693,64.0,64.04120566814464,61.0,57.005142632678144,145.0,123.35052197430268
1980,2016-10-18 10:00:00,Dongsi,station_target_delta_ridge,1500.0,1468.9913623898801,2.0,4.0512476833352355,6.0,3.8704539478940836,69.0,67.97363555645182,81.0,84.24183768847429,168.0,178.63264009207342
1981,2016-10-18 11:00:00,Tiantan,station_target_delta_ridge,2000.0,2035.3798906182597,2.0,0.3241943134295022,4.0,5.365790432383124,68.0,67.83758422001475,110.0,101.24905163934746,186.0,215.24291524736964
1982,2016-10-18 13:00:00,Huairou,station_target_delta_ridge,1700.0,1725.9972764221968,2.0,8.19598405117612,10.0,7.589258657803912,49.0,48.97086425027693,104.0,93.7764783460071,183.0,157.50922772057376
1983,2016-10-18 15:00:00,Dingling,station_target_delta_ridge,1100.0,1111.197619786312,65.0,53.74528212567975,5.0,5.7732098998483385,48.0,42.77045999816284,143.0,128.66125054308486,278.0,135.94818234189503
1984,2016-10-18 16:00:00,Wanshouxigong,station_target_delta_ridge,2000.0,2217.9302455694174,15.0,7.500264349942895,7.0,8.109568930430308,89.0,94.05813875158242,154.0,149.42156885637408,176.0,197.68473272929663
1985,2016-10-18 18:00:00,Huairou,station_target_delta_ridge,2100.0,2170.9608151108296,2.0,4.1546290943936635,6.0,5.420989035956021,60.0,57.24054107743362,136.0,138.27983714841747,168.0,188.01187517823018
1986,2016-10-18 20:00:00,Changping,station_target_delta_ridge,2600.0,2547.9566179446183,2.0,5.818609590950661,3.0,1.5445274972052607,84.0,77.56780632793837,151.0,143.23353520033717,183.0,172.60409720713386
1987,2016-10-18 21:00:00,Nongzhanguan,station_target_delta_ridge,3000.0,3100.2476424362308,2.0,2.684958937333477,9.0,7.188749575544043,78.0,82.86118866558574,166.0,167.69044552861564,200.0,211.14183208200265
1988,2016-10-18 23:00:00,Changping,station_target_delta_ridge,2700.0,2548.3634968696565,2.0,5.133625482033562,3.0,1.622280374411696,82.0,68.02222836990134,164.0,164.60264878716714,180.0,188.1281788929303
1989,2016-10-19 00:00:00,Nongzhanguan,station_target_delta_ridge,2600.0,2659.2003589052647,2.0,1.748716945953909,10.0,10.008955457546675,67.0,68.44458105959343,172.0,162.97474778531293,179.0,177.95398411169617
1990,2016-10-19 02:00:00,Dongsi,station_target_delta_ridge,2400.0,2690.4902667093197,2.0,0.9969103625138791,11.0,10.053455082882884,85.0,82.07178024221857,204.0,182.4887422439641,218.0,190.52138075390957
1991,2016-10-19 03:00:00,Tiantan,station_target_delta_ridge,2500.0,2296.649669698849,2.0,0.9316080935686233,4.0,4.231111256032758,71.0,66.58477637274736,169.0,183.7215734217929,169.0,185.96305389479676
1992,2016-10-19 05:00:00,Shunyi,station_target_delta_ridge,2100.0,2120.0,2.0,2.2,10.0,3.9,67.0,64.8,164.0,188.3,166.0,190.2
1993,2016-10-19 07:00:00,Dongsi,station_target_delta_ridge,2300.0,2357.396601868869,2.0,0.724250793962057,6.0,6.763761778016985,83.0,79.06361727912463,215.0,207.57350703557225,225.0,216.68447579745035
1994,2016-10-19 08:00:00,Tiantan,station_target_delta_ridge,2600.0,2722.440094708979,2.0,2.145512177408997,2.0,3.643200878914476,62.0,60.54477352340476,173.0,170.07395780645348,189.0,185.74441592180378
1995,2016-10-19 10:00:00,Dongsi,station_target_delta_ridge,2300.0,2368.9723925501094,2.0,4.995872266844668,7.0,6.5075277323237986,88.0,85.03380056470023,229.0,235.76556451630555,256.0,251.24573820533172
1996,2016-10-19 11:00:00,Wanliu,station_target_delta_ridge,2000.0,2252.745704377045,22.0,18.97940006941448,8.0,6.923283870251689,93.0,93.19126145468199,219.0,229.71190558453262,219.0,222.58876269035008
1997,2016-10-19 13:00:00,Shunyi,station_target_delta_ridge,2200.0,2197.263655082559,42.0,38.6096854700346,11.0,13.12910927975922,90.0,97.45593179855902,281.0,247.25072207456216,281.0,254.71556627325282
1998,2016-10-19 15:00:00,Gucheng,station_target_delta_ridge,2200.0,2435.7503017573767,44.0,50.42922088749568,3.0,4.904995628284496,106.0,105.90712261573356,320.0,312.43655804178206,348.0,308.73378351193145
1999,2016-10-19 17:00:00,Dongsi,station_target_delta_ridge,2200.0,2065.1344516014315,45.0,45.34030081214023,10.0,9.427999638362149,97.0,82.23477327193254,308.0,308.22022161638426,308.0,312.67009119808296
2000,2016-10-19 19:00:00,Aotizhongxin,station_target_delta_ridge,2300.0,2245.3236217092563,7.0,1.4290598278005717,2.0,3.8091972444334816,124.0,120.15747139541007,279.0,280.63659746458205,279.0,296.16078295467935
2001,2016-10-19 20:00:00,Nongzhanguan,station_target_delta_ridge,2500.0,2461.12311710354,5.0,17.6036715447499,4.0,4.467449932535008,76.0,74.56839851851007,232.0,248.4425334501286,232.0,253.38468435969705
2002,2016-10-19 22:00:00,Changping,station_target_delta_ridge,2000.0,2311.301760863217,14.0,9.355947472666067,2.0,0.054255971361128585,60.0,76.59067443090188,231.0,257.830640439682,231.0,259.4407163672856
2003,2016-10-19 23:00:00,Shunyi,station_target_delta_ridge,2200.0,2132.777300056424,2.0,-0.19512605948173745,2.0,0.42782396730518557,92.0,79.30044346988532,163.0,198.73005807300996,165.0,204.85515096761267
2004,2016-10-20 01:00:00,Dingling,station_target_delta_ridge,1700.0,1776.7244133922104,9.0,12.990394097529979,2.0,1.973581975265505,7.0,9.138591394885653,227.0,230.75555992591936,227.0,236.21175625509815
2005,2016-10-20 02:00:00,Shunyi,station_target_delta_ridge,2300.0,2239.1516589415437,2.0,1.5207074407626615,2.0,1.8264220464624545,64.0,63.55295122814413,176.0,193.87480292226047,192.0,212.66115969332833
2006,2016-10-20 04:00:00,Dongsi,station_target_delta_ridge,1600.0,1382.6123213597145,2.0,2.464662807421946,8.0,6.640243358138532,103.0,95.90145717197134,267.0,288.41372808317163,267.0,279.0699286397797
2007,2016-10-20 05:00:00,Wanliu,station_target_delta_ridge,2200.0,2378.136600010949,14.0,15.327945501079915,3.0,4.802386511431829,84.0,84.88612193064615,246.0,241.79040568267698,246.0,232.5788428882276
2008,2016-10-20 07:00:00,Guanyuan,station_target_delta_ridge,1400.0,1343.2674335758506,41.0,39.27064147441462,12.0,11.259930412389595,30.0,28.210401421756984,60.0,59.16949338371532,84.0,69.99523391162977
2009,2016-10-20 08:00:00,Wanliu,station_target_delta_ridge,1000.0,972.8096412147349,22.0,33.88172361669884,7.0,6.036953568231495,58.0,37.35326410896571,49.0,43.971222406289186,49.0,55.50827971041481
2010,2016-10-20 10:00:00,Gucheng,station_target_delta_ridge,1000.0,931.9087538938192,15.0,26.434930047035017,2.0,3.0700127044956167,42.0,32.40701012937631,39.0,35.332292319677684,41.0,89.88732291428795
2011,2016-10-20 11:00:00,Wanshouxigong,station_target_delta_ridge,1400.0,1416.2376738810813,15.0,17.56152253512939,13.0,13.60816013109495,42.0,43.39561926255196,29.0,34.03542751848266,76.0,81.19315996520223
2012,2016-10-20 13:00:00,Gucheng,station_target_delta_ridge,1000.0,1195.3939566531417,9.0,16.789232824407637,3.0,5.145063571856449,49.0,47.11848812078128,43.0,41.16448385471134,84.0,106.35484509984411
2013,2016-10-20 15:00:00,Aotizhongxin,station_target_delta_ridge,1200.0,1141.5581576548516,10.0,7.940526094825866,7.0,4.115700933039196,63.0,60.05531946320065,43.0,28.378936761782306,55.0,63.7349524980303
2014,2016-10-20 16:00:00,Nongzhanguan,station_target_delta_ridge,1300.0,1184.4338579319008,6.0,8.069509956952656,8.0,7.477743019148386,55.0,52.5234675375811,43.0,31.383939379758292,73.0,74.57913898561499
2015,2016-10-20 18:00:00,Changping,station_target_delta_ridge,1000.0,865.6074744555788,10.0,10.473931475901352,2.0,0.49174737675599123,55.0,52.599377514132414,48.0,43.69483434094667,53.0,106.25690242518655
2016,2016-10-20 19:00:00,Shunyi,station_target_delta_ridge,1100.0,1398.1678312454032,7.0,4.442293179981318,2.0,2.566837629644339,58.0,62.55996431097891,53.0,59.91706510299996,73.0,111.82609693474129
2017,2016-10-20 21:00:00,Dingling,station_target_delta_ridge,700.0,990.8519850007433,38.0,6.964463628835636,2.0,2.235901209018475,2.0,23.466763268825325,32.0,38.008333057019925,32.0,35.9826153508718
2018,2016-10-20 22:00:00,Shunyi,station_target_delta_ridge,700.0,820.1897509402326,36.0,30.427728244987602,2.0,1.2144753481060322,24.0,21.81985781052743,29.0,33.31987873830789,29.0,30.5169637141722
2019,2016-10-21 00:00:00,Dingling,station_target_delta_ridge,500.0,542.5505745214747,40.0,34.96421503007658,2.0,2.4528847171819486,2.0,7.503246579689723,29.0,27.315117037928673,29.0,27.366323287185836
2020,2016-10-21 01:00:00,Wanliu,station_target_delta_ridge,800.0,767.6199741931814,31.0,27.824744285870654,2.0,1.6437862984965008,28.0,33.698079166746055,38.0,31.173246003939248,38.0,31.278910829765458
2021,2016-10-21 03:00:00,Nongzhanguan,station_target_delta_ridge,700.0,732.5996033763737,19.0,10.824285985362234,2.0,2.0674761898897347,33.0,39.14568754383021,45.0,18.980292652452086,45.0,16.617823439939862
2022,2016-10-21 05:00:00,Gucheng,station_target_delta_ridge,700.0,485.8947954590372,26.0,32.61722803732173,2.0,2.1138653273125634,21.0,14.595601743613932,52.0,52.30575146629261,52.0,45.49517833965932
2023,2016-10-21 07:00:00,Dingling,station_target_delta_ridge,500.0,534.0140988728648,46.0,32.82572350118037,2.0,3.280441247540777,2.0,4.33179204597144,33.0,31.46330935832617,33.0,30.614681435314463
2024,2016-10-21 08:00:00,Wanliu,station_target_delta_ridge,700.0,765.1949983117478,21.0,21.251366968470172,2.0,2.1342569576486543,40.0,37.4471311651815,47.0,41.80609289351234,47.0,42.627202226405274
2025,2016-10-21 10:00:00,Gucheng,station_target_delta_ridge,900.0,919.8257241433151,19.0,22.13764806014494,2.0,2.0606986486802947,34.0,34.1563680083546,45.0,52.39535035508269,45.0,49.15501762910289
2026,2016-10-21 12:00:00,Dingling,station_target_delta_ridge,500.0,563.1108876401851,47.0,50.49459732228048,2.0,3.1080742215101185,2.0,6.878200587419376,38.0,48.22584646623651,38.0,44.68222001089328
2027,2016-10-21 13:00:00,Wanliu,station_target_delta_ridge,900.0,990.6763116520865,5.0,-1.8247005610786733,2.0,2.454955605162045,60.0,59.02604556392684,52.0,53.52433304479313,52.0,47.645496221591024
2028,2016-10-21 15:00:00,Gucheng,station_target_delta_ridge,1100.0,1054.7936713267634,4.0,7.159652554535514,2.0,2.0258099953931015,57.0,54.94691780940137,48.0,55.56697992080869,48.0,62.147357310342684
2029,2016-10-21 17:00:00,Changping,station_target_delta_ridge,700.0,774.0864090300272,16.0,20.58685749134321,2.0,3.3514767937762784,39.0,39.846959924402825,55.0,62.33602513038033,55.0,58.84752989746387
2030,2016-10-21 18:00:00,Wanliu,station_target_delta_ridge,900.0,1022.5499762928181,2.0,3.3157413527730677,2.0,2.3530554734870237,60.0,62.91171693573987,39.0,36.24909014827616,39.0,34.943891702238545
2031,2016-10-21 20:00:00,Gucheng,station_target_delta_ridge,900.0,916.5820308296624,2.0,7.906197918259037,2.0,2.034476119662032,56.0,52.885187518229706,39.0,30.921079477355295,39.0,33.046039259723436
2032,2016-10-21 22:00:00,Changping,station_target_delta_ridge,1100.0,1112.3787434872709,2.0,-1.1502865587194435,2.0,2.710102472126152,50.0,50.73893960831042,44.0,52.2245772577136,44.0,45.9625156848612
2033,2016-10-21 23:00:00,Shunyi,station_target_delta_ridge,800.0,868.6416610018841,5.0,3.332172783026019,7.0,6.245577830361367,39.0,38.50958792759328,33.0,32.84306931681501,33.0,28.315857631861892
2034,2016-10-22 01:00:00,Dingling,station_target_delta_ridge,700.0,737.6421978779352,5.0,-0.41134948361220314,2.0,2.909497368556631,3.0,13.975960651943485,23.0,29.82411610702581,23.0,33.02723813278369
2035,2016-10-22 02:00:00,Shunyi,station_target_delta_ridge,700.0,657.1480791239902,13.0,16.148407219848778,2.0,7.558763464325309,24.0,17.075018557743512,14.0,16.53767161379441,14.0,12.663893058212077
2036,2016-10-22 04:00:00,Dingling,station_target_delta_ridge,600.0,610.8639265802518,24.0,11.249318044920315,2.0,2.8836400434403235,2.0,5.702242176666849,10.0,13.250684594129867,10.0,15.65098897726856
2037,2016-10-22 05:00:00,Wanliu,station_target_delta_ridge,800.0,836.2266441410558,2.0,-1.103981866241119,2.0,2.751540125205082,26.0,27.153403340072988,27.0,21.93154163803393,27.0,23.509489196947264
2038,2016-10-22 07:00:00,Guanyuan,station_target_delta_ridge,700.0,719.9222635397543,2.0,5.561109771114619,2.0,2.3141536916964496,33.0,27.24814695304252,12.0,15.813760923462464,12.0,17.14762742164162
2039,2016-10-22 08:00:00,Wanliu,station_target_delta_ridge,600.0,625.0534672037339,11.0,8.501777412762472,2.0,2.1316047083352636,21.0,20.280671506883397,11.0,13.505406511991062,11.0,10.117805373081413
2040,2016-10-22 10:00:00,Gucheng,station_target_delta_ridge,600.0,638.8222661497095,17.0,21.418336456570053,2.0,1.8845642407726497,20.0,22.637732670833337,20.0,16.105052116899564,20.0,15.13182989916831
2041,2016-10-22 11:00:00,Wanshouxigong,station_target_delta_ridge,500.0,500.55744788119,24.0,28.893565526017447,2.0,2.139242336634115,17.0,16.074890483476715,6.0,5.329108325940715,6.0,5.077587556849341
2042,2016-10-22 13:00:00,Gucheng,station_target_delta_ridge,500.0,482.687416898301,30.0,38.987557882491814,2.0,2.048395228652341,18.0,16.503783957250544,11.0,8.493413765274035,11.0,9.122330704198404
2043,2016-10-22 15:00:00,Aotizhongxin,station_target_delta_ridge,300.0,314.3932680861631,41.0,40.11341400023076,2.0,0.9096191347724378,16.0,19.434370529865024,3.0,3.7746665780463653,6.0,8.672535713405566
2044,2016-10-22 16:00:00,Huairou,station_target_delta_ridge,200.0,303.4318484366502,55.0,47.83974481157333,2.0,2.498290765442787,14.0,18.294923422593723,9.0,8.18897026734189,10.0,34.49233984486844
2045,2016-10-22 18:00:00,Aotizhongxin,station_target_delta_ridge,300.0,339.14814775549263,26.0,28.681439097721626,2.0,1.014353944665564,27.0,26.312834799224888,7.0,7.085629416733987,22.0,23.40376740313824
2046,2016-10-22 19:00:00,Huairou,station_target_delta_ridge,300.0,316.5619215641851,39.0,32.36761533684136,2.0,1.7704218036188468,23.0,25.78862478357439,21.0,11.681076570644949,24.0,36.58919163841678
2047,2016-10-22 21:00:00,Changping,station_target_delta_ridge,700.0,741.8920031173429,2.0,-0.7108846354424365,2.0,3.019519471896106,54.0,54.41453775651903,23.0,28.016684028835428,66.0,47.206590661228375
2048,2016-10-22 22:00:00,Nongzhanguan,station_target_delta_ridge,600.0,617.8136967827146,2.0,2.767264551431122,2.0,2.2616367772250756,47.0,49.002560153858376,13.0,19.363234362483517,61.0,50.61092769550352
2049,2016-10-23 00:00:00,Changping,station_target_delta_ridge,800.0,849.4207987402385,2.0,1.5202090021335521,2.0,2.486330845121619,49.0,46.52365561285284,27.0,32.57675565479167,58.0,78.35152483692873
2050,2016-10-23 01:00:00,Shunyi,station_target_delta_ridge,600.0,679.1818680612577,2.0,2.5644106534746753,2.0,1.8628601962702656,50.0,42.875466497776465,27.0,20.94451145996445,37.0,49.79629912338167
2051,2016-10-23 03:00:00,Dongsi,station_target_delta_ridge,700.0,658.0166121558688,2.0,1.9031638514608202,4.0,4.156186906047289,59.0,55.40048801102471,34.0,32.12717039116756,54.0,67.30220480467406
2052,2016-10-23 05:00:00,Aotizhongxin,station_target_delta_ridge,400.0,590.0,2.0,2.7,2.0,2.7,38.0,41.7,22.0,24.4,22.0,42.0
2053,2016-10-23 06:00:00,Shunyi,station_target_delta_ridge,700.0,547.4376530866151,6.0,12.837133079228632,5.0,3.383290463283946,40.0,34.16615163264536,17.0,14.544472584285243,28.0,28.37085274757237
2054,2016-10-23 08:00:00,Dingling,station_target_delta_ridge,400.0,369.1067295863346,2.0,5.046110682104901,2.0,3.348958607911297,3.0,6.431790311706313,17.0,19.307721870299474,29.0,24.457328038454133
2055,2016-10-23 09:00:00,Shunyi,station_target_delta_ridge,700.0,717.7761445940116,32.0,27.871311756511094,15.0,12.295930186647933,22.0,20.462518043750876,22.0,22.895268892912192,30.0,22.59289333438835
2056,2016-10-23 11:00:00,Dingling,station_target_delta_ridge,400.0,495.8513685537705,18.0,15.65675057484945,2.0,3.040124905225882,13.0,19.577431556203354,19.0,29.461767225695016,29.0,37.6894407599074
2057,2016-10-23 12:00:00,Tiantan,station_target_delta_ridge,600.0,570.9064897089505,33.0,29.49287086274304,7.0,6.362131839772133,37.0,37.47916104005104,17.0,20.994725618624255,17.0,28.351983517147545
2058,2016-10-23 14:00:00,Dongsi,station_target_delta_ridge,500.0,486.9553621741687,44.0,45.28122901388204,4.0,4.583215620891311,37.0,35.30385916528705,32.0,25.15729158736236,32.0,29.83660649780931
2059,2016-10-23 15:00:00,Tiantan,station_target_delta_ridge,600.0,599.3785175335113,46.0,41.30568585752817,6.0,5.847940302760197,41.0,42.984839795144445,31.0,26.140243317387288,31.0,34.11093486062227
2060,2016-10-23 17:00:00,Guanyuan,station_target_delta_ridge,500.0,553.1027384339282,35.0,28.279977506120744,4.0,4.4724404181034085,44.0,50.20916826413254,32.0,31.56878181979844,50.0,59.25330491383316
2061,2016-10-23 18:00:00,Wanliu,station_target_delta_ridge,600.0,486.65480311863337,22.0,29.266383723501153,2.0,1.4722069306310677,60.0,55.17765762799339,24.0,26.249167629726863,68.0,64.61709924789403
2062,2016-10-23 20:00:00,Guanyuan,station_target_delta_ridge,800.0,819.2144456788136,2.0,17.465994201387666,5.0,5.586287114474941,73.0,66.60925631642964,48.0,38.810802263407695,82.0,74.96365166979177
2063,2016-10-23 21:00:00,Wanshouxigong,station_target_delta_ridge,1100.0,1155.759689658554,2.0,4.320998866450021,3.0,3.077828101780524,75.0,70.64619908529512,45.0,47.49097553866657,80.0,76.08020901001808
2064,2016-10-23 23:00:00,Gucheng,station_target_delta_ridge,900.0,947.006420860556,2.0,3.9385062620828926,2.0,1.9991357149396187,74.0,69.63732319265011,51.0,53.614756254382264,110.0,94.46372730214696
2065,2016-10-24 00:00:00,Wanshouxigong,station_target_delta_ridge,1000.0,1001.308215224013,2.0,-2.127378216469321,3.0,3.500635585675692,73.0,75.67343565389305,59.0,57.60072379436671,91.0,103.77619323105873
2066,2016-10-24 02:00:00,Gucheng,station_target_delta_ridge,1000.0,942.4849760899408,2.0,5.56867834639891,2.0,2.3295896884987433,60.0,64.7698033479073,58.0,59.52470898716459,92.0,118.5141568310492
2067,2016-10-24 04:00:00,Aotizhongxin,station_target_delta_ridge,800.0,1276.4545448477727,2.0,-4.278976225680389,2.0,2.156074832828131,51.0,49.28725619461076,42.0,55.20499828931989,70.0,98.45594629347256
2068,2016-10-24 05:00:00,Nongzhanguan,station_target_delta_ridge,1300.0,1362.3269566961003,2.0,2.901939242132618,5.0,5.59380447284904,53.0,61.93441295609643,65.0,65.44880323103695,144.0,111.72074004259849
2069,2016-10-24 07:00:00,Changping,station_target_delta_ridge,1300.0,798.4891541623385,2.0,-0.16804761726648554,4.0,2.658016151572276,42.0,40.579171287297065,44.0,32.591555057196615,89.0,48.29042247607079
2070,2016-10-24 08:00:00,Shunyi,station_target_delta_ridge,400.0,475.8899466915429,2.0,4.659993548263265,2.0,1.7806600982776553,34.0,33.60908535955544,16.0,21.320265931808628,37.0,38.96213495576873
2071,2016-10-24 10:00:00,Dingling,station_target_delta_ridge,600.0,656.5414367618986,12.0,13.066602331098625,2.0,3.2086563553645338,23.0,19.44760968879971,43.0,41.27551469335528,53.0,52.59883978306857
2072,2016-10-24 11:00:00,Shunyi,station_target_delta_ridge,1000.0,921.5311153311552,5.0,8.484768544650217,4.0,3.1902644608312927,59.0,51.17239486281049,56.0,39.70408495829996,128.0,105.54060031844874
2073,2016-10-24 13:00:00,Dongsi,station_target_delta_ridge,1600.0,1430.898467090523,2.0,5.697924034370963,2.0,1.5277849987095662,82.0,76.14717315263397,79.0,74.65809628815913,188.0,172.3803083698414
2074,2016-10-24 14:00:00,Tiantan,station_target_delta_ridge,1100.0,1193.648999526702,2.0,2.508094761239439,2.0,3.527964167648694,64.0,68.37802289324581,73.0,84.53190417803066,105.0,134.48957725955134
2075,2016-10-24 16:00:00,Dongsi,station_target_delta_ridge,1200.0,898.8330138945608,5.0,5.720020550563631,4.0,3.537523471104327,68.0,61.969186869985776,84.0,81.25786328778561,115.0,90.5524288518995
2076,2016-10-24 17:00:00,Tiantan,station_target_delta_ridge,1100.0,1341.544086911351,2.0,0.8832640665372251,2.0,1.479280492332826,56.0,61.21600829171992,61.0,79.24568903443468,106.0,151.8673927338861
2077,2016-10-24 19:00:00,Guanyuan,station_target_delta_ridge,1600.0,1630.0777073128681,2.0,0.8768070391777916,4.0,4.048255127071005,62.0,72.32799012783163,87.0,94.94755971194138,131.0,153.95008116778675
2078,2016-10-24 20:00:00,Wanliu,station_target_delta_ridge,1600.0,1549.3111249140359,2.0,-0.6240298343970574,2.0,1.0292729212364877,75.0,73.63929903185512,75.0,96.24468988692414,152.0,145.95074996935378
2079,2016-10-24 22:00:00,Guanyuan,station_target_delta_ridge,1600.0,1546.3713773609543,2.0,0.05208786064440485,5.0,4.356007436238483,66.0,60.73649720989037,91.0,98.65847264057365,140.0,124.50705796959234
2080,2016-10-24 23:00:00,Wanshouxigong,station_target_delta_ridge,1800.0,1725.1231989908324,2.0,0.5985563165235177,2.0,1.6477458283921467,53.0,54.37697045431874,111.0,101.1690196728693,135.0,138.9277895304689
2081,2016-10-25 01:00:00,Gucheng,station_target_delta_ridge,1000.0,1279.436432348918,2.0,3.147545410227925,2.0,2.1410165129797916,44.0,49.525398948717104,62.0,69.88969184249866,93.0,106.6334915895481
2082,2016-10-25 03:00:00,Aotizhongxin,station_target_delta_ridge,1200.0,1336.3636363636363,2.0,2.1818181818181817,2.0,2.090909090909091,64.0,41.36363636363637,71.0,79.63636363636364,104.0,101.27272727272727
2083,2016-10-25 04:00:00,Tiantan,station_target_delta_ridge,1600.0,1770.9982921605747,2.0,2.160513263097156,2.0,1.9409010029045073,13.0,34.14015319321685,94.0,101.22450962526666,94.0,121.02348727595196
2084,2016-10-25 06:00:00,Gucheng,station_target_delta_ridge,1300.0,1090.0969128875734,2.0,3.500767398916433,2.0,2.210434516988402,33.0,32.49830321509365,57.0,55.240265395535985,77.0,74.75101557017295
2085,2016-10-25 07:00:00,Wanshouxigong,station_target_delta_ridge,1300.0,1393.6393173189188,2.0,1.5853387201136613,2.0,1.0934635928103873,41.0,42.41607527952031,66.0,58.47003881621359,79.0,87.64839749579103
2086,2016-10-25 09:00:00,Gucheng,station_target_delta_ridge,1300.0,1503.2182559329997,3.0,6.2632382792227785,2.0,2.0833982730722687,50.0,47.68918324614515,70.0,66.30594667348471,77.0,156.501702957204
2087,2016-10-25 11:00:00,Aotizhongxin,station_target_delta_ridge,1500.0,1438.2912743615186,3.0,3.6937177165276243,2.0,2.616194717108016,90.0,92.17271412769558,109.0,93.6450242424198,164.0,93.97396094045087
2088,2016-10-25 12:00:00,Wanliu,station_target_delta_ridge,1500.0,1596.2399260195723,7.0,0.014844182556539742,4.0,4.850891989773007,92.0,94.0626708124685,86.0,91.77557581134612,129.0,125.1034071111942
2089,2016-10-25 14:00:00,Guanyuan,station_target_delta_ridge,1700.0,1614.4948590978133,2.0,3.070976629324355,6.0,5.06960413342869,140.0,138.1009774312257,130.0,136.10937162294738,191.0,173.10484277464474
2090,2016-10-25 16:00:00,Aotizhongxin,station_target_delta_ridge,1200.0,1353.210360292951,13.0,15.161761986962683,2.0,3.7587220221027517,105.0,123.45883446047887,132.0,141.36770835707762,132.0,154.33924139732454
2091,2016-10-25 17:00:00,Shunyi,station_target_delta_ridge,1200.0,1252.0639165139582,10.0,7.2645619396120935,5.0,3.8438241135523086,123.0,124.65152283156681,120.0,108.90342568193549,144.0,156.83694743212473
2092,2016-10-25 19:00:00,Dingling,station_target_delta_ridge,1300.0,1342.4225265269329,5.0,1.960620122165365,2.0,1.4080981472869118,74.0,74.27998043135614,93.0,86.62896801938412,106.0,112.0284221322192
2093,2016-10-25 20:00:00,Shunyi,station_target_delta_ridge,1500.0,1375.6557424088744,2.0,0.0837435583542967,2.0,1.6698522708431154,91.0,95.45149008126201,115.0,123.22729483760331,151.0,166.3557695874709
2094,2016-10-25 22:00:00,Dongsi,station_target_delta_ridge,1800.0,1766.6803050695278,2.0,1.2463941418399038,15.0,11.678910669048049,85.0,81.48449991626451,158.0,166.20010622412923,196.0,211.40866678929254
2095,2016-10-25 23:00:00,Tiantan,station_target_delta_ridge,1700.0,1859.9041652690344,2.0,3.094397660796695,2.0,2.861986535232405,47.0,52.249410042234565,122.0,128.94720108460743,122.0,141.81277466140716
2096,2016-10-26 01:00:00,Dongsi,station_target_delta_ridge,2100.0,2174.6054581592334,2.0,0.48834519887149264,8.0,8.928128618350435,92.0,82.64785321642027,151.0,151.65446401154048,196.0,198.86875234675563
2097,2016-10-26 02:00:00,Wanliu,station_target_delta_ridge,1800.0,1819.553463875703,2.0,1.707455037132084,3.0,4.4120598973599385,83.0,86.10803461746522,118.0,119.54474578386855,148.0,174.39573870448174
2098,2016-10-26 04:00:00,Guanyuan,station_target_delta_ridge,1600.0,1753.8910766238423,2.0,1.7062890003548286,2.0,2.923589154261853,81.0,80.62342955304648,120.0,129.89090938229884,160.0,161.91299011788908
2099,2016-10-26 05:00:00,Wanshouxigong,station_target_delta_ridge,1500.0,1525.1462450417778,2.0,1.5331249317000732,2.0,1.5176293712804916,83.0,78.26856281682221,113.0,104.10687768014708,128.0,113.06443917840397
2100,2016-10-26 07:00:00,Huairou,station_target_delta_ridge,200.0,232.08183506391183,58.0,51.154522928521246,2.0,2.73050805527221,16.0,18.761810249154397,7.0,-0.8215918888153269,7.0,0.7254078845159277
2101,2016-10-26 09:00:00,Aotizhongxin,station_target_delta_ridge,300.0,249.76435244786768,22.0,26.719038170460777,2.0,1.722637280274628,46.0,40.1016723303277,3.0,6.086640977487005,20.0,23.28883462270324
2102,2016-10-26 10:00:00,Huairou,station_target_delta_ridge,200.0,321.1815463799498,61.0,52.56384162516871,2.0,2.1480139341000357,18.0,28.24031060257689,5.0,11.352246795647172,14.0,24.941078642679024
2103,2016-10-26 12:00:00,Dingling,station_target_delta_ridge,400.0,584.6321423420848,31.0,27.428818674691914,2.0,2.948352848072512,24.0,33.73487747408432,23.0,38.14073653335216,58.0,71.68653781415242
2104,2016-10-26 13:00:00,Wanshouxigong,station_target_delta_ridge,400.0,319.9374498927193,54.0,55.41192173368267,2.0,3.012724717624071,23.0,23.407331744217064,22.0,15.338558999486802,34.0,53.935206125796604
2105,2016-10-26 15:00:00,Tiantan,station_target_delta_ridge,800.0,926.164997628978,56.0,60.3901611463147,9.0,10.931559479786202,33.0,36.222980952776,22.0,46.59681972985956,143.0,94.78662284688683
2106,2016-10-26 17:00:00,Gucheng,station_target_delta_ridge,600.0,744.495426231509,25.0,22.522997435192824,4.0,4.81538472800129,34.0,37.103123432818876,28.0,38.11590103486232,54.0,104.65361380580663
2107,2016-10-26 19:00:00,Dingling,station_target_delta_ridge,600.0,667.2739686981663,18.0,21.703676998449332,3.0,3.4331825994521745,28.0,27.64985012083899,25.0,38.7784317572196,104.0,135.8427476550532
2108,2016-10-26 20:00:00,Wanliu,station_target_delta_ridge,900.0,851.0052805178983,2.0,1.2929073209373356,2.0,2.9326382624976195,79.0,78.20142645053141,26.0,26.175787879284567,99.0,98.2001097113145
2109,2016-10-26 22:00:00,Gucheng,station_target_delta_ridge,700.0,703.1866044579632,6.0,7.403821081023949,3.0,3.980146239644581,54.0,55.20290172246892,35.0,32.135495298318375,87.0,112.07033087094592
2110,2016-10-27 00:00:00,Dingling,station_target_delta_ridge,700.0,692.7221898518001,2.0,3.469670672328152,3.0,2.2509247443359497,43.0,32.63052984708196,28.0,31.336615913083396,75.0,75.19430343235649
2111,2016-10-27 01:00:00,Wanliu,station_target_delta_ridge,800.0,617.1763363140556,3.0,10.357784359374529,2.0,2.76750650878624,73.0,62.01735115721705,27.0,19.129218619578115,71.0,58.39531694994191
2112,2016-10-27 03:00:00,Huairou,station_target_delta_ridge,400.0,287.64860992407085,29.0,17.511601586625368,5.0,5.127528806808239,28.0,28.893676974896948,22.0,19.974844826279693,49.0,60.08063371058463
2113,2016-10-27 05:00:00,Guanyuan,station_target_delta_ridge,300.0,396.036349406684,9.0,4.225754043549347,6.0,5.976586770682093,41.0,52.180362053158134,17.0,18.033736948152733,33.0,41.55526240196214
2114,2016-10-27 07:00:00,Dingling,station_target_delta_ridge,400.0,442.17908265141335,15.0,12.318122256476356,3.0,4.083354490299705,21.0,23.98663049386215,24.0,23.82740310403061,48.0,50.35188993145227
2115,2016-10-27 08:00:00,Wanliu,station_target_delta_ridge,600.0,598.9885154912541,7.0,4.986280153933472,2.0,3.284872572081424,58.0,53.67302964921974,21.0,23.092476866647033,52.0,43.28007866329237
2116,2016-10-27 10:00:00,Gucheng,station_target_delta_ridge,900.0,936.6567507974764,3.0,8.437369794910566,2.0,2.729722955440078,61.0,61.467457531207316,31.0,27.760671258626317,70.0,85.82358768707073
2117,2016-10-27 12:00:00,Dingling,station_target_delta_ridge,500.0,614.2927909910111,33.0,25.57442955036219,3.0,4.090427348429758,11.0,18.24623185152271,32.0,31.39435118785996,81.0,87.53961315313967
2118,2016-10-27 14:00:00,Aotizhongxin,station_target_delta_ridge,2000.0,2182.728018777138,2.0,-1.3471071707967668,5.0,5.336909159992789,62.0,64.24031560503701,56.0,57.57449557220699,95.0,103.55846555526317
2119,2016-10-27 15:00:00,Wanliu,station_target_delta_ridge,1400.0,1406.9472941185747,2.0,6.115957059304704,2.0,2.3592167587157338,60.0,58.38983548918614,43.0,47.00570216708705,52.0,55.69153173768557
2120,2016-10-27 17:00:00,Nongzhanguan,station_target_delta_ridge,1300.0,1681.8495237998009,2.0,9.358014073037303,3.0,4.4491391264426445,48.0,52.147021943326706,40.0,38.212446800880485,46.0,59.72979888308124
2121,2016-10-27 19:00:00,Dingling,station_target_delta_ridge,1000.0,1034.22500562832,5.0,1.863594238073151,2.0,1.915160891823171,31.0,36.92277574848697,41.0,44.13120560427895,41.0,40.29251309621527
2122,2016-10-27 20:00:00,Tiantan,station_target_delta_ridge,1200.0,1076.332061893828,2.0,4.154050255149478,2.0,2.106942692045677,57.0,54.91572058810255,34.0,26.360402751489644,34.0,37.64125103028431
2123,2016-10-27 22:00:00,Gucheng,station_target_delta_ridge,1000.0,1281.407818326469,2.0,3.8448802628988084,2.0,2.0625902607924176,52.0,53.810198582544224,22.0,32.74916706563998,22.0,32.77130715805256
2124,2016-10-28 00:00:00,Changping,station_target_delta_ridge,300.0,361.62553237800125,2.0,-0.6887141547314801,2.0,2.5350801328720656,24.0,21.09621123184449,15.0,23.39108544834407,15.0,21.541606524870588
2125,2016-10-28 01:00:00,Tiantan,station_target_delta_ridge,900.0,823.4469781068708,2.0,2.5624366748650993,2.0,1.1688533280468496,51.0,45.86690033019902,15.0,12.661089256090953,15.0,18.984285671276517
2126,2016-10-28 03:00:00,Gucheng,station_target_delta_ridge,600.0,809.8775495609764,20.0,-0.536798757609771,2.0,2.028922343839685,31.0,42.25031066712423,14.0,20.42230988504457,14.0,19.553852702408207
2127,2016-10-28 05:00:00,Dingling,station_target_delta_ridge,400.0,386.67618310614694,33.0,22.70684684580005,2.0,1.2606872827692972,7.0,1.5812840469235008,13.0,6.480180964375052,13.0,12.783585531892161
2128,2016-10-28 06:00:00,Wanliu,station_target_delta_ridge,500.0,415.54609713396036,2.0,5.487492735238693,2.0,2.527376595726906,44.0,43.51036462068367,4.0,10.947303478382915,9.0,15.649198771284695
2129,2016-10-28 08:00:00,Huairou,station_target_delta_ridge,300.0,599.4372314898551,46.0,11.84784939629178,2.0,3.6852325420854157,16.0,28.882517621153628,4.0,13.672745361956048,6.0,32.90642945374378
2130,2016-10-28 10:00:00,Dongsi,station_target_delta_ridge,400.0,327.27272727272725,38.0,42.27272727272727,3.0,2.6363636363636362,24.0,20.636363636363637,7.0,6.636363636363637,25.0,11.454545454545455
2131,2016-10-28 11:00:00,Wanliu,station_target_delta_ridge,300.0,382.01556292838194,44.0,40.49594683332798,2.0,3.1816726799209603,22.0,28.579759724961626,7.0,12.849211000947129,14.0,22.48300354123344
2132,2016-10-28 13:00:00,Tiantan,station_target_delta_ridge,300.0,268.51465382230197,61.0,59.118963218377125,2.0,2.856361801360264,19.0,20.1445028614705,3.0,6.642513381656277,3.0,6.644982354338566
2133,2016-10-28 15:00:00,Dongsi,station_target_delta_ridge,200.0,127.77227976133781,66.0,64.08072594264412,2.0,0.28774148160038115,9.0,10.17077654176514,7.0,7.1403719390755045,12.0,12.712284625078938
2134,2016-10-28 16:00:00,Wanliu,station_target_delta_ridge,200.0,182.95968400434157,64.0,58.982286188128356,2.0,1.7964252828827703,13.0,14.632970970239088,3.0,2.2094058773335736,13.0,13.54606111036398
2135,2016-10-28 18:00:00,Guanyuan,station_target_delta_ridge,100.0,253.717520310578,36.0,38.2760136829511,3.0,3.734315356180104,44.0,40.74198517177186,8.0,9.876646872188823,24.0,23.33605815920113
2136,2016-10-28 19:00:00,Wanliu,station_target_delta_ridge,300.0,263.5653665646239,50.0,33.13105374317236,2.0,1.315952618327013,23.0,26.977827920113576,9.0,2.7210814404137067,26.0,33.901777581339275
2137,2016-10-28 21:00:00,Gucheng,station_target_delta_ridge,700.0,508.4384514249291,2.0,2.2340137682752754,2.0,2.345110072649792,63.0,32.74463944336362,27.0,18.458422913134832,90.0,37.74765170194768
2138,2016-10-28 22:00:00,Wanshouxigong,station_target_delta_ridge,500.0,422.2120433745198,9.0,14.310653158263673,2.0,2.9254292425359902,43.0,45.26301047610646,14.0,20.49411711644703,36.0,51.43798959037457
2139,2016-10-29 00:00:00,Gucheng,station_target_delta_ridge,1500.0,1336.4230894158932,2.0,5.3130202834277425,2.0,2.0149029706967925,69.0,71.46075390147047,85.0,57.56736954829541,124.0,144.08145114809372
2140,2016-10-29 01:00:00,Wanshouxigong,station_target_delta_ridge,700.0,857.1229153140434,2.0,3.5599561135589375,2.0,2.6858722588096207,54.0,55.854165967878345,22.0,24.682895685723686,33.0,59.815577239486856
2141,2016-10-29 03:00:00,Nongzhanguan,station_target_delta_ridge,500.0,552.4045279403122,2.0,5.151633718786108,2.0,2.293027647418185,57.0,59.030250934364865,13.0,18.779284951848837,41.0,39.508464161384
2142,2016-10-29 05:00:00,Gucheng,station_target_delta_ridge,600.0,430.0,2.0,6.9,2.0,2.0,48.0,45.2,15.0,12.4,15.0,49.7
2143,2016-10-29 07:00:00,Aotizhongxin,station_target_delta_ridge,500.0,491.0299465757225,2.0,4.119788079868489,2.0,0.37069059691031336,58.0,58.48167602213289,9.0,16.12787431931252,41.0,42.612063318583736
2144,2016-10-29 08:00:00,Nongzhanguan,station_target_delta_ridge,1000.0,864.1062920157319,2.0,4.553211854193375,2.0,2.0483930703185784,52.0,50.72044362951843,26.0,31.309384070921613,67.0,69.31366464417006
2145,2016-10-29 10:00:00,Changping,station_target_delta_ridge,100.0,363.31690686522506,10.0,11.947385731519812,8.0,8.464839488990393,41.0,39.07865517499538,16.0,30.59716149949667,44.0,42.07690074373357
2146,2016-10-29 11:00:00,Shunyi,station_target_delta_ridge,300.0,384.6187023908289,24.0,29.24455557952544,2.0,2.148110406197959,35.0,34.72889738314724,15.0,17.53218979914977,40.0,42.51073987779306
2147,2016-10-29 13:00:00,Guanyuan,station_target_delta_ridge,500.0,554.0326145164005,44.0,43.015457817197735,9.0,15.91506270460227,26.0,26.965458209444172,27.0,29.363533050124232,56.0,60.444123753078955
2148,2016-10-29 14:00:00,Wanshouxigong,station_target_delta_ridge,400.0,294.2800174305676,48.0,50.45025246155455,6.0,4.2569559663916685,21.0,22.125763687579987,15.0,21.21345136642208,52.0,88.35237632550279
2149,2016-10-29 16:00:00,Gucheng,station_target_delta_ridge,600.0,559.2632763188212,39.0,46.296640130245706,5.0,5.105682694432582,22.0,22.651045526650584,24.0,27.48183647022165,53.0,27.456154849629346
2150,2016-10-29 17:00:00,Wanshouxigong,station_target_delta_ridge,400.0,502.47892487636705,44.0,51.88933892171506,6.0,6.967575997477948,31.0,27.71105171027365,28.0,30.12734911629881,59.0,55.69789577342121
2151,2016-10-29 19:00:00,Huairou,station_target_delta_ridge,800.0,535.7109062422443,8.0,19.956424230905636,3.0,4.500862867305507,77.0,59.234908013269106,44.0,40.190235786263784,112.0,118.33240066766797
2152,2016-10-29 21:00:00,Aotizhongxin,station_target_delta_ridge,500.0,601.5394321155993,16.0,16.393461776856498,3.0,2.914005278597232,60.0,58.824441101559856,26.0,30.32286297496547,64.0,71.355843627608
2153,2016-10-29 22:00:00,Huairou,station_target_delta_ridge,1500.0,1585.155910041219,5.0,7.321175426696966,2.0,0.3040210733361053,56.0,60.005537047369664,71.0,69.87976323207937,138.0,126.66320813359106
2154,2016-10-30 00:00:00,Changping,station_target_delta_ridge,100.0,159.3313575616891,16.0,10.992005125075126,2.0,2.5441028272420336,29.0,37.47026863978751,46.0,41.12861278106193,61.0,68.45031313584133
2155,2016-10-30 01:00:00,Nongzhanguan,station_target_delta_ridge,700.0,618.1971904546147,2.0,3.746559899365727,8.0,9.677722209859267,58.0,60.78681454472993,43.0,54.487095639480756,102.0,105.54032902086534
2156,2016-10-30 03:00:00,Dingling,station_target_delta_ridge,500.0,579.1335567354624,9.0,14.250541997529213,2.0,2.2059073448396718,23.0,20.466715084093085,37.0,34.53018440578173,47.0,63.68582527219178
2157,2016-10-30 04:00:00,Wanliu,station_target_delta_ridge,1300.0,1199.5444630522518,2.0,3.6956182072460506,2.0,0.39971731712641634,63.0,52.32332283895995,58.0,61.98661034543524,116.0,111.2322430508286
2158,2016-10-30 06:00:00,Guanyuan,station_target_delta_ridge,1200.0,1356.8671516495772,2.0,0.9701871953136694,4.0,2.9291221599595896,63.0,62.02999084561981,62.0,68.7879957746927,139.0,129.79323032182094
2159,2016-10-30 07:00:00,Wanliu,station_target_delta_ridge,1200.0,1276.8418930529015,2.0,5.497757866643435,2.0,1.1444276457765223,63.0,62.36812185316243,58.0,68.47063685109852,101.0,111.24368018511998
2160,2016-10-30 09:00:00,Guanyuan,station_target_delta_ridge,1300.0,1490.7235809441875,2.0,2.6136270636517036,9.0,7.455743300355184,64.0,68.11399863202126,71.0,79.96698933682286,155.0,148.79236240931328
2161,2016-10-30 10:00:00,Wanshouxigong,station_target_delta_ridge,1400.0,1457.1891666141908,2.0,3.420174509679588,6.0,8.60679421359708,68.0,71.9270288872662,82.0,81.28518488061965,141.0,125.42230020863803
2162,2016-10-30 12:00:00,Gucheng,station_target_delta_ridge,1300.0,1157.2346996898896,9.0,13.209479696206909,8.0,7.418835171550116,64.0,62.99506017082588,71.0,74.57889719776853,128.0,117.13297143565184
2163,2016-10-30 14:00:00,Aotizhongxin,station_target_delta_ridge,1300.0,1336.5225176845042,9.0,8.857275373437988,8.0,5.81895450844458,78.0,78.40506636697474,91.0,94.32743564256594,120.0,150.01230569897362
2164,2016-10-30 15:00:00,Nongzhanguan,station_target_delta_ridge,700.0,796.7890479293601,34.0,36.3934205539758,9.0,8.275359326808376,38.0,36.004032176588424,64.0,67.45195796100717,97.0,127.69832299991825
2165,2016-10-30 17:00:00,Changping,station_target_delta_ridge,100.0,108.53338755738217,55.0,55.417816799766996,2.0,1.8053298014795116,14.0,14.690280080715171,4.0,14.687669131515959,13.0,18.84521673518652
2166,2016-10-30 18:00:00,Nongzhanguan,station_target_delta_ridge,300.0,320.71033811100506,56.0,56.28522370317739,2.0,1.44049439243922,12.0,16.537803037187288,3.0,10.308971949375831,6.0,20.981148506378975
2167,2016-10-30 20:00:00,Dingling,station_target_delta_ridge,100.0,219.56754025366493,62.0,64.02374890258287,2.0,1.6263727804633197,2.0,1.695166954962123,3.0,4.457740494697717,9.0,9.762828481330692
2168,2016-10-30 21:00:00,Shunyi,station_target_delta_ridge,200.0,146.4578950475031,58.0,54.0148768930556,2.0,0.9467371400774043,11.0,9.966383610477507,3.0,3.356593780594893,14.0,14.929562299431941
2169,2016-10-30 23:00:00,Dingling,station_target_delta_ridge,100.0,112.60862080447247,70.0,73.66129490632632,2.0,1.2711621958071495,2.0,-0.3927633757254263,3.0,1.355903433720762,6.0,8.52473702177859
2170,2016-10-31 00:00:00,Shunyi,station_target_delta_ridge,200.0,169.82899633681987,64.0,59.8877837369482,2.0,0.8461810804035863,8.0,5.332573166158362,3.0,0.3635002149873081,9.0,8.13673030789353
2171,2016-10-31 02:00:00,Dongsi,station_target_delta_ridge,100.0,197.31995478818618,61.0,54.627876922482514,2.0,1.46026329458258,6.0,8.042347040779356,5.0,4.716078138161951,22.0,12.447698443099636
2172,2016-10-31 03:00:00,Tiantan,station_target_delta_ridge,100.0,52.818221190158596,61.0,58.93078189478928,2.0,2.796422348014654,11.0,8.903792779130564,3.0,3.0658966681013067,108.0,43.35301942730793
2173,2016-10-31 05:00:00,Nongzhanguan,station_target_delta_ridge,100.0,137.04520135656594,51.0,49.25322380484264,2.0,1.8020836528430535,2.0,4.200972556310333,3.0,2.578793722202364,13.0,1.5201416839780642
2174,2016-10-31 07:00:00,Dingling,station_target_delta_ridge,100.0,142.73651466067736,54.0,52.97137595163842,2.0,2.174071470983585,2.0,2.396453482430381,3.0,7.711525513753535,8.0,13.274949773566448
2175,2016-10-31 08:00:00,Shunyi,station_target_delta_ridge,300.0,232.33302071146304,30.0,32.2953487811094,2.0,1.338087064936307,29.0,23.840738918631217,8.0,6.224195970964493,70.0,32.76236350631289
2176,2016-10-31 10:00:00,Dingling,station_target_delta_ridge,200.0,231.07664140853103,53.0,59.105682922906084,2.0,2.8066384372468134,2.0,3.258001029555477,5.0,9.278912907950133,14.0,14.340577424778186
2177,2016-10-31 11:00:00,Tiantan,station_target_delta_ridge,400.0,387.0315906089411,50.0,45.91885272087076,4.0,5.883726624402643,22.0,20.89007710273793,12.0,6.7919270178053255,12.0,17.919918605704545
2178,2016-10-31 13:00:00,Guanyuan,station_target_delta_ridge,200.0,270.828906043574,51.0,51.87454827065019,5.0,6.677568099648074,11.0,11.741279683619867,8.0,8.635578069211736,16.0,22.479404901343052
2179,2016-10-31 15:00:00,Aotizhongxin,station_target_delta_ridge,200.0,231.91563914109483,66.0,65.8591666584685,7.0,6.5550680474359915,8.0,8.344527821731639,3.0,6.501930747166465,10.0,23.934145456016715
2180,2016-10-31 16:00:00,Shunyi,station_target_delta_ridge,200.0,169.96357797049606,67.0,65.48513468805112,2.0,1.1585316092314522,9.0,7.384772021291398,5.0,6.211139637906534,13.0,29.849622288020694
2181,2016-10-31 18:00:00,Gucheng,station_target_delta_ridge,400.0,386.50361517033645,40.0,41.88145085334737,2.0,2.275924292033882,19.0,20.50828129593974,17.0,15.95604871519786,42.0,46.51621491208233
2182,2016-10-31 20:00:00,Aotizhongxin,station_target_delta_ridge,400.0,490.3955749299337,26.0,24.272329059590387,7.0,7.089240882756363,47.0,51.38034741736571,15.0,16.885089233047363,31.0,47.406499459342015
2183,2016-10-31 21:00:00,Shunyi,station_target_delta_ridge,1000.0,812.8869232943242,5.0,0.12748713981564253,10.0,8.007370653668787,75.0,71.82361617615516,40.0,28.067962555158253,91.0,73.65369215146934
2184,2016-10-31 23:00:00,Gucheng,station_target_delta_ridge,800.0,703.8627986260249,10.0,18.601775142450098,3.0,4.141166650475832,45.0,46.14566740209582,25.0,31.320406525016068,70.0,40.69975721101127
2185,2016-11-01 01:00:00,Aotizhongxin,station_target_delta_ridge,300.0,327.67225339203986,7.0,19.478080255995867,5.0,4.379080947005985,60.0,48.831989456525086,17.0,6.79894168225746,38.0,38.45981770289897
2186,2016-11-01 02:00:00,Nongzhanguan,station_target_delta_ridge,400.0,627.7935484619338,5.0,13.883971601570039,2.0,2.572923859793841,51.0,48.2394034223649,11.0,23.982578751879544,31.0,35.691474479173436
2187,2016-11-01 04:00:00,Dongsi,station_target_delta_ridge,500.0,595.6170949767154,2.0,4.356068515462203,3.0,2.5829521316835393,59.0,62.97512175607139,15.0,19.17661493041748,29.0,38.67304636587327
2188,2016-11-01 06:00:00,Aotizhongxin,station_target_delta_ridge,600.0,597.5914585432689,2.0,5.668455817394869,6.0,4.764452803506598,67.0,64.16694882345627,15.0,13.380879920433191,37.0,38.92441773352114
2189,2016-11-01 07:00:00,Shunyi,station_target_delta_ridge,700.0,774.0080734501096,2.0,4.324863849895184,2.0,1.3796299996562786,50.0,50.126309297534576,23.0,19.035214070740054,51.0,42.120640093692515
2190,2016-11-01 09:00:00,Guanyuan,station_target_delta_ridge,700.0,874.7090468088885,7.0,6.520851599633998,10.0,13.096645837249465,43.0,52.30147365796216,12.0,19.776509321741486,45.0,39.4963061058993
2191,2016-11-01 11:00:00,Aotizhongxin,station_target_delta_ridge,700.0,715.610456656477,22.0,20.71624944703101,12.0,12.384914918115395,49.0,56.454958189689115,24.0,31.841784124078245,44.0,47.228831602148674
2192,2016-11-01 12:00:00,Tiantan,station_target_delta_ridge,200.0,459.1453284790067,37.0,24.122438287466814,17.0,15.967023719012161,59.0,69.79877609382847,57.0,48.5539483321241,79.0,89.74496373407983
2193,2016-11-01 14:00:00,Guanyuan,station_target_delta_ridge,700.0,691.9336696835538,45.0,40.52986682344496,22.0,18.72607106951616,34.0,38.938981217509664,67.0,68.98387489806471,96.0,87.78583594533704
2194,2016-11-01 16:00:00,Dingling,station_target_delta_ridge,500.0,517.1607311784056,32.0,32.41532133365285,7.0,8.558853176156074,51.0,50.25888129165038,41.0,48.75262683339038,71.0,60.07817906638992
2195,2016-11-01 18:00:00,Aotizhongxin,station_target_delta_ridge,700.0,652.0673287310436,40.0,38.80639946393559,13.0,15.437835216857303,57.0,59.93669704363137,63.0,60.572679569166226,95.0,99.67187228259694
2196,2016-11-01 19:00:00,Tiantan,station_target_delta_ridge,700.0,565.8505940269356,32.0,51.24204986966794,6.0,6.744769170733566,60.0,46.36859747735691,61.0,53.08956671187801,86.0,84.87193095182496
2197,2016-11-01 21:00:00,Guanyuan,station_target_delta_ridge,900.0,814.6457644770479,11.0,15.312451303880051,16.0,17.482890421417927,73.0,71.76192620675126,64.0,69.64977397625563,106.0,103.64530040975548
2198,2016-11-01 23:00:00,Changping,station_target_delta_ridge,900.0,908.1587827186962,7.0,5.177274568954045,4.0,5.6365349017455575,54.0,61.35067482523637,65.0,67.30861494428751,86.0,85.44914065097576
2199,2016-11-02 00:00:00,Tiantan,station_target_delta_ridge,900.0,981.4508029663908,11.0,9.52072644639897,3.0,1.7177342116633127,68.0,70.93424433170064,82.0,85.1699276449113,93.0,94.7118986389232
2200,2016-11-02 02:00:00,Guanyuan,station_target_delta_ridge,1500.0,1374.6046518509886,2.0,0.6929556771665115,8.0,11.929954813907335,81.0,67.29939649958092,89.0,87.98998158022108,147.0,132.85342963746453
2201,2016-11-02 03:00:00,Wanshouxigong,station_target_delta_ridge,1400.0,1431.0054569549798,2.0,2.139696922194246,4.0,4.04368839745243,72.0,75.59107376447885,104.0,105.59714092815157,122.0,148.16453884692464
2202,2016-11-02 05:00:00,Wanliu,station_target_delta_ridge,1600.0,1340.0,3.0,4.7,3.0,6.1,73.0,69.2,89.0,89.7,132.0,121.7
2203,2016-11-02 07:00:00,Guanyuan,station_target_delta_ridge,1300.0,1416.1293094452938,2.0,1.2020935419718781,5.0,4.519265745971347,71.0,73.0513993116063,81.0,93.47319145510127,127.0,128.47651057126757
2204,2016-11-02 08:00:00,Wanshouxigong,station_target_delta_ridge,1600.0,1459.1740320132058,2.0,1.3904467695975828,3.0,2.1587514055886134,71.0,70.59448706620528,98.0,91.57842349495948,125.0,140.27302931421002
2205,2016-11-02 10:00:00,Gucheng,station_target_delta_ridge,1300.0,1403.5761325206352,10.0,13.108456069327339,9.0,8.408540330428162,68.0,68.20375202656484,94.0,90.17667160738944,130.0,133.3703737336279
2206,2016-11-02 11:00:00,Wanshouxigong,station_target_delta_ridge,1800.0,1590.2363087650754,7.0,10.528639434201684,11.0,10.58317763895169,103.0,99.01408748271712,113.0,105.16716088563044,156.0,148.86734206055385
2207,2016-11-02 13:00:00,Huairou,station_target_delta_ridge,700.0,765.3462696459363,42.0,37.60532956051341,11.0,11.736684883012547,51.0,58.17970515263007,78.0,76.70659395660331,140.0,134.24163905583438
2208,2016-11-02 15:00:00,Dingling,station_target_delta_ridge,200.0,298.5034077963104,81.0,72.71707006319696,6.0,5.3789937668729015,12.0,19.56478395983497,22.0,20.515901221926462,50.0,44.32242977622997
2209,2016-11-02 16:00:00,Tiantan,station_target_delta_ridge,1100.0,1028.27962539205,49.0,43.16985411941869,18.0,17.853657895538042,75.0,74.11182433809653,117.0,108.30284969000337,130.0,111.32031016018436
2210,2016-11-02 18:00:00,Shunyi,station_target_delta_ridge,1300.0,1199.9382621163304,2.0,10.444219710910346,20.0,18.775424937723088,127.0,105.23351460683678,113.0,107.59932032755282,158.0,172.87556405071516
2211,2016-11-02 20:00:00,Gucheng,station_target_delta_ridge,1800.0,1700.0,5.0,7.181818181818182,7.0,10.181818181818182,104.0,99.36363636363636,153.0,134.36363636363637,209.0,190.63636363636363
2212,2016-11-02 21:00:00,Wanshouxigong,station_target_delta_ridge,1900.0,2055.9460816421524,2.0,2.683630497032063,7.0,7.97928561265004,104.0,107.44491161485432,162.0,169.59814747757164,204.0,216.29035775545537
2213,2016-11-02 23:00:00,Gucheng,station_target_delta_ridge,2400.0,2298.537898940353,5.0,0.49271120991356376,4.0,3.7275259698497147,90.0,86.98039590508564,145.0,148.1580180346575,192.0,204.76186829578546
2214,2016-11-03 01:00:00,Aotizhongxin,station_target_delta_ridge,2300.0,2300.6407153613536,2.0,3.899632378908068,5.0,7.637686250558268,102.0,102.24847639404267,161.0,163.86066557252116,189.0,181.39751867258278
2215,2016-11-03 02:00:00,Huairou,station_target_delta_ridge,900.0,990.2336470073823,2.0,2.9143091953253206,2.0,1.211381684810574,51.0,51.99090153308178,74.0,73.92870770977306,89.0,85.28144152934347
2216,2016-11-03 04:00:00,Aotizhongxin,station_target_delta_ridge,3100.0,3128.338126391216,2.0,2.326866274041093,4.0,4.986326524961048,112.0,109.60993505811206,176.0,169.4565927717034,197.0,217.40897425320995
2217,2016-11-03 05:00:00,Nongzhanguan,station_target_delta_ridge,2800.0,2926.371953460387,6.0,7.900551017820808,19.0,18.546194910616567,82.0,76.82943480640947,182.0,178.12466613004176,227.0,230.47887810738996
2218,2016-11-03 07:00:00,Dingling,station_target_delta_ridge,600.0,564.675359270708,16.0,16.531418371462873,2.0,3.111277437795028,32.0,31.81656041210897,42.0,47.77786685706074,61.0,57.451239280653425
2219,2016-11-03 08:00:00,Shunyi,station_target_delta_ridge,1600.0,1570.7502922847143,3.0,4.83120805660922,2.0,1.5590881304234654,60.0,57.22737488474704,88.0,89.51289117762113,103.0,113.44914018367818
2220,2016-11-03 10:00:00,Dingling,station_target_delta_ridge,800.0,659.4431658607859,30.0,22.62947089208461,3.0,3.6655332035540247,44.0,33.35413764521251,75.0,63.170159616810025,101.0,102.98222224672516
2221,2016-11-03 11:00:00,Tiantan,station_target_delta_ridge,2100.0,2106.7109322135366,19.0,13.39605313540471,6.0,10.12177591251486,124.0,99.34477041466124,150.0,154.37475633506398,195.0,187.76823969001597
2222,2016-11-03 13:00:00,Dongsi,station_target_delta_ridge,2600.0,2555.582893226833,11.0,13.741255351824659,21.0,18.379495030496933,143.0,140.74266579109997,190.0,185.12971475826944,211.0,203.23008281300815
2223,2016-11-03 14:00:00,Tiantan,station_target_delta_ridge,2600.0,2661.712242379755,32.0,23.16171530278558,12.0,12.423699610312266,166.0,178.4718921049036,284.0,245.53716153879998,341.0,335.3214966001369
2224,2016-11-03 16:00:00,Guanyuan,station_target_delta_ridge,2700.0,2259.845570713411,8.0,7.684450265220798,13.0,12.991891459134784,128.0,142.52391527821317,272.0,265.9554310517649,370.0,312.3634665044683
2225,2016-11-03 17:00:00,Wanliu,station_target_delta_ridge,2000.0,2150.4828884469503,8.0,16.597964739717266,10.0,7.857020205088903,134.0,140.9220984913501,208.0,231.28239752439111,248.0,234.17738041370066
2226,2016-11-03 19:00:00,Guanyuan,station_target_delta_ridge,2700.0,2901.7720808966938,2.0,1.2186262875393723,6.0,9.445023806529038,122.0,129.48903836646673,245.0,252.35797117725363,317.0,300.4641039123398
2227,2016-11-03 20:00:00,Wanliu,station_target_delta_ridge,3000.0,3206.865629729383,3.0,4.486486268796618,4.0,3.412095164598958,123.0,133.35450679275178,258.0,281.3668875017455,299.0,319.2874599857954
2228,2016-11-03 22:00:00,Gucheng,station_target_delta_ridge,3400.0,3522.818633497541,8.0,4.403556267488097,4.0,4.035791871907977,125.0,117.12298544332299,270.0,276.6051406426549,294.0,338.83646858076645
2229,2016-11-03 23:00:00,Wanshouxigong,station_target_delta_ridge,3400.0,3756.498203299722,2.0,1.3664929298961055,3.0,3.8590610161146923,87.0,95.52740527289845,231.0,244.2483770749619,304.0,331.53431037212704
2230,2016-11-04 01:00:00,Gucheng,station_target_delta_ridge,4000.0,3927.5034346601005,6.0,2.083668403599023,4.0,3.1450134608652696,100.0,111.76727430462732,292.0,276.52974605540203,352.0,322.7725775731158
2231,2016-11-04 03:00:00,Changping,station_target_delta_ridge,3200.0,2974.964470200537,2.0,4.7695549105716495,2.0,0.6887081648654969,104.0,94.79863573518375,180.0,174.20430990449398,213.0,196.5000402889113
2232,2016-11-04 04:00:00,Wanshouxigong,station_target_delta_ridge,3200.0,3246.01060977985,2.0,6.887200459448407,2.0,2.6350131132129238,78.0,71.42299630066528,210.0,204.12626565342117,256.0,274.80742349068424
2233,2016-11-04 06:00:00,Huairou,station_target_delta_ridge,2200.0,3381.818181818182,2.0,4.181818181818182,2.0,4.454545454545454,81.0,89.45454545454545,191.0,204.54545454545453,224.0,247.45454545454547
2234,2016-11-04 08:00:00,Changping,station_target_delta_ridge,3100.0,3384.3292480337495,2.0,5.904823470893044,3.0,3.148282190901753,79.0,89.29148968541973,159.0,164.0477193779484,202.0,191.10170816081822
2235,2016-11-04 09:00:00,Nongzhanguan,station_target_delta_ridge,3400.0,3596.6283723636384,4.0,6.043233715749831,11.0,11.938609797028123,97.0,97.49060719430808,212.0,215.30070174577168,318.0,274.6488693221396
2236,2016-11-04 11:00:00,Changping,station_target_delta_ridge,3300.0,3167.1895013749922,2.0,10.343840210678987,10.0,7.966281403020726,156.0,139.11651792112932,269.0,235.90646189761833,335.0,273.64425010029106
2237,2016-11-04 12:00:00,Nongzhanguan,station_target_delta_ridge,2800.0,2700.582772919758,17.0,18.892509142315838,12.0,10.638706785314898,117.0,126.06086476229385,299.0,275.7506457160674,314.0,282.51280127744104
2238,2016-11-04 14:00:00,Dingling,station_target_delta_ridge,2500.0,2443.0350204819933,33.0,39.67959336241493,10.0,8.431633629479746,151.0,137.13954471246046,294.0,306.5841443304518,329.0,331.0488145370651
2239,2016-11-04 15:00:00,Shunyi,station_target_delta_ridge,3100.0,2982.362181499132,12.0,20.621793497678407,13.0,15.302722018034238,146.0,147.54969501599984,290.0,292.46320434008317,290.0,303.1747574730582
2240,2016-11-04 17:00:00,Dongsi,station_target_delta_ridge,4100.0,3802.0214865019516,2.0,2.0475189217800116,6.0,5.084360807359561,127.0,128.87358895394044,247.0,258.9137172728408,247.0,254.63885650790996
2241,2016-11-04 19:00:00,Aotizhongxin,station_target_delta_ridge,4400.0,4243.499820960124,2.0,2.5135541842271847,2.0,2.7440170610716885,121.0,122.1628629127605,233.0,224.0958899050441,233.0,244.24887169956955
2242,2016-11-04 20:00:00,Nongzhanguan,station_target_delta_ridge,3700.0,3865.271591254807,4.0,6.474657495648736,7.0,5.116767379269822,108.0,114.53255553295294,223.0,229.511713368519,250.0,239.74907543899155
2243,2016-11-04 22:00:00,Changping,station_target_delta_ridge,4000.0,4034.036087197707,2.0,7.010720205501649,4.0,1.0742413865811953,122.0,122.08311362918263,176.0,221.86647690595922,208.0,242.67856986677737
2244,2016-11-04 23:00:00,Nongzhanguan,station_target_delta_ridge,3800.0,3926.4034076690737,4.0,7.930437820226712,8.0,7.080341342593059,116.0,121.9684369790401,271.0,251.5349079731279,315.0,264.6731357422405
2245,2016-11-05 01:00:00,Dingling,station_target_delta_ridge,3500.0,3650.5282896481685,2.0,-0.3482935074088349,2.0,1.310108131920398,108.0,96.72227084981976,158.0,141.2271660141374,158.0,143.0217332909772
2246,2016-11-05 02:00:00,Shunyi,station_target_delta_ridge,3700.0,3780.348190977191,2.0,3.0946562127999466,2.0,1.1268468123107216,122.0,112.44266402071634,90.0,137.71334309430458,94.0,154.27275892624664
2247,2016-11-05 04:00:00,Dingling,station_target_delta_ridge,3100.0,2972.2699260668637,2.0,-0.7927866489728048,2.0,1.922012253712656,79.0,79.84187835285822,114.0,117.74298755757395,114.0,117.79066540342303
2248,2016-11-05 05:00:00,Wanliu,station_target_delta_ridge,4100.0,4394.849359135424,2.0,4.605757952702866,4.0,4.421247609303329,121.0,115.42612210945988,180.0,188.21751303772115,187.0,190.61581391415172
2249,2016-11-05 07:00:00,Guanyuan,station_target_delta_ridge,4100.0,4102.12229973946,2.0,2.3094155485184555,4.0,4.1553243319762965,119.0,121.58535729542312,196.0,192.93379789238065,223.0,211.5066997318002
2250,2016-11-05 08:00:00,Wanliu,station_target_delta_ridge,4100.0,4132.862146185448,2.0,4.932241964261231,3.0,3.3177782849493695,111.0,109.27525405600328,146.0,161.1993006703956,152.0,164.24055964533724
2251,2016-11-05 10:00:00,Gucheng,station_target_delta_ridge,4300.0,4124.703205616745,6.0,11.759619603872615,2.0,1.5330372029494979,141.0,111.85454951463157,190.0,156.737257834987,190.0,178.10717836371705
2252,2016-11-05 11:00:00,Wanshouxigong,station_target_delta_ridge,2800.0,2554.618875178853,15.0,14.526235790499795,4.0,2.1305803896818496,94.0,99.98631093142892,210.0,211.3793194858196,210.0,209.97934304932056
2253,2016-11-05 13:00:00,Gucheng,station_target_delta_ridge,2700.0,3307.594135055024,34.0,34.7183608873125,3.0,1.4608530838315656,105.0,119.83025954210991,203.0,200.10464959734756,288.0,223.72503227847184
2254,2016-11-05 15:00:00,Aotizhongxin,station_target_delta_ridge,3400.0,3255.0192172544794,57.0,51.21669332996361,7.0,7.824605768085149,70.0,75.88363624347343,184.0,183.22909610794596,195.0,201.5253628095421
2255,2016-11-05 16:00:00,Nongzhanguan,station_target_delta_ridge,3100.0,3364.7725158480707,49.0,48.178922295173294,9.0,7.908213922243087,67.0,71.34867167919153,228.0,218.35963708599456,233.0,221.75418163611707
2256,2016-11-05 18:00:00,Changping,station_target_delta_ridge,3300.0,3091.3100625516,9.0,22.289233201001366,3.0,3.645306788064407,104.0,93.0966474835056,180.0,174.61557361215154,204.0,201.83710657656235
2257,2016-11-05 19:00:00,Nongzhanguan,station_target_delta_ridge,3200.0,3455.961890447077,3.0,-0.025420364457257705,5.0,3.8359122306408273,100.0,113.60527642312006,201.0,204.80774681416966,214.0,217.24013266957633
2258,2016-11-05 21:00:00,Dingling,station_target_delta_ridge,2700.0,2409.67027392821,24.0,27.700292690434328,2.0,1.1795515877453442,44.0,51.06385105559765,169.0,160.9130207687308,169.0,169.585002208092
2259,2016-11-05 22:00:00,Shunyi,station_target_delta_ridge,1300.0,1519.7401627970296,29.0,10.76417602559314,11.0,10.18287899249319,75.0,89.26941690363672,148.0,156.04765404230358,148.0,158.2075331962077
2260,2016-11-06 00:00:00,Dingling,station_target_delta_ridge,1000.0,1199.8642433365635,42.0,33.148691827302486,4.0,3.367294101052161,53.0,59.72349046820153,130.0,124.52821745664544,143.0,134.37809791669838
2261,2016-11-06 01:00:00,Tiantan,station_target_delta_ridge,800.0,804.1373490257736,28.0,19.99713292182308,2.0,3.0336050269475545,50.0,59.30682644369278,136.0,124.99155234894211,136.0,125.44427010074749
2262,2016-11-06 03:00:00,Guanyuan,station_target_delta_ridge,900.0,776.5595956068111,24.0,24.15325012622041,6.0,6.909829812448399,50.0,52.14455676738592,87.0,86.43296451539624,87.0,88.54286349983036
2263,2016-11-06 05:00:00,Changping,station_target_delta_ridge,1100.0,1151.1484923829519,24.0,14.980788821621404,5.0,5.013394512982478,43.0,61.68811443243042,80.0,98.6379149516591,80.0,90.33214338367858
2264,2016-11-06 06:00:00,Nongzhanguan,station_target_delta_ridge,900.0,1092.4494254462466,21.0,23.04110934978811,9.0,9.047225938202669,42.0,40.73215610978903,53.0,57.42423026271954,53.0,52.16868394526326
2265,2016-11-06 08:00:00,Dingling,station_target_delta_ridge,1000.0,946.3567526662971,29.0,32.73715727709107,7.0,7.745382498219389,41.0,36.08924217198576,63.0,69.11443020899807,66.0,65.97823412236954
2266,2016-11-06 09:00:00,Shunyi,station_target_delta_ridge,1200.0,1339.8913658476492,18.0,10.302324429582354,22.0,18.029629947219696,56.0,63.44005020916437,54.0,52.20277060763748,54.0,57.61387598543105
2267,2016-11-06 11:00:00,Dingling,station_target_delta_ridge,1100.0,985.1392695016663,40.0,40.23914607816947,12.0,10.749814919526779,34.0,37.775265569445615,43.0,51.82869193025383,49.0,51.74175082649046
2268,2016-11-06 12:00:00,Tiantan,station_target_delta_ridge,1300.0,1147.861142329735,47.0,51.42719947938827,20.0,17.852722932712826,37.0,34.25152496518858,61.0,41.15302786883188,61.0,66.083860781267
2269,2016-11-06 14:00:00,Guanyuan,station_target_delta_ridge,1200.0,1148.0789720826078,48.0,45.523043153821654,13.0,15.62818005006903,34.0,36.92881974751418,48.0,45.369769074541956,48.0,38.20418535266462
2270,2016-11-06 15:00:00,Wanshouxigong,station_target_delta_ridge,900.0,857.9320386517047,41.0,43.93408436909777,10.0,11.4117173878555,37.0,37.19279440667937,44.0,50.43048660728815,44.0,50.38827310902409
2271,2016-11-06 17:00:00,Huairou,station_target_delta_ridge,1000.0,940.3300695556569,35.0,42.69213447544971,9.0,7.71127235779075,59.0,51.02172559912146,46.0,46.64066048322016,67.0,58.81861962570268
2272,2016-11-06 19:00:00,Aotizhongxin,station_target_delta_ridge,1900.0,2007.6195308390306,14.0,11.915491938295107,10.0,10.623882180835611,74.0,81.20920870637474,58.0,54.359930655650984,65.0,87.91877564209818
2273,2016-11-06 20:00:00,Huairou,station_target_delta_ridge,1400.0,1417.983374709958,6.0,7.47411046476036,10.0,7.99323785085314,81.0,81.57814513499191,88.0,77.34962609735278,127.0,112.89969597343898
2274,2016-11-06 22:00:00,Aotizhongxin,station_target_delta_ridge,1400.0,1838.0000633075856,30.0,8.755040843162554,3.0,7.660343928674321,67.0,91.31456391528269,107.0,93.58488842303215,107.0,155.07253920978235
2275,2016-11-06 23:00:00,Nongzhanguan,station_target_delta_ridge,1400.0,1860.559462716118,2.0,-1.370753557325373,16.0,19.19375417836333,77.0,83.14560142934518,98.0,98.64871721899343,186.0,147.06723077937045
2276,2016-11-07 01:00:00,Changping,station_target_delta_ridge,2000.0,1639.1086891900104,3.0,5.656048051679081,7.0,5.294208488969341,56.0,65.79344514714288,76.0,71.8520212431766,107.0,102.34879335271994
2277,2016-11-07 02:00:00,Nongzhanguan,station_target_delta_ridge,900.0,1180.374798375997,14.0,2.756421525618586,5.0,6.706456537915341,54.0,66.84989859677762,106.0,98.25100800767584,157.0,115.85553273556876
2278,2016-11-07 04:00:00,Dingling,station_target_delta_ridge,800.0,807.8755591358437,3.0,9.45701907662103,2.0,2.5120732231659146,31.0,33.36134365634036,63.0,57.434147413442176,63.0,57.787646144114504
2279,2016-11-07 05:00:00,Tiantan,station_target_delta_ridge,1300.0,1376.5570501675281,2.0,-0.9913272520977054,3.0,5.486002162637766,74.0,79.15126865430307,86.0,71.63124643010394,86.0,78.50127483677807
2280,2016-11-07 07:00:00,Dongsi,station_target_delta_ridge,1500.0,1423.6939541451109,2.0,3.5499409083296047,6.0,3.7576387164510683,75.0,73.13252074369471,74.0,75.90781536627333,74.0,75.36740476221803
2281,2016-11-07 08:00:00,Wanliu,station_target_delta_ridge,1400.0,1380.5995987519482,2.0,1.7300559607819856,2.0,2.1386331649207695,68.0,63.917178977465724,64.0,67.96631817450776,70.0,69.41599598972839
2282,2016-11-07 10:00:00,Guanyuan,station_target_delta_ridge,900.0,915.4269699196643,11.0,17.408261292707664,7.0,9.019702069152581,44.0,42.04337274711571,42.0,47.432185045541544,53.0,52.19331527411148
2283,2016-11-07 11:00:00,Wanliu,station_target_delta_ridge,300.0,228.8416847922179,48.0,48.73162805526455,7.0,7.387646313809906,12.0,13.948857614021833,13.0,10.20073823342489,13.0,13.62568138194733
2284,2016-11-07 13:00:00,Guanyuan,station_target_delta_ridge,300.0,397.7444231292386,45.0,46.74383380473559,3.0,3.54155631692695,16.0,13.912570912418301,3.0,9.495328441350683,6.0,12.307080064073059
2285,2016-11-07 15:00:00,Changping,station_target_delta_ridge,300.0,357.8153662874377,43.0,44.49575351664286,2.0,2.267925060720921,16.0,19.194401421753756,6.0,13.956832352899749,7.0,23.59812617935943
2286,2016-11-07 16:00:00,Shunyi,station_target_delta_ridge,100.0,97.63532282338659,61.0,62.64064788999258,2.0,0.990512256860713,9.0,8.756298191685646,6.0,-2.552926547722822,7.0,5.789473439591137
2287,2016-11-07 18:00:00,Dongsi,station_target_delta_ridge,300.0,287.7610289300918,41.0,43.3987619711112,2.0,1.535432967814372,21.0,23.68751777574203,7.0,13.384969152517368,27.0,29.905479130910763
2288,2016-11-07 20:00:00,Aotizhongxin,station_target_delta_ridge,1100.0,703.8674846954359,8.0,26.340187640680593,2.0,1.2224391972414077,62.0,41.86248412992326,18.0,10.837710001634893,41.0,25.365264671577535
2289,2016-11-07 21:00:00,Shunyi,station_target_delta_ridge,200.0,228.46067933074642,52.0,45.115819988454035,2.0,0.9529872332672933,17.0,19.106170692035683,8.0,16.044751052980796,8.0,18.343640320389746
2290,2016-11-07 23:00:00,Dingling,station_target_delta_ridge,400.0,339.47374214250624,46.0,50.47767987770271,6.0,4.764669166116633,12.0,6.494212273139947,3.0,5.58924233797371,12.0,5.454369434161068
2291,2016-11-08 00:00:00,Shunyi,station_target_delta_ridge,300.0,294.532832601675,36.0,30.391262515733068,2.0,1.4367669691468103,25.0,28.61680957261369,5.0,10.921485360069727,18.0,6.464975400535513
2292,2016-11-08 02:00:00,Guanyuan,station_target_delta_ridge,500.0,789.7542044746906,2.0,0.4215971449710114,3.0,3.6936765382125083,54.0,52.248865266943106,19.0,17.895549668235155,31.0,17.331256048773852
2293,2016-11-08 03:00:00,Wanliu,station_target_delta_ridge,600.0,521.3165651830046,2.0,-7.99527586849417,2.0,0.5245593594982549,55.0,62.209386608349135,9.0,12.6895004272958,20.0,30.388745194704246
2294,2016-11-08 05:00:00,Tiantan,station_target_delta_ridge,600.0,690.0,2.0,7.8,2.0,3.4,40.0,44.8,18.0,12.9,19.0,27.8
2295,2016-11-08 07:00:00,Guanyuan,station_target_delta_ridge,900.0,772.0852115390363,2.0,1.3198885803313587,4.0,4.206301741021321,54.0,55.50283248008763,26.0,19.120773877167935,37.0,35.53857612903816
2296,2016-11-08 08:00:00,Wanliu,station_target_delta_ridge,1600.0,1430.0123022133848,2.0,-5.69351600032857,3.0,3.462509562241178,61.0,56.02095325063922,24.0,25.573157920497138,57.0,96.92721801154846
2297,2016-11-08 10:00:00,Guanyuan,station_target_delta_ridge,600.0,926.3473392063153,12.0,7.367137806850325,11.0,9.645838693867727,47.0,59.61805568898464,22.0,20.474179510703483,27.0,51.85220477457315
2298,2016-11-08 11:00:00,Wanshouxigong,station_target_delta_ridge,500.0,337.4937881368463,23.0,21.651518260521932,8.0,11.70625145889226,40.0,46.3019019094958,22.0,11.792148477941138,40.0,31.55080765312345
2299,2016-11-08 13:00:00,Shunyi,station_target_delta_ridge,700.0,662.8841525004882,30.0,37.617044553356536,10.0,12.40151461133666,64.0,60.41161719317532,28.0,30.507889978675856,32.0,28.66195200917545
2300,2016-11-08 15:00:00,Dingling,station_target_delta_ridge,600.0,743.1115013351632,50.0,47.161253919637666,10.0,11.3922841879482,28.0,30.185471638925286,22.0,30.66220580537417,45.0,43.10112699683418
2301,2016-11-08 16:00:00,Wanliu,station_target_delta_ridge,500.0,464.00647738217873,43.0,38.03362638136032,11.0,10.262420732282548,45.0,41.63741773022696,43.0,37.5699741993037,83.0,75.6328144515027
2302,2016-11-08 18:00:00,Huairou,station_target_delta_ridge,1000.0,564.777656246743,2.0,8.369582778823164,6.0,4.017968643904321,89.0,65.68087439408836,42.0,46.09948037789893,86.0,72.71993007569054
2303,2016-11-08 20:00:00,Aotizhongxin,station_target_delta_ridge,1000.0,1222.6105166983855,3.0,9.986819146431971,11.0,10.395075971741697,92.0,87.79082009481267,64.0,70.95728190082924,108.0,111.67627418749083
2304,2016-11-08 21:00:00,Huairou,station_target_delta_ridge,1000.0,1350.2466234361882,3.0,5.548777170568438,2.0,2.7402610757517323,53.0,64.46657488692559,63.0,69.74797196181146,90.0,107.88625372339214
2305,2016-11-08 23:00:00,Changping,station_target_delta_ridge,1100.0,1188.4596840596641,11.0,11.486805899364004,7.0,6.80064970856338,44.0,43.07503450750746,54.0,52.42610371188449,64.0,57.81538521879407
2306,2016-11-09 00:00:00,Nongzhanguan,station_target_delta_ridge,1300.0,1366.8984823583958,2.0,3.270740014792599,6.0,6.56273789761442,63.0,70.48267162041284,92.0,100.04152626783161,123.0,140.82544799832306
2307,2016-11-09 02:00:00,Changping,station_target_delta_ridge,900.0,1583.1825343132457,2.0,-0.554679924367548,16.0,5.337443251119264,24.0,45.42201977863935,39.0,60.50994346611708,57.0,68.24027782576323
2308,2016-11-09 03:00:00,Shunyi,station_target_delta_ridge,1500.0,1701.6854441600644,2.0,2.215433244979583,6.0,4.2514678673959745,58.0,55.79537082065066,75.0,85.03533919429809,95.0,109.29187865984787
2309,2016-11-09 05:00:00,Dongsi,station_target_delta_ridge,3300.0,2189.7540467782956,2.0,1.862934251906056,10.0,7.316101915878995,97.0,82.48739280863306,146.0,118.74101461460917,206.0,155.56322506533704
2310,2016-11-09 06:00:00,Tiantan,station_target_delta_ridge,2300.0,2251.616831146908,2.0,3.0342330606984222,2.0,3.0513558648895858,65.0,49.95780723690622,107.0,108.85523830717698,163.0,133.7312429680027
2311,2016-11-09 08:00:00,Dongsi,station_target_delta_ridge,3500.0,3513.4322711173254,2.0,2.0288551859114583,14.0,8.023503754048257,75.0,71.30440908922894,154.0,155.98795801211193,187.0,206.93473852961975
2312,2016-11-09 09:00:00,Wanliu,station_target_delta_ridge,2700.0,2522.588038170794,3.0,0.35822826461635393,6.0,9.262886692131795,77.0,72.8675588726355,95.0,103.0072240037024,189.0,155.85134178378723
2313,2016-11-09 11:00:00,Guanyuan,station_target_delta_ridge,3400.0,3349.452744865749,2.0,2.4844346839831215,24.0,20.795066615640557,101.0,103.14885273230412,163.0,160.0895853324841,251.0,224.87522538819897
2314,2016-11-09 12:00:00,Wanshouxigong,station_target_delta_ridge,3300.0,3423.3361396150776,7.0,7.629750624125589,12.0,12.087448704793472,119.0,121.90759403624205,184.0,186.1405711554759,251.0,251.09279182651355
2315,2016-11-09 14:00:00,Nongzhanguan,station_target_delta_ridge,2200.0,2356.394881462057,4.0,5.483387748091067,17.0,19.61002675819558,76.0,81.47901649506733,186.0,188.42932115138763,222.0,224.56588607455595
2316,2016-11-09 16:00:00,Changping,station_target_delta_ridge,3000.0,2899.6409098619724,2.0,4.5058938124774155,16.0,16.225257276890485,115.0,109.34934654074486,196.0,183.36922803509853,243.0,233.48566492940353
2317,2016-11-09 17:00:00,Shunyi,station_target_delta_ridge,2300.0,2306.874139041871,4.0,6.245802887471181,34.0,36.4696861439334,105.0,100.87872005659914,184.0,173.62534364073474,194.0,203.07207926044418
2318,2016-11-09 19:00:00,Guanyuan,station_target_delta_ridge,2600.0,2729.1451130144033,2.0,0.9969413046960465,19.0,18.814646829284122,106.0,108.08772664947668,229.0,233.1708348401524,258.0,258.74510061663733
2319,2016-11-09 20:00:00,Wanshouxigong,station_target_delta_ridge,2600.0,2808.1876740021353,4.0,1.6860634904578786,10.0,9.804496132451764,99.0,100.15186335252791,216.0,217.6935578752105,226.0,261.16243392315596
2320,2016-11-09 22:00:00,Nongzhanguan,station_target_delta_ridge,3400.0,3342.7835589651504,4.0,3.3975287629001176,10.0,10.60856594460447,81.0,92.1068320073927,224.0,223.50563236899882,267.0,257.3372869482357
2321,2016-11-10 00:00:00,Dingling,station_target_delta_ridge,3500.0,3509.090909090909,2.0,3.1818181818181817,2.0,13.727272727272727,69.0,99.27272727272727,237.0,232.0,237.0,253.0909090909091
2322,2016-11-10 01:00:00,Tiantan,station_target_delta_ridge,2900.0,2841.6527078015642,2.0,2.9873501099123003,3.0,4.729265551117917,76.0,76.87026666271055,210.0,211.46219578981018,210.0,216.435709759736
2323,2016-11-10 03:00:00,Guanyuan,station_target_delta_ridge,1500.0,2514.298150177202,2.0,1.8324418301921566,11.0,11.50981009658031,72.0,88.92999537872056,180.0,206.51915311058363,188.0,235.64659895919968
2324,2016-11-10 05:00:00,Aotizhongxin,station_target_delta_ridge,1200.0,3065.481964315501,2.0,-0.6948874454531095,4.0,6.9124989162640205,68.0,94.25396129097336,144.0,201.88367949252392,144.0,195.0414584979748
2325,2016-11-10 06:00:00,Shunyi,station_target_delta_ridge,1600.0,1676.1195634217659,2.0,2.355285454906337,23.0,18.37939074165807,66.0,66.56465731381773,141.0,138.08706528127405,141.0,139.27944475474413
2326,2016-11-10 08:00:00,Dingling,station_target_delta_ridge,2800.0,2700.3768714651637,2.0,3.2163021470835407,2.0,2.0146338616872295,89.0,79.68588478449448,211.0,193.9713038016584,235.0,203.8889292429746
2327,2016-11-10 09:00:00,Shunyi,station_target_delta_ridge,1400.0,1418.7071778961401,3.0,4.240354661937675,20.0,18.143098157660333,60.0,62.082004889926644,120.0,131.4063389388552,120.0,140.67372991105566
2328,2016-11-10 11:00:00,Dongsi,station_target_delta_ridge,2500.0,1764.2270403597797,2.0,1.8630839269830861,10.0,7.16627908222437,83.0,62.9861402425599,188.0,154.2083764535709,188.0,156.76101159469022
2329,2016-11-10 12:00:00,Wanliu,station_target_delta_ridge,2100.0,2990.7615106341786,5.0,11.018216758419664,16.0,11.677817786988753,80.0,109.38179071733664,3.0,234.73559882861997,231.0,279.64262595995547
2330,2016-11-10 14:00:00,Guanyuan,station_target_delta_ridge,1400.0,1427.971068268125,13.0,16.671734239946815,11.0,10.151507285659724,59.0,55.134928755065246,211.0,193.51422671823477,216.0,224.2713029023431
2331,2016-11-10 15:00:00,Wanshouxigong,station_target_delta_ridge,1300.0,1263.5109988602871,26.0,23.459282039477557,10.0,8.387400396581679,56.0,55.047073036822646,191.0,186.24369519529378,191.0,187.60781013376854
2332,2016-11-10 17:00:00,Huairou,station_target_delta_ridge,1500.0,1420.8155302313937,2.0,7.022536116368551,5.0,5.011522098975298,71.0,66.19357767278905,179.0,162.35568063973142,218.0,169.30078097734872
2333,2016-11-10 19:00:00,Aotizhongxin,station_target_delta_ridge,1700.0,982.3589669118555,2.0,20.85466996731346,3.0,2.984277147392585,94.0,61.15041981562078,183.0,58.1414306535408,185.0,275.32159660722004
2334,2016-11-10 20:00:00,Nongzhanguan,station_target_delta_ridge,1400.0,1788.3419930253233,3.0,1.8651660332096263,6.0,5.391791590174098,61.0,65.8820813835869,144.0,167.78168022240112,173.0,186.54628125621392
2335,2016-11-10 22:00:00,Dingling,station_target_delta_ridge,100.0,156.02623023793478,66.0,52.16383209595201,2.0,1.0975198268712179,4.0,10.371256094490926,9.0,26.07408963004654,12.0,21.459227375781335
2336,2016-11-10 23:00:00,Shunyi,station_target_delta_ridge,2400.0,1809.33296788276,3.0,0.6067979118963434,4.0,3.714368300603501,60.0,54.71014276708939,148.0,103.95787733549979,150.0,117.31208301325344
2337,2016-11-11 01:00:00,Dingling,station_target_delta_ridge,300.0,774.1788320739397,26.0,20.222947814193816,2.0,1.8262297073265736,17.0,26.284068423555034,21.0,33.3322427534202,44.0,58.504022504324126
2338,2016-11-11 02:00:00,Shunyi,station_target_delta_ridge,2700.0,3067.4354069825167,3.0,6.556934292801518,2.0,3.0360688674179546,48.0,47.12259407692186,111.0,78.2790436747052,111.0,119.07481408519226
2339,2016-11-11 04:00:00,Dongsi,station_target_delta_ridge,1800.0,1575.2505578491166,2.0,1.0548972558054035,10.0,4.607686374443743,77.0,67.64843329090058,178.0,117.11095828106843,212.0,165.16137355354647
2340,2016-11-11 05:00:00,Tiantan,station_target_delta_ridge,2300.0,2213.9499107849842,2.0,2.5867287950401963,2.0,3.1062773083474498,30.0,41.980560677093706,138.0,134.6898012843115,147.0,147.02749224511788
2341,2016-11-11 07:00:00,Dongsi,station_target_delta_ridge,3000.0,3093.5195724582873,2.0,0.5829974526284507,8.0,8.17213320956051,75.0,78.93314968925343,136.0,106.14057291869915,159.0,139.07571025028562
2342,2016-11-11 08:00:00,Wanliu,station_target_delta_ridge,3200.0,3272.250500490479,3.0,3.516402452143394,4.0,4.677722440369717,76.0,79.83929278186311,143.0,129.9253011573463,182.0,196.20254011711484
2343,2016-11-11 10:00:00,Guanyuan,station_target_delta_ridge,3300.0,2860.1261270699615,2.0,1.8315206035819063,9.0,7.968282361746743,91.0,91.12474232149748,167.0,161.7004232954279,223.0,181.6959340923775
2344,2016-11-11 11:00:00,Wanshouxigong,station_target_delta_ridge,2600.0,2035.2261160809428,2.0,2.6132260308225153,7.0,6.44621447502557,95.0,81.38379315101021,147.0,127.99778295640363,182.0,161.22068010796977
2345,2016-11-11 13:00:00,Huairou,station_target_delta_ridge,500.0,562.2499648045633,35.0,27.470793540116333,5.0,6.011872306455221,25.0,28.648196568590937,34.0,41.20585996140196,59.0,63.792157097436004
2346,2016-11-11 15:00:00,Aotizhongxin,station_target_delta_ridge,800.0,782.9415213561416,23.0,24.205934936125974,11.0,9.673029848180072,61.0,53.22462331605791,61.0,54.125857135595176,96.0,63.13527843758777
2347,2016-11-11 16:00:00,Nongzhanguan,station_target_delta_ridge,900.0,935.789873756897,17.0,11.44083433566049,11.0,10.467151291133948,49.0,57.6881277004566,58.0,67.30027256978907,90.0,96.60950734799354
2348,2016-11-11 18:00:00,Changping,station_target_delta_ridge,700.0,715.8900617411093,22.0,28.777233449534716,3.0,5.857240632111093,48.0,48.040626991085226,20.0,19.46509141403965,98.0,95.95221150839538
2349,2016-11-11 19:00:00,Shunyi,station_target_delta_ridge,1300.0,932.6581913085146,6.0,-0.6937151364636334,8.0,7.952559405507052,82.0,86.3336505425709,77.0,77.86669136898117,149.0,119.81716206939042
2350,2016-11-11 21:00:00,Dingling,station_target_delta_ridge,400.0,570.7671508525266,30.0,20.09617327587259,6.0,5.136266522161244,28.0,32.384788077058076,38.0,42.48996883505753,82.0,94.65009823850764
2351,2016-11-11 22:00:00,Shunyi,station_target_delta_ridge,2200.0,2058.699916949957,5.0,3.1118867016273297,13.0,11.137245639930322,79.0,79.25228002972116,106.0,103.94372227263541,178.0,169.20910339500398
2352,2016-11-12 00:00:00,Dongsi,station_target_delta_ridge,2100.0,2233.9886778292753,2.0,1.2652408310790677,12.0,9.116247889420851,84.0,79.49559305327433,77.0,75.1018957910002,135.0,119.11211012343472
2353,2016-11-12 01:00:00,Tiantan,station_target_delta_ridge,1800.0,1792.8431953416955,2.0,1.096113689624145,2.0,2.5396806675282018,51.0,51.03474154670894,57.0,62.672226403016644,72.0,77.13362502616195
2354,2016-11-12 03:00:00,Gucheng,station_target_delta_ridge,2300.0,2035.3220884433915,3.0,1.5675826791470275,7.0,6.884820742911771,68.0,59.747106240670064,77.0,74.1227159822513,140.0,121.77766979526893
2355,2016-11-12 05:00:00,Changping,station_target_delta_ridge,3100.0,2457.2500238531024,2.0,2.7991342381796804,8.0,8.692531078019051,70.0,64.09320266623021,112.0,59.73252429789338,158.0,74.4630593427604
2356,2016-11-12 06:00:00,Shunyi,station_target_delta_ridge,900.0,873.7960847624815,5.0,3.018101410411949,11.0,10.806630537328356,46.0,46.72463849229812,49.0,51.11474253729147,71.0,67.26906986520989
2357,2016-11-12 08:00:00,Dingling,station_target_delta_ridge,1900.0,1392.7690739126294,3.0,7.572557350142242,11.0,8.214326028784328,64.0,50.857814196705135,92.0,62.981820385571964,174.0,103.49126888295086
2358,2016-11-12 09:00:00,Shunyi,station_target_delta_ridge,800.0,1057.1292691158635,15.0,10.70058229604677,17.0,14.46385311847721,38.0,45.84742040034514,44.0,45.08689383574883,58.0,71.04860493981295
2359,2016-11-12 11:00:00,Dongsi,station_target_delta_ridge,1300.0,1242.505674453157,8.0,9.752841241800006,16.0,15.619696173110402,52.0,53.175712897138744,65.0,61.20914184416694,105.0,98.5961786481028
2360,2016-11-12 12:00:00,Wanliu,station_target_delta_ridge,1200.0,1139.6369170084783,24.0,21.04551528993025,14.0,15.468080182884286,58.0,53.6368331163871,57.0,57.313969602547786,109.0,116.08505158730327
2361,2016-11-12 14:00:00,Guanyuan,station_target_delta_ridge,1500.0,1435.662998063732,26.0,29.111314463013002,21.0,18.791919548220076,77.0,72.31338918810691,93.0,91.15076786431177,161.0,132.97663644361202
2362,2016-11-12 16:00:00,Aotizhongxin,station_target_delta_ridge,1300.0,1357.2207363094994,38.0,37.702437877320115,12.0,14.34114112625637,72.0,69.31572839176405,86.0,80.62889600775492,146.0,141.32857418923982
2363,2016-11-12 17:00:00,Shunyi,station_target_delta_ridge,1100.0,1247.1581089544195,41.0,41.73822641589859,14.0,14.505914667386893,62.0,72.92885739505205,84.0,89.32608302001448,105.0,139.7121697662216
2364,2016-11-12 19:00:00,Dongsi,station_target_delta_ridge,2700.0,2135.1974746717174,2.0,1.7617429773179296,13.0,10.5069376783485,106.0,101.86909414119974,116.0,109.60170860273234,168.0,158.39772081502323
2365,2016-11-12 20:00:00,Wanliu,station_target_delta_ridge,2400.0,1982.5260141289011,2.0,2.874616731142625,3.0,5.520304437861652,112.0,103.07778494206525,107.0,105.06244301372193,166.0,157.18413535393412
2366,2016-11-12 22:00:00,Guanyuan,station_target_delta_ridge,1800.0,1677.6697906962982,2.0,1.7163259364552168,12.0,14.3750450902891,82.0,83.19122601584048,126.0,96.69628818538827,183.0,151.49619025243436
2367,2016-11-12 23:00:00,Wanliu,station_target_delta_ridge,1600.0,1815.913406985996,2.0,3.510762592976217,4.0,3.266735637725688,82.0,91.25582432210419,82.0,81.31740124882985,110.0,132.6249372414128
2368,2016-11-13 01:00:00,Guanyuan,station_target_delta_ridge,800.0,850.0634145697178,2.0,1.155394977816076,6.0,6.785539598614012,63.0,61.94237082874794,46.0,56.99739262532727,59.0,65.41278228701455
2369,2016-11-13 02:00:00,Wanshouxigong,station_target_delta_ridge,1200.0,981.4791204505287,2.0,2.997197599132289,4.0,4.727641747372921,63.0,63.66446301604984,47.0,42.33769619673362,47.0,39.84752568240258
2370,2016-11-13 04:00:00,Gucheng,station_target_delta_ridge,1200.0,1247.9745742324412,2.0,3.4800475354520493,8.0,7.982744146710306,71.0,71.90931661746654,47.0,49.47069930995435,57.0,53.8635309499154
2371,2016-11-13 05:00:00,Wanshouxigong,station_target_delta_ridge,1400.0,1345.7021366876486,2.0,2.1511033139108457,4.0,5.03026813285485,61.0,61.4642434193527,51.0,48.308540422747626,51.0,51.54024732115013
2372,2016-11-13 07:00:00,Huairou,station_target_delta_ridge,1100.0,1164.6329074349608,17.0,17.345912468185293,4.0,4.685763543277287,31.0,34.274947353863695,47.0,46.985249908003674,66.0,68.18227805043861
2373,2016-11-13 09:00:00,Aotizhongxin,station_target_delta_ridge,2300.0,1991.0634670137804,2.0,1.8306604160574818,5.0,3.4070169927683067,69.0,65.05299409872167,61.0,63.59397068641769,117.0,114.56625817371457
2374,2016-11-13 10:00:00,Huairou,station_target_delta_ridge,1500.0,1368.7702031027682,10.0,12.448983278610296,6.0,5.353669390091689,41.0,42.0222518303523,55.0,54.59841351900874,98.0,85.25822988168925
2375,2016-11-13 12:00:00,Changping,station_target_delta_ridge,1800.0,1961.5796697083388,4.0,5.199821562093211,10.0,11.303683809584356,57.0,63.33110772798513,80.0,80.53596740747612,147.0,169.44344248371968
2376,2016-11-13 13:00:00,Nongzhanguan,station_target_delta_ridge,2700.0,2791.7272352367586,5.0,5.499707885516008,20.0,18.108447846907637,64.0,67.40351223652048,106.0,100.7015175784583,192.0,176.16841005432974
2377,2016-11-13 15:00:00,Changping,station_target_delta_ridge,2000.0,1889.878012526131,2.0,5.041189068818615,10.0,12.03693210192102,69.0,71.17970128841509,100.0,96.20051335525272,150.0,180.64454104292517
2378,2016-11-13 16:00:00,Nongzhanguan,station_target_delta_ridge,2900.0,2928.2464518430265,4.0,6.795417759696545,19.0,20.644717205986968,74.0,77.180666683142,143.0,130.33209130220135,268.0,253.09489433565224
2379,2016-11-13 18:00:00,Dingling,station_target_delta_ridge,2100.0,2234.6679384266176,2.0,0.8816157234911854,11.0,13.524229025983429,68.0,73.36062443880365,109.0,115.25334740032612,174.0,185.39890132307264
2380,2016-11-13 19:00:00,Shunyi,station_target_delta_ridge,3300.0,3414.8594625743826,2.0,2.643360533342746,31.0,34.35956339380928,80.0,80.85093808435941,169.0,173.37681762460068,272.0,269.1895528407458
2381,2016-11-13 21:00:00,Dingling,station_target_delta_ridge,2000.0,2462.973635505184,2.0,0.5674457781319839,5.0,7.989456446799037,58.0,67.44003493311088,123.0,126.7286599534777,150.0,183.40381064063652
2382,2016-11-13 22:00:00,Tiantan,station_target_delta_ridge,4100.0,4125.468264812679,2.0,2.461104783548408,7.0,8.59712838267763,81.0,84.75599565285378,177.0,180.73389542935791,251.0,285.680943344661
2383,2016-11-14 00:00:00,Dongsi,station_target_delta_ridge,3900.0,4284.784201803108,2.0,0.15478080625794166,18.0,16.712518415701183,96.0,90.70080962898632,183.0,179.71559121708458,261.0,257.52690746341693
2384,2016-11-14 01:00:00,Tiantan,station_target_delta_ridge,4100.0,4037.2053796118203,2.0,2.834911908901355,3.0,5.471381910010648,51.0,58.76690742230044,147.0,160.58959542978388,198.0,198.56754814918395
2385,2016-11-14 03:00:00,Gucheng,station_target_delta_ridge,2200.0,1713.5118828764234,2.0,1.975111166692882,10.0,10.134521420755028,81.0,66.26878778029034,142.0,130.63547666508308,164.0,173.33329516069847
2386,2016-11-14 05:00:00,Aotizhongxin,station_target_delta_ridge,1200.0,1580.0,22.0,17.1,5.0,6.7,42.0,42.9,74.0,94.6,74.0,143.7
2387,2016-11-14 06:00:00,Nongzhanguan,station_target_delta_ridge,500.0,713.5163204313751,49.0,36.777649288709505,4.0,2.442976758177659,20.0,23.15313515473399,50.0,76.84082331248756,110.0,179.20127611628445
2388,2016-11-14 08:00:00,Changping,station_target_delta_ridge,800.0,566.2117843498966,21.0,19.194462453666983,7.0,2.5126163091012255,42.0,43.271881400086855,27.0,32.49363645768105,42.0,38.326735354947736
2389,2016-11-14 09:00:00,Wanliu,station_target_delta_ridge,500.0,356.0859278625098,40.0,45.66621416898355,4.0,2.0487340317743437,37.0,19.749305041006842,16.0,14.531286350556382,70.0,87.92560033230026
2390,2016-11-14 11:00:00,Gucheng,station_target_delta_ridge,300.0,166.94593990277133,54.0,67.06587816673434,2.0,1.680361770404692,11.0,3.4862995217305457,4.0,1.4934889252821764,6.0,26.64980526644428
2391,2016-11-14 13:00:00,Changping,station_target_delta_ridge,400.0,450.45924323026725,42.0,41.45440528763283,3.0,3.562798767575898,22.0,25.28375291277597,3.0,11.492150776320413,58.0,61.269189408499614
2392,2016-11-14 14:00:00,Shunyi,station_target_delta_ridge,100.0,60.26039261877673,76.0,78.66076492367496,2.0,0.778017952279227,5.0,-1.4163388650282496,3.0,-9.263552541872697,13.0,20.210303168038593
2393,2016-11-14 16:00:00,Guanyuan,station_target_delta_ridge,300.0,148.97812982931143,62.0,62.14362158571136,2.0,1.2535914552283418,21.0,23.00711867615148,11.0,10.185036622890255,66.0,76.97330989269264
2394,2016-11-14 17:00:00,Wanshouxigong,station_target_delta_ridge,300.0,357.34503646903636,61.0,54.92429867442803,3.0,3.233026509570694,19.0,19.13628117744223,5.0,5.042253663203358,23.0,29.148689819568418
2395,2016-11-14 19:00:00,Gucheng,station_target_delta_ridge,400.0,527.0102367789117,48.0,34.298245933295036,4.0,4.501562267950755,23.0,33.69352071533835,9.0,13.957931712378272,23.0,47.09748782650806
2396,2016-11-14 21:00:00,Aotizhongxin,station_target_delta_ridge,700.0,678.8398738348293,17.0,15.528259449081972,4.0,6.002257559783782,61.0,61.165990832448024,14.0,28.118705503389318,43.0,31.726746729766194
2397,2016-11-14 22:00:00,Huairou,station_target_delta_ridge,300.0,321.7907431639625,37.0,42.37465599165518,2.0,2.1188391137801803,19.0,15.710792315679313,10.0,7.329584537894144,29.0,16.06943955714592
2398,2016-11-15 00:00:00,Aotizhongxin,station_target_delta_ridge,500.0,524.5187038754916,2.0,12.672486271455252,5.0,5.45228242014322,69.0,54.08851217470687,13.0,13.616854593527513,20.0,47.85253558852061
2399,2016-11-15 01:00:00,Nongzhanguan,station_target_delta_ridge,500.0,373.7377758882259,8.0,21.6575703024747,5.0,3.364733976281332,60.0,43.33263342316667,8.0,8.64689633522246,18.0,17.816241462007717
2400,2016-11-15 03:00:00,Changping,station_target_delta_ridge,1600.0,1857.6283755413895,2.0,-3.290862304787641,11.0,26.45671253744475,29.0,33.776891054922814,55.0,71.62941851652455,100.0,100.34591919943989
2401,2016-11-15 04:00:00,Nongzhanguan,station_target_delta_ridge,600.0,685.8410026377844,2.0,2.2982530287086096,3.0,3.8196754284475425,67.0,66.0085819874974,12.0,23.217459892454627,24.0,38.47122203270388
2402,2016-11-15 06:00:00,Dongsi,station_target_delta_ridge,600.0,587.1962104859192,2.0,2.249417800404267,4.0,3.5755121182575653,60.0,59.17996807949356,9.0,15.76208486422356,26.0,25.70073557550339
2403,2016-11-15 07:00:00,Tiantan,station_target_delta_ridge,700.0,801.0823855388901,2.0,1.8062127574639857,2.0,2.8547747390126395,52.0,49.47258426826097,11.0,11.663291481087176,50.0,40.351086716927924
2404,2016-11-15 09:00:00,Dongsi,station_target_delta_ridge,1000.0,1051.8540801922766,5.0,5.340350965058002,8.0,7.500142125121414,57.0,63.836616698359975,18.0,10.757254206505271,35.0,25.370967524662188
2405,2016-11-15 10:00:00,Tiantan,station_target_delta_ridge,1100.0,1063.6994636746392,11.0,6.380501959401029,15.0,8.994938733565398,64.0,55.839558979471995,26.0,22.675852890744316,53.0,40.61726710234842
2406,2016-11-15 12:00:00,Huairou,station_target_delta_ridge,500.0,324.27700464104623,35.0,45.17453738529408,8.0,6.962505324471039,23.0,16.478335874186325,16.0,12.844482527651865,37.0,23.06989164358426
2407,2016-11-15 14:00:00,Changping,station_target_delta_ridge,1300.0,1206.3803279819335,15.0,16.35552812587439,21.0,20.73556047725705,55.0,53.15653106933836,45.0,40.61733388382724,74.0,78.16304783015669
2408,2016-11-15 15:00:00,Shunyi,station_target_delta_ridge,1200.0,1368.7015158750667,42.0,44.61014117071182,30.0,31.241830483998793,48.0,44.8480645989231,50.0,49.76389850454086,115.0,112.5498622315672
2409,2016-11-15 17:00:00,Dongsi,station_target_delta_ridge,1600.0,1801.5831379378822,17.0,15.194820734753737,24.0,23.411404699094646,62.0,66.26147407583996,54.0,53.54906154508456,97.0,91.93369129945812
2410,2016-11-15 18:00:00,Tiantan,station_target_delta_ridge,1500.0,1924.4535213193833,4.0,7.138431537284072,5.0,5.324579574868771,66.0,75.52562102120932,48.0,44.301001492906096,86.0,101.33200482576734
2411,2016-11-15 20:00:00,Dongsi,station_target_delta_ridge,2300.0,2492.1904200752974,2.0,2.5010586732712183,21.0,19.649847254039017,91.0,95.31963565879938,85.0,90.21666447083831,140.0,150.1044013578995
2412,2016-11-15 21:00:00,Wanliu,station_target_delta_ridge,3600.0,4183.143632905325,2.0,-0.3212459222869217,8.0,9.562881906635877,87.0,94.14549410419421,75.0,84.37505554915376,135.0,147.1531634542086
2413,2016-11-15 23:00:00,Guanyuan,station_target_delta_ridge,3600.0,2720.762563151579,2.0,1.5718322087660161,17.0,17.82047088076043,95.0,91.5629421688279,133.0,119.81115435629553,282.0,153.54446434262871
2414,2016-11-16 00:00:00,Wanliu,station_target_delta_ridge,3000.0,3838.168655806048,5.0,6.067216229879278,17.0,18.650586254533476,90.0,97.77324705344357,110.0,121.16969120049625,200.0,179.83087271461383
2415,2016-11-16 02:00:00,Gucheng,station_target_delta_ridge,2400.0,3105.180923796168,4.0,5.470766706383109,16.0,27.791405199750937,74.0,76.453020198716,95.0,97.33072658414662,181.0,153.60936364356377
2416,2016-11-16 04:00:00,Changping,station_target_delta_ridge,1600.0,2366.0334614281323,2.0,2.1126955681629473,6.0,7.059080921970647,60.0,73.82115158547519,64.0,67.68000138274239,82.0,82.96321517506212
2417,2016-11-16 05:00:00,Tiantan,station_target_delta_ridge,2100.0,2085.7787891762096,2.0,2.2966417492609463,5.0,5.334152916415133,68.0,53.467144333899256,80.0,90.33266418450896,117.0,108.45508158299036
2418,2016-11-16 07:00:00,Guanyuan,station_target_delta_ridge,1800.0,2017.724189506169,2.0,2.486500670213118,12.0,12.461090171517776,74.0,78.39114147173461,78.0,73.09419364823918,128.0,114.02893742105681
2419,2016-11-16 09:00:00,Changping,station_target_delta_ridge,2400.0,2578.442654387176,2.0,4.1495487622843665,20.0,10.712291769819766,73.0,76.4342835536021,86.0,87.49513190519133,141.0,107.4588498502017
2420,2016-11-16 10:00:00,Wanliu,station_target_delta_ridge,1900.0,2115.856109841466,7.0,3.53073155537144,25.0,22.858363541138566,81.0,82.57314744112732,78.0,71.16865590470626,116.0,110.62120255665528
2421,2016-11-16 12:00:00,Nongzhanguan,station_target_delta_ridge,1400.0,1403.9409456876197,21.0,19.24863809427249,21.0,18.76931295190615,55.0,59.05428604353992,86.0,79.76422628961018,110.0,120.09953441195478
2422,2016-11-16 14:00:00,Dongsi,station_target_delta_ridge,1400.0,1368.8741400133451,32.0,31.69887623645987,27.0,25.552213030330897,59.0,59.97174444148707,98.0,104.91150279299383,106.0,107.19592561678569
2423,2016-11-16 15:00:00,Wanshouxigong,station_target_delta_ridge,1100.0,1138.6287534552562,33.0,34.77009185216347,21.0,22.521409844260983,77.0,71.31496576255388,99.0,94.55304681713162,120.0,114.77241934253834
2424,2016-11-16 17:00:00,Nongzhanguan,station_target_delta_ridge,1400.0,1818.1818181818182,9.0,10.909090909090908,19.0,16.636363636363637,99.0,89.81818181818181,64.0,92.72727272727273,103.0,127.9090909090909
2425,2016-11-16 19:00:00,Changping,station_target_delta_ridge,2900.0,2398.863855982997,2.0,4.3434939164074855,14.0,6.8185526365129245,101.0,103.30031647762716,138.0,105.52087883320472,188.0,154.04364463659496
2426,2016-11-16 20:00:00,Shunyi,station_target_delta_ridge,2600.0,2142.214635179133,4.0,0.6983245978969739,20.0,12.757542419406548,122.0,110.45290911459307,124.0,129.2367366083924,210.0,221.58507821507402
2427,2016-11-16 22:00:00,Dingling,station_target_delta_ridge,2600.0,2820.577998794795,2.0,-0.11158881173900603,15.0,14.142464833062814,86.0,80.59899698571941,110.0,134.123023976917,142.0,159.3958559495902
2428,2016-11-16 23:00:00,Shunyi,station_target_delta_ridge,2700.0,3523.5776842054674,7.0,8.087373174773084,31.0,33.035334931259534,117.0,110.51377697567555,208.0,189.0114688176691,257.0,242.84089600170756
2429,2016-11-17 01:00:00,Dongsi,station_target_delta_ridge,3500.0,4552.8994229965565,2.0,1.0916241819677421,31.0,24.7224640333885,123.0,131.29111328244835,199.0,181.41770368330688,248.0,238.2601853490135
2430,2016-11-17 02:00:00,Tiantan,station_target_delta_ridge,4100.0,3990.221675613803,2.0,2.6167380390027137,7.0,2.383889022267545,89.0,72.57329096986645,174.0,169.11531419917273,218.0,197.15496415153197
2431,2016-11-17 04:00:00,Dongsi,station_target_delta_ridge,2200.0,2430.795429950557,2.0,0.6260559526681766,47.0,45.25894126796808,78.0,77.72843684665733,140.0,152.53002296428411,168.0,180.70569037081762
2432,2016-11-17 05:00:00,Wanliu,station_target_delta_ridge,3300.0,3358.3642001739327,2.0,-0.12996191091731024,10.0,9.879569699322342,82.0,82.513441047928,120.0,114.33535933864071,168.0,133.56689728975985
2433,2016-11-17 07:00:00,Guanyuan,station_target_delta_ridge,1300.0,1447.7712549685732,2.0,2.493674426741607,18.0,17.90781798127769,52.0,50.35828947756693,64.0,64.17448534913244,76.0,79.77930147828995
2434,2016-11-17 08:00:00,Wanliu,station_target_delta_ridge,1200.0,1282.827152444588,5.0,4.86826793944983,10.0,7.322197828246697,54.0,50.900615197914334,53.0,49.80138902990166,72.0,67.94923198019082
2435,2016-11-17 10:00:00,Guanyuan,station_target_delta_ridge,1500.0,1590.9555081810142,6.0,3.4379254900615663,27.0,23.03514697512049,52.0,54.159836594222924,60.0,68.01196535580361,88.0,86.57913166622714
2436,2016-11-17 12:00:00,Aotizhongxin,station_target_delta_ridge,1900.0,1703.9546110298409,9.0,7.649280667952974,24.0,21.569856613226168,59.0,61.952988332062986,82.0,74.74426457643163,101.0,89.92603843133989
2437,2016-11-17 13:00:00,Nongzhanguan,station_target_delta_ridge,1800.0,2076.8927806946654,9.0,6.821308891866092,31.0,39.0400218397964,53.0,61.90612631596105,81.0,79.23740877910849,132.0,129.90995645860687
2438,2016-11-17 15:00:00,Changping,station_target_delta_ridge,2000.0,2103.467492889302,9.0,12.11127561645175,21.0,24.81090496369286,69.0,74.30315353391582,95.0,98.85265834331119,142.0,147.794003780774
2439,2016-11-17 16:00:00,Tiantan,station_target_delta_ridge,1900.0,1606.8822766911987,2.0,3.2107830310494796,15.0,12.695750380235769,66.0,62.16715495918531,92.0,87.98635688458873,135.0,127.47171840407584
2440,2016-11-17 18:00:00,Dongsi,station_target_delta_ridge,2800.0,3094.98172112481,2.0,1.994019381756671,24.0,23.054030591621746,70.0,72.70685611067104,111.0,111.39010061735993,160.0,159.12412865607465
2441,2016-11-17 19:00:00,Tiantan,station_target_delta_ridge,2900.0,2689.7774639463214,2.0,3.7998016514159847,19.0,15.586702691470778,75.0,70.38346195165086,111.0,115.41252625552809,200.0,205.4722030304183
2442,2016-11-17 21:00:00,Dongsi,station_target_delta_ridge,3400.0,3688.734600675389,2.0,0.4047269258287518,29.0,25.548456890874718,77.0,76.55956813759732,153.0,148.42629357269016,225.0,238.05250216557644
2443,2016-11-17 22:00:00,Wanliu,station_target_delta_ridge,3000.0,2552.9988186660335,3.0,0.1957584971920816,10.0,9.828723372614549,76.0,74.11836015853751,107.0,117.91999820110738,186.0,170.8336713306595
2444,2016-11-18 00:00:00,Guanyuan,station_target_delta_ridge,3300.0,3617.7813420336156,2.0,0.3545061452391063,22.0,23.391182017739034,75.0,78.97169936529784,150.0,152.31162137685791,254.0,238.6689200664498
2445,2016-11-18 01:00:00,Wanliu,station_target_delta_ridge,3800.0,4260.2909888547565,6.0,3.0574601639210224,18.0,19.11165064432219,85.0,85.40458388442372,152.0,154.50474715963753,229.0,235.3923219110025
2446,2016-11-18 03:00:00,Huairou,station_target_delta_ridge,2400.0,3809.090909090909,2.0,2.8181818181818183,6.0,27.181818181818183,57.0,78.18181818181819,156.0,165.54545454545453,281.0,239.0
2447,2016-11-18 05:00:00,Aotizhongxin,station_target_delta_ridge,4000.0,3740.091316165219,2.0,6.710203960409157,12.0,14.06908304293618,83.0,84.1987879566373,170.0,177.76833097951018,241.0,297.0810346170629
2448,2016-11-18 06:00:00,Shunyi,station_target_delta_ridge,3000.0,3033.037548938714,2.0,3.2094664117638896,35.0,31.40724418657917,72.0,69.53443067992741,148.0,166.70090548608303,251.0,269.8871884513749
2449,2016-11-18 08:00:00,Dongsi,station_target_delta_ridge,4300.0,4521.517991004456,2.0,1.7178405066947648,37.0,32.84265885485635,82.0,82.87829828649487,178.0,175.41723052812728,259.0,266.3169800350022
2450,2016-11-18 09:00:00,Tiantan,station_target_delta_ridge,4400.0,4184.340014453469,2.0,2.564675966358149,19.0,15.365464724362552,83.0,75.06886606079622,169.0,174.43292939309185,277.0,264.01818228575536
2451,2016-11-18 11:00:00,Dongsi,station_target_delta_ridge,4500.0,4750.2928872084785,2.0,2.806766986387929,37.0,34.74781924286419,97.0,95.97509452439468,201.0,200.7430466665887,311.0,315.1956037089512
2452,2016-11-18 12:00:00,Wanshouxigong,station_target_delta_ridge,4400.0,4427.364038630988,2.0,3.8674665179733103,32.0,30.998470389910526,109.0,106.41753375408798,215.0,217.81209916496732,377.0,344.02676635291084
2453,2016-11-18 14:00:00,Huairou,station_target_delta_ridge,2300.0,2506.543356682427,2.0,3.613402569823057,9.0,5.804137282546908,72.0,73.71103238580405,222.0,212.1846520839248,401.0,346.37465177988514
2454,2016-11-18 16:00:00,Aotizhongxin,station_target_delta_ridge,3800.0,3929.3661648081033,2.0,3.057034398166293,9.0,8.528990230815705,103.0,105.82251709061322,243.0,240.41562725832625,320.0,341.26304679044495
2455,2016-11-18 17:00:00,Huairou,station_target_delta_ridge,2900.0,2634.5887423432246,2.0,3.8237124287895834,8.0,7.1958606407477514,83.0,80.27442736320224,224.0,218.4150268409202,361.0,335.7263981007828
2456,2016-11-18 19:00:00,Changping,station_target_delta_ridge,3500.0,3031.7511886071284,2.0,5.2088336063883425,11.0,10.417949053154711,94.0,88.00543725496793,215.0,208.09315582851957,318.0,330.32988867080286
2457,2016-11-18 20:00:00,Nongzhanguan,station_target_delta_ridge,4400.0,3795.0961775282976,4.0,4.356093903216049,9.0,6.701838415584262,77.0,71.48015559793313,273.0,220.8221661516144,289.0,245.1899129856653
2458,2016-11-18 22:00:00,Changping,station_target_delta_ridge,4700.0,4510.282994731936,2.0,4.518770932760017,15.0,12.754149042444334,101.0,96.9363115274696,243.0,254.02330175440656,370.0,348.25725620808043
2459,2016-11-18 23:00:00,Shunyi,station_target_delta_ridge,3800.0,3356.5609766214507,2.0,3.301195096248713,9.0,7.771919811239205,73.0,76.66869513287578,198.0,179.17274785556225,200.0,191.57178286863711
2460,2016-11-19 01:00:00,Dingling,station_target_delta_ridge,3500.0,3532.2524036498535,2.0,0.9708123841126017,13.0,12.49224027708753,74.0,72.31295008838472,211.0,211.52418288775587,266.0,265.4185190654117
2461,2016-11-19 02:00:00,Shunyi,station_target_delta_ridge,3300.0,3019.648676356678,3.0,4.281642742762422,14.0,8.496685269041915,84.0,74.25338084918494,188.0,180.73083780502034,231.0,189.29981993109666
2462,2016-11-19 04:00:00,Dingling,station_target_delta_ridge,2200.0,1799.476090669614,9.0,13.648389056038033,25.0,18.9840079042594,58.0,51.944391670392214,165.0,185.02947594798707,165.0,174.05758151960197
2463,2016-11-19 05:00:00,Tiantan,station_target_delta_ridge,2800.0,2861.159296423931,2.0,2.6221527774435893,2.0,4.454393205526186,61.0,61.01200071276264,174.0,183.98545824390416,174.0,173.49110919768856
2464,2016-11-19 07:00:00,Dongsi,station_target_delta_ridge,2300.0,2778.7588049058304,2.0,2.994048808523862,22.0,19.09932986563298,72.0,70.74400739021758,153.0,148.01753717524042,153.0,147.07961263864095
2465,2016-11-19 08:00:00,Tiantan,station_target_delta_ridge,1300.0,1555.8425155978098,5.0,4.983811265610176,17.0,13.64338722127044,64.0,66.73771283065402,80.0,89.50514760438504,80.0,93.85894666923923
2466,2016-11-19 10:00:00,Guanyuan,station_target_delta_ridge,700.0,681.8316922289314,23.0,23.763958922018162,9.0,8.894900974951739,36.0,35.80078242979026,27.0,16.03887651947136,38.0,29.912610343720065
2467,2016-11-19 11:00:00,Wanliu,station_target_delta_ridge,700.0,501.24313843451137,39.0,31.94692942036611,17.0,17.139313500135614,29.0,29.359302184311375,34.0,17.60516511139661,34.0,53.84267082539663
2468,2016-11-19 13:00:00,Guanyuan,station_target_delta_ridge,600.0,570.8137919050765,46.0,47.97794991219047,4.0,3.5684053452592637,30.0,26.179465571217644,42.0,41.85376076808419,42.0,38.01825688153227
2469,2016-11-19 14:00:00,Wanshouxigong,station_target_delta_ridge,400.0,419.30782208688385,58.0,64.4165122471161,4.0,3.36240504687177,19.0,17.17372182420166,23.0,23.510111070081802,23.0,58.68359482333703
2470,2016-11-19 16:00:00,Gucheng,station_target_delta_ridge,2000.0,946.3467836872421,43.0,44.4714514097912,19.0,5.107622292915581,105.0,49.34211262086057,159.0,51.66043479096609,196.0,241.3112263982694
2471,2016-11-19 18:00:00,Aotizhongxin,station_target_delta_ridge,2300.0,2254.503841097787,15.0,18.508765038994852,9.0,10.150545403522946,111.0,106.9900459779862,181.0,183.62263048672776,270.0,250.5219742583965
2472,2016-11-19 19:00:00,Huairou,station_target_delta_ridge,1200.0,1104.6096857097716,14.0,1.1825590209972319,5.0,2.8416839202322657,51.0,66.8743514175922,56.0,58.33495865104482,90.0,129.5846795908353
2473,2016-11-19 21:00:00,Changping,station_target_delta_ridge,1900.0,1075.8193215023953,3.0,28.433440465069676,4.0,4.44426359748316,68.0,42.1736865322248,110.0,57.27595356010036,193.0,89.94481189788777
2474,2016-11-19 22:00:00,Nongzhanguan,station_target_delta_ridge,2100.0,1953.9614975195886,2.0,0.9215598475010589,7.0,5.860360180273842,58.0,47.56146234668786,118.0,77.3975854855122,118.0,83.89061702497145
2475,2016-11-20 00:00:00,Changping,station_target_delta_ridge,1800.0,2057.1102099519744,2.0,2.53446023105959,5.0,4.020689431950197,58.0,60.658808959491736,133.0,162.31829524696303,141.0,164.40997271199757
2476,2016-11-20 01:00:00,Shunyi,station_target_delta_ridge,900.0,1032.5921430082924,16.0,1.9376554122067926,11.0,9.038230271176033,41.0,41.185139841976564,92.0,103.70051812538281,92.0,98.676720168426
2477,2016-11-20 03:00:00,Dingling,station_target_delta_ridge,1300.0,1299.6997818667116,4.0,4.8133526607758075,5.0,4.394808999027477,42.0,41.3411180684209,104.0,91.22650559324197,140.0,107.67669521501891
2478,2016-11-20 04:00:00,Wanliu,station_target_delta_ridge,1100.0,1004.1497215374136,2.0,6.099615100403328,4.0,2.5323100506116853,53.0,51.531193387453634,75.0,73.07657221924734,75.0,75.57504215268196
2479,2016-11-20 06:00:00,Huairou,station_target_delta_ridge,800.0,863.6363636363636,17.0,8.636363636363637,2.0,4.2727272727272725,23.0,40.72727272727273,48.0,51.54545454545455,48.0,51.54545454545455
2480,2016-11-20 08:00:00,Aotizhongxin,station_target_delta_ridge,1000.0,1208.8938431210117,2.0,3.563960669632823,2.0,1.997440205202084,48.0,49.49232596599244,46.0,55.12567765717178,46.0,59.98051820730117
2481,2016-11-20 09:00:00,Huairou,station_target_delta_ridge,1400.0,1045.6019813491023,2.0,6.237574052440503,2.0,2.3068808023864573,48.0,39.22258108744806,54.0,37.24726885297127,54.0,51.50870493373514
2482,2016-11-20 11:00:00,Aotizhongxin,station_target_delta_ridge,1500.0,1269.6333319879848,2.0,4.546864396316294,2.0,2.2757408019585617,50.0,47.50628503972937,63.0,56.17611571580332,78.0,88.1520111757036
2483,2016-11-20 12:00:00,Nongzhanguan,station_target_delta_ridge,1600.0,1495.014783101757,2.0,3.45226807612112,7.0,7.0026122457974465,46.0,47.2319050787612,74.0,62.686594012794615,92.0,95.77607910785612
2484,2016-11-20 14:00:00,Changping,station_target_delta_ridge,1800.0,1728.4523839150493,2.0,5.76574561297325,2.0,2.1049392868918946,46.0,43.98619508535406,60.0,74.65562330539704,60.0,73.94662276640359
2485,2016-11-20 15:00:00,Nongzhanguan,station_target_delta_ridge,1900.0,2035.1601847235358,2.0,3.6778896632923077,9.0,8.694477426644042,50.0,53.12304469136496,78.0,74.08892440834963,99.0,108.14007929361416
2486,2016-11-20 17:00:00,Dongsi,station_target_delta_ridge,1700.0,1893.1375907655297,2.0,5.291256005980868,11.0,11.682487692180672,55.0,51.140629008041536,86.0,80.63843234325084,129.0,93.03792444361137
2487,2016-11-20 18:00:00,Wanliu,station_target_delta_ridge,800.0,1120.485991959677,12.0,3.892285062976206,2.0,2.132021585643124,41.0,45.72747571291633,21.0,46.39798769271301,21.0,33.3331647382858
2488,2016-11-20 20:00:00,Guanyuan,station_target_delta_ridge,700.0,754.0481037479069,18.0,15.189701102892798,2.0,2.877630650374747,31.0,31.810140330037598,19.0,26.03723593378849,19.0,17.784583895372876
2489,2016-11-20 21:00:00,Wanliu,station_target_delta_ridge,500.0,491.48120706050736,33.0,32.190656415077065,2.0,1.220159350726922,24.0,22.945495826924883,11.0,10.317271866875165,11.0,9.04886840913992
2490,2016-11-20 23:00:00,Gucheng,station_target_delta_ridge,500.0,464.52350845081844,28.0,35.04194429570758,2.0,2.0317293802091108,24.0,21.768963658392767,12.0,15.248532452631586,12.0,17.9097611047702
2491,2016-11-21 00:00:00,Wanshouxigong,station_target_delta_ridge,400.0,452.62073670380596,36.0,35.75555548783239,2.0,1.9958143348850088,16.0,16.58270213227984,13.0,15.443775100286512,13.0,14.366071454457892
2492,2016-11-21 02:00:00,Gucheng,station_target_delta_ridge,400.0,346.0614122402402,38.0,41.90041763406963,2.0,2.2420101773038787,18.0,15.031585108382613,15.0,13.209015973128974,15.0,14.827484534332001
2493,2016-11-21 04:00:00,Aotizhongxin,station_target_delta_ridge,400.0,434.62690104299185,57.0,53.08484547655669,2.0,1.0550016640021174,12.0,12.734181373367917,13.0,8.998119732815269,13.0,17.76090913990987
2494,2016-11-21 05:00:00,Nongzhanguan,station_target_delta_ridge,300.0,435.3787653035717,55.0,55.936519623272204,2.0,1.9963666909724438,9.0,11.490822861890821,15.0,16.062339053752115,15.0,16.96070693067495
2495,2016-11-21 07:00:00,Changping,station_target_delta_ridge,300.0,346.1842908746478,50.0,50.64997546625604,2.0,2.5621032715522993,14.0,17.034631540318564,8.0,4.811877162157979,8.0,21.897830458941705
2496,2016-11-21 08:00:00,Shunyi,station_target_delta_ridge,200.0,206.89161664917657,69.0,65.07654597190151,3.0,1.8943236075215035,5.0,6.413375104851702,8.0,5.0556246689910065,8.0,14.494424909766154
2497,2016-11-21 10:00:00,Dingling,station_target_delta_ridge,200.0,245.71981287595236,73.0,70.66740234317449,2.0,2.3775338868286386,2.0,3.8926643986344915,5.0,3.1280854738052595,8.0,12.604940403553865
2498,2016-11-21 11:00:00,Tiantan,station_target_delta_ridge,500.0,412.5661819561695,61.0,59.440884156283424,3.0,3.988416350125953,19.0,21.45233560859832,7.0,8.313682131321361,7.0,17.304449072449497
2499,2016-11-21 13:00:00,Dongsi,station_target_delta_ridge,400.0,255.277639369832,58.0,60.338291470407896,4.0,-1.6547949854675208,16.0,15.28336436872811,12.0,10.094125215999682,12.0,6.425784575391366
2500,2016-11-21 14:00:00,Wanliu,station_target_delta_ridge,400.0,355.6576952988951,67.0,65.24330453139092,5.0,5.705735165989833,12.0,11.614859102636595,8.0,8.942258921602864,8.0,7.845038664100339
2501,2016-11-21 16:00:00,Gucheng,station_target_delta_ridge,300.0,254.13741064065576,58.0,64.95663854441707,2.0,1.6264369740299565,12.0,13.207305170850542,9.0,10.737153226112982,14.0,9.479196730616959
2502,2016-11-21 17:00:00,Wanshouxigong,station_target_delta_ridge,300.0,371.81930531697765,51.0,51.13782811389376,5.0,4.301741726472327,22.0,21.158636042728904,14.0,1.4615175181681304,22.0,18.663031772681926
2503,2016-11-21 19:00:00,Huairou,station_target_delta_ridge,200.0,222.42105980026128,66.0,63.10847430940934,2.0,1.9486173110309903,4.0,7.735314350386813,6.0,5.9414309571507316,10.0,9.459659633924868
2504,2016-11-21 21:00:00,Aotizhongxin,station_target_delta_ridge,400.0,502.1500214652227,62.0,59.627279221766734,6.0,7.301725193674587,15.0,17.344077104420123,11.0,10.405570517888284,22.0,30.75725010394143
2505,2016-11-21 22:00:00,Huairou,station_target_delta_ridge,200.0,204.0448704798657,67.0,65.58984336462866,2.0,1.3704508382548402,3.0,2.889219211285389,3.0,0.7560155882886508,9.0,11.077939723949235
2506,2016-11-22 00:00:00,Changping,station_target_delta_ridge,600.0,553.5355965339933,53.0,47.12984330228072,2.0,3.405043907947301,8.0,15.88240756800337,5.0,14.844129715515798,20.0,33.48820234794293
2507,2016-11-22 01:00:00,Nongzhanguan,station_target_delta_ridge,400.0,414.84150692562184,57.0,59.126040470358475,2.0,2.7386378057660723,11.0,10.45288553723276,10.0,16.944069881000665,21.0,31.54464391712557
2508,2016-11-22 03:00:00,Changping,station_target_delta_ridge,700.0,704.5067207340904,50.0,45.942737728679155,3.0,2.714048263695799,8.0,15.228523199802881,6.0,5.138272115157395,14.0,30.29040635993187
2509,2016-11-22 04:00:00,Wanshouxigong,station_target_delta_ridge,200.0,238.5328472834238,50.0,54.300241883606894,3.0,3.8583703706315227,11.0,10.477096431449308,3.0,10.165479295794944,12.0,3.560625728310411
2510,2016-11-22 06:00:00,Huairou,station_target_delta_ridge,200.0,236.22221253418826,64.0,60.56871326037992,2.0,2.6918793661032834,3.0,4.371781608965433,6.0,2.3335098146921256,7.0,9.697800934185103
2511,2016-11-22 08:00:00,Aotizhongxin,station_target_delta_ridge,300.0,375.9378253816448,51.0,55.94733778864517,4.0,4.7350120623949135,19.0,17.15026726270111,3.0,2.7685152459676403,25.0,30.21041864919085
2512,2016-11-22 09:00:00,Huairou,station_target_delta_ridge,400.0,415.28804548959533,48.0,44.09091917285179,2.0,2.8027150930877793,17.0,22.901074239853187,12.0,10.794709891211534,23.0,33.964044636096354
2513,2016-11-22 11:00:00,Changping,station_target_delta_ridge,800.0,987.0870155517897,42.0,47.48261269635152,5.0,6.436737131153349,20.0,15.447641284276843,12.0,7.966592269209144,31.0,32.69166441131589
2514,2016-11-22 12:00:00,Shunyi,station_target_delta_ridge,300.0,213.63209170048782,69.0,62.52624344060813,2.0,0.44192679251987776,4.0,7.507716694284845,6.0,2.84848759636429,8.0,0.9228600472393165
2515,2016-11-22 14:00:00,Dongsi,station_target_delta_ridge,300.0,208.83362810342382,57.0,59.01955132182921,2.0,0.6606160307262434,15.0,16.516677025708013,7.0,7.793662361977603,16.0,21.289320475356945
2516,2016-11-22 15:00:00,Wanshouxigong,station_target_delta_ridge,200.0,338.6746131361686,55.0,53.895948816952476,3.0,2.727164752284726,8.0,8.976585691036265,4.0,16.030775459054478,35.0,43.26291273310373
2517,2016-11-22 17:00:00,Gucheng,station_target_delta_ridge,300.0,354.3308505723017,43.0,46.336108880082506,2.0,2.161621980250446,20.0,19.107662418501256,6.0,7.238732587338119,23.0,16.949281380804404
2518,2016-11-22 18:00:00,Wanshouxigong,station_target_delta_ridge,200.0,265.88123290239736,36.0,35.14866222991577,4.0,4.740112313781337,29.0,27.403297895717888,8.0,12.479111156357895,36.0,41.073420061014296
2519,2016-11-22 20:00:00,Gucheng,station_target_delta_ridge,900.0,599.7016039366855,13.0,24.79688979638196,8.0,3.2417528773484467,60.0,41.911047031085126,17.0,12.544323868009968,35.0,27.413100516142674
2520,2016-11-22 22:00:00,Aotizhongxin,station_target_delta_ridge,600.0,477.43562973913185,26.0,36.65216261769963,10.0,5.970916578436134,45.0,34.521632368068296,16.0,9.414237663200167,35.0,18.48960285505824
2521,2016-11-22 23:00:00,Huairou,station_target_delta_ridge,300.0,322.19143215633204,48.0,45.446964555029524,2.0,2.457774716313404,3.0,6.744637938989762,3.0,5.2025329151624415,9.0,11.885163533621931
2522,2016-11-23 01:00:00,Aotizhongxin,station_target_delta_ridge,500.0,431.3048176661723,39.0,44.03403135509041,9.0,8.183450642673908,27.0,22.640370287532576,16.0,9.434245746968234,19.0,15.717566283006123
2523,2016-11-23 02:00:00,Nongzhanguan,station_target_delta_ridge,500.0,518.979459211902,33.0,30.452354527099217,7.0,7.250645759442826,27.0,28.361907510578654,12.0,16.63193621741098,18.0,17.13233543415553
2524,2016-11-23 04:00:00,Changping,station_target_delta_ridge,800.0,908.937906084053,21.0,20.770555660737063,7.0,8.307392570045272,14.0,17.29667626611108,12.0,17.011600029948546,12.0,23.160034018827684
2525,2016-11-23 05:00:00,Shunyi,station_target_delta_ridge,500.0,472.72727272727275,41.0,34.0,3.0,5.818181818181818,19.0,22.545454545454547,7.0,8.545454545454545,7.0,16.727272727272727
2526,2016-11-23 07:00:00,Dongsi,station_target_delta_ridge,500.0,556.9753639867401,26.0,23.9381895729979,11.0,6.30575219923762,34.0,36.74205601255518,18.0,17.77010666105135,18.0,22.990865024566823
2527,2016-11-23 08:00:00,Tiantan,station_target_delta_ridge,700.0,703.8828583505478,5.0,6.3730205049902295,3.0,9.767507110741526,56.0,55.8894931145671,14.0,14.961184524603572,41.0,46.001650360914596
2528,2016-11-23 10:00:00,Guanyuan,station_target_delta_ridge,1200.0,1085.6141200336156,7.0,8.156539882955677,28.0,31.080661366513247,55.0,51.742191379189016,52.0,49.43777774791078,89.0,75.86038954052883
2529,2016-11-23 11:00:00,Wanshouxigong,station_target_delta_ridge,500.0,503.05642436630825,27.0,26.272494012769002,17.0,16.168570428307866,36.0,45.2667980234081,40.0,54.387134273648485,59.0,82.7643357973204
2530,2016-11-23 13:00:00,Tiantan,station_target_delta_ridge,700.0,514.2900298931604,45.0,48.79814972161105,20.0,18.502326574608514,39.0,30.388748763041555,52.0,37.25349546248634,75.0,47.43177155067012
2531,2016-11-23 15:00:00,Dongsi,station_target_delta_ridge,600.0,478.41813747394644,40.0,44.09442792077534,8.0,-2.6177585791872744,24.0,22.78232655299978,36.0,32.02798257620254,78.0,21.18518658080407
2532,2016-11-23 16:00:00,Wanliu,station_target_delta_ridge,300.0,326.0744343648214,63.0,53.913440016005104,5.0,6.282036122378628,16.0,21.248482763228814,10.0,5.519923059351989,17.0,11.747575690125885
2533,2016-11-23 18:00:00,Gucheng,station_target_delta_ridge,1200.0,1078.1028334186726,8.0,24.573352945595307,10.0,12.452596647149988,80.0,67.86695186811535,56.0,68.03243743229214,130.0,101.7190203799799
2534,2016-11-23 19:00:00,Wanshouxigong,station_target_delta_ridge,1000.0,908.0168826678544,5.0,9.327705036078497,10.0,12.519290885245908,77.0,74.7143156307765,79.0,73.90560787600756,107.0,78.746877045372
2535,2016-11-23 21:00:00,Gucheng,station_target_delta_ridge,500.0,981.7802659904748,36.0,20.71068931103993,6.0,7.915043018853447,25.0,58.19047735068107,9.0,42.31050809001285,15.0,39.83223374243525
2536,2016-11-23 23:00:00,Aotizhongxin,station_target_delta_ridge,600.0,488.5612402539988,14.0,22.95970108377282,8.0,6.325930633657974,61.0,52.16786953965721,15.0,10.241339757122319,30.0,21.632327016755493
2537,2016-11-24 00:00:00,Huairou,station_target_delta_ridge,200.0,254.1323035798469,50.0,42.52161350855099,4.0,3.5281130589399465,2.0,8.662391273887522,8.0,3.8283905347479523,11.0,13.597264638884395
2538,2016-11-24 02:00:00,Changping,station_target_delta_ridge,600.0,660.1426479790694,29.0,22.79739916203714,6.0,6.5948650429085705,24.0,33.124229438823775,11.0,14.254206735417544,15.0,29.393690836626117
2539,2016-11-24 03:00:00,Shunyi,station_target_delta_ridge,400.0,339.43303252049066,44.0,45.622151057167734,8.0,8.040052392967528,26.0,21.85031738705875,8.0,17.52725741083053,8.0,16.4270814684707
2540,2016-11-24 05:00:00,Guanyuan,station_target_delta_ridge,500.0,501.7327532907677,2.0,10.41423113310411,5.0,7.0973206237840865,53.0,43.81832952643281,6.0,5.368226878203607,23.0,21.7295878505492
2541,2016-11-24 06:00:00,Wanshouxigong,station_target_delta_ridge,1100.0,719.0775961285751,2.0,7.53445385031109,6.0,7.186643891731888,71.0,53.61967692962303,18.0,17.43016343525897,32.0,40.136737554272685
2542,2016-11-24 08:00:00,Gucheng,station_target_delta_ridge,1400.0,1714.6678830732699,3.0,1.966454080028419,7.0,6.637202925150832,58.0,62.71432028294325,27.0,28.75784178788277,100.0,100.18540968035656
2543,2016-11-24 10:00:00,Aotizhongxin,station_target_delta_ridge,1400.0,1491.7787282127904,6.0,13.235670539375644,10.0,12.984273976295643,74.0,72.69762235257782,36.0,32.60313946168125,67.0,68.3968304251638
2544,2016-11-24 11:00:00,Nongzhanguan,station_target_delta_ridge,1500.0,1805.1028526256064,16.0,15.157217012429715,24.0,23.80811583894946,69.0,71.94727583519932,62.0,55.52668256347468,93.0,91.29931449379272
2545,2016-11-24 13:00:00,Guanyuan,station_target_delta_ridge,1100.0,1344.9935430810006,25.0,27.795235836610324,27.0,34.41321735384114,58.0,52.255227481399444,97.0,82.83956639683055,97.0,82.08452703644579
2546,2016-11-24 15:00:00,Dingling,station_target_delta_ridge,1100.0,1208.222267112465,40.0,33.94789878660802,19.0,20.257799093375997,54.0,57.63244038789734,74.0,66.66247733332004,97.0,81.17791865130818
2547,2016-11-24 16:00:00,Wanshouxigong,station_target_delta_ridge,1200.0,1144.3196268890033,22.0,28.14332977417709,26.0,29.12328806971833,65.0,64.80964625802365,86.0,95.32084781229362,102.0,113.86008027748834
2548,2016-11-24 18:00:00,Gucheng,station_target_delta_ridge,2100.0,1923.5470958416329,6.0,3.8240827805221507,32.0,36.14413682655111,106.0,96.7650910144805,140.0,146.5419552362219,216.0,191.74697982117618
2549,2016-11-24 19:00:00,Wanshouxigong,station_target_delta_ridge,2300.0,2190.5972954181116,2.0,-1.1970670453882004,23.0,24.163771894882498,107.0,109.71592565293462,163.0,158.43728428191002,189.0,194.43820804616
2550,2016-11-24 21:00:00,Huairou,station_target_delta_ridge,2200.0,2735.8219797483985,2.0,6.1332954082129865,9.0,9.168732100736262,76.0,82.98838840039825,116.0,126.25946182115811,158.0,159.82986592144957
2551,2016-11-24 23:00:00,Aotizhongxin,station_target_delta_ridge,3600.0,2837.21727507955,3.0,4.507120602351647,29.0,22.697368951978724,121.0,111.40450750847664,182.0,190.74567383933316,223.0,209.014161618631
2552,2016-11-25 00:00:00,Huairou,station_target_delta_ridge,2100.0,2257.910714068395,2.0,4.0606079124833645,6.0,6.440969212222764,66.0,67.58548942843194,94.0,99.61423087578419,120.0,117.39468067615057
2553,2016-11-25 02:00:00,Changping,station_target_delta_ridge,1000.0,2255.1772575329674,2.0,2.095690976500131,39.0,12.555806050395963,34.0,63.758779040028344,85.0,111.76662251472035,98.0,133.67668566554673
2554,2016-11-25 03:00:00,Nongzhanguan,station_target_delta_ridge,5000.0,4718.7858747355185,11.0,13.25528500699151,29.0,22.20643376807932,108.0,106.49829836990433,212.0,208.2961918378183,298.0,279.38079071422726
2555,2016-11-25 05:00:00,Changping,station_target_delta_ridge,1400.0,1353.5403790599075,2.0,-0.27245381533374324,2.0,2.840493299551748,64.0,53.65923268074956,77.0,80.55017912718398,91.0,96.06242187866786
2556,2016-11-25 06:00:00,Nongzhanguan,station_target_delta_ridge,2400.0,1975.2854833898296,2.0,6.143802991845443,13.0,12.940859038544193,80.0,80.53251659580735,105.0,104.02682532465259,130.0,118.04551935755883
2557,2016-11-25 08:00:00,Dingling,station_target_delta_ridge,1600.0,1353.258608456817,4.0,3.9540977901504273,18.0,9.642733033260427,56.0,50.57085912023992,69.0,74.50357492726712,87.0,83.12393584852634
2558,2016-11-25 09:00:00,Shunyi,station_target_delta_ridge,1400.0,1569.5923240506836,8.0,6.2018029789074856,26.0,27.99076883151708,59.0,67.2051821821767,69.0,71.26366673517546,83.0,93.9682399102244
2559,2016-11-25 11:00:00,Dingling,station_target_delta_ridge,2500.0,2066.196326614773,10.0,12.85426210027539,39.0,30.519882157140934,74.0,63.84699747742466,117.0,103.84188574453424,146.0,130.883155741658
2560,2016-11-25 12:00:00,Tiantan,station_target_delta_ridge,1900.0,2098.258582829835,7.0,8.106010776471589,25.0,24.829711143629144,96.0,90.6964905344594,91.0,95.55154537063429,121.0,123.16272461171127
2561,2016-11-25 14:00:00,Dongsi,station_target_delta_ridge,2200.0,2277.540985639261,8.0,10.500252573360203,26.0,27.664760094003945,83.0,85.77735815528679,107.0,113.47218627466472,157.0,151.82915427221417
2562,2016-11-25 15:00:00,Tiantan,station_target_delta_ridge,2200.0,2154.1835037760275,6.0,8.884541846511766,38.0,35.56887362226269,129.0,113.8615822929018,133.0,123.02097865818689,222.0,183.5716807105396
2563,2016-11-25 17:00:00,Gucheng,station_target_delta_ridge,2400.0,2383.5610764174035,6.0,7.989765856591702,37.0,29.53962337093541,129.0,123.88398074692091,171.0,163.57543737032955,247.0,235.4466148736878
2564,2016-11-25 18:00:00,Wanshouxigong,station_target_delta_ridge,3100.0,3078.524882507571,2.0,1.2483148800877628,36.0,36.82502338646316,132.0,129.18994846251562,246.0,249.58559574579334,279.0,313.4946764722224
2565,2016-11-25 20:00:00,Gucheng,station_target_delta_ridge,3400.0,3381.6558995671007,7.0,6.649649458392316,36.0,32.603185581915774,128.0,134.11224755228685,349.0,302.8009068067787,455.0,402.6720488184542
2566,2016-11-25 21:00:00,Wanshouxigong,station_target_delta_ridge,2900.0,2574.803036577574,2.0,1.6662578744364258,25.0,25.773967463068768,107.0,104.76181620414032,312.0,307.4105306552165,334.0,345.2944563014187
2567,2016-11-25 23:00:00,Huairou,station_target_delta_ridge,2600.0,2163.2289041715744,2.0,3.9055271354598924,12.0,7.88944683639507,85.0,72.47632692808004,152.0,138.98218151697947,193.0,179.60770435760304
2568,2016-11-26 01:00:00,Aotizhongxin,station_target_delta_ridge,6000.0,3966.263340268207,8.0,2.2939054655290825,27.0,21.464061055537975,162.0,124.41359304781314,312.0,305.41777343460564,383.0,354.8662767698773
2569,2016-11-26 02:00:00,Nongzhanguan,station_target_delta_ridge,3500.0,3323.6738236095193,6.0,7.697322599980279,26.0,25.333651534249093,107.0,103.79353530596083,350.0,311.77135958137063,411.0,368.05674032159044
2570,2016-11-26 04:00:00,Dingling,station_target_delta_ridge,2400.0,2916.2910454537137,2.0,-0.8705463079380977,9.0,9.989078242433518,86.0,80.8654212996124,131.0,132.92848524767842,141.0,150.7516530233089
2571,2016-11-26 05:00:00,Tiantan,station_target_delta_ridge,4700.0,4415.394842483516,2.0,6.0286995525499565,9.0,9.63128165992226,112.0,108.35489266345824,235.0,281.7064029186982,341.0,347.84394471837606
2572,2016-11-26 07:00:00,Dongsi,station_target_delta_ridge,3700.0,3420.73649094735,2.0,0.31300243478025513,32.0,27.65942644280225,110.0,105.24006415573128,294.0,301.6919990504079,396.0,406.5331131373566
2573,2016-11-26 08:00:00,Wanliu,station_target_delta_ridge,5100.0,5330.844080108921,7.0,8.193465786157573,9.0,8.17806266247271,117.0,116.36337240342365,258.0,262.947418661781,314.0,326.39196272405906
2574,2016-11-26 10:00:00,Gucheng,station_target_delta_ridge,3600.0,3966.5394141261195,8.0,5.35521770758397,33.0,19.631556944247173,125.0,111.55424041204577,267.0,238.2700720877858,376.0,348.8896056838802
2575,2016-11-26 11:00:00,Wanshouxigong,station_target_delta_ridge,5200.0,4469.861132646064,5.0,6.064208128385959,37.0,32.72820461977268,162.0,155.02290202206942,337.0,335.47715297640497,401.0,416.5925320399361
2576,2016-11-26 13:00:00,Gucheng,station_target_delta_ridge,3100.0,2762.4223598413328,18.0,23.612916109692467,40.0,39.6347326461657,130.0,117.0986403321665,313.0,308.9412945469078,462.0,437.07228632925523
2577,2016-11-26 15:00:00,Aotizhongxin,station_target_delta_ridge,2100.0,2815.744844090089,17.0,13.323709716595552,24.0,29.001049473278513,111.0,136.1801563879062,205.0,270.8860123663617,362.0,379.0362525104824
2578,2016-11-26 16:00:00,Huairou,station_target_delta_ridge,300.0,587.1492770201211,53.0,44.37002510295708,4.0,6.808298158259374,15.0,33.13372685429876,51.0,83.27035125020792,277.0,264.61461377214465
2579,2016-11-26 18:00:00,Aotizhongxin,station_target_delta_ridge,2800.0,2871.7200820114194,2.0,5.550493896839064,17.0,18.746704698581677,133.0,136.25675581247648,238.0,251.44419220036184,366.0,420.83839150214
2580,2016-11-26 19:00:00,Nongzhanguan,station_target_delta_ridge,3000.0,2714.193400179988,5.0,5.952152571794162,18.0,17.93861491763866,125.0,126.62058261823677,282.0,265.3957206075542,453.0,411.9456369441052
2581,2016-11-26 21:00:00,Changping,station_target_delta_ridge,2300.0,3558.1526464197177,2.0,7.475735378069496,12.0,14.060434646542808,103.0,108.0182845882937,168.0,233.53424961474403,314.0,447.87968925709856
2582,2016-11-26 22:00:00,Nongzhanguan,station_target_delta_ridge,3000.0,3521.7693092283,6.0,7.634228705993396,19.0,18.50972942163669,119.0,127.7947913330631,273.0,303.5851175408633,438.0,427.5852014211817
2583,2016-11-27 00:00:00,Dingling,station_target_delta_ridge,1600.0,1749.6942599727072,3.0,0.27026419740613683,10.0,7.954097921427547,76.0,75.0240058705681,141.0,152.38260952894774,268.0,286.8383410583715
2584,2016-11-27 01:00:00,Shunyi,station_target_delta_ridge,4500.0,4216.569329426757,7.0,7.676747039229936,25.0,27.876550815177353,128.0,110.89024714066102,295.0,293.69356275558573,446.0,414.8454143825821
2585,2016-11-27 03:00:00,Dingling,station_target_delta_ridge,1000.0,1090.7690185717208,15.0,13.121677473040801,5.0,4.560176606017533,39.0,39.66036968597755,78.0,93.37089724713982,187.0,248.83332193258164
2586,2016-11-27 04:00:00,Shunyi,station_target_delta_ridge,4300.0,2857.7762915037665,2.0,12.977777025264999,16.0,18.787398898019642,97.0,79.51783098667457,203.0,143.4215244475234,328.0,242.38494119845961
2587,2016-11-27 06:00:00,Dongsi,station_target_delta_ridge,100.0,191.32654139157628,20.0,27.573464686833326,7.0,4.505250355312414,56.0,54.10280417992547,31.0,35.60196067443495,49.0,92.62082256824426
2588,2016-11-27 07:00:00,Tiantan,station_target_delta_ridge,700.0,462.77429832687454,8.0,20.276906825144778,3.0,4.193449411162797,69.0,56.92054981992958,22.0,11.007778681827016,46.0,61.443196260134826
2589,2016-11-27 09:00:00,Dongsi,station_target_delta_ridge,100.0,-59.11095617552013,43.0,29.525493053861922,5.0,6.373461412165299,26.0,37.79075828069734,13.0,22.42676786008832,33.0,51.261567933161125
2590,2016-11-27 10:00:00,Wanliu,station_target_delta_ridge,600.0,778.8936580418879,45.0,40.488762315015464,9.0,11.52948381110097,34.0,43.413981947246235,33.0,11.473680329472113,34.0,17.52066186305702
2591,2016-11-27 12:00:00,Guanyuan,station_target_delta_ridge,100.0,209.09670345415148,60.0,55.87956227241388,5.0,6.130705122333135,19.0,20.32725604231372,18.0,13.391931420498246,27.0,21.770905777045975
2592,2016-11-27 13:00:00,Wanliu,station_target_delta_ridge,400.0,359.0500772776485,70.0,67.15116190246655,3.0,2.6083818685425086,12.0,11.472366579169591,10.0,-0.3777895130492843,10.0,19.227553593601307
2593,2016-11-27 15:00:00,Guanyuan,station_target_delta_ridge,100.0,189.14779748550114,59.0,60.12448980269742,6.0,6.200532479643275,21.0,20.856052948373488,16.0,15.103586213260046,16.0,12.181031762999885
2594,2016-11-27 16:00:00,Wanshouxigong,station_target_delta_ridge,300.0,311.283354427527,60.0,58.969414636265014,4.0,4.609733761460686,15.0,15.151409466200073,6.0,11.726927916504568,9.0,17.507061928550034
2595,2016-11-27 18:00:00,Gucheng,station_target_delta_ridge,300.0,529.1223586663974,48.0,36.9127665475442,2.0,2.4910270970212083,19.0,29.672793618080764,8.0,10.633025812778335,8.0,21.347419210419684
2596,2016-11-27 19:00:00,Wanshouxigong,station_target_delta_ridge,600.0,686.8154226572976,36.0,28.730294721393257,6.0,8.03639207168451,39.0,44.43689377119763,13.0,17.61578032005265,16.0,36.546050784857584
2597,2016-11-27 21:00:00,Huairou,station_target_delta_ridge,1300.0,831.1422553925355,14.0,20.621523336182083,5.0,5.445035790609609,38.0,38.48346429585112,39.0,19.39397312125684,68.0,30.494964303996703
2598,2016-11-27 23:00:00,Aotizhongxin,station_target_delta_ridge,700.0,644.0909707528859,3.0,7.8279830888698925,9.0,8.148067675169706,76.0,73.75123696391286,22.0,19.28212039111726,40.0,26.28839063108531
2599,2016-11-28 00:00:00,Huairou,station_target_delta_ridge,1100.0,1241.8943573369668,24.0,15.928530992083768,3.0,4.5816668020056674,18.0,28.737961280923372,24.0,21.58919266522775,38.0,19.391981324986627
2600,2016-11-28 02:00:00,Dingling,station_target_delta_ridge,600.0,598.2259739800672,34.0,36.44029539064878,2.0,4.311819189280147,9.0,10.657521794996509,25.0,21.82417051674773,25.0,30.53178557565905
2601,2016-11-28 03:00:00,Shunyi,station_target_delta_ridge,1700.0,2351.9058750952636,6.0,7.875780336545004,20.0,16.938330421221654,76.0,67.14795162324842,66.0,63.348796350051316,66.0,65.26071028172724
2602,2016-11-28 05:00:00,Dingling,station_target_delta_ridge,500.0,536.488311108033,28.0,26.38520361399832,3.0,4.185853013468085,13.0,18.004775645450838,15.0,20.133325364742333,19.0,20.805240151417458
2603,2016-11-28 06:00:00,Tiantan,station_target_delta_ridge,1600.0,2185.6137819125406,2.0,2.50499650708988,3.0,8.614319173713131,63.0,70.1729055456349,88.0,58.349323920412516,215.0,86.93194059256629
2604,2016-11-28 08:00:00,Guanyuan,station_target_delta_ridge,1400.0,2491.9035189296014,2.0,1.7121691303484994,23.0,24.448795996987023,74.0,77.39128368037356,51.0,48.23037970801238,123.0,95.5011966848731
2605,2016-11-28 09:00:00,Wanliu,station_target_delta_ridge,2700.0,3126.5450356806514,5.0,2.942552408503316,27.0,19.290080602100556,79.0,78.24461018658802,51.0,60.610713382017366,71.0,135.6132859007331
2606,2016-11-28 11:00:00,Guanyuan,station_target_delta_ridge,700.0,645.3558464608268,7.0,8.407544928855774,22.0,23.0034802665866,59.0,59.9907752706225,40.0,40.1767126840432,55.0,44.968322338582155
2607,2016-11-28 13:00:00,Dingling,station_target_delta_ridge,1700.0,1936.8885434112551,17.0,15.071457305494862,32.0,30.595871325586142,69.0,72.93408528399272,73.0,87.59051174655957,111.0,125.18341631425075
2608,2016-11-28 14:00:00,Wanliu,station_target_delta_ridge,1500.0,1297.1699077153655,18.0,16.701748306908385,22.0,22.097973548203207,88.0,78.77381781215098,55.0,57.28393831127167,103.0,75.16369752108548
2609,2016-11-28 16:00:00,Nongzhanguan,station_target_delta_ridge,2000.0,1857.2096240834062,7.0,15.453005144976435,24.0,24.006950229161713,118.0,106.29078534280723,95.0,90.8674544626087,161.0,133.1298166419268
2610,2016-11-28 18:00:00,Dingling,station_target_delta_ridge,1100.0,1128.4603457036906,3.0,1.9628471112974832,9.0,11.45564929319926,66.0,68.13340420127396,52.0,61.59146897653911,88.0,96.66051128754678
2611,2016-11-28 19:00:00,Shunyi,station_target_delta_ridge,1300.0,1084.8045651380235,6.0,1.6004275017469252,21.0,19.331439137200306,85.0,88.12880159538649,60.0,81.70045731978816,76.0,107.89891968432092
2612,2016-11-28 21:00:00,Dongsi,station_target_delta_ridge,1300.0,1888.3519230291606,2.0,2.312255241308797,28.0,31.079008998769513,104.0,116.12323039697124,84.0,122.8065788871575,156.0,213.34742629117133
2613,2016-11-28 22:00:00,Tiantan,station_target_delta_ridge,2000.0,2373.6329726413137,2.0,3.0097657476807878,5.0,10.592927174695411,92.0,105.82506277488457,87.0,93.31800624625194,118.0,142.0874953207975
2614,2016-11-29 00:00:00,Guanyuan,station_target_delta_ridge,2500.0,2875.5758527972625,2.0,1.6634743206597191,30.0,40.01676563564361,93.0,96.06151689234346,98.0,100.8041309117313,155.0,137.77647849137728
2615,2016-11-29 01:00:00,Wanliu,station_target_delta_ridge,4300.0,3904.7545161283947,5.0,3.8100524140001992,19.0,21.7009011291768,103.0,99.8102063646078,104.0,98.55125734900136,164.0,168.02281794192206
2616,2016-11-29 03:00:00,Guanyuan,station_target_delta_ridge,3500.0,3016.433944513227,2.0,1.8983128167363095,23.0,18.467423094673418,96.0,87.605883187301,104.0,88.61958869017897,162.0,129.49508840045254
2617,2016-11-29 04:00:00,Wanshouxigong,station_target_delta_ridge,2400.0,2740.9669879310986,2.0,1.190142915889306,20.0,17.417113281638514,90.0,92.53179542203051,80.0,90.56015932015457,102.0,120.52384864754178
2618,2016-11-29 06:00:00,Gucheng,station_target_delta_ridge,3600.0,4252.663157076821,5.0,7.117530862503255,16.0,15.147054978908066,86.0,86.73746679914859,85.0,76.40411420464369,128.0,117.41271560804958
2619,2016-11-29 07:00:00,Wanshouxigong,station_target_delta_ridge,1600.0,1331.017881852807,2.0,0.7093526549276643,13.0,15.435052259009536,68.0,71.37181559603471,50.0,48.35024191844302,55.0,49.30596406810689
2620,2016-11-29 09:00:00,Huairou,station_target_delta_ridge,1200.0,1391.5686114816947,4.0,4.892222679857735,5.0,7.391022416440346,34.0,48.05553186595694,40.0,49.76437178810074,77.0,78.18653167621714
2621,2016-11-29 11:00:00,Aotizhongxin,station_target_delta_ridge,3200.0,2941.4144869856136,4.0,7.349886236310987,39.0,29.604868553576427,94.0,79.61717158614564,108.0,79.92239232384904,196.0,155.43587582041192
2622,2016-11-29 12:00:00,Nongzhanguan,station_target_delta_ridge,3500.0,3777.0195895357388,6.0,8.414973315899331,42.0,46.3542227806866,91.0,99.76847606603279,154.0,143.29456404115348,251.0,216.11625901836234
2623,2016-11-29 14:00:00,Dingling,station_target_delta_ridge,3300.0,2943.0457224862994,5.0,11.994380892021626,50.0,50.401503051296466,89.0,78.31568476159826,134.0,120.52935301269433,172.0,154.7472671840025
2624,2016-11-29 15:00:00,Wanshouxigong,station_target_delta_ridge,2500.0,2846.876413845415,2.0,2.293385755561955,30.0,33.04583752844232,86.0,92.99482511402219,142.0,147.03777029988706,174.0,209.50528508229053
2625,2016-11-29 17:00:00,Huairou,station_target_delta_ridge,2400.0,2484.526251916003,2.0,5.084239666029257,23.0,30.907090881996684,80.0,77.25151185711425,101.0,75.33900570237991,165.0,142.4392129953904
2626,2016-11-29 19:00:00,Changping,station_target_delta_ridge,3000.0,4207.958896052653,2.0,5.548057460656201,18.0,30.694564003694783,92.0,99.9516443398563,139.0,182.10818272877302,214.0,224.17460207838016
2627,2016-11-29 20:00:00,Shunyi,station_target_delta_ridge,3000.0,3124.3235933800843,4.0,3.131875327124045,38.0,44.06646486211917,83.0,82.81733781728894,109.0,113.5626963048152,166.0,173.8281841814913
2628,2016-11-29 22:00:00,Dingling,station_target_delta_ridge,2000.0,1941.6921891091056,3.0,-0.049401201493866065,13.0,12.78110465463048,71.0,70.86522007357418,99.0,98.82323187018582,99.0,100.45064138843864
2629,2016-11-29 23:00:00,Shunyi,station_target_delta_ridge,2500.0,2967.210721910957,2.0,2.563392661350731,26.0,31.685393535517086,77.0,76.42454329858447,106.0,113.98184536330241,127.0,138.69525302946846
2630,2016-11-30 01:00:00,Dongsi,station_target_delta_ridge,2300.0,2397.409566140031,2.0,0.4485785058854379,31.0,30.650798101170302,61.0,65.70414224685726,69.0,66.9632235468408,118.0,105.3725142001099
2631,2016-11-30 02:00:00,Wanliu,station_target_delta_ridge,3100.0,3390.656315096686,2.0,5.904682833459142,19.0,24.245944680120022,91.0,94.96372765493662,115.0,117.36702336028408,140.0,166.27301578948936
2632,2016-11-30 04:00:00,Guanyuan,station_target_delta_ridge,3100.0,3058.555601019355,2.0,1.0706919156406787,19.0,20.61387988269755,83.0,84.69351733877468,118.0,119.08609802037736,161.0,157.0852513192836
2633,2016-11-30 05:00:00,Wanshouxigong,station_target_delta_ridge,2900.0,3070.0106787351283,2.0,2.0961682794379737,9.0,10.70698427143891,72.0,71.8882983649066,106.0,114.56400927168362,129.0,146.0256037105078
2634,2016-11-30 07:00:00,Huairou,station_target_delta_ridge,1900.0,2073.209340585044,2.0,3.0757755652386938,2.0,0.7445756585759835,43.0,48.059414189472655,88.0,103.46760304144136,92.0,114.44192141134758
2635,2016-11-30 09:00:00,Aotizhongxin,station_target_delta_ridge,3700.0,3900.6320321834755,2.0,6.32612904333452,10.0,12.223048531368363,94.0,93.86407490178622,129.0,130.15239262444496,164.0,165.88778562963537
2636,2016-11-30 10:00:00,Huairou,station_target_delta_ridge,2200.0,2081.2745905769357,2.0,5.677990086431807,6.0,9.07658790589651,61.0,48.43866624494841,115.0,100.7946378513885,153.0,136.81936387807298
2637,2016-11-30 12:00:00,Changping,station_target_delta_ridge,2600.0,2968.5519471287125,4.0,10.21524175452251,22.0,27.4383757179238,104.0,98.5810338235751,144.0,146.78016351343567,191.0,187.22540257620346
2638,2016-11-30 13:00:00,Nongzhanguan,station_target_delta_ridge,3400.0,3742.1374002378766,12.0,15.093902793770411,31.0,31.409649253379733,129.0,133.5981252764177,212.0,191.04796145292693,287.0,241.8294225472285
2639,2016-11-30 15:00:00,Dingling,station_target_delta_ridge,300.0,296.0083645133331,78.0,77.66267951333079,4.0,4.441899297968804,9.0,13.173378605127073,17.0,16.94670516246213,38.0,70.31723158137363
2640,2016-11-30 16:00:00,Wanliu,station_target_delta_ridge,1400.0,1339.3767527987186,28.0,28.060923697792372,26.0,26.351985240103158,83.0,74.41050657433702,113.0,83.8613357520129,139.0,134.92817548017976
2641,2016-11-30 18:00:00,Nongzhanguan,station_target_delta_ridge,400.0,712.4441492828159,65.0,49.33560272723225,3.0,3.5115535541044958,24.0,39.874590469044946,5.0,-5.349889852092193,36.0,44.316340434075165
2642,2016-11-30 20:00:00,Changping,station_target_delta_ridge,500.0,503.39536805022186,39.0,36.82253888583453,5.0,4.458390242648848,40.0,36.58799934997824,20.0,26.183130523974032,30.0,47.397652455169634
2643,2016-11-30 21:00:00,Nongzhanguan,station_target_delta_ridge,300.0,254.9063151771001,57.0,61.53358644451704,3.0,3.1483634146817474,30.0,27.92056326409561,6.0,-3.8656919551183897,14.0,-6.7352722141431585
2644,2016-11-30 23:00:00,Dingling,station_target_delta_ridge,300.0,341.5250555660908,69.0,70.17177987764781,3.0,3.163218229564195,3.0,4.0012852881567795,7.0,5.1952733727484075,11.0,7.686884761727933
2645,2016-12-01 00:00:00,Shunyi,station_target_delta_ridge,800.0,696.0612742105886,33.0,44.042335155690566,9.0,7.615034784099533,52.0,35.58826939404149,18.0,15.561401471133646,24.0,20.603404492109853
2646,2016-12-01 02:00:00,Dingling,station_target_delta_ridge,1700.0,875.9473969190251,28.0,40.8846832737438,4.0,3.585831775285473,25.0,8.347563433109988,40.0,15.548362603577475,46.0,16.13741897164838
2647,2016-12-01 03:00:00,Tiantan,station_target_delta_ridge,500.0,470.69348163952145,24.0,25.73962117095874,2.0,2.1638414760884146,46.0,39.483583110701304,15.0,4.31596243709681,15.0,13.471730607359715
2648,2016-12-01 05:00:00,Guanyuan,station_target_delta_ridge,200.0,311.7929899967959,67.0,58.97734557412241,2.0,2.8685898416927573,11.0,19.97469389390951,5.0,-0.41115213762001535,8.0,7.4844101484746215
2649,2016-12-01 06:00:00,Wanliu,station_target_delta_ridge,400.0,274.92743194220327,61.0,51.965988352735145,4.0,3.6485725018012003,21.0,16.003029731181936,3.0,1.256326155196064,16.0,15.74457343762638
2650,2016-12-01 08:00:00,Guanyuan,station_target_delta_ridge,600.0,658.1502131703646,19.0,33.062681370950834,6.0,7.1544740307224854,56.0,44.85859174846842,10.0,7.319642395354667,31.0,32.53857107630038
2651,2016-12-01 09:00:00,Wanshouxigong,station_target_delta_ridge,700.0,595.9984733766673,29.0,41.88179575764616,6.0,6.176453821225827,49.0,37.76379123939831,12.0,8.818971388291692,35.0,26.844465138794128
2652,2016-12-01 11:00:00,Gucheng,station_target_delta_ridge,600.0,772.8782331356142,46.0,50.24321856201281,3.0,4.600270043431724,26.0,37.449993454579904,7.0,13.467955141509963,33.0,18.843463118412373
2653,2016-12-01 12:00:00,Wanshouxigong,station_target_delta_ridge,400.0,429.16828523133364,58.0,56.15371686689987,4.0,3.0651636385499086,20.0,22.396331505369233,11.0,17.570510468862746,19.0,35.07067568699009
2654,2016-12-01 14:00:00,Huairou,station_target_delta_ridge,200.0,307.39580807038027,67.0,68.29442803963835,2.0,2.610492231136392,12.0,13.09798656769604,8.0,6.013595756207225,11.0,18.70121165258668
2655,2016-12-01 16:00:00,Changping,station_target_delta_ridge,400.0,436.063508306475,51.0,47.566609116165104,4.0,5.1014437324438155,20.0,19.941278424872415,3.0,10.505155004079898,23.0,24.28519597426803
2656,2016-12-01 17:00:00,Nongzhanguan,station_target_delta_ridge,400.0,355.11468765097305,52.0,45.63871647568142,4.0,4.957579270307338,40.0,46.69429773477226,9.0,8.748633414858205,27.0,39.4781147328489
2657,2016-12-01 19:00:00,Dingling,station_target_delta_ridge,800.0,627.0915322549394,32.0,30.273906501325044,8.0,5.4567670854421,23.0,29.709650181195368,26.0,37.83395894194156,55.0,54.456866204823946
2658,2016-12-01 20:00:00,Shunyi,station_target_delta_ridge,600.0,873.604400162066,2.0,7.104432124714879,6.0,6.531067614864403,99.0,79.42691196526144,16.0,58.40967489227762,43.0,77.00887108198292
2659,2016-12-01 22:00:00,Dingling,station_target_delta_ridge,400.0,656.0189178282428,33.0,30.04842015110662,3.0,4.88114836421977,13.0,18.269841162225163,15.0,18.38289319801271,23.0,32.131496765858145
2660,2016-12-01 23:00:00,Shunyi,station_target_delta_ridge,1900.0,1426.0126764718768,5.0,0.5016310762902112,18.0,16.447199741804774,81.0,80.05026317147266,57.0,70.16898009483901,86.0,87.507435177149
2661,2016-12-02 01:00:00,Dongsi,station_target_delta_ridge,2000.0,1817.7691267260002,2.0,0.2658463651160108,41.0,40.79459808400128,95.0,93.52285293159,151.0,146.57528226263994,198.0,190.86447883046142
2662,2016-12-02 02:00:00,Wanliu,station_target_delta_ridge,3900.0,4190.205176517366,5.0,6.878242352683874,27.0,15.045699519073022,90.0,93.81364838539874,90.0,104.96049621253714,107.0,127.47692909039746
2663,2016-12-02 04:00:00,Gucheng,station_target_delta_ridge,1400.0,1945.702139230758,7.0,3.519548180077601,17.0,18.610651537589632,70.0,73.75365742580381,60.0,67.81076209661684,60.0,81.8038093105698
2664,2016-12-02 06:00:00,Dongsi,station_target_delta_ridge,1900.0,1955.469253034144,2.0,1.5918788844009863,22.0,20.769971600438105,70.0,71.40742486638986,54.0,39.49203409068738,72.0,57.20382097238411
2665,2016-12-02 07:00:00,Tiantan,station_target_delta_ridge,1900.0,1639.057505568379,2.0,1.8849616648413838,4.0,2.6820469868482775,62.0,62.94448201421862,60.0,53.07032254486149,151.0,89.59665114920134
2666,2016-12-02 09:00:00,Dongsi,station_target_delta_ridge,1100.0,1148.2894259284003,3.0,4.03652901903901,14.0,12.219478809618767,63.0,65.8566423098925,26.0,28.512955637810933,39.0,33.86187637358604
2667,2016-12-02 10:00:00,Wanliu,station_target_delta_ridge,3400.0,4628.0174931364,7.0,7.522620750313117,43.0,35.74820901847369,85.0,87.86046753014293,74.0,75.35700539266836,92.0,112.5793419667536
2668,2016-12-02 12:00:00,Guanyuan,station_target_delta_ridge,1300.0,1208.9404413658644,14.0,12.166275544419403,19.0,17.86437064541097,60.0,65.91178261817399,41.0,46.83714479461661,56.0,48.30074202538218
2669,2016-12-02 13:00:00,Wanliu,station_target_delta_ridge,1500.0,1690.1805314122453,21.0,17.777260911281267,21.0,26.628178316082195,75.0,74.9949737793463,53.0,48.34266588455298,61.0,68.0457723987802
2670,2016-12-02 15:00:00,Gucheng,station_target_delta_ridge,2100.0,1823.9729428726228,17.0,20.461312585717124,19.0,16.46476746395521,118.0,109.72532500796436,97.0,85.91822160228084,158.0,99.7116921966691
2671,2016-12-02 17:00:00,Dingling,station_target_delta_ridge,1400.0,1750.3128333618752,5.0,3.630927556272603,20.0,27.998758817445484,78.0,83.57252493367699,67.0,74.6258983541996,96.0,104.23225653246054
2672,2016-12-02 18:00:00,Shunyi,station_target_delta_ridge,1100.0,1225.028904043788,2.0,8.2089541262322,22.0,19.2195974932167,107.0,104.95893853850421,59.0,109.63779904692882,81.0,124.13464193667379
2673,2016-12-02 20:00:00,Dingling,station_target_delta_ridge,2300.0,1814.4544929018173,2.0,1.2583070907934648,19.0,12.006181726192818,85.0,76.98865646466682,105.0,88.22752151769306,114.0,110.21277531961178
2674,2016-12-02 21:00:00,Tiantan,station_target_delta_ridge,2700.0,3153.5703981046045,2.0,3.7581573290547157,6.0,6.3599087752611485,124.0,109.13830770357549,211.0,220.3261113683946,275.0,251.8823463732871
2675,2016-12-02 23:00:00,Dongsi,station_target_delta_ridge,3400.0,3124.7524005900027,2.0,0.5348652755857601,42.0,34.176118389410895,140.0,128.63897010134357,261.0,249.53064903475308,329.0,303.9316511714204
2676,2016-12-03 00:00:00,Tiantan,station_target_delta_ridge,3100.0,3206.2412627032436,2.0,4.105853640300694,4.0,5.932949191315401,102.0,88.90855615971793,243.0,203.2543156355808,276.0,224.43989209084677
2677,2016-12-03 02:00:00,Guanyuan,station_target_delta_ridge,4000.0,4710.188743678433,2.0,2.0230030787646895,38.0,44.03193109178197,102.0,100.51860418977897,149.0,144.2748808834184,179.0,166.82096022983535
2678,2016-12-03 03:00:00,Wanliu,station_target_delta_ridge,4700.0,4154.507897664062,4.0,3.9815973247615597,16.0,17.79296532008783,90.0,89.39848895034412,110.0,114.28930099761648,124.0,129.11700199706843
2679,2016-12-03 05:00:00,Gucheng,station_target_delta_ridge,2400.0,2912.719495111826,5.0,2.9147569657877783,13.0,12.515415401622105,76.0,79.02349976309578,85.0,88.39000771401471,85.0,104.76054375890115
2680,2016-12-03 06:00:00,Wanshouxigong,station_target_delta_ridge,2000.0,2535.307945128808,2.0,3.8246402744456978,16.0,18.311186716442563,80.0,94.70218327938574,107.0,135.74379939220773,107.0,122.852555807554
2681,2016-12-03 08:00:00,Huairou,station_target_delta_ridge,1500.0,1535.6084267135755,2.0,4.404105636875707,2.0,2.193011633464087,53.0,52.64299910535805,63.0,67.11354819219399,88.0,73.48986570477105
2682,2016-12-03 10:00:00,Aotizhongxin,station_target_delta_ridge,1800.0,925.1617029717675,4.0,6.9781358129287785,16.0,17.727728556979397,66.0,58.25897016680195,70.0,49.58875823041307,72.0,82.07273700583798
2683,2016-12-03 11:00:00,Huairou,station_target_delta_ridge,1200.0,1345.1939497507315,10.0,7.347066531866058,10.0,11.614669526804857,45.0,53.173195783154995,68.0,63.250102992162425,88.0,99.33962389758204
2684,2016-12-03 13:00:00,Changping,station_target_delta_ridge,3100.0,3255.2845334522945,3.0,10.074335798536543,43.0,35.8442338406951,126.0,123.38345164560666,155.0,144.76956408892946,174.0,179.09938262376966
2685,2016-12-03 14:00:00,Nongzhanguan,station_target_delta_ridge,2900.0,2857.023073614127,16.0,20.688412340691006,51.0,52.610069408601376,134.0,131.89897550289317,234.0,222.74889261462644,268.0,258.8269626391162
2686,2016-12-03 16:00:00,Changping,station_target_delta_ridge,1900.0,2242.8373199191265,17.0,13.60987971517326,25.0,32.27295811761397,100.0,115.74414578932976,158.0,164.2079729979537,169.0,187.94734556554607
2687,2016-12-03 17:00:00,Shunyi,station_target_delta_ridge,3600.0,3149.4019852272113,5.0,7.310742671032839,47.0,44.623806748430226,164.0,142.1401364386291,308.0,288.29687322774134,376.0,317.1684052451259
2688,2016-12-03 19:00:00,Dingling,station_target_delta_ridge,2500.0,2423.8812159161503,3.0,4.293000558859006,13.0,9.410785885796454,97.0,94.84267765652541,191.0,202.59705940677333,191.0,245.8356975579537
2689,2016-12-03 20:00:00,Shunyi,station_target_delta_ridge,6000.0,4803.623441454727,10.0,7.322093025325779,29.0,36.98778166224431,170.0,157.07669229225192,457.0,417.7423233225517,500.0,481.0682816348096
2690,2016-12-03 22:00:00,Dingling,station_target_delta_ridge,3100.0,2539.350575524479,3.0,1.1013705038190291,17.0,11.264101998959323,96.0,93.32895547581509,174.0,190.42915336438432,174.0,204.70894030798894
2691,2016-12-03 23:00:00,Tiantan,station_target_delta_ridge,6500.0,6278.098810537627,2.0,5.036976973834476,8.0,9.199400370143243,149.0,156.26271756080982,474.0,462.1782253581317,594.0,564.1119678735292
2692,2016-12-04 01:00:00,Dongsi,station_target_delta_ridge,7000.0,7035.909727527843,2.0,-0.2856282019261891,35.0,33.72001169764238,192.0,185.9207735347463,558.0,519.7628415116579,737.0,684.3517413119494
2693,2016-12-04 02:00:00,Wanliu,station_target_delta_ridge,7000.0,6659.312910057715,8.0,13.972982079415006,13.0,14.771453663407478,143.0,150.0670885467729,378.0,390.8354487668998,434.0,433.42391836436826
2694,2016-12-04 04:00:00,Gucheng,station_target_delta_ridge,3200.0,4285.928918808025,7.0,-0.4935545555251668,18.0,29.245492038333683,121.0,142.164211558471,265.0,339.83989570999836,265.0,389.9273265300479
2695,2016-12-04 06:00:00,Aotizhongxin,station_target_delta_ridge,6300.0,5982.151838114749,3.0,7.189711570269476,8.0,9.783285153301572,152.0,140.36044628126785,448.0,408.15637143301245,448.0,415.51567466197235
2696,2016-12-04 07:00:00,Huairou,station_target_delta_ridge,2400.0,2163.5507534920494,2.0,3.299536852887808,2.0,0.7593138322315995,64.0,67.61641570428083,205.0,213.76182117582812,205.0,199.29452965669685
2697,2016-12-04 09:00:00,Aotizhongxin,station_target_delta_ridge,5300.0,5084.016385082901,4.0,9.417478387082285,11.0,14.979303441394384,153.0,142.79190494785888,333.0,326.3245896025307,333.0,340.4478825579131
2698,2016-12-04 10:00:00,Nongzhanguan,station_target_delta_ridge,3400.0,3576.9354142510397,8.0,9.102797916120332,25.0,19.148742434312364,98.0,111.98287242510028,266.0,280.47598634083687,266.0,284.64516357752206
2699,2016-12-04 12:00:00,Changping,station_target_delta_ridge,1500.0,1589.0005806193099,8.0,10.447158795972591,25.0,26.27722002925422,69.0,68.04100063286343,63.0,56.94977919240242,105.0,108.46569216745186
2700,2016-12-04 13:00:00,Nongzhanguan,station_target_delta_ridge,2400.0,2961.1238269870682,12.0,10.115863582047421,27.0,26.66630885106963,89.0,96.13405177073436,154.0,190.10446412360716,154.0,205.26999259988017
2701,2016-12-04 15:00:00,Dingling,station_target_delta_ridge,700.0,540.3520779752405,54.0,57.855611575676505,18.0,16.471437752820652,25.0,24.387127581867542,49.0,51.27671200546909,112.0,141.91939398426933
2702,2016-12-04 16:00:00,Shunyi,station_target_delta_ridge,900.0,1094.9207226843052,51.0,43.336227729348316,18.0,22.861177756114806,35.0,45.6530129827839,90.0,88.96876624431903,90.0,119.70244437815548
2703,2016-12-04 18:00:00,Dingling,station_target_delta_ridge,1300.0,1087.828928638079,20.0,23.739418156458093,12.0,13.290024397310606,49.0,55.39918276423043,75.0,80.71053477653666,170.0,144.42429466327854
2704,2016-12-04 19:00:00,Tiantan,station_target_delta_ridge,3500.0,3377.900799004191,5.0,7.748123757066736,15.0,18.864376687947612,113.0,112.01143112003228,254.0,267.09192219812246,325.0,406.43199485805536
2705,2016-12-04 21:00:00,Dongsi,station_target_delta_ridge,3500.0,3623.6744367363685,2.0,4.62393354962394,30.0,25.41662975819127,112.0,96.30422503656784,287.0,278.55409543356865,347.0,331.17287185801837
2706,2016-12-04 22:00:00,Tiantan,station_target_delta_ridge,3700.0,3748.265944341728,2.0,3.06568868850982,4.0,4.434273442991531,88.0,85.5342230805045,258.0,271.17639793460955,289.0,261.8316537767404
2707,2016-12-05 00:00:00,Dongsi,station_target_delta_ridge,2100.0,2720.252548503139,11.0,1.0473791658559148,23.0,23.73869050910885,70.0,78.55972765514032,135.0,176.84549299801375,139.0,208.26525016428658
2708,2016-12-05 01:00:00,Wanliu,station_target_delta_ridge,1400.0,3418.4468294127696,25.0,5.193747260494901,15.0,6.156034028867652,54.0,89.59499563818704,106.0,189.91176996567447,106.0,200.12738181623848
2709,2016-12-05 03:00:00,Guanyuan,station_target_delta_ridge,1300.0,1660.5301721755006,11.0,4.363109614965518,13.0,14.121297743866409,53.0,64.75555230646242,90.0,88.21870166577771,90.0,88.13520312672134
2710,2016-12-05 04:00:00,Wanshouxigong,station_target_delta_ridge,1400.0,1914.3516593637148,8.0,3.3897572178768987,11.0,9.102251541731496,60.0,72.43569517550516,72.0,96.24678535390262,72.0,92.0633292641727
2711,2016-12-05 06:00:00,Huairou,station_target_delta_ridge,1800.0,1797.5041317515077,2.0,11.86566497740765,6.0,5.3916890648924065,51.0,32.643006289738125,110.0,106.97538091116712,132.0,127.89995390952255
2712,2016-12-05 08:00:00,Aotizhongxin,station_target_delta_ridge,1400.0,2061.4057670641055,4.0,5.448178873816703,9.0,11.060442252291265,67.0,76.17200369649784,69.0,82.6736601271387,69.0,102.95294544206865
2713,2016-12-05 09:00:00,Huairou,station_target_delta_ridge,1000.0,963.8254822752833,17.0,16.77605107207588,4.0,4.17193384887529,29.0,39.452866464041875,42.0,32.79942385495527,61.0,48.318585759487355
2714,2016-12-05 11:00:00,Changping,station_target_delta_ridge,600.0,574.9084690895918,38.0,51.929761495285575,5.0,2.291480151988744,28.0,18.405644806127412,8.0,5.168408922680336,66.0,18.70925596803312
2715,2016-12-05 12:00:00,Shunyi,station_target_delta_ridge,200.0,46.12914989666493,68.0,75.85022751536283,2.0,1.520759325238803,7.0,0.05353880195978,3.0,11.850952450315013,10.0,4.91129544452269
2716,2016-12-05 14:00:00,Dingling,station_target_delta_ridge,200.0,212.5151183503974,67.0,70.69748619392301,3.0,3.5174132930988034,2.0,3.8809712964870036,16.0,5.5118118550205715,73.0,51.35849231699361
2717,2016-12-05 15:00:00,Shunyi,station_target_delta_ridge,100.0,69.17139715799635,74.0,71.8029277128135,2.0,0.9136096768157451,7.0,6.840874340053878,3.0,1.6991663738304956,6.0,58.371447707400755
2718,2016-12-05 17:00:00,Guanyuan,station_target_delta_ridge,400.0,352.1707017623441,54.0,59.323833646040555,2.0,2.5141066545648934,26.0,23.206819831091334,7.0,9.216635915430242,29.0,21.110819288392392
2719,2016-12-05 18:00:00,Wanshouxigong,station_target_delta_ridge,400.0,441.82384779050847,49.0,44.010564147305715,2.0,3.4425989066676435,30.0,31.271294268694568,11.0,5.294150929659416,14.0,11.448703514062123
2720,2016-12-05 20:00:00,Gucheng,station_target_delta_ridge,500.0,637.25133639415,43.0,27.56326888223098,2.0,2.5293395055321364,27.0,49.4577876905846,3.0,11.383021086951503,24.0,27.372524805341847
2721,2016-12-05 22:00:00,Aotizhongxin,station_target_delta_ridge,700.0,610.5259138668174,11.0,20.787203174486706,2.0,1.4471794164173488,68.0,63.88625395340837,15.0,13.19313740769686,28.0,26.542328784292792
2722,2016-12-05 23:00:00,Huairou,station_target_delta_ridge,1100.0,1086.988159051047,2.0,10.245304448849325,8.0,8.406978386619691,58.0,49.986536688967085,21.0,11.551483440819782,34.0,36.004768641154726
2723,2016-12-06 01:00:00,Aotizhongxin,station_target_delta_ridge,1100.0,1316.3808622605552,2.0,4.449895090628749,13.0,7.891669013087104,80.0,80.13089240926402,33.0,23.830384683039256,66.0,50.02390661019313
2724,2016-12-06 02:00:00,Shunyi,station_target_delta_ridge,3000.0,1725.1835324369945,6.0,0.91665360010948,19.0,16.722756726378528,77.0,76.33661094968447,58.0,38.861078847586974,65.0,60.5187819878703
2725,2016-12-06 04:00:00,Dongsi,station_target_delta_ridge,1200.0,1115.3354549781652,2.0,6.129920946983801,16.0,15.854973248073808,59.0,59.95246816161853,38.0,43.57425300121703,55.0,66.9786104856592
2726,2016-12-06 06:00:00,Changping,station_target_delta_ridge,2000.0,1981.5298344442465,2.0,2.308077382008377,12.0,9.519223597495527,63.0,60.76522254761142,30.0,31.10343867343048,44.0,40.31973733189692
2727,2016-12-06 07:00:00,Nongzhanguan,station_target_delta_ridge,3100.0,2026.1021494322463,6.0,4.234372056898329,22.0,18.58068266067898,85.0,80.66174379951998,66.0,59.33319310159604,108.0,86.20523695194728
2728,2016-12-06 09:00:00,Dingling,station_target_delta_ridge,1100.0,1284.5057817869215,10.0,5.7858452224291845,7.0,8.118667502428167,35.0,42.18927491554033,38.0,37.41923855255888,84.0,63.271058815627796
2729,2016-12-06 10:00:00,Shunyi,station_target_delta_ridge,1900.0,2217.550962169477,8.0,9.109023425322215,10.0,11.160872645702495,51.0,53.0642149735541,44.0,38.78327453210122,52.0,57.00314355434257
2730,2016-12-06 12:00:00,Dongsi,station_target_delta_ridge,3000.0,3792.21471400189,5.0,8.398579713834431,26.0,27.573528242305038,105.0,112.14538919390188,94.0,101.20936235650638,158.0,175.0438930486912
2731,2016-12-06 13:00:00,Wanshouxigong,station_target_delta_ridge,2900.0,3751.21084769036,8.0,5.453422430766887,25.0,25.701683898984392,123.0,127.28578849141695,108.0,105.73898011708495,129.0,147.0256056179336
2732,2016-12-06 15:00:00,Nongzhanguan,station_target_delta_ridge,2900.0,2834.224750256761,10.0,12.902648096927265,32.0,29.16745469603349,145.0,130.281836912919,144.0,126.27171597438726,235.0,168.01007955583464
2733,2016-12-06 17:00:00,Gucheng,station_target_delta_ridge,1700.0,1510.9146002058237,14.0,22.48758789864459,20.0,22.66312898159521,118.0,99.08858215499899,102.0,79.0352131913214,185.0,140.72422799007333
2734,2016-12-06 19:00:00,Changping,station_target_delta_ridge,1900.0,2011.2853976790889,3.0,5.0264508687090075,21.0,20.751024621753533,81.0,94.21007180962091,83.0,74.62541766623356,104.0,127.03870114726112
2735,2016-12-06 20:00:00,Nongzhanguan,station_target_delta_ridge,3400.0,2592.3055832178698,10.0,7.108110450049986,38.0,30.314443967425824,126.0,127.22004448270962,167.0,144.70488740465774,261.0,207.6878418053713
2736,2016-12-06 22:00:00,Changping,station_target_delta_ridge,2100.0,4039.432105044314,2.0,5.565552678960399,20.0,43.75222422328954,78.0,96.64237988799867,90.0,146.41235589866795,101.0,154.9569509226966
2737,2016-12-06 23:00:00,Nongzhanguan,station_target_delta_ridge,2800.0,3232.5580657063247,7.0,9.325194296607412,27.0,32.804297405068716,118.0,127.8940640275897,168.0,176.91529217313268,227.0,243.86057053021673
2738,2016-12-07 01:00:00,Dingling,station_target_delta_ridge,1400.0,2582.183004532398,2.0,1.5987752967147415,9.0,11.761941707800164,61.0,54.592665490883505,61.0,91.42092824667064,77.0,104.96121320654987
2739,2016-12-07 02:00:00,Shunyi,station_target_delta_ridge,2300.0,3170.5138246544025,2.0,6.135179958016549,26.0,27.159588388099948,75.0,73.45945994962132,110.0,108.698137818591,110.0,126.62025416450359
2740,2016-12-07 04:00:00,Dingling,station_target_delta_ridge,1600.0,1307.5351280878724,3.0,0.11666209464845001,7.0,7.54528327952364,53.0,52.844441502757654,54.0,56.16962413968878,67.0,68.39703149655887
2741,2016-12-07 05:00:00,Wanliu,station_target_delta_ridge,5400.0,5880.173834793797,4.0,3.8708843993545634,20.0,19.488323789958496,116.0,113.27597437843588,121.0,115.24939017057642,167.0,152.3339563029376
2742,2016-12-07 07:00:00,Guanyuan,station_target_delta_ridge,1300.0,1151.615195946209,2.0,3.165267745069893,16.0,17.153640446367206,75.0,70.64812680901738,26.0,27.585540789952834,47.0,51.210567616738075
2743,2016-12-07 08:00:00,Wanliu,station_target_delta_ridge,2200.0,3325.9255352531477,2.0,-0.7868418031340072,17.0,15.831438690650344,90.0,115.41544888466679,35.0,63.40832367602782,110.0,106.22981135639755
2744,2016-12-07 10:00:00,Guanyuan,station_target_delta_ridge,2700.0,2734.239236375822,2.0,5.643397438955137,31.0,30.888029438363198,92.0,87.35410548273722,81.0,100.15098859581624,132.0,161.91061758280108
2745,2016-12-07 11:00:00,Wanshouxigong,station_target_delta_ridge,3300.0,3215.2504250781853,6.0,6.419215497076564,48.0,46.885968095433086,99.0,99.09892861359963,176.0,156.57259324371321,231.0,208.40262459390814
2746,2016-12-07 13:00:00,Gucheng,station_target_delta_ridge,2800.0,1289.199147833443,18.0,34.040943228858744,23.0,15.888970727855169,116.0,71.6258679622602,131.0,49.87784731966056,339.0,109.76935156680695
2747,2016-12-07 14:00:00,Wanshouxigong,station_target_delta_ridge,2100.0,2566.8188547230584,16.0,17.318669097519006,27.0,30.16134389094021,90.0,98.05837244051351,110.0,154.77900834083857,143.0,176.61634317696564
2748,2016-12-07 16:00:00,Shunyi,station_target_delta_ridge,1400.0,2031.8452544991524,26.0,29.746137539221998,27.0,32.65805127243791,81.0,87.8665656218744,114.0,145.75003721352425,124.0,197.64200945574916
2749,2016-12-07 18:00:00,Dongsi,station_target_delta_ridge,2700.0,2580.412278367087,2.0,3.7621815370573097,22.0,21.24720374044819,119.0,111.5762738820365,186.0,176.97273456636657,245.0,249.51689829337533
2750,2016-12-07 19:00:00,Wanliu,station_target_delta_ridge,2800.0,2849.7728488927455,3.0,-1.212864733517157,24.0,20.41793723368506,133.0,134.80304555350702,158.0,167.12948097730109,192.0,182.2478556358023
2751,2016-12-07 21:00:00,Gucheng,station_target_delta_ridge,2800.0,2649.3145588421817,6.0,5.459504089267107,30.0,25.122252648193435,126.0,125.34205526101314,183.0,181.79859928807525,246.0,215.08873546986905
2752,2016-12-07 22:00:00,Wanshouxigong,station_target_delta_ridge,2900.0,2581.607922290328,2.0,2.4083769995838282,28.0,28.84942098469104,119.0,114.32834241534768,201.0,181.1859450785584,210.0,204.5912335895855
2753,2016-12-08 00:00:00,Gucheng,station_target_delta_ridge,3500.0,3066.1535453951647,7.0,2.1551484406049264,31.0,27.7449127823997,131.0,127.09902619544071,216.0,203.08244046810987,300.0,248.4244840176682
2754,2016-12-08 01:00:00,Wanshouxigong,station_target_delta_ridge,3200.0,3402.3628552664286,2.0,3.554543462010575,25.0,33.69488245838951,115.0,124.44403317540849,222.0,244.06217137164626,230.0,262.97295153479206
2755,2016-12-08 03:00:00,Nongzhanguan,station_target_delta_ridge,2800.0,2935.7445056200454,5.0,6.27133354861925,44.0,36.30088380904329,101.0,101.77684282257027,220.0,203.52889430330498,237.0,220.8822269848869
2756,2016-12-08 05:00:00,Changping,station_target_delta_ridge,4400.0,3433.806391115089,3.0,6.62906482125757,11.0,13.752168745679269,109.0,101.17091642355729,176.0,172.11245906200634,194.0,187.14779280910471
2757,2016-12-08 06:00:00,Shunyi,station_target_delta_ridge,2400.0,2732.821886088918,2.0,3.783322310052087,16.0,14.263532821589145,70.0,69.11921356898152,125.0,151.68759669149264,137.0,178.11014032937916
2758,2016-12-08 08:00:00,Dongsi,station_target_delta_ridge,4300.0,4469.923686027759,2.0,0.9482680693441878,20.0,20.175622671727066,93.0,96.16594168906623,207.0,206.1189419486067,286.0,297.8885423377431
2759,2016-12-08 09:00:00,Tiantan,station_target_delta_ridge,4700.0,4410.735234636313,2.0,1.6499200778527623,13.0,14.888933366119236,112.0,102.94632887074339,189.0,193.18356915256828,288.0,259.3609358559447
2760,2016-12-08 11:00:00,Dongsi,station_target_delta_ridge,900.0,2043.535504016354,46.0,40.47009995366432,8.0,10.440133419533304,31.0,29.028523252582545,38.0,32.52781237839464,76.0,122.48860691212896
2761,2016-12-08 12:00:00,Wanliu,station_target_delta_ridge,300.0,-272.44738052052446,76.0,73.9710497348099,4.0,1.3006374839553638,10.0,1.1275574670527746,6.0,-7.895024013625907,62.0,61.83850886158925
2762,2016-12-08 14:00:00,Guanyuan,station_target_delta_ridge,300.0,341.17895026006266,67.0,66.11160634542439,3.0,2.702225543954487,17.0,17.713671300530862,14.0,10.07277815539536,102.0,71.32313899200055
2763,2016-12-08 15:00:00,Wanliu,station_target_delta_ridge,300.0,269.43468493258615,77.0,73.08737761044722,4.0,4.8313878392954805,10.0,8.959272078901684,5.0,2.364811201358373,29.0,37.882840880453045
2764,2016-12-08 17:00:00,Guanyuan,station_target_delta_ridge,400.0,315.0219166783285,53.0,57.59723015896798,4.0,4.642031212975155,29.0,28.081511827515573,8.0,11.769945441149872,29.0,23.55376993939177
2765,2016-12-08 18:00:00,Wanshouxigong,station_target_delta_ridge,400.0,526.4006335350219,56.0,52.78604968474571,3.0,4.32846658736579,25.0,27.778433776262133,14.0,16.381163427613437,38.0,41.13519814402834
2766,2016-12-08 20:00:00,Gucheng,station_target_delta_ridge,300.0,349.8474023642317,60.0,56.92822310828179,2.0,2.2431451330508487,11.0,18.51644795351676,6.0,7.904309583980181,25.0,32.45658328744456
2767,2016-12-08 21:00:00,Wanshouxigong,station_target_delta_ridge,500.0,429.5567852720499,44.0,53.432173539291725,5.0,3.3786304497849255,35.0,27.260848850257876,10.0,8.587969489092767,31.0,27.438865953489852
2768,2016-12-08 23:00:00,Huairou,station_target_delta_ridge,200.0,312.40499082211585,72.0,63.40615894726643,2.0,2.257334557401101,4.0,9.47797279291492,3.0,2.4129190834420156,6.0,12.318567835762117
2769,2016-12-09 01:00:00,Aotizhongxin,station_target_delta_ridge,100.0,308.2642032533377,50.0,48.43846075330608,8.0,2.3577419839592295,28.0,24.724635330704682,9.0,3.0837881157049627,14.0,6.034149305509563
2770,2016-12-09 02:00:00,Huairou,station_target_delta_ridge,300.0,353.1960385891704,64.0,57.2465047583377,2.0,4.324953320684763,8.0,9.303257654574578,4.0,0.23456263239672426,6.0,12.360706969836794
2771,2016-12-09 04:00:00,Changping,station_target_delta_ridge,500.0,510.2601296808689,18.0,20.71420625337894,8.0,11.681664190395445,22.0,24.490764369506056,14.0,10.478485137279522,18.0,24.32300971736782
2772,2016-12-09 05:00:00,Shunyi,station_target_delta_ridge,600.0,463.6363636363636,30.0,41.81818181818182,7.0,7.363636363636363,39.0,25.09090909090909,13.0,10.181818181818182,13.0,13.090909090909092
2773,2016-12-09 07:00:00,Dingling,station_target_delta_ridge,600.0,551.2181407793579,44.0,39.76366557686955,12.0,11.251580004914013,18.0,19.889012869915973,13.0,7.188785123713615,18.0,19.104546149688836
2774,2016-12-09 08:00:00,Shunyi,station_target_delta_ridge,800.0,830.7279548876678,30.0,20.319535302876886,7.0,7.716218913931009,36.0,49.871684156841994,13.0,18.263514954024913,15.0,20.751219699243727
2775,2016-12-09 10:00:00,Dongsi,station_target_delta_ridge,600.0,592.5162119120974,34.0,40.52721504642651,8.0,5.726951991663135,33.0,29.259231303180762,19.0,9.760500638481966,38.0,18.89968871630103
2776,2016-12-09 11:00:00,Tiantan,station_target_delta_ridge,500.0,535.4354830033693,46.0,45.59972394677055,6.0,9.599971871143104,35.0,38.5664041115682,12.0,12.061174112968473,21.0,25.121040852879688
2777,2016-12-09 13:00:00,Dongsi,station_target_delta_ridge,400.0,377.0328401691716,55.0,59.07095056056574,3.0,1.7975014597335885,19.0,15.104977687515117,13.0,11.782393323343358,13.0,19.20230803322979
2778,2016-12-09 14:00:00,Wanliu,station_target_delta_ridge,600.0,516.0387662324845,50.0,50.043068494702986,7.0,7.964540537345482,33.0,30.510763810623686,13.0,12.7097423804111,21.0,15.873347121380432
2779,2016-12-09 16:00:00,Guanyuan,station_target_delta_ridge,800.0,811.3004901702436,21.0,21.429551477085454,13.0,9.550099164679674,53.0,59.13332575425047,28.0,25.52568481002909,58.0,51.43108875153864
2780,2016-12-09 17:00:00,Wanliu,station_target_delta_ridge,1100.0,1124.339159059556,12.0,4.382868281415563,15.0,17.938605931131914,71.0,73.5970808395354,36.0,41.106092917518595,94.0,77.68872271318956
2781,2016-12-09 19:00:00,Gucheng,station_target_delta_ridge,1300.0,1432.2512290709014,6.0,-1.5775277638416458,17.0,17.4019206110574,78.0,83.21003717005391,73.0,63.99475901188607,124.0,119.24259169002929
2782,2016-12-09 20:00:00,Wanshouxigong,station_target_delta_ridge,1400.0,1339.6230157614664,2.0,2.244978848872033,14.0,17.33259075142051,79.0,82.34944528138816,57.0,55.11416722452265,95.0,95.1041339317537
2783,2016-12-09 22:00:00,Gucheng,station_target_delta_ridge,1200.0,1894.7291677776625,7.0,5.099508759455581,11.0,13.467859347937683,70.0,75.9475971462766,52.0,71.2879014721622,73.0,127.19488694506609
2784,2016-12-09 23:00:00,Wanshouxigong,station_target_delta_ridge,1700.0,1516.6312649407732,2.0,1.5513164165997966,19.0,27.434551648575216,78.0,79.57865759558089,74.0,68.37132472413731,94.0,92.12667778421476
2785,2016-12-10 01:00:00,Huairou,station_target_delta_ridge,1200.0,1083.7606320694124,26.0,24.518253331178208,2.0,1.9698292427377415,14.0,21.226948212899387,25.0,25.186101432604225,25.0,47.712567882478666
2786,2016-12-10 03:00:00,Changping,station_target_delta_ridge,1200.0,1485.212746944024,3.0,1.0605360788693408,6.0,7.750379804355367,49.0,52.11876366327107,34.0,36.775542713578005,34.0,34.51169677983769
2787,2016-12-10 04:00:00,Tiantan,station_target_delta_ridge,1800.0,1765.2993254566059,56.0,2.8895873378393744,2.0,1.8805647069348685,67.0,72.8668561542143,51.0,56.08332507632145,71.0,80.7807349374414
2788,2016-12-10 06:00:00,Huairou,station_target_delta_ridge,800.0,1390.909090909091,14.0,5.090909090909091,2.0,9.090909090909092,32.0,57.63636363636363,13.0,34.72727272727273,13.0,41.09090909090909
2789,2016-12-10 08:00:00,Aotizhongxin,station_target_delta_ridge,900.0,724.6999276010342,3.0,13.898867184182478,6.0,6.293072944530672,56.0,43.38646109139228,20.0,12.280211014431835,35.0,26.468709604564985
2790,2016-12-10 09:00:00,Huairou,station_target_delta_ridge,800.0,852.0161512780597,14.0,15.58650613477596,6.0,5.261939750114301,36.0,36.0440651517059,22.0,19.312332836206952,34.0,30.81715218973688
2791,2016-12-10 11:00:00,Aotizhongxin,station_target_delta_ridge,1100.0,871.7588983962222,16.0,20.33361039443757,14.0,9.368828096993086,54.0,43.518560623679285,31.0,17.532632279920215,46.0,59.552757028181524
2792,2016-12-10 12:00:00,Nongzhanguan,station_target_delta_ridge,900.0,1056.8430635595269,25.0,28.181064356372566,14.0,15.714854535380086,48.0,47.16821828947784,30.0,30.685208850647154,30.0,38.52705124138745
2793,2016-12-10 14:00:00,Changping,station_target_delta_ridge,1500.0,1752.175850651823,11.0,11.984572229244325,31.0,30.88440198103236,66.0,67.1405762772004,62.0,77.74750913711325,82.0,82.99927641474281
2794,2016-12-10 15:00:00,Nongzhanguan,station_target_delta_ridge,800.0,1039.6512897650748,36.0,28.856250968022223,16.0,16.84905517601381,48.0,58.01104975033677,34.0,44.41817076093392,38.0,43.42167788747179
2795,2016-12-10 17:00:00,Dingling,station_target_delta_ridge,1000.0,1086.3381271578028,22.0,21.392073443573814,15.0,20.295482587303965,52.0,52.520498108446,41.0,42.714121619833534,59.0,62.54913959177987
2796,2016-12-10 18:00:00,Shunyi,station_target_delta_ridge,900.0,941.6875614270224,5.0,2.9562031225424494,19.0,12.148812709992143,101.0,102.48034908904727,32.0,34.391076582140414,50.0,60.23341165674057
2797,2016-12-10 20:00:00,Dingling,station_target_delta_ridge,1400.0,1981.7058191216802,2.0,3.396628581493733,15.0,24.653403582070304,73.0,72.25713418005697,63.0,72.0502015770018,79.0,83.03397749745568
2798,2016-12-10 21:00:00,Tiantan,station_target_delta_ridge,1400.0,1533.382909101902,2.0,2.549556793683169,2.0,2.9772965828919675,83.0,75.21263763678662,68.0,73.11496973046249,97.0,84.43536365816087
2799,2016-12-10 23:00:00,Dongsi,station_target_delta_ridge,1800.0,1618.6339163154812,2.0,-0.06679738621097053,19.0,15.326859614081249,78.0,79.58395591476159,98.0,94.94215775636691,137.0,139.87524124118988
2800,2016-12-11 00:00:00,Tiantan,station_target_delta_ridge,1700.0,1739.6508995723252,2.0,3.0851357366935916,2.0,3.21752843159424,79.0,81.05943043799817,92.0,102.13079726353416,118.0,115.37358260020416
2801,2016-12-11 02:00:00,Dongsi,station_target_delta_ridge,2600.0,2852.207043800551,2.0,0.8118681081538979,17.0,21.800737271712848,82.0,86.81649487477348,139.0,123.99911561558187,174.0,162.80652253835368
2802,2016-12-11 03:00:00,Wanliu,station_target_delta_ridge,4700.0,4176.343730955258,6.0,5.97384682514696,23.0,14.850513082173272,94.0,91.7961429215095,102.0,89.06392350509797,150.0,112.26184848456626
2803,2016-12-11 05:00:00,Guanyuan,station_target_delta_ridge,4400.0,4519.319040403994,2.0,2.854740924638029,36.0,35.99883904624976,90.0,93.49916927078651,122.0,121.81674546907682,157.0,160.57481394936917
2804,2016-12-11 06:00:00,Wanliu,station_target_delta_ridge,5100.0,5000.164335395131,6.0,8.619711290810013,22.0,20.251883212380967,87.0,87.42730377309348,126.0,133.03984863186037,145.0,174.00562592929126
2805,2016-12-11 08:00:00,Gucheng,station_target_delta_ridge,4100.0,3411.119154123571,7.0,3.47470559415506,24.0,13.141442431451631,88.0,73.65788115336939,105.0,82.25644533311903,159.0,117.60023230295242
2806,2016-12-11 09:00:00,Wanshouxigong,station_target_delta_ridge,4100.0,3537.802612614699,6.0,1.9407157912042279,28.0,29.690608009289235,101.0,94.42669785080992,200.0,198.90880626709995,210.0,237.79294696204775
2807,2016-12-11 11:00:00,Gucheng,station_target_delta_ridge,3200.0,3531.1634756736285,7.0,8.349542378890876,42.0,38.20998354194658,91.0,91.29578852217655,124.0,119.13878884807485,172.0,172.54966006662642
2808,2016-12-11 13:00:00,Aotizhongxin,station_target_delta_ridge,3900.0,3619.793082827995,5.0,7.958025762169415,39.0,43.52058500746614,124.0,117.21660675932299,191.0,179.64655753055246,260.0,235.1792184906039
2809,2016-12-11 14:00:00,Huairou,station_target_delta_ridge,1700.0,1570.832539308528,20.0,17.990383555826906,45.0,45.041642886200165,76.0,84.89713735307677,120.0,140.61171448454226,152.0,178.5782883092382
2810,2016-12-11 16:00:00,Aotizhongxin,station_target_delta_ridge,3200.0,2999.9894371196806,2.0,8.633111740458824,41.0,36.54843355470846,133.0,126.15689275765173,224.0,204.69211667273726,242.0,226.6139819695152
2811,2016-12-11 17:00:00,Huairou,station_target_delta_ridge,2000.0,1851.5515880672367,2.0,10.937658482221662,42.0,35.51519511168172,106.0,97.43418813452958,149.0,156.877524731971,195.0,205.33474338085438
2812,2016-12-11 19:00:00,Changping,station_target_delta_ridge,4000.0,3956.679821422347,3.0,7.212813298127617,43.0,45.30378290236775,128.0,118.85923582140406,228.0,214.3844732959206,262.0,252.70029920002008
2813,2016-12-11 20:00:00,Shunyi,station_target_delta_ridge,3600.0,3500.327705280708,7.0,7.634470854906513,65.0,63.16025213855026,123.0,116.17394203264288,243.0,237.26158435558992,266.0,271.98038267924187
2814,2016-12-11 22:00:00,Dongsi,station_target_delta_ridge,3800.0,3714.926565275836,2.0,1.5810764423029953,46.0,50.99553056807764,118.0,120.19984122986419,255.0,243.9355642251241,326.0,317.72341513921947
2815,2016-12-12 00:00:00,Aotizhongxin,station_target_delta_ridge,3600.0,4226.830302538496,2.0,2.2687129455050252,46.0,57.624343208365424,129.0,133.35411129686304,221.0,244.9981998003338,225.0,265.42044417849183
2816,2016-12-12 01:00:00,Shunyi,station_target_delta_ridge,3900.0,3838.3385949946364,8.0,8.949909635259706,59.0,51.506541312233495,109.0,97.86759632417673,230.0,205.50632750334967,236.0,228.9555124758774
2817,2016-12-12 03:00:00,Guanyuan,station_target_delta_ridge,2600.0,2107.263787291547,2.0,2.3646415265303267,58.0,53.446375277535196,115.0,118.56147448526728,208.0,200.11143535302284,239.0,223.23201382982649
2818,2016-12-12 05:00:00,Changping,station_target_delta_ridge,3100.0,3833.5257974641554,2.0,4.41064083579846,21.0,14.174034492215245,113.0,109.95367719817031,215.0,223.1282453074321,220.0,216.19067595236132
2819,2016-12-12 06:00:00,Tiantan,station_target_delta_ridge,2800.0,2599.7315555206583,2.0,3.93670640230762,46.0,45.51118127180733,128.0,116.4942814179088,210.0,207.07513548572564,263.0,236.12489762899426
2820,2016-12-12 08:00:00,Guanyuan,station_target_delta_ridge,2600.0,2663.388882986251,2.0,3.4385762672610065,46.0,47.29254542029846,114.0,116.60359229183221,221.0,221.7666783949654,246.0,246.5826391905707
2821,2016-12-12 10:00:00,Aotizhongxin,station_target_delta_ridge,3100.0,3088.3620067064685,3.0,3.4279980178307192,44.0,44.56006957908481,120.0,116.95251579691646,233.0,231.4694621266357,243.0,249.646040877116
2822,2016-12-12 11:00:00,Tiantan,station_target_delta_ridge,2500.0,2944.7901626193466,4.0,5.854977285163438,48.0,46.025209329955295,113.0,116.06962717763838,227.0,220.7730477048997,269.0,270.07021903307117
2823,2016-12-12 13:00:00,Nongzhanguan,station_target_delta_ridge,2300.0,2147.2642215283395,18.0,14.914951503086495,39.0,42.24461034072577,80.0,85.22206441122422,224.0,238.0475145309716,224.0,234.55587020279765
2824,2016-12-12 15:00:00,Gucheng,station_target_delta_ridge,2900.0,2299.6993061548415,11.0,22.13222184157329,46.0,45.06151291771944,117.0,91.73911086984661,264.0,230.7466178310364,285.0,256.56315708777987
2825,2016-12-12 18:00:00,Aotizhongxin,station_target_delta_ridge,2100.0,1896.797496249808,3.0,6.663742506126059,29.0,29.874577816648085,100.0,100.05443967073957,234.0,197.62174385126886,234.0,227.96415630940075
2826,2016-12-12 20:00:00,Changping,station_target_delta_ridge,4400.0,4058.443040161742,3.0,7.188550814121555,22.0,21.639524474471997,114.0,107.32631307105248,293.0,284.2478623575356,293.0,281.83841503274516
2827,2016-12-12 21:00:00,Tiantan,station_target_delta_ridge,2600.0,2751.8289919118006,2.0,5.083748522745605,11.0,13.670578715292011,85.0,84.06174074550283,212.0,201.54606454641745,212.0,225.03376933038868
2828,2016-12-12 23:00:00,Gucheng,station_target_delta_ridge,3400.0,3098.2033590935466,6.0,6.376868147538009,18.0,22.51692614069263,98.0,98.64880026629238,230.0,226.09101718333596,245.0,212.85562026943006
2829,2016-12-13 01:00:00,Changping,station_target_delta_ridge,3100.0,2575.0671628937466,6.0,8.08670081626822,17.0,13.733454153842192,61.0,66.79506154529302,201.0,178.205244810683,201.0,147.71547358766816
2830,2016-12-13 02:00:00,Tiantan,station_target_delta_ridge,2800.0,2288.2674619297554,2.0,3.963519734300081,2.0,3.605624303286577,59.0,57.33283218014105,161.0,138.5647714788294,161.0,133.04857220225355
2831,2016-12-13 04:00:00,Guanyuan,station_target_delta_ridge,1900.0,2113.4815574837094,2.0,3.4660106430519617,27.0,28.41822512492597,71.0,71.37398356085002,117.0,120.44164280748038,117.0,135.58967187513724
2832,2016-12-13 06:00:00,Dingling,station_target_delta_ridge,1300.0,924.5264608397474,26.0,41.7182502943189,14.0,11.563547093119103,30.0,24.534248322824176,31.0,15.709230010225069,31.0,19.062852070831617
2833,2016-12-13 07:00:00,Wanliu,station_target_delta_ridge,400.0,217.09329939144294,47.0,40.2814808794439,8.0,6.966463531004369,28.0,28.831433919508857,7.0,-25.627392017265308,7.0,1.5624145308159711
2834,2016-12-13 09:00:00,Gucheng,station_target_delta_ridge,700.0,467.6856584228698,27.0,41.43603488811533,6.0,3.927791982710157,41.0,28.402104315041427,9.0,10.0037482237708,9.0,6.132626154168081
2835,2016-12-13 11:00:00,Dingling,station_target_delta_ridge,1100.0,2284.8863309028366,35.0,14.183435054287209,18.0,20.296858715095325,42.0,60.290085140753284,69.0,90.94299009676449,69.0,103.7229779575557
2836,2016-12-13 12:00:00,Wanliu,station_target_delta_ridge,600.0,538.0669617242652,39.0,39.53949695201119,7.0,6.116115728502503,41.0,37.48898595398262,14.0,9.444152787013373,14.0,7.795331131600781
2837,2016-12-13 14:00:00,Gucheng,station_target_delta_ridge,600.0,746.761927875399,23.0,31.222710730915153,5.0,5.242567957783574,50.0,49.35444822030409,21.0,23.905140290133897,26.0,38.74768164977906
2838,2016-12-13 16:00:00,Dongsi,station_target_delta_ridge,800.0,767.7803268406078,23.0,28.96695883419186,8.0,6.159933433769373,51.0,49.82554361648589,26.0,21.05041245096754,26.0,30.583315918203734
2839,2016-12-13 17:00:00,Wanshouxigong,station_target_delta_ridge,800.0,790.8160678931347,5.0,8.111393818760702,10.0,9.645061873774365,77.0,73.95385454106071,31.0,24.978190915423845,54.0,64.2661762830041
2840,2016-12-13 19:00:00,Shunyi,station_target_delta_ridge,400.0,472.19447491217267,46.0,47.10239733430921,10.0,6.149915848760568,37.0,42.69382629489383,15.0,30.42348628667338,15.0,28.678743507563546
2841,2016-12-13 21:00:00,Dongsi,station_target_delta_ridge,600.0,575.9787735903001,17.0,21.36319718382252,10.0,7.2368296520972875,63.0,60.48918618508936,16.0,0.687859001638012,18.0,8.63620580593571
2842,2016-12-13 23:00:00,Aotizhongxin,station_target_delta_ridge,600.0,763.7579684887927,41.0,18.863786431348064,6.0,12.764451640499994,39.0,63.59938930140025,18.0,26.455849283384246,18.0,21.76161357853796
2843,2016-12-14 00:00:00,Shunyi,station_target_delta_ridge,300.0,260.67818948196395,62.0,57.26428552061286,4.0,5.315329219140058,12.0,15.945573589242638,4.0,11.681842514451684,6.0,17.48039156242863
2844,2016-12-14 02:00:00,Guanyuan,station_target_delta_ridge,300.0,846.8404311444936,35.0,22.266075683057412,2.0,5.070362114123346,25.0,40.54690638026554,12.0,13.660195167519277,12.0,12.866465506628145
2845,2016-12-14 04:00:00,Changping,station_target_delta_ridge,600.0,793.5503677689409,54.0,49.62049184900409,4.0,4.684211100274699,15.0,27.117317587308357,13.0,15.773282172236717,13.0,26.880654966536717
2846,2016-12-14 06:00:00,Aotizhongxin,station_target_delta_ridge,500.0,471.6562215962092,37.0,39.08459700699566,4.0,3.049965053057729,37.0,39.72873178916686,6.0,5.72755739507783,6.0,11.77925602750193
2847,2016-12-14 07:00:00,Shunyi,station_target_delta_ridge,300.0,396.58505232194943,59.0,51.690450261261624,8.0,8.16045644780922,12.0,16.661444453640094,3.0,0.7405400101065132,6.0,13.51780471866022
2848,2016-12-14 09:00:00,Dongsi,station_target_delta_ridge,600.0,675.3829846035567,22.0,19.621166710688307,7.0,5.209319806924634,50.0,54.449168018146004,15.0,5.623808884217219,19.0,25.742161524016996
2849,2016-12-14 11:00:00,Aotizhongxin,station_target_delta_ridge,600.0,630.3950527831837,47.0,47.84492668211097,9.0,7.703966911277227,31.0,28.798779203380263,19.0,13.05358401950818,23.0,18.209921893936748
2850,2016-12-14 12:00:00,Wanliu,station_target_delta_ridge,700.0,785.3065031367755,45.0,39.318696391090405,13.0,15.927487046130919,37.0,39.297974514248004,17.0,15.342808524214686,18.0,24.76621651362425
2851,2016-12-14 14:00:00,Nongzhanguan,station_target_delta_ridge,500.0,345.76817633922997,53.0,48.61842582738771,7.0,7.170410569640164,29.0,31.085172326585326,19.0,6.208346523713903,20.0,2.359244063431724
2852,2016-12-14 16:00:00,Shunyi,station_target_delta_ridge,300.0,472.603623418672,60.0,53.39638962660368,6.0,6.270673053003375,23.0,30.95151580751851,9.0,15.03692410174066,12.0,44.85679133345825
2853,2016-12-14 18:00:00,Dongsi,station_target_delta_ridge,1100.0,897.0853043741006,13.0,14.262029964433182,15.0,13.982096459181653,65.0,59.749418821805364,62.0,59.987691192770974,115.0,118.45949853034041
2854,2016-12-14 19:00:00,Wanliu,station_target_delta_ridge,900.0,1127.195520034103,11.0,8.742068292626776,14.0,15.271660051712082,75.0,79.29619336169608,43.0,49.344879677290436,76.0,75.60246756983604
2855,2016-12-14 21:00:00,Gucheng,station_target_delta_ridge,1300.0,1162.1041713880857,5.0,6.3584153953495015,16.0,17.709020931834047,78.0,75.7526151900706,74.0,75.07494422984894,116.0,98.02719521004701
2856,2016-12-14 22:00:00,Wanshouxigong,station_target_delta_ridge,1600.0,1575.7760733471193,2.0,0.6787950584809013,33.0,28.384340472226068,83.0,84.65806023032393,85.0,83.36491268885953,124.0,118.34846188070674
2857,2016-12-15 00:00:00,Gucheng,station_target_delta_ridge,1800.0,1784.9768290693694,4.0,2.3394721429187744,14.0,12.35850410191278,77.0,76.01508180275836,69.0,75.54926366024924,115.0,148.3326964180347
2858,2016-12-15 01:00:00,Wanshouxigong,station_target_delta_ridge,1500.0,1749.4678703239574,2.0,1.3563207898096736,26.0,31.845558893122835,77.0,79.9310776396844,87.0,98.05248468845147,107.0,123.17208412071518
2859,2016-12-15 03:00:00,Huairou,station_target_delta_ridge,1000.0,880.7893834241075,21.0,25.97804059925532,4.0,3.6662367803471168,20.0,19.033814075831025,23.0,15.475881876379031,29.0,25.18101128223861
2860,2016-12-15 05:00:00,Aotizhongxin,station_target_delta_ridge,1300.0,1399.749703137511,2.0,6.999075663842637,19.0,15.386607357514663,78.0,69.42242572858285,44.0,38.79614720112839,51.0,36.61487023482169
2861,2016-12-15 06:00:00,Huairou,station_target_delta_ridge,800.0,757.5418449418553,2.0,7.272200392931367,3.0,2.513257249046331,48.0,48.29874287789848,19.0,20.10379782586783,28.0,46.029253817295064
2862,2016-12-15 08:00:00,Changping,station_target_delta_ridge,600.0,708.0465592485635,31.0,33.62845025002986,9.0,8.011055965795586,30.0,32.466083656078716,10.0,6.178609777508447,46.0,53.65345260681591
2863,2016-12-15 09:00:00,Tiantan,station_target_delta_ridge,700.0,525.5062312977893,31.0,32.88909055509832,7.0,9.215012673687795,46.0,43.74730775670514,10.0,9.424849614591327,59.0,51.739082062221996
2864,2016-12-15 11:00:00,Guanyuan,station_target_delta_ridge,100.0,128.3010988354965,50.0,48.744852446810796,4.0,5.883379119541394,21.0,18.97267021243414,10.0,14.497600976841674,41.0,41.11575039651859
2865,2016-12-15 13:00:00,Aotizhongxin,station_target_delta_ridge,300.0,296.3652579191632,72.0,71.15116690319529,4.0,4.138407909698951,9.0,7.931718945591596,5.0,5.673848503356225,27.0,35.76447681375587
2866,2016-12-15 14:00:00,Huairou,station_target_delta_ridge,200.0,208.20076424323491,68.0,69.98473376810205,2.0,2.580301521861985,10.0,9.74270660589469,7.0,4.713579911404041,9.0,27.61315647241015
2867,2016-12-15 16:00:00,Changping,station_target_delta_ridge,300.0,217.8902504385401,43.0,46.72234355586277,6.0,4.310612389466673,23.0,8.381480340381408,9.0,15.589530771808597,37.0,36.785639498418796
2868,2016-12-15 17:00:00,Nongzhanguan,station_target_delta_ridge,400.0,301.9362424555605,57.0,56.429703748903606,3.0,3.1900762974109367,21.0,20.886692067629607,3.0,6.784284404718134,68.0,47.39579129003553
2869,2016-12-15 19:00:00,Dongsi,station_target_delta_ridge,500.0,450.8320741190581,25.0,32.78382575704491,7.0,6.6706348692223045,50.0,45.6510440947509,17.0,17.497145432213074,43.0,43.655911402214045
2870,2016-12-15 20:00:00,Wanliu,station_target_delta_ridge,900.0,860.7787956829202,5.0,4.830322445113781,14.0,14.736108872023603,81.0,74.90302037020862,21.0,24.209269908942574,41.0,45.73970686661242
2871,2016-12-15 22:00:00,Guanyuan,station_target_delta_ridge,800.0,1071.2364413266705,2.0,3.330652711741524,9.0,10.45510872676305,72.0,69.33590054725678,22.0,21.11155842051513,37.0,29.728018390592403
2872,2016-12-15 23:00:00,Wanshouxigong,station_target_delta_ridge,1600.0,1463.6288608764473,2.0,3.588061636424206,18.0,10.159863113495327,90.0,81.97646591118195,71.0,44.44420428937777,91.0,69.9361723635591
2873,2016-12-16 01:00:00,Gucheng,station_target_delta_ridge,2200.0,2282.7464004752505,5.0,2.3978639006188285,19.0,24.11530108950887,75.0,81.22613088901859,91.0,127.55772270863376,159.0,133.73310474773612
2874,2016-12-16 02:00:00,Wanshouxigong,station_target_delta_ridge,2700.0,2626.3396421098078,2.0,3.060786070601157,33.0,33.78660275141319,100.0,97.35994132173789,210.0,182.7805627917588,221.0,217.85242156645683
2875,2016-12-16 04:00:00,Huairou,station_target_delta_ridge,700.0,540.1314709014139,30.0,50.7085166245278,4.0,4.380589142513328,17.0,17.13430412926081,10.0,18.51366607329895,14.0,18.368841952609706
2876,2016-12-16 06:00:00,Aotizhongxin,station_target_delta_ridge,1200.0,1237.5008034527723,3.0,2.6149495898645334,12.0,9.709375324816591,75.0,74.87894168346259,26.0,20.230893852140518,26.0,43.60987505919198
2877,2016-12-16 07:00:00,Huairou,station_target_delta_ridge,700.0,597.6459991745147,6.0,20.586577490059547,3.0,4.346178949742222,50.0,35.88842405093579,14.0,12.470558012539074,24.0,33.62135790936623
2878,2016-12-16 09:00:00,Aotizhongxin,station_target_delta_ridge,1000.0,770.6383965508093,5.0,7.527756014193093,16.0,18.173424429783726,67.0,63.31241674614444,16.0,11.740910492516184,37.0,18.82519100181321
2879,2016-12-16 10:00:00,Nongzhanguan,station_target_delta_ridge,1800.0,1913.7130591172074,6.0,8.652774206143999,24.0,20.90161699562935,78.0,77.32973366874214,41.0,28.631376455255353,41.0,51.61785266305551
2880,2016-12-16 12:00:00,Changping,station_target_delta_ridge,2000.0,2031.9479464837045,4.0,7.521531628414838,38.0,35.41865819707712,80.0,75.47053059363216,55.0,69.69545186877428,75.0,70.84531183684787
2881,2016-12-16 13:00:00,Nongzhanguan,station_target_delta_ridge,2400.0,2349.7493960804773,10.0,14.039445192384399,22.0,22.378509926272375,117.0,116.50674082424541,74.0,89.40152684934003,103.0,100.67216465624196
2882,2016-12-16 15:00:00,Dingling,station_target_delta_ridge,1200.0,1590.7230233931853,23.0,21.561947233730283,23.0,26.3513312517199,69.0,74.38056905804534,54.0,56.21182569993463,68.0,98.02381781262763
2883,2016-12-16 16:00:00,Shunyi,station_target_delta_ridge,1500.0,1318.5464814964298,11.0,15.588151998648911,24.0,23.873459333300897,115.0,101.34549235355394,73.0,104.46291576623551,98.0,134.9619934412236
2884,2016-12-16 18:00:00,Dingling,station_target_delta_ridge,1300.0,1411.7587834739595,3.0,5.516214046714689,12.0,17.37008861269348,80.0,81.18872803859973,57.0,66.63245384208577,73.0,87.30658820498104
2885,2016-12-16 19:00:00,Tiantan,station_target_delta_ridge,2600.0,2578.9952861415895,2.0,1.7354423468478553,5.0,11.695937672460627,125.0,129.55168172545586,222.0,239.07287958333694,271.0,293.7146458795317
2886,2016-12-16 21:00:00,Dongsi,station_target_delta_ridge,3200.0,3055.785807443375,2.0,0.2545728899424613,30.0,27.336985363175472,117.0,109.04204548112509,281.0,262.0232079361923,356.0,339.9924519406982
2887,2016-12-16 22:00:00,Tiantan,station_target_delta_ridge,3500.0,3578.2235073083566,2.0,4.210910430976775,3.0,7.884100865275052,123.0,110.13578438204772,258.0,236.91910933955975,306.0,286.22434237815156
2888,2016-12-17 00:00:00,Dongsi,station_target_delta_ridge,3900.0,3849.9805962325418,2.0,0.3607285808053675,43.0,38.47800399438223,125.0,121.85664480982507,167.0,150.1326250547375,234.0,239.33840532693458
2889,2016-12-17 01:00:00,Wanliu,station_target_delta_ridge,4800.0,5073.337249073196,7.0,5.7117002093655085,55.0,56.4447047980861,111.0,110.3238546348171,133.0,125.74744050652924,167.0,153.00179046441363
2890,2016-12-17 03:00:00,Guanyuan,station_target_delta_ridge,3000.0,3255.8173946190673,2.0,1.0698462672459805,31.0,35.78948485292834,93.0,100.47517527702095,148.0,184.65251873226796,172.0,200.44427313964053
2891,2016-12-17 04:00:00,Wanliu,station_target_delta_ridge,3800.0,3526.212679528751,4.0,9.40676188628967,22.0,26.747942247127124,104.0,105.66904574966365,151.0,147.48540933417598,151.0,161.2125212530776
2892,2016-12-17 06:00:00,Gucheng,station_target_delta_ridge,1900.0,2384.5767157614373,5.0,2.155418391075953,10.0,13.123743397517215,62.0,73.24460104310972,61.0,85.73347109842888,61.0,98.18239371199772
2893,2016-12-17 07:00:00,Wanshouxigong,station_target_delta_ridge,3000.0,2786.189361682986,2.0,3.2789934308090807,30.0,25.787984738671394,102.0,103.18517708604305,124.0,135.9124529868214,136.0,143.99083733508922
2894,2016-12-17 09:00:00,Gucheng,station_target_delta_ridge,3300.0,2870.3274271388937,7.0,8.229965117145603,23.0,15.701986365423513,81.0,70.81827313051953,101.0,84.09433974942883,182.0,106.23098199342215
2895,2016-12-17 10:00:00,Wanshouxigong,station_target_delta_ridge,1800.0,1940.7970673568007,5.0,3.109094776529492,24.0,29.043485209369045,73.0,83.0392696626332,87.0,94.33024793084819,94.0,108.99900726608405
2896,2016-12-17 12:00:00,Huairou,station_target_delta_ridge,900.0,1067.659003262221,28.0,26.374554257685407,13.0,16.20226077965777,42.0,47.53967369760984,50.0,60.75338134256526,50.0,86.68772659522953
2897,2016-12-17 14:00:00,Aotizhongxin,station_target_delta_ridge,3400.0,3283.2726448619314,16.0,11.577316905043347,60.0,54.68782307707674,122.0,123.53224647539115,261.0,246.35457726758023,265.0,274.8576531409741
2898,2016-12-17 15:00:00,Huairou,station_target_delta_ridge,1200.0,1177.3275826280594,23.0,23.865443220738147,20.0,17.394648591313285,60.0,61.1076561492484,69.0,88.75452482987197,77.0,103.93287123286424
2899,2016-12-17 17:00:00,Changping,station_target_delta_ridge,2400.0,1945.8692400940313,2.0,3.2495057448584994,27.0,28.07960904898076,105.0,117.80808874472947,123.0,114.62147898272504,137.0,126.6923724180489
2900,2016-12-17 18:00:00,Nongzhanguan,station_target_delta_ridge,3700.0,3812.438837075743,3.0,4.268896437154206,42.0,46.6137716680445,129.0,137.10952743073383,332.0,335.73697303076773,369.0,403.58729664730924
2901,2016-12-17 20:00:00,Changping,station_target_delta_ridge,3000.0,3920.460770590339,2.0,5.93405006675334,20.0,16.49860619481821,105.0,108.72367668642372,156.0,172.16534424177559,170.0,191.8494661614788
2902,2016-12-17 21:00:00,Shunyi,station_target_delta_ridge,4400.0,5190.133751167854,4.0,6.3928694024421935,33.0,52.965349948628,135.0,129.0202132225573,372.0,371.6678635173756,372.0,385.2195894582314
2903,2016-12-17 23:00:00,Dingling,station_target_delta_ridge,2500.0,2216.9907241871006,2.0,0.423212595720996,26.0,19.740114876124004,100.0,89.50708175083943,135.0,127.32403114464888,135.0,131.72972716893503
2904,2016-12-18 00:00:00,Shunyi,station_target_delta_ridge,5300.0,5119.637570649262,6.0,6.020641871023946,42.0,28.0374645389189,126.0,126.23544996779908,347.0,315.5643850780491,347.0,325.0353082656648
2905,2016-12-18 02:00:00,Dingling,station_target_delta_ridge,2100.0,2131.491897429092,6.0,0.3681594412223479,17.0,15.999429108650826,82.0,88.28214262850659,158.0,141.75116048818714,158.0,151.6116577241784
2906,2016-12-18 03:00:00,Tiantan,station_target_delta_ridge,4400.0,4405.039163187651,2.0,4.565344723421385,4.0,5.93373231803855,102.0,121.04288300416525,308.0,298.75555761810614,323.0,326.80157176870176
2907,2016-12-18 05:00:00,Dongsi,station_target_delta_ridge,3900.0,4392.717039921122,2.0,-2.24428972948561,49.0,53.886922822866495,102.0,117.78669727021108,259.0,275.00706467794953,291.0,321.7171259892183
2908,2016-12-18 06:00:00,Tiantan,station_target_delta_ridge,4100.0,3993.9668160589586,2.0,2.1298092401172615,3.0,3.734306008251947,95.0,89.34908158367232,249.0,255.97274702944753,345.0,256.2319425078628
2909,2016-12-18 08:00:00,Guanyuan,station_target_delta_ridge,4100.0,3576.650300632697,2.0,2.0535745892227983,25.0,27.627552579063117,95.0,97.02662458172276,226.0,209.66237300608682,243.0,226.74881859029782
2910,2016-12-18 09:00:00,Wanliu,station_target_delta_ridge,5000.0,5361.549253427837,4.0,1.5561753149056594,21.0,16.716705608661403,103.0,101.44317561701224,207.0,186.61136527127238,222.0,196.0950275785379
2911,2016-12-18 11:00:00,Guanyuan,station_target_delta_ridge,3700.0,3439.576791591799,2.0,5.287116914541274,33.0,41.80708229325695,100.0,99.83139518289873,216.0,214.66815172764709,236.0,217.96517973136733
2912,2016-12-18 12:00:00,Wanshouxigong,station_target_delta_ridge,2500.0,2702.2040210350615,17.0,12.144786326665145,35.0,36.08998164974763,87.0,91.18294950779199,211.0,212.57375809044476,211.0,210.21770443051219
2913,2016-12-18 14:00:00,Gucheng,station_target_delta_ridge,2800.0,2392.2774815460343,27.0,32.38788259175765,36.0,35.97145082920891,110.0,96.58595619836834,251.0,231.45632375741656,272.0,237.09706849841865
2914,2016-12-18 15:00:00,Wanshouxigong,station_target_delta_ridge,3100.0,2933.742155691749,15.0,20.169047331890553,38.0,41.43113639409086,127.0,119.52250279153996,254.0,239.28076714692665,254.0,236.04287170673408
2915,2016-12-18 17:00:00,Gucheng,station_target_delta_ridge,3000.0,2885.279356891311,15.0,21.780118096653315,32.0,31.751844360127055,129.0,104.7863131180008,280.0,279.8729494528988,287.0,265.80690148753956
2916,2016-12-18 19:00:00,Aotizhongxin,station_target_delta_ridge,4200.0,3501.7307069054027,2.0,4.294613000939017,17.0,19.104569352855798,148.0,145.16954003597482,241.0,238.37093244161048,241.0,270.05816373181597
2917,2016-12-18 20:00:00,Huairou,station_target_delta_ridge,2400.0,2580.9400417878114,4.0,5.310604734506074,9.0,11.899018718832524,70.0,80.19259945157607,158.0,168.10633351118676,182.0,175.9825088985142
2918,2016-12-18 22:00:00,Aotizhongxin,station_target_delta_ridge,5400.0,5139.4321769839935,6.0,6.407457825222538,48.0,18.906059538924058,144.0,135.7577285342239,245.0,233.91959041041406,296.0,251.11077485750917
2919,2016-12-18 23:00:00,Nongzhanguan,station_target_delta_ridge,6000.0,6404.0216775358585,11.0,12.420055044886169,25.0,29.273249548877715,126.0,133.9155207828221,274.0,295.8353140121308,303.0,316.0094147289654
2920,2016-12-19 01:00:00,Changping,station_target_delta_ridge,2300.0,2543.8025210612473,4.0,2.4482367012092596,16.0,11.931774915646866,49.0,71.86033658087891,132.0,139.59421882462712,132.0,132.4000874508387
2921,2016-12-19 02:00:00,Nongzhanguan,station_target_delta_ridge,6500.0,6355.157825063882,15.0,13.211830555527238,31.0,24.671961620416916,124.0,113.63286135171722,311.0,260.72648597742835,313.0,269.7227871147778
2922,2016-12-19 04:00:00,Dingling,station_target_delta_ridge,3800.0,2990.6789179590237,4.0,3.9101149784730804,25.0,15.743933466356282,66.0,56.51024319623395,142.0,130.56685837443368,142.0,121.62525055623378
2923,2016-12-19 05:00:00,Shunyi,station_target_delta_ridge,3500.0,2919.975302238023,2.0,47.92500812132956,17.0,17.420555969083033,63.0,61.94828093946911,125.0,140.60532315508516,125.0,148.35347946837192
2924,2016-12-19 07:00:00,Dingling,station_target_delta_ridge,1900.0,1951.8553708189306,3.0,0.20320427213609138,12.0,10.964794320746618,60.0,59.31440371622989,110.0,117.72878221673339,110.0,111.52946429268994
2925,2016-12-19 08:00:00,Shunyi,station_target_delta_ridge,2300.0,2954.1522671122584,2.0,5.025723605052706,10.0,10.9960951715814,57.0,59.06554547505128,96.0,122.97395138667963,96.0,114.79426102519172
2926,2016-12-19 10:00:00,Dongsi,station_target_delta_ridge,4000.0,3736.6094948762625,4.0,4.800324575238942,32.0,30.875899649188185,98.0,100.56698468133145,167.0,133.5669889670691,184.0,147.89682187439755
2927,2016-12-19 11:00:00,Tiantan,station_target_delta_ridge,3400.0,3212.857273116356,3.0,3.46629656048641,12.0,14.020699619799183,109.0,90.92125709940525,167.0,182.95932990231535,167.0,193.67673807687697
2928,2016-12-19 13:00:00,Dongsi,station_target_delta_ridge,3400.0,3559.6191737966574,13.0,13.75509640705392,43.0,40.825217911729844,102.0,117.46294956767115,188.0,185.54817560894622,194.0,213.09371842800556
2929,2016-12-19 14:00:00,Wanliu,station_target_delta_ridge,3900.0,5662.726312727057,17.0,10.042677557023191,55.0,62.057685340881584,142.0,173.2948802237424,216.0,263.2186107554464,216.0,267.6495527770969
2930,2016-12-19 16:00:00,Guanyuan,station_target_delta_ridge,2700.0,3084.963117671842,10.0,9.951096556690208,36.0,37.601639379856984,130.0,143.49794492829886,202.0,218.52594587948838,202.0,211.67203652616737
2931,2016-12-19 17:00:00,Wanliu,station_target_delta_ridge,2500.0,2566.4378146203785,9.0,8.479576147741472,37.0,34.3703176463455,139.0,128.59238817730636,187.0,188.05731957141407,187.0,179.5516297599203
2932,2016-12-19 19:00:00,Gucheng,station_target_delta_ridge,3300.0,3684.3623374756703,17.0,19.537747561457028,22.0,26.02346534222955,138.0,131.330569321952,249.0,251.86197035344088,256.0,252.08207144157706
2933,2016-12-19 20:00:00,Wanshouxigong,station_target_delta_ridge,5300.0,4291.354071663878,3.0,1.355672805494339,12.0,14.996408615524011,170.0,172.44049857158473,397.0,310.94122890418976,397.0,315.28707608320315
2934,2016-12-19 22:00:00,Gucheng,station_target_delta_ridge,3700.0,4252.802017094314,6.0,2.405588129612154,18.0,15.668292476577541,115.0,123.90778275540292,203.0,253.71475367279257,203.0,264.886000773331
2935,2016-12-19 23:00:00,Wanshouxigong,station_target_delta_ridge,6100.0,5753.728846253869,4.0,3.8850472813774313,10.0,8.153164122515113,172.0,157.6038328037363,530.0,464.2671021234951,530.0,469.33425385560963
2936,2016-12-20 01:00:00,Huairou,station_target_delta_ridge,4400.0,5950.0978453128655,2.0,7.615382117024525,3.0,0.8677911533529774,58.0,78.51141890893362,204.0,226.37197135553117,261.0,240.21430764992465
2937,2016-12-20 03:00:00,Aotizhongxin,station_target_delta_ridge,8800.0,9220.765855409965,5.0,-10.828693722155563,6.0,8.667736877236555,104.0,13.365972481722533,440.0,387.0072276416863,440.0,433.51318283489417
2938,2016-12-20 04:00:00,Nongzhanguan,station_target_delta_ridge,7900.0,7964.326292555523,11.0,17.265849106698504,6.0,2.2936490379944896,104.0,94.14349724343643,315.0,357.1977819885668,359.0,404.86429565867763
2939,2016-12-20 06:00:00,Dingling,station_target_delta_ridge,3300.0,3288.3991163555393,2.0,3.6922507115428282,17.0,16.43985186764257,59.0,64.76408803211402,108.0,136.2386843911768,108.0,141.3056447625318
2940,2016-12-20 07:00:00,Wanshouxigong,station_target_delta_ridge,8300.0,8147.253926829041,7.0,13.486755670291338,7.0,4.905429914882433,121.0,113.40383196087161,411.0,413.29592590237047,411.0,403.95291367798393
2941,2016-12-20 09:00:00,Shunyi,station_target_delta_ridge,6600.0,6363.525154315067,4.0,9.823052229825322,3.0,-0.4558048728873394,100.0,88.09451553121221,235.0,246.67887894063074,235.0,290.69527561418005
2942,2016-12-20 11:00:00,Gucheng,station_target_delta_ridge,8900.0,6600.0,8.0,6.2,16.0,11.4,153.0,127.7,495.0,314.0,495.0,324.1
2943,2016-12-20 13:00:00,Changping,station_target_delta_ridge,7300.0,7581.818181818182,2.0,8.818181818181818,17.0,10.272727272727273,161.0,167.0,422.0,414.0,423.0,428.90909090909093
2944,2016-12-20 14:00:00,Nongzhanguan,station_target_delta_ridge,7500.0,7711.931011939506,12.0,12.909366523785343,9.0,6.7298635012108985,150.0,163.91923390743233,430.0,448.61773917421397,430.0,420.7143616921262
2945,2016-12-20 16:00:00,Changping,station_target_delta_ridge,5700.0,6748.615865370328,2.0,6.333837779860422,16.0,15.022634461461948,151.0,171.09956487082502,322.0,372.80551493966743,322.0,360.3887031577116
2946,2016-12-20 17:00:00,Shunyi,station_target_delta_ridge,6400.0,7318.554927121642,3.0,8.126654028534775,6.0,1.0011745615428733,119.0,127.83941681531088,377.0,384.67972274881504,377.0,393.83848218270674
2947,2016-12-20 19:00:00,Dingling,station_target_delta_ridge,7600.0,6597.425764163276,5.0,1.0186470525085887,28.0,17.83471067141424,157.0,155.62443881568421,390.0,364.39680487711803,390.0,377.2547672697151
2948,2016-12-20 20:00:00,Shunyi,station_target_delta_ridge,6500.0,6826.9467883190555,3.0,4.959416166519272,5.0,1.4254530372729937,102.0,104.22991525126629,302.0,337.2693320340039,302.0,349.6207145482044
2949,2016-12-20 22:00:00,Guanyuan,station_target_delta_ridge,9200.0,9295.351215835863,2.0,3.3246930792971963,8.0,10.811170206790852,146.0,143.1282045414601,392.0,361.03236297709196,396.0,365.39328244574915
2950,2016-12-20 23:00:00,Wanshouxigong,station_target_delta_ridge,9200.0,9567.708600380805,2.0,0.6813667475512577,5.0,3.070069924681701,146.0,143.3769560741782,428.0,395.6800181158822,442.0,403.8439142915743
2951,2016-12-21 01:00:00,Gucheng,station_target_delta_ridge,8400.0,8250.295953525128,6.0,-0.058006015458184734,8.0,4.955354827823143,136.0,125.99446200002954,453.0,438.5636857945106,469.0,432.69560352034534
2952,2016-12-21 02:00:00,Wanshouxigong,station_target_delta_ridge,8400.0,8464.417991467033,2.0,4.773767302095301,5.0,3.0899479509276615,141.0,138.91309340153734,398.0,384.1662711926026,398.0,368.9263239432348
2953,2016-12-21 04:00:00,Huairou,station_target_delta_ridge,7700.0,7392.574551516711,2.0,10.418801739201333,6.0,4.95767004448624,99.0,96.74028701613142,317.0,288.86187350960734,365.0,321.37932667667525
2954,2016-12-21 06:00:00,Aotizhongxin,station_target_delta_ridge,8100.0,8143.122727908268,2.0,7.817973173366088,7.0,7.457233602144932,127.0,126.75824808391442,343.0,347.9892606090172,343.0,377.27011048698563
2955,2016-12-21 07:00:00,Huairou,station_target_delta_ridge,7200.0,7422.864347767199,2.0,10.351485880515265,6.0,5.199763806427205,102.0,92.03238843091069,336.0,300.43349244288424,383.0,339.0495189683903
2956,2016-12-21 09:00:00,Dongsi,station_target_delta_ridge,7700.0,8908.145596256683,2.0,1.665408535689842,11.0,8.700152345384275,128.0,125.53208353068975,354.0,356.49084271197705,373.0,368.3194547208893
2957,2016-12-21 10:00:00,Tiantan,station_target_delta_ridge,8700.0,8980.802882697422,2.0,6.702211449844639,8.0,11.611651969207697,149.0,138.7413330872632,351.0,368.3583475666271,442.0,416.03390206709514
2958,2016-12-21 12:00:00,Gucheng,station_target_delta_ridge,9300.0,8711.107673904247,9.0,-0.8076991537239797,9.0,8.591110641162789,174.0,5.015102956353556,512.0,488.8687386917225,512.0,451.82937604966946
2959,2016-12-21 14:00:00,Changping,station_target_delta_ridge,8400.0,7390.909090909091,3.0,10.727272727272727,21.0,16.0,205.0,145.8181818181818,492.0,414.45454545454544,492.0,427.90909090909093
2960,2016-12-21 15:00:00,Nongzhanguan,station_target_delta_ridge,6400.0,7040.572976279698,15.0,14.747958928413674,16.0,14.00929182160285,144.0,165.54379021723815,382.0,412.14679912499713,382.0,414.5490304293945
2961,2016-12-21 17:00:00,Changping,station_target_delta_ridge,7500.0,7211.594676651141,2.0,9.318911574228922,11.0,6.55805294424179,196.0,179.04203638026232,415.0,397.89568216277877,415.0,417.97926615982044
2962,2016-12-21 18:00:00,Shunyi,station_target_delta_ridge,7300.0,7364.972447964541,3.0,5.670760905603565,19.0,14.320667783402854,180.0,170.04324650182886,419.0,422.62394566593997,419.0,428.60923375002045
2963,2016-12-21 20:00:00,Dongsi,station_target_delta_ridge,8200.0,9074.302858558729,2.0,0.21793849653213226,13.0,6.554618959135357,200.0,193.96131356965694,446.0,468.0265266261897,515.0,553.5136194334902
2964,2016-12-21 21:00:00,Tiantan,station_target_delta_ridge,8400.0,8265.530228579559,2.0,6.789817775495935,7.0,12.063780344340653,183.0,184.60161801886204,392.0,408.7757360464568,448.0,440.56120285948094
2965,2016-12-21 23:00:00,Guanyuan,station_target_delta_ridge,7100.0,7342.400719939134,26.0,26.702807217294485,21.0,22.037974916766682,189.0,190.08504517868073,407.0,409.8784146339631,407.0,405.3001454121927
2966,2016-12-22 00:00:00,Wanshouxigong,station_target_delta_ridge,9500.0,8978.487272907163,2.0,4.775736211190335,11.0,10.060783969055024,190.0,183.12648170091907,436.0,415.90533720140826,436.0,396.5829583783976
2967,2016-12-22 02:00:00,Huairou,station_target_delta_ridge,6100.0,7198.174730984318,2.0,11.654551705513715,5.0,3.6712834782386894,102.0,102.08346385315782,390.0,332.74139166115583,437.0,276.48909961113986
2968,2016-12-22 04:00:00,Dingling,station_target_delta_ridge,200.0,93.41181089180495,62.0,62.702094274591644,6.0,6.031865114457304,4.0,-1.2823376716730408,10.0,10.562747896327355,10.0,31.15704315445944
2969,2016-12-22 05:00:00,Wanliu,station_target_delta_ridge,300.0,273.07720048147473,60.0,43.66165589615238,11.0,9.887819666643093,9.0,-1.5842328103273076,8.0,-39.35694241458381,8.0,2.5350419947695313
2970,2016-12-22 07:00:00,Guanyuan,station_target_delta_ridge,400.0,440.7254896122621,39.0,41.988545817803185,5.0,4.874993513728339,25.0,23.617793252112016,17.0,10.56501695993298,17.0,14.799349278219852
2971,2016-12-22 08:00:00,Wanliu,station_target_delta_ridge,400.0,403.3615021008052,38.0,43.17577168770091,9.0,9.908399524814667,29.0,21.61012286870931,10.0,8.72104011710637,10.0,12.095982113434639
2972,2016-12-22 10:00:00,Guanyuan,station_target_delta_ridge,400.0,412.6365747373394,40.0,39.74098915041252,5.0,5.168237918129778,25.0,24.93586645980975,20.0,19.964805418722058,20.0,21.26451524755854
2973,2016-12-22 11:00:00,Wanshouxigong,station_target_delta_ridge,600.0,615.0430786817826,49.0,52.42304600586098,4.0,3.8972887127154094,19.0,17.955547292946434,16.0,22.756364521448567,16.0,23.492555821244228
2974,2016-12-22 13:00:00,Huairou,station_target_delta_ridge,200.0,195.8551040085247,63.0,62.791384928954514,2.0,2.6451631517090837,9.0,10.50608653132068,17.0,11.846183873952777,17.0,14.581517531384295
2975,2016-12-22 15:00:00,Aotizhongxin,station_target_delta_ridge,200.0,289.29915908507235,69.0,70.75553702914284,5.0,5.163201798750781,12.0,9.21030864137582,9.0,11.099184305242456,9.0,12.245595758714895
2976,2016-12-22 16:00:00,Nongzhanguan,station_target_delta_ridge,300.0,273.65044162917104,64.0,65.6669859364023,3.0,2.592163978955677,19.0,16.562570789995277,12.0,2.122139623955146,12.0,2.434681322729743
2977,2016-12-22 18:00:00,Dongsi,station_target_delta_ridge,500.0,418.7868556254637,50.0,48.37653954154115,4.0,3.913613645663604,23.0,26.885135994681804,12.0,14.600883393914861,39.0,33.94170945513616
2978,2016-12-22 19:00:00,Tiantan,station_target_delta_ridge,700.0,633.290274711428,45.0,39.16951080370023,7.0,7.347643409515724,37.0,39.88184568091056,11.0,14.849286846010639,55.0,44.67409938992634
2979,2016-12-22 21:00:00,Guanyuan,station_target_delta_ridge,400.0,461.6581975607904,47.0,40.01662065094156,2.0,4.716143337576866,29.0,33.242460813468604,15.0,12.20525092684207,15.0,7.663700162655237
2980,2016-12-22 22:00:00,Wanliu,station_target_delta_ridge,400.0,430.54770957510294,48.0,46.73958137500182,5.0,4.876142715829634,31.0,32.64530394510684,13.0,5.473462440528909,13.0,5.486084691063253
2981,2016-12-23 00:00:00,Guanyuan,station_target_delta_ridge,700.0,713.390453132005,29.0,34.14507343361055,7.0,7.657561175836092,42.0,37.879602681378074,9.0,17.687468701008324,9.0,14.23622773044279
2982,2016-12-23 01:00:00,Wanliu,station_target_delta_ridge,900.0,720.7975902646918,11.0,20.471447186949675,8.0,8.235452759003852,65.0,50.85025506988461,20.0,21.25112077351499,20.0,18.753579243140482
2983,2016-12-23 03:00:00,Gucheng,station_target_delta_ridge,1200.0,916.1536639154102,8.0,30.243457536505268,10.0,7.897790203039167,65.0,42.73040713191268,20.0,17.477261120173996,20.0,22.531314606386594
2984,2016-12-23 04:00:00,Wanshouxigong,station_target_delta_ridge,300.0,384.5155768385553,39.0,38.22801777971791,2.0,2.3148248958441724,31.0,33.11031095800003,14.0,16.766922071905334,14.0,15.382311982613073
2985,2016-12-23 06:00:00,Gucheng,station_target_delta_ridge,800.0,788.3607148597864,18.0,20.921180397151506,6.0,7.067601238914385,46.0,51.513016065218835,17.0,15.355636955460787,17.0,8.749047777442403
2986,2016-12-23 08:00:00,Dingling,station_target_delta_ridge,400.0,467.1888339054059,52.0,47.34739686773799,9.0,5.901864213558426,13.0,15.376963864309664,9.0,10.388226329718577,20.0,20.254992156049905
2987,2016-12-23 09:00:00,Shunyi,station_target_delta_ridge,500.0,449.2321955012364,54.0,53.04139185045607,5.0,4.095076684095979,14.0,16.055416521205068,10.0,12.187530096899028,10.0,16.54377163139503
2988,2016-12-23 11:00:00,Dingling,station_target_delta_ridge,1000.0,595.6058858260886,36.0,55.14247985994756,17.0,11.952348237950943,39.0,15.534698333047153,42.0,18.16062407669742,54.0,31.56768615729947
2989,2016-12-23 12:00:00,Wanliu,station_target_delta_ridge,700.0,810.4183329115153,42.0,38.871944241650056,8.0,8.257741604332479,38.0,38.287802528262155,22.0,19.60707796302779,22.0,21.52504823762697
2990,2016-12-23 14:00:00,Gucheng,station_target_delta_ridge,700.0,794.8027509190588,37.0,41.479172947322716,8.0,9.077975634712773,34.0,36.68265305159869,28.0,28.066687999935002,28.0,30.473074192752115
2991,2016-12-23 16:00:00,Aotizhongxin,station_target_delta_ridge,600.0,582.1068600795229,40.0,33.56493472075232,6.0,5.834208626955966,43.0,43.068653964167936,21.0,18.86774799668017,22.0,28.157780506445448
2992,2016-12-23 17:00:00,Huairou,station_target_delta_ridge,300.0,375.28095119492974,62.0,55.09137069963076,2.0,3.2758925006350736,16.0,22.141087826112432,5.0,6.7923404236334175,5.0,16.249235816002574
2993,2016-12-23 19:00:00,Changping,station_target_delta_ridge,1400.0,1006.8573494082591,4.0,9.537478047512568,10.0,11.561011422877321,67.0,64.69226152334075,58.0,45.682952192369385,72.0,65.1030249536561
2994,2016-12-23 20:00:00,Nongzhanguan,station_target_delta_ridge,1400.0,1488.2102927306778,2.0,4.818445608953767,18.0,17.12781766194409,90.0,89.42947717872856,82.0,77.69552631341396,116.0,102.84448417306812
2995,2016-12-23 22:00:00,Changping,station_target_delta_ridge,1400.0,1580.1329532718878,3.0,0.5406983085923471,9.0,10.954385836261961,55.0,65.38537346067727,49.0,58.896521647011596,63.0,70.52644814918547
2996,2016-12-23 23:00:00,Shunyi,station_target_delta_ridge,3900.0,1881.519991489452,11.0,1.9828988767467353,50.0,35.591519656914,101.0,88.31654796018503,124.0,81.72836801398905,173.0,82.13922658014482
2997,2016-12-24 01:00:00,Dingling,station_target_delta_ridge,2000.0,1708.0480228609879,5.0,5.769452574130359,14.0,12.008572523304695,63.0,50.15850809327919,59.0,59.88127006498765,72.0,68.60005206081426
2998,2016-12-24 02:00:00,Shunyi,station_target_delta_ridge,3700.0,3277.291071239127,8.0,8.495272372299755,27.0,25.135218826866925,82.0,75.74387948628392,124.0,98.4309264016403,128.0,112.27839962095297
2999,2016-12-24 04:00:00,Dingling,station_target_delta_ridge,1200.0,1381.8101980552476,3.0,11.037425174293924,10.0,14.656197967419516,58.0,51.03326350091862,66.0,46.15840795632317,71.0,69.05074568096227
3000,2016-12-24 05:00:00,Tiantan,station_target_delta_ridge,1500.0,1822.1290666418442,2.0,45.21349137009899,4.0,6.763532440207987,65.0,64.66578215792842,87.0,93.45093323971325,95.0,105.7396336313402
3001,2016-12-24 07:00:00,Dongsi,station_target_delta_ridge,5100.0,4763.140665071706,2.0,2.924526850460832,49.0,44.48303455334281,102.0,101.4828309562123,161.0,144.22762450808747,238.0,190.873146102376
3002,2016-12-24 08:00:00,Tiantan,station_target_delta_ridge,3300.0,3026.8397291960764,2.0,4.483553288843432,5.0,5.7237835321451564,75.0,76.09373394198727,110.0,115.33910252875697,163.0,172.56342093099988
3003,2016-12-24 10:00:00,Guanyuan,station_target_delta_ridge,3400.0,3594.8377065695013,16.0,18.01326465631035,36.0,38.92443911121299,88.0,89.80459812137133,115.0,123.14844480276459,146.0,145.61606936918156
3004,2016-12-24 11:00:00,Wanliu,station_target_delta_ridge,2800.0,3226.376321908117,7.0,5.042943345903158,50.0,49.62682823481305,83.0,91.99824477118416,87.0,96.48669715112288,105.0,109.02858504676006
3005,2016-12-24 13:00:00,Guanyuan,station_target_delta_ridge,3500.0,3038.754634528391,21.0,21.969095799097456,34.0,37.46855625122334,110.0,108.7602636773816,134.0,140.97577577504367,167.0,157.48215879213586
3006,2016-12-24 14:00:00,Wanshouxigong,station_target_delta_ridge,1400.0,1634.0917228486705,22.0,19.962212007910413,28.0,37.61865303387437,69.0,84.63857139988559,97.0,144.2263437021504,98.0,169.48349903208316
3007,2016-12-24 16:00:00,Gucheng,station_target_delta_ridge,2700.0,2665.2523011114013,7.0,12.936097065760515,31.0,32.19847653902116,115.0,108.31128929527912,149.0,142.61459986924345,187.0,184.687187640257
3008,2016-12-24 17:00:00,Wanshouxigong,station_target_delta_ridge,2900.0,1796.64981173754,3.0,19.90222254983522,27.0,21.023947788944763,119.0,56.779961308721994,156.0,111.14339906415907,163.0,156.50467285390533
3009,2016-12-24 19:00:00,Gucheng,station_target_delta_ridge,3600.0,3406.7871126427003,6.0,4.615937644485952,28.0,27.269660367998142,130.0,126.44234117892583,187.0,167.5898899697992,233.0,219.49071080195046
3010,2016-12-24 21:00:00,Aotizhongxin,station_target_delta_ridge,3400.0,3359.437771127556,2.0,6.3424614445167,28.0,31.43757533703502,128.0,131.09022412256357,168.0,173.21625257652354,185.0,214.087287049736
3011,2016-12-24 22:00:00,Huairou,station_target_delta_ridge,2000.0,2204.621602042858,2.0,4.248096683315618,8.0,6.989821206688556,80.0,82.55385196571726,138.0,125.90945574851594,144.0,136.31770536836999
3012,2016-12-25 00:00:00,Aotizhongxin,station_target_delta_ridge,4000.0,3751.8625828649897,3.0,6.975773442186723,42.0,42.55314562122007,131.0,122.84391403977345,192.0,183.98246345501644,216.0,219.85629648522377
3013,2016-12-25 01:00:00,Shunyi,station_target_delta_ridge,3600.0,3871.086944166178,5.0,7.676135777832942,19.0,21.898299127563245,83.0,85.69280005349911,152.0,167.73865444477792,152.0,167.8011467719324
3014,2016-12-25 03:00:00,Dongsi,station_target_delta_ridge,2500.0,3764.5202468181064,2.0,2.232045678434076,35.0,38.17666349526475,94.0,97.99998632873073,168.0,175.2759976978125,209.0,220.7898352595511
3015,2016-12-25 04:00:00,Wanshouxigong,station_target_delta_ridge,3100.0,3223.9304128997205,3.0,0.1822599036716479,25.0,26.28465701432076,98.0,105.86432258314848,153.0,156.5560529899337,163.0,163.3350560315962
3016,2016-12-25 06:00:00,Shunyi,station_target_delta_ridge,2400.0,2321.038900056487,3.0,6.423888418098615,13.0,13.752471222579995,66.0,68.63205755421312,89.0,95.51072205531237,89.0,95.23946431662606
3017,2016-12-25 08:00:00,Dongsi,station_target_delta_ridge,2300.0,2303.0855856136873,2.0,3.1878153981266566,25.0,24.915245534867402,77.0,76.16340285308029,114.0,111.5579918699388,133.0,128.06803042330205
3018,2016-12-25 09:00:00,Wanliu,station_target_delta_ridge,2700.0,3584.259242642306,3.0,-1.2487229172845478,27.0,26.705804829050475,104.0,111.67198186380413,129.0,152.7112442782034,129.0,165.23352945739273
3019,2016-12-25 11:00:00,Guanyuan,station_target_delta_ridge,2300.0,2613.773520933714,17.0,16.563247076523528,37.0,39.945233010392464,92.0,94.87805040381666,126.0,134.15700526314345,131.0,140.31494258673342
3020,2016-12-25 12:00:00,Wanshouxigong,station_target_delta_ridge,2500.0,2555.3585791023415,2.0,3.1403448899936737,41.0,41.994246484692226,95.0,99.83167479516125,131.0,137.00749615747847,131.0,139.5842336888756
3021,2016-12-25 14:00:00,Gucheng,station_target_delta_ridge,2200.0,2564.0166009384066,7.0,9.742384016616468,36.0,32.72524701551517,95.0,100.76356858142134,128.0,132.92142509704843,129.0,154.10392856963497
3022,2016-12-25 15:00:00,Wanshouxigong,station_target_delta_ridge,2300.0,2553.0773955160703,3.0,3.354201785084384,41.0,41.879971669202575,100.0,105.57751887822859,137.0,143.8861256312504,138.0,160.78970263289665
3023,2016-12-25 17:00:00,Huairou,station_target_delta_ridge,1800.0,1765.3314904039257,2.0,3.0434177075969266,23.0,27.358748144432226,89.0,89.63567727917054,131.0,133.62639968313027,158.0,152.0022685926524
3024,2016-12-25 19:00:00,Aotizhongxin,station_target_delta_ridge,2900.0,2814.681063312258,2.0,4.002252938116503,31.0,33.11253711721928,113.0,117.5524758142782,152.0,149.60541203662058,167.0,189.42838563685933
3025,2016-12-25 20:00:00,Huairou,station_target_delta_ridge,2400.0,3209.1386479832695,2.0,4.749400626437657,25.0,22.946422656293763,89.0,93.96174846508794,155.0,173.47877505369448,180.0,182.7556717819254
3026,2016-12-25 22:00:00,Changping,station_target_delta_ridge,4300.0,2705.6599910780665,3.0,3.034217620717824,31.0,23.014789367986847,107.0,98.58174665819928,222.0,160.40640136130932,226.0,158.3776736058488
3027,2016-12-25 23:00:00,Nongzhanguan,station_target_delta_ridge,2800.0,3351.5481702402444,3.0,6.198151678368952,45.0,49.47740957382322,95.0,107.88844810521981,165.0,187.85054591873563,180.0,209.72571619988943
3028,2016-12-26 01:00:00,Changping,station_target_delta_ridge,3700.0,4733.526981272277,2.0,4.4549168537185775,48.0,41.607636017043525,112.0,105.91875198950922,184.0,211.80687247081843,198.0,214.24202947865524
3029,2016-12-26 02:00:00,Nongzhanguan,station_target_delta_ridge,2500.0,2586.3306430067128,3.0,2.0594716589727384,48.0,40.64303295597565,91.0,74.67675897621498,148.0,140.4310724465701,148.0,131.56132505679003
3030,2016-12-26 04:00:00,Dingling,station_target_delta_ridge,500.0,608.1579988827352,43.0,31.61204537059399,9.0,12.861833231125155,21.0,32.4426637412183,27.0,27.82607918821676,27.0,53.77141303354244
3031,2016-12-26 05:00:00,Shunyi,station_target_delta_ridge,2000.0,1271.684089722476,6.0,17.050755504147446,30.0,26.057102124952973,64.0,44.99885337677006,115.0,90.66460550721541,115.0,81.68514471482062
3032,2016-12-26 07:00:00,Dingling,station_target_delta_ridge,500.0,489.45292005932885,43.0,38.349449382506755,9.0,9.473709061971535,17.0,18.475484668369866,24.0,10.963859440869767,24.0,25.670545137255072
3033,2016-12-26 08:00:00,Tiantan,station_target_delta_ridge,700.0,761.5730256166668,21.0,18.675914253809694,15.0,16.471379052282565,52.0,54.05397466541931,21.0,20.04929629209863,34.0,29.579726043970044
3034,2016-12-26 10:00:00,Dongsi,station_target_delta_ridge,800.0,839.325602313666,25.0,25.620143072483245,12.0,13.305439046060314,48.0,48.83935130502103,29.0,23.80943910351727,30.0,41.10197881410383
3035,2016-12-26 11:00:00,Tiantan,station_target_delta_ridge,700.0,733.3615418794337,32.0,35.881008482439526,11.0,13.220840051305194,53.0,50.76517302254954,12.0,17.28593465946331,15.0,19.71422944319624
3036,2016-12-26 13:00:00,Nongzhanguan,station_target_delta_ridge,300.0,266.02569292167533,58.0,55.332435816771095,7.0,5.923081313491833,24.0,24.037466583361436,11.0,11.354261900256741,14.0,11.443538640727056
3037,2016-12-26 15:00:00,Dongsi,station_target_delta_ridge,400.0,322.61254670534163,52.0,55.85231006221199,5.0,4.984367085825216,25.0,23.29869814211882,17.0,17.993341606364986,29.0,29.12339508697687
3038,2016-12-26 16:00:00,Wanshouxigong,station_target_delta_ridge,300.0,390.0,50.0,52.4,5.0,5.6,27.0,27.3,16.0,11.6,23.0,20.8
3039,2016-12-26 18:00:00,Shunyi,station_target_delta_ridge,500.0,467.07954414865196,66.0,60.00157231551557,5.0,2.2513433926180837,22.0,26.129914236599255,11.0,-0.781304857089749,15.0,9.682005081665933
3040,2016-12-26 20:00:00,Gucheng,station_target_delta_ridge,1300.0,997.695428387846,5.0,11.55696681200318,14.0,10.251786461990736,84.0,69.65145214206613,24.0,22.085105825567872,37.0,47.06113311792626
3041,2016-12-26 21:00:00,Wanshouxigong,station_target_delta_ridge,600.0,640.3712443546121,6.0,16.148183596405172,3.0,5.630921687822731,75.0,60.56876152178434,16.0,11.804540066657452,20.0,29.24670841179927
3042,2016-12-26 23:00:00,Gucheng,station_target_delta_ridge,800.0,932.2262432272807,6.0,13.582532619000169,7.0,7.990752733957937,75.0,74.91835679181457,18.0,18.16987430030097,22.0,32.3274211757736
3043,2016-12-27 01:00:00,Aotizhongxin,station_target_delta_ridge,600.0,684.857356052763,29.0,14.846200304381165,9.0,8.990263008672622,46.0,59.00739159191991,16.0,13.911112598279411,23.0,13.68218580700194
3044,2016-12-27 02:00:00,Huairou,station_target_delta_ridge,700.0,556.5120334972115,45.0,41.16927038046746,3.0,3.3669985763390917,22.0,22.615587012581237,15.0,15.240000764673022,15.0,14.884796230067625
3045,2016-12-27 04:00:00,Aotizhongxin,station_target_delta_ridge,500.0,693.1348941808204,34.0,31.365614041938336,7.0,7.861346436130072,39.0,39.21394704623026,14.0,16.95985309998278,14.0,20.08386914269318
3046,2016-12-27 05:00:00,Nongzhanguan,station_target_delta_ridge,700.0,809.8078813156712,28.0,28.109493543190787,8.0,7.408476989746978,47.0,47.71635978942237,11.0,14.875675597583935,13.0,10.56447512971737
3047,2016-12-27 07:00:00,Dingling,station_target_delta_ridge,500.0,333.2157089662484,38.0,43.995795974038465,6.0,6.665898717862827,24.0,17.394056633815968,18.0,16.49758169834481,19.0,19.029896247302702
3048,2016-12-27 08:00:00,Tiantan,station_target_delta_ridge,1000.0,983.377245776971,8.0,5.332545587560123,12.0,10.567446728797172,68.0,70.04328240369138,26.0,14.178797726103417,60.0,46.895933751472555
3049,2016-12-27 10:00:00,Dongsi,station_target_delta_ridge,500.0,605.4558594154004,40.0,38.3548177205936,8.0,6.41213002460903,24.0,22.198989846030894,14.0,18.5826426676564,43.0,44.951711978092426
3050,2016-12-27 11:00:00,Wanshouxigong,station_target_delta_ridge,400.0,190.76526519474797,45.0,42.46435233683758,4.0,4.241989553403328,22.0,21.70157815966067,13.0,13.923411604513896,24.0,21.346877091106204
3051,2016-12-27 13:00:00,Nongzhanguan,station_target_delta_ridge,400.0,515.5399430350217,58.0,56.64734822604035,6.0,5.514023089646495,14.0,15.048664226271553,19.0,36.61943317272424,19.0,32.001934503997056
3052,2016-12-27 15:00:00,Changping,station_target_delta_ridge,300.0,377.42036364868096,48.0,-36.21475677878321,6.0,6.567530934538485,14.0,18.108968804384244,18.0,20.487160330745684,31.0,46.22170263083217
3053,2016-12-27 16:00:00,Tiantan,station_target_delta_ridge,400.0,482.07256370536953,54.0,46.91477014049628,6.0,4.23770550225466,25.0,26.739504273422767,15.0,10.496702797619907,37.0,43.677091250881595
3054,2016-12-27 18:00:00,Guanyuan,station_target_delta_ridge,1100.0,1017.1714862689427,30.0,20.200212458951704,8.0,8.30923026213236,61.0,63.0498837583174,65.0,57.92908095473522,113.0,74.3796201382884
3055,2016-12-27 19:00:00,Wanshouxigong,station_target_delta_ridge,1200.0,1138.9080309443716,12.0,12.725363016612476,19.0,13.78248494307959,78.0,79.77066973370738,115.0,102.28033529456897,152.0,152.11769890031746
3056,2016-12-27 21:00:00,Gucheng,station_target_delta_ridge,1700.0,1580.2249287470756,10.0,15.58690896821508,15.0,15.930035377259262,73.0,65.84595784226406,143.0,133.0490048552559,167.0,153.10424210177936
3057,2016-12-27 23:00:00,Aotizhongxin,station_target_delta_ridge,1400.0,1347.0147210175385,29.0,26.14749371486446,6.0,8.006448800574539,51.0,54.41804121995031,125.0,118.36031224225569,125.0,149.68977229202596
3058,2016-12-28 00:00:00,Huairou,station_target_delta_ridge,1900.0,1009.617590075508,2.0,21.21242637978847,6.0,2.761105590787756,55.0,27.855029609325054,49.0,48.684747053244905,65.0,63.02764167351697
3059,2016-12-28 02:00:00,Aotizhongxin,station_target_delta_ridge,1500.0,1749.3222533831427,9.0,5.721184671978916,7.0,9.075601831431289,62.0,68.7758516481846,140.0,146.1072563063638,140.0,152.73800475574728
3060,2016-12-28 03:00:00,Nongzhanguan,station_target_delta_ridge,1900.0,1859.728207459197,3.0,3.622258994331882,17.0,17.468644844377607,69.0,68.96089990514751,173.0,169.64478022004442,173.0,172.2039364892805
3061,2016-12-28 05:00:00,Dingling,station_target_delta_ridge,1100.0,1111.6945540690103,16.0,41.36610960342239,4.0,3.403181673320719,37.0,35.193340184494275,89.0,85.91734687706358,89.0,86.93715561207298
3062,2016-12-28 06:00:00,Shunyi,station_target_delta_ridge,3100.0,2934.8305958708625,4.0,2.4768406381257,15.0,13.615428418117359,81.0,75.09190384167124,146.0,153.15567651298582,146.0,152.4791619197529
3063,2016-12-28 08:00:00,Dongsi,station_target_delta_ridge,2800.0,2083.3470588110677,2.0,-0.7072883991660888,18.0,10.463902563632207,77.0,72.17032750611905,146.0,141.19757671520352,172.0,165.81811846785203
3064,2016-12-28 09:00:00,Tiantan,station_target_delta_ridge,1700.0,1397.720808742911,4.0,5.59666808501753,12.0,14.161664461723516,77.0,55.3971222449386,92.0,83.92379416391663,92.0,102.46558573575572
3065,2016-12-28 11:00:00,Dongsi,station_target_delta_ridge,500.0,890.309244558988,50.0,39.50722706574109,9.0,9.22917274134551,19.0,23.959235075497087,12.0,7.470883915625453,61.0,56.41154869388902
3066,2016-12-28 13:00:00,Gucheng,station_target_delta_ridge,400.0,315.83709220424373,47.0,59.84809160213798,4.0,4.178161960257496,17.0,11.99551236935141,6.0,1.1608068061707124,21.0,4.065652912446273
3067,2016-12-28 15:00:00,Nongzhanguan,station_target_delta_ridge,300.0,290.0,58.0,55.5,8.0,5.1,20.0,12.0,14.0,8.9,49.0,31.3
3068,2016-12-28 17:00:00,Wanliu,station_target_delta_ridge,400.0,411.20470391074,58.0,47.52508601264128,6.0,8.38830144665483,22.0,24.96740066893069,8.0,15.276849594843693,18.0,29.070524254201626
3069,2016-12-28 21:00:00,Changping,station_target_delta_ridge,400.0,576.2208376457181,47.0,40.889641687044126,5.0,6.9042631252924735,17.0,21.972434673985305,11.0,15.203061714848232,17.0,13.885296524280811
3070,2016-12-28 23:00:00,Guanyuan,station_target_delta_ridge,100.0,-207.840038333125,46.0,42.66772421512464,8.0,7.810659058016002,44.0,45.51968694985418,15.0,1.7422869235014211,15.0,0.7808419087723628
3071,2016-12-29 01:00:00,Aotizhongxin,station_target_delta_ridge,400.0,326.86729727880794,24.0,28.069059374524773,10.0,8.90008295000466,45.0,38.20060528606239,13.0,10.8592622499321,25.0,14.129008091338074
3072,2016-12-29 02:00:00,Nongzhanguan,station_target_delta_ridge,1000.0,779.4465343230687,23.0,23.020186439434628,10.0,9.467328002468122,49.0,47.56127246379795,10.0,35.845672496238606,21.0,33.83475206917215
3073,2016-12-29 04:00:00,Dingling,station_target_delta_ridge,300.0,515.9015962692412,55.0,50.61434938855062,7.0,7.721704998291642,10.0,13.686319447104408,12.0,9.961886286903317,23.0,22.85561829311921
3074,2016-12-29 05:00:00,Shunyi,station_target_delta_ridge,300.0,912.3994903733607,22.0,22.001009211520305,2.0,8.685625465286687,22.0,49.40591569527361,11.0,12.728576913579719,20.0,13.438477112507492
3075,2016-12-29 07:00:00,Dingling,station_target_delta_ridge,400.0,395.43303026803807,47.0,46.39730510822726,7.0,7.228357062295417,16.0,16.415045412996914,11.0,8.73428062754165,17.0,21.779117282677195
3076,2016-12-29 08:00:00,Shunyi,station_target_delta_ridge,300.0,383.68787250007523,23.0,22.602977794519365,3.0,1.9957676089450818,20.0,28.02917614681236,12.0,12.885903746474433,20.0,23.259531909322188
3077,2016-12-29 10:00:00,Dongsi,station_target_delta_ridge,500.0,667.0915792623158,38.0,34.017189558527804,6.0,5.607358915768571,26.0,33.07193778362766,32.0,20.196414348232903,32.0,24.215546897686217
3078,2016-12-29 11:00:00,Wanliu,station_target_delta_ridge,1000.0,1078.1482993469479,25.0,20.792383813047582,13.0,15.252583707727602,54.0,58.81736176716874,18.0,22.612325717559884,40.0,26.466100222633518
3079,2016-12-29 13:00:00,Huairou,station_target_delta_ridge,400.0,412.66485997414503,59.0,64.1054536510339,4.0,2.531528482970414,16.0,15.220078147053968,13.0,12.681828154538255,13.0,10.988989349497011
3080,2016-12-29 15:00:00,Gucheng,station_target_delta_ridge,1000.0,1158.1519645724172,38.0,40.438929502763195,15.0,11.556915843771161,42.0,43.205450522446505,59.0,58.89321928068555,95.0,87.16058099862246
3081,2016-12-29 17:00:00,Guanyuan,station_target_delta_ridge,900.0,963.2893315550417,25.0,25.4195263218056,18.0,24.54267357519335,50.0,54.71792870763755,63.0,61.99092562190104,75.0,72.97641899097482
3082,2016-12-29 19:00:00,Dongsi,station_target_delta_ridge,2400.0,2338.487911480559,25.0,25.88481647145254,15.0,3.12800374001948,53.0,56.200724787826715,61.0,27.364447178480166,157.0,17.825373183703277
3083,2016-12-29 21:00:00,Changping,station_target_delta_ridge,1700.0,1963.6363636363637,5.0,3.727272727272727,11.0,17.454545454545453,68.0,84.27272727272727,68.0,149.8181818181818,86.0,202.54545454545453
3084,2016-12-29 22:00:00,Nongzhanguan,station_target_delta_ridge,3200.0,2792.1260667839024,5.0,-0.8511459140442543,22.0,23.916078240628742,106.0,106.87850341914753,272.0,259.85764784547257,372.0,343.160515970704
3085,2016-12-30 00:00:00,Dongsi,station_target_delta_ridge,5100.0,4681.458254488531,2.0,-1.1364382572017857,29.0,24.66865375004556,102.0,101.06973107263394,432.0,410.0391545512289,530.0,566.6893272802888
3086,2016-12-30 01:00:00,Tiantan,station_target_delta_ridge,1800.0,2158.0256677705456,2.0,5.403844312182713,5.0,5.599899008898442,50.0,60.8289921716077,287.0,352.60327800010435,371.0,406.2814434637494
3087,2016-12-30 03:00:00,Guanyuan,station_target_delta_ridge,2600.0,2923.0910825069186,2.0,0.326914291102391,29.0,25.24518842674702,83.0,96.33942506027795,263.0,319.5436337597828,263.0,357.75834452148746
3088,2016-12-30 05:00:00,Guanyuan,station_target_delta_ridge,3600.0,2677.7415595152193,2.0,22.084107687634074,38.0,31.28680609009582,88.0,75.04957296331749,130.0,127.99645797497546,146.0,147.19457213008644
3089,2016-12-30 07:00:00,Aotizhongxin,station_target_delta_ridge,3300.0,4039.693412137921,2.0,5.968759840429268,22.0,19.53550430087305,79.0,93.92162188357013,111.0,158.64195421828936,120.0,197.60750219066225
3090,2016-12-30 08:00:00,Shunyi,station_target_delta_ridge,1900.0,2016.8924489706196,2.0,5.223176551713552,12.0,5.077321758464508,59.0,84.47553634320373,45.0,82.70464232686557,60.0,82.60337167341982
3091,2016-12-30 10:00:00,Dongsi,station_target_delta_ridge,3600.0,4840.6401987165755,5.0,3.1275775890007753,24.0,24.2155660522191,79.0,87.49581848434111,153.0,206.47018077912048,156.0,261.2419502189611
3092,2016-12-30 12:00:00,Aotizhongxin,station_target_delta_ridge,1800.0,2002.0356429544056,14.0,13.512695885212112,23.0,19.66713285793287,72.0,70.2459855422094,92.0,88.74288199183762,105.0,133.0708434246604
3093,2016-12-30 13:00:00,Huairou,station_target_delta_ridge,1200.0,1199.74148055385,25.0,26.25079083545325,13.0,14.851522175185213,51.0,50.545261172022286,72.0,82.2665472178197,95.0,114.52067141648786
3094,2016-12-30 15:00:00,Dingling,station_target_delta_ridge,2800.0,3098.448270506572,9.0,8.162071752138939,48.0,43.25304866531723,108.0,109.9738147517495,140.0,151.81781619098288,160.0,168.799971118553
3095,2016-12-30 16:00:00,Wanliu,station_target_delta_ridge,3400.0,2882.4153528157813,7.0,6.294940546794538,23.0,24.18181262396554,155.0,138.67331807514964,172.0,199.09120081089668,244.0,212.0186458950465
3096,2016-12-30 18:00:00,Gucheng,station_target_delta_ridge,3700.0,4123.186737110289,2.0,4.035701897729483,16.0,17.24738214920068,141.0,159.77247630249187,352.0,316.27016929037273,434.0,418.14355496696965
3097,2016-12-30 20:00:00,Aotizhongxin,station_target_delta_ridge,3600.0,3792.61301303959,2.0,0.2516637004959579,14.0,16.467760143500954,133.0,139.4261474293362,346.0,345.3452949250087,368.0,379.321906215954
3098,2016-12-30 21:00:00,Huairou,station_target_delta_ridge,2700.0,3732.3777175812597,2.0,6.2148294564931055,13.0,12.444593694759591,90.0,97.10015715138819,166.0,200.266981453176,207.0,233.77836751364347
3099,2016-12-30 23:00:00,Aotizhongxin,station_target_delta_ridge,4700.0,4304.618288368694,2.0,3.6289609797766786,16.0,16.094327860290466,137.0,129.76153764359833,311.0,279.5639436022655,338.0,317.8022438060044
3100,2016-12-31 00:00:00,Nongzhanguan,station_target_delta_ridge,3400.0,3772.9715444332896,7.0,7.086624813955213,19.0,18.48612779892076,98.0,102.57280393815971,313.0,321.80176719834526,356.0,364.75700838563426
3101,2016-12-31 02:00:00,Changping,station_target_delta_ridge,2600.0,3259.527637773239,2.0,2.990728078046199,21.0,25.341165439890627,87.0,91.08161558697346,112.0,136.86577833579727,126.0,149.72080242496259
3102,2016-12-31 03:00:00,Nongzhanguan,station_target_delta_ridge,7300.0,6581.4180963119925,15.0,16.15532047710775,28.0,25.526630281577997,124.0,120.79367577826119,404.0,383.01869096517424,459.0,437.9734266638395
3103,2016-12-31 05:00:00,Changping,station_target_delta_ridge,3000.0,3052.3331568514695,2.0,3.141746110435905,15.0,12.779276233482385,89.0,98.69432033168088,116.0,132.78968826725873,129.0,141.44049034896426
3104,2016-12-31 06:00:00,Shunyi,station_target_delta_ridge,3200.0,3295.3512784838044,2.0,6.7569396256310466,19.0,15.777214327403662,80.0,80.78491501454805,144.0,187.88076238561123,145.0,188.56694557356718
3105,2016-12-31 08:00:00,Dingling,station_target_delta_ridge,3500.0,2600.442190524233,3.0,1.7066394529694895,16.0,9.608070320060895,94.0,83.56685171933063,167.0,139.0985606384072,185.0,161.13523427726784
3106,2016-12-31 09:00:00,Shunyi,station_target_delta_ridge,3200.0,3179.690042331122,3.0,6.6324906310077125,23.0,19.92685772639785,71.0,71.6129289254795,117.0,148.38150100401597,127.0,167.5964763324484
3107,2016-12-31 11:00:00,Dongsi,station_target_delta_ridge,4600.0,4878.132935257054,4.0,3.7750562439554196,27.0,27.26956539422532,96.0,112.17839771726238,231.0,223.56091819031468,240.0,283.61514508357067
3108,2016-12-31 12:00:00,Tiantan,station_target_delta_ridge,4200.0,4526.886965427982,4.0,7.351458955811799,16.0,15.519774478303752,149.0,140.52467327680066,267.0,264.1065508427392,326.0,306.7348935105413
3109,2016-12-31 14:00:00,Dongsi,station_target_delta_ridge,6200.0,4895.12082892029,6.0,8.404599895952124,24.0,26.980265452057832,159.0,133.47640000837583,334.0,273.9439523162474,535.0,357.2657868083325
3110,2016-12-31 15:00:00,Wanliu,station_target_delta_ridge,4600.0,5458.056516883263,9.0,7.79084737420389,35.0,45.20444096762386,202.0,208.5440744881091,345.0,330.6731927565991,368.0,397.2684725211615
3111,2016-12-31 17:00:00,Guanyuan,station_target_delta_ridge,4100.0,4646.661648387087,2.0,2.822860309979438,26.0,25.44407330698926,185.0,198.81331957935623,356.0,432.35163691843485,401.0,448.21343562948493
3112,2016-12-31 18:00:00,Wanliu,station_target_delta_ridge,4800.0,4355.721663743694,4.0,2.711123321830745,17.0,18.6906700745502,196.0,191.9098537086031,384.0,377.8916248265636,433.0,403.166276239921
3113,2016-12-31 20:00:00,Guanyuan,station_target_delta_ridge,4500.0,4416.642881565617,2.0,2.706229382700169,19.0,20.432899834655263,150.0,153.7945799237813,443.0,432.4723374448764,518.0,508.0643680832573
3114,2016-12-31 21:00:00,Wanshouxigong,station_target_delta_ridge,4400.0,4783.199109001889,5.0,3.832385546649514,12.0,11.951783417305407,141.0,140.94562114536194,463.0,474.33956012562925,498.0,558.8310336441533
3115,2016-12-31 23:00:00,Gucheng,station_target_delta_ridge,6600.0,6484.217003192417,4.0,-4.219303411655723,9.0,10.41823776782376,111.0,113.30991243348471,513.0,515.6608638253877,601.0,562.6937201574965
3116,2017-01-01 00:00:00,Wanshouxigong,station_target_delta_ridge,5200.0,5579.434152056615,6.0,5.547828210325037,7.0,5.346922461760103,112.0,102.55333100950222,417.0,454.1206313591141,460.0,486.30669540838016
3117,2017-01-01 02:00:00,Huairou,station_target_delta_ridge,3100.0,4699.085708429247,2.0,5.5862221724138035,4.0,4.014382677675367,69.0,83.04686648664261,226.0,290.3077442656372,280.0,354.4181259528579
3118,2017-01-01 04:00:00,Aotizhongxin,station_target_delta_ridge,7700.0,6244.035793309551,16.0,6.763848844451723,10.0,7.529782769178161,123.0,108.13704294493877,438.0,402.11164592554974,468.0,442.61241136702233
3119,2017-01-01 05:00:00,Huairou,station_target_delta_ridge,7800.0,5502.00642113663,2.0,25.20127109444336,3.0,1.9727888884051068,2.0,90.38449009318568,520.0,339.2120286968796,701.0,350.2253788606282
3120,2017-01-01 07:00:00,Changping,station_target_delta_ridge,7900.0,7797.36667606554,6.0,9.866259178469852,3.0,-0.12239254225202423,118.0,114.76579172795996,479.0,450.8303388310868,491.0,534.4069383011216
3121,2017-01-01 08:00:00,Nongzhanguan,station_target_delta_ridge,6500.0,6271.212760890374,10.0,9.600355703275483,7.0,4.15009306182386,103.0,99.37009524298227,393.0,393.11419978459907,495.0,473.7467109338219
3122,2017-01-01 10:00:00,Changping,station_target_delta_ridge,8600.0,8466.98824251076,7.0,17.483397740219786,7.0,1.4148291034891125,132.0,128.65552686804907,494.0,486.4282072049864,562.0,491.6931954293572
3123,2017-01-01 11:00:00,Nongzhanguan,station_target_delta_ridge,6100.0,6453.845556297807,10.0,7.5334617224963685,9.0,7.052337911050595,128.0,133.28028700798808,456.0,448.5301376173018,456.0,538.5053698642799
3124,2017-01-01 13:00:00,Dingling,station_target_delta_ridge,6400.0,6614.4898452352745,16.0,17.815713545078044,29.0,23.649919774316412,190.0,177.05171243172558,536.0,513.4437619978353,536.0,554.4596277052711
3125,2017-01-01 14:00:00,Shunyi,station_target_delta_ridge,6100.0,6509.141725688814,15.0,16.358641104471914,20.0,10.921004934338164,165.0,165.0100174528387,503.0,536.2308489332335,503.0,535.4632162733577
3126,2017-01-01 16:00:00,Dingling,station_target_delta_ridge,4000.0,3408.0730603011157,22.0,19.62155476472624,28.0,26.56719275946734,153.0,142.7330491187437,286.0,304.67116493352586,317.0,297.6664403513863
3127,2017-01-01 17:00:00,Tiantan,station_target_delta_ridge,6800.0,6615.9992375685615,2.0,6.655331192723541,6.0,9.936302778053825,182.0,181.98772760100144,479.0,483.96537226672314,576.0,555.9066290478399
3128,2017-01-01 19:00:00,Dongsi,station_target_delta_ridge,8700.0,9268.14740017662,2.0,-1.9394325872948257,7.0,4.397033355088971,154.0,154.1225322792952,514.0,507.1379537779898,605.0,605.5745751361459
3129,2017-01-01 20:00:00,Tiantan,station_target_delta_ridge,6400.0,6508.111769485294,2.0,6.343979284528812,5.0,10.612105822133739,145.0,148.57505146720646,399.0,434.52878554164363,497.0,528.346779719527
3130,2017-01-01 22:00:00,Guanyuan,station_target_delta_ridge,6900.0,6737.227077117971,2.0,1.8081343599032031,7.0,7.658830120501635,158.0,158.76568941217124,476.0,462.27989246446066,548.0,522.7717952644077
3131,2017-01-01 23:00:00,Wanliu,station_target_delta_ridge,8600.0,7777.123777512532,7.0,7.118675274171057,8.0,6.2354265818537,186.0,187.1422133345955,459.0,470.840075344059,529.0,523.1180868710919
3132,2017-01-02 01:00:00,Guanyuan,station_target_delta_ridge,7500.0,7636.216660985507,2.0,1.8926224111470455,9.0,10.407546594212807,164.0,167.48494151046435,480.0,488.5384970485067,541.0,541.2799528833767
3133,2017-01-02 03:00:00,Aotizhongxin,station_target_delta_ridge,6500.0,7094.3044189262355,3.0,6.147621057123807,9.0,11.829341186315514,141.0,146.0589496643762,429.0,403.9734906012123,429.0,444.8544163409426
3134,2017-01-02 04:00:00,Shunyi,station_target_delta_ridge,6800.0,5994.868964077727,3.0,5.915417860022965,10.0,5.229022436831316,134.0,112.96186741020361,397.0,359.3760885333362,399.0,341.18552303952947
3135,2017-01-02 06:00:00,Dingling,station_target_delta_ridge,400.0,329.40152519549827,69.0,56.88428708469294,6.0,11.082302002873854,9.0,18.557844176922693,12.0,15.456770319135511,12.0,30.873146352172824
3136,2017-01-02 07:00:00,Shunyi,station_target_delta_ridge,4600.0,4395.120400389796,2.0,7.27954511604376,12.0,9.73509346446743,101.0,83.28967102897317,226.0,151.48105117922455,226.0,169.1833648839454
3137,2017-01-02 09:00:00,Dongsi,station_target_delta_ridge,2500.0,2983.279431546231,21.0,22.059787748725412,14.0,12.06427714369513,49.0,49.653793954246275,24.0,24.989992832193902,24.0,35.09162540704351
3138,2017-01-02 10:00:00,Tiantan,station_target_delta_ridge,5200.0,1644.8434845615916,7.0,19.174252078804322,11.0,6.4165306239654285,118.0,69.7206034937417,161.0,99.43329999216621,319.0,86.76103671107259
3139,2017-01-02 12:00:00,Dongsi,station_target_delta_ridge,6700.0,2642.029085250782,19.0,42.40806275277159,14.0,11.637861016773945,122.0,65.19519778159412,288.0,56.65380058055465,333.0,97.50617878470112
3140,2017-01-02 13:00:00,Wanliu,station_target_delta_ridge,3000.0,3497.778416857549,53.0,27.536577011289246,22.0,25.270179753339725,102.0,112.13812003204106,188.0,169.16336326760936,188.0,203.92662522185344
3141,2017-01-02 15:00:00,Guanyuan,station_target_delta_ridge,4200.0,4192.757840874896,2.0,8.630878898793426,21.0,20.40225459399115,119.0,132.4234003195794,263.0,279.23682161828214,263.0,275.02701287873253
3142,2017-01-02 16:00:00,Wanliu,station_target_delta_ridge,3800.0,4101.778394804764,46.0,42.337389863304864,27.0,29.083902414769142,127.0,127.9735419331324,239.0,259.2785789112611,239.0,257.68266106778617
3143,2017-01-02 18:00:00,Guanyuan,station_target_delta_ridge,2600.0,2870.9372365833165,2.0,-9.34662900986319,14.0,17.32670598812623,96.0,117.25507410294861,171.0,180.1735540288056,171.0,180.98183701630867
3144,2017-01-02 19:00:00,Wanshouxigong,station_target_delta_ridge,2900.0,3061.2953293862547,21.0,16.765078858216256,10.0,10.54577574100274,115.0,124.6980900483251,195.0,193.21642717021172,195.0,180.79957124466674
3145,2017-01-02 21:00:00,Gucheng,station_target_delta_ridge,3400.0,3110.073129312345,3.0,12.640386197993774,13.0,14.680267020763287,126.0,92.51830754361998,193.0,169.12545118149987,194.0,172.19892959466026
3146,2017-01-02 22:00:00,Wanshouxigong,station_target_delta_ridge,3800.0,3565.501859492615,7.0,4.61940937809888,7.0,10.359522898067038,133.0,128.1874606356708,275.0,222.23698718263634,275.0,232.133540840381
3147,2017-01-03 00:00:00,Huairou,station_target_delta_ridge,3200.0,3973.815732680695,8.0,10.506432846198416,7.0,5.539818683566539,84.0,90.98811721158883,179.0,194.5974405497726,179.0,179.67103818502753
3148,2017-01-03 02:00:00,Aotizhongxin,station_target_delta_ridge,6400.0,7042.593091229281,5.0,8.023771740833093,17.0,29.718007756894906,155.0,160.47169042088004,293.0,287.73940038001604,293.0,308.80257875973393
3149,2017-01-03 03:00:00,Huairou,station_target_delta_ridge,2300.0,2262.253548977651,16.0,16.249149043296768,3.0,1.288926145969969,47.0,48.28554460489008,153.0,148.54010612816901,153.0,136.44882565100852
3150,2017-01-03 05:00:00,Aotizhongxin,station_target_delta_ridge,6000.0,6194.50172618883,4.0,36.696178551317445,13.0,15.410930688893792,149.0,141.81967327542375,305.0,280.80247409504176,305.0,294.4936130241011
3151,2017-01-03 06:00:00,Nongzhanguan,station_target_delta_ridge,7600.0,6953.026048303325,12.0,6.228598311920851,13.0,9.099460756091172,142.0,139.74168658392134,361.0,351.33324098371315,361.0,367.52849208113116
3152,2017-01-03 08:00:00,Changping,station_target_delta_ridge,4100.0,3780.5320309364724,4.0,5.926100372323658,3.0,4.444233444741,75.0,78.02646598229757,156.0,136.36156852826,163.0,137.11102525533698
3153,2017-01-03 09:00:00,Nongzhanguan,station_target_delta_ridge,6800.0,6440.805825870684,51.0,10.682365633119577,14.0,13.238966545775352,134.0,128.4694576467592,325.0,300.47166404164204,331.0,316.47016967697016
3154,2017-01-03 11:00:00,Dingling,station_target_delta_ridge,2800.0,2472.1997008088033,27.0,15.843298581731792,28.0,27.52937990177221,75.0,71.92356491651543,168.0,169.26312807236513,170.0,146.8259552681697
3155,2017-01-03 12:00:00,Shunyi,station_target_delta_ridge,3100.0,3401.156159975119,28.0,24.57168011347285,39.0,40.07771134986114,92.0,83.44922506400898,144.0,145.9048163889047,144.0,152.57945877849613
3156,2017-01-03 14:00:00,Dingling,station_target_delta_ridge,3900.0,4495.702821916836,25.0,24.642409824891907,36.0,39.81983626924465,130.0,133.28151697700142,221.0,245.34063061761606,221.0,254.21664779195646
3157,2017-01-03 15:00:00,Tiantan,station_target_delta_ridge,5500.0,5611.802800511858,15.0,11.492669492798552,23.0,25.800526273807975,204.0,198.93291137122944,332.0,306.7157033437028,461.0,327.5333944133102
3158,2017-01-03 17:00:00,Gucheng,station_target_delta_ridge,7900.0,6828.477227068707,7.0,9.671665047839404,27.0,30.45359874227234,220.0,184.95789069899536,501.0,393.7722493962086,600.0,438.83319546713153
3159,2017-01-03 19:00:00,Changping,station_target_delta_ridge,3600.0,4196.749272878715,5.0,9.38274482672108,23.0,14.990340647205434,131.0,134.83300706682337,192.0,221.65131695671263,192.0,246.72609463822457
3160,2017-01-03 20:00:00,Tiantan,station_target_delta_ridge,7500.0,7372.174690037858,2.0,5.562804738522603,2.0,2.235205629119431,178.0,177.6623708368225,486.0,471.258866494607,583.0,572.2819572706995
3161,2017-01-03 22:00:00,Nongzhanguan,station_target_delta_ridge,8900.0,9023.741179487295,12.0,11.98658899537024,12.0,10.802650893383674,162.0,163.52478866385295,537.0,516.8822439729603,634.0,606.2388655250627
3162,2017-01-04 00:00:00,Shunyi,station_target_delta_ridge,8700.0,8413.908460589952,4.0,9.016048806362603,18.0,9.598231882020709,188.0,169.33751672498875,472.0,431.4530825673736,530.0,523.65849955207
3163,2017-01-04 03:00:00,Changping,station_target_delta_ridge,7300.0,8283.785900371187,4.0,7.45341991799269,7.0,5.822103873678118,135.0,114.52954514490897,293.0,331.6713982214536,293.0,287.2928974137459
3164,2017-01-04 07:00:00,Aotizhongxin,station_target_delta_ridge,7500.0,5160.0,2.0,5.2,12.0,10.0,158.0,100.8,392.0,220.6,392.0,225.6
3165,2017-01-04 09:00:00,Dongsi,station_target_delta_ridge,7000.0,7065.233214930266,2.0,7.18629250257293,17.0,3.9119398648762154,124.0,117.767583366445,252.0,240.8105349772942,252.0,233.63701350598234
3166,2017-01-04 11:00:00,Dingling,station_target_delta_ridge,1800.0,873.1431944697309,43.0,43.30537364534631,20.0,19.289650646399625,48.0,34.37748435130365,93.0,70.73093373892294,115.0,67.73683340774457
3167,2017-01-04 13:00:00,Dongsi,station_target_delta_ridge,6000.0,6256.708045721735,15.0,18.753429717135464,26.0,21.673491319708848,129.0,126.70093914951295,254.0,179.1618949398955,320.0,197.75289063446166
3168,2017-01-04 15:00:00,Aotizhongxin,station_target_delta_ridge,6100.0,5326.275323910453,20.0,25.773653516231285,37.0,38.52466477323475,179.0,181.0503405351382,325.0,326.05379764391074,331.0,326.81725796132343
3169,2017-01-04 16:00:00,Shunyi,station_target_delta_ridge,6700.0,6481.091614180168,30.0,42.66245041736937,93.0,79.0760252007007,137.0,101.18715675776092,249.0,301.1302443409612,249.0,304.4365611713596
3170,2017-01-04 18:00:00,Dongsi,station_target_delta_ridge,3200.0,6940.0,20.0,6.7,28.0,23.5,176.0,182.4,365.0,328.3,397.0,353.0
3171,2017-01-04 19:00:00,Wanshouxigong,station_target_delta_ridge,8000.0,7923.345475755478,21.0,17.92249901220202,11.0,13.879737405608873,191.0,189.96780068124758,369.0,363.92576530986634,403.0,401.81833660173805
3172,2017-01-04 21:00:00,Nongzhanguan,station_target_delta_ridge,8700.0,9065.224355250064,7.0,7.959782730235826,12.0,7.380409173166396,140.0,152.0036916362094,370.0,414.30406472278156,376.0,386.92954607136494
3173,2017-01-04 23:00:00,Dongsi,station_target_delta_ridge,3700.0,5365.500874758915,14.0,14.408311279396898,9.0,8.497815108242985,125.0,126.74192859360596,351.0,353.30603743846603,359.0,417.4572611794106
3174,2017-01-05 00:00:00,Wanshouxigong,station_target_delta_ridge,7600.0,7259.637259899467,21.0,22.908178769356415,6.0,3.1964748460626464,124.0,121.18850921222247,264.0,243.27465566089668,264.0,236.17866745690185
3175,2017-01-05 02:00:00,Gucheng,station_target_delta_ridge,8000.0,8226.86403393077,2.0,-5.329529686819811,12.0,9.863328630192983,130.0,126.41364061788676,262.0,324.6408137436549,284.0,280.6530759785298
3176,2017-01-05 03:00:00,Wanshouxigong,station_target_delta_ridge,5200.0,5176.859967724303,21.0,19.80997495663448,6.0,3.7964680822026904,114.0,116.44728536032785,178.0,177.01063709400867,178.0,174.54748097024216
3177,2017-01-05 05:00:00,Huairou,station_target_delta_ridge,8300.0,7208.771962518107,2.0,-8.802848698599993,2.0,1.8757483657557108,2.0,109.74585652665402,295.0,224.4767458296352,410.0,367.9162844368821
3178,2017-01-05 07:00:00,Aotizhongxin,station_target_delta_ridge,8200.0,8666.299666131275,2.0,-0.23103314684710297,7.0,7.9693593007483114,132.0,133.52350756332723,284.0,331.4985435602807,324.0,399.94255497675783
3179,2017-01-05 08:00:00,Huairou,station_target_delta_ridge,7400.0,7479.348327055086,2.0,9.568791392547936,2.0,3.2813482952106385,119.0,117.8514949106552,270.0,242.92503632980763,281.0,285.68021187841686
3180,2017-01-05 10:00:00,Aotizhongxin,station_target_delta_ridge,7600.0,7506.664403070018,2.0,9.859619940506992,12.0,13.040762416701128,134.0,133.40844489253143,276.0,267.8058993362677,276.0,279.3540046988775
3181,2017-01-05 11:00:00,Nongzhanguan,station_target_delta_ridge,7200.0,6982.898290487593,7.0,8.232261311029008,19.0,16.74108359742769,113.0,110.51349468282169,266.0,252.55410499438725,266.0,243.0050579231334
3182,2017-01-05 13:00:00,Changping,station_target_delta_ridge,6000.0,6901.34961297835,4.0,10.407520986442524,20.0,12.730066531942736,117.0,98.70982949865291,250.0,285.9911350992285,250.0,265.4764100953001
3183,2017-01-05 14:00:00,Tiantan,station_target_delta_ridge,4800.0,4700.0,13.0,27.7,19.0,20.6,119.0,93.5,132.0,227.3,245.0,229.7
3184,2017-01-05 16:00:00,Gucheng,station_target_delta_ridge,4300.0,4477.090039095241,8.0,7.108692634490043,29.0,25.1519911741751,98.0,96.1076417833465,179.0,191.65192977218456,179.0,175.63752905086915
3185,2017-01-05 18:00:00,Aotizhongxin,station_target_delta_ridge,4100.0,3905.302692960937,2.0,3.7509028651756475,21.0,21.792596819876778,119.0,113.7821355184114,183.0,177.92755624786943,183.0,196.40440089844816
3186,2017-01-05 19:00:00,Nongzhanguan,station_target_delta_ridge,4600.0,4293.069040750609,12.0,13.336005721391832,25.0,23.688218093972992,120.0,121.92575322579486,208.0,216.06288925369256,208.0,226.4931262488584
3187,2017-01-05 21:00:00,Gucheng,station_target_delta_ridge,4900.0,4770.177454587581,2.0,1.0580396151890246,21.0,24.85415715679165,113.0,116.81558028561938,187.0,178.59188124094499,187.0,177.81656468678713
3188,2017-01-05 23:00:00,Aotizhongxin,station_target_delta_ridge,4900.0,5464.534033100428,2.0,5.3534634442193445,12.0,15.091575660276316,116.0,112.67320408026436,184.0,182.1211618637084,184.0,190.34491726253998
3189,2017-01-06 00:00:00,Huairou,station_target_delta_ridge,2700.0,3228.1149013019767,13.0,12.324266366320842,2.0,0.4647062399883666,42.0,52.0966995164951,109.0,126.64734554073782,109.0,164.31455530425498
3190,2017-01-06 02:00:00,Aotizhongxin,station_target_delta_ridge,4600.0,1302.142894262246,2.0,9.926641721626751,12.0,12.123094367208296,103.0,114.65850887379311,176.0,182.21631815827735,176.0,202.35134052544538
3191,2017-01-06 03:00:00,Nongzhanguan,station_target_delta_ridge,6100.0,4637.174752171022,12.0,5.639686188120011,39.0,36.63637301824606,110.0,102.29381103883732,208.0,185.86511929201154,208.0,171.34742042857346
3192,2017-01-06 05:00:00,Dingling,station_target_delta_ridge,2600.0,2830.2221398581573,6.0,4.001260859892034,6.0,8.9810138884224,61.0,57.06223428436294,128.0,121.81927304636228,128.0,133.82528214569143
3193,2017-01-06 06:00:00,Shunyi,station_target_delta_ridge,6200.0,7910.517868467534,3.0,6.7696384193211,24.0,44.81945673791499,87.0,106.27192858397254,209.0,289.316006400685,209.0,307.6275336149887
3194,2017-01-06 08:00:00,Dongsi,station_target_delta_ridge,1600.0,2951.685808724158,8.0,8.155528130051394,40.0,35.78504325516797,105.0,104.44805961478654,207.0,221.4506471311441,207.0,221.5701334119691
3195,2017-01-06 09:00:00,Tiantan,station_target_delta_ridge,600.0,5937.753532905484,2.0,2.9915880025120516,7.0,9.671335574067358,92.0,92.37043627054149,178.0,185.9687826875197,214.0,207.32222645277818
3196,2017-01-06 11:00:00,Dongsi,station_target_delta_ridge,1300.0,1349.0240738907864,11.0,10.731924553246188,37.0,41.27782062439118,108.0,112.0265031482907,207.0,190.11217372330628,249.0,200.32427850574797
3197,2017-01-06 12:00:00,Tiantan,station_target_delta_ridge,4900.0,3588.117755822967,4.0,7.481714540290389,34.0,34.09717153026031,134.0,144.02457903375597,199.0,217.851276010584,211.0,252.41693396272888
3198,2017-01-06 14:00:00,Guanyuan,station_target_delta_ridge,4700.0,4933.176274787131,5.0,3.75371746603496,29.0,29.50541139617176,131.0,138.84823869571866,225.0,236.90256669153828,225.0,229.05659667159696
3199,2017-01-06 15:00:00,Wanliu,station_target_delta_ridge,4800.0,4831.801064142397,10.0,-4.962389149937676,35.0,40.624031273211344,145.0,144.69978588816355,220.0,234.46702613226674,220.0,236.6426716560448
3200,2017-01-06 17:00:00,Guanyuan,station_target_delta_ridge,4200.0,4869.458593444857,2.0,-20.109602192030742,20.0,20.49898527012734,148.0,156.85557956737085,222.0,244.32398849596035,222.0,234.65228444162932
3201,2017-01-06 18:00:00,Wanshouxigong,station_target_delta_ridge,4300.0,4591.297383403231,2.0,4.473039920772507,21.0,17.951714774439324,140.0,146.06615295427633,213.0,216.51013433236818,213.0,217.95134085710887
3202,2017-01-06 20:00:00,Gucheng,station_target_delta_ridge,4100.0,4823.496666318316,9.0,19.241959905383503,19.0,20.794994822574573,114.0,115.44038641823812,228.0,226.42477596992316,228.0,233.55142414397235
3203,2017-01-06 21:00:00,Wanshouxigong,station_target_delta_ridge,4100.0,2149.382678484405,2.0,3.1415695217983566,17.0,42.92053881854177,117.0,133.20854444715889,222.0,224.34535297209038,222.0,226.09552225934436
3204,2017-01-06 23:00:00,Huairou,station_target_delta_ridge,3400.0,3654.9552345355783,13.0,8.534463212280574,4.0,1.3309321062479822,59.0,68.90896813328709,185.0,194.94209885775356,186.0,198.31264362637688
3205,2017-01-07 01:00:00,Aotizhongxin,station_target_delta_ridge,5100.0,5379.562737503175,2.0,3.6756197430568007,45.0,38.086867319538484,120.0,124.05003109810013,239.0,240.9389134621274,239.0,247.16624098799514
3206,2017-01-07 02:00:00,Shunyi,station_target_delta_ridge,5200.0,3941.9647240384334,3.0,7.065944319005355,24.0,27.168566680415857,89.0,79.28791202313316,221.0,206.42583866161272,221.0,208.91347998438874
3207,2017-01-07 04:00:00,Dongsi,station_target_delta_ridge,100.0,3463.6363636363635,178.0,14.909090909090908,28.0,20.272727272727273,126.0,93.9090909090909,238.0,212.0,238.0,214.72727272727272
3208,2017-01-07 05:00:00,Wanliu,station_target_delta_ridge,5300.0,6103.581176329379,4.0,5.139092751587643,28.0,25.707271471904207,103.0,110.50368636875007,215.0,219.96495662951676,215.0,212.17753961410455
3209,2017-01-07 07:00:00,Guanyuan,station_target_delta_ridge,300.0,3223.3869201161665,2.0,4.9238589891038345,22.0,21.621622751686527,85.0,90.57396170849125,191.0,193.03935400978347,191.0,191.1741506642852
3210,2017-01-07 08:00:00,Wanliu,station_target_delta_ridge,4300.0,495.5489538992441,4.0,-1.2644997618238651,24.0,19.813289857296233,89.0,87.28082611415407,183.0,188.76612914564151,183.0,191.25807146021043
3211,2017-01-07 10:00:00,Gucheng,station_target_delta_ridge,5200.0,4978.109495227233,2.0,8.846381546608416,30.0,28.846027699731586,114.0,105.67172694035608,256.0,218.8642399396956,256.0,206.53802981763718
3212,2017-01-07 11:00:00,Wanshouxigong,station_target_delta_ridge,2500.0,2793.1257196840616,16.0,8.117397281200336,22.0,26.867413147665065,58.0,85.20041924037504,148.0,155.7575939264118,148.0,150.2962423410239
3213,2017-01-07 13:00:00,Gucheng,station_target_delta_ridge,3900.0,4119.665163693016,6.0,17.424757046230656,37.0,30.170934820346744,93.0,97.28511416603745,196.0,199.6976440073602,196.0,200.61037982304444
3214,2017-01-07 15:00:00,Aotizhongxin,station_target_delta_ridge,2200.0,2515.5576598035664,7.0,13.452702534501476,8.0,6.909859579762307,65.0,61.86623290193637,115.0,134.42624996796167,115.0,135.10652783654876
3215,2017-01-07 16:00:00,Huairou,station_target_delta_ridge,2200.0,2153.2126947906145,2.0,2.754814181830219,4.0,2.6297054004003835,54.0,46.66564557279776,129.0,126.75218214663461,129.0,126.36404146142951
3216,2017-01-07 18:00:00,Changping,station_target_delta_ridge,1900.0,2889.914366580123,12.0,5.3687470783327305,10.0,6.263658725460525,52.0,59.77084107034329,104.0,154.8540301081443,104.0,141.54773388502946
3217,2017-01-07 19:00:00,Shunyi,station_target_delta_ridge,2800.0,3034.87548517829,2.0,0.9927087922140814,15.0,13.072741079823992,68.0,69.47680606063797,124.0,129.64506875559994,124.0,124.46897589644043
3218,2017-01-07 21:00:00,Dongsi,station_target_delta_ridge,300.0,4122.694815253165,23.0,18.38014480176397,15.0,12.456669667229754,70.0,76.94214911383045,119.0,135.75108107689567,119.0,136.14080036046147
3219,2017-01-07 22:00:00,Tiantan,station_target_delta_ridge,500.0,5247.088570777772,2.0,3.910439073837696,8.0,10.639461064601171,93.0,85.7390981386091,197.0,172.21146664359253,197.0,189.79383303745973
3220,2017-01-08 00:00:00,Dongsi,station_target_delta_ridge,5900.0,5182.214860593629,23.0,19.38368908093326,23.0,20.53163341763502,85.0,79.34150090400298,210.0,192.8678677222333,210.0,191.5283739293593
3221,2017-01-08 01:00:00,Wanliu,station_target_delta_ridge,5600.0,4335.292780656757,3.0,-2.0876462263499533,7.0,9.553471883610744,90.0,83.95111113646647,152.0,123.03930636238306,152.0,123.43161579649185
3222,2017-01-08 03:00:00,Guanyuan,station_target_delta_ridge,400.0,37.32563666707058,44.0,24.515110208585813,10.0,15.116055649670246,25.0,30.64716626075858,26.0,28.281226448272946,26.0,15.9058063582332
3223,2017-01-08 04:00:00,Wanliu,station_target_delta_ridge,800.0,-145.91154252631688,35.0,16.293215286402596,13.0,12.009334692118824,30.0,45.32810862539506,24.0,15.055900162761507,24.0,33.5910045539614
3224,2017-01-08 06:00:00,Gucheng,station_target_delta_ridge,2400.0,834.2600727269509,10.0,39.805212797731656,10.0,8.03032420642983,65.0,19.094662067797827,34.0,24.378628223931692,34.0,27.280227444474082
3225,2017-01-08 07:00:00,Wanshouxigong,station_target_delta_ridge,500.0,411.0156526437745,43.0,41.219658962820915,7.0,8.063007727791673,23.0,22.79386240007098,20.0,19.102115515496195,20.0,18.73028657629693
3226,2017-01-08 09:00:00,Gucheng,station_target_delta_ridge,1200.0,1306.7434780278531,17.0,21.120558070403273,12.0,10.19994962924626,56.0,59.45449690661993,25.0,25.384579100547484,25.0,27.947156295280998
3227,2017-01-08 10:00:00,Wanshouxigong,station_target_delta_ridge,600.0,478.322685006617,35.0,37.48730607086529,11.0,12.340838477828983,38.0,36.522979820943625,20.0,27.328335711560722,20.0,25.54299254624519
3228,2017-01-08 12:00:00,Huairou,station_target_delta_ridge,700.0,599.6734074637773,34.0,48.89267325599679,6.0,6.267146835362665,40.0,27.547150602414913,37.0,30.29823123451965,37.0,35.96681020131488
3229,2017-01-08 14:00:00,Aotizhongxin,station_target_delta_ridge,500.0,540.4524926602178,73.0,65.5407142529393,10.0,10.613237647091013,19.0,19.80816642309786,22.0,24.441535273353622,22.0,26.349736786097083
3230,2017-01-08 15:00:00,Huairou,station_target_delta_ridge,500.0,528.9797068190267,61.0,61.50904347437273,5.0,4.5373637163320755,23.0,22.117717515912823,31.0,24.829525671051655,31.0,21.269717080431505
3231,2017-01-08 17:00:00,Changping,station_target_delta_ridge,700.0,787.8001252646269,43.0,46.72426409028678,11.0,8.87043759986451,37.0,30.694043363386527,21.0,26.343123188334296,30.0,31.724152983712443
3232,2017-01-08 18:00:00,Nongzhanguan,station_target_delta_ridge,400.0,621.5657186708429,49.0,42.70857241993514,6.0,6.1770997598417985,29.0,40.434287727056606,16.0,32.02456168340513,16.0,22.13419562043574
3233,2017-01-08 20:00:00,Changping,station_target_delta_ridge,600.0,885.0317501386083,47.0,43.57990683542993,8.0,11.004639555979507,30.0,30.687445283450234,14.0,15.882154496696987,22.0,28.80572735756354
3234,2017-01-08 21:00:00,Shunyi,station_target_delta_ridge,300.0,348.6572649784308,70.0,70.56878445293891,6.0,6.593670480457354,15.0,11.735052460447532,6.0,7.895385440347358,6.0,9.371681218254436
3235,2017-01-08 23:00:00,Dingling,station_target_delta_ridge,200.0,310.31067192559067,76.0,70.91153283468896,2.0,3.629685590593822,2.0,4.412047733220518,8.0,8.23335831096833,14.0,16.26860559819833
3236,2017-01-09 00:00:00,Shunyi,station_target_delta_ridge,300.0,282.5669510652221,62.0,59.01351285589341,6.0,4.850004873717952,16.0,14.928731412875841,10.0,5.91320132581424,10.0,7.254791047629606
3237,2017-01-09 02:00:00,Dingling,station_target_delta_ridge,300.0,195.4763174230302,58.0,62.22634603720501,6.0,2.75547294199397,10.0,0.8041108310461809,10.0,-0.2644879394715227,38.0,16.587598335182953
3238,2017-01-09 03:00:00,Tiantan,station_target_delta_ridge,300.0,380.88721647758166,49.0,48.85946634254233,8.0,10.034967005435696,25.0,25.25786869573875,8.0,9.559944557665698,25.0,17.932285587960823
3239,2017-01-09 05:00:00,Dongsi,station_target_delta_ridge,900.0,786.6773883882644,68.0,60.05392036847485,4.0,3.339741657583475,18.0,16.04217132752276,8.0,10.05785475078313,8.0,10.55801100062787
3240,2017-01-09 06:00:00,Tiantan,station_target_delta_ridge,300.0,270.00725350672155,50.0,50.35641549606929,5.0,8.575068177331673,26.0,22.883069124942878,9.0,9.936019236732022,9.0,10.010195891830252
3241,2017-01-09 08:00:00,Guanyuan,station_target_delta_ridge,300.0,323.8581264581702,36.0,44.73567189061318,4.0,5.30517256511906,41.0,38.96165367972074,9.0,12.099318272068732,9.0,9.584422771337138
3242,2017-01-09 09:00:00,Wanliu,station_target_delta_ridge,600.0,838.8792839377523,28.0,22.803017423943174,9.0,11.243508932726598,45.0,51.560782152964755,12.0,16.8812773353151,12.0,16.042294148397314
3243,2017-01-09 11:00:00,Guanyuan,station_target_delta_ridge,300.0,393.23261622669185,58.0,53.68395463803303,5.0,4.7708390325849015,28.0,27.893718008605916,14.0,9.696964069717108,14.0,9.281577394721996
3244,2017-01-09 12:00:00,Wanshouxigong,station_target_delta_ridge,400.0,484.2887943683713,50.0,48.095014461669756,5.0,5.64515500291362,21.0,21.278623994434643,16.0,11.186963785234807,16.0,16.278602189231492
3245,2017-01-09 14:00:00,Huairou,station_target_delta_ridge,300.0,397.97871795281924,64.0,52.44227603520573,4.0,5.362804602587339,11.0,21.011247953915028,8.0,13.472053961579544,11.0,17.87185417982039
3246,2017-01-09 16:00:00,Dingling,station_target_delta_ridge,300.0,385.35641408647564,78.0,73.68497840812518,3.0,2.950050688245914,6.0,7.176829070014516,10.0,10.296159348003407,24.0,22.825980948442876
3247,2017-01-09 18:00:00,Aotizhongxin,station_target_delta_ridge,800.0,1083.809701590987,31.0,0.9213090153302801,7.0,6.9000920609409,59.0,57.38462499322387,50.0,40.99648739900895,62.0,56.51513686795525
3248,2017-01-09 19:00:00,Tiantan,station_target_delta_ridge,1100.0,952.788678107386,30.0,34.49759938683072,8.0,6.7155483235272335,63.0,48.72756668852748,69.0,65.47307034545624,96.0,94.43141000328451
3249,2017-01-09 21:00:00,Gucheng,station_target_delta_ridge,1700.0,1863.0057081276002,15.0,15.303194455596767,7.0,6.919487073888598,74.0,73.89540612449983,98.0,97.74733019761233,122.0,115.9383373689556
3250,2017-01-09 23:00:00,Changping,station_target_delta_ridge,1700.0,1764.660208809211,5.0,15.632917667247078,9.0,9.58572693614357,71.0,54.37339639977845,66.0,54.96506720146402,84.0,68.84324604107056
3251,2017-01-10 00:00:00,Tiantan,station_target_delta_ridge,1900.0,1708.3171467987045,2.0,10.886625966943626,9.0,10.727193631304178,86.0,75.42969553062333,147.0,91.56369458989208,160.0,144.49691188133437
3252,2017-01-10 02:00:00,Gucheng,station_target_delta_ridge,600.0,428.2930813668263,50.0,60.54465628078631,4.0,2.8898301173182546,15.0,2.8688101733663416,9.0,-6.183979759291443,10.0,36.805180652744475
3253,2017-01-10 04:00:00,Dingling,station_target_delta_ridge,300.0,250.9922100971256,59.0,64.33102069339196,3.0,1.5821366208603371,10.0,0.4758107227196664,9.0,1.4195682051564429,19.0,20.575752573063667
3254,2017-01-10 05:00:00,Wanliu,station_target_delta_ridge,400.0,412.5453721941377,56.0,52.710639323323505,2.0,1.7798606177959064,16.0,18.064132024603413,5.0,14.105339399207365,13.0,25.184916908503368
3255,2017-01-10 07:00:00,Nongzhanguan,station_target_delta_ridge,400.0,472.88714056867536,33.0,35.81334060806562,4.0,6.414988182156216,32.0,33.12546936999553,5.0,6.230078989169206,6.0,-1.7803792996492849
3256,2017-01-10 10:00:00,Dongsi,station_target_delta_ridge,1300.0,1169.3757913689471,49.0,44.34936392224891,3.0,-2.1290522727843966,24.0,26.549630008128858,6.0,13.920481955862922,6.0,2.2412100850133667
3257,2017-01-10 11:00:00,Wanliu,station_target_delta_ridge,300.0,310.29817479081,70.0,66.99216870109012,2.0,1.841851925250368,13.0,11.43341214259716,4.0,9.797121837752078,21.0,22.527309140836195
3258,2017-01-10 13:00:00,Wanliu,station_target_delta_ridge,300.0,267.85313100806354,78.0,73.92367767199667,2.0,3.3510856196474035,8.0,10.379011430947546,6.0,10.73986630297967,30.0,15.581138543544032
3259,2017-01-10 15:00:00,Tiantan,station_target_delta_ridge,300.0,153.1964505020007,62.0,66.99851841590934,2.0,2.4161275157843884,2.0,17.561617760730908,9.0,6.469997300493265,42.0,25.644611147356187
3260,2017-01-10 17:00:00,Tiantan,station_target_delta_ridge,500.0,453.5190340758787,50.0,54.28372266742678,4.0,3.690128895203165,35.0,35.31587623797071,13.0,13.84088045048465,62.0,46.950639163025315
3261,2017-01-10 20:00:00,Huairou,station_target_delta_ridge,400.0,468.8322014876386,64.0,60.551317531799015,3.0,0.835085259722393,11.0,10.558827853348115,7.0,8.509426568609125,13.0,12.287785495219245
3262,2017-01-10 22:00:00,Dingling,station_target_delta_ridge,300.0,473.8367293719625,54.0,58.54484562250654,4.0,4.537151579673461,11.0,10.484870680786836,9.0,11.288283144559303,13.0,20.02319470809298
3263,2017-01-10 23:00:00,Tiantan,station_target_delta_ridge,1400.0,1386.5870756115887,2.0,10.820778523560495,16.0,9.553916561818822,85.0,86.6277929216142,87.0,85.12949585090875,110.0,119.97557566264351
3264,2017-01-11 01:00:00,Guanyuan,station_target_delta_ridge,1100.0,1138.4694436162447,95.0,91.41530652316186,55.0,60.63607701372659,86.0,87.45871296062357,106.0,97.00226423746186,125.0,120.9168413763417
3265,2017-01-11 03:00:00,Changping,station_target_delta_ridge,600.0,974.5526888639884,23.0,13.753058369880364,9.0,29.35656246748906,10.0,20.587827816157017,14.0,22.045930030194,17.0,31.544165361977253
3266,2017-01-11 05:00:00,Dingling,station_target_delta_ridge,600.0,1277.7777777777778,38.0,17.22222222222222,6.0,20.22222222222222,18.0,68.55555555555556,13.0,65.0,13.0,75.88888888888889
3267,2017-01-11 06:00:00,Wanliu,station_target_delta_ridge,300.0,3613.072637239964,3.0,7.820607841710078,13.0,24.14771858860749,77.0,80.93149845155742,52.0,58.82898964054366,80.0,62.0910701458895
3268,2017-01-11 08:00:00,Nongzhanguan,station_target_delta_ridge,2400.0,454.0064529598085,4.0,6.828358473190997,19.0,21.665500226822687,78.0,86.5510187702905,47.0,44.997863072090574,47.0,65.7571768442608
3269,2017-01-11 10:00:00,Dongsi,station_target_delta_ridge,2700.0,2988.7434521118316,5.0,8.23832917065684,17.0,20.444470386376604,85.0,98.73537243375924,51.0,59.00729291045453,81.0,92.73102320135114
3270,2017-01-11 12:00:00,Aotizhongxin,station_target_delta_ridge,1800.0,2063.6363636363635,22.0,20.727272727272727,20.0,21.727272727272727,81.0,86.72727272727273,3.0,66.27272727272727,6.0,89.81818181818181
3271,2017-01-11 13:00:00,Shunyi,station_target_delta_ridge,1400.0,1576.4944298751884,38.0,28.797982216507393,34.0,27.16733520220734,69.0,72.27340310867302,58.0,58.64137581648252,58.0,75.16082620994469
3272,2017-01-11 15:00:00,Dongsi,station_target_delta_ridge,1300.0,1021.3260842535167,27.0,30.339970054865717,11.0,11.859991775145776,70.0,73.16396743642643,52.0,47.54199171249127,72.0,72.56252088398578
3273,2017-01-11 16:00:00,Wanshouxigong,station_target_delta_ridge,2100.0,2112.2329365923983,5.0,11.388901231820439,25.0,37.099988133570136,128.0,112.82160242911033,126.0,87.26382584367374,165.0,179.18015966897
3274,2017-01-11 18:00:00,Huairou,station_target_delta_ridge,900.0,439.25833569662444,25.0,58.671713091430824,19.0,10.939365268743671,53.0,32.52297377327384,35.0,34.06178775355907,64.0,41.86972057895801
3275,2017-01-11 20:00:00,Dingling,station_target_delta_ridge,300.0,345.79216076123595,76.0,67.78199413799689,8.0,13.897851743509882,11.0,21.917977439983048,8.0,14.64200679219654,29.0,28.026402546378826
3276,2017-01-11 21:00:00,Shunyi,station_target_delta_ridge,1000.0,874.8612971201838,19.0,13.235728102225956,34.0,26.18700499411945,71.0,66.55223372347042,45.0,55.16737644494079,62.0,62.20653367812719
3277,2017-01-11 23:00:00,Dongsi,station_target_delta_ridge,1100.0,630.610559100689,17.0,19.78079252739479,20.0,13.502969241220015,79.0,72.24504040543073,36.0,19.414810798986963,49.0,49.75896706268447
3278,2017-01-12 00:00:00,Wanshouxigong,station_target_delta_ridge,800.0,897.851694552353,32.0,13.477019927096144,22.0,21.792151665227735,49.0,68.4036922266801,25.0,21.556774284637108,25.0,36.60900871338762
3279,2017-01-12 02:00:00,Nongzhanguan,station_target_delta_ridge,500.0,448.62938776087185,28.0,28.90507209122194,10.0,9.384062463891581,38.0,48.03837901081712,17.0,13.905699842907943,18.0,3.174415681831878
3280,2017-01-12 04:00:00,Guanyuan,station_target_delta_ridge,100.0,361.3204978046232,71.0,63.87169039466759,12.0,3.751957655488107,38.0,46.01410733149845,23.0,19.532048647881084,23.0,17.18468481849314
3281,2017-01-12 06:00:00,Changping,station_target_delta_ridge,800.0,884.2070999390025,25.0,30.976430924790076,11.0,8.358714796686224,71.0,41.946825626255574,33.0,22.89299553415902,40.0,25.720206562010162
3282,2017-01-12 07:00:00,Shunyi,station_target_delta_ridge,2000.0,1016.2936118386493,9.0,18.016772716168045,19.0,11.28146807765732,78.0,60.82773241737984,39.0,19.68522179787694,60.0,20.47555232555604
3283,2017-01-12 09:00:00,Dingling,station_target_delta_ridge,900.0,841.0340915241723,44.0,30.89634645656389,11.0,16.520970210512566,34.0,45.34612005262011,38.0,28.194265914440777,54.0,45.10006226931413
3284,2017-01-12 10:00:00,Shunyi,station_target_delta_ridge,1100.0,812.2842527687878,28.0,31.874292339968072,18.0,20.30237458625547,46.0,50.17933706493256,38.0,23.432038030473322,52.0,33.925997197022404
3285,2017-01-12 12:00:00,Guanyuan,station_target_delta_ridge,100.0,451.7949984124475,76.0,77.48691012495019,7.0,12.027379611879903,39.0,37.739676077890216,39.0,33.5105191126054,65.0,56.876592364444015
3286,2017-01-12 13:00:00,Wanshouxigong,station_target_delta_ridge,1400.0,1361.6395877369655,43.0,35.06497229499107,29.0,39.318516115073145,71.0,63.20294134870019,70.0,80.54813788341652,94.0,120.52947746260594
3287,2017-01-12 15:00:00,Nongzhanguan,station_target_delta_ridge,1100.0,1045.4545454545455,39.0,62.09090909090909,3.0,23.272727272727273,2.0,51.45454545454545,67.0,66.0,119.0,90.54545454545455
3288,2017-01-12 17:00:00,Guanyuan,station_target_delta_ridge,1200.0,1130.3822583365431,41.0,52.64060669502878,30.0,32.790908736584576,92.0,86.16213211208306,103.0,102.92873417913768,120.0,150.9645344146443
3289,2017-01-12 18:00:00,Wanliu,station_target_delta_ridge,1800.0,1762.9815368788804,15.0,35.265737650525075,29.0,34.18390159340908,111.0,103.35135012624318,109.0,110.0519046025431,150.0,161.07153509749992
3290,2017-01-12 20:00:00,Gucheng,station_target_delta_ridge,2700.0,2342.8491475372844,7.0,25.4391951119211,26.0,37.8637905122841,116.0,112.9068314221018,149.0,164.36939317278492,224.0,189.28328404264596
3291,2017-01-12 22:00:00,Changping,station_target_delta_ridge,400.0,547.9616979504356,61.0,63.10327611733803,4.0,3.5202310670178045,15.0,6.409411116239031,12.0,5.106834314585448,33.0,56.68037495450292
3292,2017-01-12 23:00:00,Shunyi,station_target_delta_ridge,300.0,111.33781690184574,71.0,79.95484089963325,12.0,7.3060832285811514,19.0,2.7819715151194693,10.0,1.7610673977518303,10.0,9.802305088700859
3293,2017-01-13 01:00:00,Gucheng,station_target_delta_ridge,700.0,681.3832969936243,57.0,75.21809392248285,12.0,12.164646518877161,9.0,13.90371901775361,18.0,19.30678309595461,18.0,23.90415716326426
3294,2017-01-13 03:00:00,Dongsi,station_target_delta_ridge,300.0,294.4254376873995,63.0,57.93826309367374,7.0,2.8009791774932844,13.0,14.014865092153581,13.0,15.850529686520863,25.0,21.522906064873396
3295,2017-01-13 05:00:00,Aotizhongxin,station_target_delta_ridge,200.0,245.55751536846947,83.0,67.86143087029141,17.0,19.20834977577475,19.0,12.75789211127358,10.0,10.293121632197431,23.0,13.972117971994706
3296,2017-01-13 06:00:00,Shunyi,station_target_delta_ridge,300.0,248.01640592170043,71.0,60.3524304240548,15.0,11.395194196877341,18.0,26.21094450243588,16.0,6.983912590442937,16.0,13.743489768282988
3297,2017-01-13 08:00:00,Dongsi,station_target_delta_ridge,600.0,424.300455364299,44.0,53.16632380243264,17.0,12.194838825700346,46.0,37.36781298410937,18.0,14.799321670369652,33.0,33.05856807756677
3298,2017-01-13 09:00:00,Wanshouxigong,station_target_delta_ridge,500.0,344.56584118713016,40.0,49.659636899958606,19.0,12.218290486977804,48.0,39.874410751396276,19.0,22.78580606477829,33.0,33.914466251078636
3299,2017-01-13 11:00:00,Gucheng,station_target_delta_ridge,900.0,815.5946071510111,52.0,56.10764014645027,3.0,18.778504517189386,2.0,21.78209329043714,11.0,15.00416880434749,31.0,24.292804241092526
3300,2017-01-13 13:00:00,Aotizhongxin,station_target_delta_ridge,300.0,262.73650258554693,88.0,93.67060782986836,6.0,18.037144722552533,16.0,8.767152547633412,7.0,12.80164369659165,22.0,32.61274035656584
3301,2017-01-13 14:00:00,Nongzhanguan,station_target_delta_ridge,200.0,154.61994057818373,76.0,83.78203209510885,6.0,0.07936973167938532,23.0,17.365241360528707,17.0,11.609928100099546,22.0,9.965531162918985
3302,2017-01-13 16:00:00,Guanyuan,station_target_delta_ridge,300.0,290.90909090909093,104.0,72.36363636363636,1.0,8.818181818181818,25.0,15.272727272727273,14.0,11.636363636363637,20.0,32.36363636363637
3303,2017-01-13 17:00:00,Wanshouxigong,station_target_delta_ridge,300.0,272.7767635050943,70.0,71.4030484663864,2.0,1.378167367840968,16.0,14.099697717282215,12.0,15.672483368644034,15.0,22.718745020481865
3304,2017-01-13 19:00:00,Nongzhanguan,station_target_delta_ridge,400.0,363.6939214357142,56.0,53.28938743523208,9.0,9.39681981018619,48.0,34.77737541366846,7.0,16.076258026231358,19.0,19.547991181128495
3305,2017-01-13 21:00:00,Dingling,station_target_delta_ridge,300.0,312.06419425855046,75.0,68.01206375660755,12.0,5.32086897630514,8.0,8.691695886859371,12.0,8.679473867972554,38.0,26.410026062059256
3306,2017-01-13 22:00:00,Shunyi,station_target_delta_ridge,400.0,422.19383247955415,63.0,44.0679247518828,11.0,14.76336079272123,33.0,33.96582649728059,8.0,17.00567895229831,25.0,23.578958625320126
3307,2017-01-14 00:00:00,Gucheng,station_target_delta_ridge,500.0,655.5740961297679,47.0,32.87002899119815,18.0,15.08776518656446,36.0,45.29669510563146,14.0,16.3937757947299,32.0,43.135043517099255
3308,2017-01-14 02:00:00,Changping,station_target_delta_ridge,800.0,908.9048299749802,59.0,43.9883263123443,10.0,20.20692917762121,20.0,33.78789873250788,15.0,14.251850405116636,31.0,30.453299470082758
3309,2017-01-14 03:00:00,Wanliu,station_target_delta_ridge,900.0,868.008369098246,19.0,31.68491076163762,12.0,19.558898852197103,75.0,60.36718522642551,19.0,11.109487855672928,30.0,34.21226499381736
3310,2017-01-14 05:00:00,Nongzhanguan,station_target_delta_ridge,500.0,557.7922610057556,22.0,28.14583960783014,16.0,17.049784570206366,68.0,60.630692675738715,15.0,27.102262439232124,15.0,18.44051911607509
3311,2017-01-14 07:00:00,Dingling,station_target_delta_ridge,500.0,517.1434736939932,55.0,68.54257054513688,19.0,8.055900123920232,16.0,11.580131946522553,11.0,8.25277138877609,32.0,26.488314044775674
3312,2017-01-14 09:00:00,Aotizhongxin,station_target_delta_ridge,1100.0,798.2389391358575,23.0,27.774159281194894,36.0,15.199653136043116,74.0,65.02937251531513,19.0,21.81417499522704,44.0,45.886703190657634
3313,2017-01-14 10:00:00,Huairou,station_target_delta_ridge,500.0,1098.4714978188322,39.0,6.387257726572711,1.0,12.8149970977444,29.0,55.26322249488428,11.0,14.227435804282061,32.0,59.73556218340596
3314,2017-01-14 12:00:00,Dingling,station_target_delta_ridge,400.0,486.4732434697011,74.0,65.82975141942771,16.0,17.44536470768722,19.0,11.565329906647591,19.0,13.751875836553198,21.0,36.07935931752239
3315,2017-01-14 14:00:00,Dingling,station_target_delta_ridge,500.0,506.55049062051336,75.0,61.086476381923354,12.0,15.411053245309805,19.0,26.488439623347457,54.0,25.14618439463156,68.0,48.263559238900314
3316,2017-01-14 15:00:00,Wanshouxigong,station_target_delta_ridge,400.0,463.262389486504,61.0,59.99996832374109,3.0,8.2349964218081,21.0,21.30086521620455,24.0,19.886288861913766,25.0,28.118468563197414
3317,2017-01-14 17:00:00,Huairou,station_target_delta_ridge,400.0,339.1341446411587,45.0,48.03917596706817,8.0,5.050674983726469,21.0,26.326418298678806,6.0,3.671933058966087,13.0,25.995456922171645
3318,2017-01-14 19:00:00,Changping,station_target_delta_ridge,1000.0,865.8968695524213,16.0,22.020383816451645,30.0,22.140094531001704,75.0,57.49403603998633,43.0,29.139402706628957,86.0,57.38767806218087
3319,2017-01-14 20:00:00,Nongzhanguan,station_target_delta_ridge,1800.0,2065.3698451644113,16.0,20.57810120269802,28.0,41.281728079580354,78.0,87.11397375126445,55.0,58.612477501221775,101.0,96.73477478557719
3320,2017-01-14 22:00:00,Dingling,station_target_delta_ridge,1300.0,1168.4623453216793,18.0,20.0983540022593,19.0,25.42933187071997,51.0,49.08540738467822,43.0,49.88566871229213,60.0,61.46998620400028
3321,2017-01-14 23:00:00,Shunyi,station_target_delta_ridge,1200.0,990.2288495416367,13.0,21.09060108654321,12.0,9.166519298471457,69.0,68.6782183439294,53.0,52.08224171414488,101.0,74.39126833445714
3322,2017-01-15 01:00:00,Dongsi,station_target_delta_ridge,1000.0,1302.342497673476,22.0,17.167968028144216,18.0,12.370666583349188,44.0,40.97620636824087,33.0,33.84248470110244,57.0,49.74012369991829
3323,2017-01-15 02:00:00,Tiantan,station_target_delta_ridge,1100.0,890.1575827712032,10.0,8.26193584052532,11.0,0.6224029644829352,67.0,57.34843649035671,37.0,36.33807779794683,63.0,55.477374794495766
3324,2017-01-15 04:00:00,Guanyuan,station_target_delta_ridge,800.0,769.870241021224,36.0,55.26838814533992,19.0,20.088183161599154,42.0,49.548281289524525,45.0,43.47588551421545,45.0,50.577911695178145
3325,2017-01-15 06:00:00,Dingling,station_target_delta_ridge,800.0,806.342609485143,27.0,10.91275727973919,17.0,11.03418865043285,45.0,55.46707268111246,44.0,34.85178489421903,50.0,58.49313372720001
3326,2017-01-15 07:00:00,Wanshouxigong,station_target_delta_ridge,500.0,593.3754654972577,28.0,20.783357873047542,15.0,3.7534795203576707,40.0,47.50344443268692,30.0,31.948800125192605,35.0,40.26161937274075
3327,2017-01-15 09:00:00,Gucheng,station_target_delta_ridge,700.0,755.5841004902775,15.0,21.98114343590708,22.0,19.90584472545139,48.0,38.82931391279564,42.0,35.209052810372086,56.0,43.01296037431843
3328,2017-01-15 11:00:00,Aotizhongxin,station_target_delta_ridge,700.0,711.4386479180611,40.0,39.57062377324475,9.0,15.23723262072742,45.0,49.64291489580023,34.0,27.451034638154383,37.0,66.81442293479289
3329,2017-01-15 12:00:00,Huairou,station_target_delta_ridge,1500.0,1684.1976102636413,9.0,6.06822114386394,15.0,15.555745938853653,53.0,59.31245733950144,69.0,71.54884347739844,90.0,92.64342437483899
3330,2017-01-15 14:00:00,Aotizhongxin,station_target_delta_ridge,700.0,650.4579940254998,60.0,61.67425890387314,19.0,20.83697722153984,40.0,38.807260445217395,48.0,57.58632714266491,64.0,77.66971626594122
3331,2017-01-15 15:00:00,Huairou,station_target_delta_ridge,900.0,1119.186136124852,23.0,8.275106618405037,7.0,15.829613432266662,43.0,49.89877755385908,63.0,63.651782053330315,66.0,79.19368159448821
3332,2017-01-15 17:00:00,Changping,station_target_delta_ridge,900.0,1001.5899642641095,25.0,20.68269258537586,9.0,16.315035082446702,52.0,65.95020718267833,91.0,89.14617035453578,104.0,109.02534582179273
3333,2017-01-15 18:00:00,Nongzhanguan,station_target_delta_ridge,1200.0,1046.963899672066,13.0,20.89428576849874,6.0,15.676886798415962,70.0,72.69136270941355,64.0,71.75884628680252,104.0,133.44588055620537
3334,2017-01-15 20:00:00,Changping,station_target_delta_ridge,1400.0,1101.395766034772,8.0,23.33416714567849,12.0,8.825847674089555,71.0,65.69692351063652,106.0,96.66682701467842,110.0,114.18979752098537
3335,2017-01-15 21:00:00,Tiantan,station_target_delta_ridge,1300.0,1111.0526585925459,9.0,11.181344153473372,13.0,3.3194411819424463,77.0,77.80660848421145,84.0,68.06063679036748,109.0,90.38437128395626
3336,2017-01-15 23:00:00,Huairou,station_target_delta_ridge,1500.0,1464.8089935769858,12.0,35.48339419186527,4.0,13.958031439668174,67.0,70.42439420178995,94.0,100.24451965675132,114.0,116.75302451197534
3337,2017-01-16 01:00:00,Changping,station_target_delta_ridge,1900.0,1524.651341776238,1.0,3.0890223116842965,11.0,12.228105328472996,67.0,75.99548669491136,109.0,99.25339786067534,127.0,112.67979110020553
3338,2017-01-16 02:00:00,Tiantan,station_target_delta_ridge,1500.0,1609.534557764394,6.0,2.8643884817666683,21.0,24.304292819382134,76.0,66.87855049647871,86.0,94.90525130814285,108.0,116.67520325939086
3339,2017-01-16 04:00:00,Gucheng,station_target_delta_ridge,1700.0,1851.0764012869388,13.0,1.5335650848747644,22.0,20.350095538761646,79.0,78.94503094997816,94.0,89.4458427788593,107.0,109.34195862753673
3340,2017-01-16 06:00:00,Aotizhongxin,station_target_delta_ridge,1900.0,1913.305284933649,24.0,9.672313893223222,15.0,20.78534911415301,84.0,78.44536505383546,89.0,100.98713370615695,96.0,105.32552788911046
3341,2017-01-16 07:00:00,Huairou,station_target_delta_ridge,1100.0,1076.2274780645535,1.0,6.693858542636564,9.0,10.90086609720985,58.0,44.329385819752076,94.0,84.81219922586409,100.0,85.39735465199385
3342,2017-01-16 09:00:00,Dingling,station_target_delta_ridge,1800.0,1785.7395073965054,13.0,9.265944009877876,28.0,22.358173892778897,71.0,64.00548017223885,106.0,122.15020748950431,122.0,148.6297948865071
3343,2017-01-16 10:00:00,Wanshouxigong,station_target_delta_ridge,1200.0,1158.7772597846956,12.0,11.415635631782166,35.0,36.94779269393187,69.0,65.21000260193189,64.0,62.05764228291234,77.0,71.8914938772377
3344,2017-01-16 12:00:00,Tiantan,station_target_delta_ridge,1200.0,1064.5369821906886,18.0,18.293851440369203,29.0,33.36657540022753,57.0,67.99892970266863,69.0,76.6804386865086,69.0,87.95792097662901
3345,2017-01-16 14:00:00,Gucheng,station_target_delta_ridge,1900.0,2053.6427057849514,16.0,22.770961350333373,25.0,31.018282446727152,81.0,83.84273595853267,122.0,113.3987816767365,138.0,122.4831676885609
3346,2017-01-16 16:00:00,Changping,station_target_delta_ridge,1500.0,1601.8315305388878,12.0,1.049682163870667,10.0,26.02025938052133,77.0,84.25042121964046,109.0,109.84823837141316,134.0,145.00600882094827
3347,2017-01-16 17:00:00,Wanliu,station_target_delta_ridge,1500.0,1601.2923565193178,9.0,-0.8230601837676499,25.0,21.907168959482558,85.0,86.52592322987648,106.0,120.79025890488249,106.0,115.59674249681476
3348,2017-01-16 20:00:00,Aotizhongxin,station_target_delta_ridge,2100.0,1985.6226671512436,17.0,17.198979872487612,19.0,18.938199944218866,97.0,95.4083444490902,125.0,122.29618494345006,130.0,144.24781393141407
3349,2017-01-16 21:00:00,Wanliu,station_target_delta_ridge,2300.0,2470.5843418664012,9.0,6.030694460195273,28.0,23.998399786609422,85.0,93.33341846189683,130.0,135.33173107766427,141.0,145.96100757144004
3350,2017-01-16 23:00:00,Tiantan,station_target_delta_ridge,2200.0,2178.7205858843636,12.0,15.843957888731065,29.0,26.158226841025737,77.0,76.79686541898563,105.0,114.94170299076855,105.0,114.9051251086472
3351,2017-01-17 01:00:00,Dongsi,station_target_delta_ridge,3100.0,3085.166906806273,6.0,7.107249233891852,33.0,22.541620351723637,66.0,61.92715776794127,117.0,121.70202537844965,125.0,138.31357420174905
3352,2017-01-17 02:00:00,Wanliu,station_target_delta_ridge,2500.0,2572.2821246043254,13.0,12.800426860884826,24.0,30.467750083263663,80.0,89.83511584217673,143.0,140.46684436932327,149.0,145.97679359368206
3353,2017-01-17 04:00:00,Guanyuan,station_target_delta_ridge,2700.0,2580.8257624942794,1.0,8.263963455007937,23.0,36.34223272887241,77.0,78.74691851325701,134.0,145.2848564806798,147.0,148.99857086021228
3354,2017-01-17 06:00:00,Aotizhongxin,station_target_delta_ridge,2400.0,2367.5844764691383,14.0,14.613742118530393,20.0,27.34671867567224,78.0,71.31327858428126,120.0,121.09458382201048,120.0,139.36629934077504
3355,2017-01-17 07:00:00,Nongzhanguan,station_target_delta_ridge,2700.0,1843.776093985673,9.0,4.316252644689557,29.0,18.1534846397384,75.0,72.18432829166943,121.0,107.89790998424434,149.0,124.51778367187575
3356,2017-01-17 09:00:00,Changping,station_target_delta_ridge,2800.0,2906.6375152276405,1.0,9.709713853782677,16.0,22.094729923714393,73.0,79.30976192971328,150.0,146.70236127999658,150.0,159.66173717707653
3357,2017-01-17 10:00:00,Shunyi,station_target_delta_ridge,2300.0,2244.5998329582794,6.0,13.335295279564411,25.0,25.028479213399233,60.0,59.376180055328845,126.0,122.31740222589136,126.0,121.41479000013072
3358,2017-01-17 12:00:00,Shunyi,station_target_delta_ridge,2400.0,2361.856437999241,16.0,14.054865992987729,55.0,35.398409155049194,69.0,53.95371572502952,136.0,141.71918964782867,136.0,135.35963734857472
3359,2017-01-17 14:00:00,Huairou,station_target_delta_ridge,1400.0,1380.6211380662644,27.0,27.676136311854073,17.0,16.789221383951496,53.0,57.37644184925302,126.0,125.19777183659936,139.0,131.64058169994723
3360,2017-01-17 16:00:00,Gucheng,station_target_delta_ridge,1700.0,1694.1853559001138,34.0,28.982355215311706,32.0,38.94653248816837,75.0,67.33238491402682,157.0,153.93754957071636,178.0,173.70476979451348
3361,2017-01-17 18:00:00,Changping,station_target_delta_ridge,1500.0,435.02532991897124,10.0,130.57592007444978,17.0,15.909823520031493,91.0,42.01489191458093,146.0,135.67265055939103,146.0,148.78602915272614
3362,2017-01-17 19:00:00,Tiantan,station_target_delta_ridge,2400.0,2540.751271757845,6.0,1.734542807749202,17.0,6.449037214349258,110.0,105.3553750217204,154.0,166.37811936351102,166.0,170.41948481025403
3363,2017-01-17 21:00:00,Gucheng,station_target_delta_ridge,2200.0,1885.7950254115306,3.0,9.044061821143075,36.0,32.97478624014056,107.0,84.84223539358317,167.0,168.21393521723581,192.0,203.99598804733796
3364,2017-01-17 22:00:00,Wanshouxigong,station_target_delta_ridge,2100.0,2183.2197254445286,1.0,1.9655537321527774,28.0,26.175184993597206,93.0,99.54334711724657,170.0,176.3992442832043,170.0,185.89986393030253
3365,2017-01-18 00:00:00,Tiantan,station_target_delta_ridge,2400.0,1955.1499865712617,6.0,3.7678473987741716,20.0,17.96207051643822,84.0,79.41153434330366,155.0,116.75626836231358,155.0,118.64213714785195
3366,2017-01-18 02:00:00,Nongzhanguan,station_target_delta_ridge,1800.0,1801.651372823367,15.0,14.490083104590031,16.0,28.681372654486466,97.0,92.48397775281141,107.0,96.3815141632898,107.0,132.1799817155253
3367,2017-01-18 05:00:00,Huairou,station_target_delta_ridge,1300.0,640.0,34.0,34.5,9.0,13.8,29.0,44.4,33.0,30.6,33.0,34.9
3368,2017-01-18 07:00:00,Dongsi,station_target_delta_ridge,500.0,692.5029839391855,25.0,27.154245185353968,4.0,2.444775148174317,61.0,47.056281068302866,28.0,17.149649778223726,28.0,12.510137706169244
3369,2017-01-18 09:00:00,Gucheng,station_target_delta_ridge,1500.0,1563.248658755919,7.0,24.1432111774778,30.0,21.029532615894894,73.0,79.44106459559924,32.0,34.442237657082345,70.0,44.430872347109386
3370,2017-01-18 11:00:00,Dingling,station_target_delta_ridge,300.0,437.20632376945514,64.0,55.693089428061896,8.0,12.108519832841356,11.0,16.600119998565887,12.0,22.17506520050315,14.0,31.546637710290597
3371,2017-01-18 12:00:00,Shunyi,station_target_delta_ridge,400.0,414.5859131999034,63.0,59.195415030145284,4.0,5.942239266774372,7.0,8.1579829228796,12.0,11.44379102899085,12.0,9.797105828822087
3372,2017-01-18 14:00:00,Dongsi,station_target_delta_ridge,700.0,590.3288426138199,36.0,37.79186814392379,6.0,5.274496765817085,35.0,36.04542996988904,25.0,28.219556908600318,42.0,44.654999530527945
3373,2017-01-18 15:00:00,Wanliu,station_target_delta_ridge,900.0,770.1809534238117,33.0,25.677819547260928,10.0,9.902982865994137,54.0,49.149320309117385,42.0,36.03291948683996,62.0,59.129626963563716
3374,2017-01-18 17:00:00,Guanyuan,station_target_delta_ridge,600.0,970.3293872098624,24.0,18.997966627692737,13.0,12.98291159782394,67.0,75.3432372206604,67.0,62.88128567661566,90.0,99.4049466382049
3375,2017-01-18 18:00:00,Wanshouxigong,station_target_delta_ridge,900.0,914.9214348923218,8.0,9.782506244208534,8.0,10.31796038916331,72.0,74.42524340482179,46.0,46.68330815491253,69.0,57.34899463771203
3376,2017-01-18 20:00:00,Gucheng,station_target_delta_ridge,1300.0,1341.3759952747907,4.0,7.468285361001371,24.0,21.967893334724888,84.0,84.66495866670559,67.0,72.0909381020003,105.0,99.0155700578776
3377,2017-01-18 21:00:00,Wanshouxigong,station_target_delta_ridge,900.0,1524.3557041433694,2.0,-2.4597792356182886,9.0,10.915842828290057,77.0,80.42302966976264,51.0,57.15048573077768,73.0,82.79254256904731
3378,2017-01-18 23:00:00,Gucheng,station_target_delta_ridge,1600.0,1630.4266371636932,4.0,6.9881579502127495,29.0,29.218452368960115,86.0,84.47103200300162,74.0,70.52560496096717,136.0,113.56944321076311
3379,2017-01-19 01:00:00,Aotizhongxin,station_target_delta_ridge,1800.0,1313.6568761546248,9.0,9.069340296851953,23.0,23.56315131381399,95.0,92.74693984061241,76.0,80.23622378251488,98.0,99.33119629570677
3380,2017-01-19 02:00:00,Huairou,station_target_delta_ridge,100.0,1559.1658863234359,20.0,19.52520531675166,5.0,8.083134418434902,24.0,27.071627624500863,48.0,42.8044565251369,62.0,68.3417503236368
3381,2017-01-19 10:00:00,Aotizhongxin,station_target_delta_ridge,700.0,1826.6555162286468,50.0,41.01254227813506,18.0,18.39274538929799,27.0,45.38742019382408,34.0,70.59928338382063,114.0,135.11447555326802
3382,2017-01-19 11:00:00,Nongzhanguan,station_target_delta_ridge,300.0,623.6258878152205,54.0,45.14078147984771,9.0,10.788191975317146,17.0,13.070691034964113,13.0,12.947629744791314,149.0,139.59280272058686
3383,2017-01-19 13:00:00,Changping,station_target_delta_ridge,400.0,538.5685302225545,45.0,47.12829089878037,4.0,2.8296203087329688,18.0,17.76104524327088,11.0,10.829466615735631,93.0,159.5639929869542
3384,2017-01-19 14:00:00,Nongzhanguan,station_target_delta_ridge,200.0,230.40077176866356,69.0,71.85475560885207,5.0,4.00563974795521,14.0,12.624410539375841,13.0,9.843268016619167,89.0,102.94871970395657
3385,2017-01-19 16:00:00,Dingling,station_target_delta_ridge,200.0,227.320895617497,83.0,83.71279411889019,2.0,1.1800426058398965,2.0,1.8042039828809804,9.0,2.972416423651035,22.0,27.804601551399564
3386,2017-01-19 17:00:00,Shunyi,station_target_delta_ridge,200.0,203.48180864369368,77.0,73.20670038294344,3.0,2.166582115231912,8.0,8.1436721544658,3.0,4.854919384361989,25.0,55.2385552603664
3387,2017-01-19 19:00:00,Dingling,station_target_delta_ridge,300.0,343.2825536004359,83.0,78.78005972309705,3.0,1.9782709489168302,2.0,3.4199038168584446,8.0,9.107881779774397,8.0,50.489363322214984
3388,2017-01-19 20:00:00,Shunyi,station_target_delta_ridge,300.0,315.77126875296517,71.0,67.61912985491574,5.0,2.974671779666455,9.0,8.63618763839473,12.0,8.187665753371565,17.0,27.842113353128767
3389,2017-01-19 22:00:00,Dongsi,station_target_delta_ridge,200.0,196.25385797494218,59.0,59.64598066374564,7.0,4.66991406444007,21.0,16.925983516190907,9.0,11.740837379847848,18.0,20.854262333746217
3390,2017-01-19 23:00:00,Tiantan,station_target_delta_ridge,600.0,467.2571327481366,53.0,58.5582241384753,5.0,5.904160288781541,24.0,21.275635544209212,9.0,3.946423647415967,13.0,12.724089183662604
3391,2017-01-20 01:00:00,Dongsi,station_target_delta_ridge,200.0,38.172967024398616,60.0,55.69745185976625,5.0,4.211741284385777,20.0,18.604266064194647,16.0,9.652967856575627,16.0,15.860296847358944
3392,2017-01-20 02:00:00,Wanliu,station_target_delta_ridge,600.0,539.6336031212687,49.0,56.496648408587305,6.0,4.92098669867936,27.0,22.78541448899387,8.0,13.45188022284574,16.0,19.3851171352136
3393,2017-01-20 04:00:00,Guanyuan,station_target_delta_ridge,400.0,405.60713042947344,75.0,69.74282272216722,6.0,7.188427497464394,16.0,18.55296201936543,10.0,5.051105092547891,11.0,6.601850495823477
3394,2017-01-20 05:00:00,Wanliu,station_target_delta_ridge,700.0,618.8126380501141,47.0,52.41589688423477,7.0,4.946853038735302,29.0,19.721072712717092,9.0,7.911302403966997,17.0,17.894666117915378
3395,2017-01-20 07:00:00,Guanyuan,station_target_delta_ridge,500.0,514.5369342091996,43.0,48.266234906436374,7.0,7.916930351969423,38.0,35.96121537171049,7.0,7.710179262051302,20.0,15.951272734810892
3396,2017-01-20 08:00:00,Wanshouxigong,station_target_delta_ridge,1200.0,897.0846154254345,34.0,30.5481458442461,5.0,4.211194603353162,36.0,39.35137334995919,11.0,9.38973270496842,22.0,22.363690852195123
3397,2017-01-20 10:00:00,Gucheng,station_target_delta_ridge,100.0,1003.8138816173077,33.0,43.46233028475723,11.0,13.81187843661268,41.0,42.2705977690338,26.0,21.416585682005085,31.0,52.186285352249115
3398,2017-01-20 11:00:00,Wanshouxigong,station_target_delta_ridge,1400.0,1309.6579321265176,36.0,38.05117732129551,7.0,6.645539466709719,39.0,37.292969166536885,17.0,19.253933369742818,29.0,18.595100493702986
3399,2017-01-20 13:00:00,Huairou,station_target_delta_ridge,300.0,303.8566338312551,74.0,73.10091746926786,3.0,4.3251483949589264,5.0,6.7071348292282975,11.0,6.764365373088973,11.0,13.051265877914913
3400,2017-01-20 15:00:00,Aotizhongxin,station_target_delta_ridge,700.0,703.8682839577245,59.0,64.62749836148564,8.0,6.928575648087296,39.0,34.73802380366341,17.0,22.177994878357346,31.0,30.79840971766341
3401,2017-01-20 16:00:00,Huairou,station_target_delta_ridge,300.0,311.94740048680484,72.0,71.85690708239117,6.0,4.715081654108286,11.0,12.204370657883047,11.0,13.414999599508292,17.0,33.71540051691197
3402,2017-01-20 18:00:00,Changping,station_target_delta_ridge,900.0,856.6642725406177,37.0,30.152990499586124,17.0,13.94575603526406,51.0,56.55640238341668,32.0,33.357256283228836,61.0,62.84603833674396
3403,2017-01-20 19:00:00,Nongzhanguan,station_target_delta_ridge,700.0,672.5947251864139,33.0,38.719250644904065,8.0,8.660687144238405,62.0,56.468225487138476,38.0,40.596210966613796,67.0,67.03192496946193
3404,2017-01-20 21:00:00,Changping,station_target_delta_ridge,1400.0,1326.0550361998,13.0,19.610463167979702,20.0,18.552465860949646,67.0,60.44813083483325,46.0,46.82608687220642,67.0,68.56744363089952
3405,2017-01-20 22:00:00,Nongzhanguan,station_target_delta_ridge,900.0,890.2152106724236,18.0,56.61247018063158,18.0,18.05932012550523,77.0,70.8062834468203,54.0,69.11933131375432,77.0,84.70894402364307
3406,2017-01-21 00:00:00,Dingling,station_target_delta_ridge,1800.0,1642.0241330449626,25.0,21.674820057731196,16.0,18.89585731528509,43.0,42.88515497423493,55.0,58.358314453297204,74.0,61.053438727246046
3407,2017-01-21 01:00:00,Shunyi,station_target_delta_ridge,3100.0,3046.483256170244,5.0,3.0643177921095486,31.0,30.41976379694271,82.0,77.30245658543794,124.0,105.92149444818665,130.0,112.17296452935628
3408,2017-01-21 03:00:00,Dongsi,station_target_delta_ridge,1900.0,1314.4148650343068,2.0,2.479788822657881,51.0,37.70586114904624,87.0,72.696743666533,93.0,97.83251661251815,137.0,136.2252433863985
3409,2017-01-21 04:00:00,Wanliu,station_target_delta_ridge,2100.0,3178.4381670429766,60.0,58.298306881047615,28.0,31.266346860875505,85.0,85.76803751493163,79.0,88.99936117170999,81.0,96.49974708165409
3410,2017-01-21 06:00:00,Guanyuan,station_target_delta_ridge,700.0,707.6552817184041,51.0,18.940981701547642,10.0,16.378075185347793,38.0,54.72425680213009,31.0,43.80254278252115,31.0,55.66716140100681
3411,2017-01-21 07:00:00,Wanliu,station_target_delta_ridge,400.0,248.17071079194807,69.0,63.45778069167801,7.0,5.396267684024385,17.0,24.819270462044372,10.0,8.083281700887191,29.0,38.34087322737067
3412,2017-01-21 09:00:00,Gucheng,station_target_delta_ridge,500.0,345.7373079693019,55.0,63.6622192171567,3.0,2.541917247907039,10.0,9.356939817855826,7.0,4.9007254401600315,36.0,19.941886146797074
3413,2017-01-21 10:00:00,Wanshouxigong,station_target_delta_ridge,300.0,318.7695914112122,66.0,69.56712117479428,2.0,1.7062426738744825,8.0,7.00975347163438,4.0,9.52966408054531,24.0,32.82829681248028
3414,2017-01-21 12:00:00,Gucheng,station_target_delta_ridge,500.0,348.6216774655688,56.0,76.7119368656108,3.0,2.2085024801750786,9.0,5.003611288641961,12.0,3.5526848278886725,104.0,44.41569822649977
3415,2017-01-21 13:00:00,Wanshouxigong,station_target_delta_ridge,400.0,384.6756105245386,68.0,68.55350925067549,2.0,2.3171505059646593,5.0,4.947633694459045,6.0,11.424428782199147,48.0,46.33997586423821
3416,2017-01-21 15:00:00,Huairou,station_target_delta_ridge,200.0,199.86574880898735,79.0,79.63270541131065,6.0,5.647414852533658,7.0,7.8041778398273465,4.0,1.630592001729807,22.0,22.836144906988622
3417,2017-01-21 17:00:00,Aotizhongxin,station_target_delta_ridge,300.0,321.9834131841759,77.0,77.72724910798425,3.0,2.0029084887389983,7.0,5.9173308059751495,8.0,6.894848586477822,35.0,36.456111471277175
3418,2017-01-21 18:00:00,Huairou,station_target_delta_ridge,200.0,214.89925065192637,76.0,76.20846390829128,7.0,6.158887525823519,8.0,8.195605524235434,9.0,2.8281709306519196,28.0,25.492098926143782
3419,2017-01-21 20:00:00,Changping,station_target_delta_ridge,400.0,444.5661960844191,49.0,47.12252275836765,8.0,7.081473651309534,18.0,20.390504351815633,14.0,19.542979054232493,27.0,34.07051134033434
3420,2017-01-21 21:00:00,Nongzhanguan,station_target_delta_ridge,400.0,378.8780758452357,50.0,64.79752835289693,6.0,5.5142962191216425,25.0,19.736494086009305,5.0,14.345053367354677,24.0,21.05624071604688
3421,2017-01-21 23:00:00,Changping,station_target_delta_ridge,600.0,812.8649554337167,33.0,26.455561831677528,13.0,13.181684666538773,37.0,37.37314518970836,16.0,23.86996410135481,20.0,28.6611350166195
3422,2017-01-22 00:00:00,Shunyi,station_target_delta_ridge,700.0,380.97538974315876,51.0,54.7722633471276,11.0,3.643736192480758,20.0,17.83739355345548,19.0,6.588406228913862,28.0,8.256581276275185
3423,2017-01-22 02:00:00,Dingling,station_target_delta_ridge,300.0,336.0498417589756,76.0,69.75463157964045,2.0,2.6900805751567756,2.0,2.2463837563671465,5.0,7.408722625966721,12.0,11.575403230870256
3424,2017-01-22 03:00:00,Shunyi,station_target_delta_ridge,400.0,369.39645936574703,54.0,45.97023463872253,18.0,23.621071678349068,15.0,17.045091763729886,8.0,4.684326153696935,11.0,8.490711363025888
3425,2017-01-22 05:00:00,Dingling,station_target_delta_ridge,300.0,334.3551696064757,73.0,66.01807073404807,2.0,2.8574514757495315,2.0,3.469709932629253,6.0,7.748538361164461,9.0,14.768345045345258
3426,2017-01-22 06:00:00,Tiantan,station_target_delta_ridge,700.0,639.7375864349356,24.0,29.96271465575795,8.0,8.030451130179054,49.0,42.80114786563896,9.0,7.743063683218397,22.0,21.59251840696993
3427,2017-01-22 08:00:00,Dongsi,station_target_delta_ridge,100.0,880.2377311613991,20.0,18.743016471046495,11.0,10.902621445529126,47.0,54.822890271139826,21.0,23.999182881338655,21.0,34.80172312692472
3428,2017-01-22 09:00:00,Tiantan,station_target_delta_ridge,800.0,383.6435443424266,23.0,15.406121921687538,7.0,14.609415955771482,53.0,58.03982242805984,14.0,14.671387875078558,25.0,37.65951023537297
3429,2017-01-22 11:00:00,Guanyuan,station_target_delta_ridge,900.0,264.9211269691774,52.0,41.32078654910739,8.0,11.59351791997066,34.0,38.37065498423552,12.0,17.340415135386138,24.0,21.485064434212262
3430,2017-01-22 12:00:00,Wanliu,station_target_delta_ridge,700.0,770.5945712633813,46.0,47.18233782978935,10.0,14.301545186360002,37.0,37.2020136461492,16.0,13.717164820441589,23.0,18.681513816059645
3431,2017-01-22 14:00:00,Guanyuan,station_target_delta_ridge,900.0,670.5487151191268,43.0,55.132565656487614,9.0,9.015525379092226,53.0,48.396093875689566,20.0,25.465333383369863,32.0,29.729385207847557
3432,2017-01-22 15:00:00,Wanshouxigong,station_target_delta_ridge,900.0,101.3920717636934,44.0,37.54615062612756,12.0,12.473707292480436,37.0,49.37757067352726,39.0,21.348453670066906,49.0,40.57503268312678
3433,2017-01-22 17:00:00,Gucheng,station_target_delta_ridge,1200.0,1141.0644779330335,56.0,55.38604727011031,17.0,17.648792810377746,35.0,34.88624814827068,57.0,14.50369050623334,99.0,31.171881292273248
3434,2017-01-22 18:00:00,Wanshouxigong,station_target_delta_ridge,1200.0,1631.854556058122,45.0,37.44371987730486,18.0,17.572611776281597,45.0,44.22612600660204,78.0,85.24132008101547,109.0,110.21550924401494
3435,2017-01-22 20:00:00,Gucheng,station_target_delta_ridge,1800.0,1535.4068161194964,16.0,30.007701112128295,23.0,18.21988925053257,89.0,62.320575797090314,83.0,68.67066604283417,126.0,108.71248346438283
3436,2017-01-22 22:00:00,Aotizhongxin,station_target_delta_ridge,100.0,1075.032345317517,11.0,17.80688461300776,18.0,14.682370696565833,87.0,75.35053917961228,31.0,26.78832919467188,34.0,42.2548476680915
3437,2017-01-22 23:00:00,Huairou,station_target_delta_ridge,300.0,443.7439120648485,43.0,23.30190009760502,3.0,4.402137472564748,11.0,19.04349432627941,19.0,28.507419991293276,29.0,32.90983759951771
3438,2017-01-23 01:00:00,Aotizhongxin,station_target_delta_ridge,800.0,589.6548901252479,41.0,42.51083958428763,14.0,14.842033574092733,38.0,33.32912879124784,22.0,21.120368615444093,36.0,28.343434631594807
3439,2017-01-23 02:00:00,Nongzhanguan,station_target_delta_ridge,800.0,358.372933432207,27.0,19.856569321692426,18.0,21.175044520340226,39.0,44.84104850786165,27.0,26.94555241837451,27.0,28.034243353632643
3440,2017-01-23 04:00:00,Changping,station_target_delta_ridge,600.0,106.62302360907903,56.0,30.512566816694154,3.0,10.639736377211163,27.0,27.168584317073453,38.0,31.956029898352266,38.0,34.92088736943713
3441,2017-01-23 05:00:00,Nongzhanguan,station_target_delta_ridge,900.0,877.6817055481507,19.0,23.668285246634678,20.0,19.48619207654677,50.0,40.717038991484806,17.0,26.860245279633173,21.0,22.376031686220742
3442,2017-01-23 07:00:00,Dingling,station_target_delta_ridge,100.0,1083.5814214610843,24.0,19.886255183095784,9.0,7.77778660591396,31.0,33.158905266887984,30.0,30.14151103369393,33.0,29.056787197790033
3443,2017-01-23 08:00:00,Shunyi,station_target_delta_ridge,500.0,571.2095440832976,51.0,44.51580304507341,16.0,19.416549953808307,18.0,25.456244590885138,10.0,6.402597659999504,12.0,5.1054748864611845
3444,2017-01-23 10:00:00,Dingling,station_target_delta_ridge,700.0,218.57017068180954,45.0,27.725082502364174,14.0,12.207856442415046,22.0,31.883160893374725,27.0,30.412942625310304,37.0,49.67290527894285
3445,2017-01-23 11:00:00,Shunyi,station_target_delta_ridge,500.0,548.6436189320375,62.0,58.86514879021788,13.0,13.198394969696253,12.0,20.065035871187344,10.0,12.084949458671016,18.0,6.118980972334931
3446,2017-01-23 13:00:00,Dongsi,station_target_delta_ridge,800.0,599.0527073093953,48.0,50.547699748749125,7.0,4.66341125694961,27.0,27.360510409494278,8.0,22.96812906438673,30.0,27.720490816551546
3447,2017-01-23 14:00:00,Tiantan,station_target_delta_ridge,800.0,742.0503546198274,44.0,44.99798231209524,12.0,8.79316080164872,48.0,43.11793056024766,28.0,27.920007678801472,34.0,45.87134525484471
3448,2017-01-23 16:00:00,Guanyuan,station_target_delta_ridge,1200.0,849.8098490804769,76.0,70.90622257708462,13.0,8.812835258402565,2.0,46.94717355705558,40.0,42.02887361396469,53.0,77.16161552758889
3449,2017-01-23 17:00:00,Wanshouxigong,station_target_delta_ridge,1100.0,-266.3713315838324,26.0,10.330582304984677,19.0,20.382241715840703,63.0,67.13938904270908,46.0,47.733433056777564,64.0,60.91464742004487
3450,2017-01-23 19:00:00,Huairou,station_target_delta_ridge,700.0,699.5970542850206,26.0,18.409601634528475,6.0,6.0845106113771115,47.0,48.99791721226698,21.0,27.4684863897483,44.0,48.76234551061731
3451,2017-01-23 21:00:00,Aotizhongxin,station_target_delta_ridge,1800.0,2042.6907824813297,17.0,16.521335571354186,25.0,24.244468530205914,96.0,91.30499847886146,80.0,79.3115733943961,95.0,104.55301249293858
3452,2017-01-23 22:00:00,Huairou,station_target_delta_ridge,900.0,885.7897709589563,35.0,36.06361703804656,6.0,6.7228589900519165,25.0,28.40190249274142,35.0,37.9549112799366,53.0,51.00175645914561
3453,2017-01-24 00:00:00,Changping,station_target_delta_ridge,100.0,1404.699828831994,20.0,14.755261046447878,14.0,20.170803631581933,39.0,57.85388780591425,52.0,51.12584789601223,52.0,43.564992376171205
3454,2017-01-24 01:00:00,Nongzhanguan,station_target_delta_ridge,3800.0,3628.9007296778104,55.0,52.40915584618525,60.0,40.78553350400107,88.0,93.69972715552582,150.0,132.62831074664408,169.0,170.8773417941693
3455,2017-01-24 03:00:00,Changping,station_target_delta_ridge,1200.0,1345.9146491340493,24.0,21.138203739960957,9.0,14.566321537279805,32.0,37.911487294812304,39.0,54.21599211115065,39.0,52.50422282870872
3456,2017-01-24 04:00:00,Shunyi,station_target_delta_ridge,2200.0,2342.0227962165345,2.0,-1.1070231318784542,18.0,19.735509943453142,66.0,63.23826145300134,64.0,62.78355589841287,64.0,68.99093994546254
3457,2017-01-24 06:00:00,Dingling,station_target_delta_ridge,800.0,773.6133796547323,23.0,27.16611465221194,6.0,5.520877873770447,31.0,27.97554835966871,33.0,44.16127681350798,33.0,36.40885541248016
3458,2017-01-24 07:00:00,Shunyi,station_target_delta_ridge,1500.0,1001.9703992884131,4.0,9.754479676241267,19.0,18.530821226888147,56.0,46.615934526159656,34.0,37.71589524342146,34.0,40.04528420266529
3459,2017-01-24 09:00:00,Dongsi,station_target_delta_ridge,1300.0,1536.1894196887877,8.0,22.126609052683303,15.0,16.458684695893922,52.0,58.70852782431294,41.0,40.70062829151324,41.0,49.64306549598904
3460,2017-01-24 10:00:00,Tiantan,station_target_delta_ridge,1400.0,1496.7289888725686,7.0,7.3408920046218675,12.0,9.292367749564844,65.0,62.2970675851925,27.0,42.55385796103177,53.0,57.80774487050665
3461,2017-01-24 12:00:00,Dongsi,station_target_delta_ridge,1600.0,1422.888720338925,51.0,45.274375030220625,19.0,20.131319821487672,53.0,52.418315451148885,59.0,41.33540045195925,74.0,65.17365345814171
3462,2017-01-24 13:00:00,Tiantan,station_target_delta_ridge,1500.0,1478.3492882865971,24.0,34.76521038280855,23.0,22.11553539213546,75.0,73.76448434099656,69.0,75.34804651095003,84.0,84.1886154667094
3463,2017-01-24 15:00:00,Guanyuan,station_target_delta_ridge,100.0,1300.2261678976367,30.0,33.23498312353257,25.0,25.41840937927293,85.0,84.00876077989716,95.0,97.76951990248811,123.0,108.93397775855368
3464,2017-01-24 16:00:00,Wanshouxigong,station_target_delta_ridge,1900.0,1636.3636363636363,26.0,30.0,34.0,31.272727272727273,2.0,84.36363636363636,86.0,96.45454545454545,185.0,113.45454545454545
3465,2017-01-24 18:00:00,Gucheng,station_target_delta_ridge,2600.0,2512.720828104812,15.0,2.077626500896532,39.0,34.54631949269097,109.0,105.54846969192116,137.0,130.56618230722523,161.0,149.06086586143815
3466,2017-01-24 20:00:00,Aotizhongxin,station_target_delta_ridge,2600.0,2486.2745712803735,49.0,46.33353271272719,38.0,37.424981881428316,121.0,120.14391790197779,134.0,129.5635867842583,137.0,137.09415436110731
3467,2017-01-24 21:00:00,Huairou,station_target_delta_ridge,2000.0,2641.2090598591967,60.0,64.17052192358784,17.0,18.175792459990536,74.0,83.70327513163637,103.0,98.6645736009088,118.0,113.92038316549886
3468,2017-01-24 23:00:00,Aotizhongxin,station_target_delta_ridge,2400.0,2627.227401886275,49.0,44.21181354971084,45.0,41.705381366110885,100.0,95.28462303211818,128.0,131.85191274351723,128.0,146.4624820944393
3469,2017-01-25 00:00:00,Nongzhanguan,station_target_delta_ridge,3800.0,2459.0299772559642,5.0,4.454921502291953,53.0,43.617369849673565,93.0,94.87712167177177,160.0,142.5856287624843,181.0,151.87380337332468
3470,2017-01-25 02:00:00,Changping,station_target_delta_ridge,2600.0,3767.192332639828,2.0,1.6951915685542107,52.0,41.46088693993376,56.0,79.87884668427313,156.0,168.9647956920038,156.0,161.76931759103982
3471,2017-01-25 03:00:00,Nongzhanguan,station_target_delta_ridge,4300.0,3377.3621939107556,6.0,5.386523491774825,52.0,50.94327054715897,88.0,90.82949722164514,198.0,191.42153874178138,198.0,199.2301985891717
3472,2017-01-25 05:00:00,Changping,station_target_delta_ridge,1800.0,1256.993835597094,2.0,1.860602386605784,8.0,7.902181917250916,80.0,35.09922724760769,118.0,118.18256932748206,118.0,119.2535794456921
3473,2017-01-25 06:00:00,Shunyi,station_target_delta_ridge,3300.0,3362.4493074154125,3.0,1.2987450881187237,21.0,23.505061343124805,75.0,80.4138981079403,102.0,128.525264821474,102.0,134.5056387661789
3474,2017-01-25 08:00:00,Dingling,station_target_delta_ridge,2100.0,2214.2954365915707,13.0,10.18457532133876,15.0,13.610680133602227,62.0,69.94108360913707,130.0,138.71578402219586,130.0,126.85930979641913
3475,2017-01-25 09:00:00,Shunyi,station_target_delta_ridge,3200.0,4086.1830409760173,66.0,27.84254404808438,26.0,29.218593815240506,65.0,70.9540689342457,95.0,125.56111824752524,95.0,124.05419097855682
3476,2017-01-25 11:00:00,Dongsi,station_target_delta_ridge,2600.0,3028.73721023325,12.0,11.623112519024422,45.0,54.69839242189041,82.0,91.26571028114346,144.0,155.73464522316087,144.0,154.98123154694744
3477,2017-01-25 12:00:00,Tiantan,station_target_delta_ridge,2700.0,2682.385471328429,17.0,16.93815932883517,43.0,39.49533200867042,89.0,89.51887882749783,142.0,131.95098618308842,145.0,140.24358985880636
3478,2017-01-25 15:00:00,Dongsi,station_target_delta_ridge,2600.0,2145.4545454545455,25.0,40.09090909090909,42.0,46.72727272727273,89.0,89.63636363636364,163.0,162.0,174.0,165.36363636363637
3479,2017-01-25 16:00:00,Wanliu,station_target_delta_ridge,2600.0,2969.066426318912,23.0,23.60303744594284,55.0,54.38470199884547,120.0,113.26500650210764,168.0,181.98584953044372,168.0,178.75055196861132
3480,2017-01-25 18:00:00,Guanyuan,station_target_delta_ridge,2900.0,2484.3791198722124,4.0,9.030062864308817,83.0,49.93963867971553,122.0,113.5008676728488,208.0,198.9273287584201,216.0,204.53975620102543
3481,2017-01-25 19:00:00,Wanliu,station_target_delta_ridge,300.0,-33.02422729808194,6.0,5.964277028515465,34.0,35.16057154249472,127.0,140.72050339209127,203.0,196.00304085196578,203.0,200.68891824537164
3482,2017-01-25 21:00:00,Gucheng,station_target_delta_ridge,3600.0,4147.177838512517,21.0,37.4080735651144,40.0,41.296171613534455,126.0,131.1808658283565,239.0,236.629666877199,248.0,244.6855192207954
3483,2017-01-25 23:00:00,Aotizhongxin,station_target_delta_ridge,4300.0,4025.945472240459,57.0,52.64647115027701,30.0,30.775793847858495,128.0,125.75239093937542,253.0,251.88353712168953,253.0,261.6656764135421
3484,2017-01-26 00:00:00,Huairou,station_target_delta_ridge,3000.0,3442.2809494169883,64.0,65.99549647505599,17.0,17.063741190551248,64.0,72.82080599309548,192.0,203.284671802439,192.0,216.91532424923955
3485,2017-01-26 02:00:00,Aotizhongxin,station_target_delta_ridge,5400.0,5373.127810298107,57.0,51.93621110711593,22.0,23.120975895577867,120.0,118.5900756102233,295.0,283.94641758845887,295.0,312.5448428505224
3486,2017-01-26 03:00:00,Nongzhanguan,station_target_delta_ridge,4400.0,5228.820477649215,43.0,42.91952249347002,42.0,38.967848554445155,93.0,94.6775576013913,339.0,334.45012851048705,339.0,318.6196689693165
3487,2017-01-26 05:00:00,Changping,station_target_delta_ridge,3500.0,5041.313448017223,2.0,4.6710546261521095,27.0,24.7548718882305,99.0,103.4028850892067,210.0,207.63860728799943,210.0,217.90891153929667
3488,2017-01-26 06:00:00,Nongzhanguan,station_target_delta_ridge,5500.0,5666.083308889429,5.0,0.25754326057122245,54.0,53.3947971257737,89.0,90.87323282464345,320.0,323.0460559775968,320.0,323.65162171027094
3489,2017-01-26 08:00:00,Dingling,station_target_delta_ridge,300.0,3009.948414178988,8.0,30.179568966337033,20.0,18.563318341822338,76.0,82.95243792035453,228.0,231.82138543301033,228.0,224.48024934965446
3490,2017-01-26 09:00:00,Shunyi,station_target_delta_ridge,6200.0,5137.45846510056,3.0,1.9115158665392182,30.0,27.263803308511832,81.0,75.4019945591078,245.0,238.50518543226323,245.0,243.93244702158546
3491,2017-01-26 11:00:00,Dingling,station_target_delta_ridge,4200.0,4197.110132580259,15.0,20.583559478426967,43.0,34.29962017984846,90.0,77.49916696878505,283.0,234.24851978265684,283.0,287.2925897671647
3492,2017-01-26 12:00:00,Shunyi,station_target_delta_ridge,4000.0,3809.5635291049157,71.0,26.30033428091633,49.0,40.988409219895104,78.0,74.76922757224219,292.0,296.4741867889488,292.0,258.63617408601704
3493,2017-01-26 14:00:00,Gucheng,station_target_delta_ridge,700.0,-172.5338179172353,42.0,48.49165427409703,3.0,6.277730057731214,2.0,-1.4319340906991584,26.0,-4.39457726353298,68.0,119.90735241061972
3494,2017-01-26 16:00:00,Aotizhongxin,station_target_delta_ridge,300.0,561.6854725674077,87.0,79.0427934514949,5.0,10.737186468551457,10.0,10.038856020184696,8.0,36.3851952213255,64.0,106.09455347834736
3495,2017-01-26 17:00:00,Shunyi,station_target_delta_ridge,200.0,281.8181818181818,84.0,76.63636363636364,3.0,2.909090909090909,4.0,11.727272727272727,4.0,8.545454545454545,59.0,74.63636363636364
3496,2017-01-26 19:00:00,Dongsi,station_target_delta_ridge,300.0,118.27117262266074,76.0,74.64753324032462,2.0,1.5889575461165595,16.0,11.836592871946747,18.0,4.436650921252689,51.0,100.75179608615436
3497,2017-01-26 20:00:00,Tiantan,station_target_delta_ridge,400.0,317.5359041647033,74.0,77.38004409790038,4.0,5.791450670138448,21.0,18.857604617923833,9.0,8.830026991902926,9.0,10.675847326151834
3498,2017-01-26 22:00:00,Dongsi,station_target_delta_ridge,300.0,168.18918085267413,76.0,73.89783458085012,2.0,1.864598815192712,19.0,17.495511413329414,5.0,4.535025072698319,18.0,26.457698950508465
3499,2017-01-26 23:00:00,Tiantan,station_target_delta_ridge,400.0,366.72488803251855,74.0,77.60126438717691,7.0,4.785312988109682,28.0,22.521825520181892,5.0,7.723826813906265,5.0,5.28393268052865
3500,2017-01-27 01:00:00,Guanyuan,station_target_delta_ridge,200.0,214.9319932115775,91.0,91.27419074431336,216.0,5.929647139227037,23.0,24.70290734876319,12.0,9.5076036371785,24.0,16.275912648881704
3501,2017-01-27 02:00:00,Wanliu,station_target_delta_ridge,300.0,858.4401987597992,87.0,77.118260323291,6.0,-5.930629247624333,6.0,24.698399212901876,6.0,9.712367500081633,6.0,7.8765165830818225
3502,2017-01-27 04:00:00,Guanyuan,station_target_delta_ridge,100.0,-399.35654301872637,192.0,89.78953915706644,4.0,0.4593670779650352,19.0,10.150309129458828,3.0,-1.9356219813758013,5.0,11.538188259274047
3503,2017-01-27 05:00:00,Wanshouxigong,station_target_delta_ridge,200.0,277.8710809698738,56.0,66.9212130429769,3.0,6.436787189613151,14.0,15.978890739520892,5.0,4.358871166005262,5.0,5.743898791056807
3504,2017-01-27 07:00:00,Gucheng,station_target_delta_ridge,500.0,521.5695442158647,36.0,50.894250565874586,7.0,5.696637118581204,25.0,25.79311235228105,9.0,7.1063994576475595,22.0,10.956514385779435
3505,2017-01-27 08:00:00,Wanshouxigong,station_target_delta_ridge,500.0,541.2877699839431,10.0,33.588073658853446,7.0,5.745043314529985,61.0,41.152388866235725,12.0,11.354802761734515,12.0,13.554232009474706
3506,2017-01-27 10:00:00,Shunyi,station_target_delta_ridge,1100.0,789.7086063473699,46.0,51.66321327157283,14.0,10.640999120527486,36.0,21.576812349687117,32.0,18.446872112561895,32.0,25.600425885021938
3507,2017-01-27 12:00:00,Huairou,station_target_delta_ridge,800.0,483.03829436798105,55.0,63.64019962116567,19.0,14.451864688694867,26.0,17.77206166470188,27.0,18.782909417056832,39.0,40.88124793181372
3508,2017-01-27 16:00:00,Shunyi,station_target_delta_ridge,600.0,656.9963949455638,83.0,102.17528974371551,12.0,12.255204985369947,20.0,17.325950381902086,39.0,60.06693977710127,77.0,96.85725009065557
3509,2017-01-27 18:00:00,Dingling,station_target_delta_ridge,900.0,745.7191701149825,82.0,79.62541345587857,21.0,18.32266315567621,39.0,33.05630254456925,69.0,59.564978241732874,98.0,87.30573797757843
3510,2017-01-27 19:00:00,Tiantan,station_target_delta_ridge,900.0,1045.4389916489376,61.0,70.68778097307464,22.0,27.858583421000553,33.0,36.927457584284404,84.0,90.7413048349189,140.0,139.06701727734273
3511,2017-01-27 21:00:00,Dongsi,station_target_delta_ridge,1700.0,1648.369024182008,26.0,30.767922087139375,48.0,47.23690437379947,55.0,47.48159369915938,192.0,180.03322383890134,323.0,277.8135234478671
3512,2017-01-27 22:00:00,Tiantan,station_target_delta_ridge,1200.0,1410.5038418751287,24.0,22.44428194266134,41.0,55.06083134771111,57.0,58.33318172928051,233.0,280.54851143923406,342.0,365.2894629040037
3513,2017-01-28 00:00:00,Guanyuan,station_target_delta_ridge,1200.0,1059.5468855873874,5.0,3.0120086065992844,102.0,113.07200559757776,80.0,83.51618309167942,353.0,346.819452389153,479.0,503.14946981282634
3514,2017-01-28 02:00:00,Aotizhongxin,station_target_delta_ridge,2600.0,2275.5036509423667,82.0,53.96984714749827,161.0,157.29872643305524,95.0,86.69845257983319,641.0,662.8988432913634,773.0,907.6722785461195
3515,2017-01-28 03:00:00,Shunyi,station_target_delta_ridge,2600.0,2514.618275900575,7.0,3.293838032519094,135.0,151.84906668580814,73.0,67.69340558259701,650.0,616.4254376983663,786.0,704.7315471760187
3516,2017-01-28 05:00:00,Guanyuan,station_target_delta_ridge,2500.0,1545.557521145768,2.0,1.4263273820967162,139.0,102.9511027589956,88.0,93.61214088777625,475.0,400.5446587997563,653.0,614.1658524341196
3517,2017-01-28 06:00:00,Wanliu,station_target_delta_ridge,3100.0,3097.5843133682606,32.0,22.320485990833927,147.0,137.7537428821495,92.0,93.70940450692349,625.0,578.257267008084,784.0,763.6870615649364
3518,2017-01-28 08:00:00,Guanyuan,station_target_delta_ridge,2600.0,1986.0223456103627,2.0,-0.6664454983941166,99.0,128.94219749540284,76.0,83.47043423863289,463.0,503.0147955423013,564.0,619.3227156376513
3519,2017-01-28 09:00:00,Wanliu,station_target_delta_ridge,2700.0,-339.16002502553806,7.0,5.517284077989946,96.0,97.82438939778288,76.0,82.18601253218007,347.0,398.66222740230273,406.0,474.00304020646786
3520,2017-01-28 11:00:00,Gucheng,station_target_delta_ridge,200.0,1780.7524894576632,10.0,15.965848998970102,96.0,97.35612844361054,65.0,67.67554107242165,306.0,307.54026443185944,391.0,398.48258545926785
3521,2017-01-28 12:00:00,Wanshouxigong,station_target_delta_ridge,2400.0,2281.67838962341,8.0,11.336336128742666,79.0,83.31305377320608,64.0,62.427118938797854,279.0,278.2535630387309,301.0,312.8295318585809
3522,2017-01-28 14:00:00,Gucheng,station_target_delta_ridge,1900.0,235.9405769329703,26.0,30.162045750179598,92.0,92.51206063999389,56.0,55.612717550148936,223.0,240.6742894023736,277.0,285.9462249196984
3523,2017-01-28 16:00:00,Aotizhongxin,station_target_delta_ridge,2600.0,2522.269187810084,59.0,48.7391626855172,81.0,79.19730720659518,80.0,71.5976950989118,243.0,242.48016956046203,260.0,267.715661580263
3524,2017-01-28 17:00:00,Huairou,station_target_delta_ridge,2300.0,2234.8778090556493,33.0,35.62492311325867,49.0,54.78128053256489,50.0,49.464002791270325,187.0,199.9751086336619,241.0,251.81970818764057
3525,2017-01-28 19:00:00,Aotizhongxin,station_target_delta_ridge,300.0,117.92807534296102,47.0,35.523097231335,54.0,57.52398126282637,83.0,87.18798823816526,243.0,242.75005455238573,260.0,285.306213670904
3526,2017-01-28 20:00:00,Nongzhanguan,station_target_delta_ridge,3400.0,2982.6700116561124,7.0,6.2018798620488695,64.0,44.52995257288869,69.0,64.65579369834693,244.0,226.59224062626947,297.0,260.40214225237435
3527,2017-01-28 22:00:00,Changping,station_target_delta_ridge,2800.0,3510.2407472303958,9.0,14.346563643383835,36.0,41.52698304748211,66.0,63.728735064780984,213.0,225.00188219969112,249.0,275.3605311097931
3528,2017-01-28 23:00:00,Nongzhanguan,station_target_delta_ridge,4300.0,848.4826598289737,3.0,3.3957094133888406,39.0,49.14873754328643,68.0,68.96720178922271,287.0,265.71356183429003,329.0,320.92951851519035
3529,2017-01-29 01:00:00,Changping,station_target_delta_ridge,200.0,288.25234356542126,24.0,21.113982367123207,31.0,44.029266721550314,30.0,41.79985513617234,123.0,190.97657168628896,127.0,226.8190520321855
3530,2017-01-29 02:00:00,Shunyi,station_target_delta_ridge,4100.0,603.1723874945359,4.0,3.784965679628609,53.0,50.08834035874725,68.0,60.808416415461224,247.0,244.42911147414077,247.0,250.34107113431864
3531,2017-01-29 04:00:00,Dingling,station_target_delta_ridge,100.0,131.72511312724455,76.0,78.12501395944355,2.0,-0.6592197895329357,15.0,12.97484888221572,8.0,-7.115633349325963,52.0,43.106383474386696
3532,2017-01-29 05:00:00,Shunyi,station_target_delta_ridge,300.0,751.7782681799815,68.0,45.909191556071605,3.0,11.795025728041939,7.0,9.816293288500622,7.0,12.2242363667578,25.0,34.35246566174297
3533,2017-01-29 07:00:00,Dongsi,station_target_delta_ridge,200.0,91.494833475071,68.0,67.857106854217,2.0,0.7072758539701247,7.0,3.8571839929020273,12.0,13.019800410995217,140.0,130.16804949181247
3534,2017-01-29 08:00:00,Tiantan,station_target_delta_ridge,300.0,300.0544054964696,61.0,65.9343060795047,2.0,4.632995905151294,16.0,17.19480813030256,9.0,11.1809204593969,129.0,106.2166575845799
3535,2017-01-29 10:00:00,Dongsi,station_target_delta_ridge,200.0,120.52180065630023,59.0,60.67764621952653,3.0,1.8217135531638562,11.0,9.76372608952297,12.0,13.606856330895877,84.0,89.75549592406716
3536,2017-01-29 11:00:00,Wanliu,station_target_delta_ridge,300.0,241.88090579079838,70.0,69.0259161488451,4.0,3.736761985760162,4.0,3.7956579032217843,8.0,4.565015132234979,36.0,61.05011373994114
3537,2017-01-29 13:00:00,Guanyuan,station_target_delta_ridge,100.0,217.70335683210908,90.0,88.14930409360073,5.0,4.613535601294465,15.0,13.888416403745593,12.0,14.459387364400797,59.0,71.44448504822203
3538,2017-01-29 14:00:00,Wanliu,station_target_delta_ridge,300.0,249.9360411238792,76.0,73.23105908047816,5.0,3.73426296102392,5.0,4.3395002819713415,12.0,7.419505271562201,43.0,49.1171644799623
3539,2017-01-29 16:00:00,Guanyuan,station_target_delta_ridge,100.0,167.60347943328935,90.0,93.1734630944329,6.0,6.460622353772385,17.0,16.597392423453087,15.0,15.265948140743323,40.0,39.76560993254892
3540,2017-01-29 17:00:00,Wanshouxigong,station_target_delta_ridge,400.0,981.5748834305825,62.0,56.44715594727569,5.0,5.991806284077512,9.0,8.200270929873156,16.0,12.143983624768971,38.0,42.93061808629915
3541,2017-01-29 19:00:00,Gucheng,station_target_delta_ridge,400.0,308.9524108394901,49.0,64.73935372491808,5.0,4.55607035196574,11.0,8.12901784677483,14.0,9.075579635995222,30.0,26.05746932713925
3542,2017-01-29 20:00:00,Wanshouxigong,station_target_delta_ridge,300.0,433.77068833304924,60.0,60.84200606741434,3.0,6.397987782848465,13.0,16.535558001788043,3.0,14.823980526272301,19.0,25.171092621088427
3543,2017-01-29 22:00:00,Huairou,station_target_delta_ridge,200.0,216.42644962021419,79.0,72.67365040823219,2.0,2.156256505239309,5.0,7.6470460535824705,4.0,7.827390453847169,19.0,24.620622222325558
3544,2017-01-30 00:00:00,Aotizhongxin,station_target_delta_ridge,400.0,413.6848064267973,72.0,75.9128769274058,6.0,7.265384474048796,11.0,8.055627690140833,8.0,7.923090087298451,19.0,16.407207736277286
3545,2017-01-30 01:00:00,Huairou,station_target_delta_ridge,300.0,230.14533496043853,75.0,73.69621506480289,2.0,2.072019953615633,2.0,4.3257027350103225,3.0,5.839895491998979,6.0,9.889621429095527
3546,2017-01-30 03:00:00,Aotizhongxin,station_target_delta_ridge,400.0,458.392649452742,71.0,69.87769463167682,9.0,8.345942732652029,8.0,7.9494882360521055,9.0,5.642312126384448,9.0,11.285683714541772
3547,2017-01-30 04:00:00,Nongzhanguan,station_target_delta_ridge,400.0,508.046477344697,62.0,65.6136231420949,7.0,6.835881832860021,13.0,12.384607579622967,9.0,15.730724506161305,12.0,7.084131185734378
3548,2017-01-30 06:00:00,Changping,station_target_delta_ridge,800.0,832.1439023008136,59.0,52.28723718625136,7.0,8.134802546743595,8.0,16.11663369187545,9.0,10.219958601684281,9.0,12.755208327879137
3549,2017-01-30 07:00:00,Nongzhanguan,station_target_delta_ridge,500.0,594.5678686454469,57.0,53.7482426333929,10.0,7.952453740025327,17.0,19.73312358679284,8.0,19.303425324238468,13.0,12.251896057518072
3550,2017-01-30 09:00:00,Dingling,station_target_delta_ridge,200.0,356.3722036034707,77.0,76.54966373631108,2.0,4.261827435836434,2.0,4.570644335330435,3.0,7.815995180376314,27.0,16.97988003867571
3551,2017-01-30 10:00:00,Shunyi,station_target_delta_ridge,500.0,478.30037239103547,68.0,65.44038837615953,7.0,5.887967554462664,6.0,11.300257427799147,8.0,3.034377627989281,10.0,2.27588571377413
3552,2017-01-30 12:00:00,Dingling,station_target_delta_ridge,300.0,253.54620678576913,77.0,77.65788684347972,4.0,3.458182548267825,2.0,4.323544602516913,6.0,11.377263375218796,6.0,9.091684282078921
3553,2017-01-30 13:00:00,Tiantan,station_target_delta_ridge,500.0,478.5793861173843,64.0,64.36794982324018,3.0,5.019520731765807,20.0,21.741367007052645,3.0,7.0153779791232855,6.0,9.72054118307935
3554,2017-01-30 15:00:00,Dongsi,station_target_delta_ridge,400.0,376.81816855691073,53.0,57.710493191589194,5.0,2.569298521649742,19.0,18.53612621976373,11.0,14.676977597720576,11.0,16.438074959442186
3555,2017-01-30 16:00:00,Tiantan,station_target_delta_ridge,400.0,439.53627624845785,76.0,72.21776446998776,3.0,6.529524919384884,14.0,20.11758705016117,8.0,6.555259140607069,10.0,12.852016904939441
3556,2017-01-30 18:00:00,Dongsi,station_target_delta_ridge,900.0,466.81972816491583,75.0,75.2115280228093,19.0,15.942231307871975,33.0,27.93190958384333,125.0,81.00156115129263,149.0,128.51415302222986
3557,2017-01-30 19:00:00,Wanliu,station_target_delta_ridge,700.0,792.0106526637368,70.0,62.05172967664798,12.0,9.006345461607385,37.0,41.43488658379431,55.0,50.11933252120747,66.0,61.683539529093665
3558,2017-01-30 21:00:00,Guanyuan,station_target_delta_ridge,700.0,487.64414101113994,89.0,87.83484891866296,26.0,27.777847263686823,31.0,29.96719812746288,62.0,62.41364965972717,76.0,63.028002739115486
3559,2017-01-30 22:00:00,Wanliu,station_target_delta_ridge,100.0,1022.3963697875205,50.0,55.546167504445414,31.0,23.42370881605258,43.0,36.7396597032239,73.0,62.576735201489484,85.0,81.45855154436315
3560,2017-01-31 00:00:00,Gucheng,station_target_delta_ridge,1200.0,951.0054741446497,38.0,38.20278901119275,30.0,29.15275872082128,30.0,29.437087173179567,102.0,96.98087387823014,127.0,107.55003619908223
3561,2017-01-31 01:00:00,Wanshouxigong,station_target_delta_ridge,1400.0,1128.7272891310686,37.0,37.06778583597578,43.0,57.02470993681476,39.0,37.21384651797056,119.0,116.24767386439264,119.0,130.06012397276243
3562,2017-01-31 03:00:00,Gucheng,station_target_delta_ridge,1700.0,1407.7209029645496,24.0,31.37971138172697,39.0,37.17132558586579,39.0,36.68190264544981,129.0,126.29405345742582,143.0,127.46020792474336
3563,2017-01-31 05:00:00,Aotizhongxin,station_target_delta_ridge,1700.0,1291.2758860016406,46.0,66.09190220604876,34.0,32.117816385030125,65.0,44.06774760151547,104.0,100.08049074322709,104.0,98.80887163794237
3564,2017-01-31 06:00:00,Huairou,station_target_delta_ridge,1100.0,1248.3335057836482,31.0,26.961689669978277,9.0,11.548563286532746,17.0,4.430057665955398,43.0,44.40330740583951,48.0,45.076867031819035
3565,2017-01-31 08:00:00,Aotizhongxin,station_target_delta_ridge,2400.0,2023.7262643778631,27.0,19.62673932972374,40.0,33.62705830245682,83.0,83.10899391549862,93.0,94.5052929269601,103.0,96.00880463229045
3566,2017-01-31 09:00:00,Huairou,station_target_delta_ridge,1700.0,1413.3281177810873,14.0,16.283813436010632,15.0,11.096629762452956,32.0,32.922885645172926,67.0,60.262305906832026,80.0,72.29871208144891
3567,2017-01-31 11:00:00,Changping,station_target_delta_ridge,200.0,2123.0475511501236,23.0,28.1749556795001,50.0,53.12377519483743,55.0,50.22305992205566,89.0,83.888246525508,98.0,116.21779983914362
3568,2017-01-31 12:00:00,Nongzhanguan,station_target_delta_ridge,1300.0,1297.336070104399,44.0,49.27290375590377,31.0,31.28985166440394,41.0,39.23824469108061,64.0,67.1107386468812,64.0,64.57011901537747
3569,2017-01-31 14:00:00,Dingling,station_target_delta_ridge,700.0,663.2963169080801,76.0,79.81950158559576,17.0,19.561113884120356,16.0,17.623095931457552,36.0,37.610260249464915,36.0,41.865250646814424
3570,2017-01-31 15:00:00,Tiantan,station_target_delta_ridge,1200.0,1122.2240769862883,93.0,89.79337888638166,3.0,2.4653017232406746,2.0,41.45805771890443,78.0,75.01846097323393,78.0,82.28197295411628
3571,2017-01-31 17:00:00,Dongsi,station_target_delta_ridge,100.0,1019.0842221640712,54.0,39.83793976287006,23.0,20.742879271245762,41.0,40.69475335298561,80.0,71.05444434181689,98.0,103.19765684570312
3572,2017-01-31 18:00:00,Tiantan,station_target_delta_ridge,1200.0,1006.5835698423875,76.0,75.55510464636734,25.0,23.284610755417816,40.0,41.78520874871348,77.0,72.79856417626603,100.0,102.93017415008768
3573,2017-01-31 20:00:00,Nongzhanguan,station_target_delta_ridge,1400.0,1529.6140767495954,46.0,64.72500961922184,36.0,36.480503249622636,58.0,59.010198047692846,101.0,117.41867931712459,124.0,133.02036811696152
3574,2017-01-31 22:00:00,Changping,station_target_delta_ridge,300.0,457.72551090666593,61.0,62.78460973090948,6.0,4.446109011637217,12.0,5.199913791752953,7.0,7.388962610844535,30.0,19.394823690032293
3575,2017-01-31 23:00:00,Nongzhanguan,station_target_delta_ridge,300.0,445.97391865953693,62.0,56.45346483946868,3.0,5.313703576230747,12.0,14.493503740924943,4.0,14.502526192708002,30.0,23.251002013470522
3576,2017-02-01 01:00:00,Changping,station_target_delta_ridge,600.0,601.445710426189,52.0,54.43060203846811,11.0,7.987399812178413,13.0,17.17288246407052,19.0,11.499471481202917,35.0,38.011269285048456
3577,2017-02-01 02:00:00,Shunyi,station_target_delta_ridge,300.0,436.4985929812384,65.0,62.76785919746564,2.0,2.826941321972478,10.0,11.430175972740468,4.0,5.433784016667712,19.0,17.685311744183707
3578,2017-02-01 04:00:00,Dingling,station_target_delta_ridge,500.0,536.4596551961017,63.0,57.339591648010426,5.0,5.423561755244366,7.0,5.811887398304087,14.0,10.449795818770543,31.0,24.491744030191363
3579,2017-02-01 05:00:00,Tiantan,station_target_delta_ridge,500.0,569.1203957281655,76.0,67.41148435068949,9.0,8.353006620783228,17.0,18.343243624853745,11.0,4.806917625889788,27.0,28.297215955076606
3580,2017-02-01 07:00:00,Guanyuan,station_target_delta_ridge,300.0,92.98952925554119,102.0,102.19171226074612,8.0,14.427837285817878,30.0,27.05102327364516,8.0,5.00676990836223,17.0,20.563537959414578
3581,2017-02-01 08:00:00,Wanliu,station_target_delta_ridge,600.0,695.9873408865459,63.0,58.25997760760968,7.0,12.710083350151328,30.0,35.94372288322641,8.0,10.552679855036557,20.0,25.992120684284828
3582,2017-02-01 10:00:00,Guanyuan,station_target_delta_ridge,100.0,188.19889035438194,85.0,106.0232046004024,6.0,5.797077869721958,22.0,18.981483948325682,3.0,7.384452428451265,22.0,14.354341760917432
3583,2017-02-01 11:00:00,Wanshouxigong,station_target_delta_ridge,300.0,390.32168233373875,66.0,70.8781016936807,6.0,6.6319139532126705,11.0,12.079375067350044,11.0,14.758207384391202,14.0,11.461177044827624
3584,2017-02-01 13:00:00,Huairou,station_target_delta_ridge,200.0,223.87720386928663,81.0,75.93007157327075,2.0,2.513345282671791,6.0,4.574459527533065,5.0,4.408084336346956,6.0,22.58487041268095
3585,2017-02-01 15:00:00,Dingling,station_target_delta_ridge,300.0,369.9852654780546,91.0,87.48592844926846,4.0,5.817998978658247,4.0,8.610777321643052,9.0,20.128233536436333,14.0,4.513273059305847
3586,2017-02-01 16:00:00,Shunyi,station_target_delta_ridge,300.0,367.5280007667294,83.0,87.42350412689638,6.0,3.7920008669623115,17.0,7.2674546564016795,11.0,10.690508550757555,11.0,26.999019066327097
3587,2017-02-01 18:00:00,Dongsi,station_target_delta_ridge,700.0,589.5416874923892,68.0,65.53999359568292,19.0,12.29017548162426,26.0,25.30449081019968,57.0,37.715019286707204,107.0,82.81327539508098
3588,2017-02-01 19:00:00,Wanliu,station_target_delta_ridge,1100.0,334.1398679348638,54.0,48.71438466669832,20.0,19.011260835005082,49.0,46.133026205281105,72.0,61.657457194415606,114.0,85.48582287498661
3589,2017-02-01 21:00:00,Guanyuan,station_target_delta_ridge,700.0,612.9722929483639,40.0,55.430717569796236,64.0,49.1762432682808,65.0,61.388870833345024,159.0,124.9142076248224,231.0,171.37151250075232
3590,2017-02-01 22:00:00,Wanshouxigong,station_target_delta_ridge,1400.0,1351.358092776649,17.0,14.107745562765016,50.0,49.15837437134187,73.0,71.52378312222794,145.0,153.9680079387533,178.0,200.2709681918041
3591,2017-02-02 00:00:00,Gucheng,station_target_delta_ridge,1100.0,1403.1451044807313,27.0,12.503722144275061,19.0,30.00615602638913,39.0,58.94445560110897,60.0,132.4677088846098,85.0,126.29770049951952
3592,2017-02-02 01:00:00,Wanshouxigong,station_target_delta_ridge,1900.0,1796.3281007914156,5.0,7.578947661138802,54.0,60.80333130542343,88.0,85.20335483223582,191.0,155.53189614070638,233.0,188.813340442782
3593,2017-02-02 03:00:00,Huairou,station_target_delta_ridge,100.0,773.0007752820103,30.0,25.11113730865972,8.0,5.448488520929059,17.0,22.458942349403014,30.0,38.39048804019783,35.0,45.75621045071402
3594,2017-02-02 05:00:00,Aotizhongxin,station_target_delta_ridge,1000.0,916.4309323518926,88.0,23.19299724316511,25.0,17.42043786243726,42.0,35.50086769571566,34.0,19.233714503494568,34.0,36.18010564871896
3595,2017-02-02 06:00:00,Huairou,station_target_delta_ridge,100.0,1065.6854373016656,21.0,30.513873260310664,7.0,10.461334464181025,26.0,7.436260444515914,26.0,38.85910538197785,38.0,42.16007505297574
3596,2017-02-02 08:00:00,Aotizhongxin,station_target_delta_ridge,1400.0,1438.19491939337,88.0,73.84056041862569,20.0,19.18614280837124,64.0,56.07701700940248,37.0,33.0184436019589,45.0,47.59629031010749
3597,2017-02-02 09:00:00,Shunyi,station_target_delta_ridge,1200.0,1358.2416236199483,29.0,18.442937884578573,36.0,38.6630184254702,38.0,49.844803371657825,33.0,36.32407170823817,44.0,48.47447094698857
3598,2017-02-02 11:00:00,Guanyuan,station_target_delta_ridge,100.0,448.3510307057899,27.0,19.52244693745059,32.0,30.86436049653083,62.0,64.29809310926106,58.0,54.85406845532214,71.0,61.59095866486058
3599,2017-02-02 12:00:00,Wanshouxigong,station_target_delta_ridge,1300.0,1475.4942134341252,38.0,32.82682533406045,27.0,29.533507116239708,45.0,54.57466658417161,62.0,59.15630073708406,62.0,68.31592631853539
3600,2017-02-02 14:00:00,Shunyi,station_target_delta_ridge,700.0,892.5740984626459,80.0,77.79281130007965,15.0,14.146438401913311,19.0,21.893392852448077,39.0,45.63290001392852,39.0,40.75357052724761
3601,2017-02-02 16:00:00,Guanyuan,station_target_delta_ridge,800.0,895.8983638019845,58.0,59.4773130778458,29.0,47.61197419174065,68.0,68.18710003693235,75.0,77.47517471536207,81.0,77.73326036845421
3602,2017-02-02 17:00:00,Wanshouxigong,station_target_delta_ridge,1600.0,1455.1378764823594,55.0,47.71572686517423,29.0,30.64455482580018,58.0,62.41657378708967,102.0,96.24317265412562,118.0,127.55136619118558
3603,2017-02-02 19:00:00,Gucheng,station_target_delta_ridge,1800.0,1871.3828478935625,32.0,32.874489131922125,35.0,36.327185693077006,77.0,75.90081250852853,112.0,108.01039226794938,152.0,148.85771730301298
3604,2017-02-02 21:00:00,Aotizhongxin,station_target_delta_ridge,2300.0,306.8287788864458,40.0,40.50600409359188,56.0,51.05754224329209,121.0,109.81747462486557,147.0,143.58663182483775,159.0,164.36479676427987
3605,2017-02-02 22:00:00,Huairou,station_target_delta_ridge,1900.0,1788.7955282471912,32.0,34.711133569442005,23.0,21.49121484666501,41.0,43.42776023702231,89.0,87.45828230446648,97.0,90.4634327132808
3606,2017-02-03 00:00:00,Aotizhongxin,station_target_delta_ridge,300.0,2277.518383510356,29.0,27.466726466378002,58.0,45.30094755499077,127.0,115.3470388902041,148.0,153.20682794165648,148.0,170.0663023898185
3607,2017-02-03 01:00:00,Nongzhanguan,station_target_delta_ridge,3800.0,1207.141054357125,7.0,8.31727157749338,53.0,45.25952723154751,114.0,113.45934054137749,263.0,173.86404730086244,323.0,211.95833259588875
3608,2017-02-03 03:00:00,Changping,station_target_delta_ridge,1900.0,1869.3741861523122,23.0,13.433867749842099,26.0,24.986702121962093,46.0,56.41844436127487,69.0,86.02899426522562,69.0,88.51781251237139
3609,2017-02-03 04:00:00,Nongzhanguan,station_target_delta_ridge,4800.0,4462.889349232116,13.0,18.496494154463743,69.0,72.19531302141354,105.0,102.87264955359517,221.0,218.7113777433543,221.0,220.3680603461851
3610,2017-02-03 06:00:00,Dingling,station_target_delta_ridge,1200.0,1232.4924736636103,30.0,22.830040186688308,17.0,19.140120253116187,37.0,40.58838875892004,68.0,62.610141486640664,68.0,71.32126118095496
3611,2017-02-03 07:00:00,Shunyi,station_target_delta_ridge,200.0,1468.595822645745,13.0,22.022141134849104,31.0,20.993653835856016,55.0,45.09041969160679,54.0,59.45988708141864,54.0,59.19651490194402
3612,2017-02-03 09:00:00,Dingling,station_target_delta_ridge,3200.0,1890.0762389609251,17.0,23.99949649847524,54.0,26.965740883476833,58.0,45.094556846211205,118.0,80.67266329347767,126.0,87.83008218112168
3613,2017-02-03 10:00:00,Shunyi,station_target_delta_ridge,1500.0,1200.4600128795007,34.0,29.432371537910655,26.0,28.96544603582734,32.0,46.12087487344455,57.0,66.45598769709386,67.0,71.9856565460586
3614,2017-02-03 12:00:00,Dongsi,station_target_delta_ridge,1500.0,1248.1703521441239,24.0,31.22308941462348,25.0,22.084975173263732,64.0,60.23806746804759,83.0,79.80574292923991,104.0,88.46307890115662
3615,2017-02-03 13:00:00,Tiantan,station_target_delta_ridge,1800.0,1755.1482835164486,31.0,32.9618972682912,40.0,36.17105315313317,84.0,82.56482132940383,119.0,125.15767825196731,122.0,129.54980660757144
3616,2017-02-03 15:00:00,Dongsi,station_target_delta_ridge,2200.0,1738.0624519355072,36.0,41.29184568756316,47.0,48.48713793699842,76.0,72.3740641972165,145.0,139.25285666671837,202.0,177.31480148999745
3617,2017-02-03 16:00:00,Wanliu,station_target_delta_ridge,2600.0,2493.0682763040013,31.0,45.45497806065764,57.0,59.20820677871837,123.0,101.56193896193354,176.0,164.86456613752216,199.0,192.39758398157807
3618,2017-02-03 18:00:00,Guanyuan,station_target_delta_ridge,2200.0,1923.382468140212,82.0,49.96427116100255,69.0,78.93804702597912,94.0,105.7058756333852,241.0,242.7047872135669,272.0,258.2080025053455
3619,2017-02-03 19:00:00,Wanliu,station_target_delta_ridge,3200.0,927.9897007212795,8.0,36.9281312329588,63.0,61.52352368559436,154.0,129.08887708055286,248.0,246.84125889575438,267.0,278.7441570537682
3620,2017-02-03 21:00:00,Gucheng,station_target_delta_ridge,3900.0,3681.0064150978046,2.0,4.187989280979412,62.0,63.2316385004958,153.0,153.31076250045274,300.0,307.3918901926354,357.0,353.57848672270046
3621,2017-02-03 22:00:00,Wanshouxigong,station_target_delta_ridge,3200.0,3200.3455099662865,7.0,-0.3225968005441313,49.0,58.42800365519531,115.0,131.7171196835877,332.0,342.6826645602574,332.0,361.79436807719776
3622,2017-02-04 00:00:00,Gucheng,station_target_delta_ridge,4500.0,4190.77655681833,2.0,0.005444912019025416,54.0,61.641222238201216,130.0,136.81156258759043,322.0,340.50614714474347,342.0,368.0033392636497
3623,2017-02-04 01:00:00,Wanshouxigong,station_target_delta_ridge,3500.0,4633.673967186921,3.0,-4.893798654757128,50.0,67.05993842408421,109.0,121.0661245468535,321.0,339.3401513839873,321.0,354.56955925806346
3624,2017-02-04 03:00:00,Huairou,station_target_delta_ridge,2300.0,329.5991743778793,17.0,18.119135448997092,28.0,27.846320941569104,49.0,45.43095641219449,174.0,182.4966331126628,184.0,177.70950269943722
3625,2017-02-04 05:00:00,Aotizhongxin,station_target_delta_ridge,5700.0,6091.31100701716,56.0,26.69526682795147,75.0,82.1598382299835,132.0,124.95606095483791,343.0,355.7120107136908,343.0,360.96905789120206
3626,2017-02-04 06:00:00,Huairou,station_target_delta_ridge,2700.0,2435.4085764138863,7.0,11.253794953407244,23.0,28.02113219516412,55.0,7.423433544968822,179.0,210.18882611350858,186.0,211.1404642820866
3627,2017-02-04 08:00:00,Changping,station_target_delta_ridge,4100.0,3488.537869668499,6.0,8.965524527432603,44.0,32.99773103588752,93.0,85.91855905505237,237.0,211.17027116678025,242.0,215.78415990524178
3628,2017-02-04 09:00:00,Nongzhanguan,station_target_delta_ridge,4900.0,5004.471091893959,12.0,14.03475334844201,54.0,53.63567613628518,98.0,92.15023888234474,359.0,354.56870681249063,359.0,333.88235024656126
3629,2017-02-04 11:00:00,Changping,station_target_delta_ridge,4600.0,674.4331693748118,8.0,17.069448470142888,77.0,69.27379063904093,118.0,100.48018083613998,290.0,260.46632850177895,297.0,287.14737901908154
3630,2017-02-04 12:00:00,Shunyi,station_target_delta_ridge,2800.0,3670.157550206164,70.0,52.69113121306633,53.0,53.96563009372237,51.0,67.9590176599873,266.0,263.9557849243906,266.0,269.65437213732474
3631,2017-02-04 14:00:00,Dingling,station_target_delta_ridge,2300.0,2569.7870500673757,73.0,66.9246751014185,40.0,48.277739074540705,70.0,81.32684755687195,189.0,242.94157347882918,189.0,251.4094564538471
3632,2017-02-04 15:00:00,Wanliu,station_target_delta_ridge,3800.0,65.53916427360096,29.0,44.09585016253067,65.0,54.07954487618789,148.0,109.60271960992182,289.0,239.58038332311173,289.0,241.8718599679606
3633,2017-02-04 17:00:00,Guanyuan,station_target_delta_ridge,3200.0,4313.825647513983,52.0,44.36767759048905,70.0,68.57009821363896,135.0,140.56278148458983,346.0,372.94212320300494,362.0,398.94262814017037
3634,2017-02-04 18:00:00,Wanshouxigong,station_target_delta_ridge,3800.0,2613.7108200631137,43.0,42.76573039462636,60.0,53.88065507311611,124.0,110.7957629367304,398.0,411.8116197323508,398.0,442.6219601464891
3635,2017-02-04 20:00:00,Gucheng,station_target_delta_ridge,600.0,1653.3823080767295,40.0,16.702172158020474,10.0,37.01546579627724,26.0,87.48483742546476,27.0,215.89805237330108,27.0,194.57980050106195
3636,2017-02-04 21:00:00,Wanshouxigong,station_target_delta_ridge,800.0,-892.7140379633611,43.0,43.89868966749249,18.0,33.440876445454556,44.0,113.02019383261329,46.0,219.10114384243937,46.0,205.18612418114876
3637,2017-02-04 23:00:00,Huairou,station_target_delta_ridge,1100.0,1427.6610289863434,39.0,39.08346340149931,9.0,8.326373287990652,40.0,39.01863450559217,61.0,32.39949228879528,61.0,44.11128787072418
3638,2017-02-05 01:00:00,Aotizhongxin,station_target_delta_ridge,500.0,371.1174321820306,57.0,64.9777671352084,11.0,9.11143668822048,40.0,27.671376107096002,11.0,13.870350675825303,11.0,4.297760645285821
3639,2017-02-05 02:00:00,Huairou,station_target_delta_ridge,700.0,121.77326781594388,63.0,52.319407637782355,5.0,5.875953815537717,8.0,18.061956749675407,16.0,28.539854766265016,16.0,22.396853498684298
3640,2017-02-05 04:00:00,Changping,station_target_delta_ridge,800.0,1147.150509063059,48.0,40.00862829774306,13.0,13.863828091735588,25.0,40.546622943342726,22.0,29.839903216025977,28.0,29.335008273820325
3641,2017-02-05 05:00:00,Nongzhanguan,station_target_delta_ridge,500.0,582.3099087109013,54.0,47.19052992677423,12.0,15.176672972711247,19.0,20.730660312481568,18.0,20.118338934207937,18.0,9.344077382197206
3642,2017-02-05 07:00:00,Changping,station_target_delta_ridge,700.0,664.5163317693459,49.0,45.28970690189957,11.0,11.56810775472138,24.0,25.477589549603977,14.0,12.834394225061693,20.0,16.961829540617497
3643,2017-02-05 08:00:00,Nongzhanguan,station_target_delta_ridge,400.0,367.417491995543,49.0,47.67660460056268,11.0,10.919286906667296,25.0,26.92580322861156,10.0,8.55850806730286,10.0,3.5373983809196208
3644,2017-02-05 10:00:00,Dingling,station_target_delta_ridge,400.0,312.0955747384278,79.0,80.56308799464665,7.0,6.926645124105264,6.0,7.8326707310818176,15.0,5.999369410276911,36.0,13.40913047249154
3645,2017-02-05 11:00:00,Shunyi,station_target_delta_ridge,300.0,493.1823976511963,83.0,74.82466887517877,3.0,5.1368349721653415,8.0,12.80844828419264,6.0,6.45288599695022,6.0,11.727064884342257
3646,2017-02-05 13:00:00,Dingling,station_target_delta_ridge,300.0,307.3395619778966,90.0,89.60510158245964,5.0,5.949288924850904,5.0,5.234774729742523,12.0,7.430490020833304,17.0,22.05392498745035
3647,2017-02-05 14:00:00,Tiantan,station_target_delta_ridge,300.0,296.5149261169402,86.0,88.88704326031484,3.0,4.104973927986509,17.0,17.20030493506255,8.0,5.838993830281882,8.0,12.421055532896888
3648,2017-02-05 16:00:00,Dongsi,station_target_delta_ridge,200.0,225.3187489258836,91.0,90.63460981794671,4.0,2.908869432711806,10.0,9.50773551957226,17.0,18.661020566053487,37.0,26.837439567839414
3649,2017-02-05 17:00:00,Tiantan,station_target_delta_ridge,400.0,330.910420249407,81.0,83.80669425080319,6.0,5.584831764316337,26.0,24.15953830416976,22.0,20.146161359007447,41.0,38.21207551544702
3650,2017-02-05 19:00:00,Dongsi,station_target_delta_ridge,300.0,271.2719067077378,80.0,73.59879456403935,2.0,2.8459184939165687,18.0,18.362175718485897,8.0,11.097367397090824,25.0,21.048333302485133
3651,2017-02-05 20:00:00,Wanliu,station_target_delta_ridge,400.0,631.365631810678,72.0,59.27998007378891,6.0,8.724654313989783,28.0,41.05561835278213,6.0,7.122656053511591,18.0,20.024406267416378
3652,2017-02-05 22:00:00,Guanyuan,station_target_delta_ridge,100.0,340.2127217447859,62.0,64.14504379744947,6.0,8.639977718331535,48.0,48.35850866713326,7.0,5.897698929288749,19.0,14.882701338628165
3653,2017-02-05 23:00:00,Wanliu,station_target_delta_ridge,800.0,643.8795355355774,36.0,37.18685525932283,15.0,14.556463602144838,55.0,57.44332384648478,12.0,14.204649489266624,16.0,28.21650039364848
3654,2017-02-06 01:00:00,Gucheng,station_target_delta_ridge,400.0,457.16035826717825,44.0,52.29740210422511,4.0,3.93259918358071,17.0,13.315443936787972,3.0,5.310146116730181,22.0,17.74990294279491
3655,2017-02-06 02:00:00,Wanshouxigong,station_target_delta_ridge,400.0,306.0952150644607,84.0,55.23417534706514,5.0,8.097770210323729,17.0,18.813925561909578,5.0,8.627672365868646,13.0,13.671536569898883
3656,2017-02-06 04:00:00,Gucheng,station_target_delta_ridge,800.0,632.5643878944434,34.0,71.62735063013568,10.0,6.779745231267865,25.0,20.544139301223648,4.0,2.585579451598945,7.0,7.440035193266315
3657,2017-02-06 06:00:00,Aotizhongxin,station_target_delta_ridge,300.0,217.42901977916276,73.0,80.15036718391,10.0,7.222344188530963,18.0,17.072717200226354,3.0,7.353975534021208,8.0,7.80878743667341
3658,2017-02-06 07:00:00,Huairou,station_target_delta_ridge,300.0,223.45323093578546,59.0,64.29164072650956,2.0,2.6771404867948148,25.0,20.729264994915308,3.0,5.80534888098814,9.0,18.979275354413538
3659,2017-02-06 09:00:00,Aotizhongxin,station_target_delta_ridge,400.0,479.2141635286083,68.0,59.344633542454055,11.0,9.043417116584326,27.0,33.610917139148604,7.0,5.217751685052422,22.0,16.471465196528754
3660,2017-02-06 10:00:00,Huairou,station_target_delta_ridge,300.0,407.80899716109053,73.0,65.82310408991543,2.0,2.251014071873683,13.0,21.913819307940802,10.0,8.993150233458378,12.0,34.26907395978344
3661,2017-02-06 12:00:00,Changping,station_target_delta_ridge,700.0,1014.9820276348216,46.0,35.704268244474584,17.0,19.06830533641139,35.0,44.22671721930215,18.0,33.070853667100124,19.0,29.986666696344745
3662,2017-02-06 13:00:00,Nongzhanguan,station_target_delta_ridge,200.0,245.70426828355946,79.0,81.17524778429464,2.0,1.918610559607906,10.0,7.840320299145071,3.0,3.8165664249778244,5.0,1.988972159064652
3663,2017-02-06 15:00:00,Dongsi,station_target_delta_ridge,200.0,448.1041098566619,69.0,72.77703557507301,2.0,1.4135903249040678,16.0,16.817603214229862,7.0,7.509545137439962,7.0,16.617826823647828
3664,2017-02-06 16:00:00,Wanliu,station_target_delta_ridge,400.0,400.09457245641386,65.0,44.98093078094902,3.0,3.728095817965403,32.0,25.509765596863073,6.0,0.21071717418859182,23.0,17.961289882391213
3665,2017-02-06 18:00:00,Gucheng,station_target_delta_ridge,800.0,660.7969491164204,31.0,31.40955949749596,9.0,8.55894635353531,40.0,39.54726695677674,26.0,14.721630386442012,56.0,54.52597600213329
3666,2017-02-06 19:00:00,Wanshouxigong,station_target_delta_ridge,500.0,555.5749072772152,36.0,55.68882662163914,7.0,8.622987607697532,39.0,10.054457230515148,16.0,14.518743463201533,33.0,27.381235584121484
3667,2017-02-06 21:00:00,Huairou,station_target_delta_ridge,1500.0,1531.747990639097,2.0,6.164848170056058,17.0,19.15331023580125,73.0,72.4188102154853,48.0,52.89399098238176,75.0,79.39867710162751
3668,2017-02-06 23:00:00,Aotizhongxin,station_target_delta_ridge,700.0,859.6883156982101,92.0,95.37024776970702,16.0,19.964190929386,55.0,56.96929097956849,35.0,42.73013837284729,53.0,61.799767262167
3669,2017-02-07 00:00:00,Huairou,station_target_delta_ridge,1600.0,1368.5363570717036,87.0,90.22107322199368,10.0,11.362435379737597,45.0,43.08027572775969,44.0,32.34135262546924,57.0,49.88436412843941
3670,2017-02-07 02:00:00,Aotizhongxin,station_target_delta_ridge,1600.0,1284.8253909645662,18.0,18.851500179554918,27.0,20.431079980947384,89.0,76.65306936514104,68.0,62.95417860922917,88.0,73.67547892861627
3671,2017-02-07 03:00:00,Nongzhanguan,station_target_delta_ridge,1300.0,1299.129287515504,10.0,8.016551900612992,18.0,18.548152368886054,59.0,63.75957388503726,62.0,70.11059713265483,79.0,82.57663934107332
3672,2017-02-07 05:00:00,Changping,station_target_delta_ridge,1200.0,1375.2004599054512,67.0,66.40770009605343,20.0,21.425004491925172,55.0,48.984160533775494,49.0,49.96183222193359,53.0,51.08958575564937
3673,2017-02-07 06:00:00,Nongzhanguan,station_target_delta_ridge,900.0,1263.7982731579445,28.0,8.721989067967186,21.0,22.3490682233528,36.0,49.60671006263103,52.0,74.60522364016022,55.0,73.91451719087644
3674,2017-02-07 08:00:00,Dingling,station_target_delta_ridge,1000.0,1034.4311965316763,2.0,41.70762992976925,14.0,11.316478055181612,54.0,48.19190553691305,30.0,41.916757582406085,43.0,40.56385499025323
3675,2017-02-07 09:00:00,Shunyi,station_target_delta_ridge,3200.0,3043.6624857469474,4.0,-0.21531061703443033,27.0,26.780270796567645,64.0,61.03622282072947,101.0,84.3353100597187,125.0,97.12715403802065
3676,2017-02-07 11:00:00,Dingling,station_target_delta_ridge,2300.0,2120.161792050428,9.0,7.91819244950584,32.0,29.098864019036945,72.0,61.32114272274225,89.0,70.28634221141063,117.0,101.4844991009093
3677,2017-02-07 12:00:00,Tiantan,station_target_delta_ridge,100.0,-445.8604743981043,66.0,64.40061853775948,25.0,21.211641496258792,29.0,28.91846807506917,37.0,40.608195240947275,37.0,45.52487625919025
3678,2017-02-07 14:00:00,Dongsi,station_target_delta_ridge,900.0,278.26461365081593,54.0,51.15102196255216,22.0,20.3468844670232,26.0,31.35165815315325,52.0,53.86351115419245,52.0,53.39708930616544
3679,2017-02-07 15:00:00,Tiantan,station_target_delta_ridge,800.0,726.4396781181248,80.0,73.58099767182591,19.0,19.480898316433205,24.0,24.446025632885732,44.0,44.28524473178914,58.0,65.55541377808933
3680,2017-02-07 17:00:00,Dongsi,station_target_delta_ridge,1600.0,937.65994984042,18.0,34.539271086631345,24.0,19.026867172614814,74.0,51.8321427304667,93.0,71.74018807693102,141.0,131.72194637900617
3681,2017-02-07 18:00:00,Wanliu,station_target_delta_ridge,1900.0,2048.2591120705574,59.0,59.46267609802722,16.0,19.488394326704068,93.0,93.92876854065153,101.0,97.8426226356859,122.0,126.53221353270766
3682,2017-02-07 20:00:00,Guanyuan,station_target_delta_ridge,1900.0,1632.8610734944218,2.0,45.30603307658672,16.0,18.219611789427425,85.0,88.92511780770529,110.0,122.86458887947458,126.0,123.64981766020756
3683,2017-02-07 21:00:00,Wanliu,station_target_delta_ridge,2300.0,175.6630660554289,5.0,-0.6301380990332675,13.0,14.219644153999878,92.0,90.57065611538026,110.0,102.93840260581351,131.0,127.0983846756399
3684,2017-02-07 23:00:00,Gucheng,station_target_delta_ridge,2100.0,2302.311249961253,2.0,11.086347766566284,24.0,23.842751021668924,91.0,95.0314766437415,109.0,108.4184566561128,122.0,132.85274482185983
3685,2017-02-08 00:00:00,Wanshouxigong,station_target_delta_ridge,1900.0,1223.420691517126,2.0,-3.4287403181095524,17.0,14.819322332993641,87.0,80.41873609815623,104.0,94.06024413271928,113.0,91.25925690872924
3686,2017-02-08 02:00:00,Gucheng,station_target_delta_ridge,2200.0,2325.307068181402,2.0,1.9409795745857832,19.0,20.021175259336218,83.0,82.56755705409994,104.0,104.33739635553329,113.0,120.83230002122777
3687,2017-02-08 04:00:00,Aotizhongxin,station_target_delta_ridge,2600.0,2785.718243832363,61.0,50.49562693600944,16.0,18.104718640970454,90.0,92.671661660113,111.0,110.76211160317183,118.0,110.2556930459889
3688,2017-02-08 05:00:00,Huairou,station_target_delta_ridge,1500.0,1737.99396604247,2.0,-3.3626325414320863,4.0,5.167632509871568,2.0,55.13198463139892,79.0,72.28165665442273,79.0,71.48057375938109
3689,2017-02-08 07:00:00,Aotizhongxin,station_target_delta_ridge,300.0,762.4060477782895,84.0,44.9983380555237,11.0,13.759606461577569,12.0,33.04022861149422,10.0,44.38749923381894,23.0,49.5193132825952
3690,2017-02-08 08:00:00,Huairou,station_target_delta_ridge,400.0,261.9857387226227,76.0,85.11776242165885,4.0,2.7390103392761977,12.0,8.059629013404122,9.0,-3.9800172812813592,12.0,-3.1958073390710844
3691,2017-02-08 10:00:00,Changping,station_target_delta_ridge,400.0,448.3265549209345,54.0,58.33537327338101,3.0,2.7851863774705024,16.0,16.84203097701028,8.0,7.160741611498066,19.0,18.21089647313869
3692,2017-02-08 11:00:00,Nongzhanguan,station_target_delta_ridge,300.0,286.57966585316746,77.0,77.11094693778593,4.0,3.4985953784248167,7.0,5.798199980008765,10.0,5.789851304948929,12.0,15.199216982975939
3693,2017-02-08 13:00:00,Changping,station_target_delta_ridge,300.0,410.96228915894187,64.0,58.5068389890058,2.0,2.88889927934061,11.0,14.253508713989621,14.0,13.82975885025453,45.0,24.10705104609687
3694,2017-02-08 14:00:00,Shunyi,station_target_delta_ridge,200.0,187.85781344099354,85.0,83.68020539667513,2.0,1.0301678820662887,7.0,6.306076999879803,6.0,4.465143744411469,9.0,24.588039364134907
3695,2017-02-08 16:00:00,Dongsi,station_target_delta_ridge,200.0,149.19794743634668,82.0,86.00763065019538,2.0,-0.2692052651241639,12.0,11.932208982576524,16.0,18.886371091347645,73.0,51.83936869587576
3696,2017-02-08 17:00:00,Tiantan,station_target_delta_ridge,400.0,300.1395690783036,81.0,84.77519408097837,2.0,4.046043209205641,17.0,15.800312413358071,15.0,7.86709071739849,97.0,82.49527566628512
3697,2017-02-08 19:00:00,Dongsi,station_target_delta_ridge,300.0,203.9847332070948,78.0,71.8589947610701,2.0,0.5060457080269927,14.0,16.90540837512323,18.0,15.541501384699076,32.0,29.58996085821861
3698,2017-02-08 20:00:00,Wanliu,station_target_delta_ridge,400.0,284.7953790631998,70.0,74.72084890232932,5.0,3.6547721213424476,20.0,12.591936655675985,9.0,4.281746875854777,16.0,20.65572556726396
3699,2017-02-08 22:00:00,Guanyuan,station_target_delta_ridge,400.0,277.0052627208664,84.0,86.34360113739638,4.0,4.288479735695441,18.0,20.180317618339352,10.0,11.955219893807069,17.0,10.67866087222868
3700,2017-02-08 23:00:00,Wanliu,station_target_delta_ridge,300.0,409.5099027424746,91.0,86.45829381058113,3.0,5.6504050240455355,4.0,17.976654095388188,5.0,8.493239761745652,16.0,14.054371356787431
3701,2017-02-09 01:00:00,Gucheng,station_target_delta_ridge,400.0,528.7048451378116,53.0,66.88802790336545,4.0,4.233731558361497,9.0,9.252844850938187,9.0,8.852482515857087,10.0,14.296313279231285
3702,2017-02-09 02:00:00,Wanshouxigong,station_target_delta_ridge,200.0,198.03238848833914,75.0,78.31966619967584,3.0,4.5958937521123255,7.0,8.542857345699773,8.0,8.990958257274272,10.0,10.959839714773128
3703,2017-02-09 05:00:00,Gucheng,station_target_delta_ridge,400.0,436.32322591698426,53.0,70.24146354579908,2.0,3.2525650285789283,7.0,4.754214478586011,3.0,10.399845337301839,5.0,9.365581461382204
3704,2017-02-09 07:00:00,Aotizhongxin,station_target_delta_ridge,400.0,349.1487938422983,107.0,103.18777666920168,6.0,4.417907278903241,16.0,14.693404739254392,7.0,4.987434865819044,13.0,14.718803757299597
3705,2017-02-09 08:00:00,Nongzhanguan,station_target_delta_ridge,500.0,448.0781472129646,87.0,88.93171387570922,6.0,2.981479392869626,28.0,17.650793866177764,6.0,9.255788968823904,18.0,7.647494001934641
3706,2017-02-09 10:00:00,Changping,station_target_delta_ridge,600.0,686.5923421041128,45.0,47.886634610996886,3.0,3.2230314553188504,17.0,17.947541989368624,5.0,10.039856229449834,23.0,31.618120696035497
3707,2017-02-09 11:00:00,Nongzhanguan,station_target_delta_ridge,300.0,321.1221042389757,87.0,85.04600329729884,3.0,3.0630229884891644,8.0,6.59349124401373,3.0,1.9262732412478667,6.0,8.908971308545075
3708,2017-02-09 13:00:00,Dingling,station_target_delta_ridge,300.0,308.75986296535336,98.0,91.66637867289097,2.0,2.6428518866739923,2.0,2.3818207795653104,10.0,6.6742496290884965,36.0,30.5644546990099
3709,2017-02-09 14:00:00,Wanshouxigong,station_target_delta_ridge,300.0,370.8532061886992,77.0,71.61255982136457,2.0,1.8050288345128718,5.0,3.6540313407514193,6.0,9.247446067140842,25.0,38.373019559353196
3710,2017-02-09 16:00:00,Gucheng,station_target_delta_ridge,400.0,414.9890876173621,54.0,75.49199207453557,2.0,2.675592710169006,10.0,8.504408826393577,3.0,7.010373377264999,6.0,34.50669978998263
3711,2017-02-09 18:00:00,Dingling,station_target_delta_ridge,200.0,241.14617158257778,93.0,87.21115657464668,2.0,1.3474427481602633,2.0,3.902312064973335,5.0,7.115149588066903,19.0,14.859805569312442
3712,2017-02-09 19:00:00,Shunyi,station_target_delta_ridge,100.0,146.7812159186778,78.0,75.66111885720748,2.0,1.5348384295022295,10.0,14.58734667410803,8.0,2.8764018505540756,20.0,23.56653649107413
3713,2017-02-09 21:00:00,Dingling,station_target_delta_ridge,200.0,225.7685465959334,88.0,82.09483539033619,2.0,1.7057287064304192,2.0,2.925867603860609,5.0,3.172597567796309,9.0,10.714721975894324
3714,2017-02-09 22:00:00,Tiantan,station_target_delta_ridge,400.0,291.2100372058869,72.0,74.71996912950411,2.0,3.767421363852641,17.0,17.718675344625208,10.0,3.5137014499542625,29.0,26.732782960563704
3715,2017-02-10 00:00:00,Dongsi,station_target_delta_ridge,200.0,172.61364843916982,70.0,68.10898736840917,2.0,0.5775927127425096,16.0,13.58272547882092,12.0,13.127498860536067,34.0,33.93822589104279
3716,2017-02-10 01:00:00,Tiantan,station_target_delta_ridge,400.0,370.77674096529427,72.0,73.62512219859964,2.0,4.168368921244141,12.0,12.143651059409367,6.0,2.836593682253758,32.0,21.488990407033015
3717,2017-02-10 03:00:00,Dongsi,station_target_delta_ridge,200.0,85.16646760963496,48.0,70.63887020315366,2.0,0.3380134290687775,13.0,9.8114720749815,16.0,12.17387484614775,33.0,41.12010501988589
3718,2017-02-10 04:00:00,Wanliu,station_target_delta_ridge,200.0,206.16744722948724,86.0,52.9752413208945,2.0,1.7387477435578482,8.0,11.125042338428306,3.0,3.7988012545964676,13.0,21.99557489363908
3719,2017-02-10 06:00:00,Guanyuan,station_target_delta_ridge,300.0,214.04434853664222,94.0,80.82437355858143,3.0,3.5588997092437156,9.0,9.122181965032537,4.0,4.529663235187989,20.0,7.654372046267788
3720,2017-02-10 07:00:00,Wanliu,station_target_delta_ridge,300.0,325.3950617036312,71.0,64.15590852077194,3.0,3.0729364693328987,21.0,23.85158828025073,3.0,6.958135780782282,15.0,32.28286765633694
3721,2017-02-10 09:00:00,Gucheng,station_target_delta_ridge,500.0,544.900904485275,56.0,61.27769658802627,3.0,2.2787718457033157,16.0,18.420351032839555,5.0,5.77062561550279,19.0,5.388487234241261
3722,2017-02-10 10:00:00,Wanshouxigong,station_target_delta_ridge,400.0,349.1146361345466,64.0,66.3241176570697,2.0,1.9830525126989136,14.0,13.684129335871939,3.0,14.106832740695946,18.0,16.141174593941763
3723,2017-02-10 12:00:00,Gucheng,station_target_delta_ridge,500.0,451.47166425552075,62.0,76.22537795781342,2.0,1.84569044482487,12.0,13.318502624801924,5.0,3.5436800913547657,14.0,-0.025432906899279573
3724,2017-02-10 14:00:00,Aotizhongxin,station_target_delta_ridge,300.0,285.4708469984113,107.0,104.00517266603444,3.0,3.0251157553644346,6.0,5.40400891071312,7.0,7.15599375597389,25.0,35.426153727300914
3725,2017-02-10 15:00:00,Huairou,station_target_delta_ridge,200.0,202.27469131752903,102.0,105.60152440552262,2.0,1.862523734663062,12.0,9.066592723439076,8.0,1.1727381798505943,11.0,13.92647243646846
3726,2017-02-10 17:00:00,Aotizhongxin,station_target_delta_ridge,200.0,337.11142643232995,105.0,103.23583060111233,2.0,2.1379431694532856,10.0,8.474562013119849,6.0,7.938841850379701,22.0,30.54846387441244
3727,2017-02-10 18:00:00,Huairou,station_target_delta_ridge,300.0,220.80794898990132,103.0,106.33636222468242,2.0,1.6830873833298092,13.0,10.445363671312489,4.0,-0.11323227114351253,15.0,15.31332852326091
3728,2017-02-10 20:00:00,Changping,station_target_delta_ridge,400.0,565.2857166688605,58.0,55.07690890520597,8.0,10.126308933785456,23.0,24.800855566438585,13.0,17.632161954165376,21.0,23.22879788481133
3729,2017-02-10 21:00:00,Nongzhanguan,station_target_delta_ridge,300.0,248.93758219976903,60.0,64.58712429777296,5.0,2.8226949778208112,19.0,17.774499113615907,7.0,9.595878715776042,20.0,12.007674851464643
3730,2017-02-10 23:00:00,Changping,station_target_delta_ridge,400.0,578.5136591734777,61.0,47.118118235992895,6.0,12.071997516649784,16.0,26.991672838055845,8.0,15.200346677242543,16.0,23.52017425083281
3731,2017-02-11 00:00:00,Shunyi,station_target_delta_ridge,300.0,321.4679065822854,79.0,68.87674694280804,3.0,4.621662401892699,12.0,20.028231348739965,7.0,7.059774600961811,20.0,11.376822033457906
3732,2017-02-11 02:00:00,Dingling,station_target_delta_ridge,400.0,390.59394824121944,73.0,74.5154191641369,7.0,5.818048286108491,5.0,3.559249475379857,9.0,0.8506045802312538,17.0,15.314214278780204
3733,2017-02-11 03:00:00,Shunyi,station_target_delta_ridge,300.0,232.4487690648951,82.0,77.11995815338105,4.0,3.747167943681288,9.0,17.20010376138358,3.0,4.094450641588446,9.0,9.983693721874834
3734,2017-02-11 05:00:00,Dongsi,station_target_delta_ridge,100.0,227.9620679851013,6.0,19.548087439287315,9.0,8.996067349025134,64.0,56.33750725336366,20.0,20.096944626162593,22.0,27.106969787477766
3735,2017-02-11 06:00:00,Tiantan,station_target_delta_ridge,800.0,854.9919718290502,17.0,11.571054553875397,4.0,7.065921904329572,50.0,57.91716315351946,12.0,15.823833750206475,16.0,20.457870797884357
3736,2017-02-11 08:00:00,Dongsi,station_target_delta_ridge,1500.0,902.1788580938828,7.0,12.055417902755337,16.0,13.263517767023425,78.0,72.33946703449057,22.0,20.09348648818121,32.0,32.67215859570168
3737,2017-02-11 09:00:00,Tiantan,station_target_delta_ridge,1200.0,24.68861342939067,20.0,15.583954128951508,16.0,9.756397283007164,67.0,61.490187603736736,23.0,17.069873675281094,46.0,43.7981593206909
3738,2017-02-11 11:00:00,Guanyuan,station_target_delta_ridge,600.0,397.5949163793212,59.0,59.33810172682843,15.0,14.618810718865598,38.0,30.723740473610793,15.0,15.909980537043712,28.0,27.29369344172436
3739,2017-02-11 12:00:00,Wanliu,station_target_delta_ridge,600.0,798.0995357100905,65.0,64.36528423584792,12.0,11.841794521352288,26.0,29.804123764219877,15.0,16.6427870970234,16.0,30.736391963888885
3740,2017-02-11 14:00:00,Guanyuan,station_target_delta_ridge,200.0,287.48020734914303,101.0,95.06185267266167,5.0,6.695165156334824,19.0,20.379179045997965,11.0,14.744185878285604,11.0,9.192767935859411
3741,2017-02-11 15:00:00,Wanshouxigong,station_target_delta_ridge,600.0,434.15535350845585,65.0,75.15458989097615,7.0,6.519147991235949,19.0,11.328716741549174,16.0,16.08075456741281,28.0,29.325596624370053
3742,2017-02-11 17:00:00,Gucheng,station_target_delta_ridge,1100.0,1442.4164326895552,68.0,81.94441740409927,18.0,27.263477434400947,40.0,41.50680194799169,58.0,69.08333511552979,69.0,88.8693378122577
3743,2017-02-11 18:00:00,Wanshouxigong,station_target_delta_ridge,900.0,918.5117238632,76.0,79.38564384445962,11.0,16.027858855199806,39.0,40.077680519112256,49.0,55.547454831679545,75.0,79.40526979615397
3744,2017-02-11 20:00:00,Huairou,station_target_delta_ridge,1200.0,184.8560534671593,44.0,27.394036775947058,36.0,20.27890197602212,44.0,58.736638775165396,133.0,95.68237978085929,205.0,90.16483758114983
3745,2017-02-11 22:00:00,Aotizhongxin,station_target_delta_ridge,1600.0,1942.1930602011005,14.0,20.529763364453324,73.0,68.64053180118574,117.0,103.73870885254381,185.0,235.9657841834586,282.0,364.8535737167423
3746,2017-02-11 23:00:00,Huairou,station_target_delta_ridge,900.0,210.09926631315045,59.0,45.259401182175594,12.0,12.09651700169476,21.0,27.709747155224782,40.0,66.34839910746567,63.0,64.65787806975212
3747,2017-02-12 01:00:00,Aotizhongxin,station_target_delta_ridge,2500.0,3110.473952458107,5.0,6.517318338579493,84.0,89.5678567037737,105.0,105.91521466433784,214.0,199.76360285020277,228.0,287.92014103021313
3748,2017-02-12 02:00:00,Nongzhanguan,station_target_delta_ridge,3200.0,2910.3669531079395,5.0,-5.12878153377261,83.0,60.85972032862326,48.0,70.70816074497216,288.0,256.7248713437154,350.0,331.82001463637977
3749,2017-02-12 04:00:00,Changping,station_target_delta_ridge,1100.0,1318.0334752507222,4.0,13.52865761077906,6.0,9.853705512380511,37.0,28.686893605557,45.0,43.8232150261943,49.0,39.390925611325756
3750,2017-02-12 05:00:00,Nongzhanguan,station_target_delta_ridge,1900.0,2179.0638726373577,2.0,-32.52002070797885,30.0,31.200159917582027,66.0,47.47042065726051,108.0,120.19338333981497,108.0,138.08769329301776
3751,2017-02-12 07:00:00,Dingling,station_target_delta_ridge,900.0,635.8411404760636,27.0,43.250328977659294,13.0,7.869718591115376,32.0,17.527791069589576,32.0,25.73547834050426,57.0,48.221634169632026
3752,2017-02-12 08:00:00,Shunyi,station_target_delta_ridge,900.0,358.0057371589103,33.0,20.69215341891411,28.0,16.480296930581183,34.0,47.97264387790021,23.0,38.917305601382424,27.0,44.94585774155747
3753,2017-02-12 10:00:00,Dingling,station_target_delta_ridge,1300.0,1645.0521175994566,32.0,21.519713374860707,28.0,22.93121026887769,37.0,41.99964253497939,63.0,65.53214035290105,86.0,101.01697956037786
3754,2017-02-12 11:00:00,Shunyi,station_target_delta_ridge,800.0,1736.8671906283253,55.0,51.41447616969449,17.0,25.6494683617449,22.0,28.75240885972667,36.0,61.33442345585036,46.0,69.77844284710623
3755,2017-02-12 13:00:00,Dongsi,station_target_delta_ridge,3700.0,3401.6929170834173,38.0,44.258798479064595,72.0,79.44102027676087,77.0,76.20312673626759,148.0,150.2511459666499,187.0,180.74243421811474
3756,2017-02-12 14:00:00,Tiantan,station_target_delta_ridge,4100.0,3159.9442659076913,39.0,41.913249431770566,78.0,78.56161248728804,103.0,96.75889796262169,136.0,139.56032792358957,167.0,187.1324716555007
3757,2017-02-12 16:00:00,Dongsi,station_target_delta_ridge,3300.0,2859.725664111852,48.0,47.899407101147425,50.0,52.26178885589137,77.0,76.05617403142664,127.0,134.00235398033067,152.0,163.75850461505019
3758,2017-02-12 17:00:00,Wanliu,station_target_delta_ridge,1700.0,2426.208206675889,46.0,45.02264948495349,35.0,34.24007305942539,84.0,83.09623083999975,89.0,83.2800348601038,107.0,108.51597317597235
3759,2017-02-12 19:00:00,Guanyuan,station_target_delta_ridge,1900.0,2039.6100280802116,33.0,14.74459386611407,31.0,38.87396239198582,91.0,119.50684351322789,100.0,115.94258406039505,123.0,137.62832388884112
3760,2017-02-12 20:00:00,Wanliu,station_target_delta_ridge,200.0,-105.16404452699828,5.0,16.050098122880826,33.0,28.776714059024606,117.0,110.41448135752445,99.0,95.73852704134721,140.0,130.5383197420519
3761,2017-02-12 22:00:00,Gucheng,station_target_delta_ridge,2500.0,2475.871150402665,3.0,5.870665057897882,34.0,39.06098092664505,115.0,123.21381589165703,139.0,154.45680307924727,197.0,237.81976743341784
3762,2017-02-12 23:00:00,Wanshouxigong,station_target_delta_ridge,3400.0,2372.939608395788,2.0,1.3890076140790595,35.0,47.08127079915839,127.0,126.9201395679134,145.0,156.8273249125982,163.0,201.62206277517555
3763,2017-02-13 01:00:00,Gucheng,station_target_delta_ridge,2400.0,2491.5203355164795,2.0,3.56600125066046,23.0,23.54453870162323,95.0,97.60167764154345,98.0,103.94567498542439,127.0,149.87491401153545
3764,2017-02-13 02:00:00,Wanshouxigong,station_target_delta_ridge,4700.0,4365.635667648553,4.0,3.442443793057668,61.0,39.22449740397857,132.0,127.53458066309925,167.0,171.43740022771962,219.0,210.93594698872755
3765,2017-02-13 04:00:00,Huairou,station_target_delta_ridge,2400.0,2435.8158355590726,10.0,14.735662266643063,14.0,11.404712399318546,62.0,56.258302946947495,96.0,88.71261894825876,115.0,89.65205522201776
3766,2017-02-13 06:00:00,Aotizhongxin,station_target_delta_ridge,3700.0,3532.6537923316278,3.0,16.167831049129525,39.0,38.36741680584943,110.0,111.76401501065253,134.0,112.82279058356289,146.0,131.9516066580323
3767,2017-02-13 07:00:00,Huairou,station_target_delta_ridge,2400.0,2419.230054083861,5.0,10.29848143315256,13.0,11.905856847346604,66.0,58.90193256647233,81.0,80.64425482439322,110.0,83.77921112008677
3768,2017-02-13 09:00:00,Changping,station_target_delta_ridge,100.0,1406.700124785909,31.0,33.22634279099339,20.0,26.240137126761926,38.0,37.40318892983451,20.0,21.714103200922974,54.0,36.18096836108853
3769,2017-02-13 10:00:00,Nongzhanguan,station_target_delta_ridge,1400.0,1679.486942030004,18.0,18.95433232355683,18.0,24.729797598648215,52.0,57.22017098020355,51.0,58.351388588153355,51.0,68.05170343687644
3770,2017-02-13 12:00:00,Changping,station_target_delta_ridge,700.0,703.3683231183394,48.0,50.90299346522201,13.0,13.035181442180113,23.0,21.37028326537373,21.0,19.573286832030764,31.0,21.763887926744943
3771,2017-02-13 13:00:00,Shunyi,station_target_delta_ridge,400.0,439.5650357791397,82.0,79.94481431857265,4.0,3.8225160705757686,8.0,12.476447183301302,15.0,17.447192761014428,15.0,17.348906850035036
3772,2017-02-13 15:00:00,Dingling,station_target_delta_ridge,300.0,427.030492236,92.0,89.51083575374321,4.0,4.862715903391258,7.0,9.43965123203143,13.0,16.02786499795793,22.0,18.261045223768733
3773,2017-02-13 16:00:00,Shunyi,station_target_delta_ridge,300.0,315.88161418923033,85.0,82.21371587837612,2.0,2.4388307397243496,16.0,17.794689068426685,14.0,13.451998042612212,17.0,20.549976232685093
3774,2017-02-13 18:00:00,Dingling,station_target_delta_ridge,600.0,475.8842403630657,71.0,77.10023558526277,9.0,5.741240233956912,23.0,16.715597679799366,21.0,23.79502996389799,46.0,46.45914765550402
3775,2017-02-13 19:00:00,Tiantan,station_target_delta_ridge,100.0,646.0687844726252,36.0,40.34317012347697,10.0,10.27792793402335,61.0,56.3572629728616,23.0,45.75339752034078,104.0,126.25375043590147
3776,2017-02-13 21:00:00,Dongsi,station_target_delta_ridge,2500.0,2347.2810251478263,33.0,33.49836673191543,27.0,27.305339485288997,74.0,76.55628088488551,120.0,131.91207377684776,197.0,180.20482782420567
3777,2017-02-13 22:00:00,Tiantan,station_target_delta_ridge,3100.0,1182.354322258214,6.0,11.129905377089493,35.0,39.0560056889369,113.0,93.45505871695306,159.0,153.7585220795143,221.0,219.90793560525879
3778,2017-02-14 00:00:00,Guanyuan,station_target_delta_ridge,2800.0,932.9760673682661,28.0,17.00721843604166,50.0,43.392191188093804,106.0,109.61230915308906,172.0,164.71368337105997,174.0,170.2621637871466
3779,2017-02-14 01:00:00,Wanliu,station_target_delta_ridge,3100.0,3095.890378521149,15.0,20.10307355076357,42.0,43.27688774870738,118.0,113.46849451736452,175.0,162.68275438337068,175.0,164.91619254048345
3780,2017-02-14 03:00:00,Guanyuan,station_target_delta_ridge,2800.0,2193.3292741295354,9.0,27.673723910059252,36.0,27.003998325010144,103.0,79.5893246652283,146.0,132.62630125294285,148.0,150.92689460905527
3781,2017-02-14 04:00:00,Wanshouxigong,station_target_delta_ridge,3400.0,2470.889477279817,72.0,33.70039631512212,28.0,31.590991823307355,107.0,110.39901470977142,156.0,144.46661419338946,156.0,145.2269353856892
3782,2017-02-14 06:00:00,Gucheng,station_target_delta_ridge,3500.0,3529.5251968233556,2.0,2.7085676600654685,26.0,33.748651382801455,92.0,97.31030542918012,166.0,174.84323542496892,166.0,189.9734722324436
3783,2017-02-14 07:00:00,Wanshouxigong,station_target_delta_ridge,2200.0,3267.169730851596,2.0,3.764798151708596,11.0,15.505050698011484,90.0,97.40758623327021,121.0,163.1245489079012,121.0,189.04752904727778
3784,2017-02-14 09:00:00,Gucheng,station_target_delta_ridge,4300.0,4659.635959815676,2.0,6.174491496433385,48.0,43.943130219757236,111.0,107.79111514487285,178.0,180.00315949389017,203.0,188.64564332835198
3785,2017-02-14 11:00:00,Aotizhongxin,station_target_delta_ridge,2900.0,2998.0612279373677,9.0,9.962342902695816,17.0,15.891955714131534,106.0,101.45324780298688,170.0,164.34120433861236,177.0,188.79970526139653
3786,2017-02-14 12:00:00,Nongzhanguan,station_target_delta_ridge,2800.0,2416.8248547441435,6.0,5.597299894753957,25.0,23.879115341068072,80.0,90.94665255575491,210.0,211.23491207516335,210.0,204.4453246437743
3787,2017-02-14 14:00:00,Changping,station_target_delta_ridge,1800.0,2307.3713000839057,23.0,27.257910570536062,3.0,42.47981583915797,47.0,67.33025552673524,170.0,167.19446346395355,195.0,168.08153750917404
3788,2017-02-14 15:00:00,Wanliu,station_target_delta_ridge,2800.0,2806.4964438757193,19.0,9.988754393056166,57.0,58.80917252141915,113.0,105.8462868838978,200.0,203.13865669889546,200.0,207.79638692054797
3789,2017-02-14 17:00:00,Gucheng,station_target_delta_ridge,3100.0,3123.094211253201,9.0,10.385421314090296,45.0,39.58966137683727,122.0,122.49792727377931,222.0,219.3127290886668,223.0,228.14529026083173
3790,2017-02-14 18:00:00,Wanshouxigong,station_target_delta_ridge,2400.0,2945.8675753643015,20.0,24.101499804762657,32.0,31.492351414155625,102.0,107.01618853648985,199.0,195.40229100203703,199.0,190.6278866785528
3791,2017-02-14 20:00:00,Huairou,station_target_delta_ridge,3300.0,3662.2455019709228,30.0,25.77611455624429,24.0,28.099734168746583,90.0,104.44566478763457,253.0,253.11603180990022,268.0,270.9186304078221
3792,2017-02-14 22:00:00,Aotizhongxin,station_target_delta_ridge,3800.0,3621.4592836512384,2.0,5.693824055107514,46.0,37.02707442397004,151.0,147.22567957685183,247.0,234.71734226291926,247.0,245.92558831543454
3793,2017-02-14 23:00:00,Huairou,station_target_delta_ridge,2800.0,2890.310289717393,49.0,45.968028251697525,21.0,20.871300292577974,60.0,66.03542453502993,220.0,224.0859915057514,220.0,225.9769558123226
3794,2017-02-15 01:00:00,Aotizhongxin,station_target_delta_ridge,4700.0,5725.728694580906,3.0,6.99073627572376,45.0,47.53536482767665,151.0,151.91475077908217,261.0,279.2404202065128,261.0,281.7841645048069
3795,2017-02-15 02:00:00,Nongzhanguan,station_target_delta_ridge,3300.0,3539.334792319656,2.0,1.7301381446632953,35.0,36.871600288547455,116.0,119.14354260750324,243.0,254.0242024361927,243.0,245.52908581806605
3796,2017-02-15 04:00:00,Changping,station_target_delta_ridge,2800.0,3477.0690238848165,2.0,4.626489645370199,12.0,11.742388920433754,101.0,98.11089760773675,209.0,215.57177271291695,209.0,217.6627644102916
3797,2017-02-15 05:00:00,Nongzhanguan,station_target_delta_ridge,3000.0,3956.5469844613076,2.0,2.601475854291609,33.0,31.495450997913487,110.0,105.66594061738225,250.0,261.4890995812764,250.0,254.39784123557996
3798,2017-02-15 07:00:00,Dingling,station_target_delta_ridge,2000.0,2026.6978125128192,8.0,5.708210993260142,12.0,12.6292365697695,75.0,80.26595770093047,210.0,226.1154390357659,210.0,214.63380010451047
3799,2017-02-15 08:00:00,Shunyi,station_target_delta_ridge,3000.0,1990.9322923020425,7.0,8.30152497199957,38.0,35.38241567835517,78.0,74.72459845927567,208.0,205.52190920896052,208.0,206.70278814296813
3800,2017-02-15 10:00:00,Dingling,station_target_delta_ridge,2000.0,1932.7335180671264,26.0,17.72552564846826,33.0,23.356822065595573,69.0,70.98309384190868,225.0,185.46971242932415,225.0,230.5513724239855
3801,2017-02-15 11:00:00,Shunyi,station_target_delta_ridge,2000.0,2129.1107439780417,38.0,34.057582808197594,49.0,54.51888163208509,58.0,62.53218626483852,221.0,213.48729702335345,221.0,214.53497933341185
3802,2017-02-15 13:00:00,Guanyuan,station_target_delta_ridge,2000.0,1784.117078730434,35.0,48.97414671217845,42.0,44.75248273346125,103.0,88.93028318513316,239.0,124.70612573729439,239.0,159.60438956942696
3803,2017-02-15 14:00:00,Wanshouxigong,station_target_delta_ridge,2000.0,1684.5088934399676,33.0,39.667190280621654,47.0,44.585810503321916,124.0,112.45005036277554,252.0,235.75234294306577,252.0,232.17534497392677
3804,2017-02-15 16:00:00,Huairou,station_target_delta_ridge,2000.0,987.9638941335643,109.0,110.2126210969458,42.0,39.41727037755709,75.0,70.06362442323206,197.0,191.96368144718056,197.0,212.80504308427197
3805,2017-02-15 18:00:00,Dingling,station_target_delta_ridge,2000.0,2041.0349701500472,72.0,82.17721349740725,33.0,39.562659830199244,82.0,79.26189881190649,244.0,238.0061695897116,244.0,232.20244352387775
3806,2017-02-15 19:00:00,Shunyi,station_target_delta_ridge,2000.0,2108.9344532787045,45.0,31.955307315642358,46.0,45.70153262062392,104.0,116.36426672939267,218.0,236.92225557727306,218.0,238.92958504081932
3807,2017-02-15 21:00:00,Dingling,station_target_delta_ridge,2000.0,2024.7951866521248,50.0,45.97200903521676,33.0,29.1445904477459,80.0,85.63589509698981,249.0,248.18644342000292,249.0,241.719389411411
3808,2017-02-15 22:00:00,Tiantan,station_target_delta_ridge,4300.0,3529.1358883787275,67.0,48.94167958748034,23.0,19.704671922712592,139.0,115.75782235928682,252.0,236.0525791565802,258.0,239.6319456818899
3809,2017-02-16 00:00:00,Dongsi,station_target_delta_ridge,3900.0,3887.5718538940623,62.0,38.89628734539678,56.0,56.28124574881372,150.0,163.3507343379881,263.0,271.5558226527412,268.0,283.1405337831657
3810,2017-02-16 01:00:00,Tiantan,station_target_delta_ridge,3600.0,3635.0130508729303,67.0,68.59439314178167,46.0,31.481411397994254,147.0,135.0526386178399,250.0,251.61429596364047,263.0,268.9309280105938
3811,2017-02-16 03:00:00,Dongsi,station_target_delta_ridge,2500.0,3723.330612630119,62.0,62.20304486892077,55.0,49.25075704368853,137.0,133.10147575705932,275.0,268.5879076206243,275.0,266.4760503867917
3812,2017-02-16 05:00:00,Aotizhongxin,station_target_delta_ridge,3700.0,3786.8537463565012,64.0,67.3915074146162,46.0,48.788122003434104,129.0,139.1403353139486,275.0,286.44278525218255,275.0,285.08420436936836
3813,2017-02-16 06:00:00,Huairou,station_target_delta_ridge,2600.0,2577.9136072592196,111.0,109.30251602900692,20.0,19.35045162703092,57.0,5.969182722745705,226.0,209.9986055252976,226.0,208.88848339636579
3814,2017-02-16 08:00:00,Changping,station_target_delta_ridge,1000.0,1777.408348238327,40.0,30.23012353736761,22.0,35.51307138356738,55.0,70.36339691248128,75.0,139.0370806136927,75.0,125.51852251990033
3815,2017-02-16 09:00:00,Shunyi,station_target_delta_ridge,1000.0,1698.2941717621654,62.0,56.910248982039704,34.0,37.05003883754778,36.0,44.27765019612385,141.0,165.42142620713406,141.0,164.67051083056054
3816,2017-02-16 11:00:00,Dingling,station_target_delta_ridge,200.0,168.0964476915489,88.0,93.60649894209561,3.0,1.721219934787074,2.0,2.130987847544911,6.0,-3.959589949694287,6.0,17.042669651198523
3817,2017-02-16 12:00:00,Tiantan,station_target_delta_ridge,400.0,403.39456058844223,68.0,70.06626837078875,6.0,9.842857298771765,22.0,21.07034682182895,20.0,11.954164228589406,102.0,80.36730130664166
3818,2017-02-16 14:00:00,Gucheng,station_target_delta_ridge,600.0,756.4282506304769,48.0,58.457719051150264,4.0,5.157962214321492,20.0,19.95331727405843,15.0,17.804434385533767,16.0,48.50710554369635
3819,2017-02-16 15:00:00,Wanshouxigong,station_target_delta_ridge,300.0,310.0903918877858,70.0,74.29754960286694,2.0,2.1844579989850414,17.0,14.25512659572536,5.0,9.429575342656076,16.0,19.09443312638315
3820,2017-02-16 17:00:00,Tiantan,station_target_delta_ridge,300.0,329.0197984661238,72.0,63.25961230250008,2.0,3.288599598693033,24.0,26.773059299211116,8.0,0.4827416191201137,37.0,19.216787245293524
3821,2017-02-16 19:00:00,Guanyuan,station_target_delta_ridge,400.0,572.5238672453866,56.0,58.94810036831038,2.0,3.5220835287646652,31.0,33.895349877152825,15.0,16.03481829855327,22.0,20.618760299386032
3822,2017-02-16 20:00:00,Wanshouxigong,station_target_delta_ridge,300.0,367.12865503279477,68.0,66.90044407840549,2.0,2.920425636266823,19.0,24.795250971706448,13.0,17.173136242514556,55.0,16.194707637769056
3823,2017-02-16 22:00:00,Gucheng,station_target_delta_ridge,300.0,348.5142855703697,50.0,62.53659658606753,5.0,3.859361702335326,21.0,18.158740221204827,10.0,10.983573071892458,10.0,19.33910456259466
3824,2017-02-16 23:00:00,Wanshouxigong,station_target_delta_ridge,300.0,262.56476222982127,72.0,76.2472493568003,2.0,3.0586352214317736,12.0,8.83587196339445,6.0,7.051744950407951,18.0,16.31659802217847
3825,2017-02-17 01:00:00,Huairou,station_target_delta_ridge,200.0,312.68258231410425,102.0,90.65235618846478,2.0,2.076519235167644,2.0,7.0509537543081855,5.0,8.621534145354998,5.0,17.478254104606865
3826,2017-02-17 03:00:00,Aotizhongxin,station_target_delta_ridge,200.0,262.05922846455155,50.0,59.89067953746002,4.0,2.246173723071274,25.0,16.591697726702996,7.0,6.146603636906496,10.0,9.267601725896423
3827,2017-02-17 04:00:00,Huairou,station_target_delta_ridge,300.0,337.7356560807814,96.0,88.26215404406065,2.0,2.5360571171261994,2.0,6.860730949311013,6.0,7.577824596148275,6.0,17.20201820794896
3828,2017-02-17 06:00:00,Changping,station_target_delta_ridge,600.0,759.0288044414997,58.0,52.41360062995387,7.0,7.668149721112999,20.0,30.09324564954267,8.0,11.759816019154618,10.0,12.402279632049897
3829,2017-02-17 07:00:00,Nongzhanguan,station_target_delta_ridge,500.0,351.52249106543366,51.0,56.88044296838409,7.0,5.795257386066932,26.0,21.92221521145146,12.0,2.9230207436957762,12.0,7.581710086298298
3830,2017-02-17 09:00:00,Dingling,station_target_delta_ridge,500.0,399.8764978472303,69.0,75.66535329174769,9.0,7.927481889196885,10.0,9.502374398615089,10.0,10.533311869198894,10.0,17.676250183536883
3831,2017-02-17 10:00:00,Shunyi,station_target_delta_ridge,300.0,298.6560006563538,80.0,77.55202795246701,3.0,1.646237124743947,10.0,13.74017841164617,6.0,8.04396469263608,6.0,5.904539517426221
3832,2017-02-17 12:00:00,Dongsi,station_target_delta_ridge,100.0,65.23917652291792,86.0,81.25600167400896,2.0,-0.6325006955610109,10.0,10.107416464728885,8.0,6.642159574358354,8.0,13.417404014967273
3833,2017-02-17 13:00:00,Tiantan,station_target_delta_ridge,400.0,376.16042231971966,87.0,82.5138394428072,2.0,4.064892901360704,14.0,16.678203224546447,6.0,6.502927153083851,12.0,7.300476011382036
3834,2017-02-17 15:00:00,Dongsi,station_target_delta_ridge,100.0,131.8054365486865,74.0,81.99064629516579,2.0,0.8096490354207391,14.0,11.240588752282818,6.0,9.648315722401858,12.0,17.16565890385629
3835,2017-02-17 16:00:00,Wanliu,station_target_delta_ridge,500.0,426.37382287154367,88.0,79.9132522877512,5.0,4.3844375713355355,23.0,19.148790533787427,18.0,23.283985646625702,51.0,36.51400676081738
3836,2017-02-17 18:00:00,Guanyuan,station_target_delta_ridge,800.0,832.8707356780021,56.0,59.651039978419455,11.0,10.273162173956123,45.0,43.66493559235081,53.0,51.0381608609404,118.0,109.2210812254023
3837,2017-02-17 19:00:00,Wanliu,station_target_delta_ridge,1000.0,1067.7960747336438,38.0,37.412937046046856,18.0,17.861690419768163,69.0,66.46595160933316,67.0,67.88027198923113,101.0,109.79153887452271
3838,2017-02-17 21:00:00,Gucheng,station_target_delta_ridge,800.0,938.5437395405306,36.0,22.830041374760363,16.0,16.396086783191674,42.0,53.95356559140725,55.0,64.21049742801851,99.0,120.53684104553176
3839,2017-02-17 22:00:00,Wanshouxigong,station_target_delta_ridge,1000.0,938.5943189216949,11.0,14.808963313817639,25.0,23.70157081189316,80.0,73.85656178514542,65.0,68.59269977476657,94.0,97.82379104934338
3840,2017-02-18 00:00:00,Gucheng,station_target_delta_ridge,900.0,1078.0914848121804,16.0,0.9870946083633108,15.0,16.7711936254989,65.0,76.41845242525585,57.0,56.87024573628046,99.0,118.79643025095588
3841,2017-02-18 01:00:00,Wanshouxigong,station_target_delta_ridge,1000.0,1006.6640533694591,7.0,12.469495551051963,50.0,48.57977072746009,77.0,66.29706472399049,78.0,73.26577718851003,117.0,113.25394223136178
3842,2017-02-18 03:00:00,Nongzhanguan,station_target_delta_ridge,1000.0,1131.2292813911613,8.0,12.135669583673065,39.0,35.19175760589749,64.0,65.6420311703278,93.0,80.32504839608285,125.0,112.43429020078062
3843,2017-02-18 05:00:00,Changping,station_target_delta_ridge,1000.0,888.7299887637403,8.0,6.894089217927608,8.0,7.822463130164799,52.0,29.197744445938728,49.0,49.96313563064111,68.0,67.55824684967979
3844,2017-02-18 06:00:00,Nongzhanguan,station_target_delta_ridge,3000.0,2230.770534718463,3.0,4.778922653971254,24.0,23.332122811832175,80.0,82.63136022680175,97.0,97.6486573192282,143.0,126.95131268496888
3845,2017-02-18 08:00:00,Dingling,station_target_delta_ridge,900.0,952.3175197192643,28.0,26.27191623713803,13.0,16.58089968338486,28.0,33.942798849234855,54.0,50.76648686042879,107.0,72.72056752045604
3846,2017-02-18 09:00:00,Shunyi,station_target_delta_ridge,1000.0,1089.1884889364792,9.0,9.671625410629568,12.0,13.059808870229507,59.0,59.90672509855914,33.0,46.648412476099,78.0,65.94463443417912
3847,2017-02-18 11:00:00,Dingling,station_target_delta_ridge,1000.0,903.7152076878727,46.0,45.206874717647324,20.0,22.13343528777241,40.0,39.34961397875586,66.0,73.78486426134879,111.0,109.35910396723378
3848,2017-02-18 12:00:00,Shunyi,station_target_delta_ridge,1000.0,1122.082090741102,45.0,40.8600397571612,30.0,32.48434036465005,65.0,63.87764755652904,98.0,105.88522638943279,119.0,124.30374934253194
3849,2017-02-18 14:00:00,Dongsi,station_target_delta_ridge,1000.0,900.6082710840777,34.0,35.148232603063505,23.0,20.338067733690906,82.0,76.86454247966157,102.0,91.58042326763174,142.0,150.8394780136641
3850,2017-02-18 15:00:00,Tiantan,station_target_delta_ridge,1000.0,914.870340727954,59.0,45.74423143059428,24.0,25.266534960016088,81.0,92.14695520773736,95.0,93.91486470291515,126.0,121.50577915232378
3851,2017-02-18 17:00:00,Dongsi,station_target_delta_ridge,1000.0,857.0358125615304,75.0,76.68407832032325,19.0,19.723026412587306,33.0,29.904796298873112,76.0,79.57687990033415,104.0,123.3633406253071
3852,2017-02-18 18:00:00,Wanliu,station_target_delta_ridge,900.0,1030.5132309531766,60.0,61.703404394757946,24.0,26.569107399725876,66.0,63.00256850861675,74.0,77.09328927361652,104.0,115.25623484853534
3853,2017-02-18 20:00:00,Guanyuan,station_target_delta_ridge,1000.0,1138.3213701227457,21.0,27.903946865594314,24.0,25.614596023817928,103.0,97.82927474702721,100.0,97.9233374023716,162.0,144.3241416338958
3854,2017-02-18 21:00:00,Wanliu,station_target_delta_ridge,1000.0,1175.7065468558571,10.0,5.710952398766953,45.0,51.019168473939644,133.0,135.0341596061106,158.0,151.4607267206665,165.0,191.2703023092181
3855,2017-02-18 23:00:00,Gucheng,station_target_delta_ridge,2000.0,1928.4603158014347,4.0,5.253538894224203,50.0,64.96934180593612,121.0,143.2772440586611,149.0,182.43221673643706,206.0,224.0977835827324
3856,2017-02-19 00:00:00,Wanshouxigong,station_target_delta_ridge,2000.0,1288.872134854705,2.0,2.475775496312581,41.0,39.22278047634226,123.0,118.76294508456469,129.0,127.91809585729561,150.0,140.22165354323525
3857,2017-02-19 02:00:00,Gucheng,station_target_delta_ridge,2000.0,1836.3248756623088,2.0,5.501600922858425,51.0,52.1104368781723,120.0,119.69350346419988,154.0,156.41742853010746,199.0,202.08864319568215
3858,2017-02-19 03:00:00,Wanshouxigong,station_target_delta_ridge,2000.0,1496.7471347208161,2.0,1.5684068764912036,34.0,35.403700109114126,117.0,115.23745988500812,147.0,147.51322074343196,147.0,165.59701542480943
3859,2017-02-19 05:00:00,Huairou,station_target_delta_ridge,2000.0,2089.14430450071,47.0,43.05874432346726,22.0,19.605638754491387,46.0,51.995415706953764,109.0,115.8955015046005,120.0,114.81678152511884
3860,2017-02-19 07:00:00,Aotizhongxin,station_target_delta_ridge,2000.0,2169.964939947269,2.0,3.205379805629249,30.0,26.555409048427236,102.0,97.75988156550325,168.0,168.97161922849028,168.0,160.9529278238932
3861,2017-02-19 08:00:00,Huairou,station_target_delta_ridge,2000.0,1963.760428489456,32.0,32.83658277765876,18.0,21.59577722162417,50.0,50.810591842129014,123.0,114.86636750914002,132.0,126.63479467734315
3862,2017-02-19 10:00:00,Changping,station_target_delta_ridge,3000.0,3845.6470066339652,2.0,14.871242172490595,59.0,57.36280507904997,121.0,106.35975412172972,173.0,185.36841688715137,209.0,222.7033385627716
3863,2017-02-19 11:00:00,Nongzhanguan,station_target_delta_ridge,1000.0,1994.0647524428077,31.0,21.718643484465833,56.0,53.94239936316476,62.0,75.81049343855072,170.0,162.7862271546062,181.0,178.6374825834812
3864,2017-02-19 13:00:00,Changping,station_target_delta_ridge,2000.0,2064.682818426456,23.0,55.76485119866397,53.0,46.29265450509588,110.0,99.98911579033782,180.0,165.0023935936304,209.0,193.51065721789323
3865,2017-02-19 14:00:00,Shunyi,station_target_delta_ridge,1000.0,541.8040279097064,109.0,106.52951459519298,26.0,24.450950326918907,33.0,40.79753397105174,103.0,128.03404990833027,112.0,137.0602941097489
3866,2017-02-19 16:00:00,Dingling,station_target_delta_ridge,200.0,100.3277131654935,99.0,97.22178699358253,2.0,-0.4662635459060933,7.0,8.523324639165335,7.0,3.1052741038051366,115.0,75.1987136874798
3867,2017-02-19 17:00:00,Shunyi,station_target_delta_ridge,200.0,144.34242521551818,99.0,98.2023370813501,2.0,0.678994668766222,11.0,9.05581672996154,10.0,-8.505384025327418,60.0,74.49130624509161
3868,2017-02-19 19:00:00,Dingling,station_target_delta_ridge,200.0,215.58353323944647,96.0,95.88192541600799,2.0,1.2859549375757195,2.0,3.230703027138808,8.0,3.618846112462392,145.0,62.96924702437943
3869,2017-02-19 20:00:00,Tiantan,station_target_delta_ridge,300.0,354.7282357236261,89.0,86.46412230338761,2.0,4.4602887863382925,18.0,18.291570961862345,11.0,10.068240263857405,181.0,175.716653638863
3870,2017-02-19 22:00:00,Dongsi,station_target_delta_ridge,200.0,216.64185751014324,84.0,83.34449196020205,2.0,1.9526648505518618,8.0,5.157875193696801,10.0,9.37176677891919,148.0,184.81573435594672
3871,2017-02-19 23:00:00,Tiantan,station_target_delta_ridge,300.0,309.9550998817688,86.0,88.20389551831947,2.0,4.307909388105081,15.0,13.03762967491337,9.0,-0.08928951080696423,60.0,68.52485822239443
3872,2017-02-20 01:00:00,Guanyuan,station_target_delta_ridge,600.0,272.68823146424916,59.0,63.77819960123605,2.0,3.0808618618223527,18.0,15.955049867039126,4.0,5.360057441434067,23.0,27.536343976530077
3873,2017-02-20 02:00:00,Wanliu,station_target_delta_ridge,300.0,440.44859430932803,92.0,81.50337786093893,3.0,2.8215927155764167,15.0,23.3110052594846,6.0,9.115627436398137,28.0,24.470724685950053
3874,2017-02-20 04:00:00,Guanyuan,station_target_delta_ridge,200.0,230.74511546348094,55.0,67.11737512772264,2.0,3.12166045680676,15.0,13.051747980632523,3.0,3.923549994675182,20.0,25.36224168307823
3875,2017-02-20 05:00:00,Wanshouxigong,station_target_delta_ridge,200.0,261.2646735169615,82.0,91.70422597391666,2.0,2.0679036855395383,11.0,9.160313968412979,8.0,9.947681455412685,18.0,18.864958708231526
3876,2017-02-20 07:00:00,Gucheng,station_target_delta_ridge,400.0,315.1381365688337,53.0,57.44351118797581,7.0,6.1131983433757195,19.0,18.205715120526243,9.0,7.353485292013774,37.0,28.56690078767723
3877,2017-02-20 08:00:00,Wanshouxigong,station_target_delta_ridge,300.0,345.4951027416957,57.0,58.57853060961173,4.0,3.490054371668497,25.0,20.29919019088243,9.0,9.593822127651512,26.0,27.716039573012367
3878,2017-02-20 10:00:00,Gucheng,station_target_delta_ridge,300.0,353.2361350776824,57.0,68.07769077817471,5.0,6.117884063526314,16.0,14.16794623480387,9.0,5.1566532907790705,24.0,22.78973466648929
3879,2017-02-20 12:00:00,Changping,station_target_delta_ridge,500.0,549.9492961528804,53.0,53.51103696623961,7.0,7.7756121625878,24.0,23.606212892095513,12.0,16.28701149363266,36.0,39.830590798605336
3880,2017-02-20 14:00:00,Aotizhongxin,station_target_delta_ridge,300.0,320.0,97.0,78.3,5.0,4.5,11.0,13.2,12.0,9.1,25.0,24.8
3881,2017-02-20 17:00:00,Nongzhanguan,station_target_delta_ridge,300.0,354.54545454545456,71.0,74.72727272727273,4.0,3.4545454545454546,10.0,19.272727272727273,6.0,10.090909090909092,11.0,20.545454545454547
3882,2017-02-20 20:00:00,Dingling,station_target_delta_ridge,500.0,399.5530432647282,56.0,66.54322587348611,5.0,3.7313867863891703,18.0,9.214499137060848,20.0,21.18267983679932,36.0,50.265549723863856
3883,2017-02-20 21:00:00,Shunyi,station_target_delta_ridge,2200.0,938.798537262226,4.0,-0.9042379344226474,37.0,14.4546862703239,105.0,102.33066201576926,59.0,28.391229832120786,115.0,76.49599691359215
3884,2017-02-20 23:00:00,Dingling,station_target_delta_ridge,1100.0,656.3753647005233,54.0,50.67935500713456,15.0,9.105402126890118,17.0,14.37585585172496,33.0,24.64657279638938,57.0,37.20774939688066
3885,2017-02-21 02:00:00,Shunyi,station_target_delta_ridge,2700.0,663.6363636363636,3.0,18.545454545454547,26.0,14.909090909090908,80.0,52.72727272727273,95.0,41.09090909090909,108.0,56.09090909090909
3886,2017-02-21 06:00:00,Aotizhongxin,station_target_delta_ridge,1500.0,1672.7272727272727,6.0,4.909090909090909,28.0,21.454545454545453,73.0,63.36363636363637,90.0,72.63636363636364,102.0,94.9090909090909
3887,2017-02-21 09:00:00,Guanyuan,station_target_delta_ridge,1300.0,1736.3636363636363,6.0,8.0,31.0,31.90909090909091,69.0,70.36363636363636,70.0,79.0,91.0,107.27272727272727
3888,2017-02-21 10:00:00,Wanliu,station_target_delta_ridge,300.0,1685.6639074688323,5.0,4.120994531173974,42.0,30.03182201834082,86.0,76.23534633944206,86.0,89.04720441862291,127.0,114.43050003687253
3889,2017-02-21 14:00:00,Nongzhanguan,station_target_delta_ridge,800.0,1170.0,34.0,31.4,5.0,7.6,30.0,53.9,47.0,54.9,48.0,65.0
3890,2017-02-21 16:00:00,Guanyuan,station_target_delta_ridge,500.0,880.0,41.0,39.0,6.0,4.9,41.0,49.3,25.0,46.7,25.0,49.4
3891,2017-02-21 18:00:00,Changping,station_target_delta_ridge,1100.0,680.0,2.0,27.9,7.0,4.3,83.0,58.7,84.0,44.7,84.0,49.1
3892,2017-02-21 19:00:00,Tiantan,station_target_delta_ridge,800.0,928.8962398432969,43.0,43.21818057847152,3.0,2.2506650853914856,45.0,49.14932507046795,37.0,36.89423772303704,51.0,60.643683487767674
3893,2017-02-21 21:00:00,Dongsi,station_target_delta_ridge,1400.0,1385.5019725069533,15.0,13.348305430554685,3.0,-3.3600562973405914,53.0,54.6534074460501,70.0,72.92005792629762,70.0,75.53327523291524
3894,2017-02-21 22:00:00,Tiantan,station_target_delta_ridge,1100.0,151.8894594585696,29.0,44.60782232330271,2.0,2.670590076700462,46.0,31.82514249336868,52.0,41.40786745996953,52.0,47.38293145971527
3895,2017-02-22 00:00:00,Guanyuan,station_target_delta_ridge,800.0,874.6796755651535,34.0,36.7990032983964,3.0,3.3184215375810617,36.0,35.19053755573332,61.0,54.50516635260238,61.0,54.88965387234028
3896,2017-02-22 01:00:00,Wanliu,station_target_delta_ridge,1100.0,1142.2441495744047,25.0,27.611175556015617,2.0,2.8012366738416934,46.0,40.162266021728435,80.0,74.69335180165527,80.0,72.24506708412262
3897,2017-02-22 03:00:00,Guanyuan,station_target_delta_ridge,100.0,1161.907337792653,20.0,11.763613428819676,3.0,2.25335254692011,39.0,44.031648892119286,82.0,88.69033326958052,82.0,90.23921026897403
3898,2017-02-22 05:00:00,Aotizhongxin,station_target_delta_ridge,1200.0,1449.3400440222752,21.0,28.92176212395065,2.0,2.0003389963769593,45.0,38.66784176532982,86.0,91.46052793332876,86.0,98.48588586085556
3899,2017-02-22 06:00:00,Nongzhanguan,station_target_delta_ridge,1100.0,1203.5491448420635,19.0,18.657423471902526,5.0,5.5569254058026525,36.0,37.084067886262275,92.0,91.1372982054485,92.0,90.40671828768345
3900,2017-02-22 08:00:00,Dongsi,station_target_delta_ridge,1300.0,1332.6947665713358,3.0,3.7273056284929247,6.0,5.420640841617033,50.0,45.82803960200611,106.0,101.92629816637776,106.0,102.0873155778765
3901,2017-02-22 09:00:00,Tiantan,station_target_delta_ridge,1300.0,1650.5093625894447,17.0,14.638739395877478,3.0,6.772075784412179,48.0,50.04527804413749,103.0,108.07949379734524,113.0,111.43060990227168
3902,2017-02-22 11:00:00,Guanyuan,station_target_delta_ridge,1200.0,1533.852237628504,26.0,22.377594487459355,15.0,15.68653015314327,44.0,49.51828780530653,128.0,127.6534303065733,136.0,130.5242823066103
3903,2017-02-22 13:00:00,Changping,station_target_delta_ridge,1600.0,1836.9699719305663,32.0,30.043994672807806,14.0,18.760697464084153,59.0,68.97942814167823,130.0,158.6241937055751,130.0,140.6976888352014
3904,2017-02-22 14:00:00,Tiantan,station_target_delta_ridge,1400.0,1298.2916272506136,62.0,59.41869825666331,8.0,9.38849242376432,59.0,58.66100693210887,141.0,147.52737013223765,141.0,152.33451158324908
3905,2017-02-22 16:00:00,Shunyi,station_target_delta_ridge,1700.0,1714.1755523580216,39.0,37.78201680905046,23.0,18.96220250627998,96.0,99.78400401267263,155.0,145.58214248686198,155.0,156.46956434922157
3906,2017-02-22 18:00:00,Tiantan,station_target_delta_ridge,400.0,411.1111111111111,76.0,81.77777777777777,5.0,4.111111111111111,27.0,17.444444444444443,15.0,8.11111111111111,15.0,10.333333333333334
3907,2017-02-22 20:00:00,Guanyuan,station_target_delta_ridge,200.0,317.70061012796697,69.0,62.211347069328056,2.0,4.51318690033899,21.0,29.05818709746858,10.0,14.00823243012011,10.0,11.911546209853846
3908,2017-02-22 21:00:00,Wanliu,station_target_delta_ridge,300.0,312.7372006136036,83.0,71.82844149621013,5.0,6.641170973986906,13.0,17.65051395116272,7.0,11.562559063229436,11.0,11.029714963513637
3909,2017-02-22 23:00:00,Huairou,station_target_delta_ridge,400.0,515.4787250480971,102.0,93.54838144101092,2.0,1.6501024056078568,7.0,10.929547889521396,8.0,8.893147968841085,8.0,13.64929721183007
3910,2017-02-23 01:00:00,Aotizhongxin,station_target_delta_ridge,400.0,471.2403275366014,77.0,74.57095197210901,6.0,5.968690718957128,29.0,28.39281121071504,15.0,12.881947698704298,18.0,23.252853129048095
3911,2017-02-23 02:00:00,Huairou,station_target_delta_ridge,300.0,320.6781464142684,112.0,103.9374114680879,2.0,1.9650804494914755,5.0,7.7742832163585325,6.0,2.7640518414641755,6.0,11.47005941559889
3912,2017-02-23 04:00:00,Changping,station_target_delta_ridge,500.0,646.158097941843,64.0,56.831530484000155,3.0,3.398965559344717,15.0,23.145354978490502,12.0,7.433347616222294,12.0,13.613968132376243
3913,2017-02-23 05:00:00,Nongzhanguan,station_target_delta_ridge,600.0,571.5698908292458,55.0,54.70071208727988,7.0,6.346475901940385,25.0,29.165083769600102,11.0,10.505474571001553,17.0,11.547771894984834
3914,2017-02-23 07:00:00,Changping,station_target_delta_ridge,700.0,754.8005112973248,49.0,40.04470245209046,5.0,6.675999969131733,27.0,39.29145687837692,16.0,15.836134175881568,22.0,22.25071404550746
3915,2017-02-23 08:00:00,Nongzhanguan,station_target_delta_ridge,800.0,608.7697701002404,15.0,27.73317097395792,9.0,8.619071224698496,64.0,50.873019449390576,12.0,12.888522914101205,12.0,24.7790027911833
3916,2017-02-23 10:00:00,Dingling,station_target_delta_ridge,400.0,379.3678705562342,84.0,87.64282588468085,10.0,10.064947323505312,3.0,5.53851859180318,8.0,8.347551767271154,8.0,13.392370757652758
3917,2017-02-23 11:00:00,Shunyi,station_target_delta_ridge,500.0,444.69665194388455,69.0,72.00031742197677,5.0,3.746585455695892,24.0,20.027104176457684,17.0,15.224423870942275,23.0,13.64894672166128
3918,2017-02-23 13:00:00,Guanyuan,station_target_delta_ridge,300.0,392.1047883465752,71.0,72.29320641408977,3.0,2.7247890093630236,23.0,22.10105008919961,16.0,5.944902483881653,16.0,21.369556240611665
3919,2017-02-23 15:00:00,Changping,station_target_delta_ridge,400.0,468.98710518684175,61.0,60.981075043786106,4.0,5.439675428343536,22.0,20.958296233859173,8.0,24.759688519509655,17.0,27.90010238736405
3920,2017-02-23 17:00:00,Aotizhongxin,station_target_delta_ridge,500.0,520.0183326507148,107.0,104.52261022935205,5.0,5.383441387493752,26.0,25.871738978124874,23.0,28.022966643089312,23.0,42.55878566473049
3921,2017-02-23 18:00:00,Wanliu,station_target_delta_ridge,300.0,574.889565753129,77.0,68.77856521039331,2.0,6.7054166954678385,23.0,28.38541259990717,8.0,13.11947612181743,16.0,17.27731148048888
3922,2017-02-23 20:00:00,Nongzhanguan,station_target_delta_ridge,700.0,633.3640312442503,39.0,35.2098192413364,7.0,9.080751358413096,57.0,61.14625028549038,37.0,30.784193166216163,58.0,51.640786788720796
3923,2017-02-23 22:00:00,Dingling,station_target_delta_ridge,100.0,953.7609478182625,58.0,65.37563061684574,17.0,15.841058002858773,19.0,14.217544838861745,35.0,27.322516662270647,38.0,36.05988180455855
3924,2017-02-23 23:00:00,Wanliu,station_target_delta_ridge,100.0,897.5857382197162,22.0,22.736046590670178,14.0,15.788737929869582,83.0,75.6228588298543,46.0,42.346604240745215,70.0,67.06852429466744
3925,2017-02-24 01:00:00,Gucheng,station_target_delta_ridge,1400.0,954.5454545454545,8.0,17.363636363636363,13.0,14.727272727272727,93.0,68.54545454545455,37.0,50.45454545454545,77.0,69.54545454545455
3926,2017-02-24 03:00:00,Aotizhongxin,station_target_delta_ridge,800.0,803.7591260446382,2.0,14.548437425001422,22.0,15.574007907782788,121.0,95.26618943170001,36.0,32.97924318782005,70.0,45.28040006019539
3927,2017-02-24 04:00:00,Nongzhanguan,station_target_delta_ridge,1600.0,866.6666666666666,4.0,16.555555555555557,22.0,10.333333333333334,84.0,64.77777777777777,82.0,36.666666666666664,100.0,47.888888888888886
3928,2017-02-24 06:00:00,Dongsi,station_target_delta_ridge,1400.0,1141.165741823472,2.0,3.646748096877783,13.0,12.703283602395793,73.0,72.25255677057243,23.0,38.775826272408054,32.0,34.44255221165413
3929,2017-02-24 07:00:00,Wanliu,station_target_delta_ridge,2600.0,1871.242076056325,2.0,0.37482469927499973,6.0,6.968327106189716,87.0,86.75318809827894,34.0,33.079681683778404,113.0,49.29243183525896
3930,2017-02-24 09:00:00,Guanyuan,station_target_delta_ridge,800.0,1061.776400275803,19.0,19.288051686320504,14.0,14.797936141454302,59.0,62.81228809063086,20.0,26.81898964167385,41.0,44.95609104973597
3931,2017-02-24 10:00:00,Wanliu,station_target_delta_ridge,700.0,1145.9246602506473,48.0,30.70822739211854,12.0,16.664345021235746,43.0,64.10604335626711,18.0,13.966096999096658,23.0,24.695897258428136
3932,2017-02-24 12:00:00,Gucheng,station_target_delta_ridge,700.0,682.4237762533992,57.0,63.210434059667506,9.0,9.387893573058465,60.0,53.51287312048602,21.0,17.20515112466516,35.0,31.199492872746116
3933,2017-02-24 13:00:00,Wanshouxigong,station_target_delta_ridge,400.0,512.268359531819,69.0,62.37239907371376,6.0,6.415960147735537,23.0,25.981136033611815,19.0,19.858120034527882,28.0,23.695240173140437
3934,2017-02-24 15:00:00,Huairou,station_target_delta_ridge,300.0,404.4137878711556,102.0,92.16730983044832,3.0,5.121511301733724,13.0,20.225462377289134,11.0,12.440627476079024,15.0,17.469932957993052
3935,2017-02-24 17:00:00,Changping,station_target_delta_ridge,500.0,416.12674386346794,54.0,58.23433610088405,7.0,6.410103699617797,28.0,17.371940633917404,16.0,13.743473308778956,35.0,28.24759635762792
3936,2017-02-24 18:00:00,Wanliu,station_target_delta_ridge,400.0,375.9712453469332,75.0,70.12430650975739,6.0,7.758625032519611,21.0,18.248886857075785,11.0,13.707686348247472,23.0,23.337934220406147
3937,2017-02-24 20:00:00,Huairou,station_target_delta_ridge,100.0,303.98843014039056,108.0,95.39001885017649,2.0,0.6689006263386545,6.0,15.026605463035729,3.0,6.53774370653714,7.0,20.050608484564535
3938,2017-02-24 22:00:00,Aotizhongxin,station_target_delta_ridge,600.0,546.6670512517535,33.0,25.64126009467915,19.0,13.895009629509865,71.0,69.88623456648334,18.0,14.035753863274495,29.0,22.88954438745752
3939,2017-02-24 23:00:00,Nongzhanguan,station_target_delta_ridge,600.0,587.0124072041332,22.0,36.07613525556533,12.0,10.23517607215515,62.0,51.340588845208146,10.0,7.659364144675216,27.0,16.1668496410854
3940,2017-02-25 01:00:00,Changping,station_target_delta_ridge,800.0,1277.1562993311818,23.0,5.854455459055325,11.0,15.196466212111726,52.0,56.39539813520274,16.0,29.31419604048081,16.0,19.450303274120717
3941,2017-02-25 02:00:00,Nongzhanguan,station_target_delta_ridge,400.0,689.1234998218061,46.0,46.51505140382983,7.0,6.4346375183716695,34.0,37.08044789205674,8.0,7.087453216498297,9.0,1.4663556141522154
3942,2017-02-25 04:00:00,Dingling,station_target_delta_ridge,400.0,672.9669618267174,48.0,32.27873316276067,3.0,3.972831480166601,12.0,26.25202133123842,9.0,19.279166828159106,9.0,17.70076639099487
3943,2017-02-25 05:00:00,Shunyi,station_target_delta_ridge,600.0,718.8059089107306,37.0,28.155365801122937,9.0,9.855413617948129,49.0,54.87943528720032,11.0,13.008077041508736,17.0,14.198947375252219
3944,2017-02-25 07:00:00,Dingling,station_target_delta_ridge,1100.0,580.4770667426745,37.0,36.65335303653796,8.0,4.997376502634561,30.0,23.03150830776229,11.0,10.180754944974444,19.0,13.89417066713923
3945,2017-02-25 08:00:00,Shunyi,station_target_delta_ridge,800.0,649.4490396503426,22.0,36.88841943926374,8.0,9.525959523342323,52.0,48.91370906461704,12.0,14.949330655758319,28.0,18.307508491119634
3946,2017-02-25 10:00:00,Dongsi,station_target_delta_ridge,500.0,583.1883799611857,57.0,59.63518728465434,7.0,8.17222240553234,25.0,20.775306679923233,7.0,9.481244203465783,24.0,28.710601064943972
3947,2017-02-25 11:00:00,Tiantan,station_target_delta_ridge,500.0,563.9878306925028,73.0,69.62814746032394,7.0,7.87417330888665,28.0,31.77142338572216,4.0,13.993188978474038,14.0,25.6088353069326
3948,2017-02-25 13:00:00,Guanyuan,station_target_delta_ridge,300.0,332.55111334000395,75.0,77.47047166248795,2.0,3.7731558394398577,19.0,15.98290862134379,22.0,14.1037640399172,22.0,11.049974567925096
3949,2017-02-25 15:00:00,Aotizhongxin,station_target_delta_ridge,200.0,302.34254923582694,116.0,109.83742971677982,4.0,4.385389505890048,9.0,9.546159098407223,8.0,9.383630200965232,14.0,24.123592323243585
3950,2017-02-25 16:00:00,Nongzhanguan,station_target_delta_ridge,300.0,329.2846874794661,88.0,88.33028298576824,5.0,5.870717681905038,14.0,11.738968473680167,8.0,-3.1850988655145205,22.0,24.88618177512884
3951,2017-02-25 18:00:00,Dingling,station_target_delta_ridge,200.0,252.94357835733732,100.0,95.15267699583713,2.0,2.1644347344218815,2.0,3.2019955196391905,11.0,9.070385634701195,22.0,32.19192761027735
3952,2017-02-25 19:00:00,Tiantan,station_target_delta_ridge,500.0,427.5662492497866,75.0,73.29509762477696,4.0,3.9088170438510987,36.0,32.41794155816,11.0,4.412723267099734,38.0,27.054936623232045
3953,2017-02-25 21:00:00,Guanyuan,station_target_delta_ridge,500.0,496.4374361537423,41.0,47.41329264822653,6.0,5.607532225597936,50.0,49.44475132176623,14.0,20.81097873482218,37.0,31.133077943554348
3954,2017-02-25 22:00:00,Wanliu,station_target_delta_ridge,700.0,516.1050004799556,34.0,39.358969956790716,11.0,9.847436372866948,63.0,40.65050639160286,19.0,12.465893127380639,51.0,34.36288109226561
3955,2017-02-26 00:00:00,Guanyuan,station_target_delta_ridge,600.0,673.4951537200211,27.0,10.592011686615688,7.0,11.004280626976366,60.0,75.68444740882336,17.0,18.525420861644275,34.0,27.76002968220456
3956,2017-02-26 02:00:00,Aotizhongxin,station_target_delta_ridge,400.0,637.8942939937003,53.0,32.46431870531567,7.0,6.152891303671111,51.0,61.87231294261634,19.0,21.85369424793751,29.0,32.774066550647674
3957,2017-02-26 03:00:00,Huairou,station_target_delta_ridge,500.0,445.4467348481591,75.0,70.1292520253003,3.0,3.5657956701772586,9.0,10.100658144778329,13.0,15.215520485052236,13.0,18.301809246179968
3958,2017-02-26 05:00:00,Dingling,station_target_delta_ridge,300.0,483.6200143515705,70.0,66.9744256942012,4.0,4.941862611610764,8.0,6.659241463105575,11.0,11.851506785505357,16.0,17.996344771054737
3959,2017-02-26 06:00:00,Tiantan,station_target_delta_ridge,700.0,533.9680545053835,4.0,7.68998978301958,3.0,4.06314755695232,63.0,66.1693571634363,17.0,17.69391008063358,30.0,24.961309971528607
3960,2017-02-26 08:00:00,Dongsi,station_target_delta_ridge,900.0,786.422099037226,13.0,7.480759946262791,20.0,16.50806488065614,65.0,71.2946906141541,18.0,19.26922838513784,44.0,41.734865239311446
3961,2017-02-26 09:00:00,Tiantan,station_target_delta_ridge,900.0,754.776144272073,22.0,25.43926682611856,14.0,6.302164689828177,72.0,55.868744592178345,19.0,23.071557898190715,46.0,50.31875120814706
3962,2017-02-26 11:00:00,Dongsi,station_target_delta_ridge,700.0,644.8737026031353,47.0,52.13981436440764,8.0,7.16060047786616,39.0,32.34658323260254,24.0,22.161185974303475,37.0,30.286812417930555
3963,2017-02-26 12:00:00,Wanliu,station_target_delta_ridge,700.0,730.2371961818418,55.0,58.211788010727375,15.0,18.12420560191909,44.0,43.638991377755474,24.0,18.16927399944062,24.0,23.854471664955778
3964,2017-02-26 14:00:00,Gucheng,station_target_delta_ridge,700.0,656.7291666892816,55.0,63.801226401958786,10.0,10.0712356432044,27.0,34.84746648480053,31.0,29.328485658788395,39.0,31.736612242406036
3965,2017-02-26 16:00:00,Aotizhongxin,station_target_delta_ridge,500.0,472.74198737416594,88.0,90.7409876172943,7.0,6.087385163225343,43.0,35.04656626372682,26.0,24.52924356078548,38.0,39.77766531426592
3966,2017-02-26 17:00:00,Nongzhanguan,station_target_delta_ridge,500.0,516.6179725125081,74.0,66.94150866568745,6.0,6.375124109067367,31.0,35.93960826020873,23.0,21.012701035023127,42.0,35.66809745491657
3967,2017-02-26 19:00:00,Changping,station_target_delta_ridge,700.0,672.4345705893206,36.0,49.84530602520151,9.0,8.928395085623986,65.0,56.44375330711149,40.0,37.579258625146885,63.0,54.79501339095322
3968,2017-02-26 20:00:00,Nongzhanguan,station_target_delta_ridge,700.0,604.3444026942531,46.0,43.57512805303715,6.0,7.798120738671866,52.0,52.121891615515764,37.0,34.28479607304675,62.0,59.48138243923907
3969,2017-02-26 22:00:00,Dingling,station_target_delta_ridge,1100.0,1089.8903530363611,50.0,51.78940291409109,11.0,12.718246724233659,36.0,33.72232403385014,47.0,41.42954617920542,61.0,59.228654583861335
3970,2017-02-26 23:00:00,Shunyi,station_target_delta_ridge,2200.0,1771.3675410715384,2.0,-1.9844884804595693,15.0,19.791717871354432,94.0,94.28438272057227,75.0,85.40105183459161,115.0,107.82928907526616
3971,2017-02-27 01:00:00,Dingling,station_target_delta_ridge,800.0,838.822760411821,43.0,38.46133813775965,7.0,9.935153830302358,28.0,31.52579974115607,47.0,46.529611586041824,47.0,51.04186138351162
3972,2017-02-27 02:00:00,Tiantan,station_target_delta_ridge,100.0,1318.1818181818182,2.0,13.181818181818182,4.0,13.0,71.0,72.36363636363636,47.0,56.54545454545455,66.0,86.0
3973,2017-02-27 04:00:00,Guanyuan,station_target_delta_ridge,1800.0,2097.2096340263724,2.0,2.5523458762874185,24.0,23.222719055587618,91.0,92.10435999482222,71.0,64.86023365666892,116.0,105.11877144367617
3974,2017-02-27 05:00:00,Wanliu,station_target_delta_ridge,2800.0,2667.5954203652113,2.0,-1.0695932307389509,14.0,18.14556857954801,88.0,90.4856767427794,68.0,73.23039983224892,106.0,112.7202229323993
3975,2017-02-27 07:00:00,Guanyuan,station_target_delta_ridge,200.0,706.2076933964817,2.0,1.0314650298290409,18.0,18.717645098732977,80.0,81.72091913600819,75.0,84.15524177196555,108.0,105.39554883610403
3976,2017-02-27 08:00:00,Wanshouxigong,station_target_delta_ridge,2200.0,2037.337406392182,2.0,0.566223597012498,22.0,21.52391090104557,85.0,85.3180016912696,87.0,87.34089844406667,113.0,120.68562582719841
3977,2017-02-27 10:00:00,Gucheng,station_target_delta_ridge,1800.0,2386.475329158108,17.0,18.243054632481222,27.0,30.886880346341695,65.0,69.59398674702283,73.0,74.63644631074295,104.0,105.07547117131622
3978,2017-02-27 12:00:00,Dongsi,station_target_delta_ridge,2200.0,2407.484878046113,25.0,24.356032955721822,35.0,33.626993583091334,87.0,92.31747997530239,101.0,117.91441650557407,133.0,248.5185273156887
3979,2017-02-27 14:00:00,Guanyuan,station_target_delta_ridge,1800.0,1571.5147463036121,30.0,30.41335028378527,33.0,29.318428884937763,117.0,106.24176360434043,119.0,102.06135781648628,147.0,146.82091118305675
3980,2017-02-27 16:00:00,Guanyuan,station_target_delta_ridge,900.0,1239.2532316454158,75.0,55.68893059783797,13.0,17.908789798302845,54.0,76.94822612412892,68.0,78.03160450303183,71.0,82.39272151029571
3981,2017-02-27 18:00:00,Changping,station_target_delta_ridge,900.0,118.11868759472785,44.0,45.16409293809079,12.0,9.734700922427027,83.0,80.31614433041584,60.0,55.71662987530282,83.0,82.75487092431368
3982,2017-02-27 19:00:00,Tiantan,station_target_delta_ridge,800.0,634.6554683462099,50.0,43.442579910328,10.0,6.942185042141935,50.0,59.60554542517316,43.0,44.13532288208693,59.0,84.96624102727942
3983,2017-02-27 21:00:00,Huairou,station_target_delta_ridge,1800.0,194.39652521786184,2.0,22.661796736500023,18.0,13.83221744458135,113.0,92.28658585692986,93.0,86.39381233519026,155.0,106.65316510857738
3984,2017-02-27 23:00:00,Changping,station_target_delta_ridge,400.0,556.573272140608,69.0,63.87914459744341,2.0,6.429245403642019,18.0,15.177088277123683,8.0,12.348312725960575,9.0,10.952923481560727
3985,2017-02-28 00:00:00,Tiantan,station_target_delta_ridge,1500.0,1391.0335164828173,2.0,6.6045137775613245,21.0,16.976655090648684,109.0,96.84433031863446,62.0,57.66682912631311,104.0,81.44776931235359
3986,2017-02-28 02:00:00,Huairou,station_target_delta_ridge,800.0,1743.5581396500556,53.0,25.993941792420138,6.0,10.750051525721728,31.0,57.293260605775004,39.0,41.535195403851716,41.0,54.514132696613125
3987,2017-02-28 04:00:00,Dingling,station_target_delta_ridge,600.0,609.6088595145391,64.0,59.749104011560895,16.0,15.291395838942092,20.0,20.087218992854766,19.0,13.70058470947663,26.0,27.9983980496435
3988,2017-02-28 05:00:00,Wanliu,station_target_delta_ridge,600.0,480.3188542336623,24.0,34.81820378765378,14.0,14.631979245846505,62.0,47.70635906075543,9.0,13.442764577284946,29.0,25.927290558191046
3989,2017-02-28 07:00:00,Nongzhanguan,station_target_delta_ridge,500.0,508.2974221093318,43.0,36.21410520680665,10.0,13.572332734249636,36.0,42.68200385068202,15.0,8.083852707710935,15.0,11.420644269490278
3990,2017-02-28 09:00:00,Changping,station_target_delta_ridge,900.0,1227.4767807583753,35.0,27.491009132937656,13.0,16.814543568373672,44.0,61.086403547389565,20.0,26.083475044786862,35.0,39.01966990090383
3991,2017-02-28 10:00:00,Nongzhanguan,station_target_delta_ridge,500.0,518.7598766020424,60.0,61.61096242505585,6.0,6.087331409611291,28.0,27.77446213901342,8.0,7.748872927442402,8.0,4.397011820464288
3992,2017-02-28 12:00:00,Changping,station_target_delta_ridge,400.0,367.1796876000716,66.0,67.05377957173839,4.0,3.04576047446705,19.0,18.18086630602744,7.0,4.043489320225072,11.0,16.201965803356337
3993,2017-02-28 13:00:00,Shunyi,station_target_delta_ridge,200.0,213.15635472329473,97.0,95.20715888854274,2.0,2.098559894406843,6.0,6.476785448981734,8.0,1.3399073414524834,8.0,13.381088418477662
3994,2017-02-28 15:00:00,Gucheng,station_target_delta_ridge,300.0,241.22520720117848,73.0,85.25684857413368,2.0,2.089216885619164,2.0,2.790411263823806,6.0,4.234392303860186,29.0,10.643319414569337
3995,2017-02-28 17:00:00,Dongsi,station_target_delta_ridge,300.0,221.93561844061003,93.0,92.84364322383023,3.0,4.558149452932831,12.0,10.416928284132153,12.0,13.687954617432585,44.0,41.06265126149748
3996,2017-02-28 19:00:00,Dingling,station_target_delta_ridge,200.0,246.457787153431,99.0,83.90872692256033,2.0,2.2623109990168997,2.0,12.353606604487743,11.0,18.14837957921586,11.0,30.007212394771532
3997,2017-02-28 20:00:00,Wanliu,station_target_delta_ridge,500.0,490.7954213563422,45.0,58.21676636848039,6.0,6.913201667751713,55.0,30.428171664080004,15.0,9.948143505642864,43.0,32.16364421081825
3998,2017-02-28 22:00:00,Guanyuan,station_target_delta_ridge,500.0,503.8492851564292,41.0,46.5210275548059,5.0,7.277285985744738,47.0,42.08563015883051,11.0,12.807900429480187,24.0,21.560994803022737
3999,2017-02-28 23:00:00,Wanshouxigong,station_target_delta_ridge,600.0,460.95969934701145,49.0,41.82121921623946,4.0,5.756521153939595,38.0,41.766994031071164,13.0,10.394984535967925,19.0,32.76952715189071
