noise_seed,model,model_role,configuration_status,target,normalization_q05_q95_range_ug_m3,validation_rmse_ug_m3,validation_normalized_rmse,validation_r2,test_rmse_ug_m3,test_normalized_rmse,test_r2,test_bias_ug_m3,configuration_json,selected_for_exploratory_composite,selected_component_model,model_runtime_seconds
20260715,training_period_mean,baseline,fixed_training_only,CO,3000.0,1343.359237264699,0.44778641242156636,-0.010194003472070445,1349.053087111262,0.44968436237042064,-0.015699488106189374,-167.72166666665717,"{""estimator"": ""training_target_mean""}",False,,0.0
20260715,training_period_mean,baseline,fixed_training_only,O3,185.0,49.98026290708433,0.27016358328153695,-0.11424614077875539,57.32584765836353,0.30986944680196504,-0.035382354826414275,10.597257133333716,"{""estimator"": ""training_target_mean""}",False,,0.0
20260715,training_period_mean,baseline,fixed_training_only,SO2,67.0,15.962105822446182,0.2382403854096445,-0.1305695190161007,15.784931727874834,0.23559599593843036,-0.43542419579497116,8.693784199999179,"{""estimator"": ""training_target_mean""}",False,,0.0
20260715,training_period_mean,baseline,fixed_training_only,NO2,107.0,36.07810724144191,0.33717857234992443,-2.690768407198618e-06,36.013003822921355,0.3365701291861809,-4.3702518669475054e-05,0.2380691333336224,"{""estimator"": ""training_target_mean""}",False,,0.0
20260715,training_period_mean,baseline,fixed_training_only,PM2.5,219.04999999999927,92.60106874502529,0.4227394144945245,-0.0013822004180681358,85.87251108149653,0.39202241991096465,-0.003274785728855978,-4.906091666666413,"{""estimator"": ""training_target_mean""}",False,,0.0
20260715,training_period_mean,baseline,fixed_training_only,PM10,264.0,99.65625197173638,0.37748580292324385,-0.004255238615838541,95.33853559266711,0.3611308166388906,-0.009115002006937933,9.06100833333436,"{""estimator"": ""training_target_mean""}",False,,0.0
20260715,ridge_validation_selected,confirmatory_reference,validation_selected_per_noise_seed,CO,3000.0,1343.3582612031166,0.44778608706770556,-0.01019253549362964,1348.704666279884,0.4495682220932946,-0.01517490510253472,-167.80551695968273,"{""alpha"": 100000.0, ""alpha_grid"": [0.01, 0.1, 1.0, 10.0, 100.0, 1000.0, 10000.0, 100000.0, 1000000.0, 10000000.0, 100000000.0]}",False,histogram_gradient_boosting_frozen,0.8344593999972858
20260715,ridge_validation_selected,confirmatory_reference,validation_selected_per_noise_seed,O3,185.0,49.98927436707918,0.2702122938761037,-0.11464797498828472,57.352831956782055,0.3100153078744976,-0.03635733010509745,10.625221378599674,"{""alpha"": 100000.0, ""alpha_grid"": [0.01, 0.1, 1.0, 10.0, 100.0, 1000.0, 10000.0, 100000.0, 1000000.0, 10000000.0, 100000000.0]}",False,exploratory_pca_knn_component,0.8344593999972858
20260715,ridge_validation_selected,confirmatory_reference,validation_selected_per_noise_seed,SO2,67.0,15.956940237011086,0.23816328711956844,-0.12983789769498788,15.779714430243253,0.23551812582452616,-0.4344754685234886,8.69053634728355,"{""alpha"": 100000.0, ""alpha_grid"": [0.01, 0.1, 1.0, 10.0, 100.0, 1000.0, 10000.0, 100000.0, 1000000.0, 10000000.0, 100000000.0]}",False,exploratory_targetwise_ridge_component,0.8344593999972858
20260715,ridge_validation_selected,confirmatory_reference,validation_selected_per_noise_seed,NO2,107.0,36.0780336526627,0.3371778846043243,1.388653037004417e-06,36.01115410805882,0.3365528421313908,5.902416327274729e-05,0.22473594439030603,"{""alpha"": 100000.0, ""alpha_grid"": [0.01, 0.1, 1.0, 10.0, 100.0, 1000.0, 10000.0, 100000.0, 1000000.0, 10000000.0, 100000000.0]}",False,histogram_gradient_boosting_frozen,0.8344593999972858
20260715,ridge_validation_selected,confirmatory_reference,validation_selected_per_noise_seed,PM2.5,219.04999999999927,92.58880451875385,0.42268342624402716,-0.0011169688221994711,85.85213978770285,0.3919294215371063,-0.0027988340900071407,-4.896388459455657,"{""alpha"": 100000.0, ""alpha_grid"": [0.01, 0.1, 1.0, 10.0, 100.0, 1000.0, 10000.0, 100000.0, 1000000.0, 10000000.0, 100000000.0]}",False,multitask_elastic_net_frozen,0.8344593999972858
20260715,ridge_validation_selected,confirmatory_reference,validation_selected_per_noise_seed,PM10,264.0,99.64637678914104,0.3774483969285646,-0.004056220244238018,95.32426079727529,0.3610767454442246,-0.008812840206660288,9.064941523740272,"{""alpha"": 100000.0, ""alpha_grid"": [0.01, 0.1, 1.0, 10.0, 100.0, 1000.0, 10000.0, 100000.0, 1000000.0, 10000000.0, 100000000.0]}",False,multitask_elastic_net_frozen,0.8344593999972858
20260715,multitask_elastic_net_frozen,confirmatory_candidate,frozen_before_noise_seed_stability_study,CO,3000.0,1343.4807803736376,0.4478269267912125,-0.010376810380134716,1348.355726840244,0.44945190894674797,-0.014649677085967427,-167.546451438882,"{""alpha"": 0.01, ""fit_intercept"": true, ""l1_ratio"": 0.8, ""max_iter"": 5000, ""random_state"": 20260715, ""selection"": ""cyclic"", ""tol"": 1e-05}",False,histogram_gradient_boosting_frozen,1.436525499997515
20260715,multitask_elastic_net_frozen,confirmatory_candidate,frozen_before_noise_seed_stability_study,O3,185.0,50.01058834439685,0.2703275045643073,-0.1155986847846946,57.35556438352664,0.31003007774879265,-0.03645608156497415,10.659455759774758,"{""alpha"": 0.01, ""fit_intercept"": true, ""l1_ratio"": 0.8, ""max_iter"": 5000, ""random_state"": 20260715, ""selection"": ""cyclic"", ""tol"": 1e-05}",False,exploratory_pca_knn_component,1.436525499997515
20260715,multitask_elastic_net_frozen,confirmatory_candidate,frozen_before_noise_seed_stability_study,SO2,67.0,15.962362496630407,0.238244216367618,-0.13060587892316744,15.788705523556816,0.23565232124711666,-0.4361106283069274,8.675197735199243,"{""alpha"": 0.01, ""fit_intercept"": true, ""l1_ratio"": 0.8, ""max_iter"": 5000, ""random_state"": 20260715, ""selection"": ""cyclic"", ""tol"": 1e-05}",False,exploratory_targetwise_ridge_component,1.436525499997515
20260715,multitask_elastic_net_frozen,confirmatory_candidate,frozen_before_noise_seed_stability_study,NO2,107.0,36.072461027045975,0.3371258039910839,0.00031028506117702914,36.033268013613764,0.33675951414592303,-0.0011694502000121343,0.21350522840517194,"{""alpha"": 0.01, ""fit_intercept"": true, ""l1_ratio"": 0.8, ""max_iter"": 5000, ""random_state"": 20260715, ""selection"": ""cyclic"", ""tol"": 1e-05}",False,histogram_gradient_boosting_frozen,1.436525499997515
20260715,multitask_elastic_net_frozen,confirmatory_candidate,frozen_before_noise_seed_stability_study,PM2.5,219.04999999999927,92.5466643955306,0.42249104951166816,-0.0002058955606600854,85.8262920780319,0.3918114224059903,-0.00219509488723979,-4.86993580923042,"{""alpha"": 0.01, ""fit_intercept"": true, ""l1_ratio"": 0.8, ""max_iter"": 5000, ""random_state"": 20260715, ""selection"": ""cyclic"", ""tol"": 1e-05}",True,multitask_elastic_net_frozen,1.436525499997515
20260715,multitask_elastic_net_frozen,confirmatory_candidate,frozen_before_noise_seed_stability_study,PM10,264.0,99.59991642427529,0.3772724106980125,-0.0031201512213849814,95.30185418692466,0.3609918719201692,-0.008338639422559524,9.095195982426013,"{""alpha"": 0.01, ""fit_intercept"": true, ""l1_ratio"": 0.8, ""max_iter"": 5000, ""random_state"": 20260715, ""selection"": ""cyclic"", ""tol"": 1e-05}",True,multitask_elastic_net_frozen,1.436525499997515
20260715,histogram_gradient_boosting_frozen,confirmatory_candidate,frozen_before_noise_seed_stability_study,CO,3000.0,1342.8714402029586,0.4476238134009862,-0.009460498708186327,1347.5842023163332,0.4491947341054444,-0.013488851158539372,-165.76948134347006,"{""early_stopping"": true, ""fitted_iterations"": 27, ""l2_regularization"": 10.0, ""learning_rate"": 0.05, ""max_iter"": 100, ""max_leaf_nodes"": 7, ""min_samples_leaf"": 100, ""n_iter_no_change"": 10, ""random_state"": 20260715, ""validation_fraction"": 0.1}",True,histogram_gradient_boosting_frozen,3.997650999997859
20260715,histogram_gradient_boosting_frozen,confirmatory_candidate,frozen_before_noise_seed_stability_study,O3,185.0,49.99808383815009,0.2702599126386491,-0.11504087224243542,57.33038868933273,0.30989399291531206,-0.03554639564749351,10.562767402315286,"{""early_stopping"": true, ""fitted_iterations"": 38, ""l2_regularization"": 10.0, ""learning_rate"": 0.05, ""max_iter"": 100, ""max_leaf_nodes"": 7, ""min_samples_leaf"": 100, ""n_iter_no_change"": 10, ""random_state"": 20260716, ""validation_fraction"": 0.1}",False,exploratory_pca_knn_component,3.997650999997859
20260715,histogram_gradient_boosting_frozen,confirmatory_candidate,frozen_before_noise_seed_stability_study,SO2,67.0,15.976694769794777,0.23845813089245937,-0.13263708539238417,15.768511241535306,0.23535091405276576,-0.4324393107018034,8.683016101227476,"{""early_stopping"": true, ""fitted_iterations"": 10, ""l2_regularization"": 10.0, ""learning_rate"": 0.05, ""max_iter"": 100, ""max_leaf_nodes"": 7, ""min_samples_leaf"": 100, ""n_iter_no_change"": 10, ""random_state"": 20260717, ""validation_fraction"": 0.1}",False,exploratory_targetwise_ridge_component,3.997650999997859
20260715,histogram_gradient_boosting_frozen,confirmatory_candidate,frozen_before_noise_seed_stability_study,NO2,107.0,36.07002514699161,0.33710303875693093,0.00044529342761601143,36.01431063140715,0.3365823423495995,-0.00011628126351626022,0.21728490557239402,"{""early_stopping"": true, ""fitted_iterations"": 10, ""l2_regularization"": 10.0, ""learning_rate"": 0.05, ""max_iter"": 100, ""max_leaf_nodes"": 7, ""min_samples_leaf"": 100, ""n_iter_no_change"": 10, ""random_state"": 20260718, ""validation_fraction"": 0.1}",True,histogram_gradient_boosting_frozen,3.997650999997859
20260715,histogram_gradient_boosting_frozen,confirmatory_candidate,frozen_before_noise_seed_stability_study,PM2.5,219.04999999999927,92.56537903617502,0.42257648498596356,-0.0006104565816389407,85.86339591031374,0.39198080762526377,-0.003061806372865572,-5.000742276246119,"{""early_stopping"": true, ""fitted_iterations"": 10, ""l2_regularization"": 10.0, ""learning_rate"": 0.05, ""max_iter"": 100, ""max_leaf_nodes"": 7, ""min_samples_leaf"": 100, ""n_iter_no_change"": 10, ""random_state"": 20260719, ""validation_fraction"": 0.1}",False,multitask_elastic_net_frozen,3.997650999997859
20260715,histogram_gradient_boosting_frozen,confirmatory_candidate,frozen_before_noise_seed_stability_study,PM10,264.0,99.66292199779694,0.37751106817347324,-0.004389673388245585,95.35476681367258,0.3611922985366386,-0.009458631427681219,9.24478831259673,"{""early_stopping"": true, ""fitted_iterations"": 15, ""l2_regularization"": 10.0, ""learning_rate"": 0.05, ""max_iter"": 100, ""max_leaf_nodes"": 7, ""min_samples_leaf"": 100, ""n_iter_no_change"": 10, ""random_state"": 20260720, ""validation_fraction"": 0.1}",False,multitask_elastic_net_frozen,3.997650999997859
20260715,exploratory_pca_knn_component,exploratory_component,frozen_before_noise_seed_stability_study,CO,3000.0,1345.0109149674906,0.4483369716558302,-0.012679623989856115,1350.9156051833743,0.4503052017277914,-0.018505996704406336,-169.41491500000967,"{""n_neighbors"": 200, ""p"": 2, ""pca_components"": 32, ""pca_solver"": ""randomized"", ""random_state"": 20260715, ""weights"": ""uniform""}",False,histogram_gradient_boosting_frozen,1.5854419999996026
20260715,exploratory_pca_knn_component,exploratory_component,frozen_before_noise_seed_stability_study,O3,185.0,49.871804250090335,0.2695773202707586,-0.10941549326665556,57.319546897765356,0.3098353886365695,-0.035154766815152394,9.963326264500015,"{""n_neighbors"": 200, ""p"": 2, ""pca_components"": 32, ""pca_solver"": ""randomized"", ""random_state"": 20260715, ""weights"": ""uniform""}",True,exploratory_pca_knn_component,1.5854419999996026
20260715,exploratory_pca_knn_component,exploratory_component,frozen_before_noise_seed_stability_study,SO2,67.0,16.057165484462566,0.23965918633526218,-0.14407545263633237,15.884837561166309,0.23708712777860164,-0.45365184210488496,8.712921028000025,"{""n_neighbors"": 200, ""p"": 2, ""pca_components"": 32, ""pca_solver"": ""randomized"", ""random_state"": 20260715, ""weights"": ""uniform""}",False,exploratory_targetwise_ridge_component,1.5854419999996026
20260715,exploratory_pca_knn_component,exploratory_component,frozen_before_noise_seed_stability_study,NO2,107.0,36.19665152456004,0.3382864628463555,-0.0065850403532685675,36.114794028993146,0.33752143952330044,-0.00570490843088578,0.36893067537497126,"{""n_neighbors"": 200, ""p"": 2, ""pca_components"": 32, ""pca_solver"": ""randomized"", ""random_state"": 20260715, ""weights"": ""uniform""}",False,histogram_gradient_boosting_frozen,1.5854419999996026
20260715,exploratory_pca_knn_component,exploratory_component,frozen_before_noise_seed_stability_study,PM2.5,219.04999999999927,92.77150229191533,0.4235174722296993,-0.005071708151882071,85.91917506741585,0.3922354488354994,-0.004365461202176402,-4.448693999999991,"{""n_neighbors"": 200, ""p"": 2, ""pca_components"": 32, ""pca_solver"": ""randomized"", ""random_state"": 20260715, ""weights"": ""uniform""}",False,multitask_elastic_net_frozen,1.5854419999996026
20260715,exploratory_pca_knn_component,exploratory_component,frozen_before_noise_seed_stability_study,PM10,264.0,99.89874945349989,0.3784043539905299,-0.00914857257905588,95.47035274158415,0.3616301240211521,-0.011907380113558075,9.29587724999996,"{""n_neighbors"": 200, ""p"": 2, ""pca_components"": 32, ""pca_solver"": ""randomized"", ""random_state"": 20260715, ""weights"": ""uniform""}",False,multitask_elastic_net_frozen,1.5854419999996026
20260715,exploratory_targetwise_ridge_component,exploratory_component,validation_selected_per_target_per_noise_seed,CO,3000.0,1343.336122163872,0.44777870738795733,-0.010159239077409676,1348.9112846624314,0.4496370948874771,-0.015485973743481818,-167.74994152331894,"{""alpha"": 316227.7660168379, ""alpha_grid"": [0.01, 0.03162277660168379, 0.1, 0.31622776601683794, 1.0, 3.1622776601683795, 10.0, 31.622776601683793, 100.0, 316.22776601683796, 1000.0, 3162.2776601683795, 10000.0, 31622.776601683792, 100000.0, 316227.7660168379, 1000000.0, 3162277.6601683795, 10000000.0, 31622776.60168379, 100000000.0, 316227766.01683795, 1000000000.0, 3162277660.1683793, 10000000000.0, 31622776601.683792, 100000000000.0, 316227766016.83795, 1000000000000.0]}",False,histogram_gradient_boosting_frozen,3.540801300001476
20260715,exploratory_targetwise_ridge_component,exploratory_component,validation_selected_per_target_per_noise_seed,O3,185.0,49.98026290709283,0.27016358328158285,-0.1142461407791342,57.32584766048326,0.30986944681342304,-0.035382354902985025,10.59725713643785,"{""alpha"": 1000000000000.0, ""alpha_grid"": [0.01, 0.03162277660168379, 0.1, 0.31622776601683794, 1.0, 3.1622776601683795, 10.0, 31.622776601683793, 100.0, 316.22776601683796, 1000.0, 3162.2776601683795, 10000.0, 31622.776601683792, 100000.0, 316227.7660168379, 1000000.0, 3162277.6601683795, 10000000.0, 31622776.60168379, 100000000.0, 316227766.01683795, 1000000000.0, 3162277660.1683793, 10000000000.0, 31622776601.683792, 100000000000.0, 316227766016.83795, 1000000000000.0]}",False,exploratory_pca_knn_component,3.540801300001476
20260715,exploratory_targetwise_ridge_component,exploratory_component,validation_selected_per_target_per_noise_seed,SO2,67.0,15.956940237011086,0.23816328711956844,-0.12983789769498788,15.779714430243253,0.23551812582452616,-0.4344754685234886,8.69053634728355,"{""alpha"": 100000.0, ""alpha_grid"": [0.01, 0.03162277660168379, 0.1, 0.31622776601683794, 1.0, 3.1622776601683795, 10.0, 31.622776601683793, 100.0, 316.22776601683796, 1000.0, 3162.2776601683795, 10000.0, 31622.776601683792, 100000.0, 316227.7660168379, 1000000.0, 3162277.6601683795, 10000000.0, 31622776.60168379, 100000000.0, 316227766.01683795, 1000000000.0, 3162277660.1683793, 10000000000.0, 31622776601.683792, 100000000000.0, 316227766016.83795, 1000000000000.0]}",True,exploratory_targetwise_ridge_component,3.540801300001476
20260715,exploratory_targetwise_ridge_component,exploratory_component,validation_selected_per_target_per_noise_seed,NO2,107.0,36.07725280873956,0.33717058699756597,4.4674514809495136e-05,36.01143395719711,0.33655545754389826,4.3482661497562525e-05,0.23355466011850703,"{""alpha"": 316227.7660168379, ""alpha_grid"": [0.01, 0.03162277660168379, 0.1, 0.31622776601683794, 1.0, 3.1622776601683795, 10.0, 31.622776601683793, 100.0, 316.22776601683796, 1000.0, 3162.2776601683795, 10000.0, 31622.776601683792, 100000.0, 316227.7660168379, 1000000.0, 3162277.6601683795, 10000000.0, 31622776.60168379, 100000000.0, 316227766.01683795, 1000000000.0, 3162277660.1683793, 10000000000.0, 31622776601.683792, 100000000000.0, 316227766016.83795, 1000000000000.0]}",False,histogram_gradient_boosting_frozen,3.540801300001476
20260715,exploratory_targetwise_ridge_component,exploratory_component,validation_selected_per_target_per_noise_seed,PM2.5,219.04999999999927,92.58880451875385,0.42268342624402716,-0.0011169688221994711,85.85213978770285,0.3919294215371063,-0.0027988340900071407,-4.896388459455657,"{""alpha"": 100000.0, ""alpha_grid"": [0.01, 0.03162277660168379, 0.1, 0.31622776601683794, 1.0, 3.1622776601683795, 10.0, 31.622776601683793, 100.0, 316.22776601683796, 1000.0, 3162.2776601683795, 10000.0, 31622.776601683792, 100000.0, 316227.7660168379, 1000000.0, 3162277.6601683795, 10000000.0, 31622776.60168379, 100000000.0, 316227766.01683795, 1000000000.0, 3162277660.1683793, 10000000000.0, 31622776601.683792, 100000000000.0, 316227766016.83795, 1000000000000.0]}",False,multitask_elastic_net_frozen,3.540801300001476
20260715,exploratory_targetwise_ridge_component,exploratory_component,validation_selected_per_target_per_noise_seed,PM10,264.0,99.64637678914104,0.3774483969285646,-0.004056220244238018,95.32426079727529,0.3610767454442246,-0.008812840206660288,9.064941523740272,"{""alpha"": 100000.0, ""alpha_grid"": [0.01, 0.03162277660168379, 0.1, 0.31622776601683794, 1.0, 3.1622776601683795, 10.0, 31.622776601683793, 100.0, 316.22776601683796, 1000.0, 3162.2776601683795, 10000.0, 31622.776601683792, 100000.0, 316227.7660168379, 1000000.0, 3162277.6601683795, 10000000.0, 31622776.60168379, 100000000.0, 316227766.01683795, 1000000000.0, 3162277660.1683793, 10000000000.0, 31622776601.683792, 100000000000.0, 316227766016.83795, 1000000000000.0]}",False,multitask_elastic_net_frozen,3.540801300001476
20260715,exploratory_validation_selected_composite,exploratory_composite_not_confirmatory,validation_selected_per_target_from_predeclared_components,CO,3000.0,1342.8714402029586,0.4476238134009862,-0.009460498708186327,1347.5842023163332,0.4491947341054444,-0.013488851158539372,-165.76948134347006,"{""candidate_order"": [""histogram_gradient_boosting_frozen"", ""exploratory_pca_knn_component"", ""exploratory_targetwise_ridge_component"", ""multitask_elastic_net_frozen""], ""exploratory_only"": true, ""selected_component"": ""histogram_gradient_boosting_frozen""}",False,histogram_gradient_boosting_frozen,0.0
20260715,exploratory_validation_selected_composite,exploratory_composite_not_confirmatory,validation_selected_per_target_from_predeclared_components,O3,185.0,49.871804250090335,0.2695773202707586,-0.10941549326665556,57.319546897765356,0.3098353886365695,-0.035154766815152394,9.963326264500015,"{""candidate_order"": [""histogram_gradient_boosting_frozen"", ""exploratory_pca_knn_component"", ""exploratory_targetwise_ridge_component"", ""multitask_elastic_net_frozen""], ""exploratory_only"": true, ""selected_component"": ""exploratory_pca_knn_component""}",False,exploratory_pca_knn_component,0.0
20260715,exploratory_validation_selected_composite,exploratory_composite_not_confirmatory,validation_selected_per_target_from_predeclared_components,SO2,67.0,15.956940237011086,0.23816328711956844,-0.12983789769498788,15.779714430243253,0.23551812582452616,-0.4344754685234886,8.69053634728355,"{""candidate_order"": [""histogram_gradient_boosting_frozen"", ""exploratory_pca_knn_component"", ""exploratory_targetwise_ridge_component"", ""multitask_elastic_net_frozen""], ""exploratory_only"": true, ""selected_component"": ""exploratory_targetwise_ridge_component""}",False,exploratory_targetwise_ridge_component,0.0
20260715,exploratory_validation_selected_composite,exploratory_composite_not_confirmatory,validation_selected_per_target_from_predeclared_components,NO2,107.0,36.07002514699161,0.33710303875693093,0.00044529342761601143,36.01431063140715,0.3365823423495995,-0.00011628126351626022,0.21728490557239402,"{""candidate_order"": [""histogram_gradient_boosting_frozen"", ""exploratory_pca_knn_component"", ""exploratory_targetwise_ridge_component"", ""multitask_elastic_net_frozen""], ""exploratory_only"": true, ""selected_component"": ""histogram_gradient_boosting_frozen""}",False,histogram_gradient_boosting_frozen,0.0
20260715,exploratory_validation_selected_composite,exploratory_composite_not_confirmatory,validation_selected_per_target_from_predeclared_components,PM2.5,219.04999999999927,92.5466643955306,0.42249104951166816,-0.0002058955606600854,85.8262920780319,0.3918114224059903,-0.00219509488723979,-4.86993580923042,"{""candidate_order"": [""histogram_gradient_boosting_frozen"", ""exploratory_pca_knn_component"", ""exploratory_targetwise_ridge_component"", ""multitask_elastic_net_frozen""], ""exploratory_only"": true, ""selected_component"": ""multitask_elastic_net_frozen""}",False,multitask_elastic_net_frozen,0.0
20260715,exploratory_validation_selected_composite,exploratory_composite_not_confirmatory,validation_selected_per_target_from_predeclared_components,PM10,264.0,99.59991642427529,0.3772724106980125,-0.0031201512213849814,95.30185418692466,0.3609918719201692,-0.008338639422559524,9.095195982426013,"{""candidate_order"": [""histogram_gradient_boosting_frozen"", ""exploratory_pca_knn_component"", ""exploratory_targetwise_ridge_component"", ""multitask_elastic_net_frozen""], ""exploratory_only"": true, ""selected_component"": ""multitask_elastic_net_frozen""}",False,multitask_elastic_net_frozen,0.0
20260716,training_period_mean,baseline,fixed_training_only,CO,3000.0,1343.359237264699,0.44778641242156636,-0.010194003472070445,1349.053087111262,0.44968436237042064,-0.015699488106189374,-167.72166666665717,"{""estimator"": ""training_target_mean""}",False,,0.0
20260716,training_period_mean,baseline,fixed_training_only,O3,185.0,49.98026290708433,0.27016358328153695,-0.11424614077875539,57.32584765836353,0.30986944680196504,-0.035382354826414275,10.597257133333716,"{""estimator"": ""training_target_mean""}",False,,0.0
20260716,training_period_mean,baseline,fixed_training_only,SO2,67.0,15.962105822446182,0.2382403854096445,-0.1305695190161007,15.784931727874834,0.23559599593843036,-0.43542419579497116,8.693784199999179,"{""estimator"": ""training_target_mean""}",False,,0.0
20260716,training_period_mean,baseline,fixed_training_only,NO2,107.0,36.07810724144191,0.33717857234992443,-2.690768407198618e-06,36.013003822921355,0.3365701291861809,-4.3702518669475054e-05,0.2380691333336224,"{""estimator"": ""training_target_mean""}",False,,0.0
20260716,training_period_mean,baseline,fixed_training_only,PM2.5,219.04999999999927,92.60106874502529,0.4227394144945245,-0.0013822004180681358,85.87251108149653,0.39202241991096465,-0.003274785728855978,-4.906091666666413,"{""estimator"": ""training_target_mean""}",False,,0.0
20260716,training_period_mean,baseline,fixed_training_only,PM10,264.0,99.65625197173638,0.37748580292324385,-0.004255238615838541,95.33853559266711,0.3611308166388906,-0.009115002006937933,9.06100833333436,"{""estimator"": ""training_target_mean""}",False,,0.0
20260716,ridge_validation_selected,confirmatory_reference,validation_selected_per_noise_seed,CO,3000.0,1343.359653226147,0.44778655107538234,-0.010194629070665373,1349.0529690746382,0.44968432302487943,-0.015699310367100816,-167.72173396018377,"{""alpha"": 100000000.0, ""alpha_grid"": [0.01, 0.1, 1.0, 10.0, 100.0, 1000.0, 10000.0, 100000.0, 1000000.0, 10000000.0, 100000000.0]}",False,histogram_gradient_boosting_frozen,3.4020705000002636
20260716,ridge_validation_selected,confirmatory_reference,validation_selected_per_noise_seed,O3,185.0,49.98025026340874,0.27016351493734453,-0.11424557702962201,57.32581269082849,0.30986925778826213,-0.03538109170483117,10.597253263508707,"{""alpha"": 100000000.0, ""alpha_grid"": [0.01, 0.1, 1.0, 10.0, 100.0, 1000.0, 10000.0, 100000.0, 1000000.0, 10000000.0, 100000000.0]}",False,exploratory_pca_knn_component,3.4020705000002636
20260716,ridge_validation_selected,confirmatory_reference,validation_selected_per_noise_seed,SO2,67.0,15.962116147197857,0.2382405395104158,-0.13057098158669644,15.784929103832877,0.23559595677362502,-0.43542371855337536,8.693773747598215,"{""alpha"": 100000000.0, ""alpha_grid"": [0.01, 0.1, 1.0, 10.0, 100.0, 1000.0, 10000.0, 100000.0, 1000000.0, 10000000.0, 100000000.0]}",False,histogram_gradient_boosting_frozen,3.4020705000002636
20260716,ridge_validation_selected,confirmatory_reference,validation_selected_per_noise_seed,NO2,107.0,36.07812099656435,0.3371787009024706,-3.4532896771022337e-06,36.01299212807109,0.33657001988851487,-4.305301109064352e-05,0.23806138622960618,"{""alpha"": 100000000.0, ""alpha_grid"": [0.01, 0.1, 1.0, 10.0, 100.0, 1000.0, 10000.0, 100000.0, 1000000.0, 10000000.0, 100000000.0]}",False,exploratory_pca_knn_component,3.4020705000002636
20260716,ridge_validation_selected,confirmatory_reference,validation_selected_per_noise_seed,PM2.5,219.04999999999927,92.60109365542861,0.4227395282146949,-0.001382739177246295,85.87248053768177,0.392022280473326,-0.0032740720235415743,-4.906070520540606,"{""alpha"": 100000000.0, ""alpha_grid"": [0.01, 0.1, 1.0, 10.0, 100.0, 1000.0, 10000.0, 100000.0, 1000000.0, 10000000.0, 100000000.0]}",False,exploratory_targetwise_ridge_component,3.4020705000002636
20260716,ridge_validation_selected,confirmatory_reference,validation_selected_per_noise_seed,PM10,264.0,99.65627280451504,0.37748588183528425,-0.0042556584877258,95.3385037688023,0.3611306960939481,-0.0091143283248043,9.061024660782182,"{""alpha"": 100000000.0, ""alpha_grid"": [0.01, 0.1, 1.0, 10.0, 100.0, 1000.0, 10000.0, 100000.0, 1000000.0, 10000000.0, 100000000.0]}",False,exploratory_pca_knn_component,3.4020705000002636
20260716,multitask_elastic_net_frozen,confirmatory_candidate,frozen_before_noise_seed_stability_study,CO,3000.0,1344.4140929519942,0.44813803098399807,-0.011781110238673564,1348.8913887580575,0.4496304629193525,-0.015456017936816169,-168.00785081138963,"{""alpha"": 0.01, ""fit_intercept"": true, ""l1_ratio"": 0.8, ""max_iter"": 5000, ""random_state"": 20260715, ""selection"": ""cyclic"", ""tol"": 1e-05}",False,histogram_gradient_boosting_frozen,1.1845630000025267
20260716,multitask_elastic_net_frozen,confirmatory_candidate,frozen_before_noise_seed_stability_study,O3,185.0,50.00706255557857,0.2703084462463707,-0.11544138902609968,57.33780410680607,0.3099340762530058,-0.03581429913233736,10.601023073608172,"{""alpha"": 0.01, ""fit_intercept"": true, ""l1_ratio"": 0.8, ""max_iter"": 5000, ""random_state"": 20260715, ""selection"": ""cyclic"", ""tol"": 1e-05}",False,exploratory_pca_knn_component,1.1845630000025267
20260716,multitask_elastic_net_frozen,confirmatory_candidate,frozen_before_noise_seed_stability_study,SO2,67.0,16.008382897094947,0.2389310880163425,-0.13713447885967223,15.813946616869861,0.23602905398313226,-0.440706062379312,8.68464541841105,"{""alpha"": 0.01, ""fit_intercept"": true, ""l1_ratio"": 0.8, ""max_iter"": 5000, ""random_state"": 20260715, ""selection"": ""cyclic"", ""tol"": 1e-05}",False,histogram_gradient_boosting_frozen,1.1845630000025267
20260716,multitask_elastic_net_frozen,confirmatory_candidate,frozen_before_noise_seed_stability_study,NO2,107.0,36.11868752821611,0.3375578273665057,-0.002253541562891037,35.99580381883126,0.3364093814844043,0.000911321853719449,0.22551730100059808,"{""alpha"": 0.01, ""fit_intercept"": true, ""l1_ratio"": 0.8, ""max_iter"": 5000, ""random_state"": 20260715, ""selection"": ""cyclic"", ""tol"": 1e-05}",False,exploratory_pca_knn_component,1.1845630000025267
20260716,multitask_elastic_net_frozen,confirmatory_candidate,frozen_before_noise_seed_stability_study,PM2.5,219.04999999999927,92.6790208432958,0.42309527890114634,-0.0030688483230756347,85.86579724124134,0.3919917701038193,-0.0031179121672864074,-4.906436997092854,"{""alpha"": 0.01, ""fit_intercept"": true, ""l1_ratio"": 0.8, ""max_iter"": 5000, ""random_state"": 20260715, ""selection"": ""cyclic"", ""tol"": 1e-05}",False,exploratory_targetwise_ridge_component,1.1845630000025267
20260716,multitask_elastic_net_frozen,confirmatory_candidate,frozen_before_noise_seed_stability_study,PM10,264.0,99.79199667864918,0.3779999874191257,-0.006992953002217472,95.35318680188563,0.3611863136435062,-0.00942517859935732,9.034387569396515,"{""alpha"": 0.01, ""fit_intercept"": true, ""l1_ratio"": 0.8, ""max_iter"": 5000, ""random_state"": 20260715, ""selection"": ""cyclic"", ""tol"": 1e-05}",False,exploratory_pca_knn_component,1.1845630000025267
20260716,histogram_gradient_boosting_frozen,confirmatory_candidate,frozen_before_noise_seed_stability_study,CO,3000.0,1343.1359392022812,0.4477119797340937,-0.009858195135046932,1349.3828233429272,0.44979427444764236,-0.016196064341334804,-166.79934175396656,"{""early_stopping"": true, ""fitted_iterations"": 10, ""l2_regularization"": 10.0, ""learning_rate"": 0.05, ""max_iter"": 100, ""max_leaf_nodes"": 7, ""min_samples_leaf"": 100, ""n_iter_no_change"": 10, ""random_state"": 20260715, ""validation_fraction"": 0.1}",True,histogram_gradient_boosting_frozen,1.4753581000004488
20260716,histogram_gradient_boosting_frozen,confirmatory_candidate,frozen_before_noise_seed_stability_study,O3,185.0,49.98860982753255,0.2702087017704462,-0.11461833972168578,57.330675128470375,0.309895541234975,-0.03555674344957005,10.478060159246539,"{""early_stopping"": true, ""fitted_iterations"": 19, ""l2_regularization"": 10.0, ""learning_rate"": 0.05, ""max_iter"": 100, ""max_leaf_nodes"": 7, ""min_samples_leaf"": 100, ""n_iter_no_change"": 10, ""random_state"": 20260716, ""validation_fraction"": 0.1}",False,exploratory_pca_knn_component,1.4753581000004488
20260716,histogram_gradient_boosting_frozen,confirmatory_candidate,frozen_before_noise_seed_stability_study,SO2,67.0,15.961738400078652,0.2382349014937112,-0.13051747177959294,15.7885510564838,0.23565001576841493,-0.4360825283819758,8.67783874472941,"{""early_stopping"": true, ""fitted_iterations"": 20, ""l2_regularization"": 10.0, ""learning_rate"": 0.05, ""max_iter"": 100, ""max_leaf_nodes"": 7, ""min_samples_leaf"": 100, ""n_iter_no_change"": 10, ""random_state"": 20260717, ""validation_fraction"": 0.1}",True,histogram_gradient_boosting_frozen,1.4753581000004488
20260716,histogram_gradient_boosting_frozen,confirmatory_candidate,frozen_before_noise_seed_stability_study,NO2,107.0,36.13317271609852,0.3376932029541918,-0.0030575985757315127,36.01739472137328,0.336611165620311,-0.0002875787617884207,0.20414334462802006,"{""early_stopping"": true, ""fitted_iterations"": 42, ""l2_regularization"": 10.0, ""learning_rate"": 0.05, ""max_iter"": 100, ""max_leaf_nodes"": 7, ""min_samples_leaf"": 100, ""n_iter_no_change"": 10, ""random_state"": 20260718, ""validation_fraction"": 0.1}",False,exploratory_pca_knn_component,1.4753581000004488
20260716,histogram_gradient_boosting_frozen,confirmatory_candidate,frozen_before_noise_seed_stability_study,PM2.5,219.04999999999927,92.60514371474945,0.4227580174149726,-0.001470335295755243,85.87361050954422,0.39202743898445336,-0.003300475800943614,-5.049981959816634,"{""early_stopping"": true, ""fitted_iterations"": 11, ""l2_regularization"": 10.0, ""learning_rate"": 0.05, ""max_iter"": 100, ""max_leaf_nodes"": 7, ""min_samples_leaf"": 100, ""n_iter_no_change"": 10, ""random_state"": 20260719, ""validation_fraction"": 0.1}",False,exploratory_targetwise_ridge_component,1.4753581000004488
20260716,histogram_gradient_boosting_frozen,confirmatory_candidate,frozen_before_noise_seed_stability_study,PM10,264.0,99.6857446276569,0.3775975175290034,-0.004849732915558569,95.32403751724928,0.3610758996865503,-0.008808114285021595,9.151512711160947,"{""early_stopping"": true, ""fitted_iterations"": 10, ""l2_regularization"": 10.0, ""learning_rate"": 0.05, ""max_iter"": 100, ""max_leaf_nodes"": 7, ""min_samples_leaf"": 100, ""n_iter_no_change"": 10, ""random_state"": 20260720, ""validation_fraction"": 0.1}",False,exploratory_pca_knn_component,1.4753581000004488
20260716,exploratory_pca_knn_component,exploratory_component,frozen_before_noise_seed_stability_study,CO,3000.0,1343.642218321127,0.4478807394403757,-0.010619646691605311,1349.9552886238716,0.44998509620795724,-0.01705847396167126,-172.53351750000954,"{""n_neighbors"": 200, ""p"": 2, ""pca_components"": 32, ""pca_solver"": ""randomized"", ""random_state"": 20260715, ""weights"": ""uniform""}",False,histogram_gradient_boosting_frozen,1.0360672999995586
20260716,exploratory_pca_knn_component,exploratory_component,frozen_before_noise_seed_stability_study,O3,185.0,49.88362341403754,0.2696412076434461,-0.10994139833679006,57.3734874059515,0.3101269589510892,-0.03710394645001869,10.34949416749999,"{""n_neighbors"": 200, ""p"": 2, ""pca_components"": 32, ""pca_solver"": ""randomized"", ""random_state"": 20260715, ""weights"": ""uniform""}",True,exploratory_pca_knn_component,1.0360672999995586
20260716,exploratory_pca_knn_component,exploratory_component,frozen_before_noise_seed_stability_study,SO2,67.0,16.061097570396633,0.23971787418502438,-0.14463584466930324,15.914113416422785,0.2375240808421311,-0.45901495860845754,8.727450484999993,"{""n_neighbors"": 200, ""p"": 2, ""pca_components"": 32, ""pca_solver"": ""randomized"", ""random_state"": 20260715, ""weights"": ""uniform""}",False,histogram_gradient_boosting_frozen,1.0360672999995586
20260716,exploratory_pca_knn_component,exploratory_component,frozen_before_noise_seed_stability_study,NO2,107.0,36.064744017870694,0.3370536824100065,0.0007379680795397414,36.0050188340942,0.3364955031223757,0.00039971800550619996,0.10734376787498888,"{""n_neighbors"": 200, ""p"": 2, ""pca_components"": 32, ""pca_solver"": ""randomized"", ""random_state"": 20260715, ""weights"": ""uniform""}",True,exploratory_pca_knn_component,1.0360672999995586
20260716,exploratory_pca_knn_component,exploratory_component,frozen_before_noise_seed_stability_study,PM2.5,219.04999999999927,92.62928383103451,0.42286822109579925,-0.0019925257574100463,86.00724826619188,0.39263751776394507,-0.006425607066256056,-5.4661540000000155,"{""n_neighbors"": 200, ""p"": 2, ""pca_components"": 32, ""pca_solver"": ""randomized"", ""random_state"": 20260715, ""weights"": ""uniform""}",False,exploratory_targetwise_ridge_component,1.0360672999995586
20260716,exploratory_pca_knn_component,exploratory_component,frozen_before_noise_seed_stability_study,PM10,264.0,99.6144917411361,0.3773276202315762,-0.003413763191596475,95.41477423047982,0.3614195993578781,-0.010729549851711484,7.921965625000026,"{""n_neighbors"": 200, ""p"": 2, ""pca_components"": 32, ""pca_solver"": ""randomized"", ""random_state"": 20260715, ""weights"": ""uniform""}",True,exploratory_pca_knn_component,1.0360672999995586
20260716,exploratory_targetwise_ridge_component,exploratory_component,validation_selected_per_target_per_noise_seed,CO,3000.0,1343.3592373063057,0.4477864124354352,-0.010194003534646168,1349.0530870994533,0.4496843623664844,-0.01569948808840782,-167.72166667339553,"{""alpha"": 1000000000000.0, ""alpha_grid"": [0.01, 0.03162277660168379, 0.1, 0.31622776601683794, 1.0, 3.1622776601683795, 10.0, 31.622776601683793, 100.0, 316.22776601683796, 1000.0, 3162.2776601683795, 10000.0, 31622.776601683792, 100000.0, 316227.7660168379, 1000000.0, 3162277.6601683795, 10000000.0, 31622776.60168379, 100000000.0, 316227766.01683795, 1000000000.0, 3162277660.1683793, 10000000000.0, 31622776601.683792, 100000000000.0, 316227766016.83795, 1000000000000.0]}",False,histogram_gradient_boosting_frozen,4.885584600000584
20260716,exploratory_targetwise_ridge_component,exploratory_component,validation_selected_per_target_per_noise_seed,O3,185.0,49.97751148455659,0.2701487107273329,-0.11412346525167716,57.316133688937136,0.30981693885911965,-0.03503148969995795,10.59620680723426,"{""alpha"": 316227.7660168379, ""alpha_grid"": [0.01, 0.03162277660168379, 0.1, 0.31622776601683794, 1.0, 3.1622776601683795, 10.0, 31.622776601683793, 100.0, 316.22776601683796, 1000.0, 3162.2776601683795, 10000.0, 31622.776601683792, 100000.0, 316227.7660168379, 1000000.0, 3162277.6601683795, 10000000.0, 31622776.60168379, 100000000.0, 316227766.01683795, 1000000000.0, 3162277660.1683793, 10000000000.0, 31622776601.683792, 100000000000.0, 316227766016.83795, 1000000000000.0]}",False,exploratory_pca_knn_component,4.885584600000584
20260716,exploratory_targetwise_ridge_component,exploratory_component,validation_selected_per_target_per_noise_seed,SO2,67.0,15.962105823478225,0.23824038542504813,-0.13056951916229664,15.78493172761186,0.2355959959345054,-0.4354241957471434,8.693784198954702,"{""alpha"": 1000000000000.0, ""alpha_grid"": [0.01, 0.03162277660168379, 0.1, 0.31622776601683794, 1.0, 3.1622776601683795, 10.0, 31.622776601683793, 100.0, 316.22776601683796, 1000.0, 3162.2776601683795, 10000.0, 31622.776601683792, 100000.0, 316227.7660168379, 1000000.0, 3162277.6601683795, 10000000.0, 31622776.60168379, 100000000.0, 316227766.01683795, 1000000000.0, 3162277660.1683793, 10000000000.0, 31622776601.683792, 100000000000.0, 316227766016.83795, 1000000000000.0]}",False,histogram_gradient_boosting_frozen,4.885584600000584
20260716,exploratory_targetwise_ridge_component,exploratory_component,validation_selected_per_target_per_noise_seed,NO2,107.0,36.078107242817076,0.33717857236277643,-2.6908446399964703e-06,36.013003821751255,0.33657012917524537,-4.3702453684346665e-05,0.23806913255858428,"{""alpha"": 1000000000000.0, ""alpha_grid"": [0.01, 0.03162277660168379, 0.1, 0.31622776601683794, 1.0, 3.1622776601683795, 10.0, 31.622776601683793, 100.0, 316.22776601683796, 1000.0, 3162.2776601683795, 10000.0, 31622.776601683792, 100000.0, 316227.7660168379, 1000000.0, 3162277.6601683795, 10000000.0, 31622776.60168379, 100000000.0, 316227766.01683795, 1000000000.0, 3162277660.1683793, 10000000000.0, 31622776601.683792, 100000000000.0, 316227766016.83795, 1000000000000.0]}",False,exploratory_pca_knn_component,4.885584600000584
20260716,exploratory_targetwise_ridge_component,exploratory_component,validation_selected_per_target_per_noise_seed,PM2.5,219.04999999999927,92.60106874751575,0.4227394145058939,-0.001382200471931494,85.87251107844068,0.39202241989701425,-0.003274785657451318,-4.906091664551756,"{""alpha"": 1000000000000.0, ""alpha_grid"": [0.01, 0.03162277660168379, 0.1, 0.31622776601683794, 1.0, 3.1622776601683795, 10.0, 31.622776601683793, 100.0, 316.22776601683796, 1000.0, 3162.2776601683795, 10000.0, 31622.776601683792, 100000.0, 316227.7660168379, 1000000.0, 3162277.6601683795, 10000000.0, 31622776.60168379, 100000000.0, 316227766.01683795, 1000000000.0, 3162277660.1683793, 10000000000.0, 31622776601.683792, 100000000000.0, 316227766016.83795, 1000000000000.0]}",True,exploratory_targetwise_ridge_component,4.885584600000584
20260716,exploratory_targetwise_ridge_component,exploratory_component,validation_selected_per_target_per_noise_seed,PM10,264.0,99.65625197381858,0.377485802931131,-0.0042552386578040835,95.33853558948277,0.36113081662682867,-0.009115001939528744,9.06100833496632,"{""alpha"": 1000000000000.0, ""alpha_grid"": [0.01, 0.03162277660168379, 0.1, 0.31622776601683794, 1.0, 3.1622776601683795, 10.0, 31.622776601683793, 100.0, 316.22776601683796, 1000.0, 3162.2776601683795, 10000.0, 31622.776601683792, 100000.0, 316227.7660168379, 1000000.0, 3162277.6601683795, 10000000.0, 31622776.60168379, 100000000.0, 316227766.01683795, 1000000000.0, 3162277660.1683793, 10000000000.0, 31622776601.683792, 100000000000.0, 316227766016.83795, 1000000000000.0]}",False,exploratory_pca_knn_component,4.885584600000584
20260716,exploratory_validation_selected_composite,exploratory_composite_not_confirmatory,validation_selected_per_target_from_predeclared_components,CO,3000.0,1343.1359392022812,0.4477119797340937,-0.009858195135046932,1349.3828233429272,0.44979427444764236,-0.016196064341334804,-166.79934175396656,"{""candidate_order"": [""histogram_gradient_boosting_frozen"", ""exploratory_pca_knn_component"", ""exploratory_targetwise_ridge_component"", ""multitask_elastic_net_frozen""], ""exploratory_only"": true, ""selected_component"": ""histogram_gradient_boosting_frozen""}",False,histogram_gradient_boosting_frozen,0.0
20260716,exploratory_validation_selected_composite,exploratory_composite_not_confirmatory,validation_selected_per_target_from_predeclared_components,O3,185.0,49.88362341403754,0.2696412076434461,-0.10994139833679006,57.3734874059515,0.3101269589510892,-0.03710394645001869,10.34949416749999,"{""candidate_order"": [""histogram_gradient_boosting_frozen"", ""exploratory_pca_knn_component"", ""exploratory_targetwise_ridge_component"", ""multitask_elastic_net_frozen""], ""exploratory_only"": true, ""selected_component"": ""exploratory_pca_knn_component""}",False,exploratory_pca_knn_component,0.0
20260716,exploratory_validation_selected_composite,exploratory_composite_not_confirmatory,validation_selected_per_target_from_predeclared_components,SO2,67.0,15.961738400078652,0.2382349014937112,-0.13051747177959294,15.7885510564838,0.23565001576841493,-0.4360825283819758,8.67783874472941,"{""candidate_order"": [""histogram_gradient_boosting_frozen"", ""exploratory_pca_knn_component"", ""exploratory_targetwise_ridge_component"", ""multitask_elastic_net_frozen""], ""exploratory_only"": true, ""selected_component"": ""histogram_gradient_boosting_frozen""}",False,histogram_gradient_boosting_frozen,0.0
20260716,exploratory_validation_selected_composite,exploratory_composite_not_confirmatory,validation_selected_per_target_from_predeclared_components,NO2,107.0,36.064744017870694,0.3370536824100065,0.0007379680795397414,36.0050188340942,0.3364955031223757,0.00039971800550619996,0.10734376787498888,"{""candidate_order"": [""histogram_gradient_boosting_frozen"", ""exploratory_pca_knn_component"", ""exploratory_targetwise_ridge_component"", ""multitask_elastic_net_frozen""], ""exploratory_only"": true, ""selected_component"": ""exploratory_pca_knn_component""}",False,exploratory_pca_knn_component,0.0
20260716,exploratory_validation_selected_composite,exploratory_composite_not_confirmatory,validation_selected_per_target_from_predeclared_components,PM2.5,219.04999999999927,92.60106874751575,0.4227394145058939,-0.001382200471931494,85.87251107844068,0.39202241989701425,-0.003274785657451318,-4.906091664551756,"{""candidate_order"": [""histogram_gradient_boosting_frozen"", ""exploratory_pca_knn_component"", ""exploratory_targetwise_ridge_component"", ""multitask_elastic_net_frozen""], ""exploratory_only"": true, ""selected_component"": ""exploratory_targetwise_ridge_component""}",False,exploratory_targetwise_ridge_component,0.0
20260716,exploratory_validation_selected_composite,exploratory_composite_not_confirmatory,validation_selected_per_target_from_predeclared_components,PM10,264.0,99.6144917411361,0.3773276202315762,-0.003413763191596475,95.41477423047982,0.3614195993578781,-0.010729549851711484,7.921965625000026,"{""candidate_order"": [""histogram_gradient_boosting_frozen"", ""exploratory_pca_knn_component"", ""exploratory_targetwise_ridge_component"", ""multitask_elastic_net_frozen""], ""exploratory_only"": true, ""selected_component"": ""exploratory_pca_knn_component""}",False,exploratory_pca_knn_component,0.0
20260717,training_period_mean,baseline,fixed_training_only,CO,3000.0,1343.359237264699,0.44778641242156636,-0.010194003472070445,1349.053087111262,0.44968436237042064,-0.015699488106189374,-167.72166666665717,"{""estimator"": ""training_target_mean""}",False,,0.0
20260717,training_period_mean,baseline,fixed_training_only,O3,185.0,49.98026290708433,0.27016358328153695,-0.11424614077875539,57.32584765836353,0.30986944680196504,-0.035382354826414275,10.597257133333716,"{""estimator"": ""training_target_mean""}",False,,0.0
20260717,training_period_mean,baseline,fixed_training_only,SO2,67.0,15.962105822446182,0.2382403854096445,-0.1305695190161007,15.784931727874834,0.23559599593843036,-0.43542419579497116,8.693784199999179,"{""estimator"": ""training_target_mean""}",False,,0.0
20260717,training_period_mean,baseline,fixed_training_only,NO2,107.0,36.07810724144191,0.33717857234992443,-2.690768407198618e-06,36.013003822921355,0.3365701291861809,-4.3702518669475054e-05,0.2380691333336224,"{""estimator"": ""training_target_mean""}",False,,0.0
20260717,training_period_mean,baseline,fixed_training_only,PM2.5,219.04999999999927,92.60106874502529,0.4227394144945245,-0.0013822004180681358,85.87251108149653,0.39202241991096465,-0.003274785728855978,-4.906091666666413,"{""estimator"": ""training_target_mean""}",False,,0.0
20260717,training_period_mean,baseline,fixed_training_only,PM10,264.0,99.65625197173638,0.37748580292324385,-0.004255238615838541,95.33853559266711,0.3611308166388906,-0.009115002006937933,9.06100833333436,"{""estimator"": ""training_target_mean""}",False,,0.0
20260717,ridge_validation_selected,confirmatory_reference,validation_selected_per_noise_seed,CO,3000.0,1343.3592109848983,0.44778640366163275,-0.01019396394772576,1349.0525794648765,0.44968419315495883,-0.01569872369434866,-167.72188269341007,"{""alpha"": 100000000.0, ""alpha_grid"": [0.01, 0.1, 1.0, 10.0, 100.0, 1000.0, 10000.0, 100000.0, 1000000.0, 10000000.0, 100000000.0]}",False,histogram_gradient_boosting_frozen,3.6849136000018916
20260717,ridge_validation_selected,confirmatory_reference,validation_selected_per_noise_seed,O3,185.0,49.980286634220874,0.27016371153632907,-0.11424719871142952,57.32583698245503,0.3098693890943515,-0.03538196918375225,10.597269272552982,"{""alpha"": 100000000.0, ""alpha_grid"": [0.01, 0.1, 1.0, 10.0, 100.0, 1000.0, 10000.0, 100000.0, 1000000.0, 10000000.0, 100000000.0]}",False,exploratory_targetwise_ridge_component,3.6849136000018916
20260717,ridge_validation_selected,confirmatory_reference,validation_selected_per_noise_seed,SO2,67.0,15.96209737184159,0.23824025928121775,-0.1305683219317626,15.784928611623158,0.23559594942721132,-0.43542362903387377,8.693769704570315,"{""alpha"": 100000000.0, ""alpha_grid"": [0.01, 0.1, 1.0, 10.0, 100.0, 1000.0, 10000.0, 100000.0, 1000000.0, 10000000.0, 100000000.0]}",False,exploratory_targetwise_ridge_component,3.6849136000018916
20260717,ridge_validation_selected,confirmatory_reference,validation_selected_per_noise_seed,NO2,107.0,36.078109339177004,0.3371785919549253,-2.8070572570815244e-06,36.01298801218918,0.3365699814223288,-4.2824423648779586e-05,0.2380637496030571,"{""alpha"": 100000000.0, ""alpha_grid"": [0.01, 0.1, 1.0, 10.0, 100.0, 1000.0, 10000.0, 100000.0, 1000000.0, 10000000.0, 100000000.0]}",False,histogram_gradient_boosting_frozen,3.6849136000018916
20260717,ridge_validation_selected,confirmatory_reference,validation_selected_per_noise_seed,PM2.5,219.04999999999927,92.60106682935857,0.42273940574918456,-0.0013821589862668127,85.87247769734003,0.3920222675066894,-0.0032740056544053875,-4.9061169058145655,"{""alpha"": 100000000.0, ""alpha_grid"": [0.01, 0.1, 1.0, 10.0, 100.0, 1000.0, 10000.0, 100000.0, 1000000.0, 10000000.0, 100000000.0]}",False,exploratory_targetwise_ridge_component,3.6849136000018916
20260717,ridge_validation_selected,confirmatory_reference,validation_selected_per_noise_seed,PM10,264.0,99.65627432463802,0.37748588759332585,-0.004255689124876394,95.33852524545162,0.3611307774448925,-0.009114782965818025,9.06100352590947,"{""alpha"": 100000000.0, ""alpha_grid"": [0.01, 0.1, 1.0, 10.0, 100.0, 1000.0, 10000.0, 100000.0, 1000000.0, 10000000.0, 100000000.0]}",False,exploratory_targetwise_ridge_component,3.6849136000018916
20260717,multitask_elastic_net_frozen,confirmatory_candidate,frozen_before_noise_seed_stability_study,CO,3000.0,1343.6240833985776,0.44787469446619255,-0.01059236653459883,1348.612138363219,0.4495373794544063,-0.015035617682147118,-168.14911419923843,"{""alpha"": 0.01, ""fit_intercept"": true, ""l1_ratio"": 0.8, ""max_iter"": 5000, ""random_state"": 20260715, ""selection"": ""cyclic"", ""tol"": 1e-05}",False,histogram_gradient_boosting_frozen,1.4592105000010633
20260717,multitask_elastic_net_frozen,confirmatory_candidate,frozen_before_noise_seed_stability_study,O3,185.0,50.041211556557535,0.2704930354408515,-0.11696534236663991,57.3257639059652,0.3098689940862984,-0.03537932946540878,10.64655153173606,"{""alpha"": 0.01, ""fit_intercept"": true, ""l1_ratio"": 0.8, ""max_iter"": 5000, ""random_state"": 20260715, ""selection"": ""cyclic"", ""tol"": 1e-05}",False,exploratory_targetwise_ridge_component,1.4592105000010633
20260717,multitask_elastic_net_frozen,confirmatory_candidate,frozen_before_noise_seed_stability_study,SO2,67.0,15.977179380517123,0.23846536388831527,-0.13270579752697098,15.798352456079343,0.23579630531461707,-0.43786609771335794,8.683114448037307,"{""alpha"": 0.01, ""fit_intercept"": true, ""l1_ratio"": 0.8, ""max_iter"": 5000, ""random_state"": 20260715, ""selection"": ""cyclic"", ""tol"": 1e-05}",False,exploratory_targetwise_ridge_component,1.4592105000010633
20260717,multitask_elastic_net_frozen,confirmatory_candidate,frozen_before_noise_seed_stability_study,NO2,107.0,36.11115804880638,0.3374874584000596,-0.0018357157039730065,36.01102417536167,0.3365516278071184,6.623997164134643e-05,0.20609407471599187,"{""alpha"": 0.01, ""fit_intercept"": true, ""l1_ratio"": 0.8, ""max_iter"": 5000, ""random_state"": 20260715, ""selection"": ""cyclic"", ""tol"": 1e-05}",False,histogram_gradient_boosting_frozen,1.4592105000010633
20260717,multitask_elastic_net_frozen,confirmatory_candidate,frozen_before_noise_seed_stability_study,PM2.5,219.04999999999927,92.62485664231468,0.4228480102365441,-0.0018967481843781275,85.86762777396089,0.3920001267927924,-0.0031606826251813214,-4.941001627770683,"{""alpha"": 0.01, ""fit_intercept"": true, ""l1_ratio"": 0.8, ""max_iter"": 5000, ""random_state"": 20260715, ""selection"": ""cyclic"", ""tol"": 1e-05}",False,exploratory_targetwise_ridge_component,1.4592105000010633
20260717,multitask_elastic_net_frozen,confirmatory_candidate,frozen_before_noise_seed_stability_study,PM10,264.0,99.67364801649396,0.37755169703217406,-0.004605875801670267,95.3492985588173,0.3611715854500655,-0.009342857062717647,9.066864829706565,"{""alpha"": 0.01, ""fit_intercept"": true, ""l1_ratio"": 0.8, ""max_iter"": 5000, ""random_state"": 20260715, ""selection"": ""cyclic"", ""tol"": 1e-05}",False,exploratory_targetwise_ridge_component,1.4592105000010633
20260717,histogram_gradient_boosting_frozen,confirmatory_candidate,frozen_before_noise_seed_stability_study,CO,3000.0,1342.6751424008626,0.44755838080028754,-0.00916539913519765,1349.3783887009554,0.4497927962336518,-0.016189385053240413,-167.46002419296713,"{""early_stopping"": true, ""fitted_iterations"": 23, ""l2_regularization"": 10.0, ""learning_rate"": 0.05, ""max_iter"": 100, ""max_leaf_nodes"": 7, ""min_samples_leaf"": 100, ""n_iter_no_change"": 10, ""random_state"": 20260715, ""validation_fraction"": 0.1}",True,histogram_gradient_boosting_frozen,1.703500499999791
20260717,histogram_gradient_boosting_frozen,confirmatory_candidate,frozen_before_noise_seed_stability_study,O3,185.0,49.98560464858996,0.27019245755994575,-0.11448432811824816,57.28135995198897,0.30962897271345385,-0.033775962075142774,10.512006363492253,"{""early_stopping"": true, ""fitted_iterations"": 10, ""l2_regularization"": 10.0, ""learning_rate"": 0.05, ""max_iter"": 100, ""max_leaf_nodes"": 7, ""min_samples_leaf"": 100, ""n_iter_no_change"": 10, ""random_state"": 20260716, ""validation_fraction"": 0.1}",False,exploratory_targetwise_ridge_component,1.703500499999791
20260717,histogram_gradient_boosting_frozen,confirmatory_candidate,frozen_before_noise_seed_stability_study,SO2,67.0,15.960743963133114,0.2382200591512405,-0.13037661076647566,15.79736735746313,0.235781602350196,-0.43768678841558395,8.705081845681073,"{""early_stopping"": true, ""fitted_iterations"": 10, ""l2_regularization"": 10.0, ""learning_rate"": 0.05, ""max_iter"": 100, ""max_leaf_nodes"": 7, ""min_samples_leaf"": 100, ""n_iter_no_change"": 10, ""random_state"": 20260717, ""validation_fraction"": 0.1}",False,exploratory_targetwise_ridge_component,1.703500499999791
20260717,histogram_gradient_boosting_frozen,confirmatory_candidate,frozen_before_noise_seed_stability_study,NO2,107.0,36.077437818952156,0.33717231606497344,3.441861075259567e-05,36.02759877659343,0.3367065306223685,-0.0008544401705687932,0.1678161041420374,"{""early_stopping"": true, ""fitted_iterations"": 15, ""l2_regularization"": 10.0, ""learning_rate"": 0.05, ""max_iter"": 100, ""max_leaf_nodes"": 7, ""min_samples_leaf"": 100, ""n_iter_no_change"": 10, ""random_state"": 20260718, ""validation_fraction"": 0.1}",True,histogram_gradient_boosting_frozen,1.703500499999791
20260717,histogram_gradient_boosting_frozen,confirmatory_candidate,frozen_before_noise_seed_stability_study,PM2.5,219.04999999999927,92.65208366496947,0.4229723061628385,-0.0024858486855501294,85.88040464575312,0.3920584553560986,-0.00345924005241538,-5.065299289121418,"{""early_stopping"": true, ""fitted_iterations"": 13, ""l2_regularization"": 10.0, ""learning_rate"": 0.05, ""max_iter"": 100, ""max_leaf_nodes"": 7, ""min_samples_leaf"": 100, ""n_iter_no_change"": 10, ""random_state"": 20260719, ""validation_fraction"": 0.1}",False,exploratory_targetwise_ridge_component,1.703500499999791
20260717,histogram_gradient_boosting_frozen,confirmatory_candidate,frozen_before_noise_seed_stability_study,PM10,264.0,99.72831263440143,0.3777587599787933,-0.005708102047144559,95.44933280408898,0.3615505030457916,-0.011461840996726869,9.000088949481547,"{""early_stopping"": true, ""fitted_iterations"": 53, ""l2_regularization"": 10.0, ""learning_rate"": 0.05, ""max_iter"": 100, ""max_leaf_nodes"": 7, ""min_samples_leaf"": 100, ""n_iter_no_change"": 10, ""random_state"": 20260720, ""validation_fraction"": 0.1}",False,exploratory_targetwise_ridge_component,1.703500499999791
20260717,exploratory_pca_knn_component,exploratory_component,frozen_before_noise_seed_stability_study,CO,3000.0,1346.1087572191657,0.4487029190730552,-0.014333463664826018,1350.2416072009755,0.4500805357336585,-0.017489945461286016,-172.5493875000093,"{""n_neighbors"": 200, ""p"": 2, ""pca_components"": 32, ""pca_solver"": ""randomized"", ""random_state"": 20260715, ""weights"": ""uniform""}",False,histogram_gradient_boosting_frozen,0.9438485999999102
20260717,exploratory_pca_knn_component,exploratory_component,frozen_before_noise_seed_stability_study,O3,185.0,50.2578519711128,0.27166406470871785,-0.12665749895760214,57.54624257336447,0.31106077066683496,-0.04335891935228564,10.833654676500005,"{""n_neighbors"": 200, ""p"": 2, ""pca_components"": 32, ""pca_solver"": ""randomized"", ""random_state"": 20260715, ""weights"": ""uniform""}",False,exploratory_targetwise_ridge_component,0.9438485999999102
20260717,exploratory_pca_knn_component,exploratory_component,frozen_before_noise_seed_stability_study,SO2,67.0,16.14990012061311,0.24104328538228526,-0.15732832548543563,15.990447764500171,0.2386633994701518,-0.4730452801261147,8.905781140000048,"{""n_neighbors"": 200, ""p"": 2, ""pca_components"": 32, ""pca_solver"": ""randomized"", ""random_state"": 20260715, ""weights"": ""uniform""}",False,exploratory_targetwise_ridge_component,0.9438485999999102
20260717,exploratory_pca_knn_component,exploratory_component,frozen_before_noise_seed_stability_study,NO2,107.0,36.18649800733213,0.33819157016198254,-0.00602040552326355,36.08663061771952,0.33725823007214506,-0.0041369616805981835,0.8073871737499978,"{""n_neighbors"": 200, ""p"": 2, ""pca_components"": 32, ""pca_solver"": ""randomized"", ""random_state"": 20260715, ""weights"": ""uniform""}",False,histogram_gradient_boosting_frozen,0.9438485999999102
20260717,exploratory_pca_knn_component,exploratory_component,frozen_before_noise_seed_stability_study,PM2.5,219.04999999999927,92.74903692386319,0.4234149140555284,-0.004584994637406359,85.8896385276099,0.39210060957594245,-0.003675036012874333,-4.6867352499999795,"{""n_neighbors"": 200, ""p"": 2, ""pca_components"": 32, ""pca_solver"": ""randomized"", ""random_state"": 20260715, ""weights"": ""uniform""}",False,exploratory_targetwise_ridge_component,0.9438485999999102
20260717,exploratory_pca_knn_component,exploratory_component,frozen_before_noise_seed_stability_study,PM10,264.0,99.92111107375486,0.37848905709755626,-0.009600404517397854,95.55672060803343,0.3619572750304297,-0.013739065254691152,9.90868174999996,"{""n_neighbors"": 200, ""p"": 2, ""pca_components"": 32, ""pca_solver"": ""randomized"", ""random_state"": 20260715, ""weights"": ""uniform""}",False,exploratory_targetwise_ridge_component,0.9438485999999102
20260717,exploratory_targetwise_ridge_component,exploratory_component,validation_selected_per_target_per_noise_seed,CO,3000.0,1343.3578021356454,0.44778593404521516,-0.01019184506507198,1349.0041942688063,0.44966806475626875,-0.015625866785244247,-167.74299442638636,"{""alpha"": 1000000.0, ""alpha_grid"": [0.01, 0.03162277660168379, 0.1, 0.31622776601683794, 1.0, 3.1622776601683795, 10.0, 31.622776601683793, 100.0, 316.22776601683796, 1000.0, 3162.2776601683795, 10000.0, 31622.776601683792, 100000.0, 316227.7660168379, 1000000.0, 3162277.6601683795, 10000000.0, 31622776.60168379, 100000000.0, 316227766.01683795, 1000000000.0, 3162277660.1683793, 10000000000.0, 31622776601.683792, 100000000000.0, 316227766016.83795, 1000000000000.0]}",False,histogram_gradient_boosting_frozen,6.521851400000742
20260717,exploratory_targetwise_ridge_component,exploratory_component,validation_selected_per_target_per_noise_seed,O3,185.0,49.98026290945634,0.27016358329435863,-0.11424614088451723,57.325847657295505,0.30986944679619194,-0.03538235478783447,10.597257134547428,"{""alpha"": 1000000000000.0, ""alpha_grid"": [0.01, 0.03162277660168379, 0.1, 0.31622776601683794, 1.0, 3.1622776601683795, 10.0, 31.622776601683793, 100.0, 316.22776601683796, 1000.0, 3162.2776601683795, 10000.0, 31622.776601683792, 100000.0, 316227.7660168379, 1000000.0, 3162277.6601683795, 10000000.0, 31622776.60168379, 100000000.0, 316227766.01683795, 1000000000.0, 3162277660.1683793, 10000000000.0, 31622776601.683792, 100000000000.0, 316227766016.83795, 1000000000000.0]}",True,exploratory_targetwise_ridge_component,6.521851400000742
20260717,exploratory_targetwise_ridge_component,exploratory_component,validation_selected_per_target_per_noise_seed,SO2,67.0,15.958597698421766,0.23818802534957859,-0.1300726243964101,15.786343651941259,0.2356170694319591,-0.43568099774314173,8.680874156796959,"{""alpha"": 100000.0, ""alpha_grid"": [0.01, 0.03162277660168379, 0.1, 0.31622776601683794, 1.0, 3.1622776601683795, 10.0, 31.622776601683793, 100.0, 316.22776601683796, 1000.0, 3162.2776601683795, 10000.0, 31622.776601683792, 100000.0, 316227.7660168379, 1000000.0, 3162277.6601683795, 10000000.0, 31622776.60168379, 100000000.0, 316227766.01683795, 1000000000.0, 3162277660.1683793, 10000000000.0, 31622776601.683792, 100000000000.0, 316227766016.83795, 1000000000000.0]}",True,exploratory_targetwise_ridge_component,6.521851400000742
20260717,exploratory_targetwise_ridge_component,exploratory_component,validation_selected_per_target_per_noise_seed,NO2,107.0,36.078107241651125,0.33717857235187965,-2.690780004810378e-06,36.01300382133952,0.33657012917139734,-4.3702430817527116e-05,0.2380691327949045,"{""alpha"": 1000000000000.0, ""alpha_grid"": [0.01, 0.03162277660168379, 0.1, 0.31622776601683794, 1.0, 3.1622776601683795, 10.0, 31.622776601683793, 100.0, 316.22776601683796, 1000.0, 3162.2776601683795, 10000.0, 31622.776601683792, 100000.0, 316227.7660168379, 1000000.0, 3162277.6601683795, 10000000.0, 31622776.60168379, 100000000.0, 316227766.01683795, 1000000000.0, 3162277660.1683793, 10000000000.0, 31622776601.683792, 100000000000.0, 316227766016.83795, 1000000000000.0]}",False,histogram_gradient_boosting_frozen,6.521851400000742
20260717,exploratory_targetwise_ridge_component,exploratory_component,validation_selected_per_target_per_noise_seed,PM2.5,219.04999999999927,92.60096856245184,0.4227389571442691,-0.0013800336829981052,85.86931628682429,0.3920078351372955,-0.0032001355928392705,-4.908583740817205,"{""alpha"": 1000000.0, ""alpha_grid"": [0.01, 0.03162277660168379, 0.1, 0.31622776601683794, 1.0, 3.1622776601683795, 10.0, 31.622776601683793, 100.0, 316.22776601683796, 1000.0, 3162.2776601683795, 10000.0, 31622.776601683792, 100000.0, 316227.7660168379, 1000000.0, 3162277.6601683795, 10000000.0, 31622776.60168379, 100000000.0, 316227766.01683795, 1000000000.0, 3162277660.1683793, 10000000000.0, 31622776601.683792, 100000000000.0, 316227766016.83795, 1000000000000.0]}",True,exploratory_targetwise_ridge_component,6.521851400000742
20260717,exploratory_targetwise_ridge_component,exploratory_component,validation_selected_per_target_per_noise_seed,PM10,264.0,99.65625197397081,0.37748580293170764,-0.004255238660872074,95.33853559163067,0.36113081663496466,-0.009115001984997484,9.061008332852579,"{""alpha"": 1000000000000.0, ""alpha_grid"": [0.01, 0.03162277660168379, 0.1, 0.31622776601683794, 1.0, 3.1622776601683795, 10.0, 31.622776601683793, 100.0, 316.22776601683796, 1000.0, 3162.2776601683795, 10000.0, 31622.776601683792, 100000.0, 316227.7660168379, 1000000.0, 3162277.6601683795, 10000000.0, 31622776.60168379, 100000000.0, 316227766.01683795, 1000000000.0, 3162277660.1683793, 10000000000.0, 31622776601.683792, 100000000000.0, 316227766016.83795, 1000000000000.0]}",True,exploratory_targetwise_ridge_component,6.521851400000742
20260717,exploratory_validation_selected_composite,exploratory_composite_not_confirmatory,validation_selected_per_target_from_predeclared_components,CO,3000.0,1342.6751424008626,0.44755838080028754,-0.00916539913519765,1349.3783887009554,0.4497927962336518,-0.016189385053240413,-167.46002419296713,"{""candidate_order"": [""histogram_gradient_boosting_frozen"", ""exploratory_pca_knn_component"", ""exploratory_targetwise_ridge_component"", ""multitask_elastic_net_frozen""], ""exploratory_only"": true, ""selected_component"": ""histogram_gradient_boosting_frozen""}",False,histogram_gradient_boosting_frozen,0.0
20260717,exploratory_validation_selected_composite,exploratory_composite_not_confirmatory,validation_selected_per_target_from_predeclared_components,O3,185.0,49.98026290945634,0.27016358329435863,-0.11424614088451723,57.325847657295505,0.30986944679619194,-0.03538235478783447,10.597257134547428,"{""candidate_order"": [""histogram_gradient_boosting_frozen"", ""exploratory_pca_knn_component"", ""exploratory_targetwise_ridge_component"", ""multitask_elastic_net_frozen""], ""exploratory_only"": true, ""selected_component"": ""exploratory_targetwise_ridge_component""}",False,exploratory_targetwise_ridge_component,0.0
20260717,exploratory_validation_selected_composite,exploratory_composite_not_confirmatory,validation_selected_per_target_from_predeclared_components,SO2,67.0,15.958597698421766,0.23818802534957859,-0.1300726243964101,15.786343651941259,0.2356170694319591,-0.43568099774314173,8.680874156796959,"{""candidate_order"": [""histogram_gradient_boosting_frozen"", ""exploratory_pca_knn_component"", ""exploratory_targetwise_ridge_component"", ""multitask_elastic_net_frozen""], ""exploratory_only"": true, ""selected_component"": ""exploratory_targetwise_ridge_component""}",False,exploratory_targetwise_ridge_component,0.0
20260717,exploratory_validation_selected_composite,exploratory_composite_not_confirmatory,validation_selected_per_target_from_predeclared_components,NO2,107.0,36.077437818952156,0.33717231606497344,3.441861075259567e-05,36.02759877659343,0.3367065306223685,-0.0008544401705687932,0.1678161041420374,"{""candidate_order"": [""histogram_gradient_boosting_frozen"", ""exploratory_pca_knn_component"", ""exploratory_targetwise_ridge_component"", ""multitask_elastic_net_frozen""], ""exploratory_only"": true, ""selected_component"": ""histogram_gradient_boosting_frozen""}",False,histogram_gradient_boosting_frozen,0.0
20260717,exploratory_validation_selected_composite,exploratory_composite_not_confirmatory,validation_selected_per_target_from_predeclared_components,PM2.5,219.04999999999927,92.60096856245184,0.4227389571442691,-0.0013800336829981052,85.86931628682429,0.3920078351372955,-0.0032001355928392705,-4.908583740817205,"{""candidate_order"": [""histogram_gradient_boosting_frozen"", ""exploratory_pca_knn_component"", ""exploratory_targetwise_ridge_component"", ""multitask_elastic_net_frozen""], ""exploratory_only"": true, ""selected_component"": ""exploratory_targetwise_ridge_component""}",False,exploratory_targetwise_ridge_component,0.0
20260717,exploratory_validation_selected_composite,exploratory_composite_not_confirmatory,validation_selected_per_target_from_predeclared_components,PM10,264.0,99.65625197397081,0.37748580293170764,-0.004255238660872074,95.33853559163067,0.36113081663496466,-0.009115001984997484,9.061008332852579,"{""candidate_order"": [""histogram_gradient_boosting_frozen"", ""exploratory_pca_knn_component"", ""exploratory_targetwise_ridge_component"", ""multitask_elastic_net_frozen""], ""exploratory_only"": true, ""selected_component"": ""exploratory_targetwise_ridge_component""}",False,exploratory_targetwise_ridge_component,0.0
20260718,training_period_mean,baseline,fixed_training_only,CO,3000.0,1343.359237264699,0.44778641242156636,-0.010194003472070445,1349.053087111262,0.44968436237042064,-0.015699488106189374,-167.72166666665717,"{""estimator"": ""training_target_mean""}",False,,0.0
20260718,training_period_mean,baseline,fixed_training_only,O3,185.0,49.98026290708433,0.27016358328153695,-0.11424614077875539,57.32584765836353,0.30986944680196504,-0.035382354826414275,10.597257133333716,"{""estimator"": ""training_target_mean""}",False,,0.0
20260718,training_period_mean,baseline,fixed_training_only,SO2,67.0,15.962105822446182,0.2382403854096445,-0.1305695190161007,15.784931727874834,0.23559599593843036,-0.43542419579497116,8.693784199999179,"{""estimator"": ""training_target_mean""}",False,,0.0
20260718,training_period_mean,baseline,fixed_training_only,NO2,107.0,36.07810724144191,0.33717857234992443,-2.690768407198618e-06,36.013003822921355,0.3365701291861809,-4.3702518669475054e-05,0.2380691333336224,"{""estimator"": ""training_target_mean""}",False,,0.0
20260718,training_period_mean,baseline,fixed_training_only,PM2.5,219.04999999999927,92.60106874502529,0.4227394144945245,-0.0013822004180681358,85.87251108149653,0.39202241991096465,-0.003274785728855978,-4.906091666666413,"{""estimator"": ""training_target_mean""}",False,,0.0
20260718,training_period_mean,baseline,fixed_training_only,PM10,264.0,99.65625197173638,0.37748580292324385,-0.004255238615838541,95.33853559266711,0.3611308166388906,-0.009115002006937933,9.06100833333436,"{""estimator"": ""training_target_mean""}",False,,0.0
20260718,ridge_validation_selected,confirmatory_reference,validation_selected_per_noise_seed,CO,3000.0,1343.3530310470683,0.4477843436823561,-0.010184669454514461,1349.0462109279613,0.44968207030932045,-0.015689134002075722,-167.67932431164644,"{""alpha"": 1000000.0, ""alpha_grid"": [0.01, 0.1, 1.0, 10.0, 100.0, 1000.0, 10000.0, 100000.0, 1000000.0, 10000000.0, 100000000.0]}",False,histogram_gradient_boosting_frozen,3.3660435999991023
20260718,ridge_validation_selected,confirmatory_reference,validation_selected_per_noise_seed,O3,185.0,49.97712578486388,0.2701466258641291,-0.11410626890046816,57.328153186427336,0.3098819091158234,-0.03546563841228467,10.59742151628926,"{""alpha"": 1000000.0, ""alpha_grid"": [0.01, 0.1, 1.0, 10.0, 100.0, 1000.0, 10000.0, 100000.0, 1000000.0, 10000000.0, 100000000.0]}",False,multitask_elastic_net_frozen,3.3660435999991023
20260718,ridge_validation_selected,confirmatory_reference,validation_selected_per_noise_seed,SO2,67.0,15.961452195460302,0.2382306297829896,-0.13047693027808216,15.784789138990108,0.235593867746121,-0.43539826288448724,8.693990826922022,"{""alpha"": 1000000.0, ""alpha_grid"": [0.01, 0.1, 1.0, 10.0, 100.0, 1000.0, 10000.0, 100000.0, 1000000.0, 10000000.0, 100000000.0]}",False,exploratory_pca_knn_component,3.3660435999991023
20260718,ridge_validation_selected,confirmatory_reference,validation_selected_per_noise_seed,NO2,107.0,36.07757494746626,0.3371735976398716,2.681695923745231e-05,36.012895689063406,0.3365691185893776,-3.769699789391012e-05,0.23979437868239728,"{""alpha"": 1000000.0, ""alpha_grid"": [0.01, 0.1, 1.0, 10.0, 100.0, 1000.0, 10000.0, 100000.0, 1000000.0, 10000000.0, 100000000.0]}",False,exploratory_targetwise_ridge_component,3.3660435999991023
20260718,ridge_validation_selected,confirmatory_reference,validation_selected_per_noise_seed,PM2.5,219.04999999999927,92.60388680645788,0.42275227941775023,-0.001443150027738982,85.87317552746512,0.39202545321828536,-0.0032903116394735754,-4.902512596056386,"{""alpha"": 1000000.0, ""alpha_grid"": [0.01, 0.1, 1.0, 10.0, 100.0, 1000.0, 10000.0, 100000.0, 1000000.0, 10000000.0, 100000000.0]}",False,exploratory_targetwise_ridge_component,3.3660435999991023
20260718,ridge_validation_selected,confirmatory_reference,validation_selected_per_noise_seed,PM10,264.0,99.65872137239955,0.37749515671363465,-0.004305008484326134,95.34003190944746,0.3611364845054828,-0.009146677919529722,9.066734371198907,"{""alpha"": 1000000.0, ""alpha_grid"": [0.01, 0.1, 1.0, 10.0, 100.0, 1000.0, 10000.0, 100000.0, 1000000.0, 10000000.0, 100000000.0]}",False,exploratory_pca_knn_component,3.3660435999991023
20260718,multitask_elastic_net_frozen,confirmatory_candidate,frozen_before_noise_seed_stability_study,CO,3000.0,1344.1800237569628,0.4480600079189876,-0.011428828638978095,1350.1011858943918,0.45003372863146396,-0.017278324315263438,-166.8701480523758,"{""alpha"": 0.01, ""fit_intercept"": true, ""l1_ratio"": 0.8, ""max_iter"": 5000, ""random_state"": 20260715, ""selection"": ""cyclic"", ""tol"": 1e-05}",False,histogram_gradient_boosting_frozen,1.4921084999987215
20260718,multitask_elastic_net_frozen,confirmatory_candidate,frozen_before_noise_seed_stability_study,O3,185.0,49.92732554868056,0.2698774353982733,-0.11188704915686909,57.389357702501144,0.310212744337844,-0.037677780265622296,10.570905137024829,"{""alpha"": 0.01, ""fit_intercept"": true, ""l1_ratio"": 0.8, ""max_iter"": 5000, ""random_state"": 20260715, ""selection"": ""cyclic"", ""tol"": 1e-05}",True,multitask_elastic_net_frozen,1.4921084999987215
20260718,multitask_elastic_net_frozen,confirmatory_candidate,frozen_before_noise_seed_stability_study,SO2,67.0,15.985877038791642,0.23859517968345734,-0.13393937816139467,15.827762411300252,0.236235259870153,-0.4432244967739385,8.717073645164056,"{""alpha"": 0.01, ""fit_intercept"": true, ""l1_ratio"": 0.8, ""max_iter"": 5000, ""random_state"": 20260715, ""selection"": ""cyclic"", ""tol"": 1e-05}",False,exploratory_pca_knn_component,1.4921084999987215
20260718,multitask_elastic_net_frozen,confirmatory_candidate,frozen_before_noise_seed_stability_study,NO2,107.0,36.088644669751396,0.3372770529883308,-0.0005869229424604328,36.051485258219564,0.33692976876840713,-0.002182023312550019,0.27413943151891484,"{""alpha"": 0.01, ""fit_intercept"": true, ""l1_ratio"": 0.8, ""max_iter"": 5000, ""random_state"": 20260715, ""selection"": ""cyclic"", ""tol"": 1e-05}",False,exploratory_targetwise_ridge_component,1.4921084999987215
20260718,multitask_elastic_net_frozen,confirmatory_candidate,frozen_before_noise_seed_stability_study,PM2.5,219.04999999999927,92.65120704872479,0.4229683042626117,-0.002466878983241161,85.97065520548098,0.3924704643025851,-0.005569391816220293,-4.8519991542643295,"{""alpha"": 0.01, ""fit_intercept"": true, ""l1_ratio"": 0.8, ""max_iter"": 5000, ""random_state"": 20260715, ""selection"": ""cyclic"", ""tol"": 1e-05}",False,exploratory_targetwise_ridge_component,1.4921084999987215
20260718,multitask_elastic_net_frozen,confirmatory_candidate,frozen_before_noise_seed_stability_study,PM10,264.0,99.73095848249804,0.3777687821306744,-0.005761466755631384,95.45059410630247,0.3615552807056912,-0.011488572822934806,9.128219335464955,"{""alpha"": 0.01, ""fit_intercept"": true, ""l1_ratio"": 0.8, ""max_iter"": 5000, ""random_state"": 20260715, ""selection"": ""cyclic"", ""tol"": 1e-05}",False,exploratory_pca_knn_component,1.4921084999987215
20260718,histogram_gradient_boosting_frozen,confirmatory_candidate,frozen_before_noise_seed_stability_study,CO,3000.0,1343.1664863617189,0.447722162120573,-0.009904130396236832,1349.5463687431027,0.44984878958103425,-0.016442405498943602,-166.97518087718973,"{""early_stopping"": true, ""fitted_iterations"": 15, ""l2_regularization"": 10.0, ""learning_rate"": 0.05, ""max_iter"": 100, ""max_leaf_nodes"": 7, ""min_samples_leaf"": 100, ""n_iter_no_change"": 10, ""random_state"": 20260715, ""validation_fraction"": 0.1}",True,histogram_gradient_boosting_frozen,1.5447977999974682
20260718,histogram_gradient_boosting_frozen,confirmatory_candidate,frozen_before_noise_seed_stability_study,O3,185.0,49.93339110403941,0.2699102221839968,-0.11215722674177764,57.32795061535857,0.30988081413707336,-0.03545832071587185,10.492009446556864,"{""early_stopping"": true, ""fitted_iterations"": 14, ""l2_regularization"": 10.0, ""learning_rate"": 0.05, ""max_iter"": 100, ""max_leaf_nodes"": 7, ""min_samples_leaf"": 100, ""n_iter_no_change"": 10, ""random_state"": 20260716, ""validation_fraction"": 0.1}",False,multitask_elastic_net_frozen,1.5447977999974682
20260718,histogram_gradient_boosting_frozen,confirmatory_candidate,frozen_before_noise_seed_stability_study,SO2,67.0,15.96104923542486,0.23822461545410237,-0.13041985135216638,15.78921057202836,0.23565985928400537,-0.43620250627339296,8.689339415532363,"{""early_stopping"": true, ""fitted_iterations"": 15, ""l2_regularization"": 10.0, ""learning_rate"": 0.05, ""max_iter"": 100, ""max_leaf_nodes"": 7, ""min_samples_leaf"": 100, ""n_iter_no_change"": 10, ""random_state"": 20260717, ""validation_fraction"": 0.1}",False,exploratory_pca_knn_component,1.5447977999974682
20260718,histogram_gradient_boosting_frozen,confirmatory_candidate,frozen_before_noise_seed_stability_study,NO2,107.0,36.085201450883446,0.3372448733727425,-0.0003959999832636729,36.01207389194599,0.33656143824248586,7.943248696018479e-06,0.20848408980202443,"{""early_stopping"": true, ""fitted_iterations"": 11, ""l2_regularization"": 10.0, ""learning_rate"": 0.05, ""max_iter"": 100, ""max_leaf_nodes"": 7, ""min_samples_leaf"": 100, ""n_iter_no_change"": 10, ""random_state"": 20260718, ""validation_fraction"": 0.1}",False,exploratory_targetwise_ridge_component,1.5447977999974682
20260718,histogram_gradient_boosting_frozen,confirmatory_candidate,frozen_before_noise_seed_stability_study,PM2.5,219.04999999999927,92.60359033736066,0.4227509259865828,-0.001436737846099545,85.96545334577814,0.39244671694032607,-0.005447706745116854,-5.02053440541176,"{""early_stopping"": true, ""fitted_iterations"": 24, ""l2_regularization"": 10.0, ""learning_rate"": 0.05, ""max_iter"": 100, ""max_leaf_nodes"": 7, ""min_samples_leaf"": 100, ""n_iter_no_change"": 10, ""random_state"": 20260719, ""validation_fraction"": 0.1}",False,exploratory_targetwise_ridge_component,1.5447977999974682
20260718,histogram_gradient_boosting_frozen,confirmatory_candidate,frozen_before_noise_seed_stability_study,PM10,264.0,99.67673583584936,0.3775633933176112,-0.004668120729574676,95.35793139060742,0.3612042855704827,-0.009525635157377366,9.151309489589453,"{""early_stopping"": true, ""fitted_iterations"": 10, ""l2_regularization"": 10.0, ""learning_rate"": 0.05, ""max_iter"": 100, ""max_leaf_nodes"": 7, ""min_samples_leaf"": 100, ""n_iter_no_change"": 10, ""random_state"": 20260720, ""validation_fraction"": 0.1}",False,exploratory_pca_knn_component,1.5447977999974682
20260718,exploratory_pca_knn_component,exploratory_component,frozen_before_noise_seed_stability_study,CO,3000.0,1345.8595700554251,0.4486198566851417,-0.013957958368389978,1354.8590890465337,0.4516196963488445,-0.024460956752226037,-192.8776925000083,"{""n_neighbors"": 200, ""p"": 2, ""pca_components"": 32, ""pca_solver"": ""randomized"", ""random_state"": 20260715, ""weights"": ""uniform""}",False,histogram_gradient_boosting_frozen,1.4335784999966563
20260718,exploratory_pca_knn_component,exploratory_component,frozen_before_noise_seed_stability_study,O3,185.0,49.952729712812356,0.2700147552043911,-0.11301884410202923,57.31579238949671,0.3098150939972795,-0.03501916316661524,10.31605267275001,"{""n_neighbors"": 200, ""p"": 2, ""pca_components"": 32, ""pca_solver"": ""randomized"", ""random_state"": 20260715, ""weights"": ""uniform""}",False,multitask_elastic_net_frozen,1.4335784999966563
20260718,exploratory_pca_knn_component,exploratory_component,frozen_before_noise_seed_stability_study,SO2,67.0,15.842545446929703,0.23645590219298065,-0.11369642177391848,15.544093330836118,0.23200139299755398,-0.39195641633837175,8.062301466000008,"{""n_neighbors"": 200, ""p"": 2, ""pca_components"": 32, ""pca_solver"": ""randomized"", ""random_state"": 20260715, ""weights"": ""uniform""}",True,exploratory_pca_knn_component,1.4335784999966563
20260718,exploratory_pca_knn_component,exploratory_component,frozen_before_noise_seed_stability_study,NO2,107.0,36.10090824433017,0.3373916658348614,-0.0012670735759696683,36.04095805023364,0.33683138364704335,-0.0015968247737361274,-0.6147644899999946,"{""n_neighbors"": 200, ""p"": 2, ""pca_components"": 32, ""pca_solver"": ""randomized"", ""random_state"": 20260715, ""weights"": ""uniform""}",False,exploratory_targetwise_ridge_component,1.4335784999966563
20260718,exploratory_pca_knn_component,exploratory_component,frozen_before_noise_seed_stability_study,PM2.5,219.04999999999927,92.69105547921608,0.42315021903317224,-0.003329367954088669,86.12842299966738,0.3931907007517355,-0.009263490304637578,-6.390949749999995,"{""n_neighbors"": 200, ""p"": 2, ""pca_components"": 32, ""pca_solver"": ""randomized"", ""random_state"": 20260715, ""weights"": ""uniform""}",False,exploratory_targetwise_ridge_component,1.4335784999966563
20260718,exploratory_pca_knn_component,exploratory_component,frozen_before_noise_seed_stability_study,PM10,264.0,99.63406430536068,0.3774017587324268,-0.0038081096242039703,95.45639038526076,0.3615772363078059,-0.011611422722377807,6.768946624999959,"{""n_neighbors"": 200, ""p"": 2, ""pca_components"": 32, ""pca_solver"": ""randomized"", ""random_state"": 20260715, ""weights"": ""uniform""}",True,exploratory_pca_knn_component,1.4335784999966563
20260718,exploratory_targetwise_ridge_component,exploratory_component,validation_selected_per_target_per_noise_seed,CO,3000.0,1343.3474352895792,0.44778247842985974,-0.010176253592822704,1349.0396773321063,0.44967989244403545,-0.01567929581240901,-167.59139692605424,"{""alpha"": 316227.7660168379, ""alpha_grid"": [0.01, 0.03162277660168379, 0.1, 0.31622776601683794, 1.0, 3.1622776601683795, 10.0, 31.622776601683793, 100.0, 316.22776601683796, 1000.0, 3162.2776601683795, 10000.0, 31622.776601683792, 100000.0, 316227.7660168379, 1000000.0, 3162277.6601683795, 10000000.0, 31622776.60168379, 100000000.0, 316227766.01683795, 1000000000.0, 3162277660.1683793, 10000000000.0, 31622776601.683792, 100000000000.0, 316227766016.83795, 1000000000000.0]}",False,histogram_gradient_boosting_frozen,7.839938900000561
20260718,exploratory_targetwise_ridge_component,exploratory_component,validation_selected_per_target_per_noise_seed,O3,185.0,49.95932536667972,0.27005040738745795,-0.1133127848630906,57.35397181710045,0.31002146928162405,-0.036398524734721605,10.598606169956213,"{""alpha"": 100000.0, ""alpha_grid"": [0.01, 0.03162277660168379, 0.1, 0.31622776601683794, 1.0, 3.1622776601683795, 10.0, 31.622776601683793, 100.0, 316.22776601683796, 1000.0, 3162.2776601683795, 10000.0, 31622.776601683792, 100000.0, 316227.7660168379, 1000000.0, 3162277.6601683795, 10000000.0, 31622776.60168379, 100000000.0, 316227766.01683795, 1000000000.0, 3162277660.1683793, 10000000000.0, 31622776601.683792, 100000000000.0, 316227766016.83795, 1000000000000.0]}",False,multitask_elastic_net_frozen,7.839938900000561
20260718,exploratory_targetwise_ridge_component,exploratory_component,validation_selected_per_target_per_noise_seed,SO2,67.0,15.960373448648616,0.2382145290843077,-0.1303241299990483,15.78805369648287,0.23564259248481895,-0.4359920528525627,8.695600377439817,"{""alpha"": 100000.0, ""alpha_grid"": [0.01, 0.03162277660168379, 0.1, 0.31622776601683794, 1.0, 3.1622776601683795, 10.0, 31.622776601683793, 100.0, 316.22776601683796, 1000.0, 3162.2776601683795, 10000.0, 31622.776601683792, 100000.0, 316227.7660168379, 1000000.0, 3162277.6601683795, 10000000.0, 31622776.60168379, 100000000.0, 316227766.01683795, 1000000000.0, 3162277660.1683793, 10000000000.0, 31622776601.683792, 100000000000.0, 316227766016.83795, 1000000000000.0]}",False,exploratory_pca_knn_component,7.839938900000561
20260718,exploratory_targetwise_ridge_component,exploratory_component,validation_selected_per_target_per_noise_seed,NO2,107.0,36.07671715856115,0.33716558092113225,7.436758900369878e-05,36.01575872073812,0.33659587589474876,-0.00019670967142038087,0.25358434191662665,"{""alpha"": 100000.0, ""alpha_grid"": [0.01, 0.03162277660168379, 0.1, 0.31622776601683794, 1.0, 3.1622776601683795, 10.0, 31.622776601683793, 100.0, 316.22776601683796, 1000.0, 3162.2776601683795, 10000.0, 31622.776601683792, 100000.0, 316227.7660168379, 1000000.0, 3162277.6601683795, 10000000.0, 31622776.60168379, 100000000.0, 316227766.01683795, 1000000000.0, 3162277660.1683793, 10000000000.0, 31622776601.683792, 100000000000.0, 316227766016.83795, 1000000000000.0]}",True,exploratory_targetwise_ridge_component,7.839938900000561
20260718,exploratory_targetwise_ridge_component,exploratory_component,validation_selected_per_target_per_noise_seed,PM2.5,219.04999999999927,92.60106874779875,0.42273941450718583,-0.0013822004780523756,85.87251108207678,0.39202241991361364,-0.0032747857424144655,-4.906091663042177,"{""alpha"": 1000000000000.0, ""alpha_grid"": [0.01, 0.03162277660168379, 0.1, 0.31622776601683794, 1.0, 3.1622776601683795, 10.0, 31.622776601683793, 100.0, 316.22776601683796, 1000.0, 3162.2776601683795, 10000.0, 31622.776601683792, 100000.0, 316227.7660168379, 1000000.0, 3162277.6601683795, 10000000.0, 31622776.60168379, 100000000.0, 316227766.01683795, 1000000000.0, 3162277660.1683793, 10000000000.0, 31622776601.683792, 100000000000.0, 316227766016.83795, 1000000000000.0]}",True,exploratory_targetwise_ridge_component,7.839938900000561
20260718,exploratory_targetwise_ridge_component,exploratory_component,validation_selected_per_target_per_noise_seed,PM10,264.0,99.65625197412952,0.37748580293230877,-0.004255238664070626,95.33853559405996,0.3611308166441665,-0.009115002036423459,9.061008339135924,"{""alpha"": 1000000000000.0, ""alpha_grid"": [0.01, 0.03162277660168379, 0.1, 0.31622776601683794, 1.0, 3.1622776601683795, 10.0, 31.622776601683793, 100.0, 316.22776601683796, 1000.0, 3162.2776601683795, 10000.0, 31622.776601683792, 100000.0, 316227.7660168379, 1000000.0, 3162277.6601683795, 10000000.0, 31622776.60168379, 100000000.0, 316227766.01683795, 1000000000.0, 3162277660.1683793, 10000000000.0, 31622776601.683792, 100000000000.0, 316227766016.83795, 1000000000000.0]}",False,exploratory_pca_knn_component,7.839938900000561
20260718,exploratory_validation_selected_composite,exploratory_composite_not_confirmatory,validation_selected_per_target_from_predeclared_components,CO,3000.0,1343.1664863617189,0.447722162120573,-0.009904130396236832,1349.5463687431027,0.44984878958103425,-0.016442405498943602,-166.97518087718973,"{""candidate_order"": [""histogram_gradient_boosting_frozen"", ""exploratory_pca_knn_component"", ""exploratory_targetwise_ridge_component"", ""multitask_elastic_net_frozen""], ""exploratory_only"": true, ""selected_component"": ""histogram_gradient_boosting_frozen""}",False,histogram_gradient_boosting_frozen,0.0
20260718,exploratory_validation_selected_composite,exploratory_composite_not_confirmatory,validation_selected_per_target_from_predeclared_components,O3,185.0,49.92732554868056,0.2698774353982733,-0.11188704915686909,57.389357702501144,0.310212744337844,-0.037677780265622296,10.570905137024829,"{""candidate_order"": [""histogram_gradient_boosting_frozen"", ""exploratory_pca_knn_component"", ""exploratory_targetwise_ridge_component"", ""multitask_elastic_net_frozen""], ""exploratory_only"": true, ""selected_component"": ""multitask_elastic_net_frozen""}",False,multitask_elastic_net_frozen,0.0
20260718,exploratory_validation_selected_composite,exploratory_composite_not_confirmatory,validation_selected_per_target_from_predeclared_components,SO2,67.0,15.842545446929703,0.23645590219298065,-0.11369642177391848,15.544093330836118,0.23200139299755398,-0.39195641633837175,8.062301466000008,"{""candidate_order"": [""histogram_gradient_boosting_frozen"", ""exploratory_pca_knn_component"", ""exploratory_targetwise_ridge_component"", ""multitask_elastic_net_frozen""], ""exploratory_only"": true, ""selected_component"": ""exploratory_pca_knn_component""}",False,exploratory_pca_knn_component,0.0
20260718,exploratory_validation_selected_composite,exploratory_composite_not_confirmatory,validation_selected_per_target_from_predeclared_components,NO2,107.0,36.07671715856115,0.33716558092113225,7.436758900369878e-05,36.01575872073812,0.33659587589474876,-0.00019670967142038087,0.25358434191662665,"{""candidate_order"": [""histogram_gradient_boosting_frozen"", ""exploratory_pca_knn_component"", ""exploratory_targetwise_ridge_component"", ""multitask_elastic_net_frozen""], ""exploratory_only"": true, ""selected_component"": ""exploratory_targetwise_ridge_component""}",False,exploratory_targetwise_ridge_component,0.0
20260718,exploratory_validation_selected_composite,exploratory_composite_not_confirmatory,validation_selected_per_target_from_predeclared_components,PM2.5,219.04999999999927,92.60106874779875,0.42273941450718583,-0.0013822004780523756,85.87251108207678,0.39202241991361364,-0.0032747857424144655,-4.906091663042177,"{""candidate_order"": [""histogram_gradient_boosting_frozen"", ""exploratory_pca_knn_component"", ""exploratory_targetwise_ridge_component"", ""multitask_elastic_net_frozen""], ""exploratory_only"": true, ""selected_component"": ""exploratory_targetwise_ridge_component""}",False,exploratory_targetwise_ridge_component,0.0
20260718,exploratory_validation_selected_composite,exploratory_composite_not_confirmatory,validation_selected_per_target_from_predeclared_components,PM10,264.0,99.63406430536068,0.3774017587324268,-0.0038081096242039703,95.45639038526076,0.3615772363078059,-0.011611422722377807,6.768946624999959,"{""candidate_order"": [""histogram_gradient_boosting_frozen"", ""exploratory_pca_knn_component"", ""exploratory_targetwise_ridge_component"", ""multitask_elastic_net_frozen""], ""exploratory_only"": true, ""selected_component"": ""exploratory_pca_knn_component""}",False,exploratory_pca_knn_component,0.0
20260719,training_period_mean,baseline,fixed_training_only,CO,3000.0,1343.359237264699,0.44778641242156636,-0.010194003472070445,1349.053087111262,0.44968436237042064,-0.015699488106189374,-167.72166666665717,"{""estimator"": ""training_target_mean""}",False,,0.0
20260719,training_period_mean,baseline,fixed_training_only,O3,185.0,49.98026290708433,0.27016358328153695,-0.11424614077875539,57.32584765836353,0.30986944680196504,-0.035382354826414275,10.597257133333716,"{""estimator"": ""training_target_mean""}",False,,0.0
20260719,training_period_mean,baseline,fixed_training_only,SO2,67.0,15.962105822446182,0.2382403854096445,-0.1305695190161007,15.784931727874834,0.23559599593843036,-0.43542419579497116,8.693784199999179,"{""estimator"": ""training_target_mean""}",False,,0.0
20260719,training_period_mean,baseline,fixed_training_only,NO2,107.0,36.07810724144191,0.33717857234992443,-2.690768407198618e-06,36.013003822921355,0.3365701291861809,-4.3702518669475054e-05,0.2380691333336224,"{""estimator"": ""training_target_mean""}",False,,0.0
20260719,training_period_mean,baseline,fixed_training_only,PM2.5,219.04999999999927,92.60106874502529,0.4227394144945245,-0.0013822004180681358,85.87251108149653,0.39202241991096465,-0.003274785728855978,-4.906091666666413,"{""estimator"": ""training_target_mean""}",False,,0.0
20260719,training_period_mean,baseline,fixed_training_only,PM10,264.0,99.65625197173638,0.37748580292324385,-0.004255238615838541,95.33853559266711,0.3611308166388906,-0.009115002006937933,9.06100833333436,"{""estimator"": ""training_target_mean""}",False,,0.0
20260719,ridge_validation_selected,confirmatory_reference,validation_selected_per_noise_seed,CO,3000.0,1343.3520636989351,0.4477840212329784,-0.010183214587655476,1349.0529249785136,0.4496843083261712,-0.01569924396733202,-167.678949660566,"{""alpha"": 1000000.0, ""alpha_grid"": [0.01, 0.1, 1.0, 10.0, 100.0, 1000.0, 10000.0, 100000.0, 1000000.0, 10000000.0, 100000000.0]}",False,exploratory_targetwise_ridge_component,5.030867499997839
20260719,ridge_validation_selected,confirmatory_reference,validation_selected_per_noise_seed,O3,185.0,49.978668068434665,0.27015496253207927,-0.11417503213085967,57.326197757581525,0.3098713392301704,-0.035395001395961856,10.596015116992342,"{""alpha"": 1000000.0, ""alpha_grid"": [0.01, 0.1, 1.0, 10.0, 100.0, 1000.0, 10000.0, 100000.0, 1000000.0, 10000000.0, 100000000.0]}",False,exploratory_targetwise_ridge_component,5.030867499997839
20260719,ridge_validation_selected,confirmatory_reference,validation_selected_per_noise_seed,SO2,67.0,15.962149823075146,0.23824104213544994,-0.13057575200804306,15.784277594344472,0.23558623275141002,-0.4353052292188033,8.694142472428117,"{""alpha"": 1000000.0, ""alpha_grid"": [0.01, 0.1, 1.0, 10.0, 100.0, 1000.0, 10000.0, 100000.0, 1000000.0, 10000000.0, 100000000.0]}",False,exploratory_pca_knn_component,5.030867499997839
20260719,ridge_validation_selected,confirmatory_reference,validation_selected_per_noise_seed,NO2,107.0,36.079475738364856,0.33719136204079303,-7.855542232260149e-05,36.01255528124908,0.3365659372079353,-1.8791601297918348e-05,0.23916667326091726,"{""alpha"": 1000000.0, ""alpha_grid"": [0.01, 0.1, 1.0, 10.0, 100.0, 1000.0, 10000.0, 100000.0, 1000000.0, 10000000.0, 100000000.0]}",False,exploratory_targetwise_ridge_component,5.030867499997839
20260719,ridge_validation_selected,confirmatory_reference,validation_selected_per_noise_seed,PM2.5,219.04999999999927,92.5989787353267,0.4227298732496097,-0.0013369984582884964,85.87372373809046,0.39202795589176326,-0.0033031216039685063,-4.903842394490987,"{""alpha"": 1000000.0, ""alpha_grid"": [0.01, 0.1, 1.0, 10.0, 100.0, 1000.0, 10000.0, 100000.0, 1000000.0, 10000000.0, 100000000.0]}",False,histogram_gradient_boosting_frozen,5.030867499997839
20260719,ridge_validation_selected,confirmatory_reference,validation_selected_per_noise_seed,PM10,264.0,99.65382247601859,0.3774766002879492,-0.004206274220460271,95.33916756842093,0.3611332104864429,-0.009128380402648295,9.062148532683329,"{""alpha"": 1000000.0, ""alpha_grid"": [0.01, 0.1, 1.0, 10.0, 100.0, 1000.0, 10000.0, 100000.0, 1000000.0, 10000000.0, 100000000.0]}",False,exploratory_targetwise_ridge_component,5.030867499997839
20260719,multitask_elastic_net_frozen,confirmatory_candidate,frozen_before_noise_seed_stability_study,CO,3000.0,1343.6174990244317,0.4478724996748106,-0.0105824618268342,1350.063203070144,0.450021067690048,-0.017221086293870203,-166.87100395551687,"{""alpha"": 0.01, ""fit_intercept"": true, ""l1_ratio"": 0.8, ""max_iter"": 5000, ""random_state"": 20260715, ""selection"": ""cyclic"", ""tol"": 1e-05}",False,exploratory_targetwise_ridge_component,1.5928783000017575
20260719,multitask_elastic_net_frozen,confirmatory_candidate,frozen_before_noise_seed_stability_study,O3,185.0,50.00079609420429,0.27027457348218537,-0.11516185121416878,57.37892594560434,0.31015635646272616,-0.03730057379552787,10.586501490726677,"{""alpha"": 0.01, ""fit_intercept"": true, ""l1_ratio"": 0.8, ""max_iter"": 5000, ""random_state"": 20260715, ""selection"": ""cyclic"", ""tol"": 1e-05}",False,exploratory_targetwise_ridge_component,1.5928783000017575
20260719,multitask_elastic_net_frozen,confirmatory_candidate,frozen_before_noise_seed_stability_study,SO2,67.0,15.9850179767177,0.2385823578614582,-0.1338175083212323,15.800981243335618,0.23583554094530773,-0.4383446486964975,8.7070190244881,"{""alpha"": 0.01, ""fit_intercept"": true, ""l1_ratio"": 0.8, ""max_iter"": 5000, ""random_state"": 20260715, ""selection"": ""cyclic"", ""tol"": 1e-05}",False,exploratory_pca_knn_component,1.5928783000017575
20260719,multitask_elastic_net_frozen,confirmatory_candidate,frozen_before_noise_seed_stability_study,NO2,107.0,36.09075127855429,0.33729674092106815,-0.0007037412247781205,36.02416192659752,0.3366744105289488,-0.0006634964148750644,0.26072904161592897,"{""alpha"": 0.01, ""fit_intercept"": true, ""l1_ratio"": 0.8, ""max_iter"": 5000, ""random_state"": 20260715, ""selection"": ""cyclic"", ""tol"": 1e-05}",False,exploratory_targetwise_ridge_component,1.5928783000017575
20260719,multitask_elastic_net_frozen,confirmatory_candidate,frozen_before_noise_seed_stability_study,PM2.5,219.04999999999927,92.59503983602518,0.4227118915134695,-0.0012518121685296535,85.9510382580153,0.39238090964627065,-0.0051105387039789285,-4.868379640168034,"{""alpha"": 0.01, ""fit_intercept"": true, ""l1_ratio"": 0.8, ""max_iter"": 5000, ""random_state"": 20260715, ""selection"": ""cyclic"", ""tol"": 1e-05}",False,histogram_gradient_boosting_frozen,1.5928783000017575
20260719,multitask_elastic_net_frozen,confirmatory_candidate,frozen_before_noise_seed_stability_study,PM10,264.0,99.69709842606022,0.3776405243411372,-0.005078642496302965,95.46478238301624,0.3616090241780918,-0.011789301100702643,9.081618723557806,"{""alpha"": 0.01, ""fit_intercept"": true, ""l1_ratio"": 0.8, ""max_iter"": 5000, ""random_state"": 20260715, ""selection"": ""cyclic"", ""tol"": 1e-05}",False,exploratory_targetwise_ridge_component,1.5928783000017575
20260719,histogram_gradient_boosting_frozen,confirmatory_candidate,frozen_before_noise_seed_stability_study,CO,3000.0,1343.834879501089,0.44794495983369637,-0.010909487439735743,1350.1512584783352,0.4500504194927784,-0.01735378339849425,-167.1504860101657,"{""early_stopping"": true, ""fitted_iterations"": 33, ""l2_regularization"": 10.0, ""learning_rate"": 0.05, ""max_iter"": 100, ""max_leaf_nodes"": 7, ""min_samples_leaf"": 100, ""n_iter_no_change"": 10, ""random_state"": 20260715, ""validation_fraction"": 0.1}",False,exploratory_targetwise_ridge_component,2.1237031999989995
20260719,histogram_gradient_boosting_frozen,confirmatory_candidate,frozen_before_noise_seed_stability_study,O3,185.0,50.041146452062605,0.2704926835246627,-0.11696243598548306,57.37206425541005,0.31011926624545977,-0.03705249631846419,10.450959183724668,"{""early_stopping"": true, ""fitted_iterations"": 12, ""l2_regularization"": 10.0, ""learning_rate"": 0.05, ""max_iter"": 100, ""max_leaf_nodes"": 7, ""min_samples_leaf"": 100, ""n_iter_no_change"": 10, ""random_state"": 20260716, ""validation_fraction"": 0.1}",False,exploratory_targetwise_ridge_component,2.1237031999989995
20260719,histogram_gradient_boosting_frozen,confirmatory_candidate,frozen_before_noise_seed_stability_study,SO2,67.0,15.969554718915324,0.23835156296888543,-0.13162495122345907,15.790629763086296,0.23568104124009395,-0.43646069997439185,8.685309090785251,"{""early_stopping"": true, ""fitted_iterations"": 12, ""l2_regularization"": 10.0, ""learning_rate"": 0.05, ""max_iter"": 100, ""max_leaf_nodes"": 7, ""min_samples_leaf"": 100, ""n_iter_no_change"": 10, ""random_state"": 20260717, ""validation_fraction"": 0.1}",False,exploratory_pca_knn_component,2.1237031999989995
20260719,histogram_gradient_boosting_frozen,confirmatory_candidate,frozen_before_noise_seed_stability_study,NO2,107.0,36.07880557888773,0.33718509886810966,-4.1403779531989926e-05,36.030808761349924,0.3367365304799058,-0.0010327962491982756,0.18843601103223367,"{""early_stopping"": true, ""fitted_iterations"": 17, ""l2_regularization"": 10.0, ""learning_rate"": 0.05, ""max_iter"": 100, ""max_leaf_nodes"": 7, ""min_samples_leaf"": 100, ""n_iter_no_change"": 10, ""random_state"": 20260718, ""validation_fraction"": 0.1}",False,exploratory_targetwise_ridge_component,2.1237031999989995
20260719,histogram_gradient_boosting_frozen,confirmatory_candidate,frozen_before_noise_seed_stability_study,PM2.5,219.04999999999927,92.58142816054679,0.42264975193128096,-0.000957461347191435,85.99241789018804,0.3925698146093966,-0.0060785576339297265,-5.045908152467444,"{""early_stopping"": true, ""fitted_iterations"": 21, ""l2_regularization"": 10.0, ""learning_rate"": 0.05, ""max_iter"": 100, ""max_leaf_nodes"": 7, ""min_samples_leaf"": 100, ""n_iter_no_change"": 10, ""random_state"": 20260719, ""validation_fraction"": 0.1}",True,histogram_gradient_boosting_frozen,2.1237031999989995
20260719,histogram_gradient_boosting_frozen,confirmatory_candidate,frozen_before_noise_seed_stability_study,PM10,264.0,99.66948253578413,0.377535918696152,-0.00452191019915027,95.35173882065276,0.3611808288661089,-0.009394521677111412,9.147990034152416,"{""early_stopping"": true, ""fitted_iterations"": 17, ""l2_regularization"": 10.0, ""learning_rate"": 0.05, ""max_iter"": 100, ""max_leaf_nodes"": 7, ""min_samples_leaf"": 100, ""n_iter_no_change"": 10, ""random_state"": 20260720, ""validation_fraction"": 0.1}",False,exploratory_targetwise_ridge_component,2.1237031999989995
20260719,exploratory_pca_knn_component,exploratory_component,frozen_before_noise_seed_stability_study,CO,3000.0,1346.0114148805947,0.4486704716268649,-0.01418676820524234,1351.396056417703,0.45046535213923433,-0.019230585980582138,-174.63507125000862,"{""n_neighbors"": 200, ""p"": 2, ""pca_components"": 32, ""pca_solver"": ""randomized"", ""random_state"": 20260715, ""weights"": ""uniform""}",False,exploratory_targetwise_ridge_component,1.2422422999989067
20260719,exploratory_pca_knn_component,exploratory_component,frozen_before_noise_seed_stability_study,O3,185.0,50.319909565559904,0.27199951116518867,-0.12944157420195213,57.702396125537575,0.3119048439218247,-0.049028976827584225,11.325062453500003,"{""n_neighbors"": 200, ""p"": 2, ""pca_components"": 32, ""pca_solver"": ""randomized"", ""random_state"": 20260715, ""weights"": ""uniform""}",False,exploratory_targetwise_ridge_component,1.2422422999989067
20260719,exploratory_pca_knn_component,exploratory_component,frozen_before_noise_seed_stability_study,SO2,67.0,15.95966044951394,0.23820388730617822,-0.1302231421208242,15.756761948132198,0.23517555146465965,-0.4303054530002308,8.566307868999974,"{""n_neighbors"": 200, ""p"": 2, ""pca_components"": 32, ""pca_solver"": ""randomized"", ""random_state"": 20260715, ""weights"": ""uniform""}",True,exploratory_pca_knn_component,1.2422422999989067
20260719,exploratory_pca_knn_component,exploratory_component,frozen_before_noise_seed_stability_study,NO2,107.0,36.230444951474254,0.3386022892661145,-0.008465426262983078,36.039490551043315,0.3368176687013394,-0.0015152613145654747,-0.23853859562499852,"{""n_neighbors"": 200, ""p"": 2, ""pca_components"": 32, ""pca_solver"": ""randomized"", ""random_state"": 20260715, ""weights"": ""uniform""}",False,exploratory_targetwise_ridge_component,1.2422422999989067
20260719,exploratory_pca_knn_component,exploratory_component,frozen_before_noise_seed_stability_study,PM2.5,219.04999999999927,92.7690771220189,0.42350640092225156,-0.00501916102844846,86.07388771872105,0.39294173804483606,-0.007985792637381639,-5.636021999999982,"{""n_neighbors"": 200, ""p"": 2, ""pca_components"": 32, ""pca_solver"": ""randomized"", ""random_state"": 20260715, ""weights"": ""uniform""}",False,histogram_gradient_boosting_frozen,1.2422422999989067
20260719,exploratory_pca_knn_component,exploratory_component,frozen_before_noise_seed_stability_study,PM10,264.0,99.81145687927459,0.37807370030028253,-0.00738573391168118,95.5544682598965,0.36194874340869887,-0.013691276540910957,8.889970625000055,"{""n_neighbors"": 200, ""p"": 2, ""pca_components"": 32, ""pca_solver"": ""randomized"", ""random_state"": 20260715, ""weights"": ""uniform""}",False,exploratory_targetwise_ridge_component,1.2422422999989067
20260719,exploratory_targetwise_ridge_component,exploratory_component,validation_selected_per_target_per_noise_seed,CO,3000.0,1343.3448124444083,0.4477816041481361,-0.010172308919609296,1349.0605025097816,0.4496868341699272,-0.0157106542155927,-167.5904236398478,"{""alpha"": 316227.7660168379, ""alpha_grid"": [0.01, 0.03162277660168379, 0.1, 0.31622776601683794, 1.0, 3.1622776601683795, 10.0, 31.622776601683793, 100.0, 316.22776601683796, 1000.0, 3162.2776601683795, 10000.0, 31622.776601683792, 100000.0, 316227.7660168379, 1000000.0, 3162277.6601683795, 10000000.0, 31622776.60168379, 100000000.0, 316227766.01683795, 1000000000.0, 3162277660.1683793, 10000000000.0, 31622776601.683792, 100000000000.0, 316227766016.83795, 1000000000000.0]}",True,exploratory_targetwise_ridge_component,3.7359491999995953
20260719,exploratory_targetwise_ridge_component,exploratory_component,validation_selected_per_target_per_noise_seed,O3,185.0,49.97311768789539,0.2701249604751102,-0.11392757647558338,57.33501875360842,0.30991902028977525,-0.03571366609837834,10.586144745800596,"{""alpha"": 100000.0, ""alpha_grid"": [0.01, 0.03162277660168379, 0.1, 0.31622776601683794, 1.0, 3.1622776601683795, 10.0, 31.622776601683793, 100.0, 316.22776601683796, 1000.0, 3162.2776601683795, 10000.0, 31622.776601683792, 100000.0, 316227.7660168379, 1000000.0, 3162277.6601683795, 10000000.0, 31622776.60168379, 100000000.0, 316227766.01683795, 1000000000.0, 3162277660.1683793, 10000000000.0, 31622776601.683792, 100000000000.0, 316227766016.83795, 1000000000000.0]}",True,exploratory_targetwise_ridge_component,3.7359491999995953
20260719,exploratory_targetwise_ridge_component,exploratory_component,validation_selected_per_target_per_noise_seed,SO2,67.0,15.962105496544522,0.23824038054544064,-0.13056947284995157,15.784860777379105,0.23559493697580755,-0.4354112918646733,8.693820487528928,"{""alpha"": 10000000.0, ""alpha_grid"": [0.01, 0.03162277660168379, 0.1, 0.31622776601683794, 1.0, 3.1622776601683795, 10.0, 31.622776601683793, 100.0, 316.22776601683796, 1000.0, 3162.2776601683795, 10000.0, 31622.776601683792, 100000.0, 316227.7660168379, 1000000.0, 3162277.6601683795, 10000000.0, 31622776.60168379, 100000000.0, 316227766.01683795, 1000000000.0, 3162277660.1683793, 10000000000.0, 31622776601.683792, 100000000000.0, 316227766016.83795, 1000000000000.0]}",False,exploratory_pca_knn_component,3.7359491999995953
20260719,exploratory_targetwise_ridge_component,exploratory_component,validation_selected_per_target_per_noise_seed,NO2,107.0,36.078107242774664,0.33717857236238,-2.6908422887661487e-06,36.013003822412756,0.33657012918142765,-4.370249042295882e-05,0.23806913444651762,"{""alpha"": 1000000000000.0, ""alpha_grid"": [0.01, 0.03162277660168379, 0.1, 0.31622776601683794, 1.0, 3.1622776601683795, 10.0, 31.622776601683793, 100.0, 316.22776601683796, 1000.0, 3162.2776601683795, 10000.0, 31622.776601683792, 100000.0, 316227.7660168379, 1000000.0, 3162277.6601683795, 10000000.0, 31622776.60168379, 100000000.0, 316227766.01683795, 1000000000.0, 3162277660.1683793, 10000000000.0, 31622776601.683792, 100000000000.0, 316227766016.83795, 1000000000000.0]}",True,exploratory_targetwise_ridge_component,3.7359491999995953
20260719,exploratory_targetwise_ridge_component,exploratory_component,validation_selected_per_target_per_noise_seed,PM2.5,219.04999999999927,92.5889289881335,0.42268399446762756,-0.001119660475741746,85.89095732622906,0.3921066301128936,-0.003705858250254046,-4.8858834219450324,"{""alpha"": 100000.0, ""alpha_grid"": [0.01, 0.03162277660168379, 0.1, 0.31622776601683794, 1.0, 3.1622776601683795, 10.0, 31.622776601683793, 100.0, 316.22776601683796, 1000.0, 3162.2776601683795, 10000.0, 31622.776601683792, 100000.0, 316227.7660168379, 1000000.0, 3162277.6601683795, 10000000.0, 31622776.60168379, 100000000.0, 316227766.01683795, 1000000000.0, 3162277660.1683793, 10000000000.0, 31622776601.683792, 100000000000.0, 316227766016.83795, 1000000000000.0]}",False,histogram_gradient_boosting_frozen,3.7359491999995953
20260719,exploratory_targetwise_ridge_component,exploratory_component,validation_selected_per_target_per_noise_seed,PM10,264.0,99.64281222920039,0.37743489480757725,-0.0039843871343612225,95.3536598254935,0.36118810539959656,-0.00943519364217238,9.07113623764489,"{""alpha"": 100000.0, ""alpha_grid"": [0.01, 0.03162277660168379, 0.1, 0.31622776601683794, 1.0, 3.1622776601683795, 10.0, 31.622776601683793, 100.0, 316.22776601683796, 1000.0, 3162.2776601683795, 10000.0, 31622.776601683792, 100000.0, 316227.7660168379, 1000000.0, 3162277.6601683795, 10000000.0, 31622776.60168379, 100000000.0, 316227766.01683795, 1000000000.0, 3162277660.1683793, 10000000000.0, 31622776601.683792, 100000000000.0, 316227766016.83795, 1000000000000.0]}",True,exploratory_targetwise_ridge_component,3.7359491999995953
20260719,exploratory_validation_selected_composite,exploratory_composite_not_confirmatory,validation_selected_per_target_from_predeclared_components,CO,3000.0,1343.3448124444083,0.4477816041481361,-0.010172308919609296,1349.0605025097816,0.4496868341699272,-0.0157106542155927,-167.5904236398478,"{""candidate_order"": [""histogram_gradient_boosting_frozen"", ""exploratory_pca_knn_component"", ""exploratory_targetwise_ridge_component"", ""multitask_elastic_net_frozen""], ""exploratory_only"": true, ""selected_component"": ""exploratory_targetwise_ridge_component""}",False,exploratory_targetwise_ridge_component,0.0
20260719,exploratory_validation_selected_composite,exploratory_composite_not_confirmatory,validation_selected_per_target_from_predeclared_components,O3,185.0,49.97311768789539,0.2701249604751102,-0.11392757647558338,57.33501875360842,0.30991902028977525,-0.03571366609837834,10.586144745800596,"{""candidate_order"": [""histogram_gradient_boosting_frozen"", ""exploratory_pca_knn_component"", ""exploratory_targetwise_ridge_component"", ""multitask_elastic_net_frozen""], ""exploratory_only"": true, ""selected_component"": ""exploratory_targetwise_ridge_component""}",False,exploratory_targetwise_ridge_component,0.0
20260719,exploratory_validation_selected_composite,exploratory_composite_not_confirmatory,validation_selected_per_target_from_predeclared_components,SO2,67.0,15.95966044951394,0.23820388730617822,-0.1302231421208242,15.756761948132198,0.23517555146465965,-0.4303054530002308,8.566307868999974,"{""candidate_order"": [""histogram_gradient_boosting_frozen"", ""exploratory_pca_knn_component"", ""exploratory_targetwise_ridge_component"", ""multitask_elastic_net_frozen""], ""exploratory_only"": true, ""selected_component"": ""exploratory_pca_knn_component""}",False,exploratory_pca_knn_component,0.0
20260719,exploratory_validation_selected_composite,exploratory_composite_not_confirmatory,validation_selected_per_target_from_predeclared_components,NO2,107.0,36.078107242774664,0.33717857236238,-2.6908422887661487e-06,36.013003822412756,0.33657012918142765,-4.370249042295882e-05,0.23806913444651762,"{""candidate_order"": [""histogram_gradient_boosting_frozen"", ""exploratory_pca_knn_component"", ""exploratory_targetwise_ridge_component"", ""multitask_elastic_net_frozen""], ""exploratory_only"": true, ""selected_component"": ""exploratory_targetwise_ridge_component""}",False,exploratory_targetwise_ridge_component,0.0
20260719,exploratory_validation_selected_composite,exploratory_composite_not_confirmatory,validation_selected_per_target_from_predeclared_components,PM2.5,219.04999999999927,92.58142816054679,0.42264975193128096,-0.000957461347191435,85.99241789018804,0.3925698146093966,-0.0060785576339297265,-5.045908152467444,"{""candidate_order"": [""histogram_gradient_boosting_frozen"", ""exploratory_pca_knn_component"", ""exploratory_targetwise_ridge_component"", ""multitask_elastic_net_frozen""], ""exploratory_only"": true, ""selected_component"": ""histogram_gradient_boosting_frozen""}",False,histogram_gradient_boosting_frozen,0.0
20260719,exploratory_validation_selected_composite,exploratory_composite_not_confirmatory,validation_selected_per_target_from_predeclared_components,PM10,264.0,99.64281222920039,0.37743489480757725,-0.0039843871343612225,95.3536598254935,0.36118810539959656,-0.00943519364217238,9.07113623764489,"{""candidate_order"": [""histogram_gradient_boosting_frozen"", ""exploratory_pca_knn_component"", ""exploratory_targetwise_ridge_component"", ""multitask_elastic_net_frozen""], ""exploratory_only"": true, ""selected_component"": ""exploratory_targetwise_ridge_component""}",False,exploratory_targetwise_ridge_component,0.0
20260720,training_period_mean,baseline,fixed_training_only,CO,3000.0,1343.359237264699,0.44778641242156636,-0.010194003472070445,1349.053087111262,0.44968436237042064,-0.015699488106189374,-167.72166666665717,"{""estimator"": ""training_target_mean""}",False,,0.0
20260720,training_period_mean,baseline,fixed_training_only,O3,185.0,49.98026290708433,0.27016358328153695,-0.11424614077875539,57.32584765836353,0.30986944680196504,-0.035382354826414275,10.597257133333716,"{""estimator"": ""training_target_mean""}",False,,0.0
20260720,training_period_mean,baseline,fixed_training_only,SO2,67.0,15.962105822446182,0.2382403854096445,-0.1305695190161007,15.784931727874834,0.23559599593843036,-0.43542419579497116,8.693784199999179,"{""estimator"": ""training_target_mean""}",False,,0.0
20260720,training_period_mean,baseline,fixed_training_only,NO2,107.0,36.07810724144191,0.33717857234992443,-2.690768407198618e-06,36.013003822921355,0.3365701291861809,-4.3702518669475054e-05,0.2380691333336224,"{""estimator"": ""training_target_mean""}",False,,0.0
20260720,training_period_mean,baseline,fixed_training_only,PM2.5,219.04999999999927,92.60106874502529,0.4227394144945245,-0.0013822004180681358,85.87251108149653,0.39202241991096465,-0.003274785728855978,-4.906091666666413,"{""estimator"": ""training_target_mean""}",False,,0.0
20260720,training_period_mean,baseline,fixed_training_only,PM10,264.0,99.65625197173638,0.37748580292324385,-0.004255238615838541,95.33853559266711,0.3611308166388906,-0.009115002006937933,9.06100833333436,"{""estimator"": ""training_target_mean""}",False,,0.0
20260720,ridge_validation_selected,confirmatory_reference,validation_selected_per_noise_seed,CO,3000.0,1343.3533405494709,0.4477844468498236,-0.010185134938435647,1349.045677844426,0.4496818926148087,-0.015688331291178415,-167.72551118697325,"{""alpha"": 1000000.0, ""alpha_grid"": [0.01, 0.1, 1.0, 10.0, 100.0, 1000.0, 10000.0, 100000.0, 1000000.0, 10000000.0, 100000000.0]}",False,multitask_elastic_net_frozen,1.388344099999813
20260720,ridge_validation_selected,confirmatory_reference,validation_selected_per_noise_seed,O3,185.0,49.9778070835827,0.27015030855990646,-0.11413664457075301,57.32277843327473,0.3098528563960796,-0.035271489080525686,10.59206379094266,"{""alpha"": 1000000.0, ""alpha_grid"": [0.01, 0.1, 1.0, 10.0, 100.0, 1000.0, 10000.0, 100000.0, 1000000.0, 10000000.0, 100000000.0]}",False,exploratory_targetwise_ridge_component,1.388344099999813
20260720,ridge_validation_selected,confirmatory_reference,validation_selected_per_noise_seed,SO2,67.0,15.962058715301975,0.23823968231793993,-0.1305628459839363,15.785913290041616,0.23561064612002414,-0.43560272072179806,8.694394934878542,"{""alpha"": 1000000.0, ""alpha_grid"": [0.01, 0.1, 1.0, 10.0, 100.0, 1000.0, 10000.0, 100000.0, 1000000.0, 10000000.0, 100000000.0]}",False,histogram_gradient_boosting_frozen,1.388344099999813
20260720,ridge_validation_selected,confirmatory_reference,validation_selected_per_noise_seed,NO2,107.0,36.07719625971604,0.3371700585020191,4.780925753478105e-05,36.013507918177815,0.336574840356802,-7.169911775273263e-05,0.2393882649127421,"{""alpha"": 1000000.0, ""alpha_grid"": [0.01, 0.1, 1.0, 10.0, 100.0, 1000.0, 10000.0, 100000.0, 1000000.0, 10000000.0, 100000000.0]}",False,multitask_elastic_net_frozen,1.388344099999813
20260720,ridge_validation_selected,confirmatory_reference,validation_selected_per_noise_seed,PM2.5,219.04999999999927,92.60191753839189,0.422743289378645,-0.0014005580995963829,85.87337016901527,0.3920263417896168,-0.0032948597932280776,-4.906112390755319,"{""alpha"": 1000000.0, ""alpha_grid"": [0.01, 0.1, 1.0, 10.0, 100.0, 1000.0, 10000.0, 100000.0, 1000000.0, 10000000.0, 100000000.0]}",False,multitask_elastic_net_frozen,1.388344099999813
20260720,ridge_validation_selected,confirmatory_reference,validation_selected_per_noise_seed,PM10,264.0,99.65927018075222,0.37749723553315234,-0.004316069683733437,95.33726160003947,0.3611259909092404,-0.009088032923023404,9.060657293218329,"{""alpha"": 1000000.0, ""alpha_grid"": [0.01, 0.1, 1.0, 10.0, 100.0, 1000.0, 10000.0, 100000.0, 1000000.0, 10000000.0, 100000000.0]}",False,exploratory_targetwise_ridge_component,1.388344099999813
20260720,multitask_elastic_net_frozen,confirmatory_candidate,frozen_before_noise_seed_stability_study,CO,3000.0,1342.8063060090076,0.44760210200300254,-0.009362576004087408,1350.9068562742423,0.45030228542474743,-0.01849280448495616,-167.40570987584735,"{""alpha"": 0.01, ""fit_intercept"": true, ""l1_ratio"": 0.8, ""max_iter"": 5000, ""random_state"": 20260715, ""selection"": ""cyclic"", ""tol"": 1e-05}",True,multitask_elastic_net_frozen,1.236430199998722
20260720,multitask_elastic_net_frozen,confirmatory_candidate,frozen_before_noise_seed_stability_study,O3,185.0,49.972590988951794,0.2701221134537935,-0.11390409579584637,57.34784405655467,0.30998834625164684,-0.03617707668064307,10.559611969172211,"{""alpha"": 0.01, ""fit_intercept"": true, ""l1_ratio"": 0.8, ""max_iter"": 5000, ""random_state"": 20260715, ""selection"": ""cyclic"", ""tol"": 1e-05}",False,exploratory_targetwise_ridge_component,1.236430199998722
20260720,multitask_elastic_net_frozen,confirmatory_candidate,frozen_before_noise_seed_stability_study,SO2,67.0,15.971461541016598,0.23838002300024774,-0.13189520751179074,15.84493581130103,0.2364915792731497,-0.4463580436453698,8.729178258151492,"{""alpha"": 0.01, ""fit_intercept"": true, ""l1_ratio"": 0.8, ""max_iter"": 5000, ""random_state"": 20260715, ""selection"": ""cyclic"", ""tol"": 1e-05}",False,histogram_gradient_boosting_frozen,1.236430199998722
20260720,multitask_elastic_net_frozen,confirmatory_candidate,frozen_before_noise_seed_stability_study,NO2,107.0,36.06246561123428,0.33703238889004,0.000864221759717565,36.07266580102221,0.3371277177665627,-0.0033599495220344444,0.2539518901222147,"{""alpha"": 0.01, ""fit_intercept"": true, ""l1_ratio"": 0.8, ""max_iter"": 5000, ""random_state"": 20260715, ""selection"": ""cyclic"", ""tol"": 1e-05}",True,multitask_elastic_net_frozen,1.236430199998722
20260720,multitask_elastic_net_frozen,confirmatory_candidate,frozen_before_noise_seed_stability_study,PM2.5,219.04999999999927,92.57628471043755,0.42262627121861607,-0.0008462461314668879,85.96902481086755,0.39246302127764365,-0.005531251839969498,-4.88944508792297,"{""alpha"": 0.01, ""fit_intercept"": true, ""l1_ratio"": 0.8, ""max_iter"": 5000, ""random_state"": 20260715, ""selection"": ""cyclic"", ""tol"": 1e-05}",True,multitask_elastic_net_frozen,1.236430199998722
20260720,multitask_elastic_net_frozen,confirmatory_candidate,frozen_before_noise_seed_stability_study,PM10,264.0,99.66727504296367,0.377527556980923,-0.004477414124888224,95.41813139594689,0.3614323158937382,-0.010800676070124249,9.07131694799712,"{""alpha"": 0.01, ""fit_intercept"": true, ""l1_ratio"": 0.8, ""max_iter"": 5000, ""random_state"": 20260715, ""selection"": ""cyclic"", ""tol"": 1e-05}",False,exploratory_targetwise_ridge_component,1.236430199998722
20260720,histogram_gradient_boosting_frozen,confirmatory_candidate,frozen_before_noise_seed_stability_study,CO,3000.0,1343.3489818601906,0.4477829939533969,-0.010178579587966752,1348.634274227703,0.449544758075901,-0.015068939160782113,-166.74403944454897,"{""early_stopping"": true, ""fitted_iterations"": 10, ""l2_regularization"": 10.0, ""learning_rate"": 0.05, ""max_iter"": 100, ""max_leaf_nodes"": 7, ""min_samples_leaf"": 100, ""n_iter_no_change"": 10, ""random_state"": 20260715, ""validation_fraction"": 0.1}",False,multitask_elastic_net_frozen,1.5019639000020106
20260720,histogram_gradient_boosting_frozen,confirmatory_candidate,frozen_before_noise_seed_stability_study,O3,185.0,49.98070968237198,0.2701659982830918,-0.11426606143687534,57.341543666319865,0.3099542900882155,-0.035949414719383954,10.497152937159639,"{""early_stopping"": true, ""fitted_iterations"": 10, ""l2_regularization"": 10.0, ""learning_rate"": 0.05, ""max_iter"": 100, ""max_leaf_nodes"": 7, ""min_samples_leaf"": 100, ""n_iter_no_change"": 10, ""random_state"": 20260716, ""validation_fraction"": 0.1}",False,exploratory_targetwise_ridge_component,1.5019639000020106
20260720,histogram_gradient_boosting_frozen,confirmatory_candidate,frozen_before_noise_seed_stability_study,SO2,67.0,15.949347805989209,0.23804996725357028,-0.12876298290716992,15.788221113128042,0.23564509124071706,-0.4360225075560058,8.686590064957686,"{""early_stopping"": true, ""fitted_iterations"": 11, ""l2_regularization"": 10.0, ""learning_rate"": 0.05, ""max_iter"": 100, ""max_leaf_nodes"": 7, ""min_samples_leaf"": 100, ""n_iter_no_change"": 10, ""random_state"": 20260717, ""validation_fraction"": 0.1}",True,histogram_gradient_boosting_frozen,1.5019639000020106
20260720,histogram_gradient_boosting_frozen,confirmatory_candidate,frozen_before_noise_seed_stability_study,NO2,107.0,36.10707908531449,0.3374493372459298,-0.0016094022465320545,36.02897212691713,0.33671936567212274,-0.0009307455594413927,0.23270707419005873,"{""early_stopping"": true, ""fitted_iterations"": 35, ""l2_regularization"": 10.0, ""learning_rate"": 0.05, ""max_iter"": 100, ""max_leaf_nodes"": 7, ""min_samples_leaf"": 100, ""n_iter_no_change"": 10, ""random_state"": 20260718, ""validation_fraction"": 0.1}",False,multitask_elastic_net_frozen,1.5019639000020106
20260720,histogram_gradient_boosting_frozen,confirmatory_candidate,frozen_before_noise_seed_stability_study,PM2.5,219.04999999999927,92.61798747571342,0.4228166513385699,-0.001748150049186048,85.94397367167377,0.39234865862439655,-0.004945319097250822,-5.031037640760271,"{""early_stopping"": true, ""fitted_iterations"": 14, ""l2_regularization"": 10.0, ""learning_rate"": 0.05, ""max_iter"": 100, ""max_leaf_nodes"": 7, ""min_samples_leaf"": 100, ""n_iter_no_change"": 10, ""random_state"": 20260719, ""validation_fraction"": 0.1}",False,multitask_elastic_net_frozen,1.5019639000020106
20260720,histogram_gradient_boosting_frozen,confirmatory_candidate,frozen_before_noise_seed_stability_study,PM10,264.0,99.65702074456043,0.37748871494151676,-0.004270732819131373,95.41410729741581,0.361417073096272,-0.010715420245366314,9.184613415856656,"{""early_stopping"": true, ""fitted_iterations"": 10, ""l2_regularization"": 10.0, ""learning_rate"": 0.05, ""max_iter"": 100, ""max_leaf_nodes"": 7, ""min_samples_leaf"": 100, ""n_iter_no_change"": 10, ""random_state"": 20260720, ""validation_fraction"": 0.1}",False,exploratory_targetwise_ridge_component,1.5019639000020106
20260720,exploratory_pca_knn_component,exploratory_component,frozen_before_noise_seed_stability_study,CO,3000.0,1348.4570553117376,0.4494856851039125,-0.017875577179078395,1351.6761057049682,0.4505587019016561,-0.019653059278589735,-185.14790750000907,"{""n_neighbors"": 200, ""p"": 2, ""pca_components"": 32, ""pca_solver"": ""randomized"", ""random_state"": 20260715, ""weights"": ""uniform""}",False,multitask_elastic_net_frozen,0.828530500002671
20260720,exploratory_pca_knn_component,exploratory_component,frozen_before_noise_seed_stability_study,O3,185.0,50.48568885856676,0.2728956154517122,-0.13689573919444298,57.67430021718302,0.3117529741469352,-0.04800765887505709,11.69776143575002,"{""n_neighbors"": 200, ""p"": 2, ""pca_components"": 32, ""pca_solver"": ""randomized"", ""random_state"": 20260715, ""weights"": ""uniform""}",False,exploratory_targetwise_ridge_component,0.828530500002671
20260720,exploratory_pca_knn_component,exploratory_component,frozen_before_noise_seed_stability_study,SO2,67.0,16.040767538848012,0.23941444087832853,-0.14173993361217785,15.908687995928675,0.2374431044168459,-0.458020316917376,8.715626245000047,"{""n_neighbors"": 200, ""p"": 2, ""pca_components"": 32, ""pca_solver"": ""randomized"", ""random_state"": 20260715, ""weights"": ""uniform""}",False,histogram_gradient_boosting_frozen,0.828530500002671
20260720,exploratory_pca_knn_component,exploratory_component,frozen_before_noise_seed_stability_study,NO2,107.0,36.19299001322301,0.33825224311423374,-0.0063814062617078005,36.09179495373473,0.3373064948947171,-0.004424385119577545,-0.40456314474999494,"{""n_neighbors"": 200, ""p"": 2, ""pca_components"": 32, ""pca_solver"": ""randomized"", ""random_state"": 20260715, ""weights"": ""uniform""}",False,multitask_elastic_net_frozen,0.828530500002671
20260720,exploratory_pca_knn_component,exploratory_component,frozen_before_noise_seed_stability_study,PM2.5,219.04999999999927,92.88900982546721,0.4240539138345927,-0.007619436527457335,86.08917890834472,0.3930115448908697,-0.008343965630443817,-6.462172249999986,"{""n_neighbors"": 200, ""p"": 2, ""pca_components"": 32, ""pca_solver"": ""randomized"", ""random_state"": 20260715, ""weights"": ""uniform""}",False,multitask_elastic_net_frozen,0.828530500002671
20260720,exploratory_pca_knn_component,exploratory_component,frozen_before_noise_seed_stability_study,PM10,264.0,99.79566662334072,0.3780138887247755,-0.007067020593207296,95.34277599800957,0.3611468787803393,-0.009204769523915468,7.429914499999995,"{""n_neighbors"": 200, ""p"": 2, ""pca_components"": 32, ""pca_solver"": ""randomized"", ""random_state"": 20260715, ""weights"": ""uniform""}",False,exploratory_targetwise_ridge_component,0.828530500002671
20260720,exploratory_targetwise_ridge_component,exploratory_component,validation_selected_per_target_per_noise_seed,CO,3000.0,1343.3488542287294,0.44778295140957647,-0.010178387634030672,1349.0377882761634,0.4496792627587211,-0.015676451309465822,-167.73416238565952,"{""alpha"": 316227.7660168379, ""alpha_grid"": [0.01, 0.03162277660168379, 0.1, 0.31622776601683794, 1.0, 3.1622776601683795, 10.0, 31.622776601683793, 100.0, 316.22776601683796, 1000.0, 3162.2776601683795, 10000.0, 31622.776601683792, 100000.0, 316227.7660168379, 1000000.0, 3162277.6601683795, 10000000.0, 31622776.60168379, 100000000.0, 316227766.01683795, 1000000000.0, 3162277660.1683793, 10000000000.0, 31622776601.683792, 100000000000.0, 316227766016.83795, 1000000000000.0]}",False,multitask_elastic_net_frozen,1.0193386999999348
20260720,exploratory_targetwise_ridge_component,exploratory_component,validation_selected_per_target_per_noise_seed,O3,185.0,49.965312567185485,0.27008277063343505,-0.1135796430013476,57.304844844118996,0.3097559180763189,-0.03462381533462011,10.550634399851859,"{""alpha"": 100000.0, ""alpha_grid"": [0.01, 0.03162277660168379, 0.1, 0.31622776601683794, 1.0, 3.1622776601683795, 10.0, 31.622776601683793, 100.0, 316.22776601683796, 1000.0, 3162.2776601683795, 10000.0, 31622.776601683792, 100000.0, 316227.7660168379, 1000000.0, 3162277.6601683795, 10000000.0, 31622776.60168379, 100000000.0, 316227766.01683795, 1000000000.0, 3162277660.1683793, 10000000000.0, 31622776601.683792, 100000000000.0, 316227766016.83795, 1000000000000.0]}",True,exploratory_targetwise_ridge_component,1.0193386999999348
20260720,exploratory_targetwise_ridge_component,exploratory_component,validation_selected_per_target_per_noise_seed,SO2,67.0,15.962058715301975,0.23823968231793993,-0.1305628459839363,15.785913290041616,0.23561064612002414,-0.43560272072179806,8.694394934878542,"{""alpha"": 1000000.0, ""alpha_grid"": [0.01, 0.03162277660168379, 0.1, 0.31622776601683794, 1.0, 3.1622776601683795, 10.0, 31.622776601683793, 100.0, 316.22776601683796, 1000.0, 3162.2776601683795, 10000.0, 31622.776601683792, 100000.0, 316227.7660168379, 1000000.0, 3162277.6601683795, 10000000.0, 31622776.60168379, 100000000.0, 316227766.01683795, 1000000000.0, 3162277660.1683793, 10000000000.0, 31622776601.683792, 100000000000.0, 316227766016.83795, 1000000000000.0]}",False,histogram_gradient_boosting_frozen,1.0193386999999348
20260720,exploratory_targetwise_ridge_component,exploratory_component,validation_selected_per_target_per_noise_seed,NO2,107.0,36.073341429769215,0.3371340320539179,0.0002614866003675109,36.0209128891097,0.336644045692614,-0.00048300385514354893,0.24981794548200573,"{""alpha"": 100000.0, ""alpha_grid"": [0.01, 0.03162277660168379, 0.1, 0.31622776601683794, 1.0, 3.1622776601683795, 10.0, 31.622776601683793, 100.0, 316.22776601683796, 1000.0, 3162.2776601683795, 10000.0, 31622.776601683792, 100000.0, 316227.7660168379, 1000000.0, 3162277.6601683795, 10000000.0, 31622776.60168379, 100000000.0, 316227766.01683795, 1000000000.0, 3162277660.1683793, 10000000000.0, 31622776601.683792, 100000000000.0, 316227766016.83795, 1000000000000.0]}",False,multitask_elastic_net_frozen,1.0193386999999348
20260720,exploratory_targetwise_ridge_component,exploratory_component,validation_selected_per_target_per_noise_seed,PM2.5,219.04999999999927,92.60106874579746,0.42273941449804964,-0.0013822004347685546,85.8725110822783,0.39202241991453357,-0.0032747857471229214,-4.906091666681718,"{""alpha"": 1000000000000.0, ""alpha_grid"": [0.01, 0.03162277660168379, 0.1, 0.31622776601683794, 1.0, 3.1622776601683795, 10.0, 31.622776601683793, 100.0, 316.22776601683796, 1000.0, 3162.2776601683795, 10000.0, 31622.776601683792, 100000.0, 316227.7660168379, 1000000.0, 3162277.6601683795, 10000000.0, 31622776.60168379, 100000000.0, 316227766.01683795, 1000000000.0, 3162277660.1683793, 10000000000.0, 31622776601.683792, 100000000000.0, 316227766016.83795, 1000000000000.0]}",False,multitask_elastic_net_frozen,1.0193386999999348
20260720,exploratory_targetwise_ridge_component,exploratory_component,validation_selected_per_target_per_noise_seed,PM10,264.0,99.65625197466144,0.37748580293432366,-0.004255238674791384,95.33853559125272,0.361130816633533,-0.00911500197699655,9.061008332982015,"{""alpha"": 1000000000000.0, ""alpha_grid"": [0.01, 0.03162277660168379, 0.1, 0.31622776601683794, 1.0, 3.1622776601683795, 10.0, 31.622776601683793, 100.0, 316.22776601683796, 1000.0, 3162.2776601683795, 10000.0, 31622.776601683792, 100000.0, 316227.7660168379, 1000000.0, 3162277.6601683795, 10000000.0, 31622776.60168379, 100000000.0, 316227766.01683795, 1000000000.0, 3162277660.1683793, 10000000000.0, 31622776601.683792, 100000000000.0, 316227766016.83795, 1000000000000.0]}",True,exploratory_targetwise_ridge_component,1.0193386999999348
20260720,exploratory_validation_selected_composite,exploratory_composite_not_confirmatory,validation_selected_per_target_from_predeclared_components,CO,3000.0,1342.8063060090076,0.44760210200300254,-0.009362576004087408,1350.9068562742423,0.45030228542474743,-0.01849280448495616,-167.40570987584735,"{""candidate_order"": [""histogram_gradient_boosting_frozen"", ""exploratory_pca_knn_component"", ""exploratory_targetwise_ridge_component"", ""multitask_elastic_net_frozen""], ""exploratory_only"": true, ""selected_component"": ""multitask_elastic_net_frozen""}",False,multitask_elastic_net_frozen,0.0
20260720,exploratory_validation_selected_composite,exploratory_composite_not_confirmatory,validation_selected_per_target_from_predeclared_components,O3,185.0,49.965312567185485,0.27008277063343505,-0.1135796430013476,57.304844844118996,0.3097559180763189,-0.03462381533462011,10.550634399851859,"{""candidate_order"": [""histogram_gradient_boosting_frozen"", ""exploratory_pca_knn_component"", ""exploratory_targetwise_ridge_component"", ""multitask_elastic_net_frozen""], ""exploratory_only"": true, ""selected_component"": ""exploratory_targetwise_ridge_component""}",False,exploratory_targetwise_ridge_component,0.0
20260720,exploratory_validation_selected_composite,exploratory_composite_not_confirmatory,validation_selected_per_target_from_predeclared_components,SO2,67.0,15.949347805989209,0.23804996725357028,-0.12876298290716992,15.788221113128042,0.23564509124071706,-0.4360225075560058,8.686590064957686,"{""candidate_order"": [""histogram_gradient_boosting_frozen"", ""exploratory_pca_knn_component"", ""exploratory_targetwise_ridge_component"", ""multitask_elastic_net_frozen""], ""exploratory_only"": true, ""selected_component"": ""histogram_gradient_boosting_frozen""}",False,histogram_gradient_boosting_frozen,0.0
20260720,exploratory_validation_selected_composite,exploratory_composite_not_confirmatory,validation_selected_per_target_from_predeclared_components,NO2,107.0,36.06246561123428,0.33703238889004,0.000864221759717565,36.07266580102221,0.3371277177665627,-0.0033599495220344444,0.2539518901222147,"{""candidate_order"": [""histogram_gradient_boosting_frozen"", ""exploratory_pca_knn_component"", ""exploratory_targetwise_ridge_component"", ""multitask_elastic_net_frozen""], ""exploratory_only"": true, ""selected_component"": ""multitask_elastic_net_frozen""}",False,multitask_elastic_net_frozen,0.0
20260720,exploratory_validation_selected_composite,exploratory_composite_not_confirmatory,validation_selected_per_target_from_predeclared_components,PM2.5,219.04999999999927,92.57628471043755,0.42262627121861607,-0.0008462461314668879,85.96902481086755,0.39246302127764365,-0.005531251839969498,-4.88944508792297,"{""candidate_order"": [""histogram_gradient_boosting_frozen"", ""exploratory_pca_knn_component"", ""exploratory_targetwise_ridge_component"", ""multitask_elastic_net_frozen""], ""exploratory_only"": true, ""selected_component"": ""multitask_elastic_net_frozen""}",False,multitask_elastic_net_frozen,0.0
20260720,exploratory_validation_selected_composite,exploratory_composite_not_confirmatory,validation_selected_per_target_from_predeclared_components,PM10,264.0,99.65625197466144,0.37748580293432366,-0.004255238674791384,95.33853559125272,0.361130816633533,-0.00911500197699655,9.061008332982015,"{""candidate_order"": [""histogram_gradient_boosting_frozen"", ""exploratory_pca_knn_component"", ""exploratory_targetwise_ridge_component"", ""multitask_elastic_net_frozen""], ""exploratory_only"": true, ""selected_component"": ""exploratory_targetwise_ridge_component""}",False,exploratory_targetwise_ridge_component,0.0
20260721,training_period_mean,baseline,fixed_training_only,CO,3000.0,1343.359237264699,0.44778641242156636,-0.010194003472070445,1349.053087111262,0.44968436237042064,-0.015699488106189374,-167.72166666665717,"{""estimator"": ""training_target_mean""}",False,,0.0
20260721,training_period_mean,baseline,fixed_training_only,O3,185.0,49.98026290708433,0.27016358328153695,-0.11424614077875539,57.32584765836353,0.30986944680196504,-0.035382354826414275,10.597257133333716,"{""estimator"": ""training_target_mean""}",False,,0.0
20260721,training_period_mean,baseline,fixed_training_only,SO2,67.0,15.962105822446182,0.2382403854096445,-0.1305695190161007,15.784931727874834,0.23559599593843036,-0.43542419579497116,8.693784199999179,"{""estimator"": ""training_target_mean""}",False,,0.0
20260721,training_period_mean,baseline,fixed_training_only,NO2,107.0,36.07810724144191,0.33717857234992443,-2.690768407198618e-06,36.013003822921355,0.3365701291861809,-4.3702518669475054e-05,0.2380691333336224,"{""estimator"": ""training_target_mean""}",False,,0.0
20260721,training_period_mean,baseline,fixed_training_only,PM2.5,219.04999999999927,92.60106874502529,0.4227394144945245,-0.0013822004180681358,85.87251108149653,0.39202241991096465,-0.003274785728855978,-4.906091666666413,"{""estimator"": ""training_target_mean""}",False,,0.0
20260721,training_period_mean,baseline,fixed_training_only,PM10,264.0,99.65625197173638,0.37748580292324385,-0.004255238615838541,95.33853559266711,0.3611308166388906,-0.009115002006937933,9.06100833333436,"{""estimator"": ""training_target_mean""}",False,,0.0
20260721,ridge_validation_selected,confirmatory_reference,validation_selected_per_noise_seed,CO,3000.0,1343.3593653689366,0.4477864551229789,-0.010194196138537226,1349.0528600892867,0.4496842866964289,-0.015699146257396546,-167.72218297716594,"{""alpha"": 100000000.0, ""alpha_grid"": [0.01, 0.1, 1.0, 10.0, 100.0, 1000.0, 10000.0, 100000.0, 1000000.0, 10000000.0, 100000000.0]}",False,exploratory_pca_knn_component,0.9123424999997951
20260721,ridge_validation_selected,confirmatory_reference,validation_selected_per_noise_seed,O3,185.0,49.98026647587006,0.2701636025722706,-0.11424629990180257,57.3258377807961,0.30986939340970865,-0.03538199802198627,10.597246712974718,"{""alpha"": 100000000.0, ""alpha_grid"": [0.01, 0.1, 1.0, 10.0, 100.0, 1000.0, 10000.0, 100000.0, 1000000.0, 10000000.0, 100000000.0]}",False,exploratory_pca_knn_component,0.9123424999997951
20260721,ridge_validation_selected,confirmatory_reference,validation_selected_per_noise_seed,SO2,67.0,15.962094911201516,0.23824022255524652,-0.13056797336585202,15.784925000887947,0.235595895535641,-0.43542297233986194,8.693770754091409,"{""alpha"": 100000000.0, ""alpha_grid"": [0.01, 0.1, 1.0, 10.0, 100.0, 1000.0, 10000.0, 100000.0, 1000000.0, 10000000.0, 100000000.0]}",False,exploratory_targetwise_ridge_component,0.9123424999997951
20260721,ridge_validation_selected,confirmatory_reference,validation_selected_per_noise_seed,NO2,107.0,36.078115545979394,0.33717864996242425,-3.1511340645717922e-06,36.013008539590025,0.3365701732671965,-4.396447266419301e-05,0.23806954669554584,"{""alpha"": 100000000.0, ""alpha_grid"": [0.01, 0.1, 1.0, 10.0, 100.0, 1000.0, 10000.0, 100000.0, 1000000.0, 10000000.0, 100000000.0]}",False,exploratory_pca_knn_component,0.9123424999997951
20260721,ridge_validation_selected,confirmatory_reference,validation_selected_per_noise_seed,PM2.5,219.04999999999927,92.60108906358988,0.42273950725218074,-0.0013826398655050198,85.872485916153,0.39202230502694946,-0.003274197700146475,-4.90610976797231,"{""alpha"": 100000000.0, ""alpha_grid"": [0.01, 0.1, 1.0, 10.0, 100.0, 1000.0, 10000.0, 100000.0, 1000000.0, 10000000.0, 100000000.0]}",False,exploratory_pca_knn_component,0.9123424999997951
20260721,ridge_validation_selected,confirmatory_reference,validation_selected_per_noise_seed,PM10,264.0,99.65627324436304,0.37748588350137513,-0.0042556673525935285,95.33851829086794,0.3611307511017725,-0.009114635743634025,9.06097393817782,"{""alpha"": 100000000.0, ""alpha_grid"": [0.01, 0.1, 1.0, 10.0, 100.0, 1000.0, 10000.0, 100000.0, 1000000.0, 10000000.0, 100000000.0]}",False,exploratory_pca_knn_component,0.9123424999997951
20260721,multitask_elastic_net_frozen,confirmatory_candidate,frozen_before_noise_seed_stability_study,CO,3000.0,1344.2689484406637,0.44808964948022123,-0.011562655897412677,1349.8161999844294,0.44993873332814316,-0.0168489055514478,-168.77114169071808,"{""alpha"": 0.01, ""fit_intercept"": true, ""l1_ratio"": 0.8, ""max_iter"": 5000, ""random_state"": 20260715, ""selection"": ""cyclic"", ""tol"": 1e-05}",False,exploratory_pca_knn_component,1.4355278000002727
20260721,multitask_elastic_net_frozen,confirmatory_candidate,frozen_before_noise_seed_stability_study,O3,185.0,50.00186488299412,0.2702803507188871,-0.11520952586405131,57.34628043157858,0.3099798942247491,-0.036120573413759294,10.619078262955982,"{""alpha"": 0.01, ""fit_intercept"": true, ""l1_ratio"": 0.8, ""max_iter"": 5000, ""random_state"": 20260715, ""selection"": ""cyclic"", ""tol"": 1e-05}",False,exploratory_pca_knn_component,1.4355278000002727
20260721,multitask_elastic_net_frozen,confirmatory_candidate,frozen_before_noise_seed_stability_study,SO2,67.0,15.964161705052392,0.23827107022466257,-0.13086076729105112,15.80122682431953,0.2358392063331273,-0.4383893589374077,8.664797031657283,"{""alpha"": 0.01, ""fit_intercept"": true, ""l1_ratio"": 0.8, ""max_iter"": 5000, ""random_state"": 20260715, ""selection"": ""cyclic"", ""tol"": 1e-05}",False,exploratory_targetwise_ridge_component,1.4355278000002727
20260721,multitask_elastic_net_frozen,confirmatory_candidate,frozen_before_noise_seed_stability_study,NO2,107.0,36.11248484129898,0.337499858329897,-0.0019093357481596573,36.06165904069814,0.33702485084764616,-0.0027477376234399387,0.2095571730276051,"{""alpha"": 0.01, ""fit_intercept"": true, ""l1_ratio"": 0.8, ""max_iter"": 5000, ""random_state"": 20260715, ""selection"": ""cyclic"", ""tol"": 1e-05}",False,exploratory_pca_knn_component,1.4355278000002727
20260721,multitask_elastic_net_frozen,confirmatory_candidate,frozen_before_noise_seed_stability_study,PM2.5,219.04999999999927,92.69499464923334,0.4231682020051753,-0.0034146484361166074,85.95615983799082,0.39240429051810594,-0.005230325677646919,-4.9759524758503995,"{""alpha"": 0.01, ""fit_intercept"": true, ""l1_ratio"": 0.8, ""max_iter"": 5000, ""random_state"": 20260715, ""selection"": ""cyclic"", ""tol"": 1e-05}",False,exploratory_pca_knn_component,1.4355278000002727
20260721,multitask_elastic_net_frozen,confirmatory_candidate,frozen_before_noise_seed_stability_study,PM10,264.0,99.747040057704,0.3778296971882727,-0.006085850135813642,95.47250637247467,0.3616382817139192,-0.011953034068104884,8.990412388239902,"{""alpha"": 0.01, ""fit_intercept"": true, ""l1_ratio"": 0.8, ""max_iter"": 5000, ""random_state"": 20260715, ""selection"": ""cyclic"", ""tol"": 1e-05}",False,exploratory_pca_knn_component,1.4355278000002727
20260721,histogram_gradient_boosting_frozen,confirmatory_candidate,frozen_before_noise_seed_stability_study,CO,3000.0,1344.2633171251605,0.4480877723750535,-0.011554180783051704,1349.1997119742407,0.4497332373247469,-0.015920287262153998,-167.9976317799439,"{""early_stopping"": true, ""fitted_iterations"": 18, ""l2_regularization"": 10.0, ""learning_rate"": 0.05, ""max_iter"": 100, ""max_leaf_nodes"": 7, ""min_samples_leaf"": 100, ""n_iter_no_change"": 10, ""random_state"": 20260715, ""validation_fraction"": 0.1}",False,exploratory_pca_knn_component,1.8248815000006289
20260721,histogram_gradient_boosting_frozen,confirmatory_candidate,frozen_before_noise_seed_stability_study,O3,185.0,49.995872096731055,0.2702479572796273,-0.11494222336055548,57.3908447707952,0.3102207825448389,-0.03773155740412215,10.487489046717803,"{""early_stopping"": true, ""fitted_iterations"": 26, ""l2_regularization"": 10.0, ""learning_rate"": 0.05, ""max_iter"": 100, ""max_leaf_nodes"": 7, ""min_samples_leaf"": 100, ""n_iter_no_change"": 10, ""random_state"": 20260716, ""validation_fraction"": 0.1}",False,exploratory_pca_knn_component,1.8248815000006289
20260721,histogram_gradient_boosting_frozen,confirmatory_candidate,frozen_before_noise_seed_stability_study,SO2,67.0,15.979409426402333,0.2384986481552587,-0.13302201882329157,15.788561525054188,0.23565017201573416,-0.43608443276648323,8.669368225476685,"{""early_stopping"": true, ""fitted_iterations"": 48, ""l2_regularization"": 10.0, ""learning_rate"": 0.05, ""max_iter"": 100, ""max_leaf_nodes"": 7, ""min_samples_leaf"": 100, ""n_iter_no_change"": 10, ""random_state"": 20260717, ""validation_fraction"": 0.1}",False,exploratory_targetwise_ridge_component,1.8248815000006289
20260721,histogram_gradient_boosting_frozen,confirmatory_candidate,frozen_before_noise_seed_stability_study,NO2,107.0,36.08684379736108,0.3372602224052437,-0.0004870641408472043,36.02128569819058,0.3366475298896316,-0.0005037135512264701,0.22362946598591885,"{""early_stopping"": true, ""fitted_iterations"": 13, ""l2_regularization"": 10.0, ""learning_rate"": 0.05, ""max_iter"": 100, ""max_leaf_nodes"": 7, ""min_samples_leaf"": 100, ""n_iter_no_change"": 10, ""random_state"": 20260718, ""validation_fraction"": 0.1}",False,exploratory_pca_knn_component,1.8248815000006289
20260721,histogram_gradient_boosting_frozen,confirmatory_candidate,frozen_before_noise_seed_stability_study,PM2.5,219.04999999999927,92.66364540630518,0.4230250874517484,-0.0027360579584625455,85.9653857796359,0.39244640848955115,-0.005446126245196359,-5.104946663301909,"{""early_stopping"": true, ""fitted_iterations"": 28, ""l2_regularization"": 10.0, ""learning_rate"": 0.05, ""max_iter"": 100, ""max_leaf_nodes"": 7, ""min_samples_leaf"": 100, ""n_iter_no_change"": 10, ""random_state"": 20260719, ""validation_fraction"": 0.1}",False,exploratory_pca_knn_component,1.8248815000006289
20260721,histogram_gradient_boosting_frozen,confirmatory_candidate,frozen_before_noise_seed_stability_study,PM10,264.0,99.71440471144408,0.3777060784524397,-0.005427613285039268,95.41183050361404,0.3614084488773259,-0.010667184964157306,9.140471716749026,"{""early_stopping"": true, ""fitted_iterations"": 12, ""l2_regularization"": 10.0, ""learning_rate"": 0.05, ""max_iter"": 100, ""max_leaf_nodes"": 7, ""min_samples_leaf"": 100, ""n_iter_no_change"": 10, ""random_state"": 20260720, ""validation_fraction"": 0.1}",False,exploratory_pca_knn_component,1.8248815000006289
20260721,exploratory_pca_knn_component,exploratory_component,frozen_before_noise_seed_stability_study,CO,3000.0,1342.1779671491338,0.44739265571637793,-0.008418175695870111,1349.500482294218,0.44983349409807266,-0.016373285770068913,-155.34675250000936,"{""n_neighbors"": 200, ""p"": 2, ""pca_components"": 32, ""pca_solver"": ""randomized"", ""random_state"": 20260715, ""weights"": ""uniform""}",True,exploratory_pca_knn_component,0.6667349999988801
20260721,exploratory_pca_knn_component,exploratory_component,frozen_before_noise_seed_stability_study,O3,185.0,49.79249854678828,0.2691486407934502,-0.1058899331874319,57.16727666890173,0.3090123063183877,-0.02966226390773552,9.524245163249994,"{""n_neighbors"": 200, ""p"": 2, ""pca_components"": 32, ""pca_solver"": ""randomized"", ""random_state"": 20260715, ""weights"": ""uniform""}",True,exploratory_pca_knn_component,0.6667349999988801
20260721,exploratory_pca_knn_component,exploratory_component,frozen_before_noise_seed_stability_study,SO2,67.0,16.142994290930964,0.24094021329747708,-0.15633877094289117,16.127652366661238,0.2407112293531528,-0.49843239647601423,9.094593687000046,"{""n_neighbors"": 200, ""p"": 2, ""pca_components"": 32, ""pca_solver"": ""randomized"", ""random_state"": 20260715, ""weights"": ""uniform""}",False,exploratory_targetwise_ridge_component,0.6667349999988801
20260721,exploratory_pca_knn_component,exploratory_component,frozen_before_noise_seed_stability_study,NO2,107.0,36.07309185707692,0.3371316995988497,0.0002753198943948876,36.07723890160794,0.33717045702437326,-0.00361436691656869,0.4077838210000006,"{""n_neighbors"": 200, ""p"": 2, ""pca_components"": 32, ""pca_solver"": ""randomized"", ""random_state"": 20260715, ""weights"": ""uniform""}",True,exploratory_pca_knn_component,0.6667349999988801
20260721,exploratory_pca_knn_component,exploratory_component,frozen_before_noise_seed_stability_study,PM2.5,219.04999999999927,92.58003036288662,0.4226433707504539,-0.0009272365934127613,85.88175735919313,0.3920646307198969,-0.003490851535765227,-4.635192874999993,"{""n_neighbors"": 200, ""p"": 2, ""pca_components"": 32, ""pca_solver"": ""randomized"", ""random_state"": 20260715, ""weights"": ""uniform""}",True,exploratory_pca_knn_component,0.6667349999988801
20260721,exploratory_pca_knn_component,exploratory_component,frozen_before_noise_seed_stability_study,PM10,264.0,99.62628259786173,0.3773722825676581,-0.003651315136204092,95.31611785708971,0.36104590097382466,-0.00864049474742723,8.128699750000004,"{""n_neighbors"": 200, ""p"": 2, ""pca_components"": 32, ""pca_solver"": ""randomized"", ""random_state"": 20260715, ""weights"": ""uniform""}",True,exploratory_pca_knn_component,0.6667349999988801
20260721,exploratory_targetwise_ridge_component,exploratory_component,validation_selected_per_target_per_noise_seed,CO,3000.0,1343.3592372775165,0.44778641242583883,-0.010194003491347692,1349.0530870885507,0.44968436236285025,-0.01569948807199073,-167.72166671830308,"{""alpha"": 1000000000000.0, ""alpha_grid"": [0.01, 0.03162277660168379, 0.1, 0.31622776601683794, 1.0, 3.1622776601683795, 10.0, 31.622776601683793, 100.0, 316.22776601683796, 1000.0, 3162.2776601683795, 10000.0, 31622.776601683792, 100000.0, 316227.7660168379, 1000000.0, 3162277.6601683795, 10000000.0, 31622776.60168379, 100000000.0, 316227766.01683795, 1000000000.0, 3162277660.1683793, 10000000000.0, 31622776601.683792, 100000000000.0, 316227766016.83795, 1000000000000.0]}",False,exploratory_pca_knn_component,2.2874374000020907
20260721,exploratory_targetwise_ridge_component,exploratory_component,validation_selected_per_target_per_noise_seed,O3,185.0,49.98026290744018,0.2701635832834604,-0.11424614079462159,57.325847657375256,0.309869446796623,-0.035382354790715276,10.597257132291126,"{""alpha"": 1000000000000.0, ""alpha_grid"": [0.01, 0.03162277660168379, 0.1, 0.31622776601683794, 1.0, 3.1622776601683795, 10.0, 31.622776601683793, 100.0, 316.22776601683796, 1000.0, 3162.2776601683795, 10000.0, 31622.776601683792, 100000.0, 316227.7660168379, 1000000.0, 3162277.6601683795, 10000000.0, 31622776.60168379, 100000000.0, 316227766.01683795, 1000000000.0, 3162277660.1683793, 10000000000.0, 31622776601.683792, 100000000000.0, 316227766016.83795, 1000000000000.0]}",False,exploratory_pca_knn_component,2.2874374000020907
20260721,exploratory_targetwise_ridge_component,exploratory_component,validation_selected_per_target_per_noise_seed,SO2,67.0,15.956863725974847,0.23816214516380368,-0.1298270629284468,15.783391396033014,0.23557300591094052,-0.4351440651292695,8.681873104150023,"{""alpha"": 100000.0, ""alpha_grid"": [0.01, 0.03162277660168379, 0.1, 0.31622776601683794, 1.0, 3.1622776601683795, 10.0, 31.622776601683793, 100.0, 316.22776601683796, 1000.0, 3162.2776601683795, 10000.0, 31622.776601683792, 100000.0, 316227.7660168379, 1000000.0, 3162277.6601683795, 10000000.0, 31622776.60168379, 100000000.0, 316227766.01683795, 1000000000.0, 3162277660.1683793, 10000000000.0, 31622776601.683792, 100000000000.0, 316227766016.83795, 1000000000000.0]}",True,exploratory_targetwise_ridge_component,2.2874374000020907
20260721,exploratory_targetwise_ridge_component,exploratory_component,validation_selected_per_target_per_noise_seed,NO2,107.0,36.07810724227195,0.3371785723576817,-2.690814420391874e-06,36.01300382339253,0.3365701291905844,-4.3702544837431745e-05,0.23806913337467725,"{""alpha"": 1000000000000.0, ""alpha_grid"": [0.01, 0.03162277660168379, 0.1, 0.31622776601683794, 1.0, 3.1622776601683795, 10.0, 31.622776601683793, 100.0, 316.22776601683796, 1000.0, 3162.2776601683795, 10000.0, 31622.776601683792, 100000.0, 316227.7660168379, 1000000.0, 3162277.6601683795, 10000000.0, 31622776.60168379, 100000000.0, 316227766.01683795, 1000000000.0, 3162277660.1683793, 10000000000.0, 31622776601.683792, 100000000000.0, 316227766016.83795, 1000000000000.0]}",False,exploratory_pca_knn_component,2.2874374000020907
20260721,exploratory_targetwise_ridge_component,exploratory_component,validation_selected_per_target_per_noise_seed,PM2.5,219.04999999999927,92.60106874705656,0.4227394145037976,-0.001382200462000105,85.87251107897862,0.39202241989947,-0.003274785670021041,-4.906091668477066,"{""alpha"": 1000000000000.0, ""alpha_grid"": [0.01, 0.03162277660168379, 0.1, 0.31622776601683794, 1.0, 3.1622776601683795, 10.0, 31.622776601683793, 100.0, 316.22776601683796, 1000.0, 3162.2776601683795, 10000.0, 31622.776601683792, 100000.0, 316227.7660168379, 1000000.0, 3162277.6601683795, 10000000.0, 31622776.60168379, 100000000.0, 316227766.01683795, 1000000000.0, 3162277660.1683793, 10000000000.0, 31622776601.683792, 100000000000.0, 316227766016.83795, 1000000000000.0]}",False,exploratory_pca_knn_component,2.2874374000020907
20260721,exploratory_targetwise_ridge_component,exploratory_component,validation_selected_per_target_per_noise_seed,PM10,264.0,99.65625197386258,0.37748580293129763,-0.00425523865869093,95.33853559093542,0.36113081663233115,-0.009115001970279701,9.061008329893443,"{""alpha"": 1000000000000.0, ""alpha_grid"": [0.01, 0.03162277660168379, 0.1, 0.31622776601683794, 1.0, 3.1622776601683795, 10.0, 31.622776601683793, 100.0, 316.22776601683796, 1000.0, 3162.2776601683795, 10000.0, 31622.776601683792, 100000.0, 316227.7660168379, 1000000.0, 3162277.6601683795, 10000000.0, 31622776.60168379, 100000000.0, 316227766.01683795, 1000000000.0, 3162277660.1683793, 10000000000.0, 31622776601.683792, 100000000000.0, 316227766016.83795, 1000000000000.0]}",False,exploratory_pca_knn_component,2.2874374000020907
20260721,exploratory_validation_selected_composite,exploratory_composite_not_confirmatory,validation_selected_per_target_from_predeclared_components,CO,3000.0,1342.1779671491338,0.44739265571637793,-0.008418175695870111,1349.500482294218,0.44983349409807266,-0.016373285770068913,-155.34675250000936,"{""candidate_order"": [""histogram_gradient_boosting_frozen"", ""exploratory_pca_knn_component"", ""exploratory_targetwise_ridge_component"", ""multitask_elastic_net_frozen""], ""exploratory_only"": true, ""selected_component"": ""exploratory_pca_knn_component""}",False,exploratory_pca_knn_component,0.0
20260721,exploratory_validation_selected_composite,exploratory_composite_not_confirmatory,validation_selected_per_target_from_predeclared_components,O3,185.0,49.79249854678828,0.2691486407934502,-0.1058899331874319,57.16727666890173,0.3090123063183877,-0.02966226390773552,9.524245163249994,"{""candidate_order"": [""histogram_gradient_boosting_frozen"", ""exploratory_pca_knn_component"", ""exploratory_targetwise_ridge_component"", ""multitask_elastic_net_frozen""], ""exploratory_only"": true, ""selected_component"": ""exploratory_pca_knn_component""}",False,exploratory_pca_knn_component,0.0
20260721,exploratory_validation_selected_composite,exploratory_composite_not_confirmatory,validation_selected_per_target_from_predeclared_components,SO2,67.0,15.956863725974847,0.23816214516380368,-0.1298270629284468,15.783391396033014,0.23557300591094052,-0.4351440651292695,8.681873104150023,"{""candidate_order"": [""histogram_gradient_boosting_frozen"", ""exploratory_pca_knn_component"", ""exploratory_targetwise_ridge_component"", ""multitask_elastic_net_frozen""], ""exploratory_only"": true, ""selected_component"": ""exploratory_targetwise_ridge_component""}",False,exploratory_targetwise_ridge_component,0.0
20260721,exploratory_validation_selected_composite,exploratory_composite_not_confirmatory,validation_selected_per_target_from_predeclared_components,NO2,107.0,36.07309185707692,0.3371316995988497,0.0002753198943948876,36.07723890160794,0.33717045702437326,-0.00361436691656869,0.4077838210000006,"{""candidate_order"": [""histogram_gradient_boosting_frozen"", ""exploratory_pca_knn_component"", ""exploratory_targetwise_ridge_component"", ""multitask_elastic_net_frozen""], ""exploratory_only"": true, ""selected_component"": ""exploratory_pca_knn_component""}",False,exploratory_pca_knn_component,0.0
20260721,exploratory_validation_selected_composite,exploratory_composite_not_confirmatory,validation_selected_per_target_from_predeclared_components,PM2.5,219.04999999999927,92.58003036288662,0.4226433707504539,-0.0009272365934127613,85.88175735919313,0.3920646307198969,-0.003490851535765227,-4.635192874999993,"{""candidate_order"": [""histogram_gradient_boosting_frozen"", ""exploratory_pca_knn_component"", ""exploratory_targetwise_ridge_component"", ""multitask_elastic_net_frozen""], ""exploratory_only"": true, ""selected_component"": ""exploratory_pca_knn_component""}",False,exploratory_pca_knn_component,0.0
20260721,exploratory_validation_selected_composite,exploratory_composite_not_confirmatory,validation_selected_per_target_from_predeclared_components,PM10,264.0,99.62628259786173,0.3773722825676581,-0.003651315136204092,95.31611785708971,0.36104590097382466,-0.00864049474742723,8.128699750000004,"{""candidate_order"": [""histogram_gradient_boosting_frozen"", ""exploratory_pca_knn_component"", ""exploratory_targetwise_ridge_component"", ""multitask_elastic_net_frozen""], ""exploratory_only"": true, ""selected_component"": ""exploratory_pca_knn_component""}",False,exploratory_pca_knn_component,0.0
20260722,training_period_mean,baseline,fixed_training_only,CO,3000.0,1343.359237264699,0.44778641242156636,-0.010194003472070445,1349.053087111262,0.44968436237042064,-0.015699488106189374,-167.72166666665717,"{""estimator"": ""training_target_mean""}",False,,0.0
20260722,training_period_mean,baseline,fixed_training_only,O3,185.0,49.98026290708433,0.27016358328153695,-0.11424614077875539,57.32584765836353,0.30986944680196504,-0.035382354826414275,10.597257133333716,"{""estimator"": ""training_target_mean""}",False,,0.0
20260722,training_period_mean,baseline,fixed_training_only,SO2,67.0,15.962105822446182,0.2382403854096445,-0.1305695190161007,15.784931727874834,0.23559599593843036,-0.43542419579497116,8.693784199999179,"{""estimator"": ""training_target_mean""}",False,,0.0
20260722,training_period_mean,baseline,fixed_training_only,NO2,107.0,36.07810724144191,0.33717857234992443,-2.690768407198618e-06,36.013003822921355,0.3365701291861809,-4.3702518669475054e-05,0.2380691333336224,"{""estimator"": ""training_target_mean""}",False,,0.0
20260722,training_period_mean,baseline,fixed_training_only,PM2.5,219.04999999999927,92.60106874502529,0.4227394144945245,-0.0013822004180681358,85.87251108149653,0.39202241991096465,-0.003274785728855978,-4.906091666666413,"{""estimator"": ""training_target_mean""}",False,,0.0
20260722,training_period_mean,baseline,fixed_training_only,PM10,264.0,99.65625197173638,0.37748580292324385,-0.004255238615838541,95.33853559266711,0.3611308166388906,-0.009115002006937933,9.06100833333436,"{""estimator"": ""training_target_mean""}",False,,0.0
20260722,ridge_validation_selected,confirmatory_reference,validation_selected_per_noise_seed,CO,3000.0,1343.3341000549594,0.44777803335165317,-0.010156197916780796,1349.0685525391832,0.4496895175130611,-0.01572277602185701,-167.7282385498595,"{""alpha"": 1000000.0, ""alpha_grid"": [0.01, 0.1, 1.0, 10.0, 100.0, 1000.0, 10000.0, 100000.0, 1000000.0, 10000000.0, 100000000.0]}",False,exploratory_targetwise_ridge_component,0.3662866999984544
20260722,ridge_validation_selected,confirmatory_reference,validation_selected_per_noise_seed,O3,185.0,49.979295331301756,0.2701583531421717,-0.11420299946323542,57.32604548585126,0.30987051613973654,-0.03538950090281401,10.5997785478049,"{""alpha"": 1000000.0, ""alpha_grid"": [0.01, 0.1, 1.0, 10.0, 100.0, 1000.0, 10000.0, 100000.0, 1000000.0, 10000000.0, 100000000.0]}",False,exploratory_targetwise_ridge_component,0.3662866999984544
20260722,ridge_validation_selected,confirmatory_reference,validation_selected_per_noise_seed,SO2,67.0,15.961789168826872,0.23823565923622197,-0.13052466335819446,15.784580047072536,0.2355907469712319,-0.43536023536510804,8.693849136562156,"{""alpha"": 1000000.0, ""alpha_grid"": [0.01, 0.1, 1.0, 10.0, 100.0, 1000.0, 10000.0, 100000.0, 1000000.0, 10000000.0, 100000000.0]}",False,multitask_elastic_net_frozen,0.3662866999984544
20260722,ridge_validation_selected,confirmatory_reference,validation_selected_per_noise_seed,NO2,107.0,36.07804389817428,0.33717798035676894,8.20689776803718e-07,36.01182965504032,0.33655915565458244,2.150726270722103e-05,0.23707166775054106,"{""alpha"": 1000000.0, ""alpha_grid"": [0.01, 0.1, 1.0, 10.0, 100.0, 1000.0, 10000.0, 100000.0, 1000000.0, 10000000.0, 100000000.0]}",False,histogram_gradient_boosting_frozen,0.3662866999984544
20260722,ridge_validation_selected,confirmatory_reference,validation_selected_per_noise_seed,PM2.5,219.04999999999927,92.60014338232453,0.42273519005854754,-0.001362186888633543,85.87393412488444,0.39202891634277437,-0.0033080377058101185,-4.908368574158291,"{""alpha"": 1000000.0, ""alpha_grid"": [0.01, 0.1, 1.0, 10.0, 100.0, 1000.0, 10000.0, 100000.0, 1000000.0, 10000000.0, 100000000.0]}",False,multitask_elastic_net_frozen,0.3662866999984544
20260722,ridge_validation_selected,confirmatory_reference,validation_selected_per_noise_seed,PM10,264.0,99.65969842198801,0.3774988576590455,-0.004324700902446743,95.3399390590652,0.3611361327994894,-0.009144712331574656,9.059222711945095,"{""alpha"": 1000000.0, ""alpha_grid"": [0.01, 0.1, 1.0, 10.0, 100.0, 1000.0, 10000.0, 100000.0, 1000000.0, 10000000.0, 100000000.0]}",False,exploratory_targetwise_ridge_component,0.3662866999984544
20260722,multitask_elastic_net_frozen,confirmatory_candidate,frozen_before_noise_seed_stability_study,CO,3000.0,1343.2549285472417,0.44775164284908053,-0.010037131137380584,1350.4127587136434,0.45013758623788114,-0.017747908153796566,-167.22746024568605,"{""alpha"": 0.01, ""fit_intercept"": true, ""l1_ratio"": 0.8, ""max_iter"": 5000, ""random_state"": 20260715, ""selection"": ""cyclic"", ""tol"": 1e-05}",False,exploratory_targetwise_ridge_component,1.2805470999992394
20260722,multitask_elastic_net_frozen,confirmatory_candidate,frozen_before_noise_seed_stability_study,O3,185.0,50.012790809038265,0.2703394097785852,-0.11569694880610126,57.363813371675384,0.310074666873921,-0.036754233238438516,10.576979297343142,"{""alpha"": 0.01, ""fit_intercept"": true, ""l1_ratio"": 0.8, ""max_iter"": 5000, ""random_state"": 20260715, ""selection"": ""cyclic"", ""tol"": 1e-05}",False,exploratory_targetwise_ridge_component,1.2805470999992394
20260722,multitask_elastic_net_frozen,confirmatory_candidate,frozen_before_noise_seed_stability_study,SO2,67.0,15.958982259722086,0.2381937650704789,-0.1301270887600423,15.816739679697191,0.23607074148801777,-0.44121502298273274,8.699914326300226,"{""alpha"": 0.01, ""fit_intercept"": true, ""l1_ratio"": 0.8, ""max_iter"": 5000, ""random_state"": 20260715, ""selection"": ""cyclic"", ""tol"": 1e-05}",True,multitask_elastic_net_frozen,1.2805470999992394
20260722,multitask_elastic_net_frozen,confirmatory_candidate,frozen_before_noise_seed_stability_study,NO2,107.0,36.085405299430505,0.33724677849935053,-0.00040730266906785495,36.05537104344149,0.33696608451814475,-0.0023980739933078254,0.25109689726985734,"{""alpha"": 0.01, ""fit_intercept"": true, ""l1_ratio"": 0.8, ""max_iter"": 5000, ""random_state"": 20260715, ""selection"": ""cyclic"", ""tol"": 1e-05}",False,histogram_gradient_boosting_frozen,1.2805470999992394
20260722,multitask_elastic_net_frozen,confirmatory_candidate,frozen_before_noise_seed_stability_study,PM2.5,219.04999999999927,92.57813098184259,0.4226346997573289,-0.0008861667706836496,85.95770204317371,0.39241133094350145,-0.005266397212915219,-4.897993639291666,"{""alpha"": 0.01, ""fit_intercept"": true, ""l1_ratio"": 0.8, ""max_iter"": 5000, ""random_state"": 20260715, ""selection"": ""cyclic"", ""tol"": 1e-05}",True,multitask_elastic_net_frozen,1.2805470999992394
20260722,multitask_elastic_net_frozen,confirmatory_candidate,frozen_before_noise_seed_stability_study,PM10,264.0,99.70936126122292,0.37768697447432925,-0.0053259089045185615,95.47557072261128,0.3616498891008003,-0.012017995768631273,9.039076394890353,"{""alpha"": 0.01, ""fit_intercept"": true, ""l1_ratio"": 0.8, ""max_iter"": 5000, ""random_state"": 20260715, ""selection"": ""cyclic"", ""tol"": 1e-05}",False,exploratory_targetwise_ridge_component,1.2805470999992394
20260722,histogram_gradient_boosting_frozen,confirmatory_candidate,frozen_before_noise_seed_stability_study,CO,3000.0,1343.3416376717646,0.4477805458905882,-0.010167534175861803,1349.3662286361453,0.44978874287871506,-0.0161710701414155,-166.9828759557841,"{""early_stopping"": true, ""fitted_iterations"": 14, ""l2_regularization"": 10.0, ""learning_rate"": 0.05, ""max_iter"": 100, ""max_leaf_nodes"": 7, ""min_samples_leaf"": 100, ""n_iter_no_change"": 10, ""random_state"": 20260715, ""validation_fraction"": 0.1}",False,exploratory_targetwise_ridge_component,2.0607151000003796
20260722,histogram_gradient_boosting_frozen,confirmatory_candidate,frozen_before_noise_seed_stability_study,O3,185.0,49.997161465701616,0.2702549268416304,-0.1149997317260909,57.354716843484894,0.3100254964512697,-0.0364254504814947,10.471084699451339,"{""early_stopping"": true, ""fitted_iterations"": 12, ""l2_regularization"": 10.0, ""learning_rate"": 0.05, ""max_iter"": 100, ""max_leaf_nodes"": 7, ""min_samples_leaf"": 100, ""n_iter_no_change"": 10, ""random_state"": 20260716, ""validation_fraction"": 0.1}",False,exploratory_targetwise_ridge_component,2.0607151000003796
20260722,histogram_gradient_boosting_frozen,confirmatory_candidate,frozen_before_noise_seed_stability_study,SO2,67.0,15.994577159927339,0.23872503223772146,-0.1351739797402629,15.794540481181667,0.23573941016689054,-0.4371722977466661,8.68678295743198,"{""early_stopping"": true, ""fitted_iterations"": 23, ""l2_regularization"": 10.0, ""learning_rate"": 0.05, ""max_iter"": 100, ""max_leaf_nodes"": 7, ""min_samples_leaf"": 100, ""n_iter_no_change"": 10, ""random_state"": 20260717, ""validation_fraction"": 0.1}",False,multitask_elastic_net_frozen,2.0607151000003796
20260722,histogram_gradient_boosting_frozen,confirmatory_candidate,frozen_before_noise_seed_stability_study,NO2,107.0,36.07340665628551,0.33713464164752815,0.0002578712147776052,36.0308600879408,0.33673701016767105,-0.0010356482327731342,0.20235556239460784,"{""early_stopping"": true, ""fitted_iterations"": 23, ""l2_regularization"": 10.0, ""learning_rate"": 0.05, ""max_iter"": 100, ""max_leaf_nodes"": 7, ""min_samples_leaf"": 100, ""n_iter_no_change"": 10, ""random_state"": 20260718, ""validation_fraction"": 0.1}",True,histogram_gradient_boosting_frozen,2.0607151000003796
20260722,histogram_gradient_boosting_frozen,confirmatory_candidate,frozen_before_noise_seed_stability_study,PM2.5,219.04999999999927,92.63718751595121,0.4229043027434445,-0.002163525051621207,85.87045939175647,0.3920130536030895,-0.0032268452652925994,-5.023617032584878,"{""early_stopping"": true, ""fitted_iterations"": 20, ""l2_regularization"": 10.0, ""learning_rate"": 0.05, ""max_iter"": 100, ""max_leaf_nodes"": 7, ""min_samples_leaf"": 100, ""n_iter_no_change"": 10, ""random_state"": 20260719, ""validation_fraction"": 0.1}",False,multitask_elastic_net_frozen,2.0607151000003796
20260722,histogram_gradient_boosting_frozen,confirmatory_candidate,frozen_before_noise_seed_stability_study,PM10,264.0,99.72039696995212,0.3777287764013338,-0.005548457674867002,95.39928831123508,0.36136094057286017,-0.010401491516108585,9.109252343120122,"{""early_stopping"": true, ""fitted_iterations"": 27, ""l2_regularization"": 10.0, ""learning_rate"": 0.05, ""max_iter"": 100, ""max_leaf_nodes"": 7, ""min_samples_leaf"": 100, ""n_iter_no_change"": 10, ""random_state"": 20260720, ""validation_fraction"": 0.1}",False,exploratory_targetwise_ridge_component,2.0607151000003796
20260722,exploratory_pca_knn_component,exploratory_component,frozen_before_noise_seed_stability_study,CO,3000.0,1346.2359803561703,0.4487453267853901,-0.014525205651110928,1353.281802055577,0.45109393401852566,-0.022077050736605708,-178.22308250000899,"{""n_neighbors"": 200, ""p"": 2, ""pca_components"": 32, ""pca_solver"": ""randomized"", ""random_state"": 20260715, ""weights"": ""uniform""}",False,exploratory_targetwise_ridge_component,1.4670267000001331
20260722,exploratory_pca_knn_component,exploratory_component,frozen_before_noise_seed_stability_study,O3,185.0,50.098526579811896,0.2708028463773616,-0.1195254545144373,57.50239421341215,0.31082375250493055,-0.04176951418638031,10.448794271500006,"{""n_neighbors"": 200, ""p"": 2, ""pca_components"": 32, ""pca_solver"": ""randomized"", ""random_state"": 20260715, ""weights"": ""uniform""}",False,exploratory_targetwise_ridge_component,1.4670267000001331
20260722,exploratory_pca_knn_component,exploratory_component,frozen_before_noise_seed_stability_study,SO2,67.0,15.97662357878868,0.23845706834012953,-0.13262699151562574,15.733891027369829,0.23483419443835565,-0.4261562931940668,8.415871927999975,"{""n_neighbors"": 200, ""p"": 2, ""pca_components"": 32, ""pca_solver"": ""randomized"", ""random_state"": 20260715, ""weights"": ""uniform""}",False,multitask_elastic_net_frozen,1.4670267000001331
20260722,exploratory_pca_knn_component,exploratory_component,frozen_before_noise_seed_stability_study,NO2,107.0,36.11845238389432,0.3375556297560217,-0.0022404916168239364,36.12398436514921,0.3376073305154132,-0.006216828404976615,-0.08203044712499931,"{""n_neighbors"": 200, ""p"": 2, ""pca_components"": 32, ""pca_solver"": ""randomized"", ""random_state"": 20260715, ""weights"": ""uniform""}",False,histogram_gradient_boosting_frozen,1.4670267000001331
20260722,exploratory_pca_knn_component,exploratory_component,frozen_before_noise_seed_stability_study,PM2.5,219.04999999999927,92.73309942552676,0.4233421567017899,-0.004239779277197764,86.10284213560192,0.39307391981557727,-0.008664059891393627,-5.59482475000001,"{""n_neighbors"": 200, ""p"": 2, ""pca_components"": 32, ""pca_solver"": ""randomized"", ""random_state"": 20260715, ""weights"": ""uniform""}",False,multitask_elastic_net_frozen,1.4670267000001331
20260722,exploratory_pca_knn_component,exploratory_component,frozen_before_noise_seed_stability_study,PM10,264.0,99.67643671760095,0.377562260293943,-0.004662090955122711,95.49401017033215,0.36171973549368236,-0.012408940903881893,7.82395499999996,"{""n_neighbors"": 200, ""p"": 2, ""pca_components"": 32, ""pca_solver"": ""randomized"", ""random_state"": 20260715, ""weights"": ""uniform""}",False,exploratory_targetwise_ridge_component,1.4670267000001331
20260722,exploratory_targetwise_ridge_component,exploratory_component,validation_selected_per_target_per_noise_seed,CO,3000.0,1343.22996883611,0.44774332294537,-0.00999959544662321,1349.2800691624875,0.4497600230541625,-0.016041305563808006,-167.78658278579417,"{""alpha"": 100000.0, ""alpha_grid"": [0.01, 0.03162277660168379, 0.1, 0.31622776601683794, 1.0, 3.1622776601683795, 10.0, 31.622776601683793, 100.0, 316.22776601683796, 1000.0, 3162.2776601683795, 10000.0, 31622.776601683792, 100000.0, 316227.7660168379, 1000000.0, 3162277.6601683795, 10000000.0, 31622776.60168379, 100000000.0, 316227766.01683795, 1000000000.0, 3162277660.1683793, 10000000000.0, 31622776601.683792, 100000000000.0, 316227766016.83795, 1000000000000.0]}",True,exploratory_targetwise_ridge_component,6.854456400000345
20260722,exploratory_targetwise_ridge_component,exploratory_component,validation_selected_per_target_per_noise_seed,O3,185.0,49.97802009160257,0.2701514599546085,-0.11414614160794301,57.327101545085995,0.30987622456803243,-0.03542764910251295,10.60505691988257,"{""alpha"": 316227.7660168379, ""alpha_grid"": [0.01, 0.03162277660168379, 0.1, 0.31622776601683794, 1.0, 3.1622776601683795, 10.0, 31.622776601683793, 100.0, 316.22776601683796, 1000.0, 3162.2776601683795, 10000.0, 31622.776601683792, 100000.0, 316227.7660168379, 1000000.0, 3162277.6601683795, 10000000.0, 31622776.60168379, 100000000.0, 316227766.01683795, 1000000000.0, 3162277660.1683793, 10000000000.0, 31622776601.683792, 100000000000.0, 316227766016.83795, 1000000000000.0]}",True,exploratory_targetwise_ridge_component,6.854456400000345
20260722,exploratory_targetwise_ridge_component,exploratory_component,validation_selected_per_target_per_noise_seed,SO2,67.0,15.961541615166034,0.2382319644054632,-0.13048959669419036,15.784246895156853,0.2355857745545799,-0.4352996461110039,8.693966445817505,"{""alpha"": 316227.7660168379, ""alpha_grid"": [0.01, 0.03162277660168379, 0.1, 0.31622776601683794, 1.0, 3.1622776601683795, 10.0, 31.622776601683793, 100.0, 316.22776601683796, 1000.0, 3162.2776601683795, 10000.0, 31622.776601683792, 100000.0, 316227.7660168379, 1000000.0, 3162277.6601683795, 10000000.0, 31622776.60168379, 100000000.0, 316227766.01683795, 1000000000.0, 3162277660.1683793, 10000000000.0, 31622776601.683792, 100000000000.0, 316227766016.83795, 1000000000000.0]}",False,multitask_elastic_net_frozen,6.854456400000345
20260722,exploratory_targetwise_ridge_component,exploratory_component,validation_selected_per_target_per_noise_seed,NO2,107.0,36.07804389817428,0.33717798035676894,8.20689776803718e-07,36.01182965504032,0.33655915565458244,2.150726270722103e-05,0.23707166775054106,"{""alpha"": 1000000.0, ""alpha_grid"": [0.01, 0.03162277660168379, 0.1, 0.31622776601683794, 1.0, 3.1622776601683795, 10.0, 31.622776601683793, 100.0, 316.22776601683796, 1000.0, 3162.2776601683795, 10000.0, 31622.776601683792, 100000.0, 316227.7660168379, 1000000.0, 3162277.6601683795, 10000000.0, 31622776.60168379, 100000000.0, 316227766.01683795, 1000000000.0, 3162277660.1683793, 10000000000.0, 31622776601.683792, 100000000000.0, 316227766016.83795, 1000000000000.0]}",False,histogram_gradient_boosting_frozen,6.854456400000345
20260722,exploratory_targetwise_ridge_component,exploratory_component,validation_selected_per_target_per_noise_seed,PM2.5,219.04999999999927,92.59876362112546,0.42272889121719137,-0.0013323461055014807,85.87747109252912,0.3920450631934691,-0.0033906877249174627,-4.913129099590552,"{""alpha"": 316227.7660168379, ""alpha_grid"": [0.01, 0.03162277660168379, 0.1, 0.31622776601683794, 1.0, 3.1622776601683795, 10.0, 31.622776601683793, 100.0, 316.22776601683796, 1000.0, 3162.2776601683795, 10000.0, 31622.776601683792, 100000.0, 316227.7660168379, 1000000.0, 3162277.6601683795, 10000000.0, 31622776.60168379, 100000000.0, 316227766.01683795, 1000000000.0, 3162277660.1683793, 10000000000.0, 31622776601.683792, 100000000000.0, 316227766016.83795, 1000000000000.0]}",False,multitask_elastic_net_frozen,6.854456400000345
20260722,exploratory_targetwise_ridge_component,exploratory_component,validation_selected_per_target_per_noise_seed,PM10,264.0,99.65625197509958,0.3774858029359833,-0.004255238683621876,95.33853559396015,0.36113081664378843,-0.009115002034310482,9.06100833153071,"{""alpha"": 1000000000000.0, ""alpha_grid"": [0.01, 0.03162277660168379, 0.1, 0.31622776601683794, 1.0, 3.1622776601683795, 10.0, 31.622776601683793, 100.0, 316.22776601683796, 1000.0, 3162.2776601683795, 10000.0, 31622.776601683792, 100000.0, 316227.7660168379, 1000000.0, 3162277.6601683795, 10000000.0, 31622776.60168379, 100000000.0, 316227766.01683795, 1000000000.0, 3162277660.1683793, 10000000000.0, 31622776601.683792, 100000000000.0, 316227766016.83795, 1000000000000.0]}",True,exploratory_targetwise_ridge_component,6.854456400000345
20260722,exploratory_validation_selected_composite,exploratory_composite_not_confirmatory,validation_selected_per_target_from_predeclared_components,CO,3000.0,1343.22996883611,0.44774332294537,-0.00999959544662321,1349.2800691624875,0.4497600230541625,-0.016041305563808006,-167.78658278579417,"{""candidate_order"": [""histogram_gradient_boosting_frozen"", ""exploratory_pca_knn_component"", ""exploratory_targetwise_ridge_component"", ""multitask_elastic_net_frozen""], ""exploratory_only"": true, ""selected_component"": ""exploratory_targetwise_ridge_component""}",False,exploratory_targetwise_ridge_component,0.0
20260722,exploratory_validation_selected_composite,exploratory_composite_not_confirmatory,validation_selected_per_target_from_predeclared_components,O3,185.0,49.97802009160257,0.2701514599546085,-0.11414614160794301,57.327101545085995,0.30987622456803243,-0.03542764910251295,10.60505691988257,"{""candidate_order"": [""histogram_gradient_boosting_frozen"", ""exploratory_pca_knn_component"", ""exploratory_targetwise_ridge_component"", ""multitask_elastic_net_frozen""], ""exploratory_only"": true, ""selected_component"": ""exploratory_targetwise_ridge_component""}",False,exploratory_targetwise_ridge_component,0.0
20260722,exploratory_validation_selected_composite,exploratory_composite_not_confirmatory,validation_selected_per_target_from_predeclared_components,SO2,67.0,15.958982259722086,0.2381937650704789,-0.1301270887600423,15.816739679697191,0.23607074148801777,-0.44121502298273274,8.699914326300226,"{""candidate_order"": [""histogram_gradient_boosting_frozen"", ""exploratory_pca_knn_component"", ""exploratory_targetwise_ridge_component"", ""multitask_elastic_net_frozen""], ""exploratory_only"": true, ""selected_component"": ""multitask_elastic_net_frozen""}",False,multitask_elastic_net_frozen,0.0
20260722,exploratory_validation_selected_composite,exploratory_composite_not_confirmatory,validation_selected_per_target_from_predeclared_components,NO2,107.0,36.07340665628551,0.33713464164752815,0.0002578712147776052,36.0308600879408,0.33673701016767105,-0.0010356482327731342,0.20235556239460784,"{""candidate_order"": [""histogram_gradient_boosting_frozen"", ""exploratory_pca_knn_component"", ""exploratory_targetwise_ridge_component"", ""multitask_elastic_net_frozen""], ""exploratory_only"": true, ""selected_component"": ""histogram_gradient_boosting_frozen""}",False,histogram_gradient_boosting_frozen,0.0
20260722,exploratory_validation_selected_composite,exploratory_composite_not_confirmatory,validation_selected_per_target_from_predeclared_components,PM2.5,219.04999999999927,92.57813098184259,0.4226346997573289,-0.0008861667706836496,85.95770204317371,0.39241133094350145,-0.005266397212915219,-4.897993639291666,"{""candidate_order"": [""histogram_gradient_boosting_frozen"", ""exploratory_pca_knn_component"", ""exploratory_targetwise_ridge_component"", ""multitask_elastic_net_frozen""], ""exploratory_only"": true, ""selected_component"": ""multitask_elastic_net_frozen""}",False,multitask_elastic_net_frozen,0.0
20260722,exploratory_validation_selected_composite,exploratory_composite_not_confirmatory,validation_selected_per_target_from_predeclared_components,PM10,264.0,99.65625197509958,0.3774858029359833,-0.004255238683621876,95.33853559396015,0.36113081664378843,-0.009115002034310482,9.06100833153071,"{""candidate_order"": [""histogram_gradient_boosting_frozen"", ""exploratory_pca_knn_component"", ""exploratory_targetwise_ridge_component"", ""multitask_elastic_net_frozen""], ""exploratory_only"": true, ""selected_component"": ""exploratory_targetwise_ridge_component""}",False,exploratory_targetwise_ridge_component,0.0
20260723,training_period_mean,baseline,fixed_training_only,CO,3000.0,1343.359237264699,0.44778641242156636,-0.010194003472070445,1349.053087111262,0.44968436237042064,-0.015699488106189374,-167.72166666665717,"{""estimator"": ""training_target_mean""}",False,,0.0
20260723,training_period_mean,baseline,fixed_training_only,O3,185.0,49.98026290708433,0.27016358328153695,-0.11424614077875539,57.32584765836353,0.30986944680196504,-0.035382354826414275,10.597257133333716,"{""estimator"": ""training_target_mean""}",False,,0.0
20260723,training_period_mean,baseline,fixed_training_only,SO2,67.0,15.962105822446182,0.2382403854096445,-0.1305695190161007,15.784931727874834,0.23559599593843036,-0.43542419579497116,8.693784199999179,"{""estimator"": ""training_target_mean""}",False,,0.0
20260723,training_period_mean,baseline,fixed_training_only,NO2,107.0,36.07810724144191,0.33717857234992443,-2.690768407198618e-06,36.013003822921355,0.3365701291861809,-4.3702518669475054e-05,0.2380691333336224,"{""estimator"": ""training_target_mean""}",False,,0.0
20260723,training_period_mean,baseline,fixed_training_only,PM2.5,219.04999999999927,92.60106874502529,0.4227394144945245,-0.0013822004180681358,85.87251108149653,0.39202241991096465,-0.003274785728855978,-4.906091666666413,"{""estimator"": ""training_target_mean""}",False,,0.0
20260723,training_period_mean,baseline,fixed_training_only,PM10,264.0,99.65625197173638,0.37748580292324385,-0.004255238615838541,95.33853559266711,0.3611308166388906,-0.009115002006937933,9.06100833333436,"{""estimator"": ""training_target_mean""}",False,,0.0
20260723,ridge_validation_selected,confirmatory_reference,validation_selected_per_noise_seed,CO,3000.0,1343.3594310454637,0.44778647701515456,-0.01019429491485857,1349.0533345267206,0.4496844448422402,-0.015699860663474396,-167.72145292154082,"{""alpha"": 100000000.0, ""alpha_grid"": [0.01, 0.1, 1.0, 10.0, 100.0, 1000.0, 10000.0, 100000.0, 1000000.0, 10000000.0, 100000000.0]}",False,exploratory_targetwise_ridge_component,0.6893512999995437
20260723,ridge_validation_selected,confirmatory_reference,validation_selected_per_noise_seed,O3,185.0,49.98025477305009,0.2701635393137843,-0.1142457781029711,57.32584105002043,0.3098694110811915,-0.035382116115196816,10.597252318414528,"{""alpha"": 100000000.0, ""alpha_grid"": [0.01, 0.1, 1.0, 10.0, 100.0, 1000.0, 10000.0, 100000.0, 1000000.0, 10000000.0, 100000000.0]}",False,exploratory_pca_knn_component,0.6893512999995437
20260723,ridge_validation_selected,confirmatory_reference,validation_selected_per_noise_seed,SO2,67.0,15.962102777847884,0.23824033996787886,-0.13056908772843157,15.784935338118878,0.23559604982266982,-0.4354248523999329,8.693786215851567,"{""alpha"": 100000000.0, ""alpha_grid"": [0.01, 0.1, 1.0, 10.0, 100.0, 1000.0, 10000.0, 100000.0, 1000000.0, 10000000.0, 100000000.0]}",False,exploratory_targetwise_ridge_component,0.6893512999995437
20260723,ridge_validation_selected,confirmatory_reference,validation_selected_per_noise_seed,NO2,107.0,36.07810779335837,0.33717857750802216,-2.7213641333734273e-06,36.01302211648492,0.33657030015406464,-4.471850543774636e-05,0.23808351511404943,"{""alpha"": 100000000.0, ""alpha_grid"": [0.01, 0.1, 1.0, 10.0, 100.0, 1000.0, 10000.0, 100000.0, 1000000.0, 10000000.0, 100000000.0]}",False,exploratory_targetwise_ridge_component,0.6893512999995437
20260723,ridge_validation_selected,confirmatory_reference,validation_selected_per_noise_seed,PM2.5,219.04999999999927,92.60107560401188,0.42273944580694905,-0.0013823487633826126,85.87253429643242,0.3920225258910418,-0.0032753281833080017,-4.906071505103652,"{""alpha"": 100000000.0, ""alpha_grid"": [0.01, 0.1, 1.0, 10.0, 100.0, 1000.0, 10000.0, 100000.0, 1000000.0, 10000000.0, 100000000.0]}",False,exploratory_targetwise_ridge_component,0.6893512999995437
20260723,ridge_validation_selected,confirmatory_reference,validation_selected_per_noise_seed,PM10,264.0,99.65625774036455,0.37748582477410814,-0.004255354878995421,95.33856994613824,0.36113094676567514,-0.009115729238778014,9.061050131473113,"{""alpha"": 100000000.0, ""alpha_grid"": [0.01, 0.1, 1.0, 10.0, 100.0, 1000.0, 10000.0, 100000.0, 1000000.0, 10000000.0, 100000000.0]}",False,exploratory_targetwise_ridge_component,0.6893512999995437
20260723,multitask_elastic_net_frozen,confirmatory_candidate,frozen_before_noise_seed_stability_study,CO,3000.0,1345.155896211879,0.448385298737293,-0.012897953021087094,1350.479134780911,0.450159711593637,-0.017847960176263333,-167.02381091211694,"{""alpha"": 0.01, ""fit_intercept"": true, ""l1_ratio"": 0.8, ""max_iter"": 5000, ""random_state"": 20260715, ""selection"": ""cyclic"", ""tol"": 1e-05}",False,exploratory_targetwise_ridge_component,1.1603224000027694
20260723,multitask_elastic_net_frozen,confirmatory_candidate,frozen_before_noise_seed_stability_study,O3,185.0,50.01615232357124,0.2703575801274121,-0.11584693273965874,57.38898458999582,0.31021072751349094,-0.037664287544559416,10.579472575269552,"{""alpha"": 0.01, ""fit_intercept"": true, ""l1_ratio"": 0.8, ""max_iter"": 5000, ""random_state"": 20260715, ""selection"": ""cyclic"", ""tol"": 1e-05}",False,exploratory_pca_knn_component,1.1603224000027694
20260723,multitask_elastic_net_frozen,confirmatory_candidate,frozen_before_noise_seed_stability_study,SO2,67.0,15.993038996796827,0.23870207457905712,-0.13495565589381964,15.844556469952249,0.23648591746197387,-0.44628879037102465,8.71111527573453,"{""alpha"": 0.01, ""fit_intercept"": true, ""l1_ratio"": 0.8, ""max_iter"": 5000, ""random_state"": 20260715, ""selection"": ""cyclic"", ""tol"": 1e-05}",False,exploratory_targetwise_ridge_component,1.1603224000027694
20260723,multitask_elastic_net_frozen,confirmatory_candidate,frozen_before_noise_seed_stability_study,NO2,107.0,36.129861278682036,0.3376622549409536,-0.0028737558622216053,36.07169242965305,0.33711862083787897,-0.0033058016707752103,0.2523473241623379,"{""alpha"": 0.01, ""fit_intercept"": true, ""l1_ratio"": 0.8, ""max_iter"": 5000, ""random_state"": 20260715, ""selection"": ""cyclic"", ""tol"": 1e-05}",False,exploratory_targetwise_ridge_component,1.1603224000027694
20260723,multitask_elastic_net_frozen,confirmatory_candidate,frozen_before_noise_seed_stability_study,PM2.5,219.04999999999927,92.74368328203774,0.4233904737824152,-0.0044690250661092445,85.96273596234091,0.39243431162903997,-0.005384142984175444,-4.874528869181327,"{""alpha"": 0.01, ""fit_intercept"": true, ""l1_ratio"": 0.8, ""max_iter"": 5000, ""random_state"": 20260715, ""selection"": ""cyclic"", ""tol"": 1e-05}",False,exploratory_targetwise_ridge_component,1.1603224000027694
20260723,multitask_elastic_net_frozen,confirmatory_candidate,frozen_before_noise_seed_stability_study,PM10,264.0,99.8185209577767,0.3781004581733966,-0.007528332846760577,95.44924659959116,0.3615501765136029,-0.011460014006047459,9.114890109901978,"{""alpha"": 0.01, ""fit_intercept"": true, ""l1_ratio"": 0.8, ""max_iter"": 5000, ""random_state"": 20260715, ""selection"": ""cyclic"", ""tol"": 1e-05}",False,exploratory_targetwise_ridge_component,1.1603224000027694
20260723,histogram_gradient_boosting_frozen,confirmatory_candidate,frozen_before_noise_seed_stability_study,CO,3000.0,1344.354347524005,0.44811811584133504,-0.01169118563493221,1349.9294610303755,0.44997648701012516,-0.017019557233443505,-167.87591134319408,"{""early_stopping"": true, ""fitted_iterations"": 23, ""l2_regularization"": 10.0, ""learning_rate"": 0.05, ""max_iter"": 100, ""max_leaf_nodes"": 7, ""min_samples_leaf"": 100, ""n_iter_no_change"": 10, ""random_state"": 20260715, ""validation_fraction"": 0.1}",False,exploratory_targetwise_ridge_component,2.4556272000008903
20260723,histogram_gradient_boosting_frozen,confirmatory_candidate,frozen_before_noise_seed_stability_study,O3,185.0,49.96643978744577,0.2700888637159231,-0.11362988840680144,57.348587109713755,0.30999236275520947,-0.03620392824414531,10.391308242673356,"{""early_stopping"": true, ""fitted_iterations"": 45, ""l2_regularization"": 10.0, ""learning_rate"": 0.05, ""max_iter"": 100, ""max_leaf_nodes"": 7, ""min_samples_leaf"": 100, ""n_iter_no_change"": 10, ""random_state"": 20260716, ""validation_fraction"": 0.1}",False,exploratory_pca_knn_component,2.4556272000008903
20260723,histogram_gradient_boosting_frozen,confirmatory_candidate,frozen_before_noise_seed_stability_study,SO2,67.0,15.966496972513514,0.23830592496288827,-0.13119164034995068,15.78805585074064,0.23564262463792002,-0.4359924447307906,8.69404597814758,"{""early_stopping"": true, ""fitted_iterations"": 11, ""l2_regularization"": 10.0, ""learning_rate"": 0.05, ""max_iter"": 100, ""max_leaf_nodes"": 7, ""min_samples_leaf"": 100, ""n_iter_no_change"": 10, ""random_state"": 20260717, ""validation_fraction"": 0.1}",False,exploratory_targetwise_ridge_component,2.4556272000008903
20260723,histogram_gradient_boosting_frozen,confirmatory_candidate,frozen_before_noise_seed_stability_study,NO2,107.0,36.0803226986666,0.3371992775576318,-0.0001255093627359205,36.015961481389645,0.33659777085410886,-0.00020797146984219417,0.18861294284770674,"{""early_stopping"": true, ""fitted_iterations"": 11, ""l2_regularization"": 10.0, ""learning_rate"": 0.05, ""max_iter"": 100, ""max_leaf_nodes"": 7, ""min_samples_leaf"": 100, ""n_iter_no_change"": 10, ""random_state"": 20260718, ""validation_fraction"": 0.1}",False,exploratory_targetwise_ridge_component,2.4556272000008903
20260723,histogram_gradient_boosting_frozen,confirmatory_candidate,frozen_before_noise_seed_stability_study,PM2.5,219.04999999999927,92.74720931920388,0.4234065707336416,-0.00454540466021891,85.94276942096654,0.39234316101788097,-0.004917156619282492,-5.078731610990599,"{""early_stopping"": true, ""fitted_iterations"": 45, ""l2_regularization"": 10.0, ""learning_rate"": 0.05, ""max_iter"": 100, ""max_leaf_nodes"": 7, ""min_samples_leaf"": 100, ""n_iter_no_change"": 10, ""random_state"": 20260719, ""validation_fraction"": 0.1}",False,exploratory_targetwise_ridge_component,2.4556272000008903
20260723,histogram_gradient_boosting_frozen,confirmatory_candidate,frozen_before_noise_seed_stability_study,PM10,264.0,99.69541410468912,0.37763414433594367,-0.005044682407917778,95.38610189326101,0.36131099201992806,-0.010122188477075467,9.059853027215416,"{""early_stopping"": true, ""fitted_iterations"": 15, ""l2_regularization"": 10.0, ""learning_rate"": 0.05, ""max_iter"": 100, ""max_leaf_nodes"": 7, ""min_samples_leaf"": 100, ""n_iter_no_change"": 10, ""random_state"": 20260720, ""validation_fraction"": 0.1}",False,exploratory_targetwise_ridge_component,2.4556272000008903
20260723,exploratory_pca_knn_component,exploratory_component,frozen_before_noise_seed_stability_study,CO,3000.0,1345.5903736917621,0.4485301245639207,-0.013552378910453244,1350.6952662708563,0.45023175542361876,-0.018173780241290682,-154.1715625000086,"{""n_neighbors"": 200, ""p"": 2, ""pca_components"": 32, ""pca_solver"": ""randomized"", ""random_state"": 20260715, ""weights"": ""uniform""}",False,exploratory_targetwise_ridge_component,1.1852065999992192
20260723,exploratory_pca_knn_component,exploratory_component,frozen_before_noise_seed_stability_study,O3,185.0,49.70524663108306,0.2686770088166652,-0.1020176039436278,57.2445686589813,0.3094301008593584,-0.032448418876917406,9.526193781250015,"{""n_neighbors"": 200, ""p"": 2, ""pca_components"": 32, ""pca_solver"": ""randomized"", ""random_state"": 20260715, ""weights"": ""uniform""}",True,exploratory_pca_knn_component,1.1852065999992192
20260723,exploratory_pca_knn_component,exploratory_component,frozen_before_noise_seed_stability_study,SO2,67.0,16.182230861102397,0.24152583374779696,-0.1619667114316672,16.11038079204815,0.2404534446574351,-0.49522468485472926,9.064791782999972,"{""n_neighbors"": 200, ""p"": 2, ""pca_components"": 32, ""pca_solver"": ""randomized"", ""random_state"": 20260715, ""weights"": ""uniform""}",False,exploratory_targetwise_ridge_component,1.1852065999992192
20260723,exploratory_pca_knn_component,exploratory_component,frozen_before_noise_seed_stability_study,NO2,107.0,36.19713261943184,0.33829095906011064,-0.006611797862527524,36.14710136085531,0.3378233772042552,-0.007505066852635078,-0.02619246499999784,"{""n_neighbors"": 200, ""p"": 2, ""pca_components"": 32, ""pca_solver"": ""randomized"", ""random_state"": 20260715, ""weights"": ""uniform""}",False,exploratory_targetwise_ridge_component,1.1852065999992192
20260723,exploratory_pca_knn_component,exploratory_component,frozen_before_noise_seed_stability_study,PM2.5,219.04999999999927,92.71711265089735,0.42326917439350675,-0.0038935561646813444,86.02204204089861,0.39270505382743165,-0.0067718596083516935,-4.987223750000007,"{""n_neighbors"": 200, ""p"": 2, ""pca_components"": 32, ""pca_solver"": ""randomized"", ""random_state"": 20260715, ""weights"": ""uniform""}",False,exploratory_targetwise_ridge_component,1.1852065999992192
20260723,exploratory_pca_knn_component,exploratory_component,frozen_before_noise_seed_stability_study,PM10,264.0,99.91973646014074,0.37848385022780584,-0.009572626585388821,95.6584388074488,0.36234257124033636,-0.015898423466965683,9.623723625000007,"{""n_neighbors"": 200, ""p"": 2, ""pca_components"": 32, ""pca_solver"": ""randomized"", ""random_state"": 20260715, ""weights"": ""uniform""}",False,exploratory_targetwise_ridge_component,1.1852065999992192
20260723,exploratory_targetwise_ridge_component,exploratory_component,validation_selected_per_target_per_noise_seed,CO,3000.0,1343.3592372840867,0.4477864124280289,-0.010194003501229343,1349.0530871360008,0.44968436237866694,-0.01569948814344113,-167.72166664529013,"{""alpha"": 1000000000000.0, ""alpha_grid"": [0.01, 0.03162277660168379, 0.1, 0.31622776601683794, 1.0, 3.1622776601683795, 10.0, 31.622776601683793, 100.0, 316.22776601683796, 1000.0, 3162.2776601683795, 10000.0, 31622.776601683792, 100000.0, 316227.7660168379, 1000000.0, 3162277.6601683795, 10000000.0, 31622776.60168379, 100000000.0, 316227766.01683795, 1000000000.0, 3162277660.1683793, 10000000000.0, 31622776601.683792, 100000000000.0, 316227766016.83795, 1000000000000.0]}",True,exploratory_targetwise_ridge_component,4.3457899000022735
20260723,exploratory_targetwise_ridge_component,exploratory_component,validation_selected_per_target_per_noise_seed,O3,185.0,49.978971228856544,0.2701566012370624,-0.11418854888951979,57.3248027618069,0.3098637987124697,-0.03534461067986383,10.59576714488206,"{""alpha"": 316227.7660168379, ""alpha_grid"": [0.01, 0.03162277660168379, 0.1, 0.31622776601683794, 1.0, 3.1622776601683795, 10.0, 31.622776601683793, 100.0, 316.22776601683796, 1000.0, 3162.2776601683795, 10000.0, 31622.776601683792, 100000.0, 316227.7660168379, 1000000.0, 3162277.6601683795, 10000000.0, 31622776.60168379, 100000000.0, 316227766.01683795, 1000000000.0, 3162277660.1683793, 10000000000.0, 31622776601.683792, 100000000000.0, 316227766016.83795, 1000000000000.0]}",False,exploratory_pca_knn_component,4.3457899000022735
20260723,exploratory_targetwise_ridge_component,exploratory_component,validation_selected_per_target_per_noise_seed,SO2,67.0,15.961696129255737,0.23823427058590652,-0.1305114839805983,15.786596100614236,0.23562083732260053,-0.4357269157427308,8.694412343800053,"{""alpha"": 316227.7660168379, ""alpha_grid"": [0.01, 0.03162277660168379, 0.1, 0.31622776601683794, 1.0, 3.1622776601683795, 10.0, 31.622776601683793, 100.0, 316.22776601683796, 1000.0, 3162.2776601683795, 10000.0, 31622.776601683792, 100000.0, 316227.7660168379, 1000000.0, 3162277.6601683795, 10000000.0, 31622776.60168379, 100000000.0, 316227766.01683795, 1000000000.0, 3162277660.1683793, 10000000000.0, 31622776601.683792, 100000000000.0, 316227766016.83795, 1000000000000.0]}",True,exploratory_targetwise_ridge_component,4.3457899000022735
20260723,exploratory_targetwise_ridge_component,exploratory_component,validation_selected_per_target_per_noise_seed,NO2,107.0,36.07810724149655,0.337178572350435,-2.6907714358870294e-06,36.01300382475035,0.3365701292032743,-4.370262024777638e-05,0.23806913477167616,"{""alpha"": 1000000000000.0, ""alpha_grid"": [0.01, 0.03162277660168379, 0.1, 0.31622776601683794, 1.0, 3.1622776601683795, 10.0, 31.622776601683793, 100.0, 316.22776601683796, 1000.0, 3162.2776601683795, 10000.0, 31622.776601683792, 100000.0, 316227.7660168379, 1000000.0, 3162277.6601683795, 10000000.0, 31622776.60168379, 100000000.0, 316227766.01683795, 1000000000.0, 3162277660.1683793, 10000000000.0, 31622776601.683792, 100000000000.0, 316227766016.83795, 1000000000000.0]}",True,exploratory_targetwise_ridge_component,4.3457899000022735
20260723,exploratory_targetwise_ridge_component,exploratory_component,validation_selected_per_target_per_noise_seed,PM2.5,219.04999999999927,92.60106874571049,0.42273941449765257,-0.0013822004328876147,85.87251108381741,0.3920224199215599,-0.003274785783087264,-4.906091664650247,"{""alpha"": 1000000000000.0, ""alpha_grid"": [0.01, 0.03162277660168379, 0.1, 0.31622776601683794, 1.0, 3.1622776601683795, 10.0, 31.622776601683793, 100.0, 316.22776601683796, 1000.0, 3162.2776601683795, 10000.0, 31622.776601683792, 100000.0, 316227.7660168379, 1000000.0, 3162277.6601683795, 10000000.0, 31622776.60168379, 100000000.0, 316227766.01683795, 1000000000.0, 3162277660.1683793, 10000000000.0, 31622776601.683792, 100000000000.0, 316227766016.83795, 1000000000000.0]}",True,exploratory_targetwise_ridge_component,4.3457899000022735
20260723,exploratory_targetwise_ridge_component,exploratory_component,validation_selected_per_target_per_noise_seed,PM10,264.0,99.65625197231229,0.37748580292542533,-0.004255238627445479,95.3385355961016,0.3611308166519,-0.009115002079642887,9.06100833751369,"{""alpha"": 1000000000000.0, ""alpha_grid"": [0.01, 0.03162277660168379, 0.1, 0.31622776601683794, 1.0, 3.1622776601683795, 10.0, 31.622776601683793, 100.0, 316.22776601683796, 1000.0, 3162.2776601683795, 10000.0, 31622.776601683792, 100000.0, 316227.7660168379, 1000000.0, 3162277.6601683795, 10000000.0, 31622776.60168379, 100000000.0, 316227766.01683795, 1000000000.0, 3162277660.1683793, 10000000000.0, 31622776601.683792, 100000000000.0, 316227766016.83795, 1000000000000.0]}",True,exploratory_targetwise_ridge_component,4.3457899000022735
20260723,exploratory_validation_selected_composite,exploratory_composite_not_confirmatory,validation_selected_per_target_from_predeclared_components,CO,3000.0,1343.3592372840867,0.4477864124280289,-0.010194003501229343,1349.0530871360008,0.44968436237866694,-0.01569948814344113,-167.72166664529013,"{""candidate_order"": [""histogram_gradient_boosting_frozen"", ""exploratory_pca_knn_component"", ""exploratory_targetwise_ridge_component"", ""multitask_elastic_net_frozen""], ""exploratory_only"": true, ""selected_component"": ""exploratory_targetwise_ridge_component""}",False,exploratory_targetwise_ridge_component,0.0
20260723,exploratory_validation_selected_composite,exploratory_composite_not_confirmatory,validation_selected_per_target_from_predeclared_components,O3,185.0,49.70524663108306,0.2686770088166652,-0.1020176039436278,57.2445686589813,0.3094301008593584,-0.032448418876917406,9.526193781250015,"{""candidate_order"": [""histogram_gradient_boosting_frozen"", ""exploratory_pca_knn_component"", ""exploratory_targetwise_ridge_component"", ""multitask_elastic_net_frozen""], ""exploratory_only"": true, ""selected_component"": ""exploratory_pca_knn_component""}",False,exploratory_pca_knn_component,0.0
20260723,exploratory_validation_selected_composite,exploratory_composite_not_confirmatory,validation_selected_per_target_from_predeclared_components,SO2,67.0,15.961696129255737,0.23823427058590652,-0.1305114839805983,15.786596100614236,0.23562083732260053,-0.4357269157427308,8.694412343800053,"{""candidate_order"": [""histogram_gradient_boosting_frozen"", ""exploratory_pca_knn_component"", ""exploratory_targetwise_ridge_component"", ""multitask_elastic_net_frozen""], ""exploratory_only"": true, ""selected_component"": ""exploratory_targetwise_ridge_component""}",False,exploratory_targetwise_ridge_component,0.0
20260723,exploratory_validation_selected_composite,exploratory_composite_not_confirmatory,validation_selected_per_target_from_predeclared_components,NO2,107.0,36.07810724149655,0.337178572350435,-2.6907714358870294e-06,36.01300382475035,0.3365701292032743,-4.370262024777638e-05,0.23806913477167616,"{""candidate_order"": [""histogram_gradient_boosting_frozen"", ""exploratory_pca_knn_component"", ""exploratory_targetwise_ridge_component"", ""multitask_elastic_net_frozen""], ""exploratory_only"": true, ""selected_component"": ""exploratory_targetwise_ridge_component""}",False,exploratory_targetwise_ridge_component,0.0
20260723,exploratory_validation_selected_composite,exploratory_composite_not_confirmatory,validation_selected_per_target_from_predeclared_components,PM2.5,219.04999999999927,92.60106874571049,0.42273941449765257,-0.0013822004328876147,85.87251108381741,0.3920224199215599,-0.003274785783087264,-4.906091664650247,"{""candidate_order"": [""histogram_gradient_boosting_frozen"", ""exploratory_pca_knn_component"", ""exploratory_targetwise_ridge_component"", ""multitask_elastic_net_frozen""], ""exploratory_only"": true, ""selected_component"": ""exploratory_targetwise_ridge_component""}",False,exploratory_targetwise_ridge_component,0.0
20260723,exploratory_validation_selected_composite,exploratory_composite_not_confirmatory,validation_selected_per_target_from_predeclared_components,PM10,264.0,99.65625197231229,0.37748580292542533,-0.004255238627445479,95.3385355961016,0.3611308166519,-0.009115002079642887,9.06100833751369,"{""candidate_order"": [""histogram_gradient_boosting_frozen"", ""exploratory_pca_knn_component"", ""exploratory_targetwise_ridge_component"", ""multitask_elastic_net_frozen""], ""exploratory_only"": true, ""selected_component"": ""exploratory_targetwise_ridge_component""}",False,exploratory_targetwise_ridge_component,0.0
20260724,training_period_mean,baseline,fixed_training_only,CO,3000.0,1343.359237264699,0.44778641242156636,-0.010194003472070445,1349.053087111262,0.44968436237042064,-0.015699488106189374,-167.72166666665717,"{""estimator"": ""training_target_mean""}",False,,0.0
20260724,training_period_mean,baseline,fixed_training_only,O3,185.0,49.98026290708433,0.27016358328153695,-0.11424614077875539,57.32584765836353,0.30986944680196504,-0.035382354826414275,10.597257133333716,"{""estimator"": ""training_target_mean""}",False,,0.0
20260724,training_period_mean,baseline,fixed_training_only,SO2,67.0,15.962105822446182,0.2382403854096445,-0.1305695190161007,15.784931727874834,0.23559599593843036,-0.43542419579497116,8.693784199999179,"{""estimator"": ""training_target_mean""}",False,,0.0
20260724,training_period_mean,baseline,fixed_training_only,NO2,107.0,36.07810724144191,0.33717857234992443,-2.690768407198618e-06,36.013003822921355,0.3365701291861809,-4.3702518669475054e-05,0.2380691333336224,"{""estimator"": ""training_target_mean""}",False,,0.0
20260724,training_period_mean,baseline,fixed_training_only,PM2.5,219.04999999999927,92.60106874502529,0.4227394144945245,-0.0013822004180681358,85.87251108149653,0.39202241991096465,-0.003274785728855978,-4.906091666666413,"{""estimator"": ""training_target_mean""}",False,,0.0
20260724,training_period_mean,baseline,fixed_training_only,PM10,264.0,99.65625197173638,0.37748580292324385,-0.004255238615838541,95.33853559266711,0.3611308166388906,-0.009115002006937933,9.06100833333436,"{""estimator"": ""training_target_mean""}",False,,0.0
20260724,ridge_validation_selected,confirmatory_reference,validation_selected_per_noise_seed,CO,3000.0,1343.3591742100273,0.4477863914033424,-0.010193908638986393,1349.0527880668942,0.4496842626889647,-0.015699037806374605,-167.7216330181345,"{""alpha"": 100000000.0, ""alpha_grid"": [0.01, 0.1, 1.0, 10.0, 100.0, 1000.0, 10000.0, 100000.0, 1000000.0, 10000000.0, 100000000.0]}",False,histogram_gradient_boosting_frozen,1.63602069999979
20260724,ridge_validation_selected,confirmatory_reference,validation_selected_per_noise_seed,O3,185.0,49.98030604901264,0.2701638164811494,-0.11424806436799129,57.32584717972072,0.3098694442147066,-0.035382337536541186,10.597235501048614,"{""alpha"": 100000000.0, ""alpha_grid"": [0.01, 0.1, 1.0, 10.0, 100.0, 1000.0, 10000.0, 100000.0, 1000000.0, 10000000.0, 100000000.0]}",False,exploratory_pca_knn_component,1.63602069999979
20260724,ridge_validation_selected,confirmatory_reference,validation_selected_per_noise_seed,SO2,67.0,15.962093851850295,0.23824020674403426,-0.1305678233017744,15.784935997439709,0.23559605966327923,-0.4354249723124324,8.693782027480852,"{""alpha"": 100000000.0, ""alpha_grid"": [0.01, 0.1, 1.0, 10.0, 100.0, 1000.0, 10000.0, 100000.0, 1000000.0, 10000000.0, 100000000.0]}",False,multitask_elastic_net_frozen,1.63602069999979
20260724,ridge_validation_selected,confirmatory_reference,validation_selected_per_noise_seed,NO2,107.0,36.078117151137064,0.3371786649638978,-3.2401166927265024e-06,36.0130055647887,0.33657014546531494,-4.379925836461851e-05,0.23807550411289663,"{""alpha"": 100000000.0, ""alpha_grid"": [0.01, 0.1, 1.0, 10.0, 100.0, 1000.0, 10000.0, 100000.0, 1000000.0, 10000000.0, 100000000.0]}",False,histogram_gradient_boosting_frozen,1.63602069999979
20260724,ridge_validation_selected,confirmatory_reference,validation_selected_per_noise_seed,PM2.5,219.04999999999927,92.60105495874286,0.4227393515578323,-0.0013819022500880518,85.8725018468691,0.3920223777533412,-0.0032745699469196587,-4.906087431042827,"{""alpha"": 100000000.0, ""alpha_grid"": [0.01, 0.1, 1.0, 10.0, 100.0, 1000.0, 10000.0, 100000.0, 1000000.0, 10000000.0, 100000000.0]}",False,exploratory_targetwise_ridge_component,1.63602069999979
20260724,ridge_validation_selected,confirmatory_reference,validation_selected_per_noise_seed,PM10,264.0,99.65623600029802,0.3774857424253713,-0.004254916721345481,95.33852191247732,0.36113076481998985,-0.009114712409795,9.061018445099336,"{""alpha"": 100000000.0, ""alpha_grid"": [0.01, 0.1, 1.0, 10.0, 100.0, 1000.0, 10000.0, 100000.0, 1000000.0, 10000000.0, 100000000.0]}",False,exploratory_targetwise_ridge_component,1.63602069999979
20260724,multitask_elastic_net_frozen,confirmatory_candidate,frozen_before_noise_seed_stability_study,CO,3000.0,1343.6393394740796,0.44787977982469324,-0.010615316050264001,1349.2548342798138,0.44975161142660464,-0.016003300936064946,-167.18895862413092,"{""alpha"": 0.01, ""fit_intercept"": true, ""l1_ratio"": 0.8, ""max_iter"": 5000, ""random_state"": 20260715, ""selection"": ""cyclic"", ""tol"": 1e-05}",False,histogram_gradient_boosting_frozen,1.2859114999992016
20260724,multitask_elastic_net_frozen,confirmatory_candidate,frozen_before_noise_seed_stability_study,O3,185.0,50.0575055557076,0.27058111111193295,-0.11769285454355449,57.33481573444304,0.3099179228888813,-0.035706331336609054,10.51146347571945,"{""alpha"": 0.01, ""fit_intercept"": true, ""l1_ratio"": 0.8, ""max_iter"": 5000, ""random_state"": 20260715, ""selection"": ""cyclic"", ""tol"": 1e-05}",False,exploratory_pca_knn_component,1.2859114999992016
20260724,multitask_elastic_net_frozen,confirmatory_candidate,frozen_before_noise_seed_stability_study,SO2,67.0,15.942646707235605,0.23794995085426277,-0.12781468541973928,15.80380167836501,0.23587763699052255,-0.43885817625905954,8.70309994599482,"{""alpha"": 0.01, ""fit_intercept"": true, ""l1_ratio"": 0.8, ""max_iter"": 5000, ""random_state"": 20260715, ""selection"": ""cyclic"", ""tol"": 1e-05}",True,multitask_elastic_net_frozen,1.2859114999992016
20260724,multitask_elastic_net_frozen,confirmatory_candidate,frozen_before_noise_seed_stability_study,NO2,107.0,36.09850869649727,0.3373692401541801,-0.0011339739667897142,36.02067884742629,0.3366418583871616,-0.0004700028539486034,0.2752662857943583,"{""alpha"": 0.01, ""fit_intercept"": true, ""l1_ratio"": 0.8, ""max_iter"": 5000, ""random_state"": 20260715, ""selection"": ""cyclic"", ""tol"": 1e-05}",False,histogram_gradient_boosting_frozen,1.2859114999992016
20260724,multitask_elastic_net_frozen,confirmatory_candidate,frozen_before_noise_seed_stability_study,PM2.5,219.04999999999927,92.60872592010199,0.42277437078339325,-0.0015478156956107991,85.89771814418705,0.3921374943811337,-0.0038638758081841473,-4.850438104299541,"{""alpha"": 0.01, ""fit_intercept"": true, ""l1_ratio"": 0.8, ""max_iter"": 5000, ""random_state"": 20260715, ""selection"": ""cyclic"", ""tol"": 1e-05}",False,exploratory_targetwise_ridge_component,1.2859114999992016
20260724,multitask_elastic_net_frozen,confirmatory_candidate,frozen_before_noise_seed_stability_study,PM10,264.0,99.65915497545502,0.37749679914945083,-0.004313747722832106,95.3805698260564,0.3612900372199106,-0.010005024620364011,9.132253926522598,"{""alpha"": 0.01, ""fit_intercept"": true, ""l1_ratio"": 0.8, ""max_iter"": 5000, ""random_state"": 20260715, ""selection"": ""cyclic"", ""tol"": 1e-05}",False,exploratory_targetwise_ridge_component,1.2859114999992016
20260724,histogram_gradient_boosting_frozen,confirmatory_candidate,frozen_before_noise_seed_stability_study,CO,3000.0,1343.2226792519177,0.4477408930839726,-0.00998863312851217,1349.435013971951,0.4498116713239837,-0.01627467351960199,-166.07682196336964,"{""early_stopping"": true, ""fitted_iterations"": 23, ""l2_regularization"": 10.0, ""learning_rate"": 0.05, ""max_iter"": 100, ""max_leaf_nodes"": 7, ""min_samples_leaf"": 100, ""n_iter_no_change"": 10, ""random_state"": 20260715, ""validation_fraction"": 0.1}",True,histogram_gradient_boosting_frozen,1.5470734999980778
20260724,histogram_gradient_boosting_frozen,confirmatory_candidate,frozen_before_noise_seed_stability_study,O3,185.0,49.953872105731314,0.27002093030125035,-0.11306975300702016,57.31415183434069,0.3098062261315713,-0.03495991311866775,10.46107047702536,"{""early_stopping"": true, ""fitted_iterations"": 10, ""l2_regularization"": 10.0, ""learning_rate"": 0.05, ""max_iter"": 100, ""max_leaf_nodes"": 7, ""min_samples_leaf"": 100, ""n_iter_no_change"": 10, ""random_state"": 20260716, ""validation_fraction"": 0.1}",False,exploratory_pca_knn_component,1.5470734999980778
20260724,histogram_gradient_boosting_frozen,confirmatory_candidate,frozen_before_noise_seed_stability_study,SO2,67.0,15.960617445459086,0.23821817082774754,-0.13035869029195624,15.793528818309166,0.23572431072103234,-0.4369881977668686,8.683693292103369,"{""early_stopping"": true, ""fitted_iterations"": 11, ""l2_regularization"": 10.0, ""learning_rate"": 0.05, ""max_iter"": 100, ""max_leaf_nodes"": 7, ""min_samples_leaf"": 100, ""n_iter_no_change"": 10, ""random_state"": 20260717, ""validation_fraction"": 0.1}",False,multitask_elastic_net_frozen,1.5470734999980778
20260724,histogram_gradient_boosting_frozen,confirmatory_candidate,frozen_before_noise_seed_stability_study,NO2,107.0,36.07440607792638,0.33714398203669516,0.0002024742976332039,36.01966490667794,0.3366323823054013,-0.0004136794831230972,0.20669757121406881,"{""early_stopping"": true, ""fitted_iterations"": 10, ""l2_regularization"": 10.0, ""learning_rate"": 0.05, ""max_iter"": 100, ""max_leaf_nodes"": 7, ""min_samples_leaf"": 100, ""n_iter_no_change"": 10, ""random_state"": 20260718, ""validation_fraction"": 0.1}",True,histogram_gradient_boosting_frozen,1.5470734999980778
20260724,histogram_gradient_boosting_frozen,confirmatory_candidate,frozen_before_noise_seed_stability_study,PM2.5,219.04999999999927,92.64076869823494,0.42292065144138435,-0.002241010124910625,85.85700477052738,0.39195163099989805,-0.002912488504309252,-5.044886786544816,"{""early_stopping"": true, ""fitted_iterations"": 11, ""l2_regularization"": 10.0, ""learning_rate"": 0.05, ""max_iter"": 100, ""max_leaf_nodes"": 7, ""min_samples_leaf"": 100, ""n_iter_no_change"": 10, ""random_state"": 20260719, ""validation_fraction"": 0.1}",False,exploratory_targetwise_ridge_component,1.5470734999980778
20260724,histogram_gradient_boosting_frozen,confirmatory_candidate,frozen_before_noise_seed_stability_study,PM10,264.0,99.75500017970026,0.3778598491655313,-0.006246434062019857,95.31860888054455,0.36105533666872935,-0.008693215735614324,9.149819571532136,"{""early_stopping"": true, ""fitted_iterations"": 26, ""l2_regularization"": 10.0, ""learning_rate"": 0.05, ""max_iter"": 100, ""max_leaf_nodes"": 7, ""min_samples_leaf"": 100, ""n_iter_no_change"": 10, ""random_state"": 20260720, ""validation_fraction"": 0.1}",False,exploratory_targetwise_ridge_component,1.5470734999980778
20260724,exploratory_pca_knn_component,exploratory_component,frozen_before_noise_seed_stability_study,CO,3000.0,1343.411484868062,0.447803828289354,-0.010272584451075817,1350.6420176665192,0.45021400588883975,-0.018093502675452955,-167.2109200000091,"{""n_neighbors"": 200, ""p"": 2, ""pca_components"": 32, ""pca_solver"": ""randomized"", ""random_state"": 20260715, ""weights"": ""uniform""}",False,histogram_gradient_boosting_frozen,0.9017576999976882
20260724,exploratory_pca_knn_component,exploratory_component,frozen_before_noise_seed_stability_study,O3,185.0,49.72211340821593,0.268768180584951,-0.1027656392229297,57.30224100135786,0.309741843250583,-0.03452979408619439,9.180711776999994,"{""n_neighbors"": 200, ""p"": 2, ""pca_components"": 32, ""pca_solver"": ""randomized"", ""random_state"": 20260715, ""weights"": ""uniform""}",True,exploratory_pca_knn_component,0.9017576999976882
20260724,exploratory_pca_knn_component,exploratory_component,frozen_before_noise_seed_stability_study,SO2,67.0,16.01591606721342,0.2390435233912451,-0.13820494838366315,15.881841073798855,0.23704240408655006,-0.4531034652612498,8.694413093999973,"{""n_neighbors"": 200, ""p"": 2, ""pca_components"": 32, ""pca_solver"": ""randomized"", ""random_state"": 20260715, ""weights"": ""uniform""}",False,multitask_elastic_net_frozen,0.9017576999976882
20260724,exploratory_pca_knn_component,exploratory_component,frozen_before_noise_seed_stability_study,NO2,107.0,36.14294285625644,0.3377845126752938,-0.003600110484485608,36.1417177504192,0.3377730630880299,-0.00720498133140679,0.5389464652500001,"{""n_neighbors"": 200, ""p"": 2, ""pca_components"": 32, ""pca_solver"": ""randomized"", ""random_state"": 20260715, ""weights"": ""uniform""}",False,histogram_gradient_boosting_frozen,0.9017576999976882
20260724,exploratory_pca_knn_component,exploratory_component,frozen_before_noise_seed_stability_study,PM2.5,219.04999999999927,92.85654638112048,0.4239057127647605,-0.0069152610480835985,86.10059993319804,0.3930636837854295,-0.008611527373856065,-5.688464999999986,"{""n_neighbors"": 200, ""p"": 2, ""pca_components"": 32, ""pca_solver"": ""randomized"", ""random_state"": 20260715, ""weights"": ""uniform""}",False,exploratory_targetwise_ridge_component,0.9017576999976882
20260724,exploratory_pca_knn_component,exploratory_component,frozen_before_noise_seed_stability_study,PM10,264.0,99.9435253240238,0.37857395956069617,-0.010053401366747705,95.58239439189124,0.36205452421170925,-0.014283872858644298,9.049968624999956,"{""n_neighbors"": 200, ""p"": 2, ""pca_components"": 32, ""pca_solver"": ""randomized"", ""random_state"": 20260715, ""weights"": ""uniform""}",False,exploratory_targetwise_ridge_component,0.9017576999976882
20260724,exploratory_targetwise_ridge_component,exploratory_component,validation_selected_per_target_per_noise_seed,CO,3000.0,1343.3499895396512,0.4477833298465504,-0.010180095108656584,1348.972018514967,0.449657339504989,-0.015577418991967296,-167.71121822652867,"{""alpha"": 316227.7660168379, ""alpha_grid"": [0.01, 0.03162277660168379, 0.1, 0.31622776601683794, 1.0, 3.1622776601683795, 10.0, 31.622776601683793, 100.0, 316.22776601683796, 1000.0, 3162.2776601683795, 10000.0, 31622.776601683792, 100000.0, 316227.7660168379, 1000000.0, 3162277.6601683795, 10000000.0, 31622776.60168379, 100000000.0, 316227766.01683795, 1000000000.0, 3162277660.1683793, 10000000000.0, 31622776601.683792, 100000000000.0, 316227766016.83795, 1000000000000.0]}",False,histogram_gradient_boosting_frozen,2.5806324999975914
20260724,exploratory_targetwise_ridge_component,exploratory_component,validation_selected_per_target_per_noise_seed,O3,185.0,49.980262911398185,0.27016358330485507,-0.11424614097109909,57.32584765831537,0.3098694468017047,-0.035382354824674556,10.597257131169833,"{""alpha"": 1000000000000.0, ""alpha_grid"": [0.01, 0.03162277660168379, 0.1, 0.31622776601683794, 1.0, 3.1622776601683795, 10.0, 31.622776601683793, 100.0, 316.22776601683796, 1000.0, 3162.2776601683795, 10000.0, 31622.776601683792, 100000.0, 316227.7660168379, 1000000.0, 3162277.6601683795, 10000000.0, 31622776.60168379, 100000000.0, 316227766.01683795, 1000000000.0, 3162277660.1683793, 10000000000.0, 31622776601.683792, 100000000000.0, 316227766016.83795, 1000000000000.0]}",False,exploratory_pca_knn_component,2.5806324999975914
20260724,exploratory_targetwise_ridge_component,exploratory_component,validation_selected_per_target_per_noise_seed,SO2,67.0,15.95540938398115,0.23814043856688283,-0.12962112270220238,15.792782817566366,0.23571317638158754,-0.4368524498972619,8.691862273047686,"{""alpha"": 100000.0, ""alpha_grid"": [0.01, 0.03162277660168379, 0.1, 0.31622776601683794, 1.0, 3.1622776601683795, 10.0, 31.622776601683793, 100.0, 316.22776601683796, 1000.0, 3162.2776601683795, 10000.0, 31622.776601683792, 100000.0, 316227.7660168379, 1000000.0, 3162277.6601683795, 10000000.0, 31622776.60168379, 100000000.0, 316227766.01683795, 1000000000.0, 3162277660.1683793, 10000000000.0, 31622776601.683792, 100000000000.0, 316227766016.83795, 1000000000000.0]}",False,multitask_elastic_net_frozen,2.5806324999975914
20260724,exploratory_targetwise_ridge_component,exploratory_component,validation_selected_per_target_per_noise_seed,NO2,107.0,36.07810724243244,0.33717857235918164,-2.690823317275104e-06,36.01300382309509,0.3365701291878046,-4.370252831820132e-05,0.23806913397049817,"{""alpha"": 1000000000000.0, ""alpha_grid"": [0.01, 0.03162277660168379, 0.1, 0.31622776601683794, 1.0, 3.1622776601683795, 10.0, 31.622776601683793, 100.0, 316.22776601683796, 1000.0, 3162.2776601683795, 10000.0, 31622.776601683792, 100000.0, 316227.7660168379, 1000000.0, 3162277.6601683795, 10000000.0, 31622776.60168379, 100000000.0, 316227766.01683795, 1000000000.0, 3162277660.1683793, 10000000000.0, 31622776601.683792, 100000000000.0, 316227766016.83795, 1000000000000.0]}",False,histogram_gradient_boosting_frozen,2.5806324999975914
20260724,exploratory_targetwise_ridge_component,exploratory_component,validation_selected_per_target_per_noise_seed,PM2.5,219.04999999999927,92.59445723065535,0.42270923182221254,-0.001239212512042842,85.87039665664773,0.392012767206793,-0.003225379393962724,-4.902220071920153,"{""alpha"": 100000.0, ""alpha_grid"": [0.01, 0.03162277660168379, 0.1, 0.31622776601683794, 1.0, 3.1622776601683795, 10.0, 31.622776601683793, 100.0, 316.22776601683796, 1000.0, 3162.2776601683795, 10000.0, 31622.776601683792, 100000.0, 316227.7660168379, 1000000.0, 3162277.6601683795, 10000000.0, 31622776.60168379, 100000000.0, 316227766.01683795, 1000000000.0, 3162277660.1683793, 10000000000.0, 31622776601.683792, 100000000000.0, 316227766016.83795, 1000000000000.0]}",True,exploratory_targetwise_ridge_component,2.5806324999975914
20260724,exploratory_targetwise_ridge_component,exploratory_component,validation_selected_per_target_per_noise_seed,PM10,264.0,99.65032971464943,0.37746337013124787,-0.004135882712581251,95.33477884458276,0.36111658653251044,-0.009035476636919615,9.069983738703547,"{""alpha"": 100000.0, ""alpha_grid"": [0.01, 0.03162277660168379, 0.1, 0.31622776601683794, 1.0, 3.1622776601683795, 10.0, 31.622776601683793, 100.0, 316.22776601683796, 1000.0, 3162.2776601683795, 10000.0, 31622.776601683792, 100000.0, 316227.7660168379, 1000000.0, 3162277.6601683795, 10000000.0, 31622776.60168379, 100000000.0, 316227766.01683795, 1000000000.0, 3162277660.1683793, 10000000000.0, 31622776601.683792, 100000000000.0, 316227766016.83795, 1000000000000.0]}",True,exploratory_targetwise_ridge_component,2.5806324999975914
20260724,exploratory_validation_selected_composite,exploratory_composite_not_confirmatory,validation_selected_per_target_from_predeclared_components,CO,3000.0,1343.2226792519177,0.4477408930839726,-0.00998863312851217,1349.435013971951,0.4498116713239837,-0.01627467351960199,-166.07682196336964,"{""candidate_order"": [""histogram_gradient_boosting_frozen"", ""exploratory_pca_knn_component"", ""exploratory_targetwise_ridge_component"", ""multitask_elastic_net_frozen""], ""exploratory_only"": true, ""selected_component"": ""histogram_gradient_boosting_frozen""}",False,histogram_gradient_boosting_frozen,0.0
20260724,exploratory_validation_selected_composite,exploratory_composite_not_confirmatory,validation_selected_per_target_from_predeclared_components,O3,185.0,49.72211340821593,0.268768180584951,-0.1027656392229297,57.30224100135786,0.309741843250583,-0.03452979408619439,9.180711776999994,"{""candidate_order"": [""histogram_gradient_boosting_frozen"", ""exploratory_pca_knn_component"", ""exploratory_targetwise_ridge_component"", ""multitask_elastic_net_frozen""], ""exploratory_only"": true, ""selected_component"": ""exploratory_pca_knn_component""}",False,exploratory_pca_knn_component,0.0
20260724,exploratory_validation_selected_composite,exploratory_composite_not_confirmatory,validation_selected_per_target_from_predeclared_components,SO2,67.0,15.942646707235605,0.23794995085426277,-0.12781468541973928,15.80380167836501,0.23587763699052255,-0.43885817625905954,8.70309994599482,"{""candidate_order"": [""histogram_gradient_boosting_frozen"", ""exploratory_pca_knn_component"", ""exploratory_targetwise_ridge_component"", ""multitask_elastic_net_frozen""], ""exploratory_only"": true, ""selected_component"": ""multitask_elastic_net_frozen""}",False,multitask_elastic_net_frozen,0.0
20260724,exploratory_validation_selected_composite,exploratory_composite_not_confirmatory,validation_selected_per_target_from_predeclared_components,NO2,107.0,36.07440607792638,0.33714398203669516,0.0002024742976332039,36.01966490667794,0.3366323823054013,-0.0004136794831230972,0.20669757121406881,"{""candidate_order"": [""histogram_gradient_boosting_frozen"", ""exploratory_pca_knn_component"", ""exploratory_targetwise_ridge_component"", ""multitask_elastic_net_frozen""], ""exploratory_only"": true, ""selected_component"": ""histogram_gradient_boosting_frozen""}",False,histogram_gradient_boosting_frozen,0.0
20260724,exploratory_validation_selected_composite,exploratory_composite_not_confirmatory,validation_selected_per_target_from_predeclared_components,PM2.5,219.04999999999927,92.59445723065535,0.42270923182221254,-0.001239212512042842,85.87039665664773,0.392012767206793,-0.003225379393962724,-4.902220071920153,"{""candidate_order"": [""histogram_gradient_boosting_frozen"", ""exploratory_pca_knn_component"", ""exploratory_targetwise_ridge_component"", ""multitask_elastic_net_frozen""], ""exploratory_only"": true, ""selected_component"": ""exploratory_targetwise_ridge_component""}",False,exploratory_targetwise_ridge_component,0.0
20260724,exploratory_validation_selected_composite,exploratory_composite_not_confirmatory,validation_selected_per_target_from_predeclared_components,PM10,264.0,99.65032971464943,0.37746337013124787,-0.004135882712581251,95.33477884458276,0.36111658653251044,-0.009035476636919615,9.069983738703547,"{""candidate_order"": [""histogram_gradient_boosting_frozen"", ""exploratory_pca_knn_component"", ""exploratory_targetwise_ridge_component"", ""multitask_elastic_net_frozen""], ""exploratory_only"": true, ""selected_component"": ""exploratory_targetwise_ridge_component""}",False,exploratory_targetwise_ridge_component,0.0
