sample_id,gas_ppm,pm_ug_m3,elevation_deg,snr_db
0,75.01145599256003,41.68435759403964,67.97176471976519,28.34319504058399
1,107.66565611634906,88.66563893919688,30.217238984620046,23.645495906447145
2,93.08228282942322,169.5885669333956,50.10645137596637,36.347743535915185
3,27.024862798871023,131.19336866829832,53.063453188492716,30.51332689839375
4,36.019954189347054,101.51502163115073,36.44167075865955,26.821487102711316
5,104.82641344755143,93.81943351345727,75.41311361687988,25.62329203983778
6,0.6318365478689669,124.81513145345167,36.588868768048954,43.726993618804165
7,98.54741020593195,112.76400168089695,36.202404759360604,32.04444723362503
8,95.64833145024555,60.536042379825346,60.019507741514715,44.77797416618981
9,56.15219434124649,16.691412984068798,46.703586438163796,28.03080843283631
10,36.363891218317626,36.16596345969983,62.11183319708051,25.390375488247535
11,33.4110734520928,140.88750881712107,24.937040968389173,37.89751627717895
12,30.58435051849495,114.20158914362027,24.625525395467736,42.80320189906317
13,53.40915670591759,143.49196707985104,62.843351559991916,24.095566822089204
14,60.545791074954394,8.00837499716988,40.25526283087094,41.54893478751349
15,66.4196822489391,162.14754647681514,70.71365485619921,34.68549393108965
16,119.46003401212712,68.80529649207365,30.17724711771273,42.60629985300194
17,95.11943030565037,166.71013889020549,30.615545327835726,43.65553042538409
18,74.66150753293952,107.01339005038281,71.1113536935213,30.67065950333062
19,118.67521772182619,98.51630780305703,38.51066964982099,43.5274182764626
20,25.837043788271874,147.25389945826845,22.13734201269931,24.510336820346637
21,19.225444062941346,112.577640528127,29.31950543678114,31.096413395782875
22,73.50475251276369,121.4229276650656,65.02145887801791,31.081409827504757
23,5.273040955366004,28.368260645527176,32.25427062020573,26.128354341658117
24,4.281633452831537,108.80226394218948,51.12591778057661,32.09852544635856
25,61.78665843256444,64.16989957593862,69.24986759890962,38.81651012961353
26,55.94472303903469,13.605792801205364,54.677481305162836,22.709029199653973
27,110.06013278314227,23.9743835034511,63.92487851543941,32.024702155166324
28,75.50715053892125,86.3638558741333,78.50104514307222,33.13790359685173
29,61.69411759194166,47.25085430166846,34.44871961972139,24.91292257003189
30,59.62481224722051,137.7581167497915,71.95376151421142,36.05194595548507
31,29.7017906432797,22.031726935642727,50.819029594054065,26.318858576266166
32,1.4152830651007031,2.4874060171225887,28.091997743349296,34.27147966345283
33,23.088257278237275,179.45633672136722,23.579510003431444,34.29271755450517
34,83.0438545058207,56.33495756242616,36.3131887598305,38.72010492643686
35,24.072806878439422,91.76217069691572,23.947810119006938,43.371344898346095
36,44.3443572722648,37.80848238530137,65.16217519701553,43.15233939859979
37,0.4481090462491144,37.58377674695539,51.23340416463634,32.55241537090593
38,99.60572757620947,72.41462616036158,17.87519652929631,26.569642838546375
39,18.535329727372783,142.16383275005288,72.0893628397258,26.05573701127237
40,32.11191654765425,7.020432174054029,53.740188469494456,39.66278842083071
41,105.63985847769943,150.71470580014378,43.78674839601448,39.00582989252092
42,61.17489718421078,178.24812977928855,24.160972947582607,39.851317399090995
43,101.65802956390432,100.64919925770108,45.540262395806494,40.8370215059341
44,76.76606003310314,64.80202963062143,74.62623142505099,34.12500881522591
45,89.01251368342285,42.10844357639447,52.9873908252484,42.43732837747615
46,10.97947260756548,32.931180852948046,44.84902984547802,36.42899578435784
47,64.93725856517865,58.200430897149026,54.52619151900881,35.7845098642487
48,60.932668356041994,153.29829125628464,50.78642765021814,40.92584469677098
49,104.56072520314568,0.5860199469940786,55.53614683616553,36.30202461269195
50,43.35168708169891,141.4761480794533,27.933208369770202,39.19653997880329
51,71.78208806486556,120.13763892219966,24.663585926417156,43.24628883008197
52,7.110197081460434,3.422886809432464,15.813864495583246,29.885591712564327
53,46.515816133287444,12.518610060905726,69.06957323135046,38.777026414044926
54,38.7643615509848,132.31119873655365,15.210553997967729,27.46256647434968
55,18.023967488454225,121.1707839191066,31.648937585923886,32.16172251977854
56,97.96057245828908,56.42868193995437,53.047008290900706,41.83878175846867
57,45.533540586037496,155.03221262796336,47.4870238235237,44.33933713232453
58,117.4497461293466,37.828274637814545,73.5958331873799,43.6892742731683
59,70.79900316127323,76.84359060689097,28.858316573355758,38.94082622971294
60,72.60675045958216,20.700784149136563,22.409526791361962,41.20935963214151
61,76.55958969459986,116.22499147416005,25.4270294684587,42.11281710926466
62,81.1740292575346,15.664229734892869,47.359554627185304,35.247951537749
63,18.094562300204245,32.30675471838941,33.930213185390464,26.08793401165197
64,52.837616062582505,137.9430496162726,44.600768911620825,20.442990563698924
65,28.7476754195428,90.0429672795908,59.71140768621024,39.02871612598679
66,48.29979577247779,119.13617208586808,35.88965465059835,39.00746551414692
67,11.604491271809474,132.11157342782943,58.23409489426744,38.275810584249484
68,116.13936612585857,109.17916137807005,16.27699789427395,34.50222556207877
69,25.800484482705603,35.596774682125535,50.501380245983384,36.44736098245157
70,80.61181951335419,125.72906189413729,73.97614125917518,37.96069672056048
71,36.05040977748843,20.8688142926602,75.720276821347,33.29138749694978
72,104.88924313794054,48.56621629430752,52.1662973310765,36.464051506922274
73,79.46576860061445,80.66467413871784,78.9006732493855,25.607686723031144
74,15.793897896996686,20.599383116098323,30.300699052670517,33.35406774700444
75,101.40891850494636,19.07831704498245,34.34497230487387,35.71583810239882
76,113.39378053739755,117.40860078123266,44.126120075872066,34.21723705578289
77,108.47001458351122,133.55234846439674,48.078886090745804,26.42948657249682
78,68.36629774311326,66.72435304225958,68.26556171451804,23.16876744667119
79,17.45519445131123,70.17379542159064,44.08034980010265,36.362308034612745
80,23.095619396199886,37.368180193945086,18.123347087604117,22.814315223206158
81,111.34868216934292,93.89300462149876,60.491908405587544,39.85602570127354
82,66.27917852007165,104.46633025665818,29.473445530721236,24.551863159174463
83,21.666299813869397,168.04917227875484,72.35060399275244,39.29907546517183
84,106.0868273035764,7.304408598197245,28.779456186657853,28.89199696777816
85,76.9886046266977,163.570498754053,34.22308197113226,42.533047317264405
86,68.36331293685696,178.31658071326262,23.920017879633807,25.640723396564425
87,45.15454033559041,62.3311223975571,34.66697989821593,23.94039792059361
88,49.31463385885558,130.64543052554575,54.062107830761725,36.8775333089654
89,28.738705521821384,148.47203653214729,32.375203328179396,39.34132274338499
90,4.566874402948691,117.20277549387438,18.149728716979038,28.737066147091216
91,105.14625697311251,52.002826482262954,53.11132698605365,31.799882091900308
92,56.12762601769153,112.12318893468503,62.7703818534247,36.5451797757503
93,65.71622390564823,157.84358220997942,22.079925994424386,27.379882180044163
94,38.65959717362701,19.2685469505766,42.575875534138426,29.72510254262221
95,90.15899038259134,86.39519178576096,19.437315242676327,34.15208813357271
96,3.0236244962112435,4.07617312193695,16.100548412466715,27.57244490151693
97,44.66223270782447,152.0928328895666,39.3449695503939,23.649485788036923
98,3.6420353260933958,140.12821372208413,33.62424661685393,42.71510921218186
99,14.747052264601122,8.28607383231189,71.89302424329288,23.065882973817295
100,116.05778824768413,134.24603403854678,15.878132166739594,44.67274079864228
101,78.93128760462173,124.4802692375377,57.01779233247769,41.112952386068486
102,51.38642956673776,22.725228281962167,62.68669454766446,31.172752404209014
103,62.848812949257635,94.53031474659916,42.10535397835268,41.51703613998414
104,104.73710502777293,124.08476463454623,47.54879854076285,21.6071816185769
105,41.30528003952315,60.387385869398436,31.06256485710354,34.06407066241647
106,70.83491787476576,90.70169379427033,31.40510637672853,28.839096961626872
107,82.04212480074524,175.6678056236203,18.444863567257205,27.51900615056603
108,42.64965324282145,114.42273228040564,73.87165151859895,42.37023105954145
109,62.291818379518816,90.3587975094832,16.86376744726497,20.95593718545047
110,91.82968599342271,11.879539470951215,23.91214663464297,41.551034733745496
111,109.10151767886602,21.810859047979648,62.07735735042846,21.9677843216967
112,18.12747336921786,153.13861098502838,44.74337080759915,36.93597157416559
113,112.01032707689143,133.6677452512612,48.27942617222484,27.140939271446193
114,0.6214638978518572,150.31707226643104,34.13913206419953,33.17279290136373
115,90.35730043173048,104.05539840053322,25.47448699378151,43.132374471445246
116,97.26321963806942,103.68169573697513,66.94255857331773,39.93519974511831
117,16.411686185109783,95.50394060293601,23.045794652050454,22.479069070235653
118,50.26843810958222,132.3146987446903,34.228426979818124,27.63001313273683
119,97.83075335940548,59.43789640929367,63.8709663191747,32.20062373613767
120,1.712542762153273,89.40708118554657,34.37648716942499,37.920492459247995
121,75.41543374395489,84.55820614946778,76.83766784052622,20.13997652079337
122,95.16283897176409,119.09470874220644,26.39229234107145,41.59822940423973
123,61.56042993866502,38.917937147034614,49.29442842956482,41.04595461751901
124,87.10193046613045,4.513369993489576,49.97223895205067,43.90498999198054
125,27.17081792365729,15.940869966263039,47.53189349497869,25.061618636026658
126,23.822537759120742,32.26360435223569,65.33554533062421,25.330775688448263
127,43.57523406604219,154.30404704702366,17.995972310280433,40.82132846436696
128,21.528723308057582,129.0306618012664,50.48358339438493,32.868004710480236
129,41.52737269349741,134.99478128153942,66.33429030465498,26.13089451504642
130,113.77488736929777,79.961199414985,18.29538360080479,20.424678945461995
131,68.79992611333451,18.498809540591104,50.509886597389276,25.414838241686617
132,40.80816809050078,83.74917580029293,43.64281373501636,36.87582377121633
133,32.582954377054236,155.3376359138662,41.29945385964956,38.320537267234435
134,114.24473888490267,91.64788893900037,49.95171871558346,28.85653814765125
135,53.33738515765359,113.73064587095224,55.60618372939085,42.94085402156333
136,117.64737010567073,67.35481499334793,60.733675031740965,32.74211679179237
137,61.86272029275252,27.015606506526744,73.38607968297845,32.93911581878576
138,62.53993548314688,112.7931475412974,57.67764614097004,29.86601354844899
139,107.5848628459201,87.29596460362379,79.9317555782227,30.083233472678707
140,89.13209018580474,62.21271736318726,58.2159418768099,28.97464497088812
141,69.6783436623387,46.53352395285508,32.49374822032783,40.61629415358499
142,51.197940460351,125.27844146668373,24.568146460330553,31.0045315300011
143,105.38254313019365,57.2240706510229,19.60822344571905,25.78404049292483
144,49.39753798882661,103.67397176938333,32.434858477057475,30.882078093066685
145,110.7311491402161,46.75346698605258,22.74340651625171,43.139054961986304
146,8.245842254623383,135.6140918871276,59.422385419234246,35.97389126347706
147,51.599623428139566,67.4909914918835,59.81794405682454,22.625721220108495
148,62.341778385343076,86.12890245525364,54.784068538646636,30.478562259894304
149,114.11258346982197,166.96427475182625,39.88275198059762,31.66593549149901
150,30.119909599770978,129.3087350754953,45.153653439205236,20.347697477942855
151,96.72469767145306,132.53970859819657,31.863623784553038,44.03578944372532
152,81.17654399983121,61.081533689575686,74.7113890705856,42.90433567169393
153,86.05030851373475,151.26073847140265,16.03130575909113,22.538324713113685
154,75.55466194082443,69.43652798261313,35.83838858110383,33.806185977531975
155,116.58728501538961,177.89505087695377,52.232111560394586,27.81290840874254
156,39.92177510535898,161.26192139218284,26.742462624038104,25.29549155700809
157,47.79306716152447,118.64243966702728,70.52717281470177,26.85583517484915
158,24.349410265621945,149.66350674489843,46.2282036960768,21.338531860070386
159,6.084486632672461,97.92781996808915,39.086822184775755,37.20532385372784
160,25.548983397040704,131.955544009464,19.083185134030607,29.166474091062454
161,109.85572765486899,22.459374403147855,33.276933678053815,37.49428232955522
162,100.82025805900676,177.9454127255784,53.32687978277946,40.3830508243293
163,13.488688979109478,144.0380215054691,33.27927327718852,34.316704345113884
164,72.45348303802385,25.639628544551886,17.934541606182332,28.590312840365122
165,57.50357938675498,43.67058996697052,52.67125335549109,23.500230524919964
166,71.36218445859343,103.49497286050587,34.75454976764017,36.28604672768659
167,79.1130007930876,137.2952510793078,70.01542842889974,36.867828960537125
168,36.79913890666463,26.793670758608904,59.966464919834735,39.530374893625975
169,115.36210136837484,172.91477911619864,61.89591413211915,23.442303348712553
170,55.90080420733499,62.269440851967715,72.8616458606947,21.153904947498038
171,75.37210258378882,179.09541506121104,67.65045696712178,41.978001276789335
172,76.22714206796559,135.46543949442966,36.40167704421967,35.160224206795824
173,22.06672758116294,87.39393090618435,51.98531151176203,22.35456845159521
174,7.423850178764897,65.28609005989014,31.826884286497204,37.7253915835652
175,49.38201881975699,17.367926815594597,28.09982162988015,21.407082611568196
176,91.68361061261623,15.822086157965359,28.380784984984736,35.8026613298983
177,97.8266145950126,113.30158940420212,22.21669762368628,33.871829227262474
178,87.5987098802478,139.23376301010043,30.538456273229674,37.88173564183995
179,13.58459430302676,163.3575769252359,29.605429194099997,22.350921256625227
180,109.60258338372546,65.69807716128676,58.71717957629836,42.714668209831785
181,96.24438935967406,168.77343865259746,31.34626434216835,43.50947392314666
182,105.32296399794402,53.43752295946119,18.032889990138422,44.616894167656056
183,62.79649835702128,169.17888958984298,42.4042309640713,39.14960759182394
184,109.87625221208789,165.39037217212424,28.061497965663108,27.790942936252087
185,5.598268554466461,27.899788584756372,59.80768009702926,44.46326510013304
186,3.6346600717922373,154.9429242326004,29.41123174120625,35.35603734041717
187,2.425868802737625,126.66439280819799,51.202997793802076,37.96121754790593
188,30.332241354294766,126.43879161831208,26.44180132196735,36.533465606965095
189,29.828372785077946,151.2742285938557,46.33843993122427,25.166195235393776
190,22.500400122715988,96.59953679185533,71.36922574324356,41.32829032462701
191,68.04669820624748,91.21824056458546,34.713685122076654,36.17086041485172
192,4.678300923965444,66.06537574602598,49.267828828432854,25.5221739015711
193,70.8465441401822,155.74503316782386,43.51030138969091,29.449530710550217
194,19.921338365666045,162.1976786004956,19.550987294390445,23.58868491506225
195,81.34484502807713,28.898062763637295,16.343648266307945,30.821041067322454
196,2.5290425332669297,138.99045045528646,69.7606970426735,44.73862849821592
197,37.26842364638338,49.59203818240687,37.12296774782374,29.593672407423256
198,112.60095442375368,33.094313104296646,59.5944668362606,29.885962958186568
199,64.60756558526936,35.497517081407686,41.825146187401266,40.076204268393184
200,97.3904883296101,103.19501207728726,69.49016876312075,22.06977755314415
201,78.96312979340709,50.35863316182554,27.67635324237981,22.992671834226183
202,73.29009427362315,43.61018564344596,46.44882611199385,38.64427885180706
203,22.950321610187686,17.72927423270924,50.64529772310148,23.258378903059555
204,68.92736979093672,58.44816702123042,66.58217406795342,35.28384194266849
205,4.762370215080001,139.33687482467536,16.913996179952612,40.4190937812333
206,96.1997286110248,3.8877565793266933,38.558855978923866,34.07648875414508
207,115.20851004314113,86.87884705631267,45.886394627702565,22.004653239754116
208,102.48108856102142,108.5051193454973,53.273950062629325,25.161046166652483
209,6.085157515927344,8.93145652561037,24.195218198200955,33.509467537712794
210,40.63921000562622,52.915006118006175,50.33362968398844,43.85284922543346
211,38.16038374347387,163.16570895789678,60.074501766694986,36.346223292456884
212,13.526039006744398,178.98064385682275,62.64770844891197,37.42234195483881
213,75.19341831937453,153.05531883735742,29.58244547091629,34.88587077459742
214,95.69498104396,30.54566132173558,43.651829066369736,28.14915631094381
215,37.64657664026927,137.54822216488782,34.36770611007614,35.19282182710759
216,103.53710819024816,81.1558304017739,40.19675085573979,20.239111840672106
217,95.65522954153556,30.715981231982347,38.596058757241856,30.35414644558744
218,15.496552976918974,86.55928821099491,76.43278762608202,40.29648368362349
219,92.02309880857864,166.1184882562448,15.870496687509174,25.111388405828826
220,105.91448638823019,157.9054784685519,76.60217081346885,36.20983480547765
221,23.673908379809582,70.4762954934035,17.151414013551644,38.010946043341605
222,68.83694153982277,11.403395214839458,20.06471610508361,23.912426219584095
223,76.64999592265235,162.0995882411728,28.391509828064024,41.44526044920878
224,73.12011089911198,177.53137981020487,33.64429780070341,26.096294244383678
225,11.549481315365217,92.05096908846198,70.75279160100345,44.06698958286811
226,79.3429753217939,40.55039041790559,69.67611559945021,28.613712080922213
227,75.83456696154224,97.88270475855269,75.7419768321325,35.28981007445765
228,98.86625868024171,125.3292393406827,40.331781520576534,43.71536654011717
229,96.4215238956394,86.79730378228001,16.02929313879945,40.49862108619551
230,39.26018495191868,63.45868805470903,55.67835401943347,32.14345762211002
231,86.64567995118647,44.601175545804395,73.4464827047791,24.86140509332813
232,104.07280650868272,53.434818143417914,21.98358026260948,35.37062449212063
233,107.15373098289474,8.96772398918879,68.80653745674489,34.69609549192723
234,19.381479233639908,45.9133519982411,15.116044564989172,21.59889170683444
235,3.204282010354156,171.56342829557127,62.6005199509736,29.56247932058163
236,78.09689321066743,1.4575606300379063,47.063564330196925,43.01757757195672
237,25.7611527292516,130.94431031826377,74.03705284817843,33.143835965862806
238,67.64516691204831,142.00434708134134,71.87400279882588,24.52626134898749
239,113.37654357682091,72.84780351004686,18.022412009769404,36.097597264252975
240,45.518354910308126,107.14334148388343,47.379706189407194,31.346844716478223
241,30.33294604611681,39.75885114453776,30.734381602434176,42.84512722789593
242,54.78120599542433,120.24814052242158,43.5604463151726,32.251245197475264
243,78.86926959248804,127.4086362947622,19.309570282044092,20.65317542569881
244,12.131876142559053,132.22230606785268,38.43612483375699,24.035854325191842
245,45.670171620065126,88.51082048007721,41.554619173610206,24.38519207904286
246,16.046542660622723,174.674865158562,15.252968401939459,43.78051421295568
247,79.49354659371046,155.9367929385545,45.84372691255277,28.983278019768143
248,99.66630387158207,103.04243936796347,73.15069386847078,28.72088237983364
249,45.22245376905389,122.82528022429719,18.949718029024396,44.40238319427546
250,44.60687433293019,49.461540225658894,76.40962704715544,25.154585134227272
251,64.74259907369215,169.85303076898114,46.805584765817734,35.55012065439726
252,25.80693355657123,116.1256007350031,28.688589513634057,43.693179598240974
253,29.689150994012508,161.08632965101594,77.99164332907412,42.749129456670275
254,39.58227399388969,51.952399903434326,45.77856339122913,24.009085044253
255,54.89108377658609,176.82861850901824,43.39945655844354,31.776630070716706
256,9.78377523630881,18.979911822516566,39.470556524605556,26.30156468215757
257,90.32785636404068,95.4628353637396,72.28687919650679,37.49894187361108
258,69.48654893151051,19.885034948617694,23.445161561888725,26.15147567951757
259,35.96326474686015,34.161805789779656,28.680206186521975,24.423296149699972
260,9.305588682120337,137.5471267402183,33.409330365389714,26.79791335950832
261,91.58171416817775,11.897105574383417,19.05780477546526,23.26781544438791
262,15.729478594958483,68.88785640252864,69.86479892514438,37.91062040749745
263,15.984797081961393,34.49800601512234,46.76016717946648,26.987640015420048
264,15.682109496873199,153.04885262361057,54.103367414157965,30.00113277931807
265,9.751477333918857,14.827589528059342,72.55609696764992,26.883413892282757
266,108.76708384803084,60.583840507657705,47.15885482917599,29.505055031400577
267,32.309315960806856,154.1238796086514,32.959233485748044,27.63151474343949
268,36.76926950482323,123.644503980544,49.53001426414081,28.837091233580328
269,99.93531720024811,126.59906801955506,47.51547956147731,37.72307344657098
270,74.39081516541617,178.41389862088664,34.42364942866258,24.345963019575024
271,22.45720638488626,4.215717979939497,30.064892197028797,37.16680284583122
272,52.177609485190665,119.66728045159036,38.2569398739944,28.68325300183995
273,106.0706957666576,134.09235980480872,62.77799200544534,22.339292959753937
274,45.044882042335644,134.6713108699092,25.746425776351604,22.99368208756956
275,85.30578638358404,128.52386322168002,79.7451682103961,42.51232331871007
276,11.616925060376166,12.998247939318997,30.2921410203911,21.048934075086102
277,87.27897320862527,15.10892214910495,32.722299133676614,26.906822554143076
278,93.17682288782959,139.10435875324103,22.986758023558547,41.588168311743715
279,99.09201380425591,110.11868076613612,40.471035996622575,21.986714854736306
280,80.90411885222534,47.28133984165557,39.170576590013034,25.27467874400243
281,44.48793537915031,1.6722708715997725,59.31813050385941,26.7200706008113
282,7.705440019932435,96.02243779328359,73.24236367786304,40.89470947518299
283,62.253148087235395,16.2762790125467,31.11136458293302,22.893875759421597
284,90.89518876586425,134.70871804512512,67.61047767849598,43.63895072573687
285,22.900584418761262,61.32994462336139,35.03862701114384,22.99724700013462
286,31.948467193553228,145.34614634110366,41.43731978486986,34.13800644293203
287,64.33440508552466,17.200034187960394,23.337861703781137,39.33149500983295
288,89.79978754775031,88.91569383252454,73.02732764188164,33.96496756903552
289,107.59040769110155,17.957696477205143,39.265424634289865,32.686767585431795
290,15.088982104100301,140.46482243605735,60.556569502300476,30.939252282665205
291,22.11242554397959,100.79695844940595,16.7183629883225,26.316867309442976
292,95.94443656657714,42.24376296393467,60.31279343507098,44.814111669566195
293,77.34259476281696,173.3135449369541,29.710364823804163,30.09597808602542
294,86.51673501719729,122.75909321297534,44.34542966702043,35.98891311036701
295,119.61253980375764,60.54157467437404,58.79624828867692,34.56154828617007
296,112.70159504290574,153.95983283567097,26.096777184089454,44.04647657579143
297,101.16300802099035,68.39681374346505,49.266828578280645,26.101361393497385
298,93.25389708638184,169.6436998049846,69.32163828982863,23.87450908630332
299,47.40230582477243,53.480836999941474,25.621471191443685,42.47838703651922
300,76.94749327317781,177.1850135207825,45.394714930381205,32.724206560876276
301,22.13347709358947,11.246948485434448,26.96356221782146,36.02935493261257
302,91.1393358336967,132.2227437168899,24.315172604533124,35.628745410221754
303,90.92287974220665,52.452167988663916,46.84975469909327,39.558857293821774
304,86.55542563616629,76.30238633145909,44.683205848935955,40.943997065233226
305,53.37588293121348,114.51338056462201,56.849279351334715,37.53589228630426
306,45.38163945489853,8.249415220027345,70.75701373939687,20.123906212613274
307,50.372511884392964,40.237125858370035,60.92837439573577,40.93021993062369
308,4.000708213349591,18.72303262210665,36.861495057991306,21.060428567094327
309,101.31841396937915,133.1362026434338,46.595874257009186,41.442053499293365
310,65.08438530657257,39.82349730205581,58.79505657337159,20.027363205549875
311,46.50223668020776,89.69982929942134,69.51700761791079,39.360670635219286
312,65.76345219192466,59.13241403195465,59.378830234133225,35.9681535163578
313,86.59682622235947,42.50101933738577,47.66791023779893,20.64901232634209
314,45.77530432780749,168.33200380523033,23.675637796769347,38.843183591909316
315,99.67688080943903,91.3490165456641,71.43899160012322,34.48850995986612
316,110.33560155664645,117.08463442990195,33.28873063557609,23.026031259344474
317,46.491875677277335,126.78893818574052,41.330519262481985,41.919686761901566
318,16.537938521991734,147.8072271966771,72.49894885504474,34.77913588201058
319,91.24479551882186,47.37946862859461,28.476931224036225,31.566220786351625
320,119.15386304983272,14.147052042264352,74.39880296759414,43.63385415732169
321,17.75857785144776,84.10423522494543,29.89128549610605,25.07834324904033
322,85.52108112737578,30.601103787652967,20.66922362225469,24.408133697239876
323,99.03880803600484,3.677743537978395,48.38485780018489,42.309894942121325
324,110.46863339956333,165.54317397892555,66.69561196022822,24.011029526678904
325,14.80576971330892,112.78545027529104,41.1553207581198,40.44116339096545
326,11.017189578193136,74.58565253210033,69.77792782125056,25.24699156416519
327,118.54458982158403,24.560115994858844,40.76292675364611,40.348384587546704
328,14.010778212190598,137.02474856866291,67.9810143455837,30.20213154841584
329,21.216907096427526,95.94094431738502,22.329019268236106,35.43421018855228
330,68.99435205948228,31.373057242401533,33.419246675160366,35.18021688645662
331,53.55276435475616,176.80892830518255,22.961369816396537,29.868439633724755
332,90.04706295933995,171.14664779120167,63.07456004266203,32.96148308262982
333,22.866869778973605,166.88539985451692,45.52467497996139,36.23527298865956
334,109.73133138719034,148.796862106202,57.614546693098404,23.410457739691108
335,26.063381556926693,95.68512378707047,30.494753319149616,42.897379764059146
336,92.29331882239677,54.081103029493576,62.75395035698974,40.58370383543888
337,8.112423032887278,117.30749041830454,79.53185467604764,25.20334140644094
338,56.80831053085984,27.24272337976356,20.138838345467757,25.631140797272916
339,3.9069991974231577,111.0262803947695,35.72256818477836,29.86373779377564
340,37.65728476765236,11.892133562384002,71.51230937875692,39.29104211055631
341,37.46768090100348,2.4453520943269247,70.35593432953726,32.920269454670745
342,86.36981269662907,128.792916833356,71.68219002365612,27.87248981172285
343,54.602097978287986,61.68793387106281,29.72828088737843,39.21246339154096
344,6.812923487150013,125.50517355336952,51.6050680228192,24.889244908353213
345,119.44339913147962,140.39043270005163,20.595435494466788,37.71277357071817
346,106.64391680499993,150.35466040795941,43.01617098560925,38.84061571002195
347,109.95887219680836,110.84927905194061,52.4486552021715,22.549483162356438
348,29.58906360883665,152.4127088122468,31.805850780479453,34.24970226139585
349,47.29323056699616,118.5965610007189,42.4383649735593,34.8487240051529
350,27.261540109602404,166.91047894358277,38.8024723559824,44.28030358668231
351,14.988765861319884,161.43295821747833,20.501454208143016,27.47108604009606
352,3.9628709598882805,7.7907229944667495,19.454398825668193,31.49918817248057
353,60.400373758368836,48.17656379494547,65.77208378121905,43.39863747181177
354,14.776038727966764,69.98870157923297,15.190308540268092,23.26373813540104
355,21.156524564175257,45.395839473328344,79.09911879037648,42.426055423072214
356,103.25708165491451,31.84043653119395,73.31224121650065,29.138589067372283
357,58.10913223607176,157.22521100585715,79.17363340467091,28.588637863069668
358,22.04442252242992,4.500270749499244,66.06582907414699,44.87551698668352
359,80.38374717807746,32.73469958468482,15.160410644047367,29.760382964313244
360,31.903785323378337,136.8437499272302,22.53810419056486,26.181645833601863
361,63.232464006006865,40.19595506097638,35.714455219776696,25.183744038993037
362,33.95434414348133,46.503559944717466,26.788867724394432,37.390345642091106
363,61.93934250131326,174.1449014026416,18.931533423696596,35.8962920364572
364,75.4240308898982,137.27737544644222,74.60331202711882,25.97520732716184
365,64.34496954495214,80.7597216377093,74.16555075983106,32.37703924181493
366,47.47249287538807,24.516323116371737,64.8575060423924,27.16387882088161
367,94.8976558524635,48.428384627589935,31.448413111667055,40.93199141830915
368,104.81249389748213,176.60935282216965,70.40253607415042,28.944506732381452
369,21.52455164258476,142.39404791830594,68.24632307722567,35.390874669639764
370,16.357046978163655,12.57819591371264,36.03610322190576,42.839548670717335
371,13.582996893845124,127.2316932620121,23.297700047211357,25.96952095786682
372,117.55160765379807,67.68551708997735,23.81221034700451,43.80554198800827
373,112.99095634271013,129.58282488403344,41.58239240603893,32.133730381987114
374,27.680061876132285,53.180301110582796,69.0882291594497,36.00697801224581
375,116.38890882986055,23.429704833608668,19.961998932700954,26.80051865362389
376,24.93812005480848,3.545979511022135,42.93130470461493,37.36163126291108
377,60.77712194257569,53.22343198198112,38.04847142438342,38.09444741307564
378,59.686205306341826,154.86193873716883,73.00463828622988,34.80578467242391
379,109.79470832866082,160.42155198621904,24.941682351770066,41.56346145218563
380,4.86346318737318,122.97100786673025,57.61282162738907,31.79071047027643
381,37.842097732125765,134.6195431190786,35.99490221827271,20.375548747384777
382,71.9969638158873,35.033168601173514,57.023677432663646,42.83524582075465
383,7.967786220393478,63.767183705180116,68.44501352799645,34.19823532321796
384,28.386069168722607,161.86198507309726,68.60126670736963,35.374912373357375
385,55.807614491704854,177.53042988658743,69.95874967195073,34.964241918638464
386,105.70284322430733,79.7498764869387,34.02015443916515,21.030739782974543
387,91.31514259893453,139.6754331828653,32.932951271338524,27.188651263214695
388,99.47765634740897,168.02041204903068,22.9732506079659,22.246028346176224
389,91.32837270351749,179.4604070689881,31.5967863106566,36.24513699879586
390,84.92649312597396,53.23611078655607,22.757894758989636,41.367877411675096
391,101.9632011175736,117.73271460847374,65.96007056637873,36.5141023793355
392,81.77720288840266,70.19632436905404,18.075679421056822,40.33963580838186
393,88.28196711763214,83.71504709375957,27.461031459893917,28.315831490572275
394,36.1973403302657,83.14535004530542,66.36049068827245,20.786899083639376
395,20.116886747848998,50.13275591245572,64.95106709275255,30.241164319145867
396,90.78299749869461,3.4317012513500833,78.27679450403564,24.219506598986598
397,19.900475492239348,137.97567247408688,39.934583538721654,27.630608243282246
398,110.3347021823963,125.27415441758068,17.931819988900383,25.97104038577653
399,71.59714048273456,151.30747772284795,67.53133835843099,24.516438406864015
400,39.53209354461903,27.59475293415718,33.60862420036253,37.19329542326344
401,112.3971787982821,42.666479986652924,65.25572315741405,34.941503648048645
402,18.615632632541374,107.30339914431121,16.25892360522352,40.568879365103896
403,61.73596052342957,168.59281450435714,17.262539761748524,44.60558818937659
404,10.986488785948332,84.91943226420612,53.87684223534007,25.938501056025636
405,115.85132509014885,36.148928921839854,59.467181817535156,43.45182756235361
406,69.04512741739548,107.04428833102867,51.52921669357945,39.1917653949787
407,96.43999173600648,172.35082702954307,49.593299254724165,34.070976565034655
408,33.83069023772434,156.2535940441825,53.81248418729162,44.315572524017384
409,96.21559520022464,161.81220158784134,23.511147651015413,32.81038938747163
410,84.34103587069175,73.89396954914069,19.135615729528126,20.707529031300005
411,77.24177637512223,47.21304936066335,37.711093028139075,23.122604970655935
412,114.06753778884384,156.70497712825662,50.60567836997783,27.820343635324882
413,52.01896057142916,141.8556813099826,31.175984984176235,37.40748318419914
414,49.81061203105525,153.24790072208427,26.635918436166897,34.15751475280277
415,83.05453545420201,70.42084033499205,44.01495564770368,37.08030911269364
416,100.20663673716473,51.50843420004027,41.63020928499072,20.468563061783012
417,40.20912240405532,43.253921358894026,32.46559097710919,26.19872454285588
418,80.35884656348871,156.7116674845728,75.25738824442897,33.86792872222095
419,25.084488943692755,165.49601284980997,76.29204170562383,36.35834253496201
420,66.20399683834596,66.08956791547787,18.041155036153743,30.79859217615222
421,92.30060422417594,157.41745387052964,46.20443014861323,25.455101691582932
422,7.83779413802038,68.6506961795395,30.45418691677456,27.745058282313003
423,87.34104785331259,80.62358842092954,36.846691409934344,39.02335344483971
424,1.8518972340603979,101.96667155239325,16.85106282349468,37.94018010145551
425,115.00200347943492,39.83420187887685,20.205333502732962,26.181758312509302
426,56.24037605981147,48.140902980453,17.178909415303245,43.764369706479854
427,49.08850275376546,47.99720483718195,23.168122861376737,21.099229405073935
428,86.45335810412625,46.8127051933015,57.202227204273306,25.860228583679344
429,62.795864395931,92.7937453833225,20.09209680706109,30.95575553543435
430,87.70186263879161,18.09032948263554,72.5878572420382,40.108916371420044
431,10.170947368045278,140.4682903477997,67.16938817389666,34.1309245157737
432,67.53502447954472,31.46367679182513,32.500487512597715,36.8879872185236
433,66.97304314195051,79.91407054717757,59.948348000451574,43.78223675413486
434,111.85366700505841,115.5280336455677,76.87662490191767,29.17612270850114
435,4.7526693706358225,24.84427015460935,22.55607002759137,24.536053349993995
436,54.338357166768915,73.6545571585723,51.404519519018855,30.236188484514535
437,75.72874945920393,101.36913076748841,45.261330370173155,34.08511999231865
438,66.08963415219019,99.05552633966836,35.17095135811431,23.361075131433747
439,8.899331738088838,160.65432173602875,33.71648615697056,20.96521875889472
440,71.18740718227747,141.30157464688187,20.62229622657618,38.15008175359072
441,26.66362622727172,21.763737173944136,57.060306944315236,44.71896505215007
442,23.46590152042176,149.98024098054626,27.85196741711616,43.285019823560596
443,105.44290616971843,98.96284251397348,42.47744094857011,29.40485410262903
444,23.741052928762375,122.0693985602814,75.32707976501756,31.353663859362772
445,54.51489024077661,28.79572861360802,37.637194684123244,40.722506090692335
446,90.03442586870439,84.95653603463698,35.551515383861016,44.6228143635107
447,84.8778463229513,125.98484540130308,75.61102262905791,28.904588227491004
448,66.41508071055581,143.5414837789088,52.932218971927796,43.797319631192
449,96.84548963116686,145.04605176812498,52.08351600314968,37.46670326750963
450,55.89794090447944,39.08364777923134,29.454728057613323,23.68142662475224
451,74.44625204873175,149.89063299371642,56.67910783169971,31.260170968125806
452,98.26999688627234,102.3169025776061,39.64621536526852,20.076494776484314
453,81.37099632155558,120.36380633509928,50.34719460775292,30.186064380999447
454,77.0194040048854,153.2794159791681,40.849019992663614,33.076381133624245
455,48.735446848453925,72.98424293457269,20.268803453060237,39.95000167810987
456,66.99881497120346,165.5347533628001,72.04953761428034,28.266572095794892
457,47.529919677160464,158.62590391805693,59.96491725046788,36.238093252089115
458,89.31507063565788,145.39408879980343,77.2851550172908,36.58011106337426
459,45.65161873371003,68.38946641369277,34.92073331845227,33.10107153478809
460,55.99453851833337,95.0772125609889,33.293713135783825,35.33204855437207
461,90.6548507997422,31.161373755591462,23.81605621692658,31.49801151290038
462,60.438695816722195,136.687343560094,34.87103248580837,35.26311264374233
463,40.563908481835654,160.36824248242826,36.13082774576925,31.5175564838866
464,99.2182726643308,28.951994975867514,26.95738008179322,42.79829253835446
465,45.71551129594833,134.0544916566659,32.198520962248395,22.82451159028296
466,101.36749208093862,124.95069955658948,34.111703955937855,41.597732020912886
467,94.22884832384544,6.573848192807525,70.76777899999772,38.627468810014264
468,53.674658852509765,165.04679097029972,44.008313319450735,20.28101321928112
469,85.54691276757933,86.24668416769956,68.28731282639667,37.974039198467224
470,4.126764030100598,48.45225665849059,18.234542781646102,29.069425882300635
471,46.77580846582046,5.4335788520198385,27.250001026139124,32.67730980139392
472,103.24004234352887,140.7319942476846,76.92730254061192,32.94162612911464
473,69.54472290220312,60.802693878326124,18.26997734213584,38.37988997510743
474,66.93909914680773,92.4289094390592,19.51487446751971,32.159115247968636
475,79.76866626642571,35.053059402901184,48.66874132670155,35.89381909451312
476,81.3205958369107,109.25963424174957,33.83922156826527,25.481346212586473
477,70.03179012565492,71.50235895779068,27.62242731615151,21.76904290331789
478,50.475517261191534,145.18807001933706,54.56810219498376,36.70601846786465
479,22.018042582415582,119.93956888484358,54.59174217249506,44.713401631246136
480,35.11704421630395,129.91121908395715,27.22427569988265,21.9389422593021
481,35.150661244143606,45.20725505693657,50.03946997078424,42.767745668253696
482,51.68939095682775,11.493293642724169,44.562163539445486,29.610395255856545
483,119.8870506575779,158.3926778554071,70.02401406991802,36.33157623382718
484,42.30623302544056,168.417039325056,19.448632253899497,26.6512993100478
485,53.68551381831223,115.83039328106986,30.15240194048221,37.282491561154
486,44.59530765917434,165.91687243200772,51.728344279414856,30.89740640722092
487,69.77132874298454,127.13300851946828,17.169989861280012,39.87371589071279
488,113.74782953709752,109.04796901204107,69.9701422186838,26.924516090715787
489,106.68874724622229,75.4290828322754,77.93409469912842,28.32227282356985
490,45.25664948454393,64.00994314872925,36.33889746075948,35.63456885317778
491,32.02813704503194,88.14016524718207,65.36003515007855,22.634417039517963
492,106.12783252216792,40.03885480644527,31.190364207765963,44.380318430663046
493,59.26000066969907,76.98206327249,76.62224926909562,35.1835005156184
494,82.2649376541788,91.37547386682657,28.761172590710682,44.30865046267509
495,8.794970739558355,5.6182068453346545,15.383898935186263,24.452416384717452
496,103.98692362634976,70.84764929288174,19.43820680703812,37.72648682038354
497,37.55581951403108,51.2020718661176,44.8131407838281,25.038855379392512
498,59.34323487449629,114.1493755816,17.493403689071535,22.07621252558755
499,23.76252981113484,146.12035170604327,78.72494121158599,31.074359298781992
500,50.42911472714526,110.59943705424882,56.025420286838695,31.783031982745875
501,99.36587007561462,119.51022536678501,51.97447134271794,33.95249989266178
502,99.30950974484384,110.5023331003233,55.70624846955306,31.661836541521456
503,56.84064156820605,46.12353918529853,42.18288120194862,24.89117944755956
504,92.1492841414218,67.733290149472,72.57394883907759,37.05340089277216
505,54.96802388718877,151.95587454394158,61.33387437728706,26.65203270996362
506,44.802760821505004,170.284325742365,42.97194416803576,27.25685807385621
507,65.50667718965444,32.6162770391072,33.46459002856647,39.5327636890724
508,24.160892059139055,1.9036522626710517,24.384348190028,37.04472394771787
509,37.98738298560813,173.06292211424224,35.48627792632362,38.17623716728241
510,84.78345255880541,154.7295514696085,37.95461433808455,43.045635226224185
511,92.46167778416165,109.36690195432242,20.22920014023688,41.314216961585515
512,6.804976235430544,147.04517798933603,75.12190464850889,25.4876639743375
513,87.93913680632981,106.96680260664176,31.76882189624447,44.40256883514339
514,98.09159228378549,162.86620718847774,50.10209347505413,33.000013524956536
515,53.42322878979198,43.802194786366805,19.29862850896754,33.96311862184477
516,7.494469543308382,79.9436580730966,50.881959369380766,26.963174464098273
517,81.94959065346589,120.70399537492057,56.990998123807834,29.687114960264168
518,29.539639155740684,38.81353800638602,20.183465956257827,33.93265112753335
519,77.20287947066637,128.66730772182066,78.4151332187482,20.84001604627131
520,45.19470108810049,47.22730083780127,25.604179868483072,38.00493880885557
521,76.45962244654739,127.80393063382496,32.088731745526914,28.72089789715828
522,30.976185609317554,144.7588910340166,62.87277860168934,37.299068631266906
523,57.1844427089554,76.35189181597539,36.88856788738563,38.300828815089375
524,62.96096868413852,178.2200420646177,71.98598283815734,35.46252259612098
525,75.72158189169534,113.6462365433833,30.483761226837288,21.8672715124104
526,24.38014098902462,136.18487464854772,35.40801300509129,34.077447229298585
527,115.4461290242989,3.707117441083223,59.999951564398486,28.86066266492457
528,34.696569089202775,20.30609271247851,70.90112272030333,37.86599955603603
529,36.722415812097616,128.06761806789004,72.44811190848309,37.778396262034555
530,30.757485979217513,169.76078461358875,33.72634575121201,32.56362404201039
531,8.097151268171249,113.08120168148156,49.513221425820575,38.28397833150513
532,50.750749548180465,164.3118666547869,41.707750480428636,23.586768593875274
533,92.6203573580058,10.651574839547536,58.9435267904881,40.402573057423695
534,85.14803240218183,160.49693134879772,29.782156579428502,44.230880210379034
535,23.468694364837933,157.9166061270522,69.5401720519282,42.5166391090075
536,16.431828303999918,113.19621961223606,61.363970633723866,40.29806563052801
537,38.57135284818844,77.30516483700413,26.368241605039316,30.128464463828404
538,92.19061840680874,126.89062931966772,35.41220920597379,43.3141625951423
539,58.569376302267045,43.90508895062634,36.84970203260582,34.054798233314074
540,110.78210189288232,120.17630264762415,75.45101048661355,25.38063648332647
541,78.76605191123241,124.96664669894754,44.646379264872465,33.5619692413579
542,74.50881367345607,97.1824291878639,55.05771340801096,41.27122782464847
543,92.12293512567865,46.81346553721067,75.49579870533466,36.95161827666045
544,90.03098972315553,0.37924640781329844,40.78091437850364,40.82560348803892
545,41.26057500172723,35.240083162274935,76.49959748285784,20.877222058769345
546,30.841008207321615,150.07959614102478,33.98743218971285,44.24702151650277
547,52.51456676708187,38.2093915115168,15.828088317565218,43.06603258472074
548,58.70966169255742,13.37956813148076,21.671071649445558,32.57054581908753
549,17.006732450870295,44.394244647942514,60.00051379225682,43.08199711500659
550,52.95986340521347,93.45110336392582,39.786455999933125,24.546848707479178
551,76.7787907057995,105.5292776569606,69.17947343815386,29.129243125978157
552,16.285740598017565,157.88649152101274,49.642989979906545,24.226624713959115
553,16.5645465670746,153.8561415176283,59.56755463628107,36.747076765365804
554,20.84656950159261,174.3732005673201,37.916646381848025,42.93778047846631
555,33.99976864299025,159.16827950844763,53.17279109327029,43.28630852142264
556,115.40511298553308,81.04636814868086,60.37450159840757,21.999386301656237
557,3.094955111455384,25.538214482340685,39.49059532223365,39.21137955161167
558,22.04869419373953,172.0404716606165,46.90050822121159,33.971692109024296
559,19.80574072526407,41.17719604681326,69.83485426484333,25.52283122616133
560,56.921763018433474,111.98154397320553,75.39995606323271,42.37111058430698
561,1.8087334236499997,47.60400733080965,37.77159759594389,33.21775668608708
562,54.980786465084634,147.02848962885977,19.35776467509463,21.050902565896774
563,19.550693989619976,36.13933431204839,69.74029481744176,29.396987917693224
564,32.35682671957007,75.74121834121334,44.071939928178196,37.05922879082747
565,95.09287269124772,39.54598523773405,78.00405453144222,41.27207132282513
566,22.08806657722927,154.90182816429197,64.58293627316127,24.974982540275654
567,74.05545996827567,111.49611747824738,38.92439505672576,34.798317374376346
568,48.75747238696956,113.5477886914201,70.26942927006665,22.165734161256083
569,50.11146830831638,56.60951433897948,50.6069795614005,42.793304801279156
570,98.0214501117522,31.768515093732912,61.3711136392794,20.24294659097921
571,19.30979450246246,154.32074461869382,72.52137956183398,44.27239975164517
572,110.85722701464942,137.62802644093358,52.71147821595132,34.1327682045452
573,107.21890287134522,132.20016948836908,76.57917873777177,38.79922786945601
574,80.19863554052445,179.48498798939605,40.89327199599574,36.72936193893659
575,5.933678485392702,100.71586012882864,39.619457663523896,32.642696700243256
576,79.59702341891895,32.140223139705014,56.6138395796944,30.954207457285513
577,72.04172188368109,109.71734000890007,41.32228701761003,25.198603589503186
578,92.66470903599253,51.71342286176805,60.984381961193925,27.163722039094665
579,25.659789879213626,92.32903011977768,49.53062625994822,22.353722306683515
580,114.40272124774266,82.67819826473648,63.25551618603558,26.705127557365227
581,106.34365797168992,101.43495431325694,68.67621473572393,36.35374686865443
582,13.722856849730324,165.84772259784282,51.8842775259702,33.79003914245587
583,37.82422303063551,145.83614254886015,74.43653713308174,34.187438387983775
584,3.893302669675207,74.72691984936272,65.77283651961227,33.222242383432906
585,99.71366551296856,147.11988346840715,70.70875494249178,43.641952947179504
586,109.81136960015333,154.89396346165566,16.266527376548904,41.25508321739884
587,118.77711016510821,139.31590104204432,16.003488851995836,26.599721873584407
588,73.43100211700978,99.24994609702964,56.2501261153523,33.92029653006918
589,79.91826946185344,161.88215665935346,36.64146126823755,44.2219315666369
590,81.4086640195335,88.55296314958804,71.74196794652693,26.689846366959944
591,68.41781217755195,19.071964040517212,40.46462708808454,37.53202746744404
592,114.29074936171361,48.982479283083926,63.352492700864644,36.19276328751187
593,72.94334744741839,118.35233502535974,30.993072854819587,36.737567739895354
594,40.28712470365682,68.2427527601206,55.91679675112605,33.909244504173174
595,61.54526879214407,76.10749513892927,73.54012129465329,38.51696684596942
596,2.239544985744666,72.39759918958114,71.0363053954451,29.38460682582302
597,86.89515657896695,34.56658782677516,38.81884916087377,43.42259257878042
598,83.27052914334404,16.83576603246474,46.31727463745757,34.17972885847786
599,50.526136949630136,8.834549356780126,49.801635373080316,28.4528433701498
600,102.17773085624601,121.05134632757824,37.39450720584648,35.972964671975696
601,90.66313150203592,58.339801612987685,46.45665678551786,37.134704468494164
602,40.40215180510995,82.23434597915916,77.69599563942725,42.98289733140899
603,9.299756368477286,168.33480044669753,72.18798590596009,35.89993359336201
604,15.866762979465152,112.799736221842,35.44507594030236,33.062442716062534
605,22.112667520176817,145.91773036749555,59.45511994427367,28.826432108397043
606,36.47016348143262,137.21922000262137,76.64882652392149,30.638853505704837
607,53.701886906471884,171.6678388857391,38.5379517060368,27.163005529735926
608,111.35958939481051,12.027704717070613,70.15184417951257,35.50508604050251
609,33.410147745549835,69.14552624095778,66.82818948819107,41.53136484627393
610,107.83027956517215,170.93014915179012,72.63853994125816,34.819535530160074
611,81.6554616127883,83.5979954376647,20.48362739920212,25.07493234884479
612,102.41914980239228,170.60401699777142,74.99207804830391,20.90976437036199
613,48.39040736256291,33.27504802626517,78.76731256604742,41.95188756567903
614,0.3932090296374158,10.844225031430227,30.687768694744,27.38070264336762
615,94.43608344788056,161.183936342563,56.1493929146439,37.22057830634527
616,29.45710214629907,74.02555933377018,20.85677340796124,43.636554017223844
617,17.09762469150085,91.48952672093671,54.15174063573298,43.4981743927791
618,95.93899179413505,168.52962930396185,61.055420741929645,33.87046390760156
619,82.35943799973894,39.497284998704615,63.46414009904511,42.829032523273455
620,25.489824101149637,174.27546907812555,70.69595977613741,30.067591856599805
621,32.109817766463664,71.37900440733507,34.07300643926284,43.514462856903464
622,112.70637977195486,44.53529310335838,22.536412094945355,36.97003646485366
623,32.22455701107205,42.06675700584491,68.10300692864325,22.009638511705177
624,84.28870536526277,93.32078761075786,16.670898217670626,40.30380407795586
625,15.546389597182856,84.05388701206387,30.152532391913603,24.016402290078236
626,97.80430430493988,159.49807965758464,30.397938292188414,44.9267952144522
627,14.110801346117201,9.14437948744564,65.38428339615166,21.23524696839544
628,61.924935213691306,7.915647810331832,43.735862799495536,38.92542796648478
629,4.226115188067565,27.501257891036715,69.45586306514414,23.81271631880238
630,66.00942547168124,109.01958732591346,58.413692542761744,33.502268627133724
631,101.5945936781653,140.64202920438012,69.78818558076746,29.304007099344297
632,10.127821429745447,86.37184892414794,66.09646606530666,41.881822166010465
633,32.91078952686491,110.47600215199991,72.20437110263614,26.84758420588474
634,91.76316760712776,115.65960103953863,32.94801786241123,38.002011581603085
635,72.97179833486837,3.473102373340995,38.10483838354557,43.50709478727998
636,37.535628785648164,44.329761447542936,55.847505174850156,21.604046677640866
637,75.46846553449382,179.59645655673324,52.88893161326838,37.85181912294452
638,54.56523845068034,59.54178172745305,65.55443897737189,22.09706079363334
639,103.48275188465375,170.39286236106943,67.55882036150857,39.4703650268403
640,35.15278829974508,88.6097019894223,34.823003736487706,41.42425230105964
641,90.92767237827857,40.06015563016015,22.863343253782023,23.48095730431246
642,76.28089860837856,0.4347411347006558,63.18550474842548,42.10566501703349
643,88.8514392972335,39.15908568299816,59.66696724395277,30.95481604975903
644,45.3913936439144,57.870554456470956,32.998402482120525,27.710662434944034
645,86.99052227164974,79.07443770758984,18.701728390837275,44.13839622006481
646,83.81113160870649,80.49089462096522,16.503358407910095,29.605564826922297
647,46.498667052321416,98.70201931480302,31.136092245591495,25.243754510790318
648,3.174267638146855,85.34675878360741,32.7788193588739,28.24302754343894
649,115.54959820562352,5.915486237024745,28.47845821024514,42.619563431145416
650,85.6320475291762,48.05409860128726,18.28635715220838,44.60258296314552
651,24.56863781145602,173.16342311994885,26.074424391812684,31.377368698648564
652,87.69686562676952,4.934684104069782,37.74526875433235,32.34418319882734
653,33.44200362885672,132.13050937188044,20.997076240441242,34.95243327525755
654,56.31424714425765,85.74706662415669,28.42737207017541,40.99025313273576
655,103.18657927362544,127.24609356359619,43.47472402154938,20.227005940643675
656,53.76865235392887,59.85025527539695,70.12511835276857,39.891452284655955
657,34.560788740829466,66.62483420417709,71.65009162725116,44.3133054450465
658,36.65893339368162,93.02038073672139,41.32836591487309,30.13420248372962
659,9.242071998560789,163.73851192112514,23.184658727003402,30.944820771594053
660,26.34066955652468,59.109902045579254,32.497833667697265,43.943631200571275
661,32.532747516552085,15.455488842252286,58.86246816081101,30.172194582425803
662,20.756293521777195,6.886197092114896,41.47649190728957,29.418940734824332
663,7.567885752016279,158.68225480443897,52.07102570648853,41.48222118198184
664,55.89469955665542,56.47242335302653,62.8933624708715,31.830097414692773
665,25.727535731739607,21.514636788591833,57.82198609270017,36.174408869579764
666,88.65246133013808,107.35606222165144,70.86461473382194,27.159499331714045
667,110.70333153635075,152.081165389397,20.567549745423676,37.001996637698596
668,32.75816396683085,107.91851980578305,34.29830904395726,29.197320120034885
669,68.66979489318427,27.308101088990163,17.215940059904067,39.58825649064546
670,60.80707978137175,73.03185847361064,48.87334660028675,32.31341061836778
671,9.013024648444139,47.96807513710144,54.955851264409354,42.983891364272665
672,14.984925884570375,2.98296471219486,31.50737580077548,33.68612449053785
673,106.17353494805822,173.82335701256164,18.606986597443903,41.43739619739424
674,56.898244539935405,82.6590311540904,45.15011823872182,31.01104789285349
675,96.55318923672463,24.24993893668583,25.900551336590787,36.73235431495302
676,7.989689372898425,159.28301304980337,27.64498068603004,26.676301436647535
677,71.3775763896309,177.3233813741056,39.78618208063784,34.658013678036454
678,103.83743451298875,146.88103502385732,76.42943196606183,36.57545243543049
679,104.04793160830246,45.65626381207305,38.40228103478816,24.773676508226472
680,0.6866915248093797,34.297716290928975,61.100752992679666,33.59502893846243
681,62.606412539877056,94.52021405173883,39.210435665868516,43.04228823813795
682,44.28056991381076,105.02946436868552,41.34179649639862,25.044077385104348
683,91.2050434918859,158.1122595577322,24.10697041526212,32.206327129803945
684,8.786279617538248,174.10372964442323,26.998544247079863,40.93343314614206
685,31.791187460992177,163.86965787332502,65.0913971699403,30.651776751468386
686,97.51713423866015,61.574274300005854,42.901485581131475,20.747727654904978
687,56.3467467044208,105.40787524547417,33.5433636215911,33.13665546582782
688,54.378038579004915,22.294153114028465,79.15892356270861,31.556021491712002
689,116.22703776932234,93.3977754662359,72.08025788603305,43.19227147990727
690,38.386879478847504,12.738600519475403,32.18121743619105,36.598288725310724
691,5.006647037444365,20.03342518527593,43.22717022203822,39.41134678777989
692,47.06410008710484,21.949675869298094,51.850547334604904,29.20059232916379
693,18.40482738835568,54.25782525340285,25.799919281077266,42.407183281687935
694,9.82702274372199,55.74233198979417,42.77246075701937,40.71082949597205
695,68.14324281374593,126.90726340764223,33.461864777529556,22.275622955940236
696,114.42907392700805,13.686069624027635,67.67031026746713,36.51900243194909
697,69.52890891316544,20.005940787278142,21.1457776695359,42.612969387408796
698,77.65374570686235,118.1377101916184,79.44261948261891,36.254798191928195
699,38.83546339670664,121.10201173676533,30.3112078453256,44.279010687432994
700,68.53474283442705,127.87864515661396,36.524891180775,26.524067345966493
701,90.26934163698192,129.62505756400367,19.914781411041616,34.69460561573019
702,70.71418264221545,119.3263523425408,74.33537881867652,33.33535409900345
703,96.33340490249867,99.46684856222001,68.82704717335429,27.3825392248285
704,66.05648165480449,133.44518680708714,19.3954569735053,39.532810595269495
705,23.777286776523727,14.67501071876523,49.33141465751305,30.781177810630577
706,69.92715050817532,38.12602053962072,40.38726930134362,36.23883499839553
707,58.912301653300005,133.4615991024355,54.39440370104442,39.55456742557032
708,19.91226389579911,34.65938336254945,36.834049003736965,38.18136738717705
709,74.2999021392575,95.53542973991647,77.15709495301726,22.50958309477403
710,98.03526509225183,46.85425055877814,29.16991819600974,21.381511540373324
711,16.210523217334764,77.62950348328266,68.31305590312269,40.50745135707449
712,65.39350339656069,150.15202231564888,32.39776924490218,36.25731794726131
713,88.04245593519258,118.91520347418705,57.21510073797051,23.70327358420047
714,48.36211154190396,80.13394618659642,42.80665686634306,23.250345731837598
715,32.40554894540894,49.235364090931434,49.1818486110115,32.43842793580466
716,44.67364928041324,144.90331515992787,48.93153348283251,24.448254848673997
717,65.00382226045315,118.26405640576519,55.6885484294813,43.26498750969175
718,82.39924478555119,79.19079094373824,19.419928789286942,25.59848465991626
719,67.10102661069202,156.4690251206479,18.863975530480893,43.59288144783943
720,12.843004199120163,124.64288874758452,78.10730750423897,37.89473352291144
721,98.14636718937197,176.50389648784602,31.448780484031335,33.896396270199084
722,110.86316570661744,119.58954688231267,38.19037146019398,36.778532680598175
723,12.155141093018681,161.98224639873047,30.582189580784977,37.30086994229346
724,29.942335450575456,99.07366256366508,56.967698264087524,27.13213949370722
725,20.841742597189544,127.80022275551718,78.95413091908097,32.20271955582188
726,101.8986197915972,151.6376854857775,41.17641017020621,21.658143711688414
727,109.23344683414055,16.282283355103672,35.8865814350239,21.19896211283643
728,5.3128505136046655,85.36019149598711,37.71711817861336,43.58878749132613
729,39.89032967575527,109.00847628208717,16.76171865486004,41.26286097805112
730,23.099353565811874,10.401033109735188,20.840434210163927,38.84082229346197
731,56.3439248267201,142.06033170895032,18.123118693353995,22.599601424329837
732,110.59085127427205,128.79828566919468,36.05424966869144,35.594689621415384
733,8.420788998035164,168.5224484213822,78.9842280850082,37.879757413488164
734,20.55349355898678,66.9666525250857,24.181199439642455,30.762736736136617
735,58.44351377776458,84.44813955854927,50.67861906751207,29.44806493682908
736,62.88416337153702,164.14100955655869,28.4658943533729,38.15710652105885
737,89.46015395930364,74.06833596070103,17.39081125788548,20.257682257031053
738,52.52232462570345,150.18332482493778,69.4053914559856,31.764261078020667
739,16.936410172743635,75.85359761954308,23.271308432184185,26.412342427671327
740,42.433424616605954,60.79645986857912,23.78358388714978,31.09409187998122
741,117.85117419218376,49.90575269865698,68.11877127184964,33.81478091045282
742,90.08665758452676,38.42891045208695,30.843217140333763,30.511838546020474
743,13.961324584172754,77.65756326536022,27.929214760448037,41.92003140027528
744,96.98510146067879,29.084633204120145,76.30729329349518,42.048853827390225
745,37.31117567777802,149.0373702687961,27.631617614698634,38.988459646470105
746,93.76757785336275,175.3974676855135,69.0573006059355,39.862310134863876
747,1.5265739034000747,17.539125418928098,34.93962552324548,32.51593980109561
748,104.55241848201032,9.867464724858888,51.768008465778074,26.77659631823723
749,19.47723885663212,0.6727766926935663,35.21536590238857,40.39176829947796
750,54.690071478924324,167.77138641689476,37.04889788724587,22.91342282384552
751,79.41067179490133,13.284782514820277,75.59846916985995,34.85506478797838
752,60.94434818935519,122.43239396196977,74.00356817237241,35.833428896582035
753,19.847732106887477,54.69059015506213,26.3642296622746,22.7288116685393
754,16.694221585027208,35.679734029791575,62.08797784245033,25.106260004815205
755,34.14412715087557,44.34045295588753,24.07136550261322,36.80529739881129
756,6.287010842125005,124.13907286504644,34.45717090058274,41.440865079318684
757,25.985372053204642,3.2366489915784946,19.603450984259766,29.769794472432395
758,15.612601953030541,155.66712678048762,57.11255534114373,33.28143044270083
759,55.77564174151476,102.20430810608465,62.2213350993283,37.70574715249548
760,42.78119152112091,42.406756010323356,63.510796663633734,34.544456908905374
761,70.41986984405655,37.50094677088086,65.33461199138671,31.570814753786124
762,33.70546375588057,117.85185437864669,40.66072118178589,35.953215130364484
763,4.069325822823813,113.27953150908566,26.517691792532382,37.74981403772301
764,39.733219386801856,57.26083264452565,15.279919550981125,40.025519735135646
765,90.62168449555887,60.12352489616423,43.61530045805375,34.02683181449171
766,30.700579214065485,83.41935161441744,75.66385941828467,36.522987830915454
767,48.54581201117478,163.88497005477663,44.16892334244322,24.88244285478438
768,90.59692565614779,96.89540924104531,55.028645008122204,24.039437371357792
769,48.80175408532,151.21261574830123,74.58812113635008,40.24401456596311
770,106.45489583393439,115.35330278343146,71.06417494927678,25.59065686203083
771,110.16822071382313,101.18033343042082,63.08625087487009,30.924163873052994
772,37.26355658070668,88.13878490210122,53.501984317518655,42.1232350785529
773,88.31563837063317,122.513153583325,30.06817916069233,23.66824783461456
774,30.374037944587418,88.47503792795827,63.66507896431066,36.96770636560634
775,16.742804463395295,130.67568977725017,42.145777643898754,26.211481415723433
776,52.545724957380024,32.77137988814682,60.908043640123005,35.64881212337628
777,72.29669148009795,58.01666705174632,29.520640122935937,40.4132691892168
778,112.27090704612384,157.17212534895936,76.1450991506614,40.51120875006269
779,17.508182283913168,71.14073344123963,25.663162996565127,39.44029466029331
780,85.4835210391762,151.75304999497672,66.39948319159254,32.947526364120655
781,57.05574058434779,168.83204107405848,72.87298739937427,33.58981845618174
782,15.805115714252205,104.12432710185173,24.882122252464455,24.29819945065776
783,116.71896567596825,18.335512962458044,71.22776408396754,22.916846914697146
784,83.49227381487779,136.24776616023308,56.88374577960792,38.6976900255457
785,15.463041091651357,119.85533647937172,54.231016640578694,21.305849683715962
786,108.69065023472933,52.341851717827254,31.51169369764087,43.31836568734322
787,12.371299266268156,155.3361582209063,36.344492828359165,24.644867779543517
788,11.11910816398359,86.88986117995572,30.28141234823228,38.001875432008845
789,39.786119465329044,10.26009861315509,43.69033765490473,31.19127263884145
790,112.5550992241238,12.235713645055748,57.112221656173894,35.31866438840176
791,3.9629377774925434,41.09996935841838,62.36675955577911,38.91506744520541
792,110.18486892962429,109.76989915243362,60.87271433571445,27.40276255666495
793,73.39338944341517,146.7323141276282,37.54311377145632,40.631650752842155
794,8.046196574430965,17.8274035579738,36.84918178620758,38.883077973213744
795,68.2310070514213,4.015430729461283,64.62589670433394,34.507862670614855
796,55.05488670219287,112.05050917962834,78.30122602082525,34.35522050647303
797,67.67814586416168,73.7035666362624,29.405269172711495,29.601697894700795
798,88.46442492956065,79.49322843855005,41.83224137509653,44.22841134027025
799,81.43429166208752,147.7266026057513,32.94982666297332,29.689257557546963
800,119.66730576806376,165.42297528757086,78.35080188143476,26.025760664238877
801,18.80028763606496,174.1031819371333,16.068775305875175,33.95702915914273
802,97.54265025032798,140.24834804598441,73.00462814240811,43.025207322918526
803,49.33115842854877,0.587648964378884,64.8853049559205,43.14864108855967
804,93.9969025272491,27.091109092888743,36.57068469730337,34.452935729410086
805,107.01350085540096,105.70952673143958,59.22954515276757,29.803402371992576
806,119.03978255774432,171.95134412255948,39.027245552081624,38.678240369438385
807,31.92502139567207,14.66039265025115,56.39448398926494,33.97588550925418
808,54.35259252459241,92.68834245415826,42.64788286025059,40.56956135797245
809,113.13351282761828,71.36560617495657,74.47646678009541,40.83097730363157
810,113.48860559512644,73.22978907131196,44.74476120615705,37.557622360303895
811,44.74486114474739,48.34034123121084,67.80019648647823,44.320624511202276
812,112.82513453811677,48.736107249567844,52.45710200337047,36.21685568195041
813,48.706938633454364,42.905553345239156,39.208918377406405,44.36895608600323
814,44.971931877036944,18.568995711716237,77.83785056171915,36.29870956103793
815,90.79432743277758,99.73262655358174,27.700045151630817,25.458934956723148
816,56.54541959292236,80.2705692300319,74.03108086900443,35.69097674162757
817,53.7838147416243,128.32832780644654,78.78428022553072,39.194048022298674
818,46.334279241398974,115.18851532708895,70.19035121229477,30.57892729862646
819,51.936471828910776,171.50365571041183,54.676202277418966,24.194504507690542
820,16.778117569255375,61.13149965945341,55.45844309938054,28.792978783292927
821,7.324457694330868,158.8483932869056,75.34804418138964,39.53840684100976
822,90.47917736225374,69.2583685973735,43.1524249767204,25.19188707355217
823,67.73999394971071,118.92373297905323,68.58386852963477,20.284914641448932
824,80.62687775498382,144.89612721455202,65.35063170053924,41.97569982742937
825,96.28025425711915,71.42033729962095,70.81452643340222,44.29404896941749
826,27.61273949892777,80.30839445070592,43.64579519170093,41.72266236573514
827,28.05275138940475,113.62542370329022,57.41499135649668,40.03022499482721
828,33.34903594578524,19.940602981766055,20.99733085788477,38.24111998085942
829,36.47099893819388,95.71695082654328,19.685660928343502,33.785839944482966
830,91.28291014180807,17.089439728833767,21.985523098596286,36.29587173250256
831,44.90179034941531,40.47660169852038,62.798887457145554,38.65914844623879
832,38.782663545544025,112.15045939922021,38.08265184425482,28.214990039598085
833,76.35618839351679,174.98955100538308,74.0437254768085,25.13147332221397
834,22.388460164411896,179.88515141966187,20.14919344478091,37.34873196499248
835,12.770418010341281,46.923556394321764,26.206252056002327,35.08674494480516
836,83.65598858311604,26.337248922205227,69.35887887496662,44.759114073703955
837,90.77343984017979,93.34608054073486,42.199422717122076,30.364473427114646
838,35.563752352426036,79.44747475208604,29.323258095869402,30.3518368166163
839,76.32494122223578,68.29820240430352,65.76363229543784,23.051948808820125
840,4.08918814711146,138.3246874299314,30.238260112149796,20.372971612495434
841,48.51827766954702,127.74405301681676,78.2745232057527,23.48193544961791
842,69.35500354270519,101.12872313914336,32.87036437393965,34.8003915073201
843,30.410223247561085,111.86265149921361,70.80518221567019,44.095530056453924
844,41.78578822864655,104.73377354830987,46.17383807489754,22.83155451341212
845,73.14594765730374,121.8374103578935,75.79507579913871,24.001230332835497
846,70.78774133004985,167.0052219652656,34.256976364915516,37.047213949725
847,18.50288849594916,170.4002961976642,75.13247744720687,27.55280570453819
848,84.78982634549133,176.30918221169824,34.67767382896898,21.141245282026436
849,9.603513093225494,154.74951504436837,44.131129133143375,42.19160283746316
850,116.36696089689197,18.8535471554214,56.11794911958872,23.725426212089175
851,24.283434980833643,81.30113424337364,51.042508208337296,30.90908591827846
852,30.42577712029128,140.68468761731498,58.60435225029364,38.86390052567924
853,24.036065557286417,52.97999878895649,60.23919166728649,39.500292641588324
854,118.97987514330971,109.21020142028976,32.40754717315623,43.894948500752534
855,34.391390455848466,9.943381025510693,15.569020476262976,34.813252199535704
856,72.63507293865803,36.654031745263595,62.02670811889889,23.70041098780382
857,118.87609829323978,72.03968026894897,54.01740610172998,22.011156827616688
858,114.00814269144313,12.63480076824097,51.62029570654518,36.07682459591031
859,5.081979486827586,76.37894482847777,47.221227242703925,33.38357256250307
860,62.542088259026634,41.42003362123758,75.34737726595193,26.229868280125086
861,72.15656116275095,155.11943849086995,34.30566212771561,24.12475786377994
862,84.28740738739269,57.38615300961447,74.2810982234284,28.75658083136615
863,40.30911779829859,68.5306695618247,25.915520332806977,27.198142166756448
864,39.34903321569674,144.36527722848305,60.14286038427125,28.864140711974024
865,0.5140818730338159,100.74023060367111,76.19831392296241,28.78468898250474
866,4.228404147120157,9.015665195347031,25.02380406651073,38.81311726305054
867,66.00686022228035,39.163924324687,65.05902389187753,31.539941737502193
868,9.106452152561243,109.95692056232373,32.74840840855815,41.19643392233901
869,24.297745388339752,35.885624089987346,18.837098510421598,32.55104990815473
870,39.992629946453576,44.69624224911104,43.02870543207871,27.26144427048054
871,8.456551019540477,112.12821858439679,60.43330225698235,43.106698220514026
872,3.7031807985474385,89.0253291011849,33.42402964169716,36.28591766986287
873,111.23045392958258,48.43819189647613,76.76698367251878,41.075091801032265
874,52.22503554944295,100.65595123427028,15.147463956479227,25.824015431359435
875,24.586135276824447,114.07461965590743,32.405752918075535,44.331801652666165
876,85.01421616190012,7.087043249577065,37.204576980367605,35.87631883983221
877,1.1334409534065903,49.29244054225951,39.107464038115246,29.36902713261566
878,29.402069717499533,55.387884047938755,34.479301903162515,26.277165532502902
879,115.28995668665279,158.16976384214655,16.388951841917056,22.470893353988686
880,107.72282075099638,9.238257900887714,28.64705392020957,20.821993141669797
881,76.3110300486129,62.48415653557911,32.006634535003414,24.90003760422759
882,11.184332564278684,35.01905710480127,58.71182539334927,27.746267918152064
883,38.1661014316574,125.12528864352468,39.52534958939271,33.26638100599423
884,3.351906018923283,146.02215722422252,61.95479486827482,29.94944893372248
885,26.30292053813936,10.338700587161604,43.76168063760469,21.135382989743217
886,3.0520948299600414,155.39434915176824,37.14649267608314,23.61008464460063
887,15.139641476127448,125.27288035380829,25.333471916826376,20.46024960496273
888,75.98574494044908,39.056191922809816,29.842229353775295,21.010632931559098
889,12.053141310953617,164.84989491126979,73.59724499995752,27.436401614284694
890,18.691569089760943,52.74761760684306,44.58461908970315,35.963090289188116
891,108.33695796456395,141.92371919429596,35.37896058682775,23.83310370072805
892,40.25429082368643,13.492730624060911,29.19227266724303,42.08951751806974
893,39.95963094355498,82.08881414171046,71.97978171181086,44.68301442250228
894,10.384736448007498,91.0359498279157,60.77257846174622,35.37616535364927
895,95.51166263365798,161.38541772812664,60.141059898438115,21.208136160736213
896,81.1652688547937,150.57461559284766,67.29954874838435,24.53937596849781
897,65.65593604323166,98.34916507711088,30.684832374435192,32.77477605532228
898,74.14954102613423,9.276495745628566,62.51679796761771,43.37245118362773
899,12.04568308847104,77.39595639320747,19.642824259305847,44.54763206536197
900,31.236728019604172,67.5526740367069,58.218615771200916,38.42024387441141
901,70.03698190389774,179.1889951641074,35.94439755604034,42.25807911036617
902,114.26783261075202,122.52940396224359,58.01955351897217,22.428218677226322
903,98.0558330494045,72.91008849441015,29.73028327898851,32.68069629549544
904,76.88716303325694,65.66689740636406,37.9777348800922,31.956562227628446
905,62.25822945885624,138.16428220668584,58.56534086496282,25.41562942990265
906,1.8158612085146553,17.240359653074954,76.06749890498145,34.10194699480087
907,106.88595210544669,147.06320709658672,37.14582319216207,34.07373873376332
908,8.022491446868795,120.76209682118872,25.993614656138334,44.28766548763287
909,15.489726107746243,78.35366011874498,23.09910340156702,21.6752904652348
910,83.16860861261391,127.85949658759351,58.63785532653206,27.47928005452014
911,97.45727771350649,71.60660275753239,73.13134975533907,24.277182484896816
912,94.38607966411445,25.77110672485282,16.102793673521326,25.57750907989504
913,54.28849443599908,75.04918471314161,37.419137582813136,27.95890578002176
914,21.246693320037654,9.246017349776936,25.98121496467869,29.222612185249726
915,4.236265989588648,15.68067585390017,77.05083967994744,43.93625906762233
916,102.16555322217529,79.02327159785726,23.598790594325063,28.21000127513561
917,117.32369556982411,148.51340830089367,19.459362493716796,32.09705377885633
918,29.296260574070573,36.660882886032965,64.92190719553024,24.147019884611684
919,103.92915931308804,90.14701469975036,79.9328846659933,25.514817161110642
920,48.303710035504565,176.2107188170083,65.29723030718088,25.419089876191055
921,37.36125119703088,148.9412735941029,22.4493945352497,34.22251080660129
922,60.61852045420233,162.34649112891367,41.51146059746386,27.519578715416156
923,0.9801818065756596,121.49424478000846,48.80170037705717,26.94599303696279
924,53.12573630506624,106.0329612288107,73.41785912660875,33.090225076404664
925,23.94659622993553,104.7319436288988,63.966958702812015,20.410634468366457
926,85.49486322962122,108.22246290226137,18.90149966370158,41.58581285250099
927,60.30856556347903,83.69543790191764,44.44756973014443,21.286275949896645
928,104.26231559184957,64.91263049179602,65.61183312701787,30.28432742799558
929,107.5977829064938,42.963996305046265,50.30543379672292,44.713936732514405
930,38.01107157001019,11.755010477543465,58.339798003008426,24.199665063981364
931,33.64605668364955,66.4439687944552,77.881477580812,21.125574570493978
932,112.69564604949666,138.58201058162663,78.61196662631957,32.1467149795267
933,60.47970711549939,99.48352688085592,69.39792825499285,35.764794720249995
934,11.581863158877411,29.51780608962168,52.17514836963726,29.558515284258338
935,5.5062157250338295,146.55653718315483,34.992728804465074,25.502594595076427
936,118.8510628994485,7.463424987625123,25.37978234060612,37.2747869399077
937,69.49963548333596,167.60291247550154,25.886454957649217,34.74365712794062
938,6.53915678326086,117.32493122592513,56.63234531407612,28.676229216856278
939,61.350653804536094,100.09995776378432,65.23922347961914,35.39155750553388
940,60.492540358967574,74.26951121549921,70.81514615388625,41.000776424034626
941,52.24654101760492,148.50558522231694,74.41281121507512,32.86811083096422
942,114.15364782108477,1.220812387493675,33.71098522418369,29.695186932397988
943,113.8526436880606,2.8644108846913485,36.74078946044466,35.39307996113429
944,14.996121392855567,93.65665687115093,27.754860155158674,32.62480716616228
945,18.206484252086838,53.472548200157235,50.35500060447832,22.46893305534913
946,48.89863269365805,72.27932431353284,76.53125399037238,42.57978330576745
947,100.08317654078812,96.58771023497073,64.24357002646127,23.10628540387685
948,74.85031141600248,7.8792277585908455,43.39243818214737,38.56487970872929
949,87.57961534793665,176.9509720353154,25.337667623735133,30.832012025099246
950,69.1270058846248,121.97537721820964,69.78178325920535,39.58611850098292
951,25.206832367496137,17.800774196758386,73.25447665021761,33.07539699431407
952,98.13185145371332,132.94983582701067,64.92445398787623,40.5158704241082
953,1.6825178474519342,95.92213489953974,33.98933000539127,31.74728660045321
954,83.81811094747792,123.65040749616304,40.36604935270708,26.178940954938184
955,23.320753890754066,132.78762039273536,52.93178781859455,39.25829284069955
956,56.53097758004624,178.44584335634104,74.66211499293615,40.68883616503169
957,117.01598464944925,21.31203300033875,30.782058619284605,32.56461076139525
958,64.68430290182006,179.31903449374892,42.28141781159232,43.22687856721073
959,6.833858534268691,85.83446548514316,18.91111956425235,37.688552925957396
960,51.453579582064464,36.1696323095781,15.202132292465231,43.315743114440906
961,79.2320526998306,67.24965094773795,30.818767223834634,24.886036857510412
962,6.804803088230513,65.57732772709494,67.58569716662869,43.58755754164534
963,30.31844718014517,161.16338056484193,58.898202247661224,39.19133288588246
964,2.2003365511353046,94.37206266879926,45.988988876563205,43.56951498720803
965,64.8081901511744,12.009014482571757,41.62370632203394,28.74929418461889
966,45.77730950146324,128.67757094029278,32.2193717406802,33.899810927963706
967,60.44280199935946,89.59940136918493,64.79470407786322,42.35802084151428
968,35.500417901134995,146.62870440910783,46.70214540463706,36.81099932479353
969,78.81684165046825,8.362427285636038,19.55169149022174,27.225322809480055
970,20.77033865057387,155.70077055391144,55.766735180283284,27.228415382351347
971,108.79824286829898,160.71511581332175,79.55466391561554,43.65752448365617
972,115.20977461462553,1.482187885210926,19.732716059864682,36.78407810695254
973,59.159238868411045,85.84570741383087,79.81069178179803,21.32252981281773
974,55.84681511097849,21.883817091590203,21.46761945491944,26.468088220213804
975,103.15400470021955,95.29558115021385,35.00111478726046,33.92336587574822
976,34.78053570932072,16.05480230461444,78.47081927072594,24.73853259745283
977,96.37268164883125,159.66805584815924,78.1872858786332,31.64604614408355
978,34.47691310890867,33.055644855653995,27.00137103765221,36.69202270797345
979,86.39577534287703,120.27528054273408,61.82067570367768,22.1046524777974
980,40.081361019099845,117.64317831413126,54.822195860991144,26.344413064626835
981,72.31220055081099,57.747308045409,40.87215083593952,42.0180548127328
982,111.10418955461478,38.60458905966805,65.93875723293031,21.02217614211707
983,6.5189742462904565,164.74327135769028,56.25014704890374,22.78796726205636
984,96.87055531713084,7.16338071394987,29.632253219176633,40.49988921214742
985,65.0214682899395,45.74175912774582,46.86136663978016,36.91049599220629
986,45.48811564671911,58.808559470015005,61.11813303022592,31.785558727147105
987,42.03305485497086,105.15062652566611,55.399640956658,41.47678176747435
988,8.329442790649182,66.45438810819071,50.29308920388505,25.213210699005092
989,31.005443694080345,20.045404840354863,62.94031441452374,20.138209998562402
990,74.77644297542851,102.66038924764408,23.759378037252134,40.30776118109427
991,11.71079512873856,130.3353001047661,17.790051649025465,35.94084442852078
992,80.32888084407043,126.86091206649542,17.134641935728613,28.420642370469544
993,115.47040069648108,88.12602444971267,55.33555200104253,34.483454531400824
994,117.69313242578292,55.23408515713968,43.23957684143993,22.03559807448352
995,106.70894609213887,1.847711646628476,69.32770305437491,27.820051287590697
996,96.79330251118024,95.9037829607681,78.14794464645406,34.212143391578124
997,21.35439734369671,113.13764515825696,22.279767748942405,41.11363395119052
998,116.4187144441913,79.42643573084102,39.62683429857492,27.914851004879093
999,24.326784315499957,172.65867446194696,42.26775787837198,21.521663031314368
1000,104.28597086009286,36.40230060827624,50.52019562677488,22.203521320306432
1001,105.34484019336472,146.53897077687392,74.11709647198322,27.658922365426363
1002,74.6289979125682,129.3802593142392,53.998569078239605,35.6558319241598
1003,62.5568078749511,161.87862136706005,34.81371214536044,37.63129343661784
1004,24.05102236026966,166.41965772343735,58.09434435597445,37.36941223316172
1005,62.336204472450554,42.60938340559515,36.38988312004949,41.87301912027092
1006,34.87438743803866,165.92562986049495,51.088988617202034,37.04478660683111
1007,15.10568505785136,72.58108782098456,21.41217985876861,36.76618453324885
1008,15.382941617002167,122.23438958498167,51.659142800394896,34.851226141809725
1009,96.14051557460277,171.52134171143882,46.106855334153245,36.663931663775244
1010,110.68840560234159,107.1644660010066,56.95432391928872,38.26153449746568
1011,17.024254754079703,104.92717714684606,51.83397315084306,44.40160063598452
1012,1.591324878639222,12.754050332156744,52.22910512631644,24.489902336986024
1013,31.635924575937878,107.39709091065215,62.922073454643645,36.0769168822267
1014,16.132678950505518,43.4008108164626,23.67419658684934,23.107702359591777
1015,22.63518324964084,69.88614943596589,63.85361541211244,25.151708440153747
1016,69.99922792973254,68.01426608495466,55.54567140730033,43.167451594346964
1017,50.675294750836215,175.20347728784878,59.75956530306823,30.11919272043516
1018,51.50749141671004,114.80315912686964,40.97222038100833,34.17859227954063
1019,24.673518678891284,130.49374528928817,20.535775440826598,25.291567878215425
1020,79.75065350427208,31.097688846404385,74.93370027981354,32.75069570724096
1021,34.74122627734292,54.77123174900673,68.75070542236698,20.60963828256725
1022,47.89762542888819,157.94350045627777,78.44545175897116,34.52086661924821
1023,55.609684845682125,21.64323366518484,44.92241591673511,43.85559701136123
1024,108.53093691264417,171.5611895435536,72.50968042000238,37.18148913476982
1025,29.562684063342633,76.9332736003143,71.64878052396348,36.63677472014652
1026,86.23992317634911,70.19047709851193,50.74405254612025,33.87196906504279
1027,37.12424683600352,92.63550007758305,73.5334410151626,28.00857578506162
1028,107.33115757684394,79.78603234446092,67.95280611074017,39.34511344101231
1029,47.28953916016503,84.69581655649776,21.674034233098652,29.713135938767554
1030,60.619408444367416,76.31745488100258,23.696482060615416,28.414509487150518
1031,105.26583234714585,126.3170021808074,41.480186616346444,33.68646739776074
1032,80.73130783464836,49.732837514300975,49.63765103027243,44.370409451326715
1033,11.323060937595075,29.96884848129035,57.42175463959066,38.35274272505866
1034,16.42030295499836,78.21669713315512,51.68250444085845,36.865637786772595
1035,118.88789210500579,15.893885988752965,71.94363492797353,23.201519670097923
1036,3.4926326371271132,80.52781183471734,67.046489159886,40.203965447365846
1037,36.104630791644404,88.98077025075848,21.661985154965386,30.57069082906702
1038,115.06732420299404,141.18081213524778,37.04975271583673,35.711652357026765
1039,1.812724514959907,19.62812053197515,72.71288484623386,34.021731946082085
1040,19.36774566801406,71.4379349177145,64.083582587954,39.63645820798514
1041,25.6037146501807,140.50007685714186,16.02205627414933,20.80194019834158
1042,10.366892458336157,60.88595768097937,55.73909162877439,22.440183952815783
1043,56.635363461657256,150.51970953776453,23.21102297346949,27.030333689986694
1044,71.09255124494098,129.31053365342035,47.719467391106086,25.06187219567898
1045,38.19858578320356,7.509863830698205,79.61995050426277,37.03752841021331
1046,13.03795928788194,69.35014349615184,19.888995819522616,22.918819895322283
1047,97.3147293127149,137.94617768391677,68.53174242599695,22.30946971622048
1048,96.53656579167681,94.77711901111137,46.440309076307,33.24500017353401
1049,67.45198819122396,121.11827410327342,78.62148254944395,21.65913551386086
1050,16.529052941105192,178.20483226945964,70.8712190511213,39.85399306355171
1051,65.02935723892338,121.54591326910992,19.21785020683383,28.241441889204793
1052,75.5428727644815,98.28881666828035,56.8152777312009,27.55948609352103
1053,51.3950796235832,152.30088609243293,70.91927829460784,34.930593343851754
1054,103.66360651042551,77.43788821880979,33.15068327698409,44.40399328606044
1055,46.80544793054289,1.874722335981296,60.80922041725632,27.077006436123796
1056,61.30644868536792,49.045527464181994,31.52941719994002,25.648316627050328
1057,13.697203353147351,107.05081371020295,28.342937370995124,29.20790753576215
1058,67.62609594626849,170.68460049962042,36.594001683620874,39.47975623382748
1059,91.97376525620436,109.28438438269859,34.04906392485783,43.33566991313819
1060,87.75099862935055,51.06723408521225,77.55679316418316,23.854574063041653
1061,30.83770019454025,178.77739676491848,30.2752705264841,20.747215672623664
1062,119.02394664874436,72.02816270644732,42.59568017787911,27.644415576496208
1063,86.39209763660436,41.00465921769929,46.57860440593153,28.01903578309976
1064,50.85029057519713,99.5255261047025,59.92642416297797,38.68647680817968
1065,49.78902308657216,61.92995554185236,78.0482409351465,37.01518349423611
1066,93.51904268986651,20.08154570866346,54.90551304659888,38.681464488497376
1067,21.0818814916126,128.3007859183733,70.93973429644626,29.819173552033234
1068,76.75528951438763,124.46292974988363,23.542722992752807,30.71345392380008
1069,86.26073748538207,174.99358734987436,57.990494744613216,43.54756415440454
1070,61.960802413361804,24.63158959642813,26.207589085632108,21.208740070430895
1071,104.7838089350394,163.897281634819,71.63388201606689,20.533293317486223
1072,56.23631759498086,143.4930330051822,53.711034011144356,20.421774349077413
1073,55.787129826336006,45.55630802239831,23.852817619335926,40.42329011486413
1074,34.161555579017914,86.2699437041918,70.25711498376117,32.9447812444814
1075,110.32459596989341,113.42594357166968,49.12476554711456,37.37219320052232
1076,37.952376087550704,56.690395987992005,46.56404058557052,36.33790815945274
1077,83.43255271561014,19.35951272286847,20.27623791154042,40.324366915938505
1078,49.122352410975935,150.67460319702852,73.95076180446478,33.24704616216506
1079,112.25089580618128,29.64517916477434,48.402444466280826,28.214660087129754
1080,113.75512403194391,88.3295228153643,71.19732039593153,22.801171305232284
1081,3.6042279499082586,78.78619180471863,19.89128479827546,30.276861494178462
1082,119.3440327354124,162.54507218258328,59.179288052801375,24.877838110246355
1083,72.59233146206628,100.60721252252922,39.40571062183687,43.15790924159444
1084,8.862416849007214,76.39281452044449,49.87826523840103,39.07849537082435
1085,59.64369825771082,175.8252159792447,55.58006200795242,27.114435714639548
1086,5.936632770247612,63.45810007917379,68.67590985951728,32.785337853045455
1087,65.8672579037854,130.76803539930694,75.01221031508203,31.736597598099614
1088,22.254538697235034,42.11226546526933,25.83748735615348,35.11205327688038
1089,44.15284064217627,136.29937985064333,70.87292755103176,43.6730662825301
1090,36.56401398554766,135.22534690404234,22.592693583322426,26.891188799511298
1091,72.26544183355718,149.06792788333675,15.702620025511063,35.355852704101714
1092,98.68343775651964,87.2509999071805,34.580003706671434,32.6095068526963
1093,112.38439516102441,39.987678720661364,33.50415374654946,43.86373780382111
1094,39.46296997152271,113.75718259932198,65.12250866409393,25.453007610079844
1095,68.3627933457251,163.8403884385452,51.42287679294008,36.196301418122886
1096,0.7079003500049197,55.767640866653196,40.23163274658765,22.270336322425205
1097,44.65962370337179,3.628910078631702,66.39265844481253,33.59251805081636
1098,115.28445879189006,33.29947867045686,75.82713261337935,43.9925464452104
1099,14.260626101879383,167.92512190054936,56.684243899856185,37.98509296461987
1100,104.37933307429752,1.0902370879856105,57.44847739989595,20.785014750131474
1101,78.3006236166505,9.69491167476348,71.00812814694049,44.597458791791084
1102,35.26724747281392,17.699834957648605,34.02950353518821,33.49430957102136
1103,93.37931355263463,160.53127694361893,79.7320938986633,34.49347829739005
1104,34.713764213167345,68.99695106626304,26.45338170376251,43.63578369008621
1105,107.37780699416521,124.48997277414848,17.944074439797717,34.61881070862534
1106,9.931098846011249,127.05752088096213,68.50425473103823,25.51798515148258
1107,14.279166616206304,78.120761301369,26.334425116753,30.73245367383292
1108,90.00146170216507,131.8288896244187,36.80684820843578,38.730470921922134
1109,53.90139630772405,83.02065568395703,48.35067781252629,29.91127105466175
1110,17.69560075945175,97.53199241446802,22.225338207804217,24.21279656495569
1111,61.61208547913701,55.22655721254149,42.54556759570677,29.7289856433386
1112,35.636294838616564,0.34931088271435984,38.001496129329894,22.57771024954351
1113,65.91783401590723,106.7954571231587,20.571916292664397,22.49860964913168
1114,89.24567081208504,47.81356957133046,54.19400326842744,23.03652082639707
1115,102.82072314372259,49.52945278688086,44.317819967711,32.73455069710774
1116,7.080020092356145,158.18368603840284,25.38113441748373,28.035593906132178
1117,71.08257332695385,65.13308842375068,66.22177915505718,24.495428119619703
1118,118.03989982898256,18.42368399352091,41.653645636413984,38.46894326199619
1119,55.17569155526304,113.46658226506901,16.673504261823773,35.29119142232753
1120,92.34797481559134,96.9193007999071,72.16028742739019,40.495730222908506
1121,11.671279448306029,10.362439079938706,41.59685401858748,24.01936712585534
1122,104.82094531762614,62.8040003792025,20.972513939684642,35.50778237535943
1123,69.84634004334256,110.01738526942077,33.77778753689732,26.57975499187738
1124,106.5915823321086,50.349463870582376,31.57742474393326,32.379467823438596
1125,94.4541493732006,177.50747142382596,17.855248761037082,31.154965898614332
1126,104.30877291848262,143.8141607619381,36.5091650350158,34.58271644461446
1127,6.8755057301414535,90.75816327400828,25.963833890670134,34.25931768115322
1128,85.86289292468676,164.7952954167812,28.883995091512794,42.960322069416065
1129,23.637708962583588,6.2533339911839665,58.82597515621309,35.613248269380094
1130,31.897241052999703,40.417071228831546,25.29269262366585,28.78963653551926
1131,38.97394554386097,164.66986559360762,16.395887196775778,39.860244154150635
1132,70.95775817475315,91.56917850434824,26.605382769415584,24.03347317738879
1133,75.34330999692486,30.637282244821204,34.204827245748106,39.38299902150732
1134,111.77310549298767,102.61626604400728,25.727046880439026,34.42248585910093
1135,1.5262069902139341,131.4415594631965,53.82203519549739,26.502732487969848
1136,23.212617602645974,108.61488303361925,72.17342755861479,38.81027513209496
1137,43.44030198032047,8.258292765408799,68.98864152280058,22.853738357146348
1138,98.16082080475938,6.611330205322769,45.58258711000376,20.891229116389912
1139,65.98904874979006,73.2757025596965,66.06153798904602,26.794154860962145
1140,61.438872238396314,2.9269535653589385,66.38171336638902,32.61933889777576
1141,91.22230762348056,15.134416044369601,56.25533363006777,35.769466139427976
1142,78.60710855720097,115.66160509018229,67.17401339774793,27.85716503455395
1143,34.78269745887283,78.92119795507625,39.61137299141596,34.46957802801745
1144,10.453970480902562,15.39351862471166,63.6141840193629,44.51399683848157
1145,55.47681067400449,157.76179031598758,48.97567369271789,44.962771125464855
1146,105.61996770314147,66.327637879301,63.01239535035786,38.02326760331256
1147,71.77692688513764,158.97089641157703,63.04427265098889,27.553839151042094
1148,6.394687719927088,109.66311297625433,19.288640550485827,31.91802110061688
1149,52.809245740698216,111.7741946472983,69.18793230653509,40.19826973801476
1150,46.153450052019906,76.32550762337635,17.346071663568722,42.179280765599835
1151,69.89099318627595,120.95903480053884,42.78120286888006,43.78408086871827
1152,70.45520761209642,43.83587775337251,53.41649249187877,29.691466919722206
1153,114.15984328205217,46.33687510923022,68.52330706814176,28.45091497950575
1154,40.57126238527608,157.4835627719423,18.740574583831055,28.3991508440619
1155,48.97145953337668,36.67271327375054,58.65091814649661,39.62694127437513
1156,73.6216693172029,69.48861562060998,37.424070864525476,43.931302626980184
1157,106.36687452589872,134.04958012657056,17.66370105852529,34.08035867285703
1158,84.73727385048304,59.400272885692395,36.602527590843415,31.079036925502024
1159,56.5062526544793,65.87643132765498,56.63827883992805,36.65680135025105
1160,97.7479257906282,163.65193198365552,20.385671390618736,30.540245294533072
1161,58.2367309398383,37.16443590156207,70.13793845071976,34.25143378108656
1162,115.62274773693446,43.412229854887094,17.79312343780204,24.700083162746196
1163,33.89993373849081,159.6116485555369,30.54130940320554,22.47952583404748
1164,15.287027714693714,49.54232255599359,36.42514388701734,30.138826360022186
1165,99.64798753005614,59.508846972786245,19.174095230359846,26.70862222071334
1166,35.675881700087174,158.75800724790284,75.15720859032527,23.800117997207565
1167,101.68755108509097,57.80384052101835,77.81086167442615,44.12285102823121
1168,73.1285793269274,179.4560831341136,73.82097251436642,37.409176626503296
1169,61.075117483730295,147.8305541713075,27.925020808148698,29.705562827983393
1170,10.443814271183921,152.400644629755,69.15585874553564,44.79171387463687
1171,94.35786029188122,40.62190987714756,36.9541945794581,22.674987337923785
1172,7.910925856850861,39.07158952260522,33.77020345702259,28.717349951252416
1173,115.81813700843499,135.46372879255762,59.84971305293708,42.09864906124662
1174,105.23695128383831,148.81132650175212,20.54818606075832,44.202287785569894
1175,36.356231093919845,40.41770391909313,15.35232087468503,39.820001354526745
1176,15.343940029514599,37.07684900893448,75.50883017199786,24.65479847240076
1177,106.28093407336092,43.84026461771769,38.00553519884504,34.1610770896254
1178,57.5820679406332,24.770026235862247,66.67189727967838,21.781861799997966
1179,14.984853383277713,75.81606187179969,42.67577092951106,21.58628366038622
1180,59.822662020760646,90.52430286807514,21.027171949727787,41.57969204636487
1181,29.618313129033503,113.06997883826483,45.84346265174855,20.060102924115633
1182,48.940247377294654,9.963623746384284,26.11133568018096,22.42524225359713
1183,76.82892596514613,34.59512887427561,20.25508022269797,22.644880216323255
1184,109.84377381220045,21.07290526416071,16.232230239244636,37.78972972042392
1185,96.11157972046047,48.60169285325924,41.05281073121326,35.7108883827719
1186,19.321067814890114,33.44135534548451,31.807101381594105,25.397124763800715
1187,57.28028749050245,168.52909079833805,36.84040994292974,30.254442747552233
1188,59.03136005044669,67.20177680887011,77.51006637020197,43.788812276254234
1189,118.73793297809141,25.001590954022276,68.89665643862908,25.263209092462574
1190,10.427741053561533,119.95949421772032,60.88393181207267,21.69474801633462
1191,61.2921175072864,175.12311222917225,30.86326186980822,36.16877388224644
1192,109.7235712234142,142.99425445315197,63.7426211514247,22.69891176644225
1193,47.86190947990023,116.6777266319947,60.36176393224661,33.91026255172278
1194,31.406140779137846,68.06906985430943,49.31780201231382,26.374344791539755
1195,66.71201728102855,72.59350491151586,30.527624900743966,20.814629468435882
1196,38.410606510346604,54.383908412316266,28.508864951881947,36.4620744229574
1197,111.24949593448812,145.11980488925482,42.26610901948449,38.79394014754565
1198,10.175852263454853,144.6010217080109,32.97372409210497,27.854241731963324
1199,24.804945199051932,88.09104186353217,72.51090305890831,23.956647120215038
1200,10.064516609568228,155.14794613463974,45.276090167776715,44.41376025218304
1201,85.42670407746402,117.39580242578543,59.05029347911184,26.11873511898804
1202,35.177023346545944,123.4010191792274,73.31166648639353,26.157591938051027
1203,108.0202816751303,48.37988458335962,55.36999210313657,29.146699845897995
1204,107.2357711800109,43.4817336746181,25.45076451206777,25.999155271633164
1205,112.3663985232321,40.9911739973548,35.759086882740874,26.147576685461093
1206,30.73542075922548,164.25193074107682,74.96991152685494,43.11138352931783
1207,0.07881100270096031,144.044559639282,17.990242703242163,22.05002070019417
1208,46.51265010978476,161.86690162579794,29.408969662112874,40.86298935969195
1209,115.50756498862343,148.0930236632098,55.17245293900376,33.36838313421429
1210,91.64903105260692,144.88531509944661,70.52452354662861,20.88191700902901
1211,7.159185601718705,78.49013717199009,68.32771376330908,23.77567126044666
1212,84.30866892630232,137.81110639565554,62.505820344926285,36.39472176158367
1213,110.04762393531878,29.996475720173763,60.64437434067168,34.00208922928083
1214,116.12639594714761,118.03950275059573,39.28362677365993,26.050217450721128
1215,85.91863873747569,7.697259574521002,18.990298399935966,27.28299802875177
1216,103.55945146510199,173.8394382718263,56.323965977515286,43.18179950497538
1217,101.00425234799165,158.30087560699585,19.71816360525831,38.42888372199508
1218,43.00053452017641,29.692155482543434,66.8945535757299,36.54845268612939
1219,11.885263910322186,138.36782334109677,23.52384980775949,43.10205147015334
1220,87.29570007047155,148.25679087699476,16.595670720183815,25.791519972863355
1221,16.429598143869963,7.561085089162609,79.94921338755258,28.24198590579258
1222,46.10385336020499,101.89989537134588,25.878398407710115,40.95559087235725
1223,119.48831489669746,75.61815720659578,52.82496485323541,31.0078441845674
1224,67.17426301545242,111.3745632601918,19.000661912274015,31.16577560478722
1225,62.60880438688753,159.54607036889615,78.75195509235522,40.22954766398364
1226,113.74559366634232,130.1317845216273,16.079420946921203,44.9849169222474
1227,34.08481070190823,38.00768001041589,59.71351248763906,42.189445702114114
1228,119.9317110527921,99.84773565151919,69.83993635388569,39.27810749614582
1229,109.43757706668916,101.11397001039579,34.25813980631839,31.162084792702426
1230,43.668481099781054,2.050008654464166,15.514152970861701,37.65282168858473
1231,39.268777756713334,23.733978918136696,17.408258915763597,25.63869062630267
1232,15.187603917562157,64.70650528788417,18.960985485698245,26.345572412796137
1233,109.87681377854138,32.04262591090876,64.03838362632135,25.107184779692993
1234,22.297190808776556,42.707377341753926,49.35092149836958,37.043717210841365
1235,1.0774391215711665,121.70012700734912,73.27289620387731,43.697940344455844
1236,106.8091902349228,173.03388688969736,56.11217234028357,38.89031986666714
1237,71.77381575154662,82.45088851031625,53.61448745499262,26.666458882025193
1238,80.62183838425234,116.2922938414703,28.118518622999368,36.50936976095072
1239,87.97693825422262,137.0534116274741,29.536316385431327,28.764254690724027
1240,5.1193925937415985,121.13256326885342,78.60656721063668,40.602725128433036
1241,11.02259977567591,118.26231225092106,76.90092988464966,32.13345910684271
1242,59.980428605535096,0.21109628440157513,43.45552065441616,26.241278876558365
1243,6.031314163811561,156.58507488003906,66.67538294073043,27.266138996635018
1244,60.51859156696071,29.02747032220086,61.8085315393326,22.13409025311011
1245,88.36064178803535,32.48883399856208,33.05002267511199,29.03142888611827
1246,78.8890978468624,91.76578746996472,27.996057289958756,28.483334241456284
1247,73.9977185287438,105.63583151617662,63.67123542065097,31.45296565252831
1248,5.568685811738545,136.00328094136393,77.57290868725741,36.438047347299
1249,28.398585809732406,52.726336913176674,78.93607109462413,43.21185139908107
1250,107.69936325546432,170.13187077087693,38.21780282541957,40.43628146438137
1251,14.786460143335605,113.08245933482459,19.260332957631384,34.34020128769603
1252,63.98684495090996,151.94545117094535,35.74614869918267,29.03645267419471
1253,6.005809408271152,85.86286009329699,19.54534553056275,24.264991561699624
1254,112.7043133289672,12.806427023309155,79.20018474097576,34.77810204515399
1255,20.58761494515712,2.1798286827641156,34.96474301289527,21.597680349839557
1256,49.2026283739002,115.24586579599904,70.08974058836321,21.338298374969547
1257,65.61373694032643,76.7046344321202,31.01842338059541,36.05609680917958
1258,86.23820411176088,79.28586339495854,77.39436536449068,24.10687947658373
1259,112.49428402376769,58.67790755909593,46.793659350682226,41.212973256749564
1260,88.36359298147124,32.09335977205561,69.19869227530211,36.74385293901838
1261,41.684204513218155,85.26208299405482,53.95439083035332,33.11149233058083
1262,9.040753278627651,45.86314325461421,64.79324095261337,43.40554151856172
1263,84.88861280396145,160.695557453108,19.736390468470315,23.295506632331925
1264,116.7012383254617,32.17309932155017,20.696053134107352,27.74970103449511
1265,2.041925641385056,174.181953017755,38.222128410371454,32.694637476967976
1266,92.96155176434976,154.85100744460323,72.04333466755811,44.133385515686406
1267,21.13702895442893,69.05414385206862,74.10556934334988,21.96845980927932
1268,55.19444003924508,139.11424113231217,61.188498168711384,35.04824828736181
1269,62.716401017386985,104.52809085672654,53.917584036721856,42.98780306448719
1270,73.73114759883936,83.86770161534213,18.19261287887166,23.620586047593672
1271,118.7444188840069,146.1586435742788,75.32389435152768,37.60205805491822
1272,82.48825311165274,149.54248358898087,57.89466555482094,37.26685344397516
1273,47.08649029953221,36.27119654437293,55.03322292815706,29.00822752041006
1274,85.80249518083843,163.08189814658368,69.73142264295569,33.38997629583622
1275,56.0077544901917,5.774919913625092,30.367043815662864,43.38237136269284
1276,49.57439872243163,0.9941689010034005,55.29523759573994,31.699387767187154
1277,43.87838598594722,87.06185749633377,59.387532539262814,31.409050205365794
1278,59.20873135591363,54.24009326825228,64.15246410598301,34.105802844401666
1279,33.74185907381368,76.08052024347825,21.15846211549264,20.799602967850426
1280,29.05204106990609,86.22184637791881,62.33983897649956,40.238353905587715
1281,17.81599868821783,84.29939830406585,73.67829196859842,21.281865687050495
1282,52.826954529885334,163.4115665756069,55.84464975871826,44.46928892588697
1283,35.191357477495465,165.27576612497924,26.04323391786692,44.26542600942915
1284,100.43298233569664,62.31670103505,74.71553119942047,40.46258208573856
1285,101.7472985229239,51.7699347721069,21.637336541536932,42.38524618389677
1286,41.26520058478704,117.71970508236875,29.97415447140019,35.38874574473572
1287,74.29705017857863,35.7153714019967,70.56704301962162,27.642578450156574
1288,108.27489981906103,72.08623057232882,53.26994591500968,35.09466113130165
1289,43.099431252410064,129.23222913265846,36.81672280695405,36.97068273636426
1290,66.56588752346,1.024160555363538,67.22567797314866,23.541056504703256
1291,53.22703425547172,138.92869216543076,57.078576018065576,39.36889330425848
1292,78.0318273523563,132.09128932893597,22.67880970457103,27.594928899430947
1293,115.17250480462391,69.70736394457239,30.08641600508004,32.81368649397437
1294,16.634842485732293,44.61098591487884,67.68703865391282,26.664189023300608
1295,115.84623953348817,97.20754568953143,67.72253778696383,27.055068256614902
1296,79.88802191261898,53.21547223923036,19.829441093062357,41.91327271263775
1297,95.50446139423973,147.79542896107975,48.899939937120195,39.2548407281744
1298,76.21461728892584,106.309847191581,61.34758619988568,21.565336215302636
1299,104.43803950333597,55.21158142747503,36.15350886876406,39.277676888559455
1300,39.14864837234423,145.38267956786706,19.0812967743185,43.12452520026957
1301,84.96571808467856,109.3659076914871,42.11413997990439,37.59797729952311
1302,31.693563794299905,23.753212172623225,75.76444927184758,37.30740077339071
1303,61.038868233188936,74.52090741142179,62.46768205955999,26.60191346703955
1304,81.77885548053558,88.15211306514587,28.869509834322898,37.47483669400441
1305,24.134915038692903,170.053621905051,69.90759914178427,29.47641448987278
1306,7.3391299239143715,57.71978226825948,58.39303956609642,43.071230978198344
1307,94.91377344157304,80.73314792802839,33.86050730391476,37.611888227380405
1308,97.0735552000978,175.82298076328667,32.45926904176172,28.067833046438935
1309,79.87978321497616,76.70774874022685,26.507406336568355,42.09096800316199
1310,38.57179390925885,148.87946905315113,41.306293395830735,39.352403040528294
1311,78.98076066788565,17.453775584394137,38.405390782343844,25.02662653333359
1312,10.065646150788226,70.88676218137259,33.54712342472172,25.369282156384656
1313,79.5011554362988,33.08486996101604,71.79449435671785,20.32426598512894
1314,69.14382601524255,159.11749069846286,64.45856900587448,39.24968683992806
1315,74.06451884185098,99.47109873245665,47.03050487085362,22.149115614808615
1316,53.638111973835535,39.33821431226535,77.57681469435528,26.885015769110446
1317,27.018998278654202,16.591855252864306,58.788457671029725,38.40928791320529
1318,87.10526287967046,75.7633270725591,76.87446820948335,27.64255868888402
1319,55.69563688085236,17.352790255613893,68.61008502992298,27.146148825077738
1320,89.44559156283074,87.34408744196685,56.233611614589954,21.65721817416825
1321,43.70161107885801,131.18179843240972,60.09139234938339,21.259127725805925
1322,10.534711216938755,55.86954346281431,65.36936500775812,34.295093240863196
1323,65.09491145986041,30.146707847926525,64.22005045768509,23.463645660297864
1324,74.73136312492791,65.07458980435939,71.7835902420582,44.09470901601907
1325,110.61325316017444,29.9085355338157,37.097138378817746,20.647579859577903
1326,106.53056934432564,151.89104194347075,38.62104977670289,27.89645764155242
1327,6.8578984124043085,17.30241640016269,31.050984840785713,24.597369956752004
1328,92.62084647248928,133.3696288122184,74.92297522673698,42.479095469962445
1329,31.36353602726021,60.09105718137248,73.74588004704952,38.76867725622071
1330,83.66380542317746,131.10772998847034,43.732462271681456,22.785900764011227
1331,45.537836200961955,138.77280963550356,41.077333381507046,21.390372264414015
1332,38.64940262552154,24.309984368762503,23.614261367231254,22.077160115728937
1333,58.59404745641776,136.17122677721272,78.39315314152302,38.48936528090935
1334,63.66373899372715,170.21172651803377,58.67322676658179,38.681874149461464
1335,83.33798925338655,102.06947530034483,77.63211570265224,35.818313507700935
1336,76.546013849113,116.08814699422753,56.09243617537559,32.22787204580871
1337,81.39066040470291,58.06545456257684,48.405797300459774,31.575415082159232
1338,46.08921906801883,31.40677036511703,63.67302380494507,34.88865672176528
1339,81.28084531366923,133.9895902018352,72.65344242824102,22.71259224509226
1340,41.44647908390362,147.68385302048316,69.920037049034,39.86291693980063
1341,72.90398968242732,37.105637615593224,37.4896208914776,39.43891797859759
1342,55.143956049144634,20.419243843217853,47.94204195145018,37.020104765648426
1343,67.53582770130734,63.41025059476844,76.41133191537276,25.889360852387565
1344,2.104582301170397,112.69504504853464,47.908954477792975,25.367477171266145
1345,59.85437069260587,65.71188577113054,67.13371040647864,44.50549363222973
1346,26.3961533971141,173.52222362559604,49.115320955696,43.714842274060544
1347,46.297504141454326,142.46549956496162,69.11349980423984,38.70137888280406
1348,8.852491777390942,164.9143417792234,19.437623534997975,39.63132114374601
1349,78.82813252306919,107.93559060614982,15.080414148529771,31.452616973252805
1350,107.22259651291832,136.03587158667335,20.895133255298738,41.926357816238756
1351,42.551663898891036,171.17765575651663,43.33671480188215,37.26177423077553
1352,12.608134439231637,6.412282377095626,38.88557841804945,30.944282293429723
1353,74.43213531694268,103.48391375970226,77.33388330746104,37.035689265431735
1354,15.244373818658975,33.67678603932694,79.80466902806232,21.991107176318884
1355,106.99455877561815,143.12021005833296,23.746694885179085,29.864391824941446
1356,14.69481795912937,41.874684940306516,69.2321510333926,41.09479846633897
1357,43.424458054232915,133.49036996363455,48.09595053087846,31.995669644403048
1358,59.35917476648329,59.87153963485716,69.68255123338356,33.90701281175604
1359,14.144736726945597,117.27428672626225,38.99477949962584,34.016993932609566
1360,38.249710645691536,122.21280652923807,65.22448498772374,43.57548812359386
1361,33.03348814974397,163.58738268546765,15.297055439597525,25.021226324329973
1362,85.5960490094659,157.0283820841372,45.40596710795088,37.03635919358641
1363,118.35280658692554,78.80452900378775,36.629125768847516,31.229044813792584
1364,43.54048380128045,124.02336483412736,31.37962230275324,25.886099550608723
1365,94.88633759612699,32.83100599857721,34.53181334434038,21.211112696289643
1366,16.840922329442233,17.653039522738702,42.243343514094704,35.25881634379839
1367,69.58965043428023,128.5314210503044,47.236465262097525,24.590338102175828
1368,51.92558997412588,163.23033433855343,49.123395092720735,34.562022650899266
1369,34.58205041336587,134.3968761706863,62.746156712394985,30.748208474596503
1370,98.60523687161835,93.01734952324281,68.74228414221304,30.139038651093085
1371,89.5706110084129,113.32493740510276,77.49621300183978,42.19966746139576
1372,16.079632071265575,131.41418689857284,58.493949239444895,22.24897438424155
1373,35.08886276534959,102.4792013507827,31.68643778711479,34.030419818985784
1374,98.34058578396869,65.35216731142883,52.62533896360442,30.362086571439352
1375,119.09179338275614,153.13692636268038,43.502795012710884,23.784761023323888
1376,73.38778898697956,66.4683914031572,30.28272169058524,29.88150246985983
1377,104.6038535493255,162.66270441181032,36.607140279020825,41.669860847395036
1378,118.10658293887211,143.8926975235457,29.89547567405557,24.951657591020513
1379,88.86545564391679,142.7435482004966,50.02273933108155,36.99144916266418
1380,77.36786409124508,150.07192107626105,19.299249732361336,26.7105328312429
1381,26.548690662130426,177.62621261454683,50.30977425358979,32.98216243500312
1382,44.450954626936266,178.17542634698523,41.768594891773375,33.77499519542749
1383,74.82655950145879,90.2526730857502,15.42662930086143,21.787808718617242
1384,111.16815746869224,67.91035301155496,32.926268979124885,40.201476650170605
1385,36.2216559696828,131.97170270777715,78.11102343811466,29.463469107832378
1386,47.42508777278341,174.2262891329378,52.67101125750046,25.244301062639657
1387,2.668426143331115,113.41506062414038,19.212030865291563,25.1937774296222
1388,83.60723739990989,4.626431015090269,52.54905552408813,44.629506605275196
1389,53.22842788185291,6.9397788961248725,60.75896451238632,43.57694169757545
1390,95.72782435279473,83.54964271792976,23.758556666842274,31.729595515295305
1391,28.03859775266213,141.78646363377084,41.17580841379798,26.76834453974053
1392,79.1575356832084,159.74995425649382,28.90136046481563,37.702962713446496
1393,80.77111496858777,67.50136168140871,50.26669305220398,21.321118390327175
1394,55.718896050695676,93.0904729582385,68.45400736234502,41.47449383640009
1395,22.632689896004297,92.3461616247429,30.578874957818904,20.1420886613008
1396,48.34789214294572,17.02446295300081,24.063996504040144,21.235233711745423
1397,89.40514900750951,0.16030689358797146,24.04271421650627,28.354746570987793
1398,22.70227319860514,94.26202814223241,54.934353143602785,31.40350011781496
1399,10.804921460669616,90.7709935741843,19.508085741285957,20.131101030838373
1400,55.53389235769623,155.45056376492957,49.215874371378156,27.140517656467267
1401,28.14256393440222,32.7028987926162,67.65020903994247,44.59422229318272
1402,96.06613026476784,153.4571792345881,64.81978597200646,39.34543699233615
1403,98.06952396219874,48.82607261227478,58.56198824343563,21.464000240763593
1404,113.4336468415598,97.06550673967706,15.711747939053717,41.91802515723124
1405,100.7714841554154,127.2628511217405,43.064406232643776,31.64385192616045
1406,77.69326011004762,26.149496812733975,30.819931628204817,44.73321343942486
1407,22.44623178265124,170.3558462007154,48.487092377006825,28.02583110704047
1408,98.76077790508802,172.41490403208624,24.87137597326953,27.738208998157297
1409,87.37132468714205,174.59854165384706,23.790215411104896,36.97827770422509
1410,89.62399031531248,0.4036739460382588,76.83772064132165,32.20190444664646
1411,83.69204720840153,115.81775740027089,72.23960206036702,26.91039381227737
1412,99.60278379530583,120.79351688022335,21.350363010523203,33.115137126218826
1413,35.741212643278054,158.3842162139571,68.8029782702562,35.92819647961083
1414,80.69408257478874,36.26591081127403,19.289682714015076,27.811797736154244
1415,62.07589240626377,22.325206217168933,37.03073456775101,40.60690871261146
1416,40.54125822145104,145.69813617883648,79.60632249862097,38.719295807983755
1417,39.220728646139996,47.106229701406605,76.13662909852599,38.82807244553776
1418,18.656154167879286,11.885565724220973,45.38643551874006,36.505544020838954
1419,58.98423943836647,16.545661893638076,60.62843179895646,25.75338509444198
1420,44.246099771778724,116.13190991369041,39.874086503601006,37.64845927710492
1421,50.581958452081,96.45452982259721,70.16580965885294,24.36676446334767
1422,102.20014925475564,134.62162971182815,35.54935503417014,23.548098456573122
1423,81.78144879035796,145.281629470898,28.409202024953437,32.59428006963377
1424,81.62979512528922,0.4873940725028425,24.389720012723735,24.30967324287116
1425,118.08552566720981,167.92885610577935,55.997187682616755,23.186109589164193
1426,26.139041634236477,158.3416137584825,51.2569875170203,34.80454124775005
1427,60.947451446375666,167.95115651710032,73.67906991643079,44.38730086218823
1428,11.102241869105187,138.36039484593786,24.54364059401381,21.38859544628158
1429,47.134948466297814,69.07611325164491,67.29491437094441,31.106185754793373
1430,114.04218781837716,44.669438053113375,76.34885033550833,22.25824823216524
1431,10.310436146063942,164.24236259229056,63.54806611488288,33.46873550081946
1432,90.92673341124936,75.6386192011662,22.475641996065384,34.365886911289074
1433,103.85209880002253,87.82313894450058,24.9753513001546,32.263826775493825
1434,61.07354213595777,125.71973169361897,20.711450125458626,20.97720493535621
1435,95.7132824433566,123.91226666653297,36.69924582602063,37.520225606394064
1436,52.925477295653664,124.81750018359544,64.33477505550124,32.69708718005402
1437,42.40252360439677,112.24751747859891,24.418255035153564,34.33218362518286
1438,60.6876988170142,91.55367735078562,44.18390476985944,36.703844612687604
1439,23.369194327360287,138.06445454148633,17.88589460879995,42.65074646055601
1440,36.89835957527974,71.24233688166694,59.08615674313129,30.86405794924102
1441,36.64514408879266,47.22514373509034,21.411739870767175,42.82430799195714
1442,118.60904435538622,163.63298975929717,66.54956025271174,24.394616191615135
1443,40.21957138704689,152.2773049285193,54.82348532025841,31.343992118761715
1444,27.46423376897218,129.2310838978606,27.386275241599286,24.422321273763057
1445,112.7720541389572,30.286628767038625,60.39542930726771,29.308917319701916
1446,16.629879411100408,8.218239255954709,37.696815586566984,42.586870324961424
1447,115.8961503864917,166.04045965237245,49.04098273387651,44.37776342338427
1448,102.39736558397777,169.72487442088814,51.17660733323791,31.81095108244699
1449,77.64702861902991,49.03327443807839,32.65553594996281,26.914355361893364
1450,51.33694951704332,113.30306816744468,42.10965347332127,28.067798619137633
1451,23.668836192023708,3.3068784222062297,66.11060072367945,42.541395929538666
1452,12.74437725855908,70.86062795252899,71.19163661029735,30.963165774784972
1453,12.441042338721097,126.71787174789202,70.16198773842666,24.961837567215927
1454,41.897029825559585,64.98686729885902,51.93308778719671,40.87484241878937
1455,48.85780580325617,145.28116168206634,71.7088759782554,32.749985000251236
1456,110.84521998115197,164.3034494593298,24.126026531560946,30.680034308394216
1457,64.34728909894415,24.697423278901912,78.94727421197203,42.58326845834674
1458,118.87569435780227,123.87041359760907,17.928777859365596,38.65360084398961
1459,86.50657896955842,67.68088704513367,73.44852478364558,20.355712350759816
1460,17.55534808490529,31.38913756803894,66.45906987984938,44.163062426244934
1461,66.42807832657905,62.86359224770723,40.35781820293691,31.365557931472516
1462,19.124462890828426,86.72640202642549,66.37566988112616,24.497910613099513
1463,4.704309478644726,161.26051252155835,77.2440526357222,42.755240629571205
1464,113.25446021701559,137.77236106657278,25.665889433123425,30.488952459100975
1465,40.542481314875005,0.9321928638465837,57.21003816461343,37.11551947958593
1466,22.750320612375674,10.159750552269802,15.289361598527192,38.76999581321469
1467,12.214997778844348,178.89396538185267,58.18284571288947,24.865318036163565
1468,78.2568879072039,100.19239200021312,18.996696141234516,44.58801400554955
1469,55.33788440640739,109.83342671461247,58.40512324273707,34.071412927234334
1470,1.4011122977808466,63.49712345442126,16.749193169406194,21.424520933384446
1471,85.8217600468318,149.65954417976894,41.218911380484386,33.418239876971384
1472,30.801514592578787,100.26480438591166,71.3407135293814,20.459916776756387
1473,93.66695884931653,106.66740260475505,34.91752081785083,44.481254220349776
1474,58.632692732266115,44.912585474546006,77.9980439465291,36.65113061209118
1475,64.26972141109894,139.8075314560987,45.63660540266752,29.48410313064423
1476,54.86374874614449,38.55029030378882,26.828354714603,39.97922308699846
1477,81.11782934264177,24.70622998313694,75.8550741582621,39.85158746612467
1478,118.80542077417344,107.52820223520183,25.10286095933779,37.511825114315315
1479,95.74471541515177,149.81863031306779,53.61145267455523,25.879819907534568
1480,8.29222296719514,52.75370617140159,76.27822719536596,22.32924145169227
1481,59.3762657168129,54.37844775614181,76.14237021301753,41.4034618279166
1482,28.11451486550741,26.887068496785087,51.116296745721506,42.20928071389259
1483,12.287873380092487,108.57126182818625,28.78984631970523,28.637938877219014
1484,23.421064722285344,138.7393704257274,47.53684272386767,29.66332945481524
1485,29.77371928168258,22.61228295415704,33.98024918439974,30.079530099705423
1486,115.16735668578725,96.33055308891372,35.43161810771632,26.91823947660493
1487,89.38376369487497,97.15029498299923,35.637730285109114,43.4583224959931
1488,102.35630830792061,19.21592276650517,28.11645532016555,33.28942278262734
1489,83.85868203051153,95.45238863231675,17.520292630065526,37.73561554079791
1490,37.878495070283726,48.93804898257154,63.79705573541717,35.131039764252264
1491,46.932659248981366,35.84267223248465,15.837364593138167,22.239862586393635
1492,52.88177927533508,177.399934510575,52.257201150086416,21.804781934109624
1493,35.20888961219932,16.261703346939964,38.8665034404692,23.690094026821725
1494,50.57310451243859,61.81687295559764,57.25173329291564,32.422385145837076
1495,92.54241686321254,111.35584379473154,52.73775967739176,35.695862675761944
1496,9.084411194605018,72.86902399434835,46.137499282694876,44.894644535114566
1497,33.188978489245905,3.220296166728014,65.530180906966,42.51720307527675
1498,57.483122833491066,155.92455267576292,52.180688434687916,38.475670306401724
1499,81.14696627114819,43.05943468154759,73.3998383480217,29.58580544328568
1500,77.51140995506074,74.174754544999,53.03905747070775,28.61591809671428
1501,86.99826817894336,163.53700169295462,71.96505991388537,37.42958138495676
1502,12.631452414748011,174.5185007685999,71.16572505606774,28.643020837489136
1503,21.690346965159133,164.65944389603393,60.93828320829067,39.13934813404602
1504,37.07762959408064,73.9823918619295,36.4031522897813,38.21321568270439
1505,33.80252463127827,133.94234547508182,46.629735130002075,22.998623020764423
1506,90.67091907059282,152.71914402836506,20.135301718949314,40.09744115149272
1507,119.19813556428845,35.50277792196979,62.138899733956364,22.334576010879786
1508,81.97375696350613,174.50387648163232,57.00085991814396,27.94279562655139
1509,3.96557444334666,18.253955660927346,68.19375660093753,44.37681390772653
1510,35.71132584003412,118.3892344810393,20.486424755431806,36.28146124259605
1511,96.3632699625522,43.026145797542235,23.35342741574153,41.41137191400084
1512,110.92080921306803,38.70035907457822,56.998554998813255,43.16897236709728
1513,71.38946526751671,24.705115760634335,62.59084566159686,26.616633960518453
1514,41.858705219116345,169.5798496652541,19.79222578653709,39.892132364015595
1515,42.614199412934624,23.089454690161585,16.997383143364193,29.30776082911383
1516,76.01271581775467,164.2472784259133,36.108968908888,21.62061242010951
1517,103.70287543236036,29.827131809668618,37.06490685421266,22.67018767218783
1518,40.89976386011719,59.26339049484681,18.38466665674944,23.15606950442911
1519,22.88377068626316,38.065315984439565,21.34181449628974,35.7852875222069
1520,0.33486063266509714,177.82831676182843,28.256336229620974,36.04126663725471
1521,16.496501695615766,16.725251807994432,15.918385478353057,41.187393812747686
1522,102.14254418243894,155.0108222072341,24.607807191552027,27.377049971497886
1523,74.95016044506472,54.08155177504453,16.665177653814567,39.06411546630752
1524,118.87647546755808,171.41237974733815,39.04476936333934,26.669138193903596
1525,8.335414899946262,135.06053902410613,63.66228338554395,27.841195592633916
1526,43.92196100840551,47.49117761891125,57.99234880685851,36.395500203777765
1527,95.4851064030379,91.78787561609614,54.28926806760642,29.812979780984172
1528,79.34476377095055,29.001114343855168,45.40774546792849,44.950622127861934
1529,8.000487224653249,73.29382541271075,27.18680890080512,27.913766462219932
1530,48.17279993183914,4.734364387251091,18.13652870152842,25.93577869679478
1531,76.51591340693312,122.68854060562948,27.059105608570416,41.97973672560315
1532,82.53052659250817,106.79783182307972,76.5654051911628,41.82756694842471
1533,54.20294709068125,48.92651468960489,67.90665457455682,24.07301603974959
1534,22.580110154113076,2.3937041612575527,52.046208148480765,28.439176175868475
1535,115.91127446474229,169.0247615058113,54.864156509216166,32.753118057109624
1536,55.98010491260919,22.482211276765664,63.43770272249064,21.65681799995371
1537,86.08121675009505,58.99131736077219,68.42496913876704,29.270144374262372
1538,64.17928092129513,4.570762906127175,30.69786784064742,39.255593930991964
1539,9.683179145727166,68.9871335748705,67.14877463473408,39.20970258817587
1540,28.403160384930544,72.30351019865472,57.13961996226736,23.71926305599917
1541,7.563042966272819,96.03126924227296,33.07017198553099,27.587235884163476
1542,22.8933157403862,58.25867673621529,33.69788675997655,26.709964038213105
1543,24.022412133382826,44.955860016658995,26.13899489919222,37.11572843616453
1544,49.7832542051226,141.4414138441793,50.57914923298387,23.29714577189528
1545,38.603704688485465,50.20651142091389,77.9610172898909,44.6489780864546
1546,43.5063805152999,59.77044933706667,66.33385972914095,22.90022186659774
1547,98.0264602593293,88.395158642539,25.820308690006275,33.218373765820886
1548,2.5631927894255346,49.286022950118365,22.78761997167235,37.5834227442445
1549,12.407455254197352,130.78400393773418,33.31195625777181,43.70645285301338
1550,96.93636148130354,15.118353782217582,25.6844791154587,35.353615281167684
1551,64.07581142742639,58.16547333836856,24.256861798540655,41.38683377139898
1552,52.66673266359378,75.75709092116284,62.56813557451056,33.273784625058994
1553,32.078072919098624,46.449477491357534,35.451112299441206,25.522989311936215
1554,65.07842262155494,151.17802499460393,51.75910915737535,30.524250901615574
1555,26.587613919994265,63.738095625807404,35.49065081560193,35.17438204167044
1556,103.00328546018233,75.71706961879194,78.99816405006855,33.27443890052321
1557,98.88476345078097,84.38498391364249,53.48877401452823,39.563996709906135
1558,38.62210595926199,149.4311266783315,24.074280707955232,33.48826801202555
1559,2.939968710391838,39.36584199806121,65.52640904083249,29.5844154183031
1560,106.52013059164027,149.1831658954976,33.83186594993922,32.87968625649678
1561,35.84061545673321,170.70736121187517,44.57955275384593,32.989859990599356
1562,78.82507332560795,47.88637795051861,33.67372743692272,20.249455424975455
1563,102.97866301357907,30.472495487405073,46.827432218210376,28.205720172615244
1564,95.80342889740292,141.97254874658856,34.9800148377645,34.323489750012506
1565,103.50012346054126,56.31373618751512,35.84229143544939,37.81166086974061
1566,58.69613443890047,40.9356916069688,25.24437097126166,30.68837917632748
1567,101.0751443568163,14.051066048136944,77.40630063070678,38.65537593762957
1568,55.33872717152552,110.48178880717248,28.48002129813709,32.58373644112882
1569,31.658126803189713,168.64920418745024,33.37711532192336,29.238243942649497
1570,57.71598300750961,158.62800623381725,41.6683959042535,26.060263944455077
1571,40.24728878177115,105.98243153464395,22.66086559052822,39.9404518495632
1572,92.05761844209952,78.94946068289838,29.890044173145235,43.050479560583014
1573,99.8050619495517,175.74913685978174,41.47757167401789,38.23351183378937
1574,16.94007715916679,118.8584592871191,52.9507886777667,25.512546191465383
1575,19.731216138469513,172.11403689122602,49.86212741990897,37.64824975802625
1576,46.03935724015839,123.88038990630497,38.96208587281035,32.62676797781179
1577,55.59436464827186,125.42155100346793,58.977213783123965,43.11902138797529
1578,114.75858021235308,126.1911337174084,63.46485712741722,20.15054571952147
1579,113.00305195045557,22.621157220474153,32.239798577385244,39.324655511808714
1580,116.04486910373339,45.47282985853031,30.57533458068457,31.659107332148658
1581,87.57065188739976,11.842794848119745,55.650213353881576,41.39221565111515
1582,81.26725877763728,167.851769335541,41.740641721584296,35.1457131470097
1583,32.44693826550855,179.01304058967736,68.96621456176712,20.190062309683864
1584,44.718553605224415,108.91122408078002,15.63318830052631,37.29339919271433
1585,0.3219967912907462,28.078601497294144,50.20310943133664,33.330799794833396
1586,99.95462786669161,22.384754441460245,37.66123875735664,25.981429111463136
1587,33.130208786667566,80.30523188115349,28.80453636953434,23.047603522779514
1588,9.513730478230302,70.34585634364147,71.41610184222412,29.95686039750199
1589,37.87093722431948,35.218271866049456,29.10343199856268,34.022556780171925
1590,38.78039839069596,16.059820295530393,66.25811406716801,31.958098581846393
1591,86.87827629756394,116.52996257498984,70.5148484312945,20.426028655598536
1592,0.6848008747759682,142.6137586764821,77.88354339369864,23.69751028731404
1593,27.60162045089801,11.355427646483134,22.563023375929273,37.01999277057166
1594,107.57631275118561,55.712517851909425,25.143633677554345,33.64348363407854
1595,102.5851343317391,54.07688541722836,20.461183145917705,38.57066620000072
1596,75.48375682157952,97.59289969721313,35.83053151126111,30.36357631725572
1597,67.07398726740962,108.81436604066789,73.93793213709188,26.42258277813515
1598,26.714103702133897,73.8870528556154,56.839518274421906,39.95404170331721
1599,105.01169750751065,155.8698194569813,25.065180807552466,25.453889378740588
1600,91.28657798457598,70.34221203967563,21.862513849784293,21.514323973302233
1601,61.55191897278501,54.60533071666173,63.722514644271875,29.214581602625252
1602,19.32219586849945,138.01039859841129,55.51262246926309,31.28187935989201
1603,25.90070473793883,151.5476959380233,15.157140561806841,25.227937806843677
1604,45.51522289359959,157.93174188491832,53.179030576016935,43.88990373774776
1605,39.734954948363885,30.470846554164265,27.349560648630607,25.785983005935197
1606,7.326726212995918,35.45237644965926,34.08502084143481,23.049139542465394
1607,48.76516386228846,83.26860859285415,21.558379539065978,36.53854402288193
1608,53.846073047652695,174.1621837808638,79.44001192141297,23.57835239273857
1609,34.44958110682632,111.66458481619424,44.69534610031698,26.997765282215266
1610,46.11634741890559,112.20483889025654,55.09867987147134,30.344088925078594
1611,39.88532441476425,58.80130098967689,28.27106187354084,26.84851340847631
1612,45.22027735783184,178.28830868940165,39.377034890135135,36.34457572485443
1613,74.2837167574672,32.86910424292995,57.05352827340189,23.501075122554393
1614,59.67968341166378,100.67176301264541,63.537242427362735,36.10428481649653
1615,23.710732489574742,121.48168274857193,73.95001620278782,22.895673617665693
1616,95.43115874225786,145.79767836939467,31.096140960171,34.502305955957745
1617,61.58238015479735,146.42434492975138,30.588879033488894,44.469255740954296
1618,55.003771273945695,69.5734681777439,41.203153173515915,39.673209141023904
1619,85.60112726558953,48.77992809922245,35.042334695165174,43.65830621630197
1620,90.25655447640486,176.3573818982571,68.26813496352719,33.6508922959572
1621,101.88714001631209,99.52814993157351,39.135571155549115,23.9632198375885
1622,97.3495970530565,50.77444734832352,39.278403071062,29.255520814924964
1623,80.28182759700623,24.89168064911047,47.66598840890823,39.40855748517245
1624,86.5355212545054,144.57374920590286,51.65496702867817,23.298981754732807
1625,18.855224369448376,152.73349709284992,37.96291230113261,36.602988241732106
1626,83.91038388917293,102.5633464706028,15.56840013615865,28.061404072640485
1627,30.53493793189657,69.11851549284026,62.79954196949796,42.939424641150026
1628,30.940290239604753,118.74914796342263,22.45661606099619,28.761917652601905
1629,14.41581134465007,176.41919257018705,70.52818590303028,28.062856203410682
1630,47.62908315459259,104.09780637088284,31.048629510750818,26.80564302921826
1631,2.385321661830142,141.67844557688292,31.615902807437845,33.496926522481694
1632,78.83754426697374,158.77025641868605,49.795668006200366,43.81589902048222
1633,89.77232084135296,136.2336449881816,73.980960492059,33.50961274031951
1634,93.06594567007636,87.57959868958268,39.73719403304483,38.53503897772649
1635,15.463438592878278,32.09690609704731,46.23098501214929,33.01293787640017
1636,76.9303944917558,125.37833628590124,41.95847987676012,22.06964887980202
1637,100.5951884331011,149.66927457754798,22.28715154049217,34.66595399110699
1638,4.316356775694445,173.3146789233626,33.73723686595592,34.858299962108255
1639,23.20424710749235,27.41009063200911,74.58895459125443,34.90582926467076
1640,32.13309651219673,20.46131197056825,76.0617982231487,27.462438432570277
1641,55.43814940983731,114.52277205675408,31.57496128746271,26.67106096622657
1642,20.65982229128414,148.87899358684072,74.80686000339398,28.230948604805047
1643,64.66462718494043,13.748530214970067,16.02744810236116,20.772036908581416
1644,41.27420914312577,110.52574177719768,61.711682788779925,24.028557437830276
1645,78.61325523723332,47.948339685368545,16.667286143649733,27.17491523302011
1646,63.75894667577863,179.85776049382596,42.69319049475415,32.80667710295533
1647,82.35575431869695,65.04814937617881,41.828488091539015,42.788793952837835
1648,29.5609259269372,14.75242962126956,43.27156482454218,37.52215203327601
1649,84.84825975871951,140.88338401943972,76.1762663252442,32.90020721311119
1650,88.15637350162808,54.128642361296684,37.896549427202906,37.91727718620022
1651,86.63610156775101,75.43976448050468,16.17477936926516,31.111263250704603
1652,8.214009500695472,23.497818748645656,22.171998524725417,21.182372941831115
1653,113.53804017688239,59.557908228556826,63.70233185128959,37.161557626283155
1654,69.22366207382169,23.994436726141245,23.352780291262324,37.63396440340041
1655,32.67828926734782,46.32379519794542,18.81604780102788,36.38252661947562
1656,52.09638376810374,104.16981642303143,27.6984478665103,41.31153169311828
1657,62.112186420461285,53.81355732869628,78.5545645636576,39.54240336959758
1658,62.13236022569732,120.14517855892493,43.90076470769667,40.72401810383251
1659,29.755016566459503,162.20342296852033,24.626475221989473,21.150172877166277
1660,31.795714661250333,103.75409362289847,57.80127017076516,44.99639742135054
1661,43.630551571178536,5.162321042269474,39.54774082623322,34.707467037649366
1662,93.71097842481429,172.7643441508618,50.93226435876376,34.82132866112885
1663,52.49328600321355,35.60832508379908,79.7394173662611,35.330162651989866
1664,4.635757186683089,62.30751328133305,60.44267474107025,26.751840051887257
1665,54.265182635065,94.77221978053272,49.767992083766885,27.57447013004701
1666,24.163512269885853,111.38614736519257,79.89065588450102,41.92196574485206
1667,1.4894878791794186,61.57454327808858,47.86687185000669,35.00806503409778
1668,117.24360435205145,79.28414676053409,44.43565948230494,44.011480545383506
1669,35.246457484318306,112.82791279153352,70.28968279942579,25.209737330780754
1670,64.49958251678949,82.28271119092945,77.27457134347276,34.636453603472845
1671,42.98397223471931,51.00583374831372,61.76611152674295,35.00002684834398
1672,6.4088077593695125,73.93347783585814,38.73946169982873,20.925229834837758
1673,108.10607397609985,69.25698830849215,41.17222840756587,35.651297924410194
1674,112.27889057050233,52.55185576988252,15.577319301230002,29.608481134298906
1675,22.371926024037126,108.12474144883252,30.584778203418026,30.749506603243127
1676,50.159634812352806,92.20676526704094,65.49978032669685,24.63936839712966
1677,44.83688963647377,74.07511371606915,46.77946420799901,34.86362614078932
1678,20.066039089090207,127.69702745416404,70.67263850082405,36.83443020548508
1679,79.39927618744306,146.2599942909935,58.55674256342125,42.300374574206984
1680,93.83952733828647,116.79232285728553,51.79731724775509,41.04515248756847
1681,91.16376211149789,61.4134168146081,67.37924063352763,44.50483119303398
1682,81.03023469549231,168.59721419716237,47.359352966782474,44.39539203422156
1683,2.098849093196562,18.758526671690085,58.370056363667295,37.51427357231685
1684,27.551689577283792,144.99721555107143,46.834392502894694,27.018413329899126
1685,61.75213591382806,75.82979513205233,37.91491422562582,33.50385944033011
1686,84.3408713750827,71.41172716122581,64.72578683728858,22.087591127702332
1687,46.370835238154235,151.77411106062033,19.624333069539997,34.15605374217034
1688,53.91201716004164,117.95351389462769,78.5166151424116,27.639944317124094
1689,100.88629716705594,175.29724904526327,77.45256381801038,33.41161560114112
1690,2.825637098124818,158.04394722562668,68.97574423677847,38.751957365547305
1691,32.23067194848093,20.92849131985693,45.38733017448908,21.51581251317187
1692,34.79221899496759,90.56782752051363,44.24891549964749,41.901403802379946
1693,119.13391459306004,138.16960042341591,41.15850107353201,20.947508109906803
1694,27.304333194751074,14.860390647166344,44.85244642331416,32.24796435564109
1695,5.653579538244338,97.64614626478246,29.41228807442042,25.46090814062681
1696,49.97570476309237,178.70352814071367,66.9419103877249,20.975633688966614
1697,77.9434636617867,43.02070787467609,72.26915012747347,31.992852828962523
1698,18.410082287883945,21.022665354407938,47.546679582545146,26.54957265011019
1699,100.76337834776405,52.0958909491193,70.44367949488063,22.000154215405114
1700,23.57475584364822,61.9807647073703,33.95674238735347,40.61065250765469
1701,84.51351211713411,51.43943557409191,70.87041575092573,26.138473813876878
1702,19.41696079857316,77.77590863979458,78.26201334080736,43.455376477915635
1703,105.80701984871803,150.01362192598276,58.577834909763176,35.21649585287399
1704,24.158453072627246,93.128896947596,77.58458576667218,28.879563835513867
1705,87.7630664874042,106.0662065680517,62.1944996735212,21.514427914060366
1706,100.6432843506726,19.626476589773382,60.07382599181581,41.38654618423684
1707,30.593569688258174,11.664864998236153,45.74932534066241,22.719864831540896
1708,11.1391266215227,171.17941075840912,18.88976267526487,39.406491656367656
1709,70.33695122241346,62.47719928685463,23.1429342524441,33.214128260502335
1710,59.88252271823549,170.5196842794389,68.80636768970358,31.389447622524084
1711,57.51835944024328,60.41298584954748,26.804471947649276,22.01463625037217
1712,93.7601281679173,115.12371285064629,59.61387881956857,30.50676685349982
1713,55.57315767886011,119.07500565798877,25.40675477109005,20.411866264074202
1714,59.643768673215135,16.19837861620475,64.08705911404212,39.07896126699046
1715,58.471710589538745,12.768802116951152,77.12091337690302,37.67929962380583
1716,54.550575421899566,79.5102415892608,55.1853139023736,23.399396969091903
1717,48.687356171690766,22.910950825207756,17.527791739680303,32.73927454266516
1718,19.308508858984766,53.249303141098025,62.90656377976484,24.4511255910715
1719,35.437263281861256,35.253959052772174,45.93013920838328,37.80115070174999
1720,31.78698794653826,56.32939170328049,71.27584715774285,24.725339890338077
1721,29.781640216942264,82.06860127198364,24.68169377898146,24.319399113291304
1722,93.93896852779685,56.03973091990814,33.24326061468041,27.108888412511035
1723,13.684543057876052,60.37934096367944,74.74879779639616,44.28942077531461
1724,24.650441115742684,87.47448075353586,69.41993375355435,40.46166068667287
1725,63.16964525555427,122.89118469690204,74.09268274469869,30.0810100884515
1726,37.504975433850575,7.560064412924681,48.84136755817269,39.86135401717023
1727,28.81953495404308,179.55164837570538,58.83398234669557,29.036222266658157
1728,44.80596267848377,77.54500649042951,75.63604564746834,24.690081768289982
1729,60.242551849753106,166.1452476882366,57.89601624019276,42.427059437161255
1730,80.92021291499533,1.3037069854305616,20.68159026667213,20.916132499657174
1731,116.66665199285858,10.347575536238267,25.064210917244417,39.82838638437859
1732,102.31665745711938,17.845509251727826,15.171192009606035,43.99473279604869
1733,51.59908806415221,164.2931738241034,22.23858225512176,22.1045855182701
1734,54.19644475065142,74.16400318093243,16.769031015295592,41.481574999083705
1735,49.88559931516226,152.349403277884,40.01194175432807,39.502311549548224
1736,28.672043890497434,125.03311835461085,55.08207749677894,21.059274429452014
1737,114.21185188840211,15.806169968197427,70.97448781364956,31.104135498487757
1738,8.23916833905582,65.10601847076886,41.56403976647918,26.503341190984962
1739,24.593675351925132,59.66337662631409,25.455397036892418,29.606139628116253
1740,79.4377357055236,81.55221990064965,74.08029926169142,29.545110648369704
1741,70.74749057038284,135.68660988935338,74.60054837978502,29.86317570242086
1742,33.43767302447109,15.050914038911793,78.53343181313649,20.24402793008945
1743,112.43455438701382,166.7445621471102,16.529891490838025,26.781487038286247
1744,49.1345926707621,85.78758523924199,53.40359220631115,27.250851951468853
1745,71.55043006531587,65.8414346172392,55.98458160666098,36.234328970173834
1746,10.923161329176686,125.58578823884727,49.72789959385506,37.39847535576132
1747,106.90666137953141,49.77005173811079,27.21116443033975,38.76107019489709
1748,12.36043033413479,128.2448437213074,74.84665162368287,35.924932065195506
1749,47.285609642720765,74.86861425395149,49.88189989615177,42.3529650135828
1750,106.26890691973576,86.06817918155997,17.414035857697936,33.904572156938926
1751,113.39928119076839,34.03941305164582,37.50476960710213,27.83440765259146
1752,108.47707783412956,36.57323551722955,62.27630176523982,21.004481222172256
1753,99.31117711234577,155.05094448853023,28.18372995330116,38.17115139005229
1754,27.996093648078887,103.73809183822625,65.4704114639205,34.05840651944774
1755,3.822484608541621,76.0101549633641,28.649825469004504,24.084189449650122
1756,54.21714551068237,139.4939917258481,43.125105233472375,32.78630875524833
1757,7.581550282204881,164.17892048111352,34.006473224139285,43.60809668524556
1758,115.264106865908,28.594479115385262,23.299255407540556,35.13761255825506
1759,0.9824931920723401,179.63995713322788,72.45042335174051,27.727093674903102
1760,39.05767154650634,2.5456358636842924,37.134935925762626,40.16765300880479
1761,24.395076200320332,110.51360947436508,63.8450773438521,29.869298197634684
1762,1.6429113748559487,47.456069977039185,72.93074387223916,20.374660995102165
1763,59.88936720363836,45.38399645038995,33.38270812702511,21.993452878109096
1764,9.125976600700522,89.03771996506397,15.361688491003834,44.03821352245111
1765,107.99269871400254,108.76032779137084,49.13826897052509,22.341690543944413
1766,82.5153507106591,78.63399478470964,30.305038225235084,39.584598951573206
1767,44.400087776508805,128.515905403153,71.80357851123004,20.767363558194724
1768,100.98768890815315,171.05213487261815,25.71083690835861,30.594551966087025
1769,95.62291635384211,30.39708628631679,61.88840777804713,27.05082065602312
1770,39.17293111575447,42.76538111621837,16.66896486756325,28.601207620412946
1771,101.66738014326424,109.72154098290314,32.6190386486737,22.272178602603177
1772,111.52773594280464,73.84671451897617,27.791787757176024,30.049978884740614
1773,74.38700837452298,56.7695737683925,70.38733434768181,38.98204725504411
1774,42.21395935257744,90.8095807423031,53.94330080894031,33.11956546666218
1775,108.07032578830622,125.43042823569758,57.87750273626416,23.303963777154948
1776,113.14397440477805,163.56040830720445,20.350326241246893,40.13768098393642
1777,41.674069422341006,169.3564740293124,35.060531844395726,41.782784046121876
1778,10.355030694931315,147.5161123015346,73.01002920472152,31.405328584475633
1779,104.1372136921066,62.38969378579015,54.85885673738501,28.979599613817726
1780,79.77520482767831,159.0967298107789,64.24624370670034,20.444681460739137
1781,27.83973890984506,127.78951127199522,47.61468336762388,21.763869775694
1782,68.03126560610072,31.408802152329244,28.3441067834331,29.383000812347994
1783,36.98324029431773,171.58289994914898,74.4074888544267,22.833088529948306
1784,110.3026052410492,44.521658274378105,32.15231887362166,44.23619837847422
1785,41.053765931273404,122.78558223720057,26.050375309706084,36.10340821808509
1786,23.55096146467745,125.01523107968649,57.17866888991132,27.8210531490173
1787,5.185100864203012,163.45140407459698,20.60814723196346,34.62429038598036
1788,41.10205053031565,119.96289627362131,64.69923649033066,24.205202243135417
1789,118.73368063005773,176.9643412643532,61.28447438587738,42.932964707787384
1790,26.200769679242917,10.751406652232616,39.908656117397726,32.51959025288923
1791,54.966156932294645,6.742693670273665,48.48169550915013,37.49025585515374
1792,116.65279443835362,35.2114543108045,46.65143367898045,24.55096306789646
1793,0.8057011441958473,103.54748755319935,19.854137584637638,31.843962484635725
1794,35.40757907220055,76.30440987281165,20.175344195183367,37.84587487452391
1795,98.54209034667068,14.852105783901655,37.90581538393755,29.68625076120062
1796,11.487802657054216,36.36164915561752,15.424563556759336,21.626498715015174
1797,111.39553519598144,104.26458446520202,27.060430365075955,31.729136007581154
1798,100.14689242491143,72.44537562455604,38.76243478879529,40.60015174270046
1799,17.16619899988789,137.41877399155172,55.768091036661225,31.552457165175554
1800,71.08151225647082,84.05362495721697,48.5170106497041,44.49329515629344
1801,66.65979013136077,157.9926610160073,26.287175644532503,33.99002914839848
1802,83.24322235399525,136.5759714886443,64.36061676201389,42.06777884679645
1803,36.82084166508112,88.99946884304522,66.63667752599306,20.81388339959212
1804,46.09855328386101,64.43757769401039,58.08112212361222,35.78391390897333
1805,28.896123833889703,38.4914634552519,59.71572474223199,32.75880967235784
1806,35.027939378637875,52.57381337035936,31.474398799765055,28.946230260145732
1807,21.087449082983483,63.91399313085943,69.4903151031966,42.55259885630086
1808,108.52836077247439,65.02253450607851,53.03109188191322,22.299829768201654
1809,106.4908976553209,32.22276310125327,26.535393604754738,32.1512842370234
1810,43.20199138013126,85.17805612223027,59.482744982623025,27.66210118804595
1811,83.18615551518663,20.129897410128343,55.78091218767241,44.000629626764905
1812,58.83306126417993,156.34410711646524,51.96385611587152,39.54162255655514
1813,33.693927192244224,99.06237609686835,45.61382410244829,25.01796688381444
1814,41.952505558114524,17.11688436256598,64.84566619176002,23.193374095221735
1815,115.81868275783053,59.00777893668439,62.450333869648894,20.59413906739413
1816,40.97537527273413,45.942644145670016,53.28866799491305,24.48930038560318
1817,69.43997252547534,28.10790616136083,19.35942901201912,43.22480327434121
1818,113.41229865740307,86.51506205374793,30.077297142900864,41.82104515831364
1819,35.71126449408386,32.98894142645336,78.62750907016922,39.99830045313977
1820,97.07280390573358,27.3011794806233,41.16130572460356,30.0078775575729
1821,13.689694741153623,126.41175779368085,56.14072284852294,32.045803948187604
1822,87.99966216258606,77.32425774445385,23.553854722910387,34.380478464174885
1823,96.80252498536186,120.97009919833891,52.13869890074677,40.25535162589828
1824,100.49325695096994,84.59518406580135,54.56914337179326,20.10642149769524
1825,117.00636162436142,90.71642593625059,64.53599941298587,24.532177763066912
1826,85.3126486557703,55.924651192001704,77.9798640033951,34.534946537252694
1827,117.2653286838186,76.73748818527555,44.64110837110928,23.533519193559655
1828,33.40240016742782,86.56172237218169,35.324287103662364,43.45338065889283
1829,62.587305247332395,61.63235950831061,25.38412356582799,21.115620700010293
1830,25.688902469326106,148.71824229672973,36.728191204909315,44.34097090357366
1831,10.023447536777539,44.32982533337514,43.82305979045947,25.363796879231913
1832,52.672362537312246,39.69725566806265,77.67481386554962,24.846200829004534
1833,86.36164453761926,61.965007108598,48.23069738001388,30.611180973527965
1834,93.41362372417996,141.33281090111686,58.877565435263755,35.9462851058635
1835,2.0386151640279193,152.56211320282992,62.681297615148715,44.489334941464975
1836,113.06628902705282,101.70370742545447,15.888107286616266,31.90736240604297
1837,29.668015038386798,64.92352009693896,30.141390029186745,42.452547348542865
1838,35.06402594645688,116.78573257042972,50.11966169308978,42.262182398407184
1839,99.88943830719181,148.76486754377527,18.725741271609,44.61173815789829
1840,107.30578284527084,43.719714748105325,24.792968114779562,28.99724752749208
1841,88.37242396687863,120.1583894619507,63.91694853879279,31.863273029301702
1842,39.93799303992484,127.77720800321767,58.81551154883878,20.540449365522093
1843,55.541098168042886,70.24467564756029,24.0063342148435,29.595216202626702
1844,100.15260974799457,26.06640066773823,22.667680869470193,28.84045414256284
1845,42.87702515879062,109.33960429983597,69.81299772658609,23.110101333405268
1846,96.63672075263045,37.83045615150194,45.706630010061936,40.8112753060622
1847,93.84113479703632,66.2424227128052,35.54723346571244,26.979574452834107
1848,56.24057413668584,98.01660085797614,61.74904946432977,23.268990234241432
1849,107.58660572016247,173.2860197276776,58.48456892611043,22.886651611808105
1850,46.14237047854553,26.374160179431538,79.6281111452901,20.611334067647533
1851,89.98983840271964,13.264821114703336,21.72709856198292,38.88021771793021
1852,76.7698588253816,96.99507071123674,64.95365465837118,33.299458650032726
1853,39.75007993388268,169.7554616662061,44.9092559137153,33.09043844093763
1854,63.81407414725393,8.316038006041737,31.1264250484612,30.343720910258703
1855,72.72478524656016,115.58120009664118,47.39472768260878,44.09523380182084
1856,64.41911089064865,4.911082711040056,16.33017287504996,29.450370962828664
1857,13.28628910275314,99.18870723434922,23.096962872117746,31.871687567993263
1858,118.97407093288611,21.449519149344184,22.072311645267877,37.250197446661616
1859,115.99255099673609,118.64187288731965,59.99743306850743,43.22698595366596
1860,4.4969375432324465,64.97743802308523,61.043403647258764,41.463358455269265
1861,113.31357652915271,117.82258460862134,30.84435803270806,42.03903765322568
1862,63.77866151677588,46.484776770267075,34.968370789040684,24.581579984756544
1863,15.0845405214279,13.484618861214102,65.2203794307787,43.6142377366363
1864,98.46828694987883,32.73902081548129,40.196783840656025,40.59641766434375
1865,51.95581061001154,49.30479727967973,37.65593070602621,28.24456415193128
1866,85.58287987149565,29.658187617013755,76.46037955111832,40.13506491798426
1867,99.26679817984588,35.71813726208936,50.380713184656635,43.82120405215797
1868,64.56475659811241,97.95249826652845,49.982571230344824,38.583035100375035
1869,5.959835164992553,78.77553930744735,54.68643516313095,38.46701545497845
1870,98.6964975371325,148.55408768172697,17.679415595603786,40.9631863220488
1871,83.28459896599864,89.57339805029113,40.93649842811151,41.96917904078947
1872,109.21697341333876,97.11154408387122,66.26219820584636,39.529504978151195
1873,32.41645091516333,127.82289757244672,57.330039197486116,21.943106506154464
1874,94.22055963747545,153.61451984368645,72.85420537984044,25.21616104250933
1875,104.77411534640129,105.24627786387327,35.181203552091695,23.0200390925547
1876,42.606132206943826,6.6279875847919145,45.912292818036704,31.649270434836165
1877,49.222561148581306,82.65835827212808,30.25739613419455,21.641021366448403
1878,40.07849622931785,5.808568408717553,27.053889335781584,33.7652835543048
1879,0.6873057360163548,108.878289521002,20.918536789254187,43.10732601111873
1880,27.78688731287726,11.708577304011719,27.926297302637543,44.53833442656992
1881,39.784361296105274,97.1296321022045,25.652155191275522,20.93711782803424
1882,13.0084565760508,26.985805700350983,43.536384084584206,37.06393143514891
1883,91.8667495379243,153.99434098490016,41.71620598216258,23.57531556011866
1884,51.23431403030353,16.97366607238623,64.6659438206731,41.55311076694123
1885,68.18571430201149,118.69572920426236,65.58317620093612,20.77918358531735
1886,34.15279396661779,126.68529536324017,50.15047221243325,22.58026795778397
1887,43.24179675483049,49.533766854759996,57.68247706667333,28.09038972154419
1888,90.40608589150587,106.69927007519537,45.44547078623742,20.13201648827078
1889,56.37815632607547,59.385321408990755,35.1708735746767,36.55369739770768
1890,71.58264258076176,46.61120073874327,47.73043333587464,25.14165363886879
1891,50.72166180497091,46.73773947682748,56.01448600902947,37.997866141198486
1892,66.84418478048431,2.852271369922492,77.06806908048634,43.73784785882238
1893,107.68299402119618,121.12847794130204,68.07785507730716,31.759712691408467
1894,32.08820516240897,12.930217418642805,19.327886690972072,31.753513839322864
1895,62.28743568712228,35.461897210807045,56.60332067220402,44.91117132158619
1896,82.46713291122501,15.650710165904611,20.90891564632394,27.842952359844276
1897,10.414738674035817,144.77035537532095,55.43815293728657,42.14647714645862
1898,115.44091037294521,95.30693827451512,70.2044747714395,37.82862244395632
1899,59.85092880708357,84.12412777688614,60.4468971990193,20.226548781724954
1900,29.440466435999472,104.99785705042285,22.76454423107737,27.44073388255316
1901,91.25169391758044,145.4889591550798,42.54271719423045,38.02480889741756
1902,97.86970849404656,112.33539809919978,27.683253741899918,21.12798811032372
1903,75.67436741831055,92.3898221641046,57.944124951435256,41.43696779232114
1904,109.93953277377881,56.36992453642384,61.18699052142918,42.80691669768574
1905,10.669283208605345,93.01453173958986,62.897677724563,38.986678899931036
1906,63.31181865660224,177.70277962858464,38.16386447402624,40.27726945251199
1907,89.14681018497672,102.57756528865805,53.86672694501786,34.93564938861127
1908,110.01817601501322,85.89490118381927,28.52818789563071,40.21171694088556
1909,76.97361383686975,159.892451309799,75.4411382572992,31.688547548719434
1910,72.27742072813582,9.816352358978474,75.98918276936027,30.20838420195024
1911,46.58736155843493,11.389306486860702,16.973227114041126,37.574024987140135
1912,68.59320378208116,142.08818598259927,51.64313082111704,31.63272196532825
1913,66.57562765878146,169.58650617989332,61.670883377592915,27.765812523146884
1914,108.6029986103449,9.160201607989759,30.01143827290163,26.618221607116862
1915,99.2521447685761,4.329680026651353,17.150455648308135,30.929667813928624
1916,88.46345885382304,1.756022494451095,15.136811563439911,29.550564629200615
1917,110.85418143259547,103.85420063351333,60.94559895051218,38.85331413244781
1918,7.939502770254441,24.79930944659666,15.796261121324498,39.60237671223935
1919,92.35411285842734,101.04135656845251,40.11463822868254,39.957324038940634
1920,55.63399824239434,119.48294767985794,66.89898592469567,41.12026159118798
1921,90.21657570683965,2.7984433608717607,18.417490307555337,29.056334034068342
1922,35.541300570821775,156.6208927707043,60.937622910823464,29.235769038790274
1923,56.08059343298652,45.46306700887027,43.02514282259207,40.95188356326345
1924,98.9508866961235,99.71633404525612,40.32212910472962,24.502991573362227
1925,4.221625028682512,63.66553903805727,46.458787035697284,37.54858140510504
1926,34.93518553642561,61.78805905591301,37.877121729071106,33.11874529241433
1927,58.61541538294219,72.60405771761971,71.0151906080146,36.661975778208344
1928,102.18025959684779,0.6679792844985255,58.548812559013705,37.422928891523874
1929,32.40398335448297,77.18101484104035,40.19920544872601,36.72235291337728
1930,98.76892852443017,47.70303145414305,22.81897523828044,25.875878082318103
1931,29.34533318608768,64.33338913475117,47.77800150431048,20.587332102575296
1932,36.37811358425957,29.321856577203288,79.93612846461222,43.814983991908875
1933,66.45817094511507,60.27661044765458,72.95413301475128,42.43940271045433
1934,78.46862437610251,125.89804981868551,19.415262263686486,32.618512430554574
1935,105.60839925691889,177.08036132734713,38.1482680403263,36.53118749418232
1936,105.53604839307529,35.48320892709796,45.524964742876506,22.277158831742483
1937,30.01941001946452,156.00356349005315,41.35772061347404,31.45974539925014
1938,89.47226004647062,110.65618296953717,22.276161922717275,34.69884473280521
1939,76.19916255656777,18.18078432470316,27.108465500069144,37.496303956488184
1940,46.337223949000446,2.644950933491965,49.76863876183767,25.476543847917355
1941,93.12502385747443,159.12427988802241,61.865235194012115,22.31519382151189
1942,107.70232466757159,42.13098686280809,61.56181525358386,44.02947912400178
1943,57.50334880871655,19.12373553903338,58.68061423776504,41.213577740396396
1944,109.93264139563055,118.00129902613614,58.79384716310104,24.46455463708047
1945,15.314490716222181,127.18868079049636,15.55741987317807,40.565213444338674
1946,19.94288252713777,161.11201061183732,29.176955141210662,40.30822634185373
1947,91.70413001409105,90.05726136898984,36.8800547406642,24.53836014087888
1948,36.66620232766234,56.15341049956353,31.655687351809732,40.11488892081606
1949,70.24390202238973,57.28559872363933,40.233745394355054,29.55343203553153
1950,59.64853281407558,36.856665013980006,40.959959934813895,28.354920891826737
1951,17.494252743667293,114.34245642725065,37.08405602706196,24.01283569582663
1952,90.50803922464162,169.60902084153352,15.675928103792767,34.785890966025335
1953,88.97190490558259,15.242962157991734,71.23097486866877,35.32563284084509
1954,17.424410638705517,69.59459658755338,77.1948327570491,32.78529595036941
1955,31.17259699828208,63.327712566162916,55.01969758448438,22.496233182006783
1956,96.07016248948165,14.436246254210992,32.730821871904155,39.89389879855703
1957,109.46770703528834,107.0677573251136,44.271201688225986,27.91969093501099
1958,104.41081473168926,176.94135924999935,74.29140953297711,26.612594713777355
1959,60.22343205493296,49.80222503307546,53.97866256231984,36.02809322426046
1960,44.087453049383505,130.88015778969756,60.293325384844614,24.61935007260641
1961,53.43022927532276,162.10422989483308,60.501501481469646,42.75883264033176
1962,21.166619356492625,48.71699351418059,78.75461004996862,36.20353240030638
1963,59.51866136953578,165.4173013673497,57.577892303288436,39.73088093710805
1964,27.706504267120327,134.70699280612234,22.031333470281993,28.51621640020248
1965,19.433957000117097,116.21603218641262,47.85710501258819,30.710016844085267
1966,45.67474339478921,34.944727790288724,74.94317755785966,26.28504422137332
1967,7.672246007717232,49.93218996077247,23.4176421080374,26.276655665010487
1968,56.44249665890645,18.27965403789175,18.321079692802208,30.375762782104736
1969,83.5363961714691,161.23008154020448,18.27481972353354,39.67788501775276
1970,78.16878142218704,145.61158214556917,19.545905848793925,32.57693523511249
1971,117.03104839965471,15.586150168762533,25.63779429612125,40.83210534259323
1972,106.29534801632518,95.58266675786182,65.11230926505472,22.793388328978114
1973,76.05020990154829,38.3578717168337,53.9667657970268,27.229892140627108
1974,107.71471828730039,137.81224299262897,62.561456565655824,20.916514840214834
1975,53.33360278395372,103.16516389206441,51.17584585634249,42.832427428962646
1976,95.86489485816526,170.16916198416854,38.004239728265645,21.575510854619495
1977,34.137547886890076,130.88491884293188,66.1248046377092,33.55041088639331
1978,63.20434053821781,18.123667395604862,26.03532754244734,36.83362588544418
1979,117.58415631128021,67.10055442583956,38.39078402128126,25.103237367348303
1980,71.85596326068773,103.72930693436747,41.99682920770299,44.50019859915518
1981,60.81495581470403,164.13090801853153,59.219377515278715,44.51730719709397
1982,94.47691103700927,66.77055381564308,64.46463085990666,25.956516446106146
1983,37.482875446630885,33.82069165492175,51.83893654289384,23.48883841551404
1984,99.72528253145845,50.99612557358922,54.52231376169836,36.243695178414185
1985,2.2254894150199522,44.66964892126905,33.266000886084456,32.86592393368399
1986,28.590760813363637,27.80843602418684,53.55758173457529,35.10684251057148
1987,21.26966504997956,61.902323306847734,69.81897065899724,35.451646102010315
1988,30.882052681183772,44.820432243045715,43.55390762500916,43.90320124603684
1989,113.46377894097891,91.88376801761297,63.85728547304538,39.21130340426091
1990,2.867404501717532,160.96610021325083,48.02388102656769,27.815075025313497
1991,35.849409856385314,171.7784416613513,48.33470069362626,38.68514859463606
1992,68.92689143484799,28.695426608699623,54.522276227461965,31.230188994286074
1993,84.37073570327212,102.49767603516862,24.098159387348943,44.38640575317259
1994,92.85406997374888,121.29318962290604,28.993666375891415,31.93480542594425
1995,45.99435789250326,27.45273787299643,26.40522776063165,20.273597516107618
1996,26.42086110736357,95.72389745008097,49.7813964894031,42.924087172541405
1997,102.28230919882604,36.00963660436777,58.49537368901765,26.92015722033528
1998,14.651060461388848,65.5329520995808,60.98883716542135,40.53883879685634
1999,7.802626818906506,58.30935337050422,28.54758474136623,35.28860935588639
