datetime,frequency_ghz,attenuation_db
2026-01-01T00:00:00Z,60.0,230.54296651501227
2026-01-01T00:00:00Z,61.333333333333336,222.6103876855819
2026-01-01T00:00:00Z,62.666666666666664,179.56619579840685
2026-01-01T00:00:00Z,64.0,70.09902048016596
2026-01-01T00:00:00Z,65.33333333333333,24.89739211941912
2026-01-01T00:00:00Z,66.66666666666667,9.009667263557754
2026-01-01T00:00:00Z,68.0,4.518247750973996
2026-01-01T00:00:00Z,69.33333333333333,2.9482494779517148
2026-01-01T00:00:00Z,70.66666666666667,2.1907065907342225
2026-01-01T00:00:00Z,72.0,1.730730055645166
2026-01-01T00:00:00Z,73.33333333333333,1.4235758556778397
2026-01-01T00:00:00Z,74.66666666666667,1.2070010878703405
2026-01-01T00:00:00Z,76.0,1.0483911831220887
2026-01-01T00:00:00Z,77.33333333333333,0.9289375857277977
2026-01-01T00:00:00Z,78.66666666666666,0.8370596035589031
2026-01-01T00:00:00Z,80.0,0.765267232867698
2026-01-01T00:00:00Z,81.33333333333333,0.7085252988556269
2026-01-01T00:00:00Z,82.66666666666666,0.6633421760225034
2026-01-01T00:00:00Z,84.0,0.6272351798753156
2026-01-01T00:00:00Z,85.33333333333333,0.5984035871814272
2026-01-01T00:00:00Z,86.66666666666666,0.5755217813417797
2026-01-01T00:00:00Z,88.0,0.5576048633843157
2026-01-01T00:00:00Z,89.33333333333333,0.5439196842054997
2026-01-01T00:00:00Z,90.66666666666666,0.5339254637303406
2026-01-01T00:00:00Z,92.0,0.5272345537956302
2026-01-01T00:00:00Z,93.33333333333333,0.5235877436068987
2026-01-01T00:00:00Z,94.66666666666666,0.5228409940922377
2026-01-01T00:00:00Z,96.0,0.5249623059619043
2026-01-01T00:00:00Z,97.33333333333333,0.5300390372062586
2026-01-01T00:00:00Z,98.66666666666666,0.538297800473574
2026-01-01T00:00:00Z,100.0,0.5501416072544735
2026-01-01T00:00:00Z,101.33333333333333,0.5662130328032822
2026-01-01T00:00:00Z,102.66666666666666,0.5874994632307236
2026-01-01T00:00:00Z,104.0,0.61551027439613
2026-01-01T00:00:00Z,105.33333333333333,0.6525833754562244
2026-01-01T00:00:00Z,106.66666666666666,0.7024369772273068
2026-01-01T00:00:00Z,108.0,0.7712143906775208
2026-01-01T00:00:00Z,109.33333333333333,0.8695907840533301
2026-01-01T00:00:00Z,110.66666666666666,1.0173657898653068
2026-01-01T00:00:00Z,112.0,1.2545073734933487
2026-01-01T00:00:00Z,113.33333333333333,1.6712912786541176
2026-01-01T00:00:00Z,114.66666666666666,2.5056427354403508
2026-01-01T00:00:00Z,116.0,4.539931250758683
2026-01-01T00:00:00Z,117.33333333333333,11.372112004846425
2026-01-01T00:00:00Z,118.66666666666666,69.18714787674341
2026-01-01T00:00:00Z,120.0,13.108374569432089
2026-01-01T00:00:00Z,121.33333333333333,4.9264270549687454
2026-01-01T00:00:00Z,122.66666666666666,2.643289522021212
2026-01-01T00:00:00Z,124.0,1.749430609467078
2026-01-01T00:00:00Z,125.33333333333333,1.3211083327168953
2026-01-01T00:00:00Z,126.66666666666666,1.0878395169790813
2026-01-01T00:00:00Z,128.0,0.9496696965248582
2026-01-01T00:00:00Z,129.33333333333331,0.8631916383935238
2026-01-01T00:00:00Z,130.66666666666666,0.807210932567473
2026-01-01T00:00:00Z,132.0,0.7704223689256425
2026-01-01T00:00:00Z,133.33333333333331,0.7463670160751014
2026-01-01T00:00:00Z,134.66666666666666,0.7311483762377553
2026-01-01T00:00:00Z,136.0,0.7223112433619914
2026-01-01T00:00:00Z,137.33333333333331,0.7182541060139516
2026-01-01T00:00:00Z,138.66666666666666,0.7179041207595337
2026-01-01T00:00:00Z,140.0,0.7205291052869003
2026-01-01T00:00:00Z,141.33333333333331,0.725624717050888
2026-01-01T00:00:00Z,142.66666666666666,0.7328447533855494
2026-01-01T00:00:00Z,144.0,0.7419572078336715
2026-01-01T00:00:00Z,145.33333333333331,0.7528163354205112
2026-01-01T00:00:00Z,146.66666666666666,0.7653451062414426
2026-01-01T00:00:00Z,148.0,0.7795247609981836
2026-01-01T00:00:00Z,149.33333333333331,0.7953895675467973
2026-01-01T00:00:00Z,150.66666666666666,0.8130257534274153
2026-01-01T00:00:00Z,152.0,0.8325741979193593
2026-01-01T00:00:00Z,153.33333333333331,0.8542369538679188
2026-01-01T00:00:00Z,154.66666666666666,0.8782881355830311
2026-01-01T00:00:00Z,156.0,0.9050902430210551
2026-01-01T00:00:00Z,157.33333333333331,0.9351176945458795
2026-01-01T00:00:00Z,158.66666666666666,0.9689903499723208
2026-01-01T00:00:00Z,160.0,1.0075213397504892
2026-01-01T00:00:00Z,161.33333333333331,1.0517859378808674
2026-01-01T00:00:00Z,162.66666666666666,1.1032221567253566
2026-01-01T00:00:00Z,164.0,1.1637803369068769
2026-01-01T00:00:00Z,165.33333333333331,1.2361503638621238
2026-01-01T00:00:00Z,166.66666666666666,1.3241153124209397
2026-01-01T00:00:00Z,168.0,1.4331173546113347
2026-01-01T00:00:00Z,169.33333333333331,1.5711923178138305
2026-01-01T00:00:00Z,170.66666666666666,1.7505692902817236
2026-01-01T00:00:00Z,172.0,1.9905223616189374
2026-01-01T00:00:00Z,173.33333333333331,2.3226957511156057
2026-01-01T00:00:00Z,174.66666666666666,2.80158206960169
2026-01-01T00:00:00Z,176.0,3.5263676730988958
2026-01-01T00:00:00Z,177.33333333333331,4.689265374579901
2026-01-01T00:00:00Z,178.66666666666666,6.687480762097084
2026-01-01T00:00:00Z,180.0,10.375132139591834
2026-01-01T00:00:00Z,181.33333333333331,17.396252068375052
2026-01-01T00:00:00Z,182.66666666666666,28.02821029624051
2026-01-01T00:00:00Z,184.0,28.102746158410614
2026-01-01T00:00:00Z,185.33333333333331,17.844934898334962
2026-01-01T00:00:00Z,186.66666666666666,10.977308224326647
2026-01-01T00:00:00Z,188.0,7.3066583330892305
2026-01-01T00:00:00Z,189.33333333333331,5.288711750085205
2026-01-01T00:00:00Z,190.66666666666666,4.103082466049944
2026-01-01T00:00:00Z,192.0,3.361253199058722
2026-01-01T00:00:00Z,193.33333333333331,2.8722679286474584
2026-01-01T00:00:00Z,194.66666666666666,2.536231889541721
2026-01-01T00:00:00Z,196.0,2.297582134552087
2026-01-01T00:00:00Z,197.33333333333331,2.123683769007892
2026-01-01T00:00:00Z,198.66666666666666,1.9944455992527808
2026-01-01T00:00:00Z,200.0,1.8969890789562915
2026-01-01T00:00:00Z,201.33333333333331,1.8227670695740399
2026-01-01T00:00:00Z,202.66666666666666,1.7659338991140616
2026-01-01T00:00:00Z,204.0,1.7223854265645981
2026-01-01T00:00:00Z,205.33333333333331,1.6891732826584245
2026-01-01T00:00:00Z,206.66666666666666,1.6641360462800976
2026-01-01T00:00:00Z,208.0,1.645660455290612
2026-01-01T00:00:00Z,209.33333333333331,1.6325229161656596
2026-01-01T00:00:00Z,210.66666666666666,1.6237819401871112
2026-01-01T00:00:00Z,212.0,1.6187036627682572
2026-01-01T00:00:00Z,213.33333333333331,1.6167093258969953
2026-01-01T00:00:00Z,214.66666666666666,1.6173376314120562
2026-01-01T00:00:00Z,216.0,1.6202173453791566
2026-01-01T00:00:00Z,217.33333333333331,1.6250470859229673
2026-01-01T00:00:00Z,218.66666666666666,1.6315802212610628
2026-01-01T00:00:00Z,220.0,1.6396134538334506
2026-01-01T00:00:00Z,221.33333333333331,1.6489780975778197
2026-01-01T00:00:00Z,222.66666666666666,1.6595333463797988
2026-01-01T00:00:00Z,224.0,1.671161031030565
2026-01-01T00:00:00Z,225.33333333333331,1.6837615004241298
2026-01-01T00:00:00Z,226.66666666666666,1.6972503600726723
2026-01-01T00:00:00Z,228.0,1.7115558703112852
2026-01-01T00:00:00Z,229.33333333333331,1.7266168564432272
2026-01-01T00:00:00Z,230.66666666666666,1.7423810193600482
2026-01-01T00:00:00Z,232.0,1.7588035618264168
2026-01-01T00:00:00Z,233.33333333333331,1.775846065384502
2026-01-01T00:00:00Z,234.66666666666666,1.7934755676180247
2026-01-01T00:00:00Z,236.0,1.8116638006693198
2026-01-01T00:00:00Z,237.33333333333331,1.8303865603827436
2026-01-01T00:00:00Z,238.66666666666666,1.8496231819452138
2026-01-01T00:00:00Z,240.0,1.8693561029092514
2026-01-01T00:00:00Z,241.33333333333331,1.8895704983824002
2026-01-01T00:00:00Z,242.66666666666666,1.9102539762188702
2026-01-01T00:00:00Z,244.0,1.9313963224559585
2026-01-01T00:00:00Z,245.33333333333331,1.9529892891494922
2026-01-01T00:00:00Z,246.66666666666666,1.9750264182929846
2026-01-01T00:00:00Z,248.0,1.9975028967410433
2026-01-01T00:00:00Z,249.33333333333331,2.0204154380653017
2026-01-01T00:00:00Z,250.66666666666666,2.0437621881021797
2026-01-01T00:00:00Z,252.0,2.067542651646901
2026-01-01T00:00:00Z,253.33333333333331,2.0917576383393652
2026-01-01T00:00:00Z,254.66666666666666,2.116409226300825
2026-01-01T00:00:00Z,256.0,2.141500742537692
2026-01-01T00:00:00Z,257.3333333333333,2.1670367595483353
2026-01-01T00:00:00Z,258.66666666666663,2.193023107967501
2026-01-01T00:00:00Z,260.0,2.2194669054756986
2026-01-01T00:00:00Z,261.3333333333333,2.2463766026030356
2026-01-01T00:00:00Z,262.66666666666663,2.2737620464844968
2026-01-01T00:00:00Z,264.0,2.301634564092692
2026-01-01T00:00:00Z,265.3333333333333,2.3300070670054036
2026-01-01T00:00:00Z,266.66666666666663,2.3588941803810948
2026-01-01T00:00:00Z,268.0,2.38831239954451
2026-01-01T00:00:00Z,269.3333333333333,2.418280278461827
2026-01-01T00:00:00Z,270.66666666666663,2.448818655455008
2026-01-01T00:00:00Z,272.0,2.4799509228252616
2026-01-01T00:00:00Z,273.3333333333333,2.5117033487010514
2026-01-01T00:00:00Z,274.66666666666663,2.5441054614933405
2026-01-01T00:00:00Z,276.0,2.5771905099605448
2026-01-01T00:00:00Z,277.3333333333333,2.6109960152290714
2026-01-01T00:00:00Z,278.66666666666663,2.6455644354156074
2026-01-01T00:00:00Z,280.0,2.6809439690675525
2026-01-01T00:00:00Z,281.3333333333333,2.717189530909911
2026-01-01T00:00:00Z,282.66666666666663,2.7543639429516076
2026-01-01T00:00:00Z,284.0,2.792539396688064
2026-01-01T00:00:00Z,285.3333333333333,2.831799259097811
2026-01-01T00:00:00Z,286.66666666666663,2.872240318012862
2026-01-01T00:00:00Z,288.0,2.913975593602166
2026-01-01T00:00:00Z,289.3333333333333,2.9571378855600385
2026-01-01T00:00:00Z,290.66666666666663,3.0018842851484315
2026-01-01T00:00:00Z,292.0,3.0484019649458496
2026-01-01T00:00:00Z,293.3333333333333,3.0969156782138674
2026-01-01T00:00:00Z,294.66666666666663,3.147697571322874
2026-01-01T00:00:00Z,296.0,3.2010801632358485
2026-01-01T00:00:00Z,297.3333333333333,3.257473717518903
2026-01-01T00:00:00Z,298.66666666666663,3.3173897919904256
2026-01-01T00:00:00Z,300.0,3.3814736090704933
2026-01-01T00:00:00Z,301.3333333333333,3.450549230325988
2026-01-01T00:00:00Z,302.66666666666663,3.525683656798959
2026-01-01T00:00:00Z,304.0,3.6082794655685446
2026-01-01T00:00:00Z,305.3333333333333,3.700211430598084
2026-01-01T00:00:00Z,306.66666666666663,3.804032618918229
2026-01-01T00:00:00Z,308.0,3.923293275557065
2026-01-01T00:00:00Z,309.3333333333333,4.063048559378056
2026-01-01T00:00:00Z,310.66666666666663,4.230693785964406
2026-01-01T00:00:00Z,312.0,4.437390962897297
2026-01-01T00:00:00Z,313.3333333333333,4.700613732696356
2026-01-01T00:00:00Z,314.66666666666663,5.048925455094339
2026-01-01T00:00:00Z,316.0,5.531503335433561
2026-01-01T00:00:00Z,317.3333333333333,6.238439673836899
2026-01-01T00:00:00Z,318.66666666666663,7.346393970414081
2026-01-01T00:00:00Z,320.0,9.210754715361285
2026-01-01T00:00:00Z,321.3333333333333,12.400973871450798
2026-01-01T00:00:00Z,322.66666666666663,18.030820200795077
2026-01-01T00:00:00Z,324.0,28.42464407198663
2026-01-01T00:00:00Z,325.3333333333333,36.37605988419612
2026-01-01T00:00:00Z,326.66666666666663,25.54386886498019
2026-01-01T00:00:00Z,328.0,16.454656114740192
2026-01-01T00:00:00Z,329.3333333333333,11.662017439988837
2026-01-01T00:00:00Z,330.66666666666663,9.167539556704963
2026-01-01T00:00:00Z,332.0,7.788755076133906
2026-01-01T00:00:00Z,333.3333333333333,6.982306687067186
2026-01-01T00:00:00Z,334.66666666666663,6.492719540918584
2026-01-01T00:00:00Z,336.0,6.190884614944139
2026-01-01T00:00:00Z,337.3333333333333,6.004685188954976
2026-01-01T00:00:00Z,338.66666666666663,5.897090034992742
2026-01-01T00:00:00Z,340.0,5.8465321574925655
2026-01-01T00:00:00Z,341.3333333333333,5.838493447237124
2026-01-01T00:00:00Z,342.66666666666663,5.863814634374536
2026-01-01T00:00:00Z,344.0,5.916846714408161
2026-01-01T00:00:00Z,345.3333333333333,5.994254668619455
2026-01-01T00:00:00Z,346.66666666666663,6.094331596677998
2026-01-01T00:00:00Z,348.0,6.216617072980433
2026-01-01T00:00:00Z,349.3333333333333,6.361704132252733
2026-01-01T00:00:00Z,350.66666666666663,6.531176853826567
2026-01-01T00:00:00Z,352.0,6.72765375280443
2026-01-01T00:00:00Z,353.3333333333333,6.95493470791959
2026-01-01T00:00:00Z,354.66666666666663,7.21826954012782
2026-01-01T00:00:00Z,356.0,7.524792028630638
2026-01-01T00:00:00Z,357.3333333333333,7.884205028592337
2026-01-01T00:00:00Z,358.66666666666663,8.309883678352065
2026-01-01T00:00:00Z,360.0,8.820745042101942
2026-01-01T00:00:00Z,361.3333333333333,9.44469784520859
2026-01-01T00:00:00Z,362.66666666666663,10.225889142142373
2026-01-01T00:00:00Z,364.0,11.243108432381733
2026-01-01T00:00:00Z,365.3333333333333,12.670772548167527
2026-01-01T00:00:00Z,366.66666666666663,15.068949372061796
2026-01-01T00:00:00Z,368.0,21.876365002906876
2026-01-01T00:00:00Z,369.3333333333333,22.181793599418747
2026-01-01T00:00:00Z,370.66666666666663,22.768026221046817
2026-01-01T00:00:00Z,372.0,27.350655639907558
2026-01-01T00:00:00Z,373.3333333333333,35.30946459493241
2026-01-01T00:00:00Z,374.66666666666663,48.77515430844015
2026-01-01T00:00:00Z,376.0,72.95090919174592
2026-01-01T00:00:00Z,377.3333333333333,119.6575601587606
2026-01-01T00:00:00Z,378.66666666666663,210.61888178612256
2026-01-01T00:00:00Z,380.0,326.2125070230241
2026-01-01T00:00:00Z,381.3333333333333,250.27662240951523
2026-01-01T00:00:00Z,382.66666666666663,144.71105630123532
2026-01-01T00:00:00Z,384.0,87.18747354024579
2026-01-01T00:00:00Z,385.3333333333333,57.65151106273505
2026-01-01T00:00:00Z,386.66666666666663,41.43434860623557
2026-01-01T00:00:00Z,388.0,31.83359948613882
2026-01-01T00:00:00Z,389.3333333333333,25.782559429453116
2026-01-01T00:00:00Z,390.66666666666663,21.746314604998553
2026-01-01T00:00:00Z,392.0,18.92133168871077
2026-01-01T00:00:00Z,393.3333333333333,16.905516066541633
2026-01-01T00:00:00Z,394.66666666666663,15.432393486019256
2026-01-01T00:00:00Z,396.0,14.335000532109602
2026-01-01T00:00:00Z,397.3333333333333,13.506945960602335
2026-01-01T00:00:00Z,398.66666666666663,12.877907783122467
2026-01-01T00:00:00Z,400.0,12.399999715379831
2026-01-01T00:00:00Z,73.3725,1.4161307072338676
2026-01-01T00:00:00Z,73.3735,1.4159416073583984
2026-01-01T00:00:00Z,73.3745,1.4157525564908262
2026-01-01T00:00:00Z,73.3755,1.4155635546138938
2026-01-01T00:00:00Z,73.3765,1.4153746017103563
2026-01-01T00:00:00Z,73.3775,1.4151856977629664
2026-01-01T00:00:00Z,73.3785,1.4149968427544954
2026-01-01T00:00:00Z,73.3795,1.4148080366677214
2026-01-01T00:00:00Z,73.3805,1.4146192794854258
2026-01-01T00:00:00Z,73.3815,1.4144305711903942
2026-01-01T00:00:00Z,73.3825,1.4142419117654343
2026-01-01T00:00:00Z,73.3835,1.4140533011933478
2026-01-01T00:00:00Z,73.3845,1.4138647394569497
2026-01-01T00:00:00Z,73.3855,1.4136762265390677
2026-01-01T00:00:00Z,73.3865,1.4134877624225295
2026-01-01T00:00:00Z,73.3875,1.413299347090172
2026-01-01T00:00:00Z,73.3885,1.4131109805248463
2026-01-01T00:00:00Z,73.3895,1.412922662709405
2026-01-01T00:00:00Z,73.3905,1.4127343936267083
2026-01-01T00:00:00Z,73.3915,1.4125461732596314
2026-01-01T00:00:00Z,73.3925,1.4123580015910504
2026-01-01T00:00:00Z,73.3935,1.4121698786038488
2026-01-01T00:00:00Z,73.3945,1.4119818042809296
2026-01-01T00:00:00Z,73.3955,1.411793778605185
2026-01-01T00:00:00Z,73.3965,1.4116058015595294
2026-01-01T00:00:00Z,73.3975,1.411417873126885
2026-01-01T00:00:00Z,73.3985,1.4112299932901677
2026-01-01T00:00:00Z,73.3995,1.4110421620323206
2026-01-01T00:00:00Z,73.4005,1.4108543793362789
2026-01-01T00:00:00Z,73.4015,1.4106666451849965
2026-01-01T00:00:00Z,73.4025,1.4104789595614275
2026-01-01T00:00:00Z,73.4035,1.4102913224485412
2026-01-01T00:00:00Z,73.4045,1.4101037338293065
2026-01-01T00:00:00Z,73.4055,1.4099161936867033
2026-01-01T00:00:00Z,73.4065,1.4097287020037266
2026-01-01T00:00:00Z,73.4075,1.4095412587633676
2026-01-01T00:00:00Z,73.4085,1.4093538639486307
2026-01-01T00:00:00Z,73.4095,1.4091665175425319
2026-01-01T00:00:00Z,73.4105,1.408979219528086
2026-01-01T00:00:00Z,73.4115,1.408791969888325
2026-01-01T00:00:00Z,73.4125,1.4086047686062864
2026-01-01T00:00:00Z,73.4135,1.4084176156650072
2026-01-01T00:00:00Z,73.4145,1.4082305110475448
2026-01-01T00:00:00Z,73.4155,1.4080434547369554
2026-01-01T00:00:00Z,73.4165,1.4078564467163053
2026-01-01T00:00:00Z,73.4175,1.4076694869686697
2026-01-01T00:00:00Z,73.4185,1.4074825754771365
2026-01-01T00:00:00Z,73.4195,1.407295712224786
2026-01-01T00:00:00Z,73.4205,1.4071088971947217
2026-01-01T00:00:00Z,73.4215,1.406922130370054
2026-01-01T00:00:00Z,73.4225,1.4067354117338842
2026-01-01T00:00:00Z,73.4235,1.4065487412693463
2026-01-01T00:00:00Z,73.4245,1.4063621189595663
2026-01-01T00:00:00Z,73.4255,1.406175544787674
2026-01-01T00:00:00Z,73.4265,1.405989018736822
2026-01-01T00:00:00Z,73.4275,1.4058025407901609
2026-01-01T00:00:00Z,73.4285,1.405616110930849
2026-01-01T00:00:00Z,73.4295,1.4054297291420546
2026-01-01T00:00:00Z,73.4305,1.4052433954069563
2026-01-01T00:00:00Z,73.4315,1.405057109708735
2026-01-01T00:00:00Z,73.4325,1.4048708720305798
2026-01-01T00:00:00Z,73.4335,1.4046846823556958
2026-01-01T00:00:00Z,73.4345,1.404498540667283
2026-01-01T00:00:00Z,73.4355,1.4043124469485562
2026-01-01T00:00:00Z,73.4365,1.4041264011827452
2026-01-01T00:00:00Z,73.4375,1.4039404033530676
2026-01-01T00:00:00Z,73.4385,1.4037544534427704
2026-01-01T00:00:00Z,73.4395,1.4035685514350955
2026-01-01T00:00:00Z,73.4405,1.4033826973132932
2026-01-01T00:00:00Z,73.4415,1.4031968910606283
2026-01-01T00:00:00Z,73.4425,1.4030111326603694
2026-01-01T00:00:00Z,73.4435,1.4028254220957852
2026-01-01T00:00:00Z,73.4445,1.4026397593501665
2026-01-01T00:00:00Z,73.4455,1.4024541444068028
2026-01-01T00:00:00Z,73.4465,1.4022685772489913
2026-01-01T00:00:00Z,73.4475,1.4020830578600363
2026-01-01T00:00:00Z,73.4485,1.4018975862232594
2026-01-01T00:00:00Z,73.4495,1.4017121623219762
2026-01-01T00:00:00Z,73.4505,1.4015267861395193
2026-01-01T00:00:00Z,73.4515,1.401341457659223
2026-01-01T00:00:00Z,73.4525,1.4011561768644336
2026-01-01T00:00:00Z,73.4535,1.4009709437385025
2026-01-01T00:00:00Z,73.4545,1.4007857582647927
2026-01-01T00:00:00Z,73.4555,1.4006006204266672
2026-01-01T00:00:00Z,73.4565,1.4004155302075048
2026-01-01T00:00:00Z,73.4575,1.4002304875906875
2026-01-01T00:00:00Z,73.4585,1.4000454925596055
2026-01-01T00:00:00Z,73.4595,1.399860545097658
2026-01-01T00:00:00Z,73.4605,1.3996756451882502
2026-01-01T00:00:00Z,73.4615,1.3994907928147915
2026-01-01T00:00:00Z,73.4625,1.3993059879607086
2026-01-01T00:00:00Z,73.4635,1.3991212306094272
2026-01-01T00:00:00Z,73.4645,1.3989365207443838
2026-01-01T00:00:00Z,73.4655,1.3987518583490208
2026-01-01T00:00:00Z,73.4665,1.3985672434067937
2026-01-01T00:00:00Z,73.4675,1.3983826759011542
2026-01-01T00:00:00Z,73.4685,1.3981981558155738
2026-01-01T00:00:00Z,73.4695,1.39801368313353
2026-01-01T00:00:00Z,73.4705,1.397829257838496
2026-01-01T00:00:00Z,73.4715,1.3976448799139614
2026-01-01T00:00:00Z,73.4725,1.3974605493434304
2026-01-01T00:00:00Z,73.4735,1.397276266110401
2026-01-01T00:00:00Z,73.4745,1.3970920301983862
2026-01-01T00:00:00Z,73.4755,1.3969078415909073
2026-01-01T00:00:00Z,73.4765,1.3967237002714876
2026-01-01T00:00:00Z,73.4775,1.3965396062236624
2026-01-01T00:00:00Z,73.4785,1.396355559430978
2026-01-01T00:00:00Z,73.4795,1.3961715598769764
2026-01-01T00:00:00Z,73.4805,1.3959876075452167
2026-01-01T00:00:00Z,73.4815,1.3958037024192698
2026-01-01T00:00:00Z,73.4825,1.3956198444826993
2026-01-01T00:00:00Z,73.4835,1.395436033719087
2026-01-01T00:00:00Z,73.4845,1.395252270112023
2026-01-01T00:00:00Z,73.4855,1.3950685536450955
2026-01-01T00:00:00Z,73.4865,1.3948848843019126
2026-01-01T00:00:00Z,73.4875,1.3947012620660817
2026-01-01T00:00:00Z,73.4885,1.3945176869212181
2026-01-01T00:00:00Z,73.4895,1.394334158850947
2026-01-01T00:00:00Z,73.4905,1.3941506778389
2026-01-01T00:00:00Z,73.4915,1.3939672438687176
2026-01-01T00:00:00Z,73.4925,1.3937838569240435
2026-01-01T00:00:00Z,73.4935,1.3936005169885362
2026-01-01T00:00:00Z,73.4945,1.3934172240458533
2026-01-01T00:00:00Z,73.4955,1.3932339780796652
2026-01-01T00:00:00Z,73.4965,1.3930507790736508
2026-01-01T00:00:00Z,73.4975,1.3928676270114895
2026-01-01T00:00:00Z,73.4985,1.3926845218768789
2026-01-01T00:00:00Z,73.4995,1.3925014636535133
2026-01-01T00:00:00Z,73.5005,1.3923184523250978
2026-01-01T00:00:00Z,73.5015,1.3921354878753514
2026-01-01T00:00:00Z,73.5025,1.391952570287991
2026-01-01T00:00:00Z,73.5035,1.3917696995467452
2026-01-01T00:00:00Z,73.5045,1.3915868756353535
2026-01-01T00:00:00Z,73.5055,1.3914040985375549
2026-01-01T00:00:00Z,73.5065,1.391221368237101
2026-01-01T00:00:00Z,73.5075,1.391038684717754
2026-01-01T00:00:00Z,73.5085,1.3908560479632759
2026-01-01T00:00:00Z,73.5095,1.3906734579574371
2026-01-01T00:00:00Z,73.5105,1.3904909146840259
2026-01-01T00:00:00Z,73.5115,1.3903084181268242
2026-01-01T00:00:00Z,73.5125,1.3901259682696259
2026-01-01T00:00:00Z,73.5135,1.3899435650962415
2026-01-01T00:00:00Z,73.5145,1.3897612085904705
2026-01-01T00:00:00Z,73.5155,1.3895788987361353
2026-01-01T00:00:00Z,73.5165,1.389396635517063
2026-01-01T00:00:00Z,73.5175,1.3892144189170796
2026-01-01T00:00:00Z,73.5185,1.3890322489200295
2026-01-01T00:00:00Z,73.5195,1.3888501255097592
2026-01-01T00:00:00Z,73.5205,1.3886680486701168
2026-01-01T00:00:00Z,73.5215,1.3884860183849677
2026-01-01T00:00:00Z,73.5225,1.3883040346381856
2026-01-01T00:00:00Z,73.5235,1.3881220974136395
2026-01-01T00:00:00Z,73.5245,1.387940206695212
2026-01-01T00:00:00Z,73.5255,1.3877583624668033
2026-01-01T00:00:00Z,73.5265,1.3875765647123004
2026-01-01T00:00:00Z,73.5275,1.3873948134156115
2026-01-01T00:00:00Z,73.5285,1.387213108560654
2026-01-01T00:00:00Z,73.5295,1.3870314501313434
2026-01-01T00:00:00Z,73.5305,1.3868498381116077
2026-01-01T00:00:00Z,73.5315,1.386668272485382
2026-01-01T00:00:00Z,73.5325,1.3864867532366085
2026-01-01T00:00:00Z,73.5335,1.386305280349236
2026-01-01T00:00:00Z,73.5345,1.3861238538072227
2026-01-01T00:00:00Z,73.5355,1.385942473594528
2026-01-01T00:00:00Z,73.5365,1.3857611396951248
2026-01-01T00:00:00Z,73.5375,1.3855798520929952
2026-01-01T00:00:00Z,73.5385,1.385398610772118
2026-01-01T00:00:00Z,73.5395,1.3852174157164907
2026-01-01T00:00:00Z,73.5405,1.385036266910114
2026-01-01T00:00:00Z,73.5415,1.3848551643369904
2026-01-01T00:00:00Z,73.5425,1.3846741079811378
2026-01-01T00:00:00Z,73.5435,1.3844930978265801
2026-01-01T00:00:00Z,73.5445,1.3843121338573414
2026-01-01T00:00:00Z,73.5455,1.3841312160574597
2026-01-01T00:00:00Z,73.5465,1.3839503444109833
2026-01-01T00:00:00Z,73.5475,1.3837695189019548
2026-01-01T00:00:00Z,73.5485,1.3835887395144362
2026-01-01T00:00:00Z,73.5495,1.3834080062324983
2026-01-01T00:00:00Z,73.5505,1.3832273190402018
2026-01-01T00:00:00Z,73.5515,1.3830466779216364
2026-01-01T00:00:00Z,73.5525,1.3828660828608879
2026-01-01T00:00:00Z,73.5535,1.3826855338420436
2026-01-01T00:00:00Z,73.5545,1.3825050308492093
2026-01-01T00:00:00Z,73.5555,1.3823245738664958
2026-01-01T00:00:00Z,73.5565,1.3821441628780162
2026-01-01T00:00:00Z,73.5575,1.381963797867891
2026-01-01T00:00:00Z,73.5585,1.3817834788202552
2026-01-01T00:00:00Z,73.5595,1.381603205719244
2026-01-01T00:00:00Z,73.5605,1.3814229785489962
2026-01-01T00:00:00Z,73.5615,1.3812427972936752
2026-01-01T00:00:00Z,73.5625,1.3810626619374313
2026-01-01T00:00:00Z,73.5635,1.3808825724644305
2026-01-01T00:00:00Z,73.5645,1.3807025288588528
2026-01-01T00:00:00Z,73.5655,1.3805225311048681
2026-01-01T00:00:00Z,73.5665,1.3803425791866708
2026-01-01T00:00:00Z,73.5675,1.380162673088457
2026-01-01T00:00:00Z,73.5685,1.3799828127944227
2026-01-01T00:00:00Z,73.5695,1.3798029982887805
2026-01-01T00:00:00Z,73.5705,1.3796232295557467
2026-01-01T00:00:00Z,73.5715,1.379443506579541
2026-01-01T00:00:00Z,73.5725,1.3792638293443953
2026-01-01T00:00:00Z,73.5735,1.3790841978345512
2026-01-01T00:00:00Z,73.5745,1.3789046120342483
2026-01-01T00:00:00Z,73.5755,1.3787250719277382
2026-01-01T00:00:00Z,73.5765,1.3785455774992825
2026-01-01T00:00:00Z,73.5775,1.378366128733147
2026-01-01T00:00:00Z,73.5785,1.3781867256136022
2026-01-01T00:00:00Z,73.5795,1.3780073681249305
2026-01-01T00:00:00Z,73.5805,1.377828056251416
2026-01-01T00:00:00Z,73.5815,1.3776487899773544
2026-01-01T00:00:00Z,73.5825,1.3774695692870518
2026-01-01T00:00:00Z,73.5835,1.3772903941648096
2026-01-01T00:00:00Z,73.5845,1.3771112645949464
2026-01-01T00:00:00Z,73.5855,1.376932180561788
2026-01-01T00:00:00Z,73.5865,1.3767531420496566
2026-01-01T00:00:00Z,73.5875,1.376574149042894
2026-01-01T00:00:00Z,73.5885,1.3763952015258474
2026-01-01T00:00:00Z,73.5895,1.37621629948286
2026-01-01T00:00:00Z,73.5905,1.3760374428982938
2026-01-01T00:00:00Z,73.5915,1.3758586317565151
2026-01-01T00:00:00Z,73.5925,1.3756798660418939
2026-01-01T00:00:00Z,73.5935,1.3755011457388082
2026-01-01T00:00:00Z,73.5945,1.3753224708316483
2026-01-01T00:00:00Z,73.5955,1.3751438413048025
2026-01-01T00:00:00Z,73.5965,1.3749652571426731
2026-01-01T00:00:00Z,73.5975,1.3747867183296698
2026-01-01T00:00:00Z,73.5985,1.3746082248502036
2026-01-01T00:00:00Z,73.5995,1.374429776688695
2026-01-01T00:00:00Z,73.6005,1.3742513738295803
2026-01-01T00:00:00Z,73.6015,1.3740730162572832
2026-01-01T00:00:00Z,73.6025,1.373894703956252
2026-01-01T00:00:00Z,73.6035,1.3737164369109398
2026-01-01T00:00:00Z,73.6045,1.3735382151057967
2026-01-01T00:00:00Z,73.6055,1.373360038525286
2026-01-01T00:00:00Z,73.6065,1.3731819071538833
2026-01-01T00:00:00Z,73.6075,1.3730038209760613
2026-01-01T00:00:00Z,73.6085,1.3728257799763086
2026-01-01T00:00:00Z,73.6095,1.3726477841391131
2026-01-01T00:00:00Z,73.6105,1.3724698334489724
2026-01-01T00:00:00Z,73.6115,1.372291927890395
2026-01-01T00:00:00Z,73.6125,1.372114067447892
2026-01-01T00:00:00Z,73.6135,1.3719362521059815
2026-01-01T00:00:00Z,73.6145,1.37175848184919
2026-01-01T00:00:00Z,73.6155,1.371580756662052
2026-01-01T00:00:00Z,73.6165,1.3714030765291054
2026-01-01T00:00:00Z,73.6175,1.3712254414348979
2026-01-01T00:00:00Z,73.6185,1.371047851363989
2026-01-01T00:00:00Z,73.6195,1.3708703063009304
2026-01-01T00:00:00Z,73.6205,1.370692806230294
2026-01-01T00:00:00Z,73.6215,1.3705153511366597
2026-01-01T00:00:00Z,73.6225,1.3703379410045993
2026-01-01T00:00:00Z,73.6235,1.3701605758187076
2026-01-01T00:00:00Z,73.6245,1.3699832555635825
2026-01-01T00:00:00Z,73.6255,1.3698059802238196
2026-01-01T00:00:00Z,73.6265,1.3696287497840356
2026-01-01T00:00:00Z,73.6275,1.3694515642288414
2026-04-01T00:00:00Z,60.0,220.52960112425598
2026-04-01T00:00:00Z,61.333333333333336,213.9836493957174
2026-04-01T00:00:00Z,62.666666666666664,174.99762413089536
2026-04-01T00:00:00Z,64.0,68.59912892862626
2026-04-01T00:00:00Z,65.33333333333333,24.407552349809208
2026-04-01T00:00:00Z,66.66666666666667,8.668272281242759
2026-04-01T00:00:00Z,68.0,4.236272680933915
2026-04-01T00:00:00Z,69.33333333333333,2.7350788048140267
2026-04-01T00:00:00Z,70.66666666666667,2.035653365459261
2026-04-01T00:00:00Z,72.0,1.6155578516384237
2026-04-01T00:00:00Z,73.33333333333333,1.336334311035908
2026-04-01T00:00:00Z,74.66666666666667,1.1402225320614277
2026-04-01T00:00:00Z,76.0,0.9971782396283451
2026-04-01T00:00:00Z,77.33333333333333,0.8899371330612982
2026-04-01T00:00:00Z,78.66666666666666,0.8078925500621199
2026-04-01T00:00:00Z,80.0,0.74419458163409
2026-04-01T00:00:00Z,81.33333333333333,0.694243238736976
2026-04-01T00:00:00Z,82.66666666666666,0.6548511942942874
2026-04-01T00:00:00Z,84.0,0.6237534891067936
2026-04-01T00:00:00Z,85.33333333333333,0.5993080538611227
2026-04-01T00:00:00Z,86.66666666666666,0.580306439053667
2026-04-01T00:00:00Z,88.0,0.5658509368035994
2026-04-01T00:00:00Z,89.33333333333333,0.5552732681044822
2026-04-01T00:00:00Z,90.66666666666666,0.5480803150542071
2026-04-01T00:00:00Z,92.0,0.5439182433706354
2026-04-01T00:00:00Z,93.33333333333333,0.5425498806778993
2026-04-01T00:00:00Z,94.66666666666666,0.5438424902848824
2026-04-01T00:00:00Z,96.0,0.5477647378241648
2026-04-01T00:00:00Z,97.33333333333333,0.5543931110421354
2026-04-01T00:00:00Z,98.66666666666666,0.5639296954035199
2026-04-01T00:00:00Z,100.0,0.5767354993718343
2026-04-01T00:00:00Z,101.33333333333333,0.5933872313324537
2026-04-01T00:00:00Z,102.66666666666666,0.6147720126418018
2026-04-01T00:00:00Z,104.0,0.6422469774654835
2026-04-01T00:00:00Z,105.33333333333333,0.677915682127591
2026-04-01T00:00:00Z,106.66666666666666,0.7251262359577292
2026-04-01T00:00:00Z,108.0,0.7894160043856825
2026-04-01T00:00:00Z,109.33333333333333,0.8804205260974388
2026-04-01T00:00:00Z,110.66666666666666,1.0160470645651298
2026-04-01T00:00:00Z,112.0,1.2325539504598482
2026-04-01T00:00:00Z,113.33333333333333,1.6122410540091472
2026-04-01T00:00:00Z,114.66666666666666,2.3738741281657774
2026-04-01T00:00:00Z,116.0,4.248707294687384
2026-04-01T00:00:00Z,117.33333333333333,10.713742577568757
2026-04-01T00:00:00Z,118.66666666666666,68.70127095599607
2026-04-01T00:00:00Z,120.0,12.392323635041516
2026-04-01T00:00:00Z,121.33333333333333,4.6179167643312775
2026-04-01T00:00:00Z,122.66666666666666,2.5157347507234618
2026-04-01T00:00:00Z,124.0,1.7052627215657692
2026-04-01T00:00:00Z,125.33333333333333,1.3209904587188332
2026-04-01T00:00:00Z,126.66666666666666,1.113965277394791
2026-04-01T00:00:00Z,128.0,0.9930309955684042
2026-04-01T00:00:00Z,129.33333333333331,0.9188116591687675
2026-04-01T00:00:00Z,130.66666666666666,0.8721476239286312
2026-04-01T00:00:00Z,132.0,0.8428450197749833
2026-04-01T00:00:00Z,133.33333333333331,0.8250926495290081
2026-04-01T00:00:00Z,134.66666666666666,0.8153928528589469
2026-04-01T00:00:00Z,136.0,0.8115481101661536
2026-04-01T00:00:00Z,137.33333333333331,0.8121309108848045
2026-04-01T00:00:00Z,138.66666666666666,0.8161910278501268
2026-04-01T00:00:00Z,140.0,0.8230865338681682
2026-04-01T00:00:00Z,141.33333333333331,0.8323826820777873
2026-04-01T00:00:00Z,142.66666666666666,0.8437897239107706
2026-04-01T00:00:00Z,144.0,0.8571240302309188
2026-04-01T00:00:00Z,145.33333333333331,0.8722837668143731
2026-04-01T00:00:00Z,146.66666666666666,0.8892341082530956
2026-04-01T00:00:00Z,148.0,0.9079990931550828
2026-04-01T00:00:00Z,149.33333333333331,0.928658492322502
2026-04-01T00:00:00Z,150.66666666666666,0.9513488796796485
2026-04-01T00:00:00Z,152.0,0.9762686855153457
2026-04-01T00:00:00Z,153.33333333333331,1.0036875102314782
2026-04-01T00:00:00Z,154.66666666666666,1.033960484730601
2026-04-01T00:00:00Z,156.0,1.0675490751182675
2026-04-01T00:00:00Z,157.33333333333331,1.1050505581395353
2026-04-01T00:00:00Z,158.66666666666666,1.1472396027984297
2026-04-01T00:00:00Z,160.0,1.195127241250642
2026-04-01T00:00:00Z,161.33333333333331,1.2500454306426114
2026-04-01T00:00:00Z,162.66666666666666,1.3137701477686976
2026-04-01T00:00:00Z,164.0,1.3887038645213126
2026-04-01T00:00:00Z,165.33333333333331,1.4781518048710474
2026-04-01T00:00:00Z,166.66666666666666,1.5867503073468219
2026-04-01T00:00:00Z,168.0,1.7211492125798644
2026-04-01T00:00:00Z,169.33333333333331,1.8911324528186717
2026-04-01T00:00:00Z,170.66666666666666,2.111522224872322
2026-04-01T00:00:00Z,172.0,2.4055412324179235
2026-04-01T00:00:00Z,173.33333333333331,2.811008751385368
2026-04-01T00:00:00Z,174.66666666666666,3.392304066002605
2026-04-01T00:00:00Z,176.0,4.264602173296675
2026-04-01T00:00:00Z,177.33333333333331,5.645024110741964
2026-04-01T00:00:00Z,178.66666666666666,7.961172796116886
2026-04-01T00:00:00Z,180.0,12.049310831772862
2026-04-01T00:00:00Z,181.33333333333331,19.184985565684656
2026-04-01T00:00:00Z,182.66666666666666,28.664500465576694
2026-04-01T00:00:00Z,184.0,28.803646839134927
2026-04-01T00:00:00Z,185.33333333333331,19.72856519747559
2026-04-01T00:00:00Z,186.66666666666666,12.766407169786445
2026-04-01T00:00:00Z,188.0,8.706247476709407
2026-04-01T00:00:00Z,189.33333333333331,6.372259654634389
2026-04-01T00:00:00Z,190.66666666666666,4.967541335280281
2026-04-01T00:00:00Z,192.0,4.076110363732734
2026-04-01T00:00:00Z,193.33333333333331,3.4831877208333144
2026-04-01T00:00:00Z,194.66666666666666,3.073190463057382
2026-04-01T00:00:00Z,196.0,2.7806779116087315
2026-04-01T00:00:00Z,197.33333333333331,2.566754124432159
2026-04-01T00:00:00Z,198.66666666666666,2.4072726626163394
2026-04-01T00:00:00Z,200.0,2.2866609398932356
2026-04-01T00:00:00Z,201.33333333333331,2.1945363424593367
2026-04-01T00:00:00Z,202.66666666666666,2.12377267686198
2026-04-01T00:00:00Z,204.0,2.0693528027388535
2026-04-01T00:00:00Z,205.33333333333331,2.027664402060087
2026-04-01T00:00:00Z,206.66666666666666,1.9960545075172516
2026-04-01T00:00:00Z,208.0,1.9725400138690594
2026-04-01T00:00:00Z,209.33333333333331,1.955614951377064
2026-04-01T00:00:00Z,210.66666666666666,1.944119356171425
2026-04-01T00:00:00Z,212.0,1.9371482794463097
2026-04-01T00:00:00Z,213.33333333333331,1.9339875131853987
2026-04-01T00:00:00Z,214.66666666666666,1.934067445078887
2026-04-01T00:00:00Z,216.0,1.9369294342714012
2026-04-01T00:00:00Z,217.33333333333331,1.942200975385668
2026-04-01T00:00:00Z,218.66666666666666,1.9495771232584096
2026-04-01T00:00:00Z,220.0,1.9588064392664917
2026-04-01T00:00:00Z,221.33333333333331,1.9696802448450865
2026-04-01T00:00:00Z,222.66666666666666,1.9820243225472836
2026-04-01T00:00:00Z,224.0,1.9956924483515202
2026-04-01T00:00:00Z,225.33333333333331,2.010561308147058
2026-04-01T00:00:00Z,226.66666666666666,2.0265264704998165
2026-04-01T00:00:00Z,228.0,2.0434991727233474
2026-04-01T00:00:00Z,229.33333333333331,2.061403738470043
2026-04-01T00:00:00Z,230.66666666666666,2.080175489608643
2026-04-01T00:00:00Z,232.0,2.099759047909481
2026-04-01T00:00:00Z,233.33333333333331,2.1201069463654387
2026-04-01T00:00:00Z,234.66666666666666,2.141178488171376
2026-04-01T00:00:00Z,236.0,2.16293880511866
2026-04-01T00:00:00Z,237.33333333333331,2.1853580776100845
2026-04-01T00:00:00Z,238.66666666666666,2.2084108865104657
2026-04-01T00:00:00Z,240.0,2.2320756732342266
2026-04-01T00:00:00Z,241.33333333333331,2.2563342892826097
2026-04-01T00:00:00Z,242.66666666666666,2.2811716202126693
2026-04-01T00:00:00Z,244.0,2.3065752719941255
2026-04-01T00:00:00Z,245.33333333333331,2.332535310074731
2026-04-01T00:00:00Z,246.66666666666666,2.3590440433692774
2026-04-01T00:00:00Z,248.0,2.3860958469191336
2026-04-01T00:00:00Z,249.33333333333331,2.4136870182200147
2026-04-01T00:00:00Z,250.66666666666666,2.44181566324942
2026-04-01T00:00:00Z,252.0,2.470481609091946
2026-04-01T00:00:00Z,253.33333333333331,2.4996863408004266
2026-04-01T00:00:00Z,254.66666666666666,2.5294329607760955
2026-04-01T00:00:00Z,256.0,2.559726169528698
2026-04-01T00:00:00Z,257.3333333333333,2.5905722672112828
2026-04-01T00:00:00Z,258.66666666666663,2.621979175834655
2026-04-01T00:00:00Z,260.0,2.6539564825734603
2026-04-01T00:00:00Z,261.3333333333333,2.6865155050985567
2026-04-01T00:00:00Z,262.66666666666663,2.7196693804292713
2026-04-01T00:00:00Z,264.0,2.7534331794169935
2026-04-01T00:00:00Z,265.3333333333333,2.7878240496737123
2026-04-01T00:00:00Z,266.66666666666663,2.822861390576747
2026-04-01T00:00:00Z,268.0,2.858567064951106
2026-04-01T00:00:00Z,269.3333333333333,2.8949656532011647
2026-04-01T00:00:00Z,270.66666666666663,2.932084757092716
2026-04-01T00:00:00Z,272.0,2.9699553621520716
2026-04-01T00:00:00Z,273.3333333333333,3.0086122698501176
2026-04-01T00:00:00Z,274.66666666666663,3.048094613506901
2026-04-01T00:00:00Z,276.0,3.0884464753596608
2026-04-01T00:00:00Z,277.3333333333333,3.129717626714569
2026-04-01T00:00:00Z,278.66666666666663,3.171964418860891
2026-04-01T00:00:00Z,280.0,3.215250859885773
2026-04-01T00:00:00Z,281.3333333333333,3.2596499222639745
2026-04-01T00:00:00Z,282.66666666666663,3.305245138902519
2026-04-01T00:00:00Z,284.0,3.352132562297353
2026-04-01T00:00:00Z,285.3333333333333,3.4004231841569417
2026-04-01T00:00:00Z,286.66666666666663,3.450245943461169
2026-04-01T00:00:00Z,288.0,3.501751492599206
2026-04-01T00:00:00Z,289.3333333333333,3.5551169485255967
2026-04-01T00:00:00Z,290.66666666666663,3.610551935473109
2026-04-01T00:00:00Z,292.0,3.668306337585271
2026-04-01T00:00:00Z,293.3333333333333,3.7286803388104937
2026-04-01T00:00:00Z,294.66666666666663,3.792037556320027
2026-04-01T00:00:00Z,296.0,3.858822407892998
2026-04-01T00:00:00Z,297.3333333333333,3.9295833488126957
2026-04-01T00:00:00Z,298.66666666666663,4.005004359124805
2026-04-01T00:00:00Z,300.0,4.085948203644039
2026-04-01T00:00:00Z,301.3333333333333,4.17351676872467
2026-04-01T00:00:00Z,302.66666666666663,4.269136618193362
2026-04-01T00:00:00Z,304.0,4.374682535854063
2026-04-01T00:00:00Z,305.3333333333333,4.492659547659222
2026-04-01T00:00:00Z,306.66666666666663,4.626477181325526
2026-04-01T00:00:00Z,308.0,4.780873203366522
2026-04-01T00:00:00Z,309.3333333333333,4.962587090406351
2026-04-01T00:00:00Z,310.66666666666663,5.181465383546703
2026-04-01T00:00:00Z,312.0,5.452343875703059
2026-04-01T00:00:00Z,313.3333333333333,5.798391315570543
2026-04-01T00:00:00Z,314.66666666666663,6.25734648645709
2026-04-01T00:00:00Z,316.0,6.89380653586124
2026-04-01T00:00:00Z,317.3333333333333,7.824755495340392
2026-04-01T00:00:00Z,318.66666666666663,9.272986825117766
2026-04-01T00:00:00Z,320.0,11.650375798102177
2026-04-01T00:00:00Z,321.3333333333333,15.516900246142642
2026-04-01T00:00:00Z,322.66666666666663,21.87504486283769
2026-04-01T00:00:00Z,324.0,32.10410660025962
2026-04-01T00:00:00Z,325.3333333333333,38.7950045633792
2026-04-01T00:00:00Z,326.66666666666663,29.44509253224776
2026-04-01T00:00:00Z,328.0,20.091376943025743
2026-04-01T00:00:00Z,329.3333333333333,14.550387913866611
2026-04-01T00:00:00Z,330.66666666666663,11.489964993343861
2026-04-01T00:00:00Z,332.0,9.744183086478076
2026-04-01T00:00:00Z,333.3333333333333,8.703438203929462
2026-04-01T00:00:00Z,334.66666666666663,8.062962244617212
2026-04-01T00:00:00Z,336.0,7.662620688119918
2026-04-01T00:00:00Z,337.3333333333333,7.410900297669427
2026-04-01T00:00:00Z,338.66666666666663,7.260721927329522
2026-04-01T00:00:00Z,340.0,7.185218335549749
2026-04-01T00:00:00Z,341.3333333333333,7.1657138868216865
2026-04-01T00:00:00Z,342.66666666666663,7.190108895252782
2026-04-01T00:00:00Z,344.0,7.250872565500021
2026-04-01T00:00:00Z,345.3333333333333,7.3435223468438195
2026-04-01T00:00:00Z,346.66666666666663,7.465717194364067
2026-04-01T00:00:00Z,348.0,7.616747272681373
2026-04-01T00:00:00Z,349.3333333333333,7.797271659245492
2026-04-01T00:00:00Z,350.66666666666663,8.009226132192163
2026-04-01T00:00:00Z,352.0,8.255866300070803
2026-04-01T00:00:00Z,353.3333333333333,8.541940045974476
2026-04-01T00:00:00Z,354.66666666666663,8.874007936502785
2026-04-01T00:00:00Z,356.0,9.260959490781
2026-04-01T00:00:00Z,357.3333333333333,9.714818483810474
2026-04-01T00:00:00Z,358.66666666666663,10.252014765534085
2026-04-01T00:00:00Z,360.0,10.895481620001917
2026-04-01T00:00:00Z,361.3333333333333,11.678390645654618
2026-04-01T00:00:00Z,362.66666666666663,12.651677343618598
2026-04-01T00:00:00Z,364.0,13.902399959226694
2026-04-01T00:00:00Z,365.3333333333333,15.613084003409321
2026-04-01T00:00:00Z,366.66666666666663,18.345728631108827
2026-04-01T00:00:00Z,368.0,25.577316061298166
2026-04-01T00:00:00Z,369.3333333333333,26.59477639262032
2026-04-01T00:00:00Z,370.66666666666663,28.25083309417272
2026-04-01T00:00:00Z,372.0,34.263037700837096
2026-04-01T00:00:00Z,373.3333333333333,44.274642362671315
2026-04-01T00:00:00Z,374.66666666666663,60.81805791008831
2026-04-01T00:00:00Z,376.0,89.56900326541385
2026-04-01T00:00:00Z,377.3333333333333,141.85740519490798
2026-04-01T00:00:00Z,378.66666666666663,232.28554093392458
2026-04-01T00:00:00Z,380.0,329.48866852001976
2026-04-01T00:00:00Z,381.3333333333333,268.3035052708271
2026-04-01T00:00:00Z,382.66666666666663,168.73590619545993
2026-04-01T00:00:00Z,384.0,106.26637842727229
2026-04-01T00:00:00Z,385.3333333333333,71.70350470259126
2026-04-01T00:00:00Z,386.66666666666663,51.99597012644574
2026-04-01T00:00:00Z,388.0,40.08612398150136
2026-04-01T00:00:00Z,389.3333333333333,32.486357406052406
2026-04-01T00:00:00Z,390.66666666666663,27.370322674866348
2026-04-01T00:00:00Z,392.0,23.76279599232205
2026-04-01T00:00:00Z,393.3333333333333,21.17340671587409
2026-04-01T00:00:00Z,394.66666666666663,19.27416121439561
2026-04-01T00:00:00Z,396.0,17.854289415379835
2026-04-01T00:00:00Z,397.3333333333333,16.77856704180694
2026-04-01T00:00:00Z,398.66666666666663,15.957345049833425
2026-04-01T00:00:00Z,400.0,15.329399252370825
2026-04-01T00:00:00Z,73.3725,1.329580688575376
2026-04-01T00:00:00Z,73.3735,1.3294091627566733
2026-04-01T00:00:00Z,73.3745,1.3292376818850544
2026-04-01T00:00:00Z,73.3755,1.3290662459446
2026-04-01T00:00:00Z,73.3765,1.3288948549194097
2026-04-01T00:00:00Z,73.3775,1.328723508793575
2026-04-01T00:00:00Z,73.3785,1.3285522075512042
2026-04-01T00:00:00Z,73.3795,1.3283809511764157
2026-04-01T00:00:00Z,73.3805,1.3282097396533237
2026-04-01T00:00:00Z,73.3815,1.32803857296606
2026-04-01T00:00:00Z,73.3825,1.3278674510987623
2026-04-01T00:00:00Z,73.3835,1.3276963740355692
2026-04-01T00:00:00Z,73.3845,1.327525341760636
2026-04-01T00:00:00Z,73.3855,1.3273543542581223
2026-04-01T00:00:00Z,73.3865,1.327183411512189
2026-04-01T00:00:00Z,73.3875,1.327012513507011
2026-04-01T00:00:00Z,73.3885,1.3268416602267705
2026-04-01T00:00:00Z,73.3895,1.3266708516556491
2026-04-01T00:00:00Z,73.3905,1.3265000877778472
2026-04-01T00:00:00Z,73.3915,1.326329368577568
2026-04-01T00:00:00Z,73.3925,1.3261586940390173
2026-04-01T00:00:00Z,73.3935,1.3259880641464137
2026-04-01T00:00:00Z,73.3945,1.3258174788839836
2026-04-01T00:00:00Z,73.3955,1.3256469382359555
2026-04-01T00:00:00Z,73.3965,1.3254764421865708
2026-04-01T00:00:00Z,73.3975,1.32530599072008
2026-04-01T00:00:00Z,73.3985,1.3251355838207277
2026-04-01T00:00:00Z,73.3995,1.3249652214727783
2026-04-01T00:00:00Z,73.4005,1.324794903660508
2026-04-01T00:00:00Z,73.4015,1.3246246303681817
2026-04-01T00:00:00Z,73.4025,1.3244544015800863
2026-04-01T00:00:00Z,73.4035,1.3242842172805165
2026-04-01T00:00:00Z,73.4045,1.3241140774537632
2026-04-01T00:00:00Z,73.4055,1.3239439820841366
2026-04-01T00:00:00Z,73.4065,1.3237739311559487
2026-04-01T00:00:00Z,73.4075,1.3236039246535156
2026-04-01T00:00:00Z,73.4085,1.323433962561165
2026-04-01T00:00:00Z,73.4095,1.3232640448632353
2026-04-01T00:00:00Z,73.4105,1.3230941715440618
2026-04-01T00:00:00Z,73.4115,1.3229243425879966
2026-04-01T00:00:00Z,73.4125,1.3227545579793987
2026-04-01T00:00:00Z,73.4135,1.3225848177026251
2026-04-01T00:00:00Z,73.4145,1.3224151217420494
2026-04-01T00:00:00Z,73.4155,1.3222454700820536
2026-04-01T00:00:00Z,73.4165,1.322075862707013
2026-04-01T00:00:00Z,73.4175,1.3219062996013269
2026-04-01T00:00:00Z,73.4185,1.3217367807493963
2026-04-01T00:00:00Z,73.4195,1.321567306135621
2026-04-01T00:00:00Z,73.4205,1.3213978757444194
2026-04-01T00:00:00Z,73.4215,1.3212284895602149
2026-04-01T00:00:00Z,73.4225,1.3210591475674311
2026-04-01T00:00:00Z,73.4235,1.3208898497505062
2026-04-01T00:00:00Z,73.4245,1.3207205960938828
2026-04-01T00:00:00Z,73.4255,1.320551386582012
2026-04-01T00:00:00Z,73.4265,1.3203822211993486
2026-04-01T00:00:00Z,73.4275,1.3202130999303612
2026-04-01T00:00:00Z,73.4285,1.3200440227595185
2026-04-01T00:00:00Z,73.4295,1.3198749896712971
2026-04-01T00:00:00Z,73.4305,1.3197060006501915
2026-04-01T00:00:00Z,73.4315,1.3195370556806856
2026-04-01T00:00:00Z,73.4325,1.3193681547472835
2026-04-01T00:00:00Z,73.4335,1.3191992978344975
2026-04-01T00:00:00Z,73.4345,1.319030484926836
2026-04-01T00:00:00Z,73.4355,1.3188617160088225
2026-04-01T00:00:00Z,73.4365,1.3186929910649903
2026-04-01T00:00:00Z,73.4375,1.3185243100798698
2026-04-01T00:00:00Z,73.4385,1.318355673038007
2026-04-01T00:00:00Z,73.4395,1.318187079923956
2026-04-01T00:00:00Z,73.4405,1.3180185307222703
2026-04-01T00:00:00Z,73.4415,1.317850025417514
2026-04-01T00:00:00Z,73.4425,1.3176815639942652
2026-04-01T00:00:00Z,73.4435,1.3175131464370973
2026-04-01T00:00:00Z,73.4445,1.317344772730598
2026-04-01T00:00:00Z,73.4455,1.3171764428593664
2026-04-01T00:00:00Z,73.4465,1.3170081568079954
2026-04-01T00:00:00Z,73.4475,1.316839914561094
2026-04-01T00:00:00Z,73.4485,1.3166717161032833
2026-04-01T00:00:00Z,73.4495,1.3165035614191796
2026-04-01T00:00:00Z,73.4505,1.3163354504934122
2026-04-01T00:00:00Z,73.4515,1.3161673833106218
2026-04-01T00:00:00Z,73.4525,1.3159993598554456
2026-04-01T00:00:00Z,73.4535,1.3158313801125376
2026-04-01T00:00:00Z,73.4545,1.315663444066557
2026-04-01T00:00:00Z,73.4555,1.3154955517021647
2026-04-01T00:00:00Z,73.4565,1.3153277030040336
2026-04-01T00:00:00Z,73.4575,1.3151598979568466
2026-04-01T00:00:00Z,73.4585,1.314992136545284
2026-04-01T00:00:00Z,73.4595,1.3148244187540394
2026-04-01T00:00:00Z,73.4605,1.3146567445678181
2026-04-01T00:00:00Z,73.4615,1.314489113971319
2026-04-01T00:00:00Z,73.4625,1.3143215269492625
2026-04-01T00:00:00Z,73.4635,1.3141539834863705
2026-04-01T00:00:00Z,73.4645,1.3139864835673631
2026-04-01T00:00:00Z,73.4655,1.3138190271769834
2026-04-01T00:00:00Z,73.4665,1.313651614299975
2026-04-01T00:00:00Z,73.4675,1.3134842449210788
2026-04-01T00:00:00Z,73.4685,1.3133169190250578
2026-04-01T00:00:00Z,73.4695,1.313149636596678
2026-04-01T00:00:00Z,73.4705,1.3129823976207022
2026-04-01T00:00:00Z,73.4715,1.3128152020819106
2026-04-01T00:00:00Z,73.4725,1.3126480499650923
2026-04-01T00:00:00Z,73.4735,1.3124809412550325
2026-04-01T00:00:00Z,73.4745,1.3123138759365336
2026-04-01T00:00:00Z,73.4755,1.3121468539944015
2026-04-01T00:00:00Z,73.4765,1.3119798754134446
2026-04-01T00:00:00Z,73.4775,1.3118129401784848
2026-04-01T00:00:00Z,73.4785,1.311646048274353
2026-04-01T00:00:00Z,73.4795,1.3114791996858763
2026-04-01T00:00:00Z,73.4805,1.3113123943978982
2026-04-01T00:00:00Z,73.4815,1.3111456323952682
2026-04-01T00:00:00Z,73.4825,1.3109789136628376
2026-04-01T00:00:00Z,73.4835,1.310812238185465
2026-04-01T00:00:00Z,73.4845,1.3106456059480285
2026-04-01T00:00:00Z,73.4855,1.310479016935393
2026-04-01T00:00:00Z,73.4865,1.3103124711324474
2026-04-01T00:00:00Z,73.4875,1.3101459685240808
2026-04-01T00:00:00Z,73.4885,1.309979509095185
2026-04-01T00:00:00Z,73.4895,1.3098130928306682
2026-04-01T00:00:00Z,73.4905,1.3096467197154404
2026-04-01T00:00:00Z,73.4915,1.3094803897344127
2026-04-01T00:00:00Z,73.4925,1.3093141028725155
2026-04-01T00:00:00Z,73.4935,1.3091478591146795
2026-04-01T00:00:00Z,73.4945,1.3089816584458402
2026-04-01T00:00:00Z,73.4955,1.308815500850941
2026-04-01T00:00:00Z,73.4965,1.3086493863149393
2026-04-01T00:00:00Z,73.4975,1.3084833148227875
2026-04-01T00:00:00Z,73.4985,1.308317286359455
2026-04-01T00:00:00Z,73.4995,1.3081513009099148
2026-04-01T00:00:00Z,73.5005,1.3079853584591432
2026-04-01T00:00:00Z,73.5015,1.3078194589921317
2026-04-01T00:00:00Z,73.5025,1.307653602493866
2026-04-01T00:00:00Z,73.5035,1.3074877889493526
2026-04-01T00:00:00Z,73.5045,1.3073220183435978
2026-04-01T00:00:00Z,73.5055,1.307156290661611
2026-04-01T00:00:00Z,73.5065,1.306990605888417
2026-04-01T00:00:00Z,73.5075,1.3068249640090455
2026-04-01T00:00:00Z,73.5085,1.3066593650085259
2026-04-01T00:00:00Z,73.5095,1.3064938088719014
2026-04-01T00:00:00Z,73.5105,1.3063282955842235
2026-04-01T00:00:00Z,73.5115,1.3061628251305428
2026-04-01T00:00:00Z,73.5125,1.3059973974959211
2026-04-01T00:00:00Z,73.5135,1.305832012665434
2026-04-01T00:00:00Z,73.5145,1.30566667062415
2026-04-01T00:00:00Z,73.5155,1.3055013713571517
2026-04-01T00:00:00Z,73.5165,1.3053361148495373
2026-04-01T00:00:00Z,73.5175,1.3051709010863928
2026-04-01T00:00:00Z,73.5185,1.3050057300528248
2026-04-01T00:00:00Z,73.5195,1.304840601733945
2026-04-01T00:00:00Z,73.5205,1.3046755161148702
2026-04-01T00:00:00Z,73.5215,1.304510473180719
2026-04-01T00:00:00Z,73.5225,1.3043454729166288
2026-04-01T00:00:00Z,73.5235,1.304180515307731
2026-04-01T00:00:00Z,73.5245,1.3040156003391723
2026-04-01T00:00:00Z,73.5255,1.303850727996107
2026-04-01T00:00:00Z,73.5265,1.303685898263684
2026-04-01T00:00:00Z,73.5275,1.303521111127074
2026-04-01T00:00:00Z,73.5285,1.303356366571449
2026-04-01T00:00:00Z,73.5295,1.3031916645819839
2026-04-01T00:00:00Z,73.5305,1.303027005143861
2026-04-01T00:00:00Z,73.5315,1.3028623882422814
2026-04-01T00:00:00Z,73.5325,1.3026978138624343
2026-04-01T00:00:00Z,73.5335,1.3025332819895261
2026-04-01T00:00:00Z,73.5345,1.3023687926087746
2026-04-01T00:00:00Z,73.5355,1.3022043457053907
2026-04-01T00:00:00Z,73.5365,1.3020399412646038
2026-04-01T00:00:00Z,73.5375,1.3018755792716503
2026-04-01T00:00:00Z,73.5385,1.3017112597117586
2026-04-01T00:00:00Z,73.5395,1.3015469825701846
2026-04-01T00:00:00Z,73.5405,1.301382747832176
2026-04-01T00:00:00Z,73.5415,1.3012185554829911
2026-04-01T00:00:00Z,73.5425,1.3010544055078974
2026-04-01T00:00:00Z,73.5435,1.3008902978921701
2026-04-01T00:00:00Z,73.5445,1.3007262326210842
2026-04-01T00:00:00Z,73.5455,1.3005622096799265
2026-04-01T00:00:00Z,73.5465,1.300398229053995
2026-04-01T00:00:00Z,73.5475,1.3002342907285824
2026-04-01T00:00:00Z,73.5485,1.3000703946889964
2026-04-01T00:00:00Z,73.5495,1.2999065409205544
2026-04-01T00:00:00Z,73.5505,1.2997427294085722
2026-04-01T00:00:00Z,73.5515,1.2995789601383758
2026-04-01T00:00:00Z,73.5525,1.2994152330953033
2026-04-01T00:00:00Z,73.5535,1.2992515482646878
2026-04-01T00:00:00Z,73.5545,1.2990879056318798
2026-04-01T00:00:00Z,73.5555,1.2989243051822337
2026-04-01T00:00:00Z,73.5565,1.2987607469011053
2026-04-01T00:00:00Z,73.5575,1.298597230773863
2026-04-01T00:00:00Z,73.5585,1.2984337567858835
2026-04-01T00:00:00Z,73.5595,1.29827032492254
2026-04-01T00:00:00Z,73.5605,1.298106935169224
2026-04-01T00:00:00Z,73.5615,1.2979435875113294
2026-04-01T00:00:00Z,73.5625,1.2977802819342512
2026-04-01T00:00:00Z,73.5635,1.2976170184234002
2026-04-01T00:00:00Z,73.5645,1.2974537969641897
2026-04-01T00:00:00Z,73.5655,1.2972906175420365
2026-04-01T00:00:00Z,73.5665,1.297127480142369
2026-04-01T00:00:00Z,73.5675,1.2969643847506227
2026-04-01T00:00:00Z,73.5685,1.2968013313522326
2026-04-01T00:00:00Z,73.5695,1.2966383199326479
2026-04-01T00:00:00Z,73.5705,1.2964753504773243
2026-04-01T00:00:00Z,73.5715,1.2963124229717158
2026-04-01T00:00:00Z,73.5725,1.296149537401291
2026-04-01T00:00:00Z,73.5735,1.2959866937515283
2026-04-01T00:00:00Z,73.5745,1.2958238920078986
2026-04-01T00:00:00Z,73.5755,1.2956611321558917
2026-04-01T00:00:00Z,73.5765,1.2954984141810033
2026-04-01T00:00:00Z,73.5775,1.2953357380687283
2026-04-01T00:00:00Z,73.5785,1.2951731038045748
2026-04-01T00:00:00Z,73.5795,1.29501051137406
2026-04-01T00:00:00Z,73.5805,1.2948479607626908
2026-04-01T00:00:00Z,73.5815,1.2946854519560045
2026-04-01T00:00:00Z,73.5825,1.2945229849395314
2026-04-01T00:00:00Z,73.5835,1.2943605596988077
2026-04-01T00:00:00Z,73.5845,1.2941981762193777
2026-04-01T00:00:00Z,73.5855,1.2940358344867997
2026-04-01T00:00:00Z,73.5865,1.293873534486625
2026-04-01T00:00:00Z,73.5875,1.2937112762044223
2026-04-01T00:00:00Z,73.5885,1.293549059625769
2026-04-01T00:00:00Z,73.5895,1.2933868847362318
2026-04-01T00:00:00Z,73.5905,1.2932247515214026
2026-04-01T00:00:00Z,73.5915,1.293062659966877
2026-04-01T00:00:00Z,73.5925,1.292900610058244
2026-04-01T00:00:00Z,73.5935,1.2927386017811144
2026-04-01T00:00:00Z,73.5945,1.2925766351210988
2026-04-01T00:00:00Z,73.5955,1.2924147100638115
2026-04-01T00:00:00Z,73.5965,1.2922528265948767
2026-04-01T00:00:00Z,73.5975,1.2920909846999311
2026-04-01T00:00:00Z,73.5985,1.291929184364607
2026-04-01T00:00:00Z,73.5995,1.2917674255745468
2026-04-01T00:00:00Z,73.6005,1.2916057083154076
2026-04-01T00:00:00Z,73.6015,1.2914440325728382
2026-04-01T00:00:00Z,73.6025,1.291282398332507
2026-04-01T00:00:00Z,73.6035,1.2911208055800842
2026-04-01T00:00:00Z,73.6045,1.2909592543012427
2026-04-01T00:00:00Z,73.6055,1.2907977444816656
2026-04-01T00:00:00Z,73.6065,1.290636276107049
2026-04-01T00:00:00Z,73.6075,1.2904748491630789
2026-04-01T00:00:00Z,73.6085,1.2903134636354623
2026-04-01T00:00:00Z,73.6095,1.2901521195099102
2026-04-01T00:00:00Z,73.6105,1.2899908167721352
2026-04-01T00:00:00Z,73.6115,1.2898295554078594
2026-04-01T00:00:00Z,73.6125,1.289668335402813
2026-04-01T00:00:00Z,73.6135,1.2895071567427272
2026-04-01T00:00:00Z,73.6145,1.2893460194133444
2026-04-01T00:00:00Z,73.6155,1.2891849234004156
2026-04-01T00:00:00Z,73.6165,1.2890238686896893
2026-04-01T00:00:00Z,73.6175,1.2888628552669301
2026-04-01T00:00:00Z,73.6185,1.288701883117906
2026-04-01T00:00:00Z,73.6195,1.2885409522283866
2026-04-01T00:00:00Z,73.6205,1.2883800625841515
2026-04-01T00:00:00Z,73.6215,1.2882192141709936
2026-04-01T00:00:00Z,73.6225,1.2880584069746974
2026-04-01T00:00:00Z,73.6235,1.2878976409810678
2026-04-01T00:00:00Z,73.6245,1.2877369161759114
2026-04-01T00:00:00Z,73.6255,1.2875762325450335
2026-04-01T00:00:00Z,73.6265,1.28741559007426
2026-04-01T00:00:00Z,73.6275,1.2872549887494091
2026-07-01T00:00:00Z,60.0,205.7827178667692
2026-07-01T00:00:00Z,61.333333333333336,201.75414705537364
2026-07-01T00:00:00Z,62.666666666666664,169.43516503657622
2026-07-01T00:00:00Z,64.0,68.71673528605496
2026-07-01T00:00:00Z,65.33333333333333,25.543646271783388
2026-07-01T00:00:00Z,66.66666666666667,9.634977919255702
2026-07-01T00:00:00Z,68.0,5.171616511531207
2026-07-01T00:00:00Z,69.33333333333333,3.749539880523494
2026-07-01T00:00:00Z,70.66666666666667,3.1494981194532516
2026-07-01T00:00:00Z,72.0,2.8161228055725203
2026-07-01T00:00:00Z,73.33333333333333,2.6139036055485145
2026-07-01T00:00:00Z,74.66666666666667,2.488720198172501
2026-07-01T00:00:00Z,76.0,2.412780335340951
2026-07-01T00:00:00Z,77.33333333333333,2.3702539833940093
2026-07-01T00:00:00Z,78.66666666666666,2.351479385224393
2026-07-01T00:00:00Z,80.0,2.3502484313709275
2026-07-01T00:00:00Z,81.33333333333333,2.3624092251079922
2026-07-01T00:00:00Z,82.66666666666666,2.3850951226306174
2026-07-01T00:00:00Z,84.0,2.4162757801998875
2026-07-01T00:00:00Z,85.33333333333333,2.4544841315681207
2026-07-01T00:00:00Z,86.66666666666666,2.4986444352877455
2026-07-01T00:00:00Z,88.0,2.5479609413125646
2026-07-01T00:00:00Z,89.33333333333333,2.601844365810325
2026-07-01T00:00:00Z,90.66666666666666,2.6598628806312345
2026-07-01T00:00:00Z,92.0,2.7217097123945
2026-07-01T00:00:00Z,93.33333333333333,2.787182662688901
2026-07-01T00:00:00Z,94.66666666666666,2.856172925553373
2026-07-01T00:00:00Z,96.0,2.928662069970082
2026-07-01T00:00:00Z,97.33333333333333,3.0047273565256543
2026-07-01T00:00:00Z,98.66666666666666,3.0845570025181233
2026-07-01T00:00:00Z,100.0,3.1684790112775665
2026-07-01T00:00:00Z,101.33333333333333,3.257010409693562
2026-07-01T00:00:00Z,102.66666666666666,3.350939462094343
2026-07-01T00:00:00Z,104.0,3.4514642687510846
2026-07-01T00:00:00Z,105.33333333333333,3.560432883150387
2026-07-01T00:00:00Z,106.66666666666666,3.6807762243913196
2026-07-01T00:00:00Z,108.0,3.8173296367132106
2026-07-01T00:00:00Z,109.33333333333333,3.9784947014062166
2026-07-01T00:00:00Z,110.66666666666666,4.179878464493271
2026-07-01T00:00:00Z,112.0,4.453105346927411
2026-07-01T00:00:00Z,113.33333333333333,4.870131699307445
2026-07-01T00:00:00Z,114.66666666666666,5.623274083774504
2026-07-01T00:00:00Z,116.0,7.3633622513895265
2026-07-01T00:00:00Z,117.33333333333333,13.288493452719448
2026-07-01T00:00:00Z,118.66666666666666,69.92892744061301
2026-07-01T00:00:00Z,120.0,15.039617178777185
2026-07-01T00:00:00Z,121.33333333333333,8.08034894278322
2026-07-01T00:00:00Z,122.66666666666666,6.3206185717350545
2026-07-01T00:00:00Z,124.0,5.710069500653971
2026-07-01T00:00:00Z,125.33333333333333,5.476828881342747
2026-07-01T00:00:00Z,126.66666666666666,5.40128083700513
2026-07-01T00:00:00Z,128.0,5.403441622560884
2026-07-01T00:00:00Z,129.33333333333331,5.448933516091616
2026-07-01T00:00:00Z,130.66666666666666,5.521147555594011
2026-07-01T00:00:00Z,132.0,5.611353234878667
2026-07-01T00:00:00Z,133.33333333333331,5.714679951883786
2026-07-01T00:00:00Z,134.66666666666666,5.828308061131668
2026-07-01T00:00:00Z,136.0,5.950586892200398
2026-07-01T00:00:00Z,137.33333333333331,6.080577188957691
2026-07-01T00:00:00Z,138.66666666666666,6.217802600577003
2026-07-01T00:00:00Z,140.0,6.36211096978951
2026-07-01T00:00:00Z,141.33333333333331,6.513596922928328
2026-07-01T00:00:00Z,142.66666666666666,6.672560997942106
2026-07-01T00:00:00Z,144.0,6.839492344522122
2026-07-01T00:00:00Z,145.33333333333331,7.015068275516313
2026-07-01T00:00:00Z,146.66666666666666,7.200167516161647
2026-07-01T00:00:00Z,148.0,7.395896268922213
2026-07-01T00:00:00Z,149.33333333333331,7.603627905776088
2026-07-01T00:00:00Z,150.66666666666666,7.825058640520983
2026-07-01T00:00:00Z,152.0,8.062283228206882
2026-07-01T00:00:00Z,153.33333333333331,8.317896879616395
2026-07-01T00:00:00Z,154.66666666666666,8.595132522124299
2026-07-01T00:00:00Z,156.0,8.89804679135265
2026-07-01T00:00:00Z,157.33333333333331,9.231774483778187
2026-07-01T00:00:00Z,158.66666666666666,9.602880903398493
2026-07-01T00:00:00Z,160.0,10.019856701416645
2026-07-01T00:00:00Z,161.33333333333331,10.493824035889409
2026-07-01T00:00:00Z,162.66666666666666,11.039562481090625
2026-07-01T00:00:00Z,164.0,11.677029469675489
2026-07-01T00:00:00Z,165.33333333333331,12.43366426113255
2026-07-01T00:00:00Z,166.66666666666666,13.347966922901614
2026-07-01T00:00:00Z,168.0,14.475214747899612
2026-07-01T00:00:00Z,169.33333333333331,15.896883015279604
2026-07-01T00:00:00Z,170.66666666666666,17.736729384556256
2026-07-01T00:00:00Z,172.0,20.189376473362714
2026-07-01T00:00:00Z,173.33333333333331,23.573453044559024
2026-07-01T00:00:00Z,174.66666666666666,28.435518895529505
2026-07-01T00:00:00Z,176.0,35.76475349124098
2026-07-01T00:00:00Z,177.33333333333331,47.46104830783728
2026-07-01T00:00:00Z,178.66666666666666,67.39168625588331
2026-07-01T00:00:00Z,180.0,103.64276493615063
2026-07-01T00:00:00Z,181.33333333333331,170.8952984047275
2026-07-01T00:00:00Z,182.66666666666666,269.1051367082401
2026-07-01T00:00:00Z,184.0,270.07507632937035
2026-07-01T00:00:00Z,185.33333333333331,175.4708839056368
2026-07-01T00:00:00Z,186.66666666666666,109.76697650702471
2026-07-01T00:00:00Z,188.0,73.73638889103606
2026-07-01T00:00:00Z,189.33333333333331,53.65110088714571
2026-07-01T00:00:00Z,190.66666666666666,41.762092431727595
2026-07-01T00:00:00Z,192.0,34.29305671259376
2026-07-01T00:00:00Z,193.33333333333331,29.359152422855498
2026-07-01T00:00:00Z,194.66666666666666,25.965345710725167
2026-07-01T00:00:00Z,196.0,23.554964124012116
2026-07-01T00:00:00Z,197.33333333333331,21.799763576736378
2026-07-01T00:00:00Z,198.66666666666666,20.4971065169647
2026-07-01T00:00:00Z,200.0,19.51683913612135
2026-07-01T00:00:00Z,201.33333333333331,18.77245119290596
2026-07-01T00:00:00Z,202.66666666666666,18.20470696944508
2026-07-01T00:00:00Z,204.0,17.77198078070034
2026-07-01T00:00:00Z,205.33333333333331,17.44434817461324
2026-07-01T00:00:00Z,206.66666666666666,17.199859720341202
2026-07-01T00:00:00Z,208.0,17.022125531018446
2026-07-01T00:00:00Z,209.33333333333331,16.898710420164175
2026-07-01T00:00:00Z,210.66666666666666,16.820043813029066
2026-07-01T00:00:00Z,212.0,16.778664401575735
2026-07-01T00:00:00Z,213.33333333333331,16.768687221319894
2026-07-01T00:00:00Z,214.66666666666666,16.78542143726972
2026-07-01T00:00:00Z,216.0,16.825092085787556
2026-07-01T00:00:00Z,217.33333333333331,16.884634703296935
2026-07-01T00:00:00Z,218.66666666666666,16.96154183018194
2026-07-01T00:00:00Z,220.0,17.053746948871378
2026-07-01T00:00:00Z,221.33333333333331,17.15953578218459
2026-07-01T00:00:00Z,222.66666666666666,17.277477827012618
2026-07-01T00:00:00Z,224.0,17.406373019344436
2026-07-01T00:00:00Z,225.33333333333331,17.545209830671872
2026-07-01T00:00:00Z,226.66666666666666,17.6931320837604
2026-07-01T00:00:00Z,228.0,17.84941247928017
2026-07-01T00:00:00Z,229.33333333333331,18.013431331368388
2026-07-01T00:00:00Z,230.66666666666666,18.184659378803126
2026-07-01T00:00:00Z,232.0,18.36264380933758
2026-07-01T00:00:00Z,233.33333333333331,18.54699683564911
2026-07-01T00:00:00Z,234.66666666666666,18.73738631168029
2026-07-01T00:00:00Z,236.0,18.933527991571882
2026-07-01T00:00:00Z,237.33333333333331,19.13517911964806
2026-07-01T00:00:00Z,238.66666666666666,19.342133106022338
2026-07-01T00:00:00Z,240.0,19.554215093429715
2026-07-01T00:00:00Z,241.33333333333331,19.771278260580964
2026-07-01T00:00:00Z,242.66666666666666,19.99320073842037
2026-07-01T00:00:00Z,244.0,20.219883040194905
2026-07-01T00:00:00Z,245.33333333333331,20.45124592573752
2026-07-01T00:00:00Z,246.66666666666666,20.68722863599233
2026-07-01T00:00:00Z,248.0,20.927787446441627
2026-07-01T00:00:00Z,249.33333333333331,21.172894498414724
2026-07-01T00:00:00Z,250.66666666666666,21.422536875794815
2026-07-01T00:00:00Z,252.0,21.676715901801323
2026-07-01T00:00:00Z,253.33333333333331,21.935446636646112
2026-07-01T00:00:00Z,254.66666666666666,22.1987575622127
2026-07-01T00:00:00Z,256.0,22.466690444706177
2026-07-01T00:00:00Z,257.3333333333333,22.73930037066908
2026-07-01T00:00:00Z,258.66666666666663,23.01665595602678
2026-07-01T00:00:00Z,260.0,23.29883973207327
2026-07-01T00:00:00Z,261.3333333333333,23.585948716711815
2026-07-01T00:00:00Z,262.66666666666663,23.878095183981863
2026-07-01T00:00:00Z,264.0,24.17540765013424
2026-07-01T00:00:00Z,265.3333333333333,24.4780321004772
2026-07-01T00:00:00Z,266.66666666666663,24.78613348816656
2026-07-01T00:00:00Z,268.0,25.099897544375875
2026-07-01T00:00:00Z,269.3333333333333,25.41953294925985
2026-07-01T00:00:00Z,270.66666666666663,25.745273925323335
2026-07-01T00:00:00Z,272.0,26.077383329887077
2026-07-01T00:00:00Z,273.3333333333333,26.416156342154817
2026-07-01T00:00:00Z,274.66666666666663,26.761924864051995
2026-07-01T00:00:00Z,276.0,27.11506278401385
2026-07-01T00:00:00Z,277.3333333333333,27.475992291222525
2026-07-01T00:00:00Z,278.66666666666663,27.845191477105384
2026-07-01T00:00:00Z,280.0,28.223203524810735
2026-07-01T00:00:00Z,281.3333333333333,28.61064787083035
2026-07-01T00:00:00Z,282.66666666666663,29.00823383274647
2026-07-01T00:00:00Z,284.0,29.416777342743448
2026-07-01T00:00:00Z,285.3333333333333,29.83722162137388
2026-07-01T00:00:00Z,286.66666666666663,30.27066288902746
2026-07-01T00:00:00Z,288.0,30.71838257076325
2026-07-01T00:00:00Z,289.3333333333333,31.18188794299342
2026-07-01T00:00:00Z,290.66666666666663,31.66296385571626
2026-07-01T00:00:00Z,292.0,32.16373912745557
2026-07-01T00:00:00Z,293.3333333333333,32.6867725811349
2026-07-01T00:00:00Z,294.66666666666663,33.235165665534126
2026-07-01T00:00:00Z,296.0,33.81271149574444
2026-07-01T00:00:00Z,297.3333333333333,34.424094431830156
2026-07-01T00:00:00Z,298.66666666666663,35.07516077689676
2026-07-01T00:00:00Z,300.0,35.77329109134582
2026-07-01T00:00:00Z,301.3333333333333,36.52792012865793
2026-07-01T00:00:00Z,302.66666666666663,37.351275167026664
2026-07-01T00:00:00Z,304.0,38.259443990270086
2026-07-01T00:00:00Z,305.3333333333333,39.27395162739464
2026-07-01T00:00:00Z,306.66666666666663,40.4241419658754
2026-07-01T00:00:00Z,308.0,41.75086858192322
2026-07-01T00:00:00Z,309.3333333333333,43.31238311741655
2026-07-01T00:00:00Z,310.66666666666663,45.19404677716082
2026-07-01T00:00:00Z,312.0,47.524972723113635
2026-07-01T00:00:00Z,313.3333333333333,50.50784823844072
2026-07-01T00:00:00Z,314.66666666666663,54.475249297434594
2026-07-01T00:00:00Z,316.0,60.0026581395277
2026-07-01T00:00:00Z,317.3333333333333,68.15046059225998
2026-07-01T00:00:00Z,318.66666666666663,80.99965481534099
2026-07-01T00:00:00Z,320.0,102.58885281949323
2026-07-01T00:00:00Z,321.3333333333333,137.99694622403788
2026-07-01T00:00:00Z,322.66666666666663,196.7079774423691
2026-07-01T00:00:00Z,324.0,300.9690187119555
2026-07-01T00:00:00Z,325.3333333333333,371.6339415629872
2026-07-01T00:00:00Z,326.66666666666663,271.72637740845306
2026-07-01T00:00:00Z,328.0,178.35450203767698
2026-07-01T00:00:00Z,329.3333333333333,127.06826905977587
2026-07-01T00:00:00Z,330.66666666666663,99.74008051323223
2026-07-01T00:00:00Z,332.0,84.42624739364315
2026-07-01T00:00:00Z,333.3333333333333,75.38753859206314
2026-07-01T00:00:00Z,334.66666666666663,69.86421708300142
2026-07-01T00:00:00Z,336.0,66.43043101972962
2026-07-01T00:00:00Z,337.3333333333333,64.25146959876216
2026-07-01T00:00:00Z,338.66666666666663,62.93840003614827
2026-07-01T00:00:00Z,340.0,62.272578037070005
2026-07-01T00:00:00Z,341.3333333333333,62.08864868801358
2026-07-01T00:00:00Z,342.66666666666663,62.27960698120022
2026-07-01T00:00:00Z,344.0,62.7792460223971
2026-07-01T00:00:00Z,345.3333333333333,63.54808294942304
2026-07-01T00:00:00Z,346.66666666666663,64.56512763256899
2026-07-01T00:00:00Z,348.0,65.823290648732
2026-07-01T00:00:00Z,349.3333333333333,67.32699194688317
2026-07-01T00:00:00Z,350.66666666666663,69.09123085969921
2026-07-01T00:00:00Z,352.0,71.141775228945
2026-07-01T00:00:00Z,353.3333333333333,73.5163696391667
2026-07-01T00:00:00Z,354.66666666666663,76.2670457117519
2026-07-01T00:00:00Z,356.0,79.46380022154467
2026-07-01T00:00:00Z,357.3333333333333,83.20014123219225
2026-07-01T00:00:00Z,358.66666666666663,87.6013581717008
2026-07-01T00:00:00Z,360.0,92.83697584944186
2026-07-01T00:00:00Z,361.3333333333333,99.13999025384207
2026-07-01T00:00:00Z,362.66666666666663,106.83794653313973
2026-07-01T00:00:00Z,364.0,116.40756122378626
2026-07-01T00:00:00Z,365.3333333333333,128.58974663292494
2026-07-01T00:00:00Z,366.66666666666663,144.75391192867423
2026-07-01T00:00:00Z,368.0,169.60485725796147
2026-07-01T00:00:00Z,369.3333333333333,194.94477312107844
2026-07-01T00:00:00Z,370.66666666666663,230.94910376785842
2026-07-01T00:00:00Z,372.0,287.110361311003
2026-07-01T00:00:00Z,373.3333333333333,374.42270301552486
2026-07-01T00:00:00Z,374.66666666666663,517.75956107111
2026-07-01T00:00:00Z,376.0,769.837868339898
2026-07-01T00:00:00Z,377.3333333333333,1242.836664795852
2026-07-01T00:00:00Z,378.66666666666663,2119.4421605397374
2026-07-01T00:00:00Z,380.0,3119.2573979354497
2026-07-01T00:00:00Z,381.3333333333333,2489.2269991312724
2026-07-01T00:00:00Z,382.66666666666663,1492.2262118832498
2026-07-01T00:00:00Z,384.0,917.7642729145322
2026-07-01T00:00:00Z,385.3333333333333,612.7885187514737
2026-07-01T00:00:00Z,386.66666666666663,442.29732346661274
2026-07-01T00:00:00Z,388.0,340.36741587167273
2026-07-01T00:00:00Z,389.3333333333333,275.8139351979287
2026-07-01T00:00:00Z,390.66666666666663,232.46193780313004
2026-07-01T00:00:00Z,392.0,201.78583276122217
2026-07-01T00:00:00Z,393.3333333333333,179.83701420573684
2026-07-01T00:00:00Z,394.66666666666663,163.76701352387497
2026-07-01T00:00:00Z,396.0,151.7556679866401
2026-07-01T00:00:00Z,397.3333333333333,142.64581753887128
2026-07-01T00:00:00Z,398.66666666666663,135.6734205662596
2026-07-01T00:00:00Z,400.0,130.317202968138
2026-07-01T00:00:00Z,73.3725,2.6093064614591777
2026-07-01T00:00:00Z,73.3735,2.6091899279117756
2026-07-01T00:00:00Z,73.3745,2.609073436003596
2026-07-01T00:00:00Z,73.3755,2.608956985719865
2026-07-01T00:00:00Z,73.3765,2.6088405770458336
2026-07-01T00:00:00Z,73.3775,2.6087242099667383
2026-07-01T00:00:00Z,73.3785,2.6086078844678395
2026-07-01T00:00:00Z,73.3795,2.6084916005344048
2026-07-01T00:00:00Z,73.3805,2.6083753581516875
2026-07-01T00:00:00Z,73.3815,2.6082591573049774
2026-07-01T00:00:00Z,73.3825,2.60814299797955
2026-07-01T00:00:00Z,73.3835,2.608026880160697
2026-07-01T00:00:00Z,73.3845,2.6079108038337155
2026-07-01T00:00:00Z,73.3855,2.607794768983912
2026-07-01T00:00:00Z,73.3865,2.607678775596589
2026-07-01T00:00:00Z,73.3875,2.6075628236570663
2026-07-01T00:00:00Z,73.3885,2.607446913150676
2026-07-01T00:00:00Z,73.3895,2.607331044062739
2026-07-01T00:00:00Z,73.3905,2.6072152163785987
2026-07-01T00:00:00Z,73.3915,2.607099430083607
2026-07-01T00:00:00Z,73.3925,2.6069836851631027
2026-07-01T00:00:00Z,73.3935,2.606867981602452
2026-07-01T00:00:00Z,73.3945,2.606752319387018
2026-07-01T00:00:00Z,73.3955,2.6066366985021827
2026-07-01T00:00:00Z,73.3965,2.606521118933311
2026-07-01T00:00:00Z,73.3975,2.6064055806658075
2026-07-01T00:00:00Z,73.3985,2.6062900836850527
2026-07-01T00:00:00Z,73.3995,2.606174627976451
2026-07-01T00:00:00Z,73.4005,2.6060592135254157
2026-07-01T00:00:00Z,73.4015,2.6059438403173485
2026-07-01T00:00:00Z,73.4025,2.605828508337683
2026-07-01T00:00:00Z,73.4035,2.605713217571842
2026-07-01T00:00:00Z,73.4045,2.6055979680052612
2026-07-01T00:00:00Z,73.4055,2.605482759623383
2026-07-01T00:00:00Z,73.4065,2.6053675924116564
2026-07-01T00:00:00Z,73.4075,2.6052524663555414
2026-07-01T00:00:00Z,73.4085,2.605137381440492
2026-07-01T00:00:00Z,73.4095,2.6050223376519845
2026-07-01T00:00:00Z,73.4105,2.6049073349754925
2026-07-01T00:00:00Z,73.4115,2.604792373396505
2026-07-01T00:00:00Z,73.4125,2.6046774529005057
2026-07-01T00:00:00Z,73.4135,2.604562573472992
2026-07-01T00:00:00Z,73.4145,2.6044477350994715
2026-07-01T00:00:00Z,73.4155,2.604332937765455
2026-07-01T00:00:00Z,73.4165,2.604218181456454
2026-07-01T00:00:00Z,73.4175,2.6041034661580014
2026-07-01T00:00:00Z,73.4185,2.603988791855623
2026-07-01T00:00:00Z,73.4195,2.6038741585348526
2026-07-01T00:00:00Z,73.4205,2.603759566181245
2026-07-01T00:00:00Z,73.4215,2.6036450147803496
2026-07-01T00:00:00Z,73.4225,2.603530504317725
2026-07-01T00:00:00Z,73.4235,2.603416034778932
2026-07-01T00:00:00Z,73.4245,2.6033016061495484
2026-07-01T00:00:00Z,73.4255,2.603187218415148
2026-07-01T00:00:00Z,73.4265,2.6030728715613227
2026-07-01T00:00:00Z,73.4275,2.6029585655736573
2026-07-01T00:00:00Z,73.4285,2.6028443004377633
2026-07-01T00:00:00Z,73.4295,2.602730076139228
2026-07-01T00:00:00Z,73.4305,2.602615892663686
2026-07-01T00:00:00Z,73.4315,2.6025017499967413
2026-07-01T00:00:00Z,73.4325,2.602387648124028
2026-07-01T00:00:00Z,73.4335,2.602273587031182
2026-07-01T00:00:00Z,73.4345,2.602159566703833
2026-07-01T00:00:00Z,73.4355,2.602045587127638
2026-07-01T00:00:00Z,73.4365,2.601931648288245
2026-07-01T00:00:00Z,73.4375,2.601817750171313
2026-07-01T00:00:00Z,73.4385,2.601703892762519
2026-07-01T00:00:00Z,73.4395,2.6015900760475312
2026-07-01T00:00:00Z,73.4405,2.6014763000120227
2026-07-01T00:00:00Z,73.4415,2.601362564641691
2026-07-01T00:00:00Z,73.4425,2.6012488699222263
2026-07-01T00:00:00Z,73.4435,2.601135215839331
2026-07-01T00:00:00Z,73.4445,2.601021602378713
2026-07-01T00:00:00Z,73.4455,2.600908029526086
2026-07-01T00:00:00Z,73.4465,2.600794497267166
2026-07-01T00:00:00Z,73.4475,2.6006810055876923
2026-07-01T00:00:00Z,73.4485,2.600567554473389
2026-07-01T00:00:00Z,73.4495,2.60045414391
2026-07-01T00:00:00Z,73.4505,2.6003407738832776
2026-07-01T00:00:00Z,73.4515,2.6002274443789717
2026-07-01T00:00:00Z,73.4525,2.6001141553828435
2026-07-01T00:00:00Z,73.4535,2.6000009068806675
2026-07-01T00:00:00Z,73.4545,2.599887698858209
2026-07-01T00:00:00Z,73.4555,2.5997745313012572
2026-07-01T00:00:00Z,73.4565,2.599661404195596
2026-07-01T00:00:00Z,73.4575,2.59954831752702
2026-07-01T00:00:00Z,73.4585,2.5994352712813313
2026-07-01T00:00:00Z,73.4595,2.59932226544434
2026-07-01T00:00:00Z,73.4605,2.599209300001865
2026-07-01T00:00:00Z,73.4615,2.5990963749397173
2026-07-01T00:00:00Z,73.4625,2.5989834902437283
2026-07-01T00:00:00Z,73.4635,2.5988706458997384
2026-07-01T00:00:00Z,73.4645,2.598757841893585
2026-07-01T00:00:00Z,73.4655,2.598645078211111
2026-07-01T00:00:00Z,73.4665,2.5985323548381833
2026-07-01T00:00:00Z,73.4675,2.5984196717606562
2026-07-01T00:00:00Z,73.4685,2.5983070289643955
2026-07-01T00:00:00Z,73.4695,2.5981944264352794
2026-07-01T00:00:00Z,73.4705,2.5980818641591856
2026-07-01T00:00:00Z,73.4715,2.5979693421220067
2026-07-01T00:00:00Z,73.4725,2.59785686030964
2026-07-01T00:00:00Z,73.4735,2.5977444187079777
2026-07-01T00:00:00Z,73.4745,2.5976320173029324
2026-07-01T00:00:00Z,73.4755,2.5975196560804164
2026-07-01T00:00:00Z,73.4765,2.5974073350263542
2026-07-01T00:00:00Z,73.4775,2.597295054126665
2026-07-01T00:00:00Z,73.4785,2.597182813367301
2026-07-01T00:00:00Z,73.4795,2.597070612734181
2026-07-01T00:00:00Z,73.4805,2.596958452213266
2026-07-01T00:00:00Z,73.4815,2.5968463317905055
2026-07-01T00:00:00Z,73.4825,2.59673425145186
2026-07-01T00:00:00Z,73.4835,2.5966222111832997
2026-07-01T00:00:00Z,73.4845,2.5965102109707927
2026-07-01T00:00:00Z,73.4855,2.596398250800326
2026-07-01T00:00:00Z,73.4865,2.5962863306578834
2026-07-01T00:00:00Z,73.4875,2.5961744505294564
2026-07-01T00:00:00Z,73.4885,2.596062610401045
2026-07-01T00:00:00Z,73.4895,2.5959508102586546
2026-07-01T00:00:00Z,73.4905,2.5958390500883035
2026-07-01T00:00:00Z,73.4915,2.595727329876011
2026-07-01T00:00:00Z,73.4925,2.595615649607798
2026-07-01T00:00:00Z,73.4935,2.5955040092697015
2026-07-01T00:00:00Z,73.4945,2.5953924088477556
2026-07-01T00:00:00Z,73.4955,2.5952808483280125
2026-07-01T00:00:00Z,73.4965,2.5951693276965213
2026-07-01T00:00:00Z,73.4975,2.5950578469393384
2026-07-01T00:00:00Z,73.4985,2.594946406042535
2026-07-01T00:00:00Z,73.4995,2.5948350049921767
2026-07-01T00:00:00Z,73.5005,2.594723643774343
2026-07-01T00:00:00Z,73.5015,2.59461232237512
2026-07-01T00:00:00Z,73.5025,2.594501040780604
2026-07-01T00:00:00Z,73.5035,2.5943897989768825
2026-07-01T00:00:00Z,73.5045,2.594278596950072
2026-07-01T00:00:00Z,73.5055,2.5941674346862715
2026-07-01T00:00:00Z,73.5065,2.594056312171601
2026-07-01T00:00:00Z,73.5075,2.5939452293921943
2026-07-01T00:00:00Z,73.5085,2.593834186334168
2026-07-01T00:00:00Z,73.5095,2.593723182983665
2026-07-01T00:00:00Z,73.5105,2.5936122193268343
2026-07-01T00:00:00Z,73.5115,2.5935012953498133
2026-07-01T00:00:00Z,73.5125,2.593390411038769
2026-07-01T00:00:00Z,73.5135,2.5932795663798585
2026-07-01T00:00:00Z,73.5145,2.5931687613592507
2026-07-01T00:00:00Z,73.5155,2.593057995963123
2026-07-01T00:00:00Z,73.5165,2.5929472701776555
2026-07-01T00:00:00Z,73.5175,2.5928365839890395
2026-07-01T00:00:00Z,73.5185,2.592725937383469
2026-07-01T00:00:00Z,73.5195,2.592615330347141
2026-07-01T00:00:00Z,73.5205,2.592504762866273
2026-07-01T00:00:00Z,73.5215,2.592394234927067
2026-07-01T00:00:00Z,73.5225,2.5922837465157516
2026-07-01T00:00:00Z,73.5235,2.592173297618552
2026-07-01T00:00:00Z,73.5245,2.5920628882217027
2026-07-01T00:00:00Z,73.5255,2.591952518311446
2026-07-01T00:00:00Z,73.5265,2.591842187874016
2026-07-01T00:00:00Z,73.5275,2.5917318968956784
2026-07-01T00:00:00Z,73.5285,2.5916216453626917
2026-07-01T00:00:00Z,73.5295,2.591511433261313
2026-07-01T00:00:00Z,73.5305,2.5914012605778156
2026-07-01T00:00:00Z,73.5315,2.5912911272984855
2026-07-01T00:00:00Z,73.5325,2.591181033409602
2026-07-01T00:00:00Z,73.5335,2.5910709788974575
2026-07-01T00:00:00Z,73.5345,2.5909609637483477
2026-07-01T00:00:00Z,73.5355,2.590850987948577
2026-07-01T00:00:00Z,73.5365,2.5907410514844558
2026-07-01T00:00:00Z,73.5375,2.590631154342304
2026-07-01T00:00:00Z,73.5385,2.590521296508444
2026-07-01T00:00:00Z,73.5395,2.5904114779691976
2026-07-01T00:00:00Z,73.5405,2.5903016987109044
2026-07-01T00:00:00Z,73.5415,2.5901919587199105
2026-07-01T00:00:00Z,73.5425,2.5900822579825595
2026-07-01T00:00:00Z,73.5435,2.58997259648521
2026-07-01T00:00:00Z,73.5445,2.589862974214221
2026-07-01T00:00:00Z,73.5455,2.5897533911559605
2026-07-01T00:00:00Z,73.5465,2.5896438472967995
2026-07-01T00:00:00Z,73.5475,2.5895343426231205
2026-07-01T00:00:00Z,73.5485,2.589424877121307
2026-07-01T00:00:00Z,73.5495,2.58931545077776
2026-07-01T00:00:00Z,73.5505,2.5892060635788754
2026-07-01T00:00:00Z,73.5515,2.5890967155110456
2026-07-01T00:00:00Z,73.5525,2.588987406560702
2026-07-01T00:00:00Z,73.5535,2.5888781367142495
2026-07-01T00:00:00Z,73.5545,2.588768905958118
2026-07-01T00:00:00Z,73.5555,2.588659714278732
2026-07-01T00:00:00Z,73.5565,2.588550561662538
2026-07-01T00:00:00Z,73.5575,2.588441448095972
2026-07-01T00:00:00Z,73.5585,2.5883323735654873
2026-07-01T00:00:00Z,73.5595,2.5882233380575372
2026-07-01T00:00:00Z,73.5605,2.58811434155858
2026-07-01T00:00:00Z,73.5615,2.5880053840550934
2026-07-01T00:00:00Z,73.5625,2.587896465533548
2026-07-01T00:00:00Z,73.5635,2.587787585980422
2026-07-01T00:00:00Z,73.5645,2.587678745382203
2026-07-01T00:00:00Z,73.5655,2.5875699437253874
2026-07-01T00:00:00Z,73.5665,2.5874611809964754
2026-07-01T00:00:00Z,73.5675,2.587352457181972
2026-07-01T00:00:00Z,73.5685,2.5872437722683848
2026-07-01T00:00:00Z,73.5695,2.587135126242237
2026-07-01T00:00:00Z,73.5705,2.587026519090055
2026-07-01T00:00:00Z,73.5715,2.586917950798365
2026-07-01T00:00:00Z,73.5725,2.586809421353706
2026-07-01T00:00:00Z,73.5735,2.586700930742623
2026-07-01T00:00:00Z,73.5745,2.586592478951666
2026-07-01T00:00:00Z,73.5755,2.5864840659673853
2026-07-01T00:00:00Z,73.5765,2.5863756917763516
2026-07-01T00:00:00Z,73.5775,2.586267356365128
2026-07-01T00:00:00Z,73.5785,2.5861590597202886
2026-07-01T00:00:00Z,73.5795,2.5860508018284167
2026-07-01T00:00:00Z,73.5805,2.5859425826760973
2026-07-01T00:00:00Z,73.5815,2.5858344022499242
2026-07-01T00:00:00Z,73.5825,2.5857262605365006
2026-07-01T00:00:00Z,73.5835,2.5856181575224255
2026-07-01T00:00:00Z,73.5845,2.585510093194314
2026-07-01T00:00:00Z,73.5855,2.585402067538791
2026-07-01T00:00:00Z,73.5865,2.585294080542464
2026-07-01T00:00:00Z,73.5875,2.5851861321919807
2026-07-01T00:00:00Z,73.5885,2.5850782224739683
2026-07-01T00:00:00Z,73.5895,2.58497035137507
2026-07-01T00:00:00Z,73.5905,2.5848625188819403
2026-07-01T00:00:00Z,73.5915,2.5847547249812277
2026-07-01T00:00:00Z,73.5925,2.5846469696595946
2026-07-01T00:00:00Z,73.5935,2.5845392529037126
2026-07-01T00:00:00Z,73.5945,2.5844315747002566
2026-07-01T00:00:00Z,73.5955,2.584323935035894
2026-07-01T00:00:00Z,73.5965,2.5842163338973276
2026-07-01T00:00:00Z,73.5975,2.5841087712712354
2026-07-01T00:00:00Z,73.5985,2.5840012471443243
2026-07-01T00:00:00Z,73.5995,2.5838937615032935
2026-07-01T00:00:00Z,73.6005,2.583786314334863
2026-07-01T00:00:00Z,73.6015,2.583678905625737
2026-07-01T00:00:00Z,73.6025,2.583571535362644
2026-07-01T00:00:00Z,73.6035,2.583464203532314
2026-07-01T00:00:00Z,73.6045,2.583356910121482
2026-07-01T00:00:00Z,73.6055,2.583249655116887
2026-07-01T00:00:00Z,73.6065,2.583142438505277
2026-07-01T00:00:00Z,73.6075,2.583035260273405
2026-07-01T00:00:00Z,73.6085,2.5829281204080345
2026-07-01T00:00:00Z,73.6095,2.582821018895925
2026-07-01T00:00:00Z,73.6105,2.58271395572385
2026-07-01T00:00:00Z,73.6115,2.582606930878589
2026-07-01T00:00:00Z,73.6125,2.582499944346927
2026-07-01T00:00:00Z,73.6135,2.582392996115652
2026-07-01T00:00:00Z,73.6145,2.5822860861715617
2026-07-01T00:00:00Z,73.6155,2.582179214501455
2026-07-01T00:00:00Z,73.6165,2.582072381092143
2026-07-01T00:00:00Z,73.6175,2.58196558593044
2026-07-01T00:00:00Z,73.6185,2.5818588290031683
2026-07-01T00:00:00Z,73.6195,2.5817521102971477
2026-07-01T00:00:00Z,73.6205,2.581645429799216
2026-07-01T00:00:00Z,73.6215,2.581538787496216
2026-07-01T00:00:00Z,73.6225,2.581432183374979
2026-07-01T00:00:00Z,73.6235,2.5813256174223724
2026-07-01T00:00:00Z,73.6245,2.581219089625244
2026-07-01T00:00:00Z,73.6255,2.5811125999704534
2026-07-01T00:00:00Z,73.6265,2.5810061484448754
2026-07-01T00:00:00Z,73.6275,2.5808997350353855
2026-09-01T00:00:00Z,60.0,207.9257024394011
2026-09-01T00:00:00Z,61.333333333333336,204.10727215993703
2026-09-01T00:00:00Z,62.666666666666664,171.24833308084936
2026-09-01T00:00:00Z,64.0,69.43329046846058
2026-09-01T00:00:00Z,65.33333333333333,25.52148242887881
2026-09-01T00:00:00Z,66.66666666666667,9.291448758531011
2026-09-01T00:00:00Z,68.0,4.7084987968068495
2026-09-01T00:00:00Z,69.33333333333333,3.2332467784365497
2026-09-01T00:00:00Z,70.66666666666667,2.59685094436618
2026-09-01T00:00:00Z,72.0,2.2322473030021026
2026-09-01T00:00:00Z,73.33333333333333,2.0011177700196265
2026-09-01T00:00:00Z,74.66666666666667,1.8482482679071075
2026-09-01T00:00:00Z,76.0,1.7452742534550578
2026-09-01T00:00:00Z,77.33333333333333,1.6760217152523356
2026-09-01T00:00:00Z,78.66666666666666,1.6306076889429146
2026-09-01T00:00:00Z,80.0,1.6026754413843578
2026-09-01T00:00:00Z,81.33333333333333,1.5879697232889716
2026-09-01T00:00:00Z,82.66666666666666,1.583549857746075
2026-09-01T00:00:00Z,84.0,1.5873310382409533
2026-09-01T00:00:00Z,85.33333333333333,1.5978051408034195
2026-09-01T00:00:00Z,86.66666666666666,1.6138647635095944
2026-09-01T00:00:00Z,88.0,1.6346892292291868
2026-09-01T00:00:00Z,89.33333333333333,1.659669260755634
2026-09-01T00:00:00Z,90.66666666666666,1.688356744904512
2026-09-01T00:00:00Z,92.0,1.7204315032822937
2026-09-01T00:00:00Z,93.33333333333333,1.7556802739881354
2026-09-01T00:00:00Z,94.66666666666666,1.7939852199188535
2026-09-01T00:00:00Z,96.0,1.8353208060378208
2026-09-01T00:00:00Z,97.33333333333333,1.8797592212174812
2026-09-01T00:00:00Z,98.66666666666666,1.9274860017357327
2026-09-01T00:00:00Z,100.0,1.9788295660399287
2026-09-01T00:00:00Z,101.33333333333333,2.034311681186907
2026-09-01T00:00:00Z,102.66666666666666,2.094731751478512
2026-09-01T00:00:00Z,104.0,2.161308934531457
2026-09-01T00:00:00Z,105.33333333333333,2.23592836093956
2026-09-01T00:00:00Z,106.66666666666666,2.321585018132979
2026-09-01T00:00:00Z,108.0,2.4232259756333736
2026-09-01T00:00:00Z,109.33333333333333,2.5494534325883658
2026-09-01T00:00:00Z,110.66666666666666,2.716252211075664
2026-09-01T00:00:00Z,112.0,2.956007347398485
2026-09-01T00:00:00Z,113.33333333333333,3.342348686448195
2026-09-01T00:00:00Z,114.66666666666666,4.071700249045907
2026-09-01T00:00:00Z,116.0,5.805963034481877
2026-09-01T00:00:00Z,117.33333333333333,11.76333727449201
2026-09-01T00:00:00Z,118.66666666666666,68.65762936616733
2026-09-01T00:00:00Z,120.0,13.430392934919132
2026-09-01T00:00:00Z,121.33333333333333,6.35225312524145
2026-09-01T00:00:00Z,122.66666666666666,4.513452615617387
2026-09-01T00:00:00Z,124.0,3.842775942361683
2026-09-01T00:00:00Z,125.33333333333333,3.5560372312689825
2026-09-01T00:00:00Z,126.66666666666666,3.4293261019475185
2026-09-01T00:00:00Z,128.0,3.3809485266241133
2026-09-01T00:00:00Z,129.33333333333331,3.3757271320633757
2026-09-01T00:00:00Z,130.66666666666666,3.3966177350173417
2026-09-01T00:00:00Z,132.0,3.4346149161378525
2026-09-01T00:00:00Z,133.33333333333331,3.4846470719146403
2026-09-01T00:00:00Z,134.66666666666666,3.543726609682953
2026-09-01T00:00:00Z,136.0,3.610046420691995
2026-09-01T00:00:00Z,137.33333333333331,3.682509493769719
2026-09-01T00:00:00Z,138.66666666666666,3.7604716006510253
2026-09-01T00:00:00Z,140.0,3.8435955085346207
2026-09-01T00:00:00Z,141.33333333333331,3.931766978463906
2026-09-01T00:00:00Z,142.66666666666666,4.025046999489765
2026-09-01T00:00:00Z,144.0,4.12364669200958
2026-09-01T00:00:00Z,145.33333333333331,4.2279175978566865
2026-09-01T00:00:00Z,146.66666666666666,4.338353586210251
2026-09-01T00:00:00Z,148.0,4.455602739624203
2026-09-01T00:00:00Z,149.33333333333331,4.5804890558103
2026-09-01T00:00:00Z,150.66666666666666,4.714045008283441
2026-09-01T00:00:00Z,152.0,4.857557216385981
2026-09-01T00:00:00Z,153.33333333333331,5.01262890467165
2026-09-01T00:00:00Z,154.66666666666666,5.181264727819409
2026-09-01T00:00:00Z,156.0,5.365986229359458
2026-09-01T00:00:00Z,157.33333333333331,5.569990186324917
2026-09-01T00:00:00Z,158.66666666666666,5.7973681601662514
2026-09-01T00:00:00Z,160.0,6.053415041405571
2026-09-01T00:00:00Z,161.33333333333331,6.345069484308355
2026-09-01T00:00:00Z,162.66666666666666,6.681553807679378
2026-09-01T00:00:00Z,164.0,7.07532226346521
2026-09-01T00:00:00Z,165.33333333333331,7.543497660445799
2026-09-01T00:00:00Z,166.66666666666666,8.110102265130795
2026-09-01T00:00:00Z,168.0,8.809619362781778
2026-09-01T00:00:00Z,169.33333333333331,9.692858954134442
2026-09-01T00:00:00Z,170.66666666666666,10.836963303103348
2026-09-01T00:00:00Z,172.0,12.36316355633291
2026-09-01T00:00:00Z,173.33333333333331,14.469726423062193
2026-09-01T00:00:00Z,174.66666666666666,17.496175242679133
2026-09-01T00:00:00Z,176.0,22.05519615128147
2026-09-01T00:00:00Z,177.33333333333331,29.316987072029814
2026-09-01T00:00:00Z,178.66666666666666,41.63427017645288
2026-09-01T00:00:00Z,180.0,63.764595397243234
2026-09-01T00:00:00Z,181.33333333333331,103.29316186345383
2026-09-01T00:00:00Z,182.66666666666666,154.5997732971351
2026-09-01T00:00:00Z,184.0,155.4883251794916
2026-09-01T00:00:00Z,185.33333333333331,106.17123136100105
2026-09-01T00:00:00Z,186.66666666666666,67.54952249748973
2026-09-01T00:00:00Z,188.0,45.55261744869501
2026-09-01T00:00:00Z,189.33333333333331,33.1349975553417
2026-09-01T00:00:00Z,190.66666666666666,25.74657329499312
2026-09-01T00:00:00Z,192.0,21.09251479616356
2026-09-01T00:00:00Z,193.33333333333331,18.012738653337955
2026-09-01T00:00:00Z,194.66666666666666,15.891253701095545
2026-09-01T00:00:00Z,196.0,14.382390895160858
2026-09-01T00:00:00Z,197.33333333333331,13.281963330252896
2026-09-01T00:00:00Z,198.66666666666666,12.463778077529959
2026-09-01T00:00:00Z,200.0,11.846721258468964
2026-09-01T00:00:00Z,201.33333333333331,11.376850229828158
2026-09-01T00:00:00Z,202.66666666666666,11.01721508496459
2026-09-01T00:00:00Z,204.0,10.741843228051211
2026-09-01T00:00:00Z,205.33333333333331,10.532058976480336
2026-09-01T00:00:00Z,206.66666666666666,10.374161398690783
2026-09-01T00:00:00Z,208.0,10.25791838795754
2026-09-01T00:00:00Z,209.33333333333331,10.17556580760311
2026-09-01T00:00:00Z,210.66666666666666,10.121127489199658
2026-09-01T00:00:00Z,212.0,10.089943948418059
2026-09-01T00:00:00Z,213.33333333333331,10.078339820767608
2026-09-01T00:00:00Z,214.66666666666666,10.083385311825097
2026-09-01T00:00:00Z,216.0,10.102722508348963
2026-09-01T00:00:00Z,217.33333333333331,10.134437172356686
2026-09-01T00:00:00Z,218.66666666666666,10.17696291062462
2026-09-01T00:00:00Z,220.0,10.229008709538986
2026-09-01T00:00:00Z,221.33333333333331,10.289503549084058
2026-09-01T00:00:00Z,222.66666666666666,10.357553649423918
2026-09-01T00:00:00Z,224.0,10.432409164435391
2026-09-01T00:00:00Z,225.33333333333331,10.513438012658774
2026-09-01T00:00:00Z,226.66666666666666,10.60010515268118
2026-09-01T00:00:00Z,228.0,10.691956049046041
2026-09-01T00:00:00Z,229.33333333333331,10.788603390977674
2026-09-01T00:00:00Z,230.66666666666666,10.88971635630678
2026-09-01T00:00:00Z,232.0,10.99501188207801
2026-09-01T00:00:00Z,233.33333333333331,11.104247528748331
2026-09-01T00:00:00Z,234.66666666666666,11.2172156187384
2026-09-01T00:00:00Z,236.0,11.333738400917449
2026-09-01T00:00:00Z,237.33333333333331,11.453664046464215
2026-09-01T00:00:00Z,238.66666666666666,11.57686332282554
2026-09-01T00:00:00Z,240.0,11.703226824366155
2026-09-01T00:00:00Z,241.33333333333331,11.832662663087634
2026-09-01T00:00:00Z,242.66666666666666,11.96509454220845
2026-09-01T00:00:00Z,244.0,12.100460150713836
2026-09-01T00:00:00Z,245.33333333333331,12.238709829160099
2026-09-01T00:00:00Z,246.66666666666666,12.379805466776089
2026-09-01T00:00:00Z,248.0,12.523719597794997
2026-09-01T00:00:00Z,249.33333333333331,12.670434671395832
2026-09-01T00:00:00Z,250.66666666666666,12.819942474964735
2026-09-01T00:00:00Z,252.0,12.972243694860808
2026-09-01T00:00:00Z,253.33333333333331,13.12734760269455
2026-09-01T00:00:00Z,254.66666666666666,13.28527185846877
2026-09-01T00:00:00Z,256.0,13.446042424931061
2026-09-01T00:00:00Z,257.3333333333333,13.609693590265046
2026-09-01T00:00:00Z,258.66666666666663,13.776268098913663
2026-09-01T00:00:00Z,260.0,13.94581739298442
2026-09-01T00:00:00Z,261.3333333333333,14.11840196943461
2026-09-01T00:00:00Z,262.66666666666663,14.294091861185674
2026-09-01T00:00:00Z,264.0,14.472967253582485
2026-09-01T00:00:00Z,265.3333333333333,14.65511925133938
2026-09-01T00:00:00Z,266.66666666666663,14.840650815458535
2026-09-01T00:00:00Z,268.0,15.02967789477009
2026-09-01T00:00:00Z,269.3333333333333,15.222330782979279
2026-09-01T00:00:00Z,270.66666666666663,15.418755739729518
2026-09-01T00:00:00Z,272.0,15.619116923614287
2026-09-01T00:00:00Z,273.3333333333333,15.823598696828073
2026-09-01T00:00:00Z,274.66666666666663,16.03240837593742
2026-09-01T00:00:00Z,276.0,16.245779522003602
2026-09-01T00:00:00Z,277.3333333333333,16.463975887240004
2026-09-01T00:00:00Z,278.66666666666663,16.687296166200234
2026-09-01T00:00:00Z,280.0,16.916079739429314
2026-09-01T00:00:00Z,281.3333333333333,17.150713649656176
2026-09-01T00:00:00Z,282.66666666666663,17.391641119224097
2026-09-01T00:00:00Z,284.0,17.639372008470183
2026-09-01T00:00:00Z,285.3333333333333,17.894495736513914
2026-09-01T00:00:00Z,286.66666666666663,18.157697350211734
2026-09-01T00:00:00Z,288.0,18.429777650839107
2026-09-01T00:00:00Z,289.3333333333333,18.711678595953835
2026-09-01T00:00:00Z,290.66666666666663,19.004515621959676
2026-09-01T00:00:00Z,292.0,19.30961913474399
2026-09-01T00:00:00Z,293.3333333333333,19.628588272191354
2026-09-01T00:00:00Z,294.66666666666663,19.963361276836036
2026-09-01T00:00:00Z,296.0,20.316308621071872
2026-09-01T00:00:00Z,297.3333333333333,20.69035770372523
2026-09-01T00:00:00Z,298.66666666666663,21.089161971710418
2026-09-01T00:00:00Z,300.0,21.517333511004267
2026-09-01T00:00:00Z,301.3333333333333,21.980767831949855
2026-09-01T00:00:00Z,302.66666666666663,22.48710503222452
2026-09-01T00:00:00Z,304.0,23.046396777857595
2026-09-01T00:00:00Z,305.3333333333333,23.672090869229947
2026-09-01T00:00:00Z,306.66666666666663,24.38251811693921
2026-09-01T00:00:00Z,308.0,25.2031960302702
2026-09-01T00:00:00Z,309.3333333333333,26.17050299133627
2026-09-01T00:00:00Z,310.66666666666663,27.337735400361268
2026-09-01T00:00:00Z,312.0,28.785481590117186
2026-09-01T00:00:00Z,313.3333333333333,30.640195164723984
2026-09-01T00:00:00Z,314.66666666666663,33.10921940744787
2026-09-01T00:00:00Z,316.0,36.55090110256849
2026-09-01T00:00:00Z,317.3333333333333,41.62387093360195
2026-09-01T00:00:00Z,318.66666666666663,49.61161591248795
2026-09-01T00:00:00Z,320.0,62.940212853827035
2026-09-01T00:00:00Z,321.3333333333333,84.59676360651787
2026-09-01T00:00:00Z,322.66666666666663,120.25964587855242
2026-09-01T00:00:00Z,324.0,178.83265822386707
2026-09-01T00:00:00Z,325.3333333333333,213.2032708505594
2026-09-01T00:00:00Z,326.66666666666663,163.3262853236381
2026-09-01T00:00:00Z,328.0,109.36120421988342
2026-09-01T00:00:00Z,329.3333333333333,78.1231554719118
2026-09-01T00:00:00Z,330.66666666666663,61.215446728304435
2026-09-01T00:00:00Z,332.0,51.68555750311797
2026-09-01T00:00:00Z,333.3333333333333,46.04395355653989
2026-09-01T00:00:00Z,334.66666666666663,42.58833779851553
2026-09-01T00:00:00Z,336.0,40.43315735278331
2026-09-01T00:00:00Z,337.3333333333333,39.06496540123517
2026-09-01T00:00:00Z,338.66666666666663,38.23688781395511
2026-09-01T00:00:00Z,340.0,37.811851295255124
2026-09-01T00:00:00Z,341.3333333333333,37.68758201604477
2026-09-01T00:00:00Z,342.66666666666663,37.79744672718162
2026-09-01T00:00:00Z,344.0,38.100146255453794
2026-09-01T00:00:00Z,345.3333333333333,38.5710452439034
2026-09-01T00:00:00Z,346.66666666666663,39.197053675544815
2026-09-01T00:00:00Z,348.0,39.97376640573658
2026-09-01T00:00:00Z,349.3333333333333,40.90397427791714
2026-09-01T00:00:00Z,350.66666666666663,41.99708801116112
2026-09-01T00:00:00Z,352.0,43.269262762992426
2026-09-01T00:00:00Z,353.3333333333333,44.74416282402868
2026-09-01T00:00:00Z,354.66666666666663,46.45442145526544
2026-09-01T00:00:00Z,356.0,48.44396803698706
2026-09-01T00:00:00Z,357.3333333333333,50.77154789574383
2026-09-01T00:00:00Z,358.66666666666663,53.515998656213235
2026-09-01T00:00:00Z,360.0,56.78426686171502
2026-09-01T00:00:00Z,361.3333333333333,60.72398283245185
2026-09-01T00:00:00Z,362.66666666666663,65.54435847662184
2026-09-01T00:00:00Z,364.0,71.55492366350917
2026-09-01T00:00:00Z,365.3333333333333,79.25522713138885
2026-09-01T00:00:00Z,366.66666666666663,89.6572687899341
2026-09-01T00:00:00Z,368.0,106.89782409107777
2026-09-01T00:00:00Z,369.3333333333333,121.88667903990047
2026-09-01T00:00:00Z,370.66666666666663,143.31044131895706
2026-09-01T00:00:00Z,372.0,178.09099623769376
2026-09-01T00:00:00Z,373.3333333333333,232.39426420104388
2026-09-01T00:00:00Z,374.66666666666663,321.4560908623511
2026-09-01T00:00:00Z,376.0,477.32938627019024
2026-09-01T00:00:00Z,377.3333333333333,765.4663768933117
2026-09-01T00:00:00Z,378.66666666666663,1272.1581999862715
2026-09-01T00:00:00Z,380.0,1768.743299652656
2026-09-01T00:00:00Z,381.3333333333333,1471.1064027425
2026-09-01T00:00:00Z,382.66666666666663,914.9197080822643
2026-09-01T00:00:00Z,384.0,568.3967710474116
2026-09-01T00:00:00Z,385.3333333333333,380.36090971844067
2026-09-01T00:00:00Z,386.66666666666663,274.4902591885531
2026-09-01T00:00:00Z,388.0,211.01207310258874
2026-09-01T00:00:00Z,389.3333333333333,170.74131904533544
2026-09-01T00:00:00Z,390.66666666666663,143.6779676658241
2026-09-01T00:00:00Z,392.0,124.54349562500826
2026-09-01T00:00:00Z,393.3333333333333,110.83459788458543
2026-09-01T00:00:00Z,394.66666666666663,100.79209209226183
2026-09-01T00:00:00Z,396.0,93.28285601625016
2026-09-01T00:00:00Z,397.3333333333333,87.58525737931572
2026-09-01T00:00:00Z,398.66666666666663,83.22263594409307
2026-09-01T00:00:00Z,400.0,79.8697567524982
2026-09-01T00:00:00Z,73.3725,1.9956934960061616
2026-09-01T00:00:00Z,73.3735,1.9955558574992034
2026-09-01T00:00:00Z,73.3745,1.9954182612871652
2026-09-01T00:00:00Z,73.3755,1.9952807073549779
2026-09-01T00:00:00Z,73.3765,1.9951431956875885
2026-09-01T00:00:00Z,73.3775,1.9950057262699448
2026-09-01T00:00:00Z,73.3785,1.9948682990869993
2026-09-01T00:00:00Z,73.3795,1.9947309141237235
2026-09-01T00:00:00Z,73.3805,1.994593571365082
2026-09-01T00:00:00Z,73.3815,1.994456270796052
2026-09-01T00:00:00Z,73.3825,1.9943190124016275
2026-09-01T00:00:00Z,73.3835,1.9941817961667898
2026-09-01T00:00:00Z,73.3845,1.9940446220765402
2026-09-01T00:00:00Z,73.3855,1.9939074901158926
2026-09-01T00:00:00Z,73.3865,1.9937704002698529
2026-09-01T00:00:00Z,73.3875,1.9936333525234433
2026-09-01T00:00:00Z,73.3885,1.9934963468616935
2026-09-01T00:00:00Z,73.3895,1.9933593832696352
2026-09-01T00:00:00Z,73.3905,1.9932224617323124
2026-09-01T00:00:00Z,73.3915,1.9930855822347755
2026-09-01T00:00:00Z,73.3925,1.9929487447620746
2026-09-01T00:00:00Z,73.3935,1.9928119492992764
2026-09-01T00:00:00Z,73.3945,1.9926751958314548
2026-09-01T00:00:00Z,73.3955,1.992538484343681
2026-09-01T00:00:00Z,73.3965,1.9924018148210396
2026-09-01T00:00:00Z,73.3975,1.9922651872486281
2026-09-01T00:00:00Z,73.3985,1.9921286016115352
2026-09-01T00:00:00Z,73.3995,1.991992057894874
2026-09-01T00:00:00Z,73.4005,1.9918555560837545
2026-09-01T00:00:00Z,73.4015,1.9917190961632956
2026-09-01T00:00:00Z,73.4025,1.9915826781186239
2026-09-01T00:00:00Z,73.4035,1.9914463019348743
2026-09-01T00:00:00Z,73.4045,1.9913099675971846
2026-09-01T00:00:00Z,73.4055,1.991173675090704
2026-09-01T00:00:00Z,73.4065,1.9910374244005886
2026-09-01T00:00:00Z,73.4075,1.9909012155119943
2026-09-01T00:00:00Z,73.4085,1.9907650484100965
2026-09-01T00:00:00Z,73.4095,1.9906289230800673
2026-09-01T00:00:00Z,73.4105,1.9904928395070904
2026-09-01T00:00:00Z,73.4115,1.990356797676355
2026-09-01T00:00:00Z,73.4125,1.9902207975730575
2026-09-01T00:00:00Z,73.4135,1.9900848391824006
2026-09-01T00:00:00Z,73.4145,1.989948922489596
2026-09-01T00:00:00Z,73.4155,1.9898130474798625
2026-09-01T00:00:00Z,73.4165,1.9896772141384205
2026-09-01T00:00:00Z,73.4175,1.9895414224505046
2026-09-01T00:00:00Z,73.4185,1.9894056724013554
2026-09-01T00:00:00Z,73.4195,1.989269963976211
2026-09-01T00:00:00Z,73.4205,1.989134297160329
2026-09-01T00:00:00Z,73.4215,1.988998671938972
2026-09-01T00:00:00Z,73.4225,1.9888630882973979
2026-09-01T00:00:00Z,73.4235,1.9887275462208864
2026-09-01T00:00:00Z,73.4245,1.9885920456947126
2026-09-01T00:00:00Z,73.4255,1.9884565867041697
2026-09-01T00:00:00Z,73.4265,1.9883211692345448
2026-09-01T00:00:00Z,73.4275,1.9881857932711444
2026-09-01T00:00:00Z,73.4285,1.9880504587992736
2026-09-01T00:00:00Z,73.4295,1.9879151658042482
2026-09-01T00:00:00Z,73.4305,1.9877799142713888
2026-09-01T00:00:00Z,73.4315,1.987644704186027
2026-09-01T00:00:00Z,73.4325,1.9875095355334935
2026-09-01T00:00:00Z,73.4335,1.987374408299136
2026-09-01T00:00:00Z,73.4345,1.9872393224682972
2026-09-01T00:00:00Z,73.4355,1.9871042780263382
2026-09-01T00:00:00Z,73.4365,1.9869692749586243
2026-09-01T00:00:00Z,73.4375,1.9868343132505155
2026-09-01T00:00:00Z,73.4385,1.9866993928873997
2026-09-01T00:00:00Z,73.4395,1.9865645138546582
2026-09-01T00:00:00Z,73.4405,1.9864296761376758
2026-09-01T00:00:00Z,73.4415,1.986294879721855
2026-09-01T00:00:00Z,73.4425,1.9861601245926008
2026-09-01T00:00:00Z,73.4435,1.9860254107353195
2026-09-01T00:00:00Z,73.4445,1.9858907381354323
2026-09-01T00:00:00Z,73.4455,1.9857561067783673
2026-09-01T00:00:00Z,73.4465,1.9856215166495514
2026-09-01T00:00:00Z,73.4475,1.985486967734424
2026-09-01T00:00:00Z,73.4485,1.9853524600184336
2026-09-01T00:00:00Z,73.4495,1.9852179934870287
2026-09-01T00:00:00Z,73.4505,1.9850835681256689
2026-09-01T00:00:00Z,73.4515,1.9849491839198241
2026-09-01T00:00:00Z,73.4525,1.9848148408549633
2026-09-01T00:00:00Z,73.4535,1.9846805389165658
2026-09-01T00:00:00Z,73.4545,1.9845462780901222
2026-09-01T00:00:00Z,73.4555,1.984412058361119
2026-09-01T00:00:00Z,73.4565,1.9842778797150629
2026-09-01T00:00:00Z,73.4575,1.9841437421374588
2026-09-01T00:00:00Z,73.4585,1.9840096456138183
2026-09-01T00:00:00Z,73.4595,1.983875590129662
2026-09-01T00:00:00Z,73.4605,1.9837415756705206
2026-09-01T00:00:00Z,73.4615,1.9836076022219244
2026-09-01T00:00:00Z,73.4625,1.983473669769416
2026-09-01T00:00:00Z,73.4635,1.9833397782985427
2026-09-01T00:00:00Z,73.4645,1.9832059277948595
2026-09-01T00:00:00Z,73.4655,1.9830721182439242
2026-09-01T00:00:00Z,73.4665,1.9829383496313107
2026-09-01T00:00:00Z,73.4675,1.9828046219425879
2026-09-01T00:00:00Z,73.4685,1.98267093516334
2026-09-01T00:00:00Z,73.4695,1.9825372892791588
2026-09-01T00:00:00Z,73.4705,1.9824036842756318
2026-09-01T00:00:00Z,73.4715,1.9822701201383648
2026-09-01T00:00:00Z,73.4725,1.9821365968529694
2026-09-01T00:00:00Z,73.4735,1.982003114405051
2026-09-01T00:00:00Z,73.4745,1.9818696727802414
2026-09-01T00:00:00Z,73.4755,1.9817362719641662
2026-09-01T00:00:00Z,73.4765,1.9816029119424592
2026-09-01T00:00:00Z,73.4775,1.9814695927007608
2026-09-01T00:00:00Z,73.4785,1.9813363142247276
2026-09-01T00:00:00Z,73.4795,1.981203076500007
2026-09-01T00:00:00Z,73.4805,1.9810698795122648
2026-09-01T00:00:00Z,73.4815,1.980936723247172
2026-09-01T00:00:00Z,73.4825,1.9808036076903994
2026-09-01T00:00:00Z,73.4835,1.980670532827629
2026-09-01T00:00:00Z,73.4845,1.9805374986445603
2026-09-01T00:00:00Z,73.4855,1.9804045051268746
2026-09-01T00:00:00Z,73.4865,1.9802715522602854
2026-09-01T00:00:00Z,73.4875,1.980138640030498
2026-09-01T00:00:00Z,73.4885,1.9800057684232248
2026-09-01T00:00:00Z,73.4895,1.9798729374241921
2026-09-01T00:00:00Z,73.4905,1.979740147019132
2026-09-01T00:00:00Z,73.4915,1.979607397193774
2026-09-01T00:00:00Z,73.4925,1.9794746879338638
2026-09-01T00:00:00Z,73.4935,1.9793420192251505
2026-09-01T00:00:00Z,73.4945,1.9792093910533883
2026-09-01T00:00:00Z,73.4955,1.9790768034043418
2026-09-01T00:00:00Z,73.4965,1.9789442562637816
2026-09-01T00:00:00Z,73.4975,1.9788117496174784
2026-09-01T00:00:00Z,73.4985,1.97867928345122
2026-09-01T00:00:00Z,73.4995,1.978546857750794
2026-09-01T00:00:00Z,73.5005,1.9784144725019919
2026-09-01T00:00:00Z,73.5015,1.9782821276906213
2026-09-01T00:00:00Z,73.5025,1.9781498233024872
2026-09-01T00:00:00Z,73.5035,1.9780175593234104
2026-09-01T00:00:00Z,73.5045,1.9778853357392085
2026-09-01T00:00:00Z,73.5055,1.9777531525357097
2026-09-01T00:00:00Z,73.5065,1.9776210096987514
2026-09-01T00:00:00Z,73.5075,1.9774889072141792
2026-09-01T00:00:00Z,73.5085,1.977356845067835
2026-09-01T00:00:00Z,73.5095,1.977224823245579
2026-09-01T00:00:00Z,73.5105,1.9770928417332703
2026-09-01T00:00:00Z,73.5115,1.9769609005167788
2026-09-01T00:00:00Z,73.5125,1.9768289995819783
2026-09-01T00:00:00Z,73.5135,1.9766971389147532
2026-09-01T00:00:00Z,73.5145,1.9765653185009875
2026-09-01T00:00:00Z,73.5155,1.976433538326577
2026-09-01T00:00:00Z,73.5165,1.9763017983774274
2026-09-01T00:00:00Z,73.5175,1.9761700986394402
2026-09-01T00:00:00Z,73.5185,1.9760384390985328
2026-09-01T00:00:00Z,73.5195,1.9759068197406282
2026-09-01T00:00:00Z,73.5205,1.9757752405516518
2026-09-01T00:00:00Z,73.5215,1.9756437015175348
2026-09-01T00:00:00Z,73.5225,1.9755122026242264
2026-09-01T00:00:00Z,73.5235,1.9753807438576652
2026-09-01T00:00:00Z,73.5245,1.975249325203807
2026-09-01T00:00:00Z,73.5255,1.9751179466486166
2026-09-01T00:00:00Z,73.5265,1.9749866081780565
2026-09-01T00:00:00Z,73.5275,1.9748553097781
2026-09-01T00:00:00Z,73.5285,1.974724051434729
2026-09-01T00:00:00Z,73.5295,1.974592833133931
2026-09-01T00:00:00Z,73.5305,1.9744616548616916
2026-09-01T00:00:00Z,73.5315,1.9743305166040208
2026-09-01T00:00:00Z,73.5325,1.974199418346917
2026-09-01T00:00:00Z,73.5335,1.9740683600763929
2026-09-01T00:00:00Z,73.5345,1.9739373417784742
2026-09-01T00:00:00Z,73.5355,1.9738063634391791
2026-09-01T00:00:00Z,73.5365,1.9736754250445427
2026-09-01T00:00:00Z,73.5375,1.9735445265806018
2026-09-01T00:00:00Z,73.5385,1.9734136680334031
2026-09-01T00:00:00Z,73.5395,1.973282849388999
2026-09-01T00:00:00Z,73.5405,1.973152070633444
2026-09-01T00:00:00Z,73.5415,1.973021331752806
2026-09-01T00:00:00Z,73.5425,1.9728906327331501
2026-09-01T00:00:00Z,73.5435,1.9727599735605617
2026-09-01T00:00:00Z,73.5445,1.972629354221118
2026-09-01T00:00:00Z,73.5455,1.9724987747009106
2026-09-01T00:00:00Z,73.5465,1.9723682349860405
2026-09-01T00:00:00Z,73.5475,1.9722377350626048
2026-09-01T00:00:00Z,73.5485,1.9721072749167177
2026-09-01T00:00:00Z,73.5495,1.971976854534494
2026-09-01T00:00:00Z,73.5505,1.9718464739020538
2026-09-01T00:00:00Z,73.5515,1.971716133005528
2026-09-01T00:00:00Z,73.5525,1.9715858318310524
2026-09-01T00:00:00Z,73.5535,1.9714555703647687
2026-09-01T00:00:00Z,73.5545,1.9713253485928222
2026-09-01T00:00:00Z,73.5555,1.971195166501373
2026-09-01T00:00:00Z,73.5565,1.9710650240765777
2026-09-01T00:00:00Z,73.5575,1.9709349213046041
2026-09-01T00:00:00Z,73.5585,1.9708048581716284
2026-09-01T00:00:00Z,73.5595,1.9706748346638288
2026-09-01T00:00:00Z,73.5605,1.9705448507673913
2026-09-01T00:00:00Z,73.5615,1.9704149064685161
2026-09-01T00:00:00Z,73.5625,1.9702850017533902
2026-09-01T00:00:00Z,73.5635,1.9701551366082295
2026-09-01T00:00:00Z,73.5645,1.9700253110192447
2026-09-01T00:00:00Z,73.5655,1.9698955249726495
2026-09-01T00:00:00Z,73.5665,1.9697657784546732
2026-09-01T00:00:00Z,73.5675,1.9696360714515482
2026-09-01T00:00:00Z,73.5685,1.96950640394951
2026-09-01T00:00:00Z,73.5695,1.9693767759348009
2026-09-01T00:00:00Z,73.5705,1.9692471873936754
2026-09-01T00:00:00Z,73.5715,1.9691176383123887
2026-09-01T00:00:00Z,73.5725,1.9689881286772013
2026-09-01T00:00:00Z,73.5735,1.9688586584743917
2026-09-01T00:00:00Z,73.5745,1.968729227690223
2026-09-01T00:00:00Z,73.5755,1.968599836310987
2026-09-01T00:00:00Z,73.5765,1.9684704843229697
2026-09-01T00:00:00Z,73.5775,1.9683411717124655
2026-09-01T00:00:00Z,73.5785,1.9682118984657768
2026-09-01T00:00:00Z,73.5795,1.9680826645692109
2026-09-01T00:00:00Z,73.5805,1.9679534700090808
2026-09-01T00:00:00Z,73.5815,1.9678243147717072
2026-09-01T00:00:00Z,73.5825,1.9676951988434173
2026-09-01T00:00:00Z,73.5835,1.9675661222105425
2026-09-01T00:00:00Z,73.5845,1.9674370848594238
2026-09-01T00:00:00Z,73.5855,1.9673080867764101
2026-09-01T00:00:00Z,73.5865,1.9671791279478446
2026-09-01T00:00:00Z,73.5875,1.9670502083600938
2026-09-01T00:00:00Z,73.5885,1.9669213279995181
2026-09-01T00:00:00Z,73.5895,1.9667924868524862
2026-09-01T00:00:00Z,73.5905,1.966663684905381
2026-09-01T00:00:00Z,73.5915,1.9665349221445818
2026-09-01T00:00:00Z,73.5925,1.9664061985564794
2026-09-01T00:00:00Z,73.5935,1.9662775141274706
2026-09-01T00:00:00Z,73.5945,1.9661488688439561
2026-09-01T00:00:00Z,73.5955,1.9660202626923438
2026-09-01T00:00:00Z,73.5965,1.9658916956590486
2026-09-01T00:00:00Z,73.5975,1.9657631677304972
2026-09-01T00:00:00Z,73.5985,1.9656346788931078
2026-09-01T00:00:00Z,73.5995,1.9655062291333194
2026-09-01T00:00:00Z,73.6005,1.9653778184375736
2026-09-01T00:00:00Z,73.6015,1.9652494467923085
2026-09-01T00:00:00Z,73.6025,1.9651211141839862
2026-09-01T00:00:00Z,73.6035,1.9649928205990586
2026-09-01T00:00:00Z,73.6045,1.9648645660239945
2026-09-01T00:00:00Z,73.6055,1.964736350445259
2026-09-01T00:00:00Z,73.6065,1.964608173849337
2026-09-01T00:00:00Z,73.6075,1.9644800362227066
2026-09-01T00:00:00Z,73.6085,1.9643519375518586
2026-09-01T00:00:00Z,73.6095,1.9642238778232906
2026-09-01T00:00:00Z,73.6105,1.9640958570235043
2026-09-01T00:00:00Z,73.6115,1.9639678751390062
2026-09-01T00:00:00Z,73.6125,1.9638399321563156
2026-09-01T00:00:00Z,73.6135,1.9637120280619473
2026-09-01T00:00:00Z,73.6145,1.963584162842429
2026-09-01T00:00:00Z,73.6155,1.9634563364843003
2026-09-01T00:00:00Z,73.6165,1.9633285489740928
2026-09-01T00:00:00Z,73.6175,1.9632008002983548
2026-09-01T00:00:00Z,73.6185,1.9630730904436435
2026-09-01T00:00:00Z,73.6195,1.9629454193965077
2026-09-01T00:00:00Z,73.6205,1.9628177871435157
2026-09-01T00:00:00Z,73.6215,1.9626901936712413
2026-09-01T00:00:00Z,73.6225,1.9625626389662576
2026-09-01T00:00:00Z,73.6235,1.9624351230151458
2026-09-01T00:00:00Z,73.6245,1.9623076458044981
2026-09-01T00:00:00Z,73.6255,1.9621802073209054
2026-09-01T00:00:00Z,73.6265,1.9620528075509749
2026-09-01T00:00:00Z,73.6275,1.9619254464813098
