frequency_ghz,h0_real,h0_imag,h1_real,h1_imag,magnitude0,magnitude1,thermal_log_ratio_db,calibration_db,observed_db
230.0048828125,1.0009162403343888,0.00044002514462468444,1.0007326946371633,-0.0009412580690930825,1.000916337056827,1.0007331372961077,0.0015899416238062045,-0.0020537565711870776,-0.0004638149473808731
230.0146484375,0.9996745071818178,0.0004942577049079441,0.9989848625773767,0.002938940694565051,0.9996746293669201,0.9989891856427409,0.005957669048720641,-0.002035955124216443,0.0039217139245041974
230.0244140625,0.9987377801920575,-0.003597113231019944,0.9977359425462996,0.0005546897201819168,0.9987442579592412,0.9977360967357242,0.00877221541254914,-0.0020504167577055908,0.00672179865484355
230.0341796875,0.9993693012590481,0.003674237450180201,0.9965923616597939,0.00027126918875856345,0.9993760555065538,0.9965923985790872,0.024227389454626796,-0.0020324554640576563,0.02219493399056914
230.0439453125,0.999918656338274,-0.0021277577933109504,0.9975902682891888,-0.0008882632548896389,0.9999209201964757,0.9975906637478649,0.02026557411278357,-0.002025406553418749,0.01824016755936482
230.0537109375,0.9997061260591069,-0.0004557993185825627,0.9997975372348653,0.00024465126587490545,0.9997062299661464,0.9997975671680461,-0.0007935417349433807,-0.0020149444909120387,-0.0028084862258554192
230.0634765625,0.9992099027318196,-0.0009477951948096901,0.9972436599079578,9.088903734817967e-05,0.9992103522447431,0.9972436640497826,0.01711278296430806,-0.002017351515255938,0.015095431449052123
230.0732421875,0.998024199882591,-0.000991371578860676,1.0004723428893298,0.0011616241608160066,0.9980246922641208,1.0004730172559155,-0.021281877096340884,-0.0019739547975747077,-0.023255831893915592
230.0830078125,0.998828030775046,0.0008285091717158519,0.9997943834089921,4.311735999232036e-06,0.9988283743914187,0.9997943834182894,-0.00839643040927183,-0.0018710061931677964,-0.010267436602439626
230.0927734375,1.0017212640640265,-0.000435399683816643,0.9966949566922594,-0.0007685926461795554,1.0017213586875924,0.9966952530389821,0.04369088083593174,-0.001904052889073186,0.041786827946858555
230.1025390625,0.9979644627432873,0.0016497686675055285,0.997990047995959,7.003502906967053e-05,0.997965826386432,0.9979900504533509,-0.000210833890962613,-0.0018914131319388847,-0.0021022470229014978
230.1123046875,0.9995423282720298,0.0015442554341645847,0.9973423185571394,0.0012751106271500902,0.9995435211797015,0.9973431336766909,0.019142128774378802,-0.001853077177064652,0.01728905159731415
230.1220703125,1.000676191073466,-0.00029278841812882355,0.9971532522992468,0.00022942703498053394,1.0006762339070303,0.9971532786927644,0.03063327647873037,-0.0017529132144237067,0.028880363264306663
230.1318359375,0.9984075479440081,0.000910925913133441,0.9976743246966319,-0.0009175129236864935,0.9984079634986822,0.9976747465927187,0.006381139799674165,-0.0017640483223625256,0.004617091477311639
230.1416015625,0.9987200459654223,0.0007376358097037971,0.9974089820159325,-0.00047287926974767325,0.9987203183673411,0.9974090941137757,0.011411234887011353,-0.001733333159115356,0.009677901727895996
230.1513671875,1.0015459407701799,-0.0012996345388777853,0.9999057852740195,0.0010915310615133757,1.001546783991222,0.9999063810500021,0.014238017005573728,-0.0017364181024583296,0.012501598903115398
230.1611328125,0.9998488849255405,1.7284419561321645e-05,0.9982090074959767,-0.0011664582264596553,0.9998488850749386,0.9982096890287615,0.014251713469299116,-0.001750321456279612,0.012501392013019504
230.1708984375,1.000881811993884,0.000591606857867613,0.9988150255703931,-0.00265656210022152,1.0008819868390255,0.9988185584115752,0.0179254018813349,-0.001809216996392106,0.016116184884942795
230.1806640625,0.9969365467658441,0.0004803959689150216,0.9968485738175672,0.0005057312562907906,0.9969366625105593,0.9968487021038955,0.0007663958205897849,-0.0018232242477219376,-0.0010568284271321527
230.1904296875,0.9989489029448956,0.001614579923444665,0.9962581024370628,-0.0012827410795624452,0.9989502077496853,0.9962589282391271,0.02343230147610134,-0.001806459111542224,0.02162584236455912
230.2001953125,0.9975645432889074,0.0007069778063643863,0.9969519233138265,-0.0008338949635759209,0.9975647938078134,0.9969522720671978,0.005334921919882238,-0.0017651282106133754,0.003569793709268863
230.2099609375,1.0017215948784213,-0.0007904482351904976,0.9999791193629157,0.0009063199425942291,1.00172190674567,0.9999795300793266,0.015121231344138782,-0.0017746371209919432,0.01334659422314684
230.2197265625,1.0008433805606265,0.0014983162168875565,0.997475355240925,-0.001397014512213105,1.0008445020898644,0.9974763335350654,0.029280151146885768,-0.0018261439637215283,0.02745400718316424
230.2294921875,1.0014117011492278,-0.00040341842510148185,0.9955130459360744,0.000794082910199177,1.0014117824077247,0.9955133626408985,0.05131206070302451,-0.0018645921522294545,0.04944746855079506
230.2392578125,1.0000084278148051,-0.0011290756754701087,0.9957696518539654,0.000961436041789403,1.0000090652151707,0.9957701159969754,0.03689696816492435,-0.001797336201776629,0.03509963196314772
230.2490234375,0.9997294902431249,-2.1581904172146174e-05,1.0000303616757324,0.00015490420923672824,0.9997294904760772,1.0000303736730252,-0.002613752090149874,-0.0017349739333081193,-0.004348726023457993
230.2587890625,1.0002554561531891,-0.0010082859885839574,0.9989223930744371,-0.0028812033411586405,1.0002559643435571,0.9989265482097536,0.011551885283928197,-0.0017105351516892668,0.00984135013223893
230.2685546875,1.0012749107773409,0.0016116575910497962,0.9966502560927343,-0.0021931231867209707,1.0012762078429522,0.9966526690673261,0.04020125010095309,-0.0018012770944611527,0.038399973006491936
230.2783203125,1.0010871849374052,-0.0013964143976222664,1.0015476790878168,-0.002167978153917993,1.0010881588646767,1.0015500255181806,-0.004006437989896264,-0.001802344876336274,-0.005808782866232537
230.2880859375,1.0000208953157392,0.0008125413478200418,0.9972808932288807,0.0016276667783582774,1.000021225420508,0.997282221489251,0.02382282052891413,-0.001800967860109621,0.02202185266880451
230.2978515625,0.9997047216338305,0.001787280225410379,0.997597487200431,0.0005059399094013229,0.9997063192896095,0.9975976154962511,0.018340699094265688,-0.0017632948940682976,0.01657740420019739
230.3076171875,1.000595107155898,-0.0006145888404993717,0.9993601043618944,0.0007617079475264268,1.000595295903277,0.9993603946471032,0.010726455029858313,-0.001733096937279468,0.008993358092578846
230.3173828125,0.9980956820087951,0.00011810308253911529,0.9991556683466635,-0.001117244516760461,0.9980956889962703,0.9991562929915309,-0.009224965303870597,-0.001760118637283531,-0.010985083941154128
230.3271484375,1.0000323682022405,-0.000801806266570893,0.9985000333286601,0.000991995929494428,1.000032689638429,0.9985005260956348,0.013317973344324772,-0.0017637000903995216,0.011554273253925251
230.3369140625,1.0014672070457642,-0.0004496866500928864,0.9992603580444284,0.0010199009213259717,1.00146730800667,0.9992608785282092,0.019157835474566776,-0.00183665656878252,0.017321178905784256
230.3466796875,0.9995789397947068,-0.0013719386896951246,1.0001214589757115,-0.0008979248422279916,0.9995798812985777,1.0001218620611831,-0.004708287344196382,-0.001802681181935102,-0.006510968526131484
230.3564453125,1.0002928479668987,-0.0005822259490985175,0.9997341803586283,-0.0007935139892232191,1.000293017410791,0.9997344952745151,0.004851195027515409,-0.001799330686733278,0.0030518643407821313
230.3662109375,0.999681801988402,-0.0009078251573513021,0.9986777675826106,-0.0001681857447732545,0.9996822141927377,0.9986777817445583,0.008731550017225108,-0.0018043786715516812,0.006927171345673427
230.3759765625,1.0007671969776506,-0.0016652023258819173,0.9989905288822495,0.000143149216740078,1.0007685823632204,0.9989905391384519,0.015445751566492916,-0.0018309557415471648,0.013614795824945751
230.3857421875,0.9994979542121006,-0.002161505894260748,1.0000330882846031,-0.0005074382999372244,0.9995002914366286,1.000033217027149,-0.004630012905084839,-0.001857860637169133,-0.006487873542253972
230.3955078125,0.9977761959458863,0.00011590960896880156,0.9972964425024469,0.0007399413558412758,0.9977762026783766,0.9972967170011373,0.004175045147111224,-0.0018936831475649682,0.0022813619995462556
230.4052734375,0.9986398907143297,0.002515393307006618,0.9986520751935507,-0.00027319335049175977,0.9986430586197539,0.9986521125612221,-7.874803636248457e-05,-0.0018734509588405964,-0.001952198995203081
230.4150390625,0.9996087770927371,-0.0005546164391525855,0.997634101782605,0.0008032064862830414,0.999608930952616,0.9976344251178609,0.0171740166821738,-0.0018646474128354224,0.015309369269338378
230.4248046875,0.998843637371494,-0.00011944592514859852,0.9989845333435913,0.001425727263051324,0.9988436445134171,0.9989855507253053,-0.001233920998277343,-0.0018548799021215513,-0.0030888009003988944
230.4345703125,1.0002278508833597,0.00011239423233528989,0.9990802245034597,-0.0008583118968768352,1.0002278571981524,0.9990805931921587,0.009968456476642793,-0.0018823633427946169,0.008086093133848176
230.4443359375,0.9990463804400028,-0.001181160229819541,0.9983712791139165,0.0008027383234285533,0.9990470786753544,0.9983716018338932,0.005874699760156541,-0.0018710512365560012,0.00400364852360054
230.4541015625,0.9975091928383581,-0.002049118004721204,1.000206759590906,0.0006205880369254779,0.9975112975207999,1.000206952115837,-0.023440915684550295,-0.0018817985428147296,-0.025322714227365026
230.4638671875,1.0007463822002576,-0.00013498424238726095,0.9993975665607221,0.0004590754129488376,1.0007463913038357,0.9993976719993537,0.011713985029330177,-0.0018354267294642093,0.009878558299865968
230.4736328125,1.0006481164957937,0.0007277125590712105,1.0005687613807568,0.0004927486501112449,1.0006483811070441,1.0005688827123567,0.0006900942696282143,-0.0019387795741870094,-0.001248685304558795
230.4833984375,0.998053702333445,-0.0010728127792451027,0.9976468597874827,-0.00023582663848082977,0.9980542789191157,0.9976468876601723,0.003546177777619234,-0.0019216472966901773,0.0016245304809290567
230.4931640625,1.0018803756706287,0.00018299660551434994,0.9999184548129536,-0.0004066985331339027,1.0018803923830817,0.9999185375215431,0.017025146746151132,-0.0019175306842615844,0.015107616061889548
230.5029296875,0.9997424905530637,-0.0009428094880293864,0.9969665017917393,-0.0010013751798790427,0.9997429351123085,0.9969670046932894,0.024151170198622576,-0.0019461411421765316,0.022205029056446043
230.5126953125,0.9985767589365792,-0.0008999154013798488,0.9993803270599293,0.0005405911583430055,0.9985771644374873,0.9993804732699212,-0.0069845847660643815,-0.0019144563178958955,-0.008899041083960276
230.5224609375,0.999278999458251,-0.0023246448188368875,0.9965893945646346,0.0005248008707901686,0.9992817033908992,0.9965895327438768,0.023432284493581815,-0.0019516768421360094,0.021480607651445806
230.5322265625,1.000810574062651,-0.003318918489329501,0.9988390297298841,-0.0009485460104034245,1.0008160771967802,0.9988394801224421,0.017171466931290975,-0.0019839534825003796,0.015187513448790595
230.5419921875,0.9985939597987421,0.0010213901326984064,1.000104851518073,0.0010977471388337852,0.9985944821519569,1.000105453979113,-0.013132673694346227,-0.0020196219426496646,-0.015152295636995891
230.5517578125,1.000535676832604,-0.0003052268733062934,0.9996579843216958,-4.691487399307055e-05,1.0005357233893857,0.9996579854225749,0.007623197259992618,-0.002011067811364069,0.005612129448628549
230.5615234375,1.0008282972805491,-0.0003341647098606324,1.0022433181141601,0.0024777673301638694,1.000828353067366,1.0022463809041289,-0.012297928921472426,-0.0020583985422070903,-0.014356327463679517
230.5712890625,0.9986425717356551,0.0015536081142296597,0.9982077147971657,-0.0003876597418774493,0.9986437802244479,0.9982077900721148,0.0037929332985556707,-0.0020045561393526442,0.0017883771592030265
230.5810546875,1.0004709273893713,0.0013078055007496026,0.9976542761144159,0.002872732991182928,1.000471782164083,0.9976584121051744,0.02445950525255399,-0.0020826360887217918,0.0223768691638322
230.5908203125,1.0001958745007278,-0.00020200789410882458,0.9983982733833611,0.0032330164343780683,1.0001958949003265,0.9984035079516405,0.015579389623184094,-0.0021035376750467905,0.013475851948137304
230.6005859375,0.9994639223858686,-0.0023102700994653558,0.9982546056275539,0.0011848635177196458,0.999466592487652,0.9982553088054071,0.010533075366374364,-0.0020644803913769504,0.008468594974997414
230.6103515625,0.9998875654104813,-9.620822978463424e-05,0.9974341007735709,0.0009127073617758598,0.9998875700390133,0.9974345183623384,0.021335514163642943,-0.0021194945721949112,0.01921601959144803
230.6201171875,1.0002294868526787,0.001195877319566896,0.9980145305562064,-0.0016481036085410883,1.0002302017496454,0.9980158913799067,0.019250144849095655,-0.002068994252596848,0.017181150596498808
230.6298828125,0.9986556888778689,-0.001582547932529095,0.9969540953728112,0.00027060282548217816,0.9986569427917126,0.9969541320976153,0.014822957778805528,-0.002069625281958812,0.012753332496846716
230.6396484375,0.9990900682176176,0.0009769697098559165,0.9978470503595525,-0.0011848236890897933,0.9990905458870571,0.9978477537773153,0.010811306993068634,-0.002070522979630721,0.008740784013437912
230.6494140625,1.0026766306032853,0.001625342685096343,0.9980318827300436,0.0012247068772004478,1.0026779479458003,0.9980326341621353,0.04033442490428417,-0.001994240232955784,0.03834018467132839
230.6591796875,0.9985824197109623,-0.0009362548476876212,0.9999653085274375,-0.0017457715461886016,0.998582858619624,0.9999668324382888,-0.012029769213351964,-0.0018973387005662098,-0.013927107913918173
230.6689453125,0.9999844505354464,0.0008823201285599195,0.9990084678836059,-0.0010241096277192638,0.9999848397858279,0.9990089928042085,0.008480366193338678,-0.001868181923849276,0.006612184269489402
230.6787109375,1.0006467854012164,0.00034294668017611563,0.9971236835569792,0.002531016903391843,1.000646844169417,0.9971268958145718,0.030607985246817602,-0.0019143221032022122,0.028693663143615388
230.6884765625,1.00045873145828,-0.0003278537354935684,0.9981159576443895,0.0008528372014527686,1.0004587851776716,0.998116321996424,0.020360892034928198,-0.001928880362129082,0.018432011672799117
230.6982421875,0.9992485286395651,0.00024033725657811135,0.9997421509604897,-6.96039997747811e-06,0.9992485575422827,0.9997421509847194,-0.004289462913382119,-0.0019022076889305046,-0.006191670602312623
230.7080078125,1.001065387874051,-0.0009575079776967223,0.9995379081885899,-0.0008621374475071839,1.0010658457968444,0.9995382800008212,0.013264263855670144,-0.0019065605741075179,0.011357703281562626
230.7177734375,0.9999163032316102,-0.0023251338049601893,0.9968644326617863,-0.001028209730103141,0.9999190065778228,0.996864962931968,0.026569831436819343,-0.001880088699184694,0.02468974273763465
230.7275390625,1.0008785878493243,-0.000515854323697577,0.998183546451803,0.0018741708388330255,1.000878720785361,0.9981853059043857,0.023405672104177478,-0.001899076453231837,0.02150659565094564
230.7373046875,0.9994575462720815,-0.0005309035725712139,0.9997443218212091,-0.00029964669998938035,0.9994576872778622,0.9997443667267618,-0.0024910599373620832,-0.001840773352745443,-0.004331833290107527
230.7470703125,0.999763979829305,0.00028316068854199763,0.9963984496818785,-0.002442487369192706,0.9997640199287562,0.9964014433314513,0.029263102069686756,-0.0018577233918786516,0.027405378677808102
230.7568359375,1.0013552204559233,0.0007248513372294379,0.9972432074292418,-0.0010893241378397821,1.0013554828050784,0.9972438023827668,0.0357386826111824,-0.0018145716348072075,0.03392411097637519
230.7666015625,0.9983828983222203,-0.0013819432321436744,0.9991177210150317,-0.0007569088873424317,0.9983838547519555,0.9991180077234793,-0.006384746963228969,-0.0018373621426168117,-0.00822210910584578
230.7763671875,1.0029732438423187,0.002033801207003925,0.9994256384022389,-0.0003830783821888227,1.002975305882918,0.9994257118189273,0.030794445589709694,-0.0018439425068375423,0.028950503082872153
230.7861328125,0.9994411386934166,-0.0005424004765969084,1.0003845533718145,0.0006949881773941545,0.9994412858747983,1.0003847947832332,-0.008195927574421176,-0.0018809327053541684,-0.010076860279775345
230.7958984375,1.0012748974216281,0.000927042353508563,1.0016065731917796,-0.0014689227747292641,1.0012753265781682,1.001607650327761,-0.002882372532835651,-0.0018806638407333784,-0.004763036373569029
230.8056640625,1.00048206376478,0.00121813893510393,0.9989925785208194,-0.0020453612434466945,1.000482805338252,0.9989946723793334,0.012929138916153942,-0.0018428638866972026,0.01108627502945674
230.8154296875,0.9977276027886253,0.0012920083635061675,0.9979517474429563,-0.0012807820819619555,0.9977284393320399,0.9979525693274163,-0.0019509815488115377,-0.0018854480069427373,-0.0038364295557542748
230.8251953125,0.9993377545415026,-0.0005696327092631852,0.9977782966988573,0.0015583577547454875,0.9993379168897156,0.9977795136412475,0.013555658939514924,-0.001912859815765375,0.01164279912374955
230.8349609375,0.9965608576003027,-0.0012895414776626904,0.9977979572993159,-0.0007065739450623289,0.9965616919279375,0.9977982074735487,-0.010770612610457345,-0.0018292372555420069,-0.012599849865999352
230.8447265625,1.0005585734155351,0.0008749192315396464,0.9989961894074221,0.002172128687842734,1.0005589559436228,0.9989985508465898,0.013556508546289326,-0.001768021289433767,0.01178848725685556
230.8544921875,0.9983375287989515,-0.0005217845114546264,0.9985450979365715,0.00048025603747952483,0.9983376651551686,0.9985452134275236,-0.0018055554625388708,-0.0018263376981776651,-0.003631893160716536
230.8642578125,1.0024034150264862,-0.0012908835353079469,0.9986949846545544,0.0019018202100489572,1.002404246218592,0.9986967954761204,0.032184826415058966,-0.0018217187084026878,0.03036310770665628
230.8740234375,1.0002204188256272,-7.129964419332695e-05,0.9986436497419775,-7.110432484730516e-05,1.0002204213668866,0.9986436522733234,0.013703428214802874,-0.001711537121806821,0.011991891092996053
230.8837890625,1.0005158065992688,-0.0012145817796617973,0.9983117745070489,0.0022999938077646214,1.0005165438231818,0.9983144239621747,0.01913856462042035,-0.0017826969652081847,0.017355867655212166
230.8935546875,0.9979378361796891,-0.0017999020588269057,0.997581830919867,-0.000392581140244248,0.9979394593493243,0.9975819081666356,0.0031126202871924803,-0.0017877306525387983,0.001324889634653682
230.9033203125,0.9997193545872909,0.00022400628168791302,0.9980825559151747,-0.0018138414094939555,0.999719379683741,0.9980842040844182,0.01421857291836833,-0.0017569615928347028,0.012461611325533627
230.9130859375,1.000865435945294,-0.0012135508145609624,0.9966398302123212,-0.0019538519820661124,1.000866171661098,0.9966417454146762,0.03673873284912628,-0.0017172391623283326,0.035021493686797946
230.9228515625,1.00104075165211,-0.00031254214068563715,1.001084340283927,0.001816779188366473,1.001040800442625,1.0010859888382837,-0.00039208447714835334,-0.0017178217488957985,-0.0021099062260441516
230.9326171875,0.997727496099056,-0.0013914297154534452,0.9989179309917595,0.0010667344924969399,0.9977284663417922,0.998918500569158,-0.010353865615388444,-0.0017394045108635892,-0.012093270126252033
230.9423828125,1.000824993131726,-0.0007930667351151506,0.9974594050087614,-0.0006220508437805672,1.0008253073498719,0.9974595989751588,0.029259290353058083,-0.0017961711678578301,0.027463119185200252
230.9521484375,0.9998467871375448,-0.0015759772581935795,0.9962354363401277,0.00122573421728746,0.9998480291792294,0.9962361903907004,0.031433610905875875,-0.0019140185229304164,0.029519592382945457
230.9619140625,1.0019363560536476,-0.0020401662940434176,0.9995644081605695,0.0009107406699685759,1.0019384331687098,0.9995648230654967,0.02060144044357368,-0.0019240280299800089,0.01867741241359367
230.9716796875,1.0005106937362718,-0.0021751389267686124,0.9970105430369056,-0.0018583357485440614,1.0005130581406654,0.9970122749186691,0.03044511860916185,-0.0019467420564751726,0.028498376552686677
230.9814453125,0.9999793797653042,-0.0009483833243178697,0.9975622748002145,-0.00021011479288238007,0.9999798294899414,0.9975622969282694,0.021024268776747217,-0.0018846713475831013,0.019139597429164115
230.9912109375,1.0009046955194478,-0.0015136125386922847,0.9994317636821519,0.0005127388549935603,1.0009058399948496,0.9994318952074475,0.012800362506488493,-0.001853498570060509,0.010946863936427983
231.0009765625,0.9984145369931451,9.795164931552149e-05,0.9977935652997098,0.002332217536180972,0.9984145417980259,0.9977962909292367,0.005380252324656509,-0.0018662985751028904,0.003513953749553618
231.0107421875,0.9969138563642624,-0.0009587817059753041,0.99992368924934,0.00013989276077093393,0.9969143174182147,0.999923699035079,-0.026180567654715027,-0.0019012390022005886,-0.028081806656915616
231.0205078125,1.0006332745794888,0.00269429005096861,0.9995382914168216,0.0004414450158139376,1.0006369018752752,0.9995383888986761,0.009540727239331123,-0.0018116531669076844,0.007729074072423439
231.0302734375,0.9978681213444474,0.0002016927841485024,0.9971069517215029,-0.00274304772694459,0.9978681417278918,0.9971107247854571,0.006595398476159236,-0.0017491008782798592,0.0048462975978793765
231.0400390625,0.9989768699539807,0.0010866712817270171,0.999251460203803,-0.00051381159388591,0.9989774609857457,0.9992515923038534,-0.0023831846368558493,-0.001794596143950279,-0.004177780780806129
231.0498046875,1.0010821126572167,-0.000886440272713056,0.9991049269815269,-0.0008508830458489498,1.0010825051206287,0.9991052893067477,0.01717227151545032,-0.0017241390884047995,0.01544813242704552
231.0595703125,1.000539583067032,0.0013556194493075885,0.9990324277329403,-0.00040654592966199237,1.0005405014231266,0.9990325104527708,0.013101042621733752,-0.001651013237744946,0.011450029383988806
231.0693359375,0.9998233566629999,-0.0008934242246029198,0.9975568238165825,-0.0011374061285242979,0.9998237558368543,0.9975574722469526,0.01971050625779358,-0.0016643470832912585,0.01804615917450232
231.0791015625,0.9985788231104975,0.001134220227150128,0.9984782259618491,0.0015817628188252346,0.9985794672534931,0.9984794788544913,0.0008697672156700816,-0.001671484789275332,-0.0008017175736052503
231.0888671875,1.0023748275504432,5.939693215022328e-05,0.9975345802838215,0.0027042654083176804,1.0023748293102617,0.9975382458399369,0.0420119380900833,-0.0016336049583070427,0.04037833313177626
231.0986328125,0.998802660687496,0.0008238802432911202,0.9989055485270034,-0.0020861876334508393,0.9988030004836171,0.9989077269982826,-0.0009106853528712104,-0.0016838936057936083,-0.0025945789586648187
231.1083984375,0.9997219276725197,0.0009596575041980193,0.9975980766042888,-0.0008305016861483677,0.9997223882717562,0.9975984223010917,0.018473287688817973,-0.0016951563969040677,0.016778131291913904
231.1181640625,1.0007165990990403,-0.0018219703584747091,0.9962197391638092,0.00011550909688073241,1.0007182576971085,0.9962197458602993,0.039133556851474835,-0.001689626982186781,0.03744392986928805
231.1279296875,1.0000558927627592,0.0009738012317683194,1.000027259937293,0.00010734972790420464,1.0000563668805666,1.0000272656991178,0.00025275908097256055,-0.0017158009583859337,-0.0014630418774133733
231.1376953125,0.9980740033466585,-0.00044376694049939706,0.9965009757275197,0.0010714411398985433,0.9980741020012106,0.9965015517358792,0.013696147207565713,-0.0016714517052923688,0.012024695502273345
231.1474609375,1.0008507688295387,0.0006562001704459672,0.9999221213702978,0.0009290381890562451,1.000850983945833,0.9999225529597946,0.008061131868612438,-0.0016999790152144015,0.006361152853398036
231.1572265625,1.000420162256457,-0.0006435155890849143,1.0003040505175933,0.0014424407127108612,1.0004203692256317,1.0003050905184445,0.0010009350603085504,-0.0016494468255494241,-0.0006485117652408738
231.1669921875,0.9988751395054164,-6.902131170086754e-05,0.9979863306096494,-0.00010760717285932309,0.9988751418900695,0.9979863364109832,0.007732200650633394,-0.001735870274937412,0.005996330375695982
231.1767578125,0.9995924045076139,0.000992379447359266,0.9993387017412217,0.0017062384012959794,0.9995928971167616,0.9993401583281405,0.002196432973019294,-0.00166393522867662,0.0005324977443426739
231.1865234375,1.000905168660263,0.0010259480660768444,0.9986093132175496,-0.00043417751463552023,1.0009056944688965,0.998609407603864,0.019950139946207417,-0.0016704137005166195,0.018279726245690797
231.1962890625,0.9999028680712849,0.00200776323457008,0.9961974584458948,0.0006188585692382572,0.9999048838216502,0.99619765066978,0.03226352803711664,-0.0016465981533285497,0.030616929883788092
231.2060546875,0.9971861366279939,5.549484539145883e-05,1.0006520889041468,0.0005748946777700973,0.9971861381721778,1.0006522540483898,-0.03013890442529251,-0.00166459132280146,-0.03180349574809397
231.2158203125,0.9998029575355848,0.000300749810495567,0.9992666985809733,0.0010520804758170352,0.9998030027697211,0.9992672524236174,0.0046556327664151785,-0.0016922358667182055,0.0029633968996969733
231.2255859375,1.0040256814444402,-0.00025119984322367363,0.9982884569848041,-0.0010820183182859446,1.0040257128686165,0.9982890433700764,0.04977061107395318,-0.0017052030482143145,0.048065408025738866
231.2353515625,1.0020628418822195,-0.0019447407692471778,0.9998801617835801,-0.002842953843693113,1.0020647289959514,0.9998842034530376,0.018921373469176567,-0.0016310914851063916,0.017290281984070177
231.2451171875,0.9993981904144242,-0.0018087333210416317,1.0001230923669124,0.0005618056755449819,0.999399827156205,1.0001232501602852,-0.0062850713958053405,-0.0015818504596607423,-0.007866921855466082
231.2548828125,0.9985042390606981,0.0017697967763981015,0.9994626204912475,-0.0017234424249205917,0.9985058074957869,0.9994641064155447,-0.008332136773059651,-0.0015797078354022746,-0.009911844608461926
231.2646484375,1.0006506952778287,-0.000195100496313345,0.9995086228756939,-0.001649020845980849,1.0006507142975545,0.9995099831780654,0.00990746963217852,-0.0016479780500371535,0.008259491582141367
231.2744140625,1.0009754056483833,-0.0012204635326568448,0.9990413432729655,-0.000843064750791729,1.0009761496879832,0.9990416989930028,0.016802280537210706,-0.0016452076966817955,0.015157072840528911
231.2841796875,0.9991782406806136,-0.0032803000990857933,0.9974847138429564,7.922272048071073e-05,0.9991836252753277,0.9974847169889893,0.014781156318381733,-0.0017410792962229268,0.013040077022158807
231.2939453125,1.0012216695336769,-5.781544834527465e-05,1.0000456948420886,-0.0018677360784660362,1.0012216712029505,1.000047438979899,0.01019278478582934,-0.0017368618337305639,0.008455922952098776
231.3037109375,0.999508173244883,0.00028056245856578646,0.9988491816170246,0.001778636714342613,0.9995082126218956,0.9988507652124824,0.0057152052362614905,-0.0017697696503157006,0.00394543558594579
231.3134765625,1.000443186720954,0.0007641279090171857,0.9984850190210082,0.00019909481512979849,1.000443478537313,0.9984850388704524,0.01701991452311486,-0.0018010392434360213,0.015218875279678839
231.3232421875,1.0019064376762796,0.00012291233150037983,0.9987554986238639,0.0006315939965496923,1.0019064452156268,0.9987556983278641,0.027358004906330845,-0.0018216805541614387,0.025536324352169407
231.3330078125,1.0011310110810376,0.0012567435359433273,1.00136896132604,0.0003078809598216217,1.0011317998907316,1.0013690086565878,-0.0020577960940158352,-0.0018220265942513237,-0.003879822688267159
231.3427734375,0.9991488499379894,0.0006127944260856345,0.9973383865149305,-0.002535545733743199,0.9991490378564228,0.9973416095843853,0.01572672209471185,-0.0018873621253014169,0.013839359969410435
231.3525390625,1.000725553161699,0.0017046681132685006,0.9984071773965995,0.0005730325326185242,1.0007270050539083,0.9984073418416595,0.020157072217554667,-0.0018902853274411506,0.018266786890113518
231.3623046875,1.0006527347492882,-0.00015116849373868974,0.9949303808486797,0.001725584248004283,1.0006527461677917,0.994931877254265,0.04980091704400581,-0.0018611704491987091,0.047939746594807105
231.3720703125,0.9991111086153375,0.00021616399853363567,1.0000024002035397,-0.00023906234772390366,0.9991111319995604,1.0000024287788738,-0.007745138770233031,-0.0018243986291953211,-0.009569537399428353
231.3818359375,1.0005762259289115,-0.0012718896005643856,1.0001305562076195,-0.0009591084730399056,1.0005770343143503,1.0001310160920045,0.0038726940887278236,-0.0017477968008421708,0.0021248972878856525
231.3916015625,0.9982901685483677,-0.0029983440604482367,1.0004196362131996,-5.6850309933162325e-05,0.9982946712706791,1.0004196378285004,-0.018469104739987727,-0.0017143192886065353,-0.020183424028594264
231.4013671875,1.000386827016698,-0.002149692306068215,0.9983126864602528,-0.0019094406975431555,1.0003891367090847,0.9983145125216122,0.0180316508767365,-0.0017929452394522265,0.016238705637284273
231.4111328125,1.001165474161735,0.004143533492899045,0.9977334207296977,0.0007081769686083734,1.0011740485666307,0.997733672056628,0.02989908926565079,-0.001742422482665769,0.02815666678298502
231.4208984375,1.0003946942676984,-0.0001523580619520404,1.0000812503425411,-0.0008441526995680737,1.0003947058696088,1.000081606610421,0.0027188981107202875,-0.0017582142559211021,0.0009606838547991854
231.4306640625,0.9993129828857332,0.001231211625659627,0.9982253366988662,0.0002538148913437904,0.9993137413475555,0.9982253689671305,0.009465129636917036,-0.0017791648123098886,0.007685964824607147
231.4404296875,0.9991661671943254,0.00044473413786466496,0.9993540082405119,-0.0018128839617904762,0.9991662661710772,0.9993556525755163,-0.001646206025965062,-0.001759400258088366,-0.0034056062840534277
231.4501953125,0.9988829384534399,-0.00030364595989591765,0.9999949819576575,2.2102412901414512e-05,0.9988829846054279,0.9999949822019171,-0.009664111124023505,-0.0017877607930555435,-0.011451871917079049
231.4599609375,1.0001593431382843,-0.0012623629703148824,0.9991821981835428,-0.003479850435641759,1.0001601397911601,0.9991882578002761,0.00844441157840431,-0.001764744871758637,0.0066796667066456724
231.4697265625,1.000526977377502,0.0011395339534873332,0.9982559018568731,0.0016629043129415045,1.0005276263041374,0.9982572868969366,0.019731914006746867,-0.0017925477599604926,0.017939366246786374
231.4794921875,0.9995702958376573,-0.00030004013173989,1.0000167246888851,0.0016686666333270918,0.9995703408690468,1.0000181168887987,-0.0038901336323075124,-0.0017875904749867838,-0.005677724107294296
231.4892578125,0.998267399587441,0.001739922332367633,0.9981826887452515,7.384066471564591e-05,0.998268915878279,0.9981826914764368,0.0007502667595010988,-0.001760421942951834,-0.0010101551834507353
231.4990234375,1.000340761356531,-0.0019131522426730112,0.9990272513866751,0.0022538598360942685,1.0003425908072032,0.9990297937986514,0.011406390985446022,-0.0017996089714988868,0.009606782013947136
231.5087890625,1.0000490775211524,0.0011528107689090987,1.0005353707704958,-0.0026961627338665146,1.0000497419746563,1.0005390034658024,-0.0042484207817902525,-0.0017658825221353882,-0.00601430330392564
231.5185546875,0.9984964520405472,0.00018191797322894278,0.9998804586801752,0.002090487075893809,0.9984964686125383,0.9998826440071314,-0.012049934220636034,-0.0017311775685472023,-0.013781111789183237
231.5283203125,0.9975998932885374,-0.00025808543948209543,0.9977257942828374,0.0012551037535846485,0.9975999266727094,0.9977265837205856,-0.001102705883457674,-0.0016896400205707051,-0.002792345904028379
231.5380859375,0.9993951270803719,-0.0011714822510647692,0.9995451621263053,0.0008065676761513462,0.9993958136807745,0.9995454875499754,-0.0013007392575366864,-0.0016904603421276853,-0.002991199599664372
231.5478515625,1.0017683135090385,-0.0005392523286492978,0.9987999571707934,-0.00020667631904796232,1.0017684586489122,0.9987999785540043,0.025776583235692145,-0.0016834740943252168,0.024093109141366927
231.5576171875,0.9979043198856314,-0.0004783963982066435,0.9985094034581526,-0.0023766618122036433,0.9979044345574972,0.9985122319309492,-0.005288736724984217,-0.0017380963099234807,-0.007026833034907698
231.5673828125,0.9996271373671866,-0.002135074205896595,0.9980760594042586,-0.004358432784578093,0.9996294174856903,0.9980855756358123,0.0134249806827968,-0.0017665867666703766,0.011658393916126423
231.5771484375,0.9992929316646117,0.0005226166720538145,0.9989755189132477,-0.0011476782730325515,0.9992930683253238,0.9989761781711368,0.002754856918863176,-0.0017600352674601194,0.0009948216514030566
231.5869140625,0.9998567339521094,0.00024769300025769697,1.0004083840742024,0.0013572805535165548,0.9998567646324155,1.000409304803018,-0.00479866467552112,-0.0017938900835627407,-0.0065925547590838605
231.5966796875,0.9992651093680571,0.0014899846716208975,0.9995398707494756,0.0005676473070361316,0.9992662202109489,0.9995400319353615,-0.002379718826853225,-0.0018043495687082045,-0.00418406839556143
231.6064453125,0.998968909257816,0.0008866451897119207,0.9978575618592819,0.0006710552469394201,0.9989693027332937,0.9978577875002506,0.009669840407921407,-0.0018382211340328292,0.007831619273888578
231.6162109375,0.9984889778272891,0.002301390549268493,0.9988647101608618,-0.0025779622373611187,0.9984916300305401,0.9988680368767637,-0.0032737502595885,-0.001776528462150403,-0.005050278721738903
231.6259765625,1.0020992221295788,-0.00046612687326529854,0.9981182308840092,0.0011298993205824763,1.0020993305391281,0.9981188704235077,0.03457011129653734,-0.0017330076249591109,0.03283710367157822
231.6357421875,1.001990678449658,0.0033806222976257663,1.0000189557905506,-2.758719300448869e-05,1.001996381384247,1.0000189561710697,0.01715841275783126,-0.0017858257238714042,0.015372587033959856
231.6455078125,1.0028539248569637,0.0006743568751016327,0.998285232526966,-0.0004841572344563913,1.0028541515884608,0.9982853499323959,0.039661578700121075,-0.0017766643165410718,0.03788491438358001
231.6552734375,0.9991167102317945,0.002471579638602345,0.9984234036621302,0.0017324028181121987,0.9991197672803365,0.9984249066403528,0.0060429017232727185,-0.0017835870319248073,0.004259314691347911
231.6650390625,0.997892728057973,0.0010930159846060648,0.9982150737284966,0.00031747424119479427,0.9978933266611849,0.9982151242135544,-0.002800547283560365,-0.0018080236272462445,-0.004608570910806609
231.6748046875,0.9999668985018821,0.000569178789453148,1.0004931441918543,0.0009957227725655657,0.9999670604894781,1.0004936396793047,-0.00457275549955882,-0.0018197705394998856,-0.006392526039058706
231.6845703125,1.0025920516477795,0.00031621401856342986,0.9979011931376038,0.00022176012956248766,1.0025921015141748,0.9979012177780967,0.04073452554946733,-0.0018407065788765488,0.038893818970590785
231.6943359375,1.0002534179901923,0.002756255469325517,0.9975696569300455,-0.0006136063081882714,1.0002572154927325,0.9975698456450206,0.023367600175778335,-0.0018354720110893266,0.02153212816468901
231.7041015625,1.0010808393238384,1.9513586531717595e-05,1.001015550330471,0.0016089466426067814,1.001080839514023,1.0010168433711366,0.0005552810328024277,-0.0018397600480882417,-0.0012844790152858141
231.7138671875,1.000542899858552,-0.0011170552924458824,0.9996749820810035,-0.0002077354980861577,1.000543523426086,0.9996750036650369,0.007543043087426536,-0.0017822478002204743,0.005760795287206062
231.7236328125,0.9993935341980743,0.0003541394474452384,0.9963611761289094,-0.0021175851921289225,0.9993935969434995,0.9963634263982344,0.026375702911167646,-0.0017852400934349813,0.024590462817732663
231.7333984375,1.0010815102740098,0.0018435429038458468,0.9999280748630673,0.0018765773950944356,1.0010832077619376,0.9999298357595295,0.010012991236033853,-0.0018229762481775853,0.008190014987856268
231.7431640625,1.0002966456362616,-0.0025436283718329204,0.9964789706678191,-0.0007640231006412385,1.00029987969431,0.9964792635647239,0.03323901960923514,-0.001834318469622717,0.031404701139612426
231.7529296875,0.9985733144508226,0.0009352224253595498,0.9959542110595089,-0.002048635886533968,0.9985737523960292,0.9959563180361698,0.02279710832393657,-0.0018730254550482614,0.02092408286888831
231.7626953125,1.0010865103159274,-0.0009259020649578112,0.9959895685709598,0.00031751795462184665,1.0010869384979284,0.9959896191827595,0.044339661388714806,-0.0018865232657579393,0.04245313812295687
231.7724609375,0.998524761680485,0.00033605398514433075,0.9979832448095254,0.0021511503709999856,0.9985248182300479,0.9979855632064363,0.0046920965493753245,-0.0018318667672448882,0.0028602297821304365
231.7822265625,0.9994961604919527,-0.00045733666106605083,0.997486701913119,-0.0006262820457081645,0.9994962651230752,0.9974868985218364,0.01747950883973472,-0.0017383005461302262,0.015741208293604494
231.7919921875,1.0016460788644395,-0.00037276318359366097,0.9968833042490344,-0.0005177730076751198,1.0016461482264571,0.996883438712551,0.04139888425933587,-0.001723841980246278,0.03967504227908959
231.8017578125,1.0002332207176494,0.00013453545101417097,0.9975775322559153,0.0006788562699584878,1.000233229765433,0.9975777632383537,0.023090375271654466,-0.0017309289063674696,0.021359446365286996
231.8115234375,0.999042296714535,-0.0019118243533654627,0.9981720596417356,0.0009506617843033128,0.9990441260009545,0.9981725123480673,0.007581291214258661,-0.0017816925881913271,0.005799598626067334
231.8212890625,1.0000530120127815,-0.0004038702278408841,1.0015885486277338,0.0006645983706563493,1.0000530935640355,1.0015887691229393,-0.013327769857587893,-0.001756753232683655,-0.015084523090271548
231.8310546875,1.0013344191218452,-0.0014774617083105463,0.9994559366735417,-0.0006774156171029255,1.0013355091132956,0.9994561662443757,0.016317310545925147,-0.001728132007374888,0.01458917853855026
231.8408203125,0.9982020075073342,-0.0005722890023911055,0.9975481750400511,0.0016867711253516719,0.9982021715596369,0.9975496011339816,0.005680220333876061,-0.0017636966377126422,0.0039165236961634185
231.8505859375,1.0009834256637284,-0.0006569846222874179,0.996797975070464,0.0017267077526779376,1.0009836412660733,0.9967994706179577,0.03638362683183907,-0.001791839512594279,0.034591787319244796
231.8603515625,1.0002260368770597,-0.0040762553909935335,0.9979606589440292,-0.0005064926572455924,1.000234342894105,0.9979607874735423,0.019765697244247475,-0.0018083113156181802,0.017957385928629294
231.8701171875,1.0018706521163585,0.002011012656565072,1.0000221240658846,0.00012919575977463996,1.0018726704247214,1.0000221324114722,0.016058359819567162,-0.0018402175652973884,0.014218142254269773
231.8798828125,1.0000834458621357,-0.0019965831347885463,0.9977884151986788,0.00013615833254296798,1.0000854388659488,0.9977884244887703,0.019972854677547267,-0.0018629569570088678,0.0181098977205384
231.8896484375,0.9984504588496654,0.0012443848850652581,1.0007583677727816,-7.142604536379249e-05,0.9984512342978246,1.0007583703216885,-0.02004746048939885,-0.0019134498764894925,-0.021960910365888344
231.8994140625,1.0005651694321387,-0.0007989210041569389,0.998926648472785,0.002594866806422215,1.0005654883892086,0.9989300187514709,0.014209096141526597,-0.0019616203569246165,0.012247475784601981
231.9091796875,1.0019947078076303,-0.00172493258762729,0.9960406399953334,0.0021345264320413067,1.0019961925411345,0.9960429271499309,0.05176030707930933,-0.001974426014701606,0.049785881064607726
231.9189453125,1.0006718861328507,-0.0006953298942809667,0.9958244102571892,0.0008589131378962965,1.0006721277123385,0.9958247806697004,0.04217747996929072,-0.0020194316342133298,0.04015804833507739
231.9287109375,1.0001690462314499,-0.0008218083272545896,0.9977412017170358,-0.0012923110181438191,1.0001693838587815,0.9977420386410119,0.02110570349750352,-0.002028269914590902,0.01907743358291262
231.9384765625,1.0021233594425725,0.0004402956042952908,0.996299503408734,0.0008445931309076704,1.0021234561672963,0.9962998614022018,0.0506231529280715,-0.0020250835295369607,0.04859806939853454
231.9482421875,0.9996799756920378,0.0013785311247193903,0.999351037858437,-0.0008593944592535915,0.9996809261697929,0.9993514073775909,0.002863549368988388,-0.002015389159924699,0.0008481602090636888
231.9580078125,0.9993946464848378,0.0003533215714859623,0.9979920391862799,-0.0013773545867171797,0.9993947089407101,0.9979929896471452,0.012191104505927652,-0.002036715121217233,0.01015438938471042
231.9677734375,1.0007305556230344,0.0012069426009793918,0.9975660381246392,-0.002115609733499555,1.0007312834462752,0.9975682814846477,0.027496887243451965,-0.001946270449553721,0.025550616793898244
231.9775390625,0.9993420624386252,-0.0009275208712456364,0.9975030730037816,0.0021209763850428727,0.9993424928692124,0.9975053279019684,0.01598260667523059,-0.0019573862808120505,0.01402522039441854
231.9873046875,1.0009415293030812,0.0038392857471346476,0.9978698514146237,-0.0012971944312132997,1.0009488924009253,0.9978706945670043,0.026752697422554386,-0.0019153669558903917,0.024837330466663993
231.9970703125,0.9999461670747881,-0.001405386562692329,0.9988121220517265,0.0014085068054917695,0.9999471546831615,0.9988131151766552,0.00985625260238479,-0.001962427649325454,0.007893824953059337
232.0068359375,0.9989461331901011,-0.0009685041238575845,0.9992118193068779,-0.002406552659034675,0.9989466026848949,0.9992147173346986,-0.002330957214702334,-0.001965650138319839,-0.004296607353022173
232.0166015625,0.9992689536393136,-0.0027292935881112397,0.998859794647952,0.0019367671530688443,0.9992726808788972,0.9988616723206243,0.0035733082934007914,-0.0020090934615530813,0.00156421483184771
232.0263671875,1.001229620109575,0.0004506150384428528,0.9995321793961492,0.0006333288697235412,1.0012297215118398,0.9995323800427243,0.014737308552765425,-0.0020194348113761426,0.012717873741389283
232.0361328125,0.9988661392676581,0.002513619257650206,0.9989677251277007,0.0006020865744982057,0.9988693019896292,0.9989679065691033,-0.0008573956798344753,-0.002039686110587626,-0.002897081790422101
232.0458984375,1.000418730012427,0.0010493093611328118,0.9983553197323365,0.0005534345741740276,1.0004192803069185,0.9983554731295279,0.01793699636913469,-0.001993000929787223,0.015943995439347464
232.0556640625,0.9992461114585043,-0.001050927497454532,0.9986776608563592,-0.0002670076364579313,0.9992466640992835,0.9986776965500967,0.004947123695781538,-0.0019029159723444624,0.003044207723437075
232.0654296875,1.0015344811871454,0.001251400166598867,0.9977639069894293,0.0013641347938435125,1.001535262988369,0.9977648395060564,0.03276098574696351,-0.0018855418562001515,0.03087544389076336
232.0751953125,1.000430546033325,-0.001706965545999796,0.9968952988441715,0.0019179933775991776,1.000432002270975,0.9968971439201771,0.030744478581178257,-0.0018745359823330106,0.028869942598845247
232.0849609375,1.0013308850644924,-0.00016465808158563767,0.9987804673571199,4.8474305518637065e-05,1.0013308986026166,0.9987804685334335,0.022151532640899387,-0.0018780943525136596,0.020273438288385726
232.0947265625,1.0000557628951354,0.001002596449104675,0.9985521090965088,-0.002000363039186694,1.0000562654668042,0.9985541127216764,0.013056607293689735,-0.0017779307928526176,0.011278676500837118
232.1044921875,0.9990037343883833,-0.0017229942377937819,0.9991147829727709,-0.0006326051915308867,0.9990052202221363,0.9991149832446993,-0.0009542864334464375,-0.0017760804029779984,-0.002730366836424436
232.1142578125,1.002623678313287,0.0006031299658031412,0.9994694862606381,2.595374949653493e-05,1.0026238597201949,0.9994694865976154,0.02736991213827112,-0.0017925763335527418,0.02557733580471838
232.1240234375,0.9970091084948473,0.002809264462327545,0.9960676368815681,-0.0018324064193612976,0.9970130663078139,0.9960693223647222,0.008225707472520811,-0.0018012065206739767,0.0064245009518468345
232.1337890625,0.9980494178959867,-0.0015761570284253377,0.998501438188984,0.0023093768563350815,0.9980506624583224,0.9985041087982233,-0.003945381303417679,-0.001792280856106712,-0.005737662159524391
232.1435546875,0.9998097567009465,0.0003921191791892039,0.9956604756371096,0.0016084605430476747,0.9998098335942973,0.9956617748468773,0.036111395658402504,-0.0017997963974342268,0.03431159926096828
232.1533203125,0.997874137737122,-0.0011270118372706196,0.999519666090842,0.0006222699102336296,0.997874774167724,0.999519859793786,-0.01430767378778552,-0.001739605787882582,-0.0160472795756681
232.1630859375,1.0001677979695518,0.0002140896957624026,0.9983152580048102,-0.00023623092723080874,1.0001678208829057,0.9983152859544233,0.016103131913645985,-0.0017489565753934762,0.01435417533825251
232.1728515625,1.0016327349288883,-0.0023072790660378247,0.9982831545741119,-0.0016619997037011685,1.0016353923548296,0.9982845380699109,0.02910634301379203,-0.0017175610632451128,0.027388781950546916
232.1826171875,0.9996211220954148,0.0010222264516297403,0.9986198438534905,0.00023896295165550546,0.999621644766766,0.9986198724445965,0.008708941823945793,-0.0017966866977367193,0.0069122551262090735
232.1923828125,1.0016167389322415,0.0024321169161491394,0.9989756032382151,-0.0014572204097481813,1.0016196917502929,0.9989766660720752,0.02295019944215977,-0.001809198364727824,0.02114100107743195
232.2021484375,1.0016563095311195,0.003879230228872403,0.9975558462504377,0.0012603792502241548,1.0016638212747182,0.997556642474141,0.03568846219905949,-0.0018284998234103734,0.033859962375649116
232.2119140625,1.0000176934754512,0.0003114882456175735,0.9965608414521544,-0.0010245588444132872,1.0000177419870553,0.9965613681237355,0.030073150383175155,-0.0018146132537746765,0.028258537129400477
232.2216796875,0.9996823754626846,-0.0007356847566534349,0.9960175524968777,-0.0004008199548786513,0.9996826461646602,0.9960176331463749,0.031902520349662226,-0.0018161583439604279,0.0300863620057018
232.2314453125,1.0008491533217314,0.0014250677157624217,1.0004346120863272,0.000582052213228587,1.000850167868708,1.0004347814051144,0.0036056844709115303,-0.0017928799042321378,0.0018128045666793925
232.2412109375,0.9967707285313497,0.0013927528575289273,0.9973653770308101,-0.0007335435861417929,0.9967717015532894,0.9973656467845695,-0.005174109884463953,-0.0017983131496779785,-0.006972423034141932
232.2509765625,1.0001817070763195,0.0012310129419951415,0.9994623854377014,-0.001230309288297134,1.0001824646348105,0.9994631426749888,0.0062490587371152335,-0.001795290371050937,0.004453768366064296
232.2607421875,1.0000426796759125,0.0017822314092664948,0.9980823249131671,-0.0009643570704140035,1.0000442677812698,0.9980827907987554,0.017053147843831832,-0.0017994486998126954,0.015253699144019136
232.2705078125,0.9996177312486942,-0.0012264657058487418,0.9981843974257048,0.0028786963839026107,0.9996184836450925,0.9981885484000445,0.01243389541614105,-0.001803539616246046,0.010630355799895005
232.2802734375,0.9991942686177995,0.0008611363178446777,0.9973068063096183,0.0021438764217017866,0.9991946396945979,0.9973091106159626,0.016406182410612678,-0.001807030306872179,0.0145991521037405
232.2900390625,0.9990639300307097,0.0006027204373856715,0.9994646507380321,0.001493084390847386,0.9990641118368391,0.9994657659849561,-0.003491289961587706,-0.0018500124108225475,-0.005341302372410254
232.2998046875,0.999768719662187,0.0014202997743237864,0.9970549031430992,0.0008246675453345418,0.9997697285207318,0.9970552441857247,0.02361521535842353,-0.0018429972099081374,0.02177221814851539
232.3095703125,0.9979548449381079,0.0004162208427334982,0.9979023447890477,-2.9834253821905106e-05,0.9979549317355132,0.9979023452350245,0.00045770861982288445,-0.0018068953474310889,-0.0013491867276082044
232.3193359375,1.0007119666437547,0.002715018170092961,0.9967327560241096,-0.00041209070482254906,1.0007156496766076,0.9967328412118096,0.03463847080875401,-0.0017709682863409702,0.03286750252241304
232.3291015625,0.9999862024674576,0.0008407299237338668,0.9982559891055891,-0.0007822908891313936,0.9999865558856739,0.998256295629641,0.015042068959417733,-0.0017691079819860784,0.013272960977431655
232.3388671875,0.9995734495369663,0.00025535114214501507,0.99642132250422,0.0014262896142833903,0.9995734821529809,0.9964223433078578,0.02742537497636047,-0.001793328187684199,0.025632046788676272
232.3486328125,1.0019405974979274,0.0002714857060809227,1.0013924991940848,-0.000595268671313552,1.001940634278794,1.0013926761200953,0.0047515849576529445,-0.001788502346609477,0.0029630826110434673
232.3583984375,1.0014418405535959,0.0008135884411451034,0.9983730637479438,0.00016339793381958312,1.001442171040108,0.9983730771191403,0.02666029478445613,-0.0018510704263208306,0.0248092243581353
232.3681640625,0.9992068614271499,0.0006464437806713925,0.9966344380807882,-0.0013741195943051414,0.9992070705377624,0.9966353853708327,0.02238391696682346,-0.001808270438780076,0.020575646528043383
232.3779296875,1.0005811518103616,-0.0017385925595158433,0.995766458655639,0.001405169922335224,1.0005826622834504,0.9957674501037393,0.0419009495639256,-0.0018098500736473957,0.040091099490278205
232.3876953125,0.9979924238010743,-0.0016058004372100762,0.9983059757292113,-0.0008632871004936746,0.99799371569133,0.9983063489937699,-0.00272053127925443,-0.0017980662725446662,-0.004518597551799096
232.3974609375,1.0005881415152864,-0.002689516866674872,0.9965844825259387,-0.0008626162673754106,1.0005917561333348,0.9965848558543912,0.034852741716977644,-0.0018451294063083913,0.03300761231066925
232.4072265625,1.0005300621197033,-0.0017963606356843757,0.9983855549399343,-0.0007018551333616981,1.0005316747193915,0.9983858016384992,0.01864891786521383,-0.0017379164639637758,0.016911001401250052
232.4169921875,0.9989028301113538,0.0011872272131013071,0.9964202257894549,0.001032270545537655,0.9989035356394169,0.9964207604946754,0.021615656236647247,-0.001778001139910285,0.01983765509673696
232.4267578125,0.9985530670903676,0.00010489507541841264,0.9957878900331302,0.001229453984136104,0.9985530725998278,0.9957886490082786,0.02407961819902503,-0.0018243415063475884,0.02225527669267744
232.4365234375,0.9976148498612648,0.0009183340578873926,0.9975814593160066,0.0015078960382252297,0.9976152725380439,0.9975825989468318,0.00028448226757838866,-0.0018260626332181908,-0.0015415803656398021
232.4462890625,0.999402453392828,-0.0004127610431187608,0.999855604742711,-0.001206167586450613,0.9994025386295966,0.9998563322676207,-0.00394306268528039,-0.0018247781441890411,-0.005767840829469431
232.4560546875,0.9986159152326363,-2.5749468331243402e-05,1.0007414072469343,0.002034296195572514,0.9986159155646134,1.000743474892335,-0.018485673543665586,-0.001873930250434622,-0.020359603794100206
232.4658203125,0.9997358562144937,-0.0025034679447042394,0.99730133246545,0.0012095658561595544,0.9997389907134147,0.9973020659694447,0.021198232072159304,-0.0019078263612652177,0.019290405710894087
232.4755859375,1.000732463613869,0.0002236271304355769,0.9984264114851982,-0.0023123801611157446,1.0007324886001139,0.9984290892463119,0.020015472140445766,-0.0019251653646929154,0.01809030677575285
232.4853515625,1.0016060034862182,1.4009034415053963e-05,0.9994959475212909,-0.0011110281397737679,1.0016060035841872,0.9994965650241179,0.018312262055043844,-0.0019935262103726085,0.016318735844671237
232.4951171875,0.9998083355374937,-0.0024408464441426805,0.9966870136132395,-0.0004450928067152822,0.9998113149697885,0.9966871129962925,0.027184089222069913,-0.0020845861891317964,0.025099503032938116
232.5048828125,0.99920386938591,-0.0006411012094841599,0.9976708999930416,0.0030449635331205047,0.9992040750550087,0.9976755467063646,0.013297377561808032,-0.002109561218574863,0.011187816343233169
232.5146484375,0.9993125215718544,0.000516975181327525,1.0002666060415264,-0.002411361345436621,0.9993126552954466,1.000269512594167,-0.008312894227520618,-0.0020857538137083486,-0.010398648041228966
232.5244140625,1.000023562860307,0.0007551528340712955,1.0007360152651514,-0.0013437664840317575,1.0000238479814494,1.0007369174549008,-0.0061912879539713795,-0.002065797603180952,-0.008257085557152332
232.5341796875,1.0004429236271097,0.0012231166805516933,0.9994255344609032,-0.00012110921358499466,1.000443671302874,0.9994255417988394,0.00884393960902683,-0.002073550876724518,0.006770388732302311
232.5439453125,0.999980901480828,0.000870719264090496,0.9996358933796621,0.0006486518276951539,0.9999812805640145,0.9996361038308633,0.002998740722056268,-0.0020045257692962453,0.0009942149527600226
232.5537109375,0.9994964951073204,0.0006399803040297135,0.9988869966757117,0.0010070226080752284,0.9994966999978575,0.9988875042878235,0.005295685242007503,-0.002006203573078632,0.003289481668928871
232.5634765625,1.0008153679481895,-0.0006055456829262357,0.9970236764612667,-0.0006888559115337626,1.00081555114159,0.997023914430746,0.03296939331416805,-0.0020031371636438588,0.030966256150524195
232.5732421875,0.9975099266236466,-0.00031675149396380106,0.9963161425944953,-0.0007093559157546563,0.9975099769146281,0.9963163951176303,0.010399422082675044,-0.0019719648830948916,0.008427457199580152
232.5830078125,0.9973299395339427,0.0010362394978248564,0.9986699593114747,-0.0038202943934122677,0.9973304778673288,0.998677266328034,-0.011721455234634198,-0.0019431118101754562,-0.013664567044809655
232.5927734375,1.0003343666924374,0.001163072398381859,0.9987449627328718,-0.0011012864318464095,1.0003350428348312,0.9987455699106207,0.013812338755811891,-0.001982729810443091,0.011829608945368799
232.6025390625,1.001976638982441,0.0017848918816353912,0.9968869534428615,-0.000861244944533478,1.001978228758279,0.9968873254723647,0.04424421604330536,-0.0019725390474744195,0.04227167699583094
232.6123046875,0.998598459900499,0.0005184580626220158,0.999335446665672,0.0023754387125367177,0.9985985944885019,0.9993382698924099,-0.006431373617862352,-0.0019490353519535924,-0.008380408969815945
232.6220703125,0.9994450187194713,0.0010108231354815824,0.9988317480729143,-0.0014345761718583456,0.9994455298847335,0.9988327782803219,0.005326878599976572,-0.0018503596172505252,0.003476518982726047
232.6318359375,0.9979950975508667,0.00018526110009459506,0.9958826542566915,-0.0039481927363056914,0.9979951147461792,0.9958904805626149,0.018336685995640055,-0.0017991412994844312,0.016537544696155624
232.6416015625,1.001216728415709,0.002450000252365124,0.9989028446657326,0.0005707664923434663,1.0012197260145708,0.9989030077318225,0.02012153352995703,-0.0017913776393494675,0.018330155890607564
232.6513671875,0.9987719310480838,0.0004179602330558357,0.9991629110707669,-0.0008296726580824166,0.9987720185008563,0.9991632555374165,-0.003401753609817551,-0.0017244831238030522,-0.005126236733620603
232.6611328125,1.0007357794566722,0.0013887390441242118,0.9975642749966015,0.0016051152579423893,1.0007367430452856,0.9975655663386174,0.027567914914537195,-0.0017159093932060338,0.02585200552133116
232.6708984375,0.9991383030395341,0.0006615386111991797,0.9984784617046775,0.002730280551140369,0.9991385220448934,0.9984821945933874,0.005707577988014767,-0.0017674620755009172,0.00394011591251385
232.6806640625,1.0002502049669735,0.0025257654264613113,1.0008734993766484,0.0027447182751507934,1.0002533939094944,1.0008772628214049,-0.005415794990503611,-0.0017287884851503882,-0.007144583475653999
232.6904296875,1.001537490268735,-0.000436969974551235,0.998098521952574,-0.0011675769571746382,1.0015375855935489,0.9980992048688666,0.029870849631265413,-0.0017861448484858043,0.028084704782779607
232.7001953125,0.9991442379473159,-0.0013698529816363405,0.9961695158122613,0.002325184273712114,0.9991451769990755,0.9961722294440564,0.025883313991024014,-0.0017571327463653823,0.024126181244658634
232.7099609375,0.9995352703687981,0.001021203926641382,0.9994436946200952,0.0031567476006550818,0.9995357920398279,0.9994486799087187,0.0007570307504121109,-0.001760686439968476,-0.0010036556895563651
232.7197265625,0.9983525113545577,0.002330790287500663,0.9978904783683034,-0.0021555044982210915,0.998355232124977,0.9978928063763978,0.004024128276983451,-0.0017709194769243257,0.0022532088000591253
232.7294921875,0.9987661645961289,0.0002737074016085751,0.9993320389871364,0.00030658760402199424,0.9987662021002729,0.9993320860165287,-0.004919883476403723,-0.001800558238710381,-0.006720441715114104
232.7392578125,0.9995689087507874,-0.004177688783757611,0.9962989647318606,-0.0002941454270620811,0.9995776390180073,0.9962990081533302,0.028536684880265374,-0.0018323271355599623,0.026704357744705413
232.7490234375,1.0007178797982679,0.0031137744630484166,1.0004582935877018,0.00010011968288690018,1.000722724104608,1.0004582985973813,0.002295415317825818,-0.001822456264065386,0.0004729590537604321
232.7587890625,0.999201144656915,-0.0005542825000789491,1.0006203282247965,0.0007309039209301361,0.9992012983942621,1.0006205951694385,-0.012328955155786227,-0.0018296153977007642,-0.014158570553486991
232.7685546875,1.0024651605842763,-0.001277216259475337,0.9988786473889879,0.0012723324620714314,1.0024659742188922,0.9988794577122647,0.031131177469437728,-0.001742774802176127,0.0293884026672616
232.7783203125,0.9984672231116896,-0.0008214125263996815,0.9976828814749217,-0.0014442731698684776,0.998467560988792,0.997683926859149,0.006819682732294856,-0.0017756548691696024,0.005044027863125254
232.7880859375,0.9997391861214163,-0.0019323004692595057,0.9983777686956534,-0.001663433411955549,0.9997410534992626,0.9983791544480621,0.011840435466986274,-0.001758898605594144,0.01008153686139213
232.7978515625,1.0005195862699745,0.0010373124388707586,0.9947883836759428,0.000777803003011274,1.0005201239989814,0.9947886877493664,0.049899804339216494,-0.0017303577524003912,0.0481694465868161
232.8076171875,0.9999850796263207,0.001935769300657736,0.9986007931287126,-0.0012134833447805455,0.9999869532539133,0.9986015304309931,0.012042130501272973,-0.0017548215519396786,0.010287308949333294
232.8173828125,0.9987183513641119,-0.00019947171556670916,0.9975025243695101,0.0014663969322919375,0.9987183712841248,0.997503602220818,0.010571320686876091,-0.0017154869356089876,0.008855833751267103
232.8271484375,0.9997943980667923,0.0015181120541848641,0.9975888933166271,-0.0005738509916858275,0.9997955506352028,0.997589058367048,0.01919045139143846,-0.0016854489077306888,0.01750500248370777
232.8369140625,1.0013898250577706,-0.0003203682203427063,0.9983767111804167,-0.001535850583413745,1.0013898763044438,0.9983778925158749,0.026164816705286552,-0.0017718610311404472,0.024392955674146104
232.8466796875,0.9987004617801153,0.0004910904829050306,0.9976356335925894,-0.0020769631908362078,0.9987005825219478,0.9976377955900545,0.009248182545113335,-0.0017604015852940393,0.007487780959819296
232.8564453125,1.0001520312954237,-0.0024877684151414893,0.9972841870448546,0.0007949301592675946,1.000155125316093,0.9972845038622001,0.02496587926176966,-0.0016864164128119871,0.023279462848957676
232.8662109375,0.9983096286258695,0.0013268144666671992,0.998873249913293,0.0017606159439101981,0.9983105103342097,0.9988748015446409,-0.004908278945183857,-0.001667745700836965,-0.006576024646020822
232.8759765625,1.0015020274973705,-0.0006096626942667674,0.9989899653112,0.0010384651605982948,1.001502213062929,0.9989905050611655,0.021811056618667998,-0.001647503169023238,0.02016355344964476
232.8857421875,0.9979613645676678,-0.0018522734644023488,0.9968747315425165,-0.0018678564677809015,0.9979630835290193,0.99687648145382,0.009462522004069083,-0.0016897032311140895,0.007772818772954993
232.8955078125,0.99906167633706,0.0016652069510494614,0.9981427212620596,0.00032007877179009533,0.9990630640953585,0.998142772582585,0.008004734348106536,-0.001640048139741926,0.00636468620836461
232.9052734375,0.9996982432028472,-0.0005758848211245511,0.9997923034641883,-0.0008779157952250235,0.9996984090745499,0.999792688912242,-0.000819112689943723,-0.0016307246876689006,-0.0024498373776126237
232.9150390625,1.0005994246534275,-0.00016224083093850864,0.997298027563572,-0.0022477437652639975,1.0005994378065868,0.997300560580523,0.028683827597450084,-0.0015696040025208792,0.027114223594929206
232.9248046875,0.9973879732144459,0.00033642017223221626,0.9997533004077034,-0.0002143467751129996,0.9973880299519103,0.9997533233856417,-0.02057409436586758,-0.0015807755771643098,-0.02215486994303189
232.9345703125,0.9992923398416782,0.0004954302462603676,1.0002868252438364,-0.0017392748640939887,0.9992924626541445,1.00028833734751,-0.008651871827445815,-0.001592465285152638,-0.010244337112598454
232.9443359375,1.000556890213383,-2.9141063287857384e-05,0.995209079901566,-0.0015878640709766545,1.0005568906377476,0.9952103466256919,0.04653809468529883,-0.0015837459587600274,0.0449543487265388
232.9541015625,0.9990397775847278,0.0016031871224385069,0.9969672778296544,-9.663137142511693e-05,0.9990410639235466,0.9969672825126675,0.018048664958500046,-0.0015514431971113732,0.016497221761388674
232.9638671875,0.9970091690969001,-0.0006327694190143785,0.9977518047303828,-0.0029714856299397022,0.997009369896005,0.9977562295318355,-0.006504163373319053,-0.001555114530258416,-0.00805927790357747
232.9736328125,0.999792509208132,-0.00017853488888418907,0.9995007334049854,-0.0019149149857696122,0.9997925251487926,0.9995025677688409,0.0025194258002058066,-0.0015316399802961557,0.000987785819909651
232.9833984375,0.9981817893900267,0.0010199580093014319,0.9972093997052837,-0.0019063520986774146,0.9981823104945391,0.9972112218777405,0.00845424131466627,-0.0015773634980501164,0.006876877816616153
232.9931640625,1.001835360452484,-0.0010011177486826967,0.9967149419813727,-0.0006647064660707015,1.0018358606526845,0.9967151636268093,0.04451015363376074,-0.0016928814588663052,0.042817272174894436
233.0029296875,1.002113689135545,0.0018127341434781678,0.9977688385321555,-0.0009926135667903215,1.0021153286712696,0.997769332274499,0.03775108157951285,-0.0016939599073915218,0.03605712167212133
233.0126953125,0.9967609575589401,-0.0006796950019119981,0.9971681297424781,0.001206956808386936,0.9967611893021874,0.9971688601830931,-0.0035517638449295724,-0.0016841502052191357,-0.005235914050148708
233.0224609375,0.9973382863292644,0.0004646182068882885,0.9987753211159862,0.001458056848669868,0.9973383945523564,0.9987763853836931,-0.012514542698411303,-0.0016662941358941007,-0.014180836834305403
233.0322265625,0.9996389309037992,-0.0009279173139570407,1.0004737699793604,0.001641020860232318,0.9996393615744792,1.0004751158155698,-0.0072588540378172505,-0.0016037318506954322,-0.008862585888512683
233.0419921875,1.0017052395488764,0.0015948366619548153,1.000495451718497,0.0004241884017443608,1.001706509135111,1.0004955416418404,0.010506763071491511,-0.001646779958207246,0.008859983113284266
233.0517578125,1.0000697116693897,0.0025951436667494645,0.9987435580743541,0.0005468522673787129,1.000073078814317,0.9987437077861483,0.011553606932477574,-0.001648779726830277,0.009904827205647296
233.0615234375,0.9997936912423097,-0.000521786682041519,0.9992322945361263,0.0005561963258472755,0.9997938274010618,0.9992324493321283,0.00487844320699577,-0.0016706351244313777,0.0032078080825643923
233.0712890625,1.0000202258038924,0.0008144651582381518,0.9970546414578761,-0.0001506603427032184,1.000020557473876,0.9970546528406719,0.025799267977314994,-0.001714940142251941,0.024084327835063053
233.0810546875,0.9984038243809067,-0.0015581008865316055,0.9972904601724465,-7.348588555721822e-05,0.9984050401599509,0.99729046287987,0.009701977320369,-0.0016622746251014613,0.008039702695267537
233.0908203125,1.0000466500505265,0.00010165168445586596,0.9981927382974279,0.00039468305796742204,1.000046655216818,0.9981928163258008,0.016116431351845227,-0.0016851719749059742,0.014431259376939252
233.1005859375,0.998872395030619,0.0029375704083567113,0.9986327093542762,0.002061531464394111,0.9988767145519555,0.998634837217409,0.00210353711569544,-0.0016354887429728582,0.00046804837272258195
233.1103515625,1.0016505921825944,-0.002264316512195892,0.9992269987189629,-0.00022753873204182134,1.0016531515195315,0.9992270246259258,0.021063810841301902,-0.0016004271067206544,0.019463383734581247
233.1201171875,0.99975908488742,-0.0011178644570636854,0.9982138639808141,-0.000604782154457099,0.9997597098482595,0.9982140471887588,0.013439073370314466,-0.0016160299361145437,0.011823043434199923
233.1298828125,0.9964106652381859,-0.0010338347209276264,0.9982355193317561,-0.0006932926070644858,0.9964112015702324,0.9982357600838492,-0.0158904494000794,-0.0016257232587668245,-0.017516172658846224
233.1396484375,1.0002937113356103,-0.0007745720540212331,1.000818428808084,0.0012864284717129183,1.0002940112284169,1.0008192555801945,-0.00455967650906893,-0.0016057088801507777,-0.0061653853892197075
233.1494140625,1.0003958242027795,0.0013513420507796023,0.9968923804599221,-0.001452491481963747,1.000396736903763,0.9968934386134534,0.03047057848498521,-0.0015529777145981587,0.02891760077038705
233.1591796875,0.9979225415779369,-0.0008171532682002115,0.9982350701725549,0.001741597846470094,0.9979228761426572,0.9982365894343207,-0.002730121614837014,-0.0016105954754036963,-0.00434071709024071
233.1689453125,1.00062533165537,-0.0028727754535580884,0.9983128087192759,0.0012581958379377083,1.0006294554875075,0.9983136015850611,0.020125896376106647,-0.0015735998575996117,0.018552296518507035
233.1787109375,0.9998472636035278,0.0023741970181227526,0.9981337608997317,-0.0015823743747135795,0.9998500824358335,0.9981350151940892,0.014911911465442318,-0.0015182691723061826,0.013393642293136136
233.1884765625,0.999215510671059,-0.0013075764980031248,1.0000116147762257,-0.0020432523426445292,0.9992163662200112,1.00001370218987,-0.006928239741163886,-0.001483194682053777,-0.008411434423217663
233.1982421875,1.0007441285666194,-0.0019562521044772054,0.998678312029447,-0.001991971336779757,1.0007460406031385,0.9986802986280405,0.017947961221299196,-0.0015192224186527654,0.01642873880264643
233.2080078125,0.9986512772986984,0.0004184577799595123,0.9976023565810678,0.0018300708726878944,0.9986513649703962,0.9976040351840499,0.009114056019907123,-0.001507315613740793,0.0076067404061663305
233.2177734375,1.0008440458231245,-0.0027933922186695022,0.9971045978154452,-0.0015290047742295837,1.000847944045292,0.9971057701368999,0.03253743803348847,-0.0014107965911009926,0.031126641442387477
233.2275390625,0.9988878797180275,-0.0017353231950684655,0.999801563840909,-0.0009649320271716026,0.9988893870665401,0.9998020294801088,-0.007932301873703,-0.0013995705466852571,-0.009331872420388257
233.2373046875,1.0020206852846418,-0.001198516829387563,1.001024199110246,0.0015176899153046908,1.002021402057308,1.00102534962257,0.008638442640157794,-0.0014085799700466195,0.007229862670111175
233.2470703125,0.9998279142997225,0.00020293160398018807,0.9966495892765018,0.0010042057059349773,0.9998279348938841,0.9966500951859282,0.027651081440296883,-0.0013272681120076247,0.02632381332828926
233.2568359375,1.0004643043153074,-6.062564141957133e-05,0.9954076901061651,0.0007007363262845689,1.0004643061521887,0.99540793675452,0.04400999179591344,-0.001302727782265929,0.04270726401364751
233.2666015625,1.0004961161892616,0.0015479687153933607,0.9973966223643866,0.00034491223653136075,1.0004973136980129,0.9973966820018692,0.026960155444813616,-0.0012329316028524295,0.025727223841961185
233.2763671875,1.0008868316353858,0.0019335522524101553,0.9990968440059222,0.00037130591758615836,1.0008886992895034,0.9990969130022767,0.015563374070372315,-0.0011994938421381169,0.014363880228234198
233.2861328125,0.9997041487949181,-0.0008866820731511482,0.9977929618859945,-0.0005464418644287385,0.9997045420137245,0.9977931115155771,0.01662327802581846,-0.0011527130830219913,0.015470564942796469
233.2958984375,0.9989197089900769,4.420978149878623e-05,1.0000608858651256,0.00038753319802641695,0.9989197099683861,1.000060960951541,-0.009917835935314917,-0.0012538894156207303,-0.011171725350935647
233.3056640625,1.0021770993807888,-0.00157545670713302,0.9969028898993342,-0.003837844622930507,1.0021783377159614,0.996910277277245,0.045778758535656675,-0.001283012031892529,0.044495746503764144
233.3154296875,0.9991542578469508,0.0006454373201373966,0.9944237861116351,0.00040324978949038214,0.9991544663179088,0.9944238678727455,0.04122188973827882,-0.0012513277447537524,0.03997056199352506
233.3251953125,0.9987095899865892,0.0014393841087033405,0.9978735814149233,0.002646720917763356,0.998710627237837,0.9978770914383506,0.007252373954433232,-0.001264227653013241,0.005988146301419991
233.3349609375,0.9989410813790511,0.0010467456444196042,0.9953634434170959,-0.0018182114743434796,0.9989416297978537,0.9953651040618732,0.031154025212683643,-0.0012256041937437436,0.0299284210189399
233.3447265625,1.0014851145549395,0.0015220432843795774,0.9979873940410016,-0.0029292389363682206,1.0014862711444823,0.997991692904052,0.0303614767253063,-0.001256924135714961,0.02910455258959134
233.3544921875,1.0009342911491148,0.001030937779387282,0.9988492809153174,0.0008007467874529911,1.0009348220692922,0.9988496018823176,0.018113951446376918,-0.0012661602765559395,0.016847791169820978
233.3642578125,0.9998666808725519,0.0013770786970989004,0.9971155013297045,0.0007130381794247014,0.9998676291713977,0.9971157562767892,0.023938586133873726,-0.0012760354805689733,0.022662550653304754
233.3740234375,1.0006784316056148,-3.28060265707703e-05,0.996427197161441,-0.0020880253448736143,1.0006784321433675,0.9964293849003281,0.03696025902411756,-0.0013014302763968639,0.035658828747720694
233.3837890625,1.00054832207917,-0.002903947642454555,0.9968035390039688,0.000548158874599105,1.0005525362155416,0.9968036897248067,0.03260520552315958,-0.0012191576995498096,0.03138604782360977
233.3935546875,0.9995905886396669,-0.0006449100953216324,0.9998434755615282,0.0006805332223036608,0.9995907966793344,0.9998437071604855,-0.002197373842541047,-0.0012131044064121886,-0.003410478248953236
233.4033203125,0.9985953233602635,0.00019255262625477202,0.9991653559565453,-0.0010989020241764953,0.9985953419245971,0.9991659602535651,-0.004961882042918766,-0.001168288529717549,-0.006130170572636315
233.4130859375,0.9999944115136667,0.0006823010304823749,0.9986748787979721,0.0008441418243347774,0.9999946442822886,0.9986752355583691,0.011467867048788275,-0.001079375026628614,0.01038849202215966
233.4228515625,1.0007512682008053,-0.0010523240457206023,0.9968606092732678,0.00026698586100217046,1.0007518214779414,0.9968606450262347,0.033838767565126625,-0.0010960839640388373,0.032742683601087785
233.4326171875,1.0010959489870086,0.0008226985287990016,0.9982267196995215,0.001640377204675728,1.0010962870329052,0.998228067507341,0.024921474388176587,-0.001112712916978563,0.023808761471198023
233.4423828125,1.0016331607256612,-0.0010983877347457516,1.0000876194318602,-0.0003769099013520406,1.0016337629697263,1.0000876904561715,0.013417469121484308,-0.0010657263731632728,0.012351742748321036
233.4521484375,1.0035227526457329,9.007397343959619e-05,0.9999275853233013,-0.0018580866335086306,1.0035227566881526,0.9999293116897942,0.031158519477325564,-0.0009848263318225638,0.030173693145503
233.4619140625,1.0010502931973706,-0.004098356078323789,0.9998349475792307,-5.989448800117814e-05,1.0010586826121066,0.9998349493732016,0.010624466003510604,-0.000983969474923201,0.009640496528587403
233.4716796875,1.0000211114585653,-0.001251634837754164,0.997055120917497,-0.0017003224814084981,1.0000218947366062,0.9970565707342516,0.02579417524102408,-0.0009013808361194234,0.024892794404904658
233.4814453125,1.0004758724326004,-0.00027712543738378465,0.9975390147407164,0.0005382795820785066,1.0004759108135892,0.9975391599705685,0.025533653333719757,-0.0009529752771881044,0.024580678056531653
233.4912109375,0.9999807957018334,4.413465590036353e-05,0.9990650062418428,0.0004029662561700544,0.9999807966757861,0.9990650875087254,0.007957545531990413,-0.0009584885347880335,0.00699905699720238
233.5009765625,0.9983407776922982,0.001160892837483965,0.9991563402727672,0.0002774043495191582,0.9983414526480622,0.9991563787818416,-0.0070872255704316125,-0.0009795007902659194,-0.008066726360697532
233.5107421875,0.9994222988089333,-0.0024502728802249063,0.9939785410442082,0.0008247040256347105,0.9994253024582278,0.9939788831726271,0.04746364525057326,-0.001000495300166147,0.046463149950407116
233.5205078125,0.9973370347191143,-0.0020684345254297918,0.9999104739009477,-0.00020636167435784218,0.997339179639355,0.9999104951954242,-0.02236493090021712,-0.001009119517243179,-0.0233740504174603
233.5302734375,0.9986284743488187,-0.001085893507448155,0.9964790293287876,-0.0017041485026634807,0.9986290647407369,0.9964804865195114,0.018708065941686905,-0.000993177362313582,0.01771488857937332
233.5400390625,1.0015813072219086,0.0030483120342972582,0.9998801158550128,-0.00021432307775353152,1.0015859459789789,0.9998801388249572,0.01480560313622457,-0.0009869660585710926,0.013818637077653477
233.5498046875,0.9993608829259744,0.0017001944070343291,0.9998898151239562,0.0015429904772545978,0.9993623291797649,0.9998910056642335,-0.004593740698426938,-0.0009977141730019197,-0.005591454871428857
233.5595703125,0.9989992870521411,-0.0021069325331302055,0.9962026737818632,0.0009710641451902999,0.9990015088554097,0.9962031470617364,0.024364696195960617,-0.0010176005053381923,0.023347095690622426
233.5693359375,1.000283336292429,-3.584088456100304e-05,0.9986711717103484,-0.001699390420459384,1.0002833369345316,0.9986726175945354,0.013997840644102262,-0.0009395473248554896,0.013058293319246772
233.5791015625,0.9992932508296671,0.0012829841063704281,0.9977899499445609,-0.0003370162124199387,0.9992940744355194,0.9977900068603096,0.013083242271922672,-0.0009499785484984971,0.012133263723424175
233.5888671875,1.000863855253655,-0.0009209543770030783,0.9983858794966001,-0.00030570262870435505,1.0008642789660214,0.9983859262991926,0.02153478210817213,-0.0010164699526166207,0.02051831215555551
233.5986328125,0.9989372387743402,0.0014917224937934037,0.9975936457132654,0.0015781812623142982,0.9989383525754237,0.9975948940444618,0.01168939642174748,-0.0010011388730918082,0.010688257548655673
233.6083984375,1.0011173845100798,0.001281156506755465,0.9997434220912241,-0.0011282542024657867,1.0011182042747488,0.9997440587331424,0.01193053476817162,-0.001001353321356473,0.010929181446815147
233.6181640625,0.9984629269796388,-0.000963773422869353,0.9933674351135956,-0.0021089521227465133,0.9984633921240968,0.9933696737988429,0.04442497960855975,-0.0009928645470998578,0.04343211506145989
233.6279296875,1.0007479527965712,-0.0006824159769730458,0.9978661614452752,-0.0004676450048112469,1.0007481854682994,0.99786627102502,0.025049361640027246,-0.0010627366848140515,0.023986624955213195
233.6376953125,1.0003843005561208,0.0005732533531690925,0.9980814671633557,0.00021419713006867237,1.0003844648026907,0.9980814901476568,0.020018747377610994,-0.0010583517224901254,0.01896039565512087
233.6474609375,1.0004081606246775,-0.0003966637017408106,0.9979603422224645,-0.0012143478255262695,1.0004082392636233,0.9979610810494665,0.021273101607364123,-0.00107372564143158,0.020199375965932544
233.6572265625,1.0002218441839124,0.000356296235728244,0.9982251474740471,0.0033399460137291358,1.000221907643336,0.9982307349951501,0.01730850281521365,-0.0010429534354761316,0.01626554937973752
233.6669921875,1.0016912248510659,0.0008081130927726898,0.9966793116229782,0.0007191775941450417,1.0016915508231061,0.9966795710927688,0.04356907844332293,-0.0009454717980023983,0.042623606645320535
233.6767578125,0.9992339901877264,0.0021321650275550877,0.9984484441213667,0.0011350334962518902,0.9992362649915134,0.9984490892726655,0.006845243930892973,-0.0009563996768016016,0.005888844254091371
233.6865234375,0.9988677563354682,0.001147459645272418,0.9977835200370045,-0.0004903056971259887,0.9988684154133065,0.9977836405038479,0.009438035079607101,-0.0009300691935134392,0.008507965886093663
233.6962890625,1.0003072917907916,0.0002601804417398172,1.0008931448652152,-0.0003956468475581481,1.0003073256273245,1.0008932230635836,-0.005085987628080992,-0.0009587188005812683,-0.006044706428662261
233.7060546875,0.9988827908006096,-0.0014700638050005612,0.9963346692180365,-0.0001742260019785345,0.998883872552363,0.9963346844512208,0.022195040722287566,-0.0009910278400373077,0.021204012882250257
233.7158203125,1.0007782080852787,-0.00044365779592850027,0.9975937730970984,0.001156083547843184,1.000778306424865,0.997594442973333,0.027677228855693202,-0.0010132035951439218,0.02666402526054928
233.7255859375,0.9981608250748581,-0.00205130179712996,1.000736686909227,-6.658840354115924e-05,0.9981629328687699,1.0007366891246026,-0.02236768160006395,-0.0010143468663598421,-0.02338202846642379
233.7353515625,0.9974943996661411,-0.0005232842002001512,0.9998537546850575,-3.987877346942588e-05,0.9974945369232202,0.9998537554803321,-0.020519126911444432,-0.0009604338667922673,-0.0214795607782367
233.7451171875,0.9988882890904487,0.003250859031792668,0.9988204514254692,0.0012357676284487744,0.9988935789995291,0.9988212158877131,0.0006292569940254443,-0.0010547057638767292,-0.00042544876985128486
233.7548828125,1.0008609930573704,-0.0006802485393643176,0.9969453565622229,-0.0016046985883193677,1.0008612242273456,0.9969466480351581,0.03403892914068754,-0.0010635953285779603,0.032975333812109583
233.7646484375,1.0004756701769846,0.001647340623848037,0.9971591502312763,0.0012640041278845471,1.0004770263965173,0.9971599513600595,0.02884585586789644,-0.0011255973382559789,0.02772025852964046
233.7744140625,0.9985459931723311,0.001324086556280279,0.9976191933017803,-0.0012900755823533117,0.9985468710509916,0.997620027434846,0.008065920686504132,-0.0011097552952409131,0.006956165391263219
233.7841796875,1.0001401205749696,-0.0003366861124788251,0.9981397416301363,0.0012587531790296481,1.0001401772457965,0.9981405353361025,0.017383618458950333,-0.0010679748965848744,0.016315643562365457
233.7939453125,0.9998386768202023,-0.001772480958178438,0.9970853870403849,0.0008992284585257153,0.9998402479167958,0.9970857925280525,0.02396173940168141,-0.0011128838866177894,0.02284885551506362
233.8037109375,1.000412375263379,-0.0011143162936761172,0.9998289151117943,0.0007021813340103828,1.0004129958576697,0.9998291616832614,0.005070505419290808,-0.0011711267339779112,0.003899378685312897
233.8134765625,1.0033642206924083,0.0004567679728430792,0.9985478841404725,8.845376818258491e-05,1.0033643246611197,0.9985478880581959,0.04179515688659637,-0.0011539447239120577,0.04064121216268431
233.8232421875,0.9999513021066113,0.0007370911947666088,1.0000532358023284,-0.0003676127769054593,0.9999515737715187,1.0000533033683061,-0.0008836098966377038,-0.0011339294094175937,-0.0020175393060552975
233.8330078125,0.9994858495053601,-0.0015222869485712906,0.998100494468659,-0.0031212959056765213,0.9994870087795065,0.9981053749713567,0.012015184668362305,-0.0010795466278912284,0.010935638040471075
233.8427734375,1.0000392197895145,-0.0005997774513589613,0.9991877196309623,-0.00046967465617536497,1.0000393996489398,0.9991878300177626,0.0073994993396507315,-0.0011348456586929242,0.006264653680957808
233.8525390625,1.0020393312718918,-0.0003020213534811592,0.9972307771765517,-0.0023760329907475774,1.0020393767875184,0.9972336077774969,0.041757638867924315,-0.0011248476189066312,0.04063279124901768
233.8623046875,1.0008483723830954,-0.0016097867871614046,0.9979123940159513,0.002295690721269191,1.000849666990698,0.9979150346229558,0.02550566474378458,-0.0011366402030433824,0.024369024540741198
233.8720703125,1.0012021184743647,-0.0009168621390734765,0.9986790949064054,0.0017350923261974824,1.0012025382877023,0.9986806021689103,0.021906550408266633,-0.0011656538244971641,0.02074089658376947
233.8818359375,1.000523059392028,-0.0005530542792067421,0.9968838699746946,-0.001140028352515919,1.0005232122465821,0.9968845218380954,0.03164631611046184,-0.0010773230367656216,0.03056899307369622
233.8916015625,1.0017522228472895,-0.001895590448082887,0.9983455157497032,0.001065791456884539,1.001754016334665,0.998346084646487,0.02959946571573288,-0.0011076523754583807,0.0284918133402745
233.9013671875,0.9988433230648665,0.0006720970329363172,0.9958175374754229,-0.0005110659378080944,0.998843549183598,0.9958176686181099,0.02635283082276767,-0.0010954239947005785,0.025257406828067094
233.9111328125,0.9992768098213212,-0.003702863645666531,0.9958886942071649,-0.0018062042804904343,0.9992836703588502,0.9958903321267631,0.029545483021668626,-0.001105577961327443,0.028439905060341185
233.9208984375,0.9990123599898597,0.00011309642777522242,0.9988165021406492,-0.0005913004346239155,0.9990123663915832,0.9988166771658777,0.0017015820535323434,-0.0011626581111917984,0.000538923942340545
233.9306640625,1.0002635556937487,0.0012479828793191827,0.9983622067509086,-0.0008148547390127144,1.0002643342188944,0.9983625392896057,0.01653013483869989,-0.0011024032038399055,0.015427731634859984
233.9404296875,1.0009689467867586,0.000895607298925185,0.9984015098700747,-0.0023472008495663632,1.0009693474546693,0.9984042689525487,0.022286981105877478,-0.0010775651856970944,0.021209415920180382
233.9501953125,1.000091525958568,0.0018889798065095148,0.9975210849410232,-1.1909131890766125e-05,1.000093309916053,0.9975210850121131,0.02236875549619483,-0.0011379825868131806,0.02123077290938165
233.9599609375,1.0025020125355257,0.0007406447505619213,0.9964494437879717,0.0004227765941856093,1.002502286128279,0.996449533476436,0.05260127002588509,-0.0011943743335045224,0.05140689569238057
233.9697265625,1.0020414150256591,0.00043221530569678967,0.9972288390269266,0.001212995959870765,1.0020415082404002,0.9972295767506049,0.04181122498769411,-0.0012544557810397839,0.040556769206654325
233.9794921875,1.0010492421099098,-0.00074517689057139,1.0018399246461556,-0.0008601987620495221,1.0010495194631597,1.0018402939375743,-0.006858670031972509,-0.001262845959880846,-0.008121515991853356
233.9892578125,0.9999073455722892,7.254850072663418e-05,1.0005419802088438,0.00252784889844576,0.9999073482041754,1.0005451734830804,-0.005538826949011946,-0.0011951865228112932,-0.006734013471823239
233.9990234375,1.0002905333804664,0.0015374673683655998,0.9969535725012602,0.0016029256894309906,1.0002917149394404,0.9969548611114705,0.02902352809435082,-0.0011756410720694902,0.027847887022281328
234.0087890625,1.000442911069789,0.001200668141020745,0.9977638470672386,0.0010567702593489087,1.0004436315524121,0.9977644067001976,0.023292334814070222,-0.0011983939864124848,0.022093940827657737
234.0185546875,0.9967787534991235,0.0021062682857519986,0.9977527390392121,-0.0009653458171047746,0.9967809788480908,0.9977532060348375,-0.008467800431838706,-0.0011150646444506153,-0.009582865076289322
234.0283203125,1.0008478288529832,-0.00045835472205966966,0.9960500989665877,0.0008682873857577099,1.000847933808519,0.9960504774228731,0.04173497925131031,-0.0011857237040628335,0.040549255547247476
234.0380859375,1.0006091835096251,-0.001721070009944954,0.9981801531304709,-0.0007072555523998422,1.0006106636478436,0.9981804036916306,0.021121747558709325,-0.001176948706789931,0.019944798851919396
234.0478515625,0.9998924272837183,-0.0032766353501069894,0.9990448509526576,0.0011148347729665225,0.9998977960164447,0.9990454729748737,0.0074070979787721,-0.001169111160441652,0.006237986818330449
234.0576171875,1.002378401005753,0.0005251870598990964,0.9974787033552989,0.0026971339869415944,1.0023785385892388,0.9974823498083121,0.04253079863279677,-0.0011774293965499418,0.04135336923624683
234.0673828125,1.0003293658807093,0.00035741900629306247,0.9974218389816752,8.167566716541686e-05,1.0003294297338492,0.9974218423257541,0.025283428948665847,-0.0011689271234079956,0.02411450182525785
234.0771484375,1.0012213726929657,0.00039484483336666186,0.9971915700210591,0.00013003640809967343,1.0012214505490926,0.997191578499604,0.03503086780794233,-0.001251782655897605,0.033779085152044724
234.0869140625,0.9983330536606312,0.0022907390777793884,0.9976457419778291,-0.0032398815242107243,0.9983356817808744,0.9976510027653879,0.005959004281259286,-0.001283176091545234,0.004675828189714052
234.0966796875,0.9994496664612165,-0.00034853581728839367,0.9976958821548442,0.0009426185352321856,0.9994497272332675,0.9976963274455989,0.015251604582925581,-0.001286664216791383,0.013964940366134198
234.1064453125,0.9992887797325086,0.00034252600295003383,0.9981129277117129,0.001447223447398031,0.9992888384362896,0.9981139769189458,0.010217987656831323,-0.0012963229595283113,0.008921664697303011
234.1162109375,1.0001270595525464,0.00024908344946638673,1.0005242753962622,0.0004854832735633641,1.0001270905698874,1.0005243931815078,-0.0034498029375354513,-0.0012649904213113301,-0.004714793358846781
234.1259765625,0.9991852030940114,-0.0014669362350223838,0.9986234724921502,-0.001245723326639382,0.9991862799217862,0.9986242494746894,0.004887084629566272,-0.0011936091648594865,0.003693475464706786
234.1357421875,1.001637931598229,9.567484849452583e-05,0.9969218955651631,-0.002037682739959959,1.001637936167583,0.9969239780485706,0.04097445830372859,-0.0011268533463489638,0.03984760495737963
234.1455078125,1.0007430551392502,0.001141825373134991,0.9999132433541222,-0.0009058954931289218,1.0007437065376046,0.9999136537129616,0.007207378720152399,-0.0011143498931970146,0.006093028826955385
234.1552734375,1.0016142666369683,-0.0003024255325937332,0.9980705619806401,-0.002238573834566071,1.001614312293866,0.9980730724276473,0.030763659408919897,-0.0011236525453493067,0.02964000686357059
234.1650390625,0.9991213482308674,-4.456261706171312e-05,0.9961179621783212,0.002261989584880099,0.999121349224654,0.9961205304435671,0.026126958014103648,-0.0011508624617074313,0.024976095552396216
234.1748046875,1.0025208634073448,0.0006277433392821207,0.9958908400006808,0.0029986189057984885,1.0025210599427365,0.9958953543985452,0.05759596207361963,-0.0011485495190563602,0.05644741255456327
234.1845703125,1.0004292823419123,-0.0003956172481529054,0.9973690590656843,-0.0017970472903350194,1.0004293605648331,0.997370678013211,0.026596655647804796,-0.0012018709279420843,0.02539478471986271
234.1943359375,0.9989076854163608,-0.001625263146247912,0.9985501639884663,0.0009273835995110324,0.9989090075998742,0.9985505946329076,0.0031170948397197676,-0.001130740133783373,0.0019863547059363945
234.2041015625,1.0000505072357626,0.00027876543164888324,0.9994344296530243,-0.001563306413767692,1.0000505460888824,0.9994356523072455,0.0053422721287920425,-0.0011508127570270664,0.004191459371764976
234.2138671875,1.003654677648859,0.0010508153485916322,0.9960992059734519,-0.0010753315107558316,1.003655227744733,0.9960997864063617,0.06563408160712805,-0.0011930376224290084,0.06444104398469905
234.2236328125,0.9998494180868444,0.00030283565611522665,1.0001078579632996,0.002040869196129382,0.9998494639484666,1.0001099403100717,-0.002262514867254146,-0.0011409870931756582,-0.003403501960429804
234.2333984375,1.0004415585805986,-0.00011522978108863692,0.9972775161601849,-0.0011946280103378947,1.0004415652166196,0.9972782316759504,0.02750775061649325,-0.0012465338671215531,0.026261216749371697
234.2431640625,1.0023449200953696,-0.00014352992513951097,0.9955298106344411,-0.0017428571293981194,1.002344930371692,0.9955313362284582,0.059245266792433804,-0.0013037891057253621,0.057941477686708445
234.2529296875,0.9982504104997154,0.0011952677532020073,0.9982910246324082,0.0005421548905614585,0.998251126083939,0.9982911718499513,-0.000348435497170594,-0.0012573529744235126,-0.0016057884715941066
234.2626953125,0.9998558778263209,-0.0011841690625637828,0.9982003432612013,0.0039828205825476444,0.9998565790553219,0.9982082889590594,0.014330735047228345,-0.00125180715606868,0.013078927891159666
234.2724609375,1.0019852853042632,-0.0010817252739562327,0.9960556775128622,0.0012450799358346555,1.001985869209658,0.9960564556939799,0.051552844464856626,-0.001276647802322257,0.05027619666253437
234.2822265625,1.0012737932098967,0.0005149358826163611,0.9950077149551582,-0.0005581932376422223,1.0012739256207057,0.9950078715266407,0.05452780579390252,-0.0013197306171796814,0.05320807517672284
234.2919921875,1.0002282196346193,-3.3663167250871734e-05,0.9972266829973923,-0.0008282538002174546,1.0002282202010944,0.997227026953411,0.026101263580762573,-0.001265323569385792,0.024835940011376782
234.3017578125,0.9955400988110794,0.0020242288783530755,0.9965665242032229,-0.0035015424908170826,0.9955421567383903,0.9965726757052432,-0.008986404466915204,-0.0012442246340043368,-0.010230629100919542
234.3115234375,1.0001434936782883,-0.0008314630879165585,0.9973511864456288,-0.0006673616390707366,1.0001438392940682,0.9973514097228022,0.024285165023994432,-0.001287397202480785,0.022997767821513648
234.3212890625,1.0011893301863353,-0.0002463910183281274,0.9981317169337579,-0.0003667003691531961,1.0011893605045434,0.9981317842941844,0.0265668077352514,-0.0012962691208260623,0.025270538614425336
234.3310546875,1.0007030855440717,0.0005638676197202998,0.9981036392396317,-2.4150072298929333e-05,1.0007032444057122,0.9981036395317987,0.022593372026255977,-0.0012570919638824683,0.02133628006237351
234.3408203125,0.998199365473815,8.372952616937078e-05,0.9959613824211918,0.001276221328509785,0.998199368985455,0.9959622000935632,0.019488701968867945,-0.0012612452010860988,0.018227456767781845
234.3505859375,1.001842145023474,0.00044845980434264935,0.9981118383720778,0.002711781826780923,1.0018422453966649,0.9981155222012956,0.03237062739695805,-0.0012802681324198598,0.031090359264538188
234.3603515625,1.0000153694822527,0.0014932862243679458,0.9985290110315911,0.00022000449306105335,1.000016484416369,0.9985290352682311,0.012929224179557372,-0.0012859544070406078,0.011643269772516764
234.3701171875,0.9998330189917267,-0.000858067436828136,0.9957493303246518,-0.0017640616034661784,0.9998333871930045,0.9957508929221874,0.03553860842302417,-0.001264046179709153,0.034274562243315015
234.3798828125,0.9983068556989543,-0.0007872255246805954,0.9966248844177429,0.00019115342061222227,0.9983071660864503,0.9966249027494294,0.01464907740901999,-0.0013089362375831779,0.013340141171436812
234.3896484375,1.000347782471434,-0.0010492901446806867,0.9980308220513101,-0.0015122862190682926,1.000348332784797,0.998031967811664,0.020136006667798398,-0.0012709876619377755,0.01886501900586062
234.3994140625,0.9988676555571198,-0.0007271131479457065,0.9974942977584871,-0.003127345073416383,0.9988679202035207,0.997499200174068,0.011910187122039005,-0.0012577064286886993,0.010652480693350305
234.4091796875,0.99964271252701,0.0007997693530792187,0.9978678853237938,0.001127823577619414,0.9996430324567748,0.9978685226755087,0.015432401516535816,-0.0012852712001205102,0.014147130316415306
234.4189453125,1.001424045711499,-0.0010566011028109567,0.9990465077147592,-0.0006025821585509299,1.0014246031205127,0.9990466894406459,0.020649439556395015,-0.0013981757477765301,0.019251263808618486
234.4287109375,0.9999146131917436,0.0006237283364867894,0.9970934383056906,0.0017062016296715938,0.9999148077268541,0.9970948981096359,0.02453011613544568,-0.0014071803996610654,0.023122935735784615
234.4384765625,0.9983078147146998,0.0003120648781130252,0.9982957257175888,1.2352202489530302e-05,0.9983078634894786,0.9982957257940074,0.00010560602404075634,-0.001459162282296934,-0.0013535562582561776
234.4482421875,1.0003803107139648,0.0026368417131793893,0.9967663434705508,0.003186646194492613,1.000383785853404,0.996771437286212,0.03142118834039549,-0.0014412978052211552,0.029979890535174337
234.4580078125,1.0005826911711697,-0.001989241109729492,0.9972625013436011,0.001382211694766797,1.0005846685571058,0.9972634592199121,0.028878756038292278,-0.0014248913391049199,0.02745386469918736
234.4677734375,0.9986457516037278,-0.0004656001588538702,0.9987228807335681,-0.0014630818657244142,0.9986458601424644,0.9987239524059203,-0.0006791939860603959,-0.0014308740875978892,-0.002110068073658285
234.4775390625,1.0000355451698508,0.0007790878341650165,0.9939934579776724,0.0010670845054531735,1.0000358486479441,0.9939940307525758,0.05263584522047469,-0.0013240711665141807,0.05131177405396051
234.4873046875,1.0001258452309276,-0.0004543264442836178,0.9983385621891705,0.0007652452835346733,1.0001259484241949,0.9983388554765783,0.015534420444332106,-0.0013157699564523236,0.014218650487879783
234.4970703125,0.9991323720688461,0.0007432892702610448,0.9982267886387037,-0.0028398060310538997,0.9991326485481586,0.9982308280424089,0.007843453643134969,-0.0013260128147641439,0.006517440828370825
234.5068359375,1.0025391906462409,0.0009862577734296475,0.9969394835546372,-0.0007725996057349511,1.0025396757665082,0.9969397829258985,0.048652841279926896,-0.0013306819604153215,0.04732215931951157
234.5166015625,0.9989589812587293,8.11869968941369e-05,0.997917564448966,0.0018038880202892427,0.998958984557828,0.9979191948488343,0.009045618875012536,-0.0014160267593131524,0.007629592115699384
234.5263671875,0.9980320659381767,0.001245275797598354,0.9990458510144903,0.00036587771788135627,0.9980328428226384,0.9990459180116654,-0.00881233150571232,-0.0013771285984988915,-0.010189460104211212
234.5361328125,1.0007217652406233,-0.00038197217020433956,0.9984715938216479,-0.00039725478392410726,1.0007218381393743,0.9984716728481108,0.019552580111119773,-0.0013920418541586237,0.01816053825696115
234.5458984375,1.0022377134365017,-0.00012918871964060595,0.9976484818528635,-0.0008595537200094626,1.0022377217627325,0.9976488521398301,0.03986074568452625,-0.0013701566486449734,0.038490589035881276
234.5556640625,1.0020224286366133,-0.0017273823623282281,0.9988842312889887,-0.0015159230202206446,1.0020239175491983,0.9988853815830908,0.027248610814966205,-0.0013442754364626323,0.025904335378503573
234.5654296875,0.9973492632554489,-0.002800159270801332,0.997310271754455,-0.00017829113116635647,0.9973531941133634,0.9973102876911839,0.00037367751630527533,-0.001376616307109046,-0.0010029387908037707
234.5751953125,1.0001122044369304,0.0022296859598229368,0.998988007189703,0.0009038916633636552,1.0001146899047009,0.9989884161135169,0.009787079874022475,-0.0013988010457905516,0.008388278828231923
234.5849609375,0.9977280201602258,0.001828209441405969,0.9969992136643425,0.0011231940706203567,0.9977296951392224,0.9969998463451424,0.006356136236926021,-0.001333072678497967,0.005023063558428054
234.5947265625,1.0013291683364358,-0.0015106990823119887,0.9964127708750333,0.0017401501447775988,1.0013303079269376,0.996414290385976,0.04274827927980944,-0.0013472106650665905,0.041401068614742846
234.6044921875,1.0009302923795504,0.00020286364226267605,0.9963240278875555,0.0006454941045796426,1.0009303129372542,0.9963242369874986,0.040062933684790636,-0.0013800233714689446,0.03868291031332169
234.6142578125,0.9980319021438459,-0.0018800480707642847,0.9962095198917558,-0.0002620564669562689,0.9980336729177085,0.9962095543591991,0.01588983398610925,-0.001348869107639863,0.014540964878469386
234.6240234375,1.0010837215520136,-0.002220415060197743,0.9988780320891125,-0.0006651101650741975,1.0010861840018916,0.9988782535232958,0.019178189268751738,-0.0013908454935092575,0.017787343775242482
234.6337890625,0.9966776414910116,-0.0019355039002987111,0.9965455939606556,0.0002650946328898319,0.9966795208207267,0.9965456292200374,0.0011669205245341534,-0.0014133037547232276,-0.00024638323018907416
234.6435546875,1.0007770588532414,-0.0009849276077935414,0.9984917061308454,0.0005870477765975246,1.0007775435177073,0.998491878703667,0.01986029571917576,-0.0013425836907908935,0.018517712028384866
234.6533203125,0.9977204336493863,0.0013701750714620485,0.9996337600174307,-0.0009817302220291335,0.9977213744835008,0.9996342420909834,-0.016636959260172526,-0.0012843700093832279,-0.017921329269555752
234.6630859375,1.000979901168873,-0.0003623394586783722,0.9990781933507269,0.0010175403495426348,1.0009799667495498,0.9990787115224283,0.016513613555684755,-0.0013514618036692917,0.015162151752015463
234.6728515625,1.0029915676262848,0.0008635642758817136,1.000286932572398,0.0005801783513852623,1.0029919393857016,1.0002871008275656,0.023455487737920683,-0.0013278102887101981,0.022127677449210487
234.6826171875,0.9970169469557477,-0.0024332316768180717,0.9978146671610418,0.001269501829677568,0.9970199161167009,0.9978154747429989,-0.0069280250657739965,-0.0013145874566995327,-0.00824261252247353
234.6923828125,0.9993797787715438,-0.001095403887499176,0.9985842302429531,0.0022566178136885933,0.9993803790985375,0.9985867800115663,0.006900127879860945,-0.0013056026424247732,0.005594525237436172
234.7021484375,0.9988707997900286,0.0005175624091754799,0.9981750557872705,-0.000385374704475756,0.998870933876854,0.9981751301798615,0.006052613883239797,-0.0012212531762420605,0.004831360706997737
234.7119140625,1.0015145853037115,-0.0010307182747590485,0.9991807490067596,0.0001446870151576636,1.001515115690336,0.9991807594825078,0.020268917279918194,-0.0011703327525867402,0.019098584527331455
234.7216796875,1.0011740069810222,0.0028256506808958417,0.9963661986480138,0.0008660904625679384,1.0011779944426498,0.9963665750721382,0.04184290965313446,-0.0011935714590323538,0.04064933819410211
234.7314453125,0.9995648561885488,0.0015255943991886649,0.997526024941616,0.0019033521941682666,0.9995660204136119,0.9975278408071608,0.017729170986292887,-0.001208114537413255,0.01652105644887963
234.7412109375,0.9996904408581891,0.0010333832748787217,0.9952626608164185,-0.0001768258455645158,0.9996909749638803,0.9952626765245226,0.0385610710044539,-0.0011865092553049793,0.03737456174914892
234.7509765625,1.00058775461806,-0.001062826087417508,0.9992878819507465,0.0013408271897484788,1.0005883190857783,0.9992887814997032,0.0112883353068065,-0.001183002577967741,0.01010533272883876
234.7607421875,0.9993951002854672,-0.0004678707524398065,0.9988667085157917,0.0010600849011172823,0.999395209803229,0.9988672710431398,0.004589605175936398,-0.0011856705518157751,0.003403934624120623
234.7705078125,0.9992915336796961,-0.0007426437464050268,0.9988535430796772,0.00021486972127444454,0.9992918096350302,0.9988535661906712,0.003810067374872669,-0.0011554761471347789,0.0026545912277378897
234.7802734375,1.000492356799758,-0.0009909537484768486,0.9954674601997104,-0.00010301965476337877,1.0004928475526778,0.9954674655303964,0.0437383504912835,-0.0010986142234804355,0.04263973626780307
234.7900390625,1.000365225676199,-0.0007210832317730886,0.99958896902514,-0.0005210145439279572,1.000365485561762,0.9995891048090196,0.006743710988894548,-0.0010456738399009652,0.005698037148993583
234.7998046875,1.0004715652753915,-0.0015397562690490924,0.9994058454299918,-0.0004931723826387367,1.0004727501406323,0.9994059671117818,0.009266522469858051,-0.00096733902798198,0.00829918344187607
234.8095703125,1.001547588508252,-0.0018359533016073142,0.9964682616191889,-0.0015678319876875149,1.0015492712648841,0.9964694950230589,0.04416622269413229,-0.0009395461944198998,0.04322667649971239
234.8193359375,0.997821804874923,0.0011892904802181233,0.9982328027212977,0.0021466395228068474,0.9978225136243897,0.9982351108281347,-0.0035908520714460507,-0.0009371592722359373,-0.004528011343681988
234.8291015625,0.9992588025174997,-0.003305198523562572,0.9976809513068359,0.0008147484580141299,0.9992642687227375,0.9976812839858044,0.013770664488156694,-0.0009079659521732157,0.012862698535983479
234.8388671875,1.0022025402422292,-3.5772458071589594e-05,0.9977633399579802,0.0005491165294222816,1.0022025408806574,0.997763491060415,0.03855781502039329,-0.0008997777003992807,0.037658037319994016
234.8486328125,1.0005131574020416,0.0007172482976212231,0.9980153745527922,6.391988246125385e-06,1.0005134144926409,0.9980153745732615,0.021713683054974953,-0.0008937133863490394,0.020819969668625912
234.8583984375,0.9985605696552118,0.0013327529105553895,0.9975757404171121,-0.001581177599955445,0.9985614590501988,0.9975769935154638,0.008567501587360785,-0.0009190770510282989,0.007648424536332486
234.8681640625,0.9987844327128819,0.0014462278147156966,0.9973568331041226,0.0004958815247338231,0.9987854797725512,0.9973569563791949,0.012431977231277314,-0.000967967075168529,0.011464010156108784
234.8779296875,1.0000351948901927,0.0012153204683387298,0.9980383750068061,-0.001154701680650488,1.0000359333658497,0.9980390429848911,0.017361485878511114,-0.0009742655788408003,0.016387220299670314
234.8876953125,1.0009382218756377,0.0010367331018858962,0.9953909091048978,-4.856394063245136e-05,1.0009387587795209,0.9953909102895862,0.04827671953290708,-0.0009749159805906446,0.04730180355231644
234.8974609375,1.0019785726183004,0.001330308885271025,0.9982723407795634,-0.001744589925535291,1.001979455731472,0.9982738652091002,0.03218231091560159,-0.000976459733021212,0.03120585118258038
234.9072265625,0.998509616614279,0.002076216717707484,0.9994197353709664,0.0016394276864831444,0.9985117751669497,0.9994210800118795,-0.007906293802893616,-0.0009798377137038704,-0.008886131516597487
234.9169921875,0.9987372517785932,-0.00033114430376034914,0.997177756176176,-0.0003165829311715417,0.9987373066761884,0.9971778064303805,0.013573372628144247,-0.0010318962457776812,0.012541476382366565
234.9267578125,1.000074012132012,-0.0009508281975969183,0.9988543836150772,0.0003745979728674691,1.0000744641355868,0.9988544538573659,0.010602554052165206,-0.0010178685556589669,0.00958468549650624
234.9365234375,1.0008574013867166,0.002626194240895623,0.9962930316492257,-0.0007242055264868753,1.0008608468747102,0.9962932948617337,0.03972985463903643,-0.0010052791044191062,0.03872457553461733
234.9462890625,0.9995483957684519,0.0020520367660530753,0.9984151032515646,-0.000964161776135621,0.9995505021449267,0.998415568793257,0.0098679422467186,-0.00097619952625487,0.00889174272046373
234.9560546875,0.9988314081163516,0.001093216015456358,0.9942043866325586,0.0017433492395361482,0.9988320063759222,0.9942059151232169,0.040322153236253835,-0.0009901009896499786,0.039332052246603855
234.9658203125,0.9992259723952415,0.0016172511397252764,0.9958287671236101,0.00015334819685021024,0.9992272811580281,0.9958287789306948,0.029592194850567227,-0.0009811620606824723,0.028611032789884753
234.9755859375,1.0002254925332419,-0.0013463372257984335,0.9965598904916784,-0.00010654768773510709,1.0002263986404738,0.9965598961874773,0.031898127044413235,-0.0010294625749858299,0.030868664469427404
234.9853515625,0.9997498303577592,0.001962453260902823,0.9971029453068211,0.0019835357111762024,0.9997517564491546,0.9971049182274928,0.023026347798478,-0.0009679151000792169,0.022058432698398786
234.9951171875,0.9966954288499033,-0.000472286918583776,1.0002004934859456,-0.00031998142242220355,0.9966955407471361,1.0002005446697377,-0.03049142991397004,-0.0009257453399266529,-0.031417175253896694
235.0048828125,1.0014530967164497,0.0006959533565285488,0.9994928511259527,0.0003917842624988067,1.001453338540564,0.9994929279123459,0.01701986314755893,-0.0008572381285744492,0.01616262501898448
235.0146484375,1.0014741164619416,-0.0005633751309993278,0.996841766450846,-0.0012490972235560953,1.0014742749241066,0.9968425490440891,0.04026461809106929,-0.0008332030861762585,0.039431415004893035
235.0244140625,1.0004088014081238,-0.000548871512672376,0.9971062001904347,0.000883933290161392,1.0004089519765287,0.9971065919931875,0.02871963683076318,-0.0008825944509755989,0.027837042379787583
235.0341796875,1.001939688396211,0.0021406239058598814,0.9973126111869588,-0.0013345905504584168,1.0019419750934695,0.9973135041522738,0.0402174309683838,-0.0009076945532216276,0.03930973641516217
235.0439453125,0.9994913841528151,0.0007583132066723716,0.9960320515856766,9.054560737676765e-05,0.9994916718185448,0.9960320557012606,0.030117280468414637,-0.0008485328978564758,0.02926874757055816
235.0537109375,0.9996380969694141,-0.0001373862528864686,0.9977520361026855,0.0006646844525698051,0.9996381064103219,0.9977522575030717,0.01640168155978027,-0.0008807418242563163,0.015520939735523952
235.0634765625,0.9995358643452724,0.0013066406698714781,0.9971713162291957,0.0010014545116089995,0.9995367183962234,0.9971718191071213,0.02057512496146913,-0.0008514595496968684,0.019723665411772263
235.0732421875,0.9983650945086843,0.0009634027937072396,0.9966126027311799,0.002267609432515267,0.9983655593410046,0.996615182492799,0.015241835383205476,-0.0008483217533096733,0.014393513629895802
235.0830078125,1.00151854198512,0.0009463692998898413,0.9963181618596726,-0.0003285966225409269,1.0015189891134628,0.9963182160470504,0.045222346257890275,-0.0008683656271726518,0.044353980630717625
235.0927734375,1.0018388717075712,-0.00020008209184088055,0.997492633329919,0.0008099035680481569,1.0018388916872527,0.9974929621261723,0.03776093890884936,-0.0007977585124754021,0.03696318039637395
235.1025390625,1.0005932654047807,0.0008178941553669016,0.9982583712508329,0.0016051510599643475,1.0005935996818345,0.9982596617525378,0.02028396669236634,-0.0007572215624409862,0.019526745129925353
235.1123046875,0.9976990163457856,0.00125802273152902,0.9978489307639783,0.0002985991441956192,0.997699809481059,0.9978489754408048,-0.0012985290826370338,-0.0007050159491593227,-0.0020035450317963566
235.1220703125,0.9999433944233892,-0.00011377623470433873,0.9964174153712941,0.00013119734258812798,0.9999434008962714,0.9964174240086094,0.030682106737900366,-0.0007280073655069726,0.029954099372393395
235.1318359375,1.000473937730407,-0.0007044769817374125,1.0005867166918052,0.003934751054281601,1.000474185756736,1.0005944532556363,-0.0010440723555253794,-0.0007460286841581714,-0.0017901010396835508
235.1416015625,0.9992337348145517,-0.0014291980382307547,0.9996802221606088,0.0012624061152770583,0.9992347569007347,0.9996810192497825,-0.0038782880440468674,-0.0007112187803208239,-0.0045895068243676914
235.1513671875,0.998562234855549,-0.00037617742709317604,0.9975750073718636,-0.0012990603037893612,0.9985623057121499,0.9975758532014728,0.008584794895249704,-0.0007308109718926997,0.007853983923357004
235.1611328125,1.000698933177049,0.000412431148870709,0.9989669280537752,0.0023675918796228113,1.0006990181673692,0.9989697336939218,0.015022865981730797,-0.0007091401615989506,0.014313725820131847
235.1708984375,0.9982833114831061,-0.0015884947021854241,1.0007279298580942,-0.0007068588338729213,0.9982845753096132,1.0007281795010459,-0.021235369155863156,-0.0007565135649821774,-0.021991882720845332
235.1806640625,1.0002978615368165,0.0004382869267762378,0.9996599086664946,0.0007780408790212369,1.0002979575559265,0.999660211443225,0.005539508401376769,-0.0007285865886247704,0.004810921812751999
235.1904296875,0.9987923553213646,-0.0006040942966497385,0.9971270009177255,0.0006931060739817648,0.9987925380069268,0.9971272418077883,0.01449415202269191,-0.0007427772508365985,0.013751374771855313
235.2001953125,0.9988404871986211,-0.0006184290862288695,0.9985131456562576,-0.0015390789870164752,0.998840678647858,0.998514331801243,0.0028383664434447377,-0.0006709386731686362,0.0021674277702761016
235.2099609375,0.9974914228729364,-0.0009122428846790586,0.9966671904069055,-0.000478097458095028,0.9974918400128173,0.9966673050776645,0.007182796694265564,-0.000589924844069711,0.006592871850195853
235.2197265625,1.0014279589751232,-0.0009355218635161685,0.996600667227625,0.00044348674347532237,1.0014283959516217,0.9966007659032974,0.04197370510321575,-0.0005146470541684115,0.041459058049047336
235.2294921875,1.0000090776637585,3.7358126957185837e-05,0.9969077834723175,0.0004980219491447384,1.000009078361567,0.9969079078699049,0.026978033117796736,-0.000494004834342071,0.026484028283454666
235.2392578125,0.9992721218195391,-0.00020368866172797623,0.9966926064280499,0.0018570747837078217,0.9992721425791848,0.9966943365119981,0.022435799089378268,-0.0004459211431048784,0.02198987794627339
235.2490234375,0.9998654331809622,0.0007019692651716667,0.9971213834312759,-0.0038268076967272967,0.9998656795945154,0.9971287267715483,0.02380866463507089,-0.0004639030179404511,0.023344761617130436
235.2587890625,0.999107225725944,3.8857657172574555e-05,0.9958027622320519,0.0009795630801260947,0.9991072264815773,0.9958032440260538,0.028771269326442653,-0.000498255888201197,0.028273013438241457
235.2685546875,1.000717170014273,-0.0009635451369980517,0.9983053598655163,-0.00031161106541327055,1.0007176338911024,0.9983054084986588,0.02096257348352846,-0.0005543725855075635,0.020408200898020895
235.2783203125,0.9980130768641158,-0.00030416033674659875,0.9971023229480563,-0.001094825426896956,0.9980131232129615,0.9971029240109195,0.00792524362387843,-0.0006343042347642773,0.007290939389114153
235.2880859375,0.9990021940248051,0.00032686977094307644,0.9955091133288841,-0.00014435927286928868,0.9990022475000853,0.9955091237956892,0.030424412160934847,-0.0007017053278762364,0.02972270683305861
235.2978515625,1.0014336026014095,0.0022898423320843447,0.9961621797230322,-0.0009249281639729438,1.001436220533861,0.996162609116931,0.045861173421355324,-0.0006948182392742285,0.0451663551820811
235.3076171875,0.9999836404777628,0.002140848529983724,1.0003127042058977,-0.00018900569082603934,0.9999859321288415,1.0003127220618895,-0.0028380375226384935,-0.000697662757051849,-0.0035357002796903426
235.3173828125,0.9998060946567967,-0.0019156608758620981,0.9985987391957708,7.233817517163781e-05,0.9998079298892696,0.9985987418158478,0.010511249374687854,-0.000744405807407686,0.009766843567280168
235.3271484375,1.0009571977850695,0.001095180654818279,0.9978907988684408,-0.0010929100159606942,1.0009577969217311,0.9978913973567455,0.02664976345172035,-0.0008001774132392665,0.025849586038481084
235.3369140625,0.9995278961890646,-0.0002959326148515457,0.9980423579134194,-0.0021863492544181833,0.9995279399978022,0.9980447526601403,0.012898458156022868,-0.0007322568449240262,0.012166201311098843
235.3466796875,1.0037016685081526,-0.000326896663457614,0.9986232315643698,-0.0007308758879238283,1.0037017217418123,0.9986234990223435,0.04405775466743056,-0.0006945392604663391,0.04336321540696422
235.3564453125,1.001413896506589,-0.0014573751459629142,0.9977177345540348,0.0012948887789654513,1.0014149569777884,0.9977185748399121,0.032120319515330654,-0.0007196127036335126,0.03140070681169714
235.3662109375,0.9972244771995403,0.00018271498187429414,0.9970744680314385,-1.1652600261861375e-05,0.9972244939383815,0.9970744680995292,0.0013068330339563773,-0.0008014526712244773,0.0005053803627319
235.3759765625,1.001321525074308,-0.00038467146545539705,0.9994781603501,-0.0018130446427393808,1.001321598962728,0.9994798047723108,0.015991217881772588,-0.0008138019325042831,0.015177415949268304
235.3857421875,1.0012565709528753,0.0006785096745593532,0.9985464781536804,-0.0007799937598945631,1.001256800851654,0.9985467827915644,0.023541244138857758,-0.0008013881896731648,0.022739855949184592
235.3955078125,0.9980468561688202,-0.001071851501530101,0.9972387023711979,0.0006454007670778576,0.9980474317256205,0.9972389112189419,0.007039310723826923,-0.0008170167036473138,0.0062222940201796095
235.4052734375,1.0012445602922737,-0.0009849423186921084,0.9972628854383521,0.0017551356767900284,1.0012450447449113,0.9972644299151914,0.034601013669149576,-0.0008133801682523487,0.033787633500897224
235.4150390625,1.0016475080605076,0.0007195943022939198,0.9973403635289146,0.000861602033807697,1.0016477665426027,0.9973407356977114,0.037429382345203564,-0.0008120188327058509,0.03661736351249771
235.4248046875,1.0022096805367393,0.0019007383924457485,0.9983074412236658,-0.0011327619003306142,1.0022114829555633,0.9983080838859644,0.03389573100953806,-0.0007506765557266537,0.03314505445381141
235.4345703125,1.0003528307461094,0.002655213073986864,0.9970935536478507,-0.001307533690957597,1.0003563545748198,0.9970944109613955,0.02836906712027829,-0.0007791307272417217,0.027589936393036568
235.4443359375,0.999874190975625,-0.0006308992754377089,0.995605817533159,0.00018192688564160726,0.9998743900175944,0.9956058341548937,0.03716023966508616,-0.0008492167654977226,0.03631102289958844
235.4541015625,1.001186260980529,0.0003281153370464141,0.9963342563611652,-0.001108350549923311,1.0011863147465845,0.9963348728413041,0.04219146419337883,-0.000809904456099914,0.04138155973727892
235.4638671875,0.999957134468961,-0.001171747161358954,0.9962882236858595,-0.0007493829964802346,0.9999578209938585,0.9962885055193602,0.03193123486751259,-0.0007904926461581357,0.031140742221354458
235.4736328125,1.0007157634540846,0.0018232028608637207,0.9969996311889114,0.0014005756424997904,1.00071742429827,0.9970006149461271,0.03232071038565727,-0.0008089509614922378,0.03151175942416504
235.4833984375,0.9991411636135442,0.0036199008686371406,0.9958860334169626,-0.0021130566496812527,0.9991477210649713,0.9958882751410302,0.028381656090586453,-0.000836169319525155,0.0275454867710613
235.4931640625,0.9979758890836369,0.0016297802361081148,0.9981638296839574,0.0007675324957134172,0.9979772198682159,0.9981641247788243,-0.0016265736246129335,-0.0008982458973179456,-0.002524819521930879
235.5029296875,0.9977631095302979,0.002809690246333804,0.9972662222700209,0.0005007116661275365,0.9977670655512986,0.9972663479697345,0.004360004915356272,-0.0008895314448531283,0.0034704734705031442
235.5126953125,1.0001386153344316,-0.0016731049477403835,0.9964236928463014,0.0014127864069319416,1.000140014779551,0.9964246944104165,0.03232642528131907,-0.0008226901378833823,0.03150373514343569
235.5224609375,0.9986544305211101,-0.0005988670154260757,0.9983969106862611,-0.00011199616282837926,0.9986546100835589,0.9983969169679014,0.002241598621962193,-0.0008177893934264707,0.0014238092285357223
235.5322265625,1.000805291431556,-0.0017620784616562237,0.9928821667271089,0.0011186894870726849,1.0008068426414294,0.9928827969457861,0.06904560013927169,-0.0007697389514710193,0.06827586118780067
235.5419921875,0.997526228893253,-0.0010563777974722521,0.996186406997182,-0.0009566182893259362,0.9975267882438275,0.9961868663079766,0.011675112706523761,-0.0008641574079699596,0.010810955298553802
235.5517578125,1.001025795891229,0.0016291508888671895,0.9982178010216876,0.0023927460453721824,1.0010271215967563,0.9982206687452485,0.024385727343999297,-0.0009192815621339241,0.023466445781865373
235.5615234375,1.0012587070955585,-0.0013628589459500327,0.9968961885202263,-0.0013660606250756877,1.0012596346199,0.9968971244856643,0.037927296349395095,-0.0008467516998678846,0.03708054464952721
235.5712890625,0.9995860784109201,-0.0005233894501954331,0.9983260336768565,0.0005014976368446217,0.9995862154358865,0.9983261596376425,0.010956143211325601,-0.0008443017776299871,0.010111841433695614
235.5810546875,1.001101773004945,-0.0016793482628915776,0.9973980540009775,0.002790936289277856,1.0011031815573421,0.9974019588161573,0.03217249569349947,-0.0008075251134862085,0.03136497058001326
235.5908203125,0.9968726937293759,0.0010986120607710647,0.9966455683546842,-0.0009517960902002128,0.9968732990965914,0.9966460228370095,0.0019805140536269666,-0.0007122319639377987,0.001268282089689168
235.6005859375,0.9994540514893214,4.725310749498152e-06,0.9973471163481399,0.00016178974167734182,0.9994540515004917,0.9973471294709133,0.018329815898422107,-0.0007238792092178506,0.017605936689204255
235.6103515625,0.9992848961701399,8.09378034883546e-05,0.9973471693068646,0.00011241485289577791,0.9992848994479477,0.9973471756422208,0.016859250755007188,-0.0008076854125437631,0.016051565342463426
235.6201171875,1.0015090759708116,-0.0006233533931850247,0.9971138813805697,-0.0019430165716548063,1.0015092699627706,0.9971157744992416,0.0381877314078009,-0.0007712745689596628,0.03741645683884124
235.6298828125,0.9995338037169575,0.0010169528506592236,0.9984234503283302,0.0012485803114622685,0.9995343210545549,0.9984242310352458,0.0096519723876561,-0.0007631184755907865,0.008888853912065314
235.6396484375,1.000363811345276,0.0005611002293182789,0.9953893537325309,-0.0006834251695841704,1.000363968704748,0.9953895883492192,0.0432989415024379,-0.0007067486620309765,0.04259219284040692
235.6494140625,0.9982283923743723,0.001325345153364485,0.9970397356369031,0.0014191481934815275,0.9982292722025835,0.9970407456169987,0.010347884630250964,-0.0007184680863036652,0.009629416543947299
235.6591796875,0.9997553052993403,9.6909855993615e-05,0.9999322832076897,-0.0005039889845429544,0.9997553099962495,0.9999324102187307,-0.0015385132146573223,-0.000726801954122523,-0.0022653151687798455
235.6689453125,0.9988954909078958,-0.001632335623512764,0.9967650213065951,-0.002415907547971933,0.9988968246399194,0.9967679490782281,0.018531354002531267,-0.0007918462449011864,0.017739507757630082
235.6787109375,1.0009152240058725,0.0021301329893950688,0.9982726914757242,0.0006341859662578177,1.0009174906620817,0.9982728929195794,0.02298000001984874,-0.0008281030551598637,0.022151896964688878
235.6884765625,1.000378330809889,-0.0008664829634170626,0.9976914635331036,0.0006416894737551492,1.0003787060642113,0.99769166989216,0.023361853510994166,-0.0008589617662511103,0.022502891744743056
235.6982421875,0.9985208161926344,0.001847586526694476,0.9979236470906715,-0.002974084082505854,0.9985225255075513,0.9979280788708557,0.005172477619350628,-0.0009394392228883275,0.0042330383964623
235.7080078125,1.0018929914115462,-0.0021745645111731654,0.997718186358358,0.002127807673666241,1.0018953513069067,0.9977204553158702,0.03626970581012079,-0.0008862935078180311,0.035383412302302755
235.7177734375,1.00046836419899,0.0009570339018254032,0.998362975978903,0.003113260788908531,1.0004688219414397,0.9983678301098206,0.0182596110411037,-0.0008918359776673506,0.01736777506343635
235.7275390625,1.001900419855789,0.000877369412025952,0.9990316670640638,0.0005547854395774293,1.0019008040141957,0.9990318211066583,0.024908071039020287,-0.0008737406582839888,0.0240343303807363
235.7373046875,0.9980694387057314,-0.0030812740154006,0.9974485902259921,-0.0019127246563343898,0.9980741950015196,0.9974504241612363,0.005430155862352308,-0.000796954141039089,0.004633201721313219
235.7470703125,1.0011080780987434,-0.0015459278295420385,0.9961958453210316,-0.0002909732155693151,1.0011092717218304,0.9961958878153918,0.04273477815448249,-0.0007852986015642979,0.041949479552918195
235.7568359375,1.0012943009403452,0.0024955428453652105,1.0002078132005179,3.541611388424519e-05,1.001297410777491,1.000207813827538,0.009457002335887034,-0.0008201705692892687,0.008636831766597765
235.7666015625,1.0020681287071065,0.0026692042879773027,0.9979733789301952,-0.001319964041332802,1.002071683674423,0.9979742518514301,0.035589073003455984,-0.0007993002296970551,0.03478977277375893
235.7763671875,1.0001571431147385,-0.0006959487517710673,1.0000182924277374,-0.00021442066338383682,1.000157385248992,1.0000183154154272,0.0012078391192062664,-0.0008502546824596732,0.0003575844367465932
235.7861328125,0.999825095562692,-0.0004152932413753757,0.9968751587723327,-0.0012319372568103215,0.9998251818120117,0.9968759199854154,0.025659305087060075,-0.0007944783836352826,0.024864826703424794
235.7958984375,1.0006384129060073,-4.5859921439663275e-05,0.9997007489334588,-0.00039706654140287567,1.0006384139569027,0.9997008277879721,0.008142389466677558,-0.0007659850605160599,0.007376404406161498
235.8056640625,0.999357069294,0.0014408568572051206,0.9962684940568405,0.0011611055365058148,0.9993581079955152,0.9962691706644101,0.02688897919047325,-0.0007436355518399052,0.026145343638633342
235.8154296875,0.9983287913885002,-0.0008657848296701327,0.9990142360253783,0.0007624262683847257,0.9983291668075189,0.9990145269590354,-0.005960879833167269,-0.0007344320509715687,-0.0066953118841388375
235.8251953125,0.9991744088059609,-0.0011209298814354733,0.9961555036674858,0.0010366901530685561,0.9991750375667622,0.9961560431044405,0.026284031739734787,-0.0007804236271208203,0.025503608112613967
235.8349609375,1.0003290605275628,-0.002419438997076944,0.996917631589827,-0.0020003283725519576,1.0003319864030227,0.9969196384304344,0.029680092751035673,-0.0008991630458704835,0.02878092970516519
235.8447265625,1.0001725321499968,-0.0001270981958002021,0.9973018856949433,-0.0013889565256789281,1.0001725402255792,0.9973028529042318,0.024957308213694865,-0.0009079680634230942,0.02404934015027177
235.8544921875,1.0016501968733043,8.283676442559048e-06,0.996452695246148,-0.0011821311355180277,1.0016501969075573,0.9964533964502977,0.04518177853631469,-0.0008779069444098902,0.044303871591904805
235.8642578125,0.9996528547255527,-0.0012257899325954279,0.9975163688299932,-0.0011591552425141592,0.9996536062666436,0.9975170423229125,0.018584256395571937,-0.0008540122221391499,0.017730244173432788
235.8740234375,1.0025175959497268,0.0024369833047681038,0.9966684862659392,0.002571098501861103,1.002520557932079,0.9966718025825476,0.05082231147488532,-0.0008042499227843837,0.05001806155210094
235.8837890625,0.9999926247868842,-0.00034012649490528304,0.9990986913389329,-9.634484233671703e-05,0.9999926826303253,0.9990986959842841,0.007768599220742118,-0.0008762670177459985,0.00689233220299612
235.8935546875,1.000156513690708,-0.001622760359022958,0.997270941017501,-0.002496617422998171,1.0001578301593876,0.9972740660904046,0.025080278226877303,-0.0009276461524968947,0.02415263207438041
235.9033203125,1.001806942062507,0.0031180350818883792,0.9975172423169111,-0.001014010791345938,1.0018117943543106,0.9975177577053052,0.037310093021165884,-0.0008971508756865577,0.03641294214547933
235.9130859375,0.9992447795728306,-0.0018980129793750977,0.9927211499886893,0.0012776376960217401,0.9992465821591909,0.9927219721517944,0.05690074274053275,-0.0008841049499042887,0.05601663779062846
235.9228515625,0.9982878675341129,0.0011628506341148906,0.9977251407791664,-0.0033519244581081725,0.9982885448042585,0.9977307712706772,0.004854421440524807,-0.0008379453759673333,0.004016476064557474
235.9326171875,0.9999488387183956,0.002177671288094314,0.9959043522352602,6.303683293508517e-05,0.9999512099630194,0.995904354230252,0.03522358138333026,-0.0007878527542465392,0.03443572862908372
235.9423828125,1.0003233991501124,4.507188832723001e-06,0.9977347201461352,-0.0008638748986101098,1.0003233991602665,0.9977350941331707,0.022503589825734492,-0.0008184340270025391,0.021685155798731953
235.9521484375,1.002471124184027,-7.735036582265739e-05,0.9972505029270177,-0.00032185012854464806,1.0024711271681923,0.9972505548635682,0.04535172900331673,-0.0008039039294660279,0.0445478250738507
235.9619140625,1.0010041299559613,-0.0008922475734424573,0.9989066500316742,-0.002972403790798509,1.0010045276094526,0.9989110724492933,0.018184294501495512,-0.00081289372974807,0.017371400771747442
235.9716796875,0.9984639729868963,-0.0002803197524500675,0.9966025730108181,0.00014555540147683936,0.9984640123369201,0.9966025836401179,0.016208149596327402,-0.0007846628651344698,0.015423486731192933
235.9814453125,0.9994515086428125,-0.0011765645854073835,0.9977374009281563,0.0009406005486889618,0.9994522011745322,0.9977378442959175,0.01491166886091315,-0.0007806100326432899,0.014131058828269859
235.9912109375,1.0008119887520464,-0.000261175139150275,0.9989056759897159,0.000475964353426727,1.000812022830601,0.9989057893848333,0.01655967481845394,-0.0007732400881768693,0.01578643473027707
236.0009765625,0.9988808280048603,0.0009862739030124111,0.9973621068338251,0.0007607640277942115,0.998881314917787,0.9973623969801108,0.013217981395119168,-0.0007379094282757895,0.012480071966843378
236.0107421875,1.0015107035281832,0.0006843810195388853,0.9948191249701699,-9.301481058513334e-05,1.00151093736359,0.994819129318576,0.05823137649412071,-0.0007566487444035097,0.0574747277497172
236.0205078125,0.9961474278682934,0.002436915378452294,1.0005476321528537,0.0002792057219409667,0.9961504086257147,1.0005476711094368,-0.038257359766076915,-0.0007022770676294754,-0.03895963683370639
236.0302734375,1.0017064872244072,0.0003148218547378759,0.9950155641032843,-0.002715758376178231,1.0017065366963829,0.9950192702412023,0.05818032238657972,-0.0006919858817111247,0.05748833650486859
236.0400390625,1.0020993608851558,0.0005728820592637993,0.9966118256566554,0.002138693061942374,1.0020995246382924,0.9966141204331317,0.047676399556374774,-0.0006933664090931068,0.046983033147281666
236.0498046875,0.998776559215002,-0.002266563043171716,0.9975735570476657,0.0012467487707117596,0.9987791310121509,0.9975743361290073,0.010483831479929739,-0.0006330541847524092,0.00985077729517733
236.0595703125,0.9988396990279041,-0.002270299042364712,0.9980651441146341,-0.0018033271967304487,0.9988422791471615,0.9980667732599577,0.0067463852501812045,-0.0006944709836419156,0.006051914266539289
236.0693359375,1.0002252028742633,0.00028386725846627636,0.9966609433272601,-0.0019098474551508275,1.0002252431555012,0.9966627731942663,0.030991476233548414,-0.0006437907602907982,0.030347685473257616
236.0791015625,0.9962420866600403,-0.00120186710223018,0.9988041258743022,-0.0012036538752635169,0.996242811626404,0.9988048511326828,-0.022308845095404612,-0.0006105599529893575,-0.02291940504839397
236.0888671875,1.0008688222277529,0.0006550073587478445,0.9955883088984461,-0.0017939666928252003,1.0008690365588344,0.9955899251859486,0.04593521481859543,-0.0005934511715241142,0.04534176364707131
236.0986328125,0.9999959098254717,-0.00021209703088099406,0.996020321164047,-0.0011314050470675808,0.9999959323181387,0.9960209637598557,0.03459508175715784,-0.0005748219297100253,0.034020259827447816
236.1083984375,0.9995871166307638,0.002001127226452213,0.998119028966269,-0.0010657871573649766,0.9995891197108844,0.9981195979875522,0.012778745668769045,-0.0005882929728041418,0.012190452695964903
236.1181640625,0.9991862521361387,0.002355300584611204,0.9974831803688544,0.0005491634202722012,0.9991890281116516,0.9974833315395435,0.01484018718819387,-0.0006071028168565839,0.014233084371337286
236.1279296875,1.0003229945958727,0.0019636378212859575,0.9964382491754,-0.0013783586986338592,1.0003249219082506,0.9964392025068257,0.03380566795748823,-0.00056965098959304,0.033236016967895195
236.1376953125,0.9990280793209867,-0.0018318843949222223,0.9949154097450896,0.0024214717867657143,0.9990297588521655,0.9949183564865279,0.03581962593800839,-0.000557705476143191,0.035261920461865194
236.1474609375,0.9986995659671094,-0.0004593328916372657,0.9942636571573149,0.0001448704750928735,0.9986996715978222,0.994263667711585,0.038666746207820735,-0.0005578399858919998,0.03810890622192874
236.1572265625,1.0007267146202994,-0.0007765145178858573,0.9972873570632651,-0.0011907956677733762,1.000727015888716,0.9972880679886603,0.0299000259494034,-0.0005546458724553108,0.029345380076948088
236.1669921875,1.0011650028639107,-0.0001851358085462827,0.9972777390610578,-0.0019543677301181598,1.0011650199816022,0.9972796540489332,0.03377416713548723,-0.0006035820338455267,0.033170585101641704
236.1767578125,0.9983343154732981,-0.0009935175765837664,0.996665399472371,-0.0019193576002843218,0.9983348098352144,0.9966672476002303,0.0145205513517907,-0.0005722364906207878,0.013948314861169913
236.1865234375,0.9999905839849775,-0.0019097005814307606,0.9995864423985028,0.0017443619545645984,0.9999924074786404,0.999587964426105,0.003513684987579955,-0.0005634365756809705,0.0029502484118989845
236.1962890625,1.0019080925435813,0.0007813231355137593,0.997695139644049,0.0002477975596703481,1.0019083971951526,0.9976951704167907,0.036602932267455826,-0.0005296795315213158,0.03607325273593451
236.2060546875,1.0000020998887167,0.0007886239232702594,0.9949059386207382,-0.0006948362284085833,1.0000024108518615,0.9949061812553966,0.04437835830021181,-0.0005869103936650146,0.0437914479065468
236.2158203125,0.9986651020077298,-0.0002894717976343866,0.9977258994399745,-0.0017450732128214035,0.9986651439606927,0.9977274255495958,0.008159636890810758,-0.0005822376937621211,0.007577399197048637
236.2255859375,1.001327822181981,0.0007327603487474815,0.9934693510718225,0.0031003925323677293,1.0013280902948032,0.993474188871016,0.06839622573461222,-0.0006048643449544457,0.06779136138965777
236.2353515625,0.9997345224921969,-0.002049403509099571,0.998361995883743,-0.002426077029519845,0.9997366230750196,0.9983649436326999,0.011925578083636248,-0.0006334590445312315,0.011292119039105016
236.2451171875,1.0033543479094482,-0.001299940130739089,0.9971434430873675,0.0002489874003457513,1.0033551900065785,0.9971434741735292,0.053941002367895646,-0.0006109437177445403,0.053330058650151106
236.2548828125,1.0011801680772416,0.0011380882205555551,0.9983884556238678,0.0019452986384710673,1.0011808149360293,0.9983903507695797,0.0242428776117768,-0.0006322178915939687,0.02361065972018283
236.2646484375,0.9990054729610279,0.0012107819218936933,0.9956627408143306,-0.0007329905790793621,0.9990062066869001,0.995663010622115,0.029116265490964043,-0.0007107327365579955,0.02840553275440605
236.2744140625,1.0005375492125315,0.00012667721578053432,0.998066811701706,0.002181613039089907,1.0005375572317792,0.9980691960259375,0.021454869885572537,-0.0007211942962145148,0.02073367558935802
236.2841796875,0.9991694906366168,-0.0024398499017857503,0.9937115479563471,-0.00016051664159903725,0.9991724695399586,0.9937115609206688,0.04760233670018106,-0.0007150879883329175,0.04688724871184814
236.2939453125,0.999960899414129,0.00014990557333783737,0.9972111162162011,-0.0006609990697020242,0.9999609106504088,0.9972113352870252,0.02391633800783667,-0.0006687216113769544,0.023247616396459718
236.3037109375,0.9996156547577224,-0.0009573271119667821,0.9963424051710309,-0.0017630509213689416,0.999616113171406,0.9963439650494933,0.0284790695347555,-0.0007037903324524257,0.027775279202303074
236.3134765625,1.001411820515878,-0.00032873242722023324,0.9976261835000255,0.0009948031363407367,1.001411874472204,0.997626679493941,0.032893637861691555,-0.0006912266376322991,0.03220241122405926
236.3232421875,0.9988487170123647,0.001120662132393204,0.998675052640123,0.001227731627400792,0.9988493456777462,0.9986758073022002,0.0015092027046616676,-0.0007497108100696523,0.0007594918945920153
236.3330078125,1.0017707279696868,0.0016406361232510925,0.9977022060274617,0.0011048961377729048,1.0017720714333203,0.9977028178308103,0.03535441899168855,-0.0006809971203884475,0.034673421871300104
236.3427734375,0.9984113580931145,-0.0008648050148113569,0.9970325619113412,0.001519313556229255,0.9984117326319093,0.9970337195025927,0.011996591388613868,-0.0006730510410418825,0.011323540347571985
236.3525390625,0.9977098299444286,0.0008137273134055006,0.9984183991989436,-0.0014708458112045837,0.9977101617804045,0.9984194826055738,-0.00617302857262221,-0.0006306912656031035,-0.0068037198382253136
236.3623046875,0.9994574006640471,-0.0003834270803035412,0.9966776984315742,0.00014383557778435208,0.9994574742121144,0.9966777088103924,0.024191498964694406,-0.0006705215901608749,0.02352097737453353
236.3720703125,0.9988670935400237,0.000522876797492419,0.9980853440696956,0.0024378256096368447,0.9988672303951311,0.998088321262415,0.006775833445401238,-0.0006371746828676885,0.006138658762533549
236.3818359375,1.0002952469744968,0.0010121291342941438,0.9987232866664226,0.001834812198013152,1.0002957590258763,0.9987249720846993,0.013650368514670861,-0.0006428778173201433,0.013007490697350717
236.3916015625,0.9985188715538754,0.0027287233879992557,0.9964540924739141,-0.0013211046703156795,0.9985226000349483,0.9964549682376831,0.018004441071619873,-0.0007150127325291474,0.017289428339090727
236.4013671875,1.0003029225103883,-0.0006335983827502926,0.9995374311568606,-0.0007700590045442669,1.0003031231730382,0.9995377277894647,0.006648669220465226,-0.0007683403204158956,0.005880328900049331
236.4111328125,1.0013923118261188,0.00016600711341043043,0.9971290401754872,-0.0003054880984362559,1.0013923255861412,0.9971290869713242,0.037057472634735036,-0.0008881388234044476,0.03616933381133059
236.4208984375,1.0024961504177181,-0.0006526777428556195,0.9946292433129396,0.00012310253524605843,1.002496362881472,0.9946292509309711,0.06843156900425325,-0.0008255447742320966,0.06760602423002116
236.4306640625,1.001722346475348,0.0021258964752570247,0.995378440922441,0.001044572753501217,1.0017246023053943,0.9953789890214816,0.055197419299682124,-0.0008602559416199606,0.054337163358062164
236.4404296875,0.9992971278576539,-0.00035372429494090837,0.9968565123172346,0.0010456288367361,0.9992971904620933,0.9968570607107848,0.021235541559031235,-0.0008915495552071027,0.020343992003824134
236.4501953125,1.0006251360679006,0.0002903172762648454,0.9971802777082179,0.0007656111290497824,1.0006251781836322,0.9971805716171166,0.029952363621967487,-0.0008561586225496656,0.02909620499941782
236.4599609375,1.0004868163090204,6.363415430872997e-05,0.9946867798029899,0.0014478579193107854,1.000486818332688,0.9946878335474886,0.05049130275038796,-0.0008510721488220112,0.04964023060156595
236.4697265625,1.0013243742138784,-0.0018181592721653185,0.9968191878222973,-0.001395357844840714,1.0013260248779885,0.9968201644400155,0.039173783217281405,-0.000888633503025683,0.03828514971425572
236.4794921875,1.0009265632525033,0.0008261368260573662,0.9936452106262694,-0.0004813996569727423,1.000926904187575,0.993645327240134,0.06341936756025829,-0.0009049123903260867,0.0625144551699322
236.4892578125,1.0020986815764983,-3.323099208348553e-05,0.9964344942533927,0.002759585032934496,1.0020986821274913,0.9964383155256367,0.049201441990521705,-0.0007758832277645518,0.04842555876275716
236.4990234375,1.001103748344238,0.00022983478909869998,0.9969748669836159,-0.0021245841768758504,1.0011037747271327,0.9969771307582352,0.03587805173904843,-0.0007681141324480893,0.03510993760660034
236.5087890625,0.9995098598272378,0.0014718026487041934,0.9974920996171514,-0.002099813110134669,0.9995109434593008,0.9974943097650886,0.017542531382074854,-0.0007945730604187721,0.016747958321656084
236.5185546875,0.9997748166403558,0.00046055596793111294,0.9985842285454558,0.0014079919956586783,0.9997749227201373,0.998585221171024,0.010342097354438803,-0.0007398537735858848,0.009602243580852918
236.5283203125,0.9986516088198713,0.00019680631707374622,0.9965589590120596,0.0026728157132066485,0.9986516282123831,0.9965625433112749,0.018189092464966087,-0.0007128578485993425,0.017476234616366746
236.5380859375,1.000633804277361,0.00026683322919510204,0.9959469150095411,-0.0010865922285873783,1.0006338398547974,0.9959475077531413,0.040774735517317015,-0.0007372133347447683,0.04003752218257225
236.5478515625,1.0007080660349503,0.0019054554834566596,0.9962848704901957,-0.00013406791209005344,1.000709880129106,0.9962848795108108,0.038492970237073265,-0.000768333245969401,0.037724636991103865
236.5576171875,0.9978961799215109,0.0009372471092304033,0.9958033683948059,-9.878405642929922e-05,0.9978966200634654,0.9958033732945131,0.018239170549058117,-0.0007288330080229844,0.017510337541035134
236.5673828125,1.001078060662932,-0.0004687635208460159,0.9973261063758366,0.0008908236790107882,1.0010781704142266,0.9973265042229721,0.03261261064099303,-0.0006778987357026422,0.03193471190529039
236.5771484375,0.9993593700804114,-0.0009281525833210626,0.9966283609845588,0.0014167077724409859,0.9993598010900453,0.9966293679094954,0.02376391258253703,-0.0007383856459532536,0.023025526936583777
236.5869140625,1.001925406014013,-0.00023298276524224442,0.996701079365551,-0.0005489500934119079,1.001925433102341,0.9967012305373458,0.04540813059032541,-0.0007907809624070382,0.04461734962791837
236.5966796875,1.0000957023850463,-3.587454330355689e-05,0.9963327921782277,-0.0014948126172508996,1.000095703028476,0.9963339135221807,0.032732961775376365,-0.0008356058425008611,0.0318973559328755
236.6064453125,1.0010661805203285,-0.0019884346958294126,0.9987605802156396,-0.0010271965437258228,1.0010681553491243,0.9987611084365573,0.02004047457926661,-0.0008181924247556082,0.019222282154511
236.6162109375,0.9988454054259301,0.0006868543476796777,0.9985973812663169,-0.0007181893371525985,0.9988456415830155,0.998597639526486,0.0021568757666059076,-0.0009108607726384541,0.0012460149939674536
236.6259765625,0.9970446822780097,-0.0004994802931034196,0.9962157550554246,-0.003392562227843425,0.9970448073880234,0.9962215316379782,0.007175039856149472,-0.0009634085065115157,0.006211631349637956
236.6357421875,0.9995716348505737,-0.0023951128425317414,0.9963777501992075,0.0005152089930525335,0.9995745043584181,0.9963778834018451,0.02782182656562741,-0.0009550476914573428,0.026866778874170067
236.6455078125,0.9992656278651534,0.0012181902641428771,0.9982858877414247,0.0002332197929266673,0.9992663704039375,0.9982859149838568,0.008526563554847405,-0.0008989509625689499,0.007627612592278455
236.6552734375,1.0004350964323148,-0.0012768356576890643,0.993872918101489,0.0014646223203532783,1.0004359112321146,0.9938739972723455,0.057158885798810656,-0.0008747533943432887,0.05628413240446737
236.6650390625,0.9990445422083483,-0.001842214059679571,0.9983304586223726,0.0011033833702338179,0.9990462407060695,0.9983310683676125,0.0062200649234155385,-0.0009003951339191943,0.005319669789496344
236.6748046875,0.9987223899303809,0.0006911752565321931,0.9981114940140695,-0.0006157780649401525,0.9987226290975323,0.9981116839640857,0.0053150150064049,-0.0008550974106012463,0.004459917595803654
236.6845703125,1.0005801102175653,-0.0009800071103301285,0.9949273560886295,0.002480594286878264,1.0005805901460068,0.9949304484442754,0.04918703776683648,-0.0008268258951076115,0.04836021187172887
236.6943359375,0.9990906029399081,0.0018690576205606507,0.9967909894422543,0.00043986392066686764,0.9990923512164518,0.9967910864938234,0.020029767158537798,-0.0008294644273510423,0.019200302731186756
236.7041015625,0.999941969464784,-0.0003306817250926649,0.9947527623404562,-0.0015092754157819007,0.9999420241431571,0.994753907303836,0.0451833396792896,-0.0008514925767872213,0.044331847102502375
236.7138671875,1.0017042020959996,-0.00033566679705613445,0.9967060599773359,-0.0016998562561586269,1.0017042583362525,0.9967075095065936,0.04343579239023742,-0.0007669903865249494,0.042668802003712474
236.7236328125,1.001678375480583,-0.00029855913891201096,0.9973785462289452,0.004097031614852411,1.0016784199746838,0.9973869610867275,0.03729262274332214,-0.0008401959881315304,0.03645242675519061
236.7333984375,0.9986091894500588,-0.0023321074911976194,0.9974686304198139,-0.0009298864817554966,0.998611912596407,0.9974690638613553,0.00994614866573351,-0.0008054671361061279,0.009140681529627381
236.7431640625,1.0016026255493997,-0.0029147188535955586,0.9956380848465626,-0.0009385175080592761,1.00160686653669,0.9956385271834572,0.05191198980088929,-0.0008399085593205669,0.05107208124156872
236.7529296875,1.0004445037982699,-0.0010474601742426917,0.9987097260299302,0.00019241478815100333,1.0004450521407875,0.9987097445655714,0.015079066310237884,-0.0008021730405039806,0.014276893269733904
236.7626953125,1.0003092077358753,-0.00016119353893829898,0.9966654879858292,0.0005256869648890965,1.0003092207235378,0.9966656266214944,0.03169583374277435,-0.0008232632681193468,0.030872570474655
236.7724609375,1.0010879583703303,-0.000667781259936192,0.9941052888866316,1.6317875414461786e-05,1.001088181093897,0.9941052890205575,0.06079899364002174,-0.0007836510229796878,0.06001534261704205
236.7822265625,0.9979903146531987,0.0027851915698673384,0.9974407238367243,-0.0001995095789873838,0.9979942011022265,0.9974407437898258,0.004818267085550633,-0.0008141209469980204,0.004004146138552612
236.7919921875,0.9997502481425211,-0.002131509864935911,0.9967534604085159,0.0007425626638741937,0.9997525203745861,0.9967537370061177,0.02609270156662514,-0.0008564323079473416,0.025236269258677797
236.8017578125,1.0003461286929873,0.0013629843267419675,0.9972170515387107,0.0005942078291403813,1.000347057234299,0.9972172285728439,0.027218516849449207,-0.0008391500382700805,0.026379366811179125
236.8115234375,1.0034197169972987,-0.0002134562866562662,0.9993797223312679,0.00030075807219608254,1.00341973970145,0.9993797675870472,0.035041749703938724,-0.0008565771151144083,0.034185172588824315
236.8212890625,1.0001905591767595,-0.0008957775060625099,0.9963739457325033,-0.0007096008316521809,1.0001909603089099,0.9963741984153833,0.03320904686866831,-0.0008785565827554303,0.03233049028591288
236.8310546875,1.0000938923634055,0.0025740121410172613,0.9962597675330225,3.628211602384636e-05,1.0000972048161563,0.9962597681936894,0.0333924167862817,-0.0009157898008927682,0.03247662698538893
236.8408203125,0.9996114828854012,0.002365908045329683,0.9956818679701235,-0.00024849631050231745,0.9996142827297088,0.9956818989792326,0.034236817377938766,-0.0009096989140705393,0.033327118463868224
236.8505859375,1.004533004633691,0.00042998191675112907,0.9961525950744579,-0.00024696708506750015,1.0045330966587611,0.996152625688613,0.07276732261276476,-0.0009422855745453389,0.07182503703821942
236.8603515625,1.0011329665615485,-0.001669082180361707,0.9970713215556225,-0.0027252398580400214,1.001134357901901,0.9970750459223015,0.035290379773901516,-0.0009223259492744195,0.0343680538246271
236.8701171875,0.9998838763070872,-0.0007438989646321857,0.9962844038749468,-0.0004283856442238941,0.9998841530320179,0.9962844959742765,0.031326268794839865,-0.000985471578983496,0.03034079721585637
236.8798828125,0.9986283275131498,-0.0020800826416414358,0.9948344452765452,-0.0009433845372154796,0.9986304938542117,0.994834892574178,0.03307628403565966,-0.0010252958758840405,0.03205098815977562
236.8896484375,1.0026494436997788,0.0006637431691577638,0.9947180200501546,0.0001380073158198462,1.0026496633951814,0.9947180296237317,0.06898445184927023,-0.0010460153963393743,0.06793843645293085
236.8994140625,0.9998447394859247,0.0015427999298126798,0.9966154171686519,-0.0011712157168746358,0.9998459297858346,0.9966161053708201,0.02810363773447323,-0.0009900356531319897,0.02711360208134124
236.9091796875,1.001193933904259,0.00036874199083665454,0.9984180596255319,-0.0009372323590146509,1.0011940018085115,0.998418499523575,0.024112393779375206,-0.0010432767964037308,0.023069116982971476
236.9189453125,1.0041769479162825,-0.0027113388012819984,0.9978259511352234,-0.00032387627473323823,1.0041806082994014,0.9978260036974156,0.055140257081782704,-0.0010247844691888732,0.05411547261259383
236.9287109375,0.9993164212810887,-0.0006262583496538986,0.9971752622948543,0.002984330403612632,0.9993166175149709,0.9971797280133452,0.018593365832185085,-0.0010081324273509646,0.01758523340483412
236.9384765625,0.9962778499498944,0.0020810627648060287,0.9991067714935663,0.0016169998002513784,0.9962800234487368,0.9991080800056875,-0.024620978293873226,-0.0009417558387373298,-0.025562734132610555
236.9482421875,1.0001523981482079,0.0016339086863368,0.9969011951647266,-0.00025863744351029114,1.0001537327727206,0.9969012287153566,0.02829257763353993,-0.0009671653960265765,0.027325412237513357
236.9580078125,1.0003791842360157,-0.000518396830075113,0.9958279835232272,0.0014343514625305821,1.0003793185527126,0.9958290165144089,0.03959856201878005,-0.0009596263073719468,0.038638935711408105
236.9677734375,1.0002902712458102,0.0009288814607954117,0.9959874158030134,0.00013254571123936054,1.0002907025309116,0.9959874246225854,0.03744754238546951,-0.0009253295179170066,0.03652221286755251
236.9775390625,1.0025640426828062,-0.0014873497835213693,0.9986043611845548,0.00011870455076583113,1.002565145958042,0.9986043682397865,0.03438281746797346,-0.0008830324783540278,0.03349978498961943
236.9873046875,1.0002455637006953,-0.0015655524967517446,0.9977770811774792,-0.0013748089355517933,1.0002467888763962,0.9977780283322834,0.021464590786755205,-0.0009016254426347309,0.020562965344120474
236.9970703125,0.9994720927873587,0.0014505978735539042,0.9977013480189393,0.0011208239703279672,0.9994731454596134,0.99770197758909,0.015405932618948688,-0.0008639625563890238,0.014541970062559664
237.0068359375,0.9997625236135576,-0.0014940869266967761,0.9945380612380139,0.0022614700884982055,0.9997636400259283,0.9945406324017277,0.0454961383300792,-0.0008361886563889225,0.044659949673690275
237.0166015625,0.9991762868230507,-0.000402990137941165,0.9977037438342853,-0.0005693348006626107,0.999176368090514,0.9977039062783429,0.012809624371564039,-0.0008907679498929504,0.011918856421671089
237.0263671875,1.0002950383544087,-0.00036753654921728196,0.9954410958406957,0.0006205131836356,1.0002951058760425,0.9954412892406747,0.04224986711436149,-0.0009267180284754235,0.041323149085886066
237.0361328125,0.9989199149681698,0.0004304788096450507,0.9979954844351573,0.000344788835523498,0.998920007724353,0.9979955439942131,0.00804219337279752,-0.0009525118140228677,0.007089681558774652
237.0458984375,1.001316406875363,0.00011698133815296765,0.9968522337003825,0.00029194518805349194,1.0013164137086843,0.9968522764509468,0.038810605183796476,-0.0008897277445815559,0.03792087743921492
237.0556640625,1.0008531768512166,0.00011467003995364896,0.9956632381198345,0.0018892925845982937,1.000853183420221,0.9956650306050446,0.04514241232177912,-0.0008851321046297807,0.044257280217149336
237.0654296875,1.0030408255636833,-0.00042075242289954333,0.9933496902572906,-0.002217010640120441,1.0030409138116336,0.9933521642753056,0.08430811630854644,-0.0008816659489127665,0.08342645035963367
237.0751953125,0.9973303471809485,0.0016076471837780985,0.9920761153152987,-0.0004126180367595093,0.9973316429039734,0.99207620112204,0.04589133760791729,-0.0008874450100958851,0.04500389259782141
237.0849609375,1.0000776655264705,-0.0014317836764348275,0.9973958205547407,-0.00011527948355847564,1.000078690448592,0.9973958272167696,0.023332530905800442,-0.0009005918946525073,0.022431939011147935
237.0947265625,0.9998046391324209,-0.001030070686930116,0.9945768623796216,-0.0003958654957414384,0.9998051697587539,0.9945769411616096,0.045539839506876276,-0.0009611499364218721,0.044578689570454404
237.1044921875,0.9996699080380265,0.0008165628161131423,0.9963102151062623,0.000751320313842536,0.999670241535472,0.9963104983925948,0.029241149605086742,-0.0009957321780999153,0.028245417426986826
237.1142578125,0.9999838902068257,0.00023798048792492962,0.9967911009096079,-0.0005265448069106157,0.9999839185246379,0.9967912399805798,0.027776063817112076,-0.0010038401875864377,0.026772223629525638
237.1240234375,1.002110986069381,-0.0005026686656869171,0.9962078157764841,-0.0015227819503108543,1.0021111121411312,0.9962089796217566,0.05130851756379686,-0.0010325284754694717,0.05027598908832739
237.1337890625,1.0007380923523317,-0.0029676657539730754,0.9953672463376244,0.0005058523199428729,1.000742492614864,0.9953673748763893,0.046778780141668135,-0.0010853804827877166,0.04569339965888042
237.1435546875,0.9989854262121785,-0.0007693300788951439,0.9968511973512638,-0.0005486110262490932,0.9989857224470718,0.9968513483136321,0.018577613882733792,-0.0011160911984151888,0.017461522684318602
237.1533203125,1.0003575416974708,-0.0009742424063586885,0.9990603655453822,-0.001168160018142641,1.0003580161018721,0.9990610484857773,0.011268592319764953,-0.0010990872173057779,0.010169505102459175
237.1630859375,0.9990372627426652,-0.0005994060982562301,0.995378640591214,-0.001470531477125545,0.9990374425596009,0.9953797268419917,0.031859483720675874,-0.001107147830780777,0.030752335889895097
237.1728515625,1.0004066163642293,0.0008763033756201579,0.997126472022337,0.00015434730615573018,1.0004070001619003,0.9971264839682091,0.02852941135444972,-0.0011562570768294765,0.027373154277620243
237.1826171875,0.9973027519014015,-0.0003628208624317706,0.9942752964649412,0.0002951080049120775,0.9973028178989,0.9942753402600214,0.02640755704286556,-0.0011311404312220317,0.025276416611643527
237.1923828125,0.9999097778371748,0.0011759682314430703,0.998078553514688,0.0018187121796216842,0.9999104693499663,0.9980802105542239,0.0159134179308985,-0.001134069840841474,0.014779348090057026
237.2021484375,1.002144051575652,-0.0017280755302903291,0.9944518262194573,0.0005879999254786727,1.002145541502581,0.994452000055873,0.06693946204695744,-0.001119230212204261,0.06582023183475318
237.2119140625,0.9989569281957428,0.002355392861640533,0.9954888404736593,2.6412579850680472e-05,0.9989597050260871,0.9954888408240521,0.030231488202044545,-0.001077243126562335,0.02915424507548221
237.2216796875,1.0009646168150796,-0.0009445460775712485,0.9983220456707469,0.0014222961530065002,1.0009650624687416,0.9983230588334479,0.022956336421014262,-0.0010924958549023522,0.02186384056611191
237.2314453125,0.9981718272117408,0.0012814504109931236,0.9949611287983112,4.747001364758521e-05,0.998172649772764,0.9949611299307183,0.027991027339339617,-0.0010665535736805846,0.026924473765659034
237.2412109375,1.000770281431161,0.0027314883678969414,0.998218483903563,-0.0004790072016998757,1.0007740090672363,0.9982185988322535,0.022207209055274624,-0.00103530403720565,0.021171905018068975
237.2509765625,1.001688555339933,-0.00031469939188536833,0.9967157104752652,2.117848705109966e-05,1.0016886047743128,0.9967157107002683,0.043228587860315956,-0.0010070337850654459,0.04222155407525051
237.2607421875,0.9990908334124075,0.0006104180403957566,0.9964335457255434,-0.0011666629997679173,0.9990910198870186,0.9964342287124294,0.023128355389082846,-0.0010565835106024475,0.022071771878480397
237.2705078125,0.9978192339455,-0.0007924876115999798,0.9964780660545881,0.0005338259229256583,0.9978195486500548,0.9964782090432325,0.0116840421686373,-0.0010219668145514118,0.010662075354085889
237.2802734375,1.0012461892712134,-0.0021956215557700194,0.9953673072084958,-0.0013949519755343568,1.0012485966452802,0.9953682846818588,0.05116243271739484,-0.0009952233739501768,0.05016720934344466
237.2900390625,0.9985487522440353,0.00010587472953767586,0.9961613256055599,0.0007396950735385848,0.9985487578569101,0.9961616002341328,0.020789582281637138,-0.0009458414314704353,0.019843740850166703
237.2998046875,1.0013536449712215,0.00053111778236587,0.998588089367948,0.002028045819305955,1.0013537858235968,0.9985901487584253,0.02400533476152,-0.000915818702168681,0.02308951605935132
237.3095703125,0.9997939372270498,0.00012279513587006087,0.9941374207420348,-0.0008349751537148661,0.9997939447679263,0.9941377713894252,0.04927854762453522,-0.0008448770619177145,0.048433670562617506
237.3193359375,1.0008679491509642,-0.0007792561878282729,0.9971063667651379,0.0011649244089588537,1.0008682525077233,0.9971070472584437,0.03270255873229288,-0.0007807743566815595,0.03192178437561132
237.3291015625,1.0005198066467835,0.0011341488576416421,0.9945161559123583,-8.376420546046337e-05,1.0005204494592546,0.9945161594399239,0.05228250719135223,-0.0006937427255530954,0.05158876446579914
237.3388671875,0.9989213349268471,0.0005409141806134879,0.9982362244597446,0.0009896009930374567,0.9989214813788845,0.9982367149798542,0.005956268876197722,-0.0006971986747062302,0.005259070201491491
237.3486328125,1.0019801101293977,0.0014102506039871808,0.9975561605529213,0.002462721874544631,1.0019811025671521,0.9975592004769025,0.03841704625839465,-0.0006914595390641134,0.03772558671933054
237.3583984375,1.0005061364075214,-0.0024005588441330258,0.9963821119516062,-0.0021505993899172504,1.0005090162871448,0.9963844328846566,0.03588146097587061,-0.0007241329389869466,0.035157328036883664
237.3681640625,1.0034904590592988,-0.002222590789652934,0.9971791222668568,0.0013862832660633928,1.0034929204199003,0.9971800858752609,0.05481432094363198,-0.0007640650484060967,0.05405025589522588
237.3779296875,1.0010029120812185,0.0004556018323588519,0.994732695001254,0.002542091930195313,1.0010030157637435,0.9947359432210336,0.054551502484140243,-0.0006978688391109476,0.0538536336450293
237.3876953125,0.9994847033791225,0.002788237115898124,0.9968545834061556,-0.00020345249996806962,0.9994885925087225,0.9968546041679197,0.022920453106630233,-0.00067426734506195,0.022246185761568282
237.3974609375,1.0030664738907977,-0.00016624423070415252,0.9967947689604999,0.00016865755818272198,1.0030664876671251,0.9967947832289195,0.0544792901125125,-0.0006683379959101765,0.05381095211660232
237.4072265625,1.0003665938887283,0.001681174459014884,0.996576194507207,0.0008306484950108308,1.0003680065436407,0.9965765406808395,0.032982682136205026,-0.0006253535350906561,0.03235732860111437
237.4169921875,1.0000588343077708,-0.0019648714761369137,0.9944745126506747,0.0007961771482154064,1.000060764552302,0.9944748313606776,0.04865185277203004,-0.000571437143369673,0.04808041562866037
237.4267578125,1.0008904028059395,-0.002143048173077601,0.9947178183250932,-0.0013077963228988725,1.0008926970882084,0.9947186780314599,0.05374495246703431,-0.0005139324022969661,0.053231020064737344
237.4365234375,0.999765274358143,0.0005241023168609233,0.9953979342829249,0.0013712545586651605,0.9997654117319978,0.9953988787987351,0.03801920863751483,-0.0004987441008932792,0.03752046453662155
237.4462890625,1.0010157100617363,-0.00028339313757143135,0.9982032537299645,-0.002977755105728984,1.0010157501768253,0.9982076952130542,0.02439994549740239,-0.00048252196530154494,0.023917423532100843
237.4560546875,0.9982316151411122,-0.0007287905062562724,0.9957255961567725,0.0005518138030373451,0.998231881179336,0.9957257490595658,0.021833962911710927,-0.000473678781442038,0.02136028413026889
237.4658203125,0.9988919924033809,-0.0019957406784784737,0.9967051567355936,0.0001222395221324248,0.9988939861008533,0.9967051642315418,0.01905379927123212,-0.0005156660109891499,0.01853813326024297
237.4755859375,0.9978596168161575,0.0008912173262118551,0.9976028605783236,-0.0015811968705396495,0.997860014802082,0.9976041136731533,0.0022277814415177693,-0.0005545149899699112,0.0016732664515478582
237.4853515625,1.000709330914617,0.0015582606961166276,0.9957948305077983,0.0009543594980452564,1.0007105441415003,0.9957952878318446,0.04276817970804786,-0.0005894236978121429,0.04217875601023572
237.4951171875,1.0002128990101258,-0.0001940317616840836,0.997991771837599,-0.002113706755932292,1.000212917830281,0.9979940102083781,0.019290489260530678,-0.0005885919572255958,0.01870189730330508
237.5048828125,1.000766074085551,0.0009827321499780825,0.995440718400241,0.000678682062814813,1.0007665565970345,0.9954409497597183,0.04634562573669365,-0.000560366570542924,0.04578525916615073
237.5146484375,0.9999468277331797,0.0020748605032441473,0.9953200009995598,-0.0022073259783637724,0.9999489803683772,0.9953224485952974,0.040280851843310574,-0.000534126889577429,0.039746724953733145
237.5244140625,0.9992769330132846,-0.0014559647616696455,0.9971520383638411,-0.0007855559374276633,0.9992779936963606,0.9971523477941043,0.018496145154399832,-0.0005177186644444981,0.017978426489955332
237.5341796875,1.0017417290518322,0.0013451929548591406,0.9940107352663802,7.159934254945068e-05,1.00174263225034,0.9940107378450573,0.06730162003489666,-0.0005296847843821987,0.06677193525051446
237.5439453125,0.9993960000872902,0.0004902161028901099,0.9977824939463248,0.0010176843687853682,0.9993961203158147,0.9977830129377941,0.014031065589839905,-0.0005364374885328345,0.01349462810130707
237.5537109375,0.9987241347123015,0.0012905121623495678,0.9981550612707814,0.0028173180897074403,0.998724968486558,0.9981590372389042,0.004923286958447766,-0.0005951076059888282,0.0043281793524589385
237.5634765625,1.0008513838939,-0.0001474235898062924,0.9962541666808158,0.0004555828405052002,1.0008513947515134,0.9962542708488688,0.03998805079265332,-0.0006049971874157632,0.039383053605237556
237.5732421875,1.0002983970185841,-8.03320834472117e-05,0.9985944555372036,-0.0019287016744496642,1.0002984002442434,0.9985963180984562,0.014792276062110409,-0.0006261894968149394,0.01416608656529547
237.5830078125,0.9994325390471988,0.0018112192044492897,0.9958318650288741,0.0013716768978793027,0.9994341802346651,0.9958328097147623,0.03135534342943128,-0.0005272475538335964,0.030828095875597688
237.5927734375,1.0013555549147861,0.002386522621129545,0.996987820914499,-0.0013320940054208856,1.0013583988008092,0.9969887108319133,0.037986081357398435,-0.0004888445782608514,0.037497236779137584
237.6025390625,0.9988626155728761,0.0015732208998997018,0.9957194150318065,-0.002694258187655946,0.9988638544932373,0.9957230601419575,0.027354652192705123,-0.0005465487549981613,0.02680810343770696
237.6123046875,0.9987941512538224,-0.0010984203182178034,0.9966222387451241,-0.001248943782339931,0.9987947552455604,0.9966230213184495,0.018906766175762327,-0.00048739664491047677,0.01841936953085185
237.6220703125,1.0015704739040616,-0.0033618509525508277,0.9952610545445784,0.0009441905999712951,1.0015761160482182,0.9952615024148554,0.05493508280348604,-0.0005363100105995264,0.05439877279288651
237.6318359375,1.0019910313367792,0.0031236029529949734,0.9963924553479412,0.00038932325489248024,1.001995900078813,0.996392531408629,0.04870961886532966,-0.0005497352260269281,0.04815988363930273
237.6416015625,1.0012816481194584,-0.001033024629184417,0.9966129308620559,-0.002385455216374062,1.0012821810062853,0.9966157857258968,0.04057451260493616,-0.0005413770971941081,0.04003313550774205
237.6513671875,1.0035103694778806,-0.001282573728791594,0.9957815474544557,0.0016278962640429067,1.00351118909806,0.9957828780899162,0.0671512930028791,-0.0005537829929124883,0.06659751000996661
237.6611328125,0.999359832496707,-0.0008961169475685154,0.9970445758421694,-0.0021357444732167797,0.9993602342666184,0.9970468633021953,0.02012985618704709,-0.0006231330715199548,0.019506723115527137
237.6708984375,1.0023770969417911,-0.002551414310348391,0.9959515119559736,-0.0029812384817945545,1.0023803440752597,0.9959559739015953,0.055848019238218596,-0.0006027009199507889,0.05524531831826781
237.6806640625,0.999176811517382,-0.0016918531102269733,0.9970277491069437,0.00018684082932193807,0.999178243878933,0.9970277666137258,0.018714316380570705,-0.000612696510093352,0.018101619870477353
237.6904296875,1.000150891009857,0.0005689709264891645,0.9971267010659985,0.000724439200242939,1.0001510528493815,0.997126964228185,0.026302717866303102,-0.0005314041624217833,0.02577131370388132
237.7001953125,0.999728563083036,0.001390611338443494,0.9957951880646502,0.0007355706193432695,0.9997295302450393,0.995795459739021,0.0342475756352921,-0.0005705509424753078,0.03367702469281679
237.7099609375,0.999485288050046,-0.0030942728835955916,0.9956058636591663,0.0012938594065435038,0.9994900777662387,0.995606704389177,0.033813492635222,-0.0005905554079118522,0.03322293722731015
237.7197265625,1.0023502970707383,5.6967404909193284e-05,0.9949851292143349,0.0015414494073902967,1.002350298689576,0.9949863232346172,0.06404826028712128,-0.0005254568602314799,0.0635228034268898
237.7294921875,0.9990710860804978,0.0009027432181991982,0.9984967572040726,0.0021634284410469913,0.9990714939319324,0.9984991009358336,0.004977789062936721,-0.0004608151746010947,0.004516973888335626
237.7392578125,1.0004631441066367,0.0001895547539055668,0.9963563523435782,0.001731896869823141,1.0004631620638222,0.9963578575603087,0.035715040795349845,-0.00041701655070118564,0.03529802424464866
237.7490234375,1.0009192087979903,0.0007965215101867701,0.9956262423573109,-0.0005517801645275824,1.0009195257298715,0.9956263952567191,0.04605519398365533,-0.00033877632273650505,0.04571641766091883
237.7587890625,1.0002050392009605,0.0003790762878937178,0.9980397266573849,-0.0005944506278734484,1.0002051110356451,0.9980399036901765,0.01882327669325283,-0.00036061106904995254,0.018462665624202877
237.7685546875,0.9994640414261555,-0.0002597021841026758,0.9938148085521684,-7.525648347924797e-05,0.9994640751668507,0.9938148114015615,0.049234468206007236,-0.0002911966447705017,0.048943271561236734
237.7783203125,0.9979672595857407,-0.0038958228883494758,0.9936574262330528,-0.00019831850828825367,0.9979748637320734,0.9936574460236915,0.03765822867470345,-0.0002576807654701284,0.03740054790923332
237.7880859375,1.0017390591305269,-0.0017052895273702517,0.995943448298744,0.002567505404103481,1.0017405106114483,0.9959467577602696,0.050382299321902066,-0.00028928181081349356,0.05009301751108857
237.7978515625,0.9982683650095092,0.0010046772270712655,0.9967463341660219,0.0001070574104117712,0.9982688705729981,0.9967463399153728,0.013257578950386484,-0.00020281041138846067,0.013054768538998023
237.8076171875,1.000883882420518,0.0007288223137467418,0.9976194617749896,-1.4286658683265475e-05,1.0008841477769215,0.9976194618772875,0.02837795890269468,-0.00023895770593602316,0.02813900119675866
237.8173828125,1.0006645433601606,-0.002881126272288026,0.998403980099007,0.0008265732023630369,1.0006686910395448,0.9984043222566683,0.019677186004421622,-0.00012286631817646005,0.019554319686245162
237.8271484375,1.0010790676471817,0.000904105890369276,0.997510261377569,-0.0002645367488485365,1.0010794759102852,0.9975102964547472,0.031023406839387528,-0.00013801069836204857,0.03088539614102548
237.8369140625,1.0020482217327826,-0.001013864353905381,0.9964250001696128,6.157249561795808e-05,1.0020487346425622,0.9964250020719999,0.048884554747874176,-0.0001543774620804029,0.04873017728579377
237.8466796875,0.998170069062739,-0.0001825508724284813,0.9979558027118658,-0.00033163345237538613,0.9981700857556963,0.997955857814879,0.0018643715988623279,-0.0002091142767949115,0.0016552573220674164
237.8564453125,1.0005794865578843,-0.00020631939751331632,0.9967264220996259,0.001640599600924969,1.0005795078294044,0.9967277723022332,0.03350089544118555,-0.0001868073339477155,0.033314088107237835
237.8662109375,1.0005248009232026,-0.0003493281520244572,0.9976806475627379,0.0007130293013679871,1.0005248619062757,0.9976809023590603,0.024724516247035443,-0.00018551475947945528,0.024539001487555986
237.8759765625,1.0010027896179747,-0.0030092261956061388,0.9951397048786604,-0.00012291459058815573,1.0010073127931003,0.9951397124695528,0.05106384950009577,-0.00018030531518262158,0.05088354418491315
237.8857421875,0.9984623232720065,-0.0007166025637451761,0.9973653839652429,-0.00029739724939901373,0.9984625804270119,0.997365428304621,0.00954966376813146,-0.00016929601719112294,0.009380367750940337
237.8955078125,1.0010671944952423,-0.0015411438263062834,0.9958665129834626,-0.000406698463817549,1.0010683807906775,0.9958665960285452,0.04525157912804301,-0.0001659386537975167,0.04508564047424549
237.9052734375,0.9977371401520875,-0.0004146725398085318,0.9949601515835725,0.0011658302043592518,0.9977372263237357,0.9949608346056998,0.02420381505089119,-0.0001345838140719439,0.024069231236819248
237.9150390625,0.9974690687547493,-0.0008296273863563074,0.9948064573762486,-0.0005303072779360919,0.9974694137686965,0.9948065987232348,0.023218601477994327,-0.00010065118343619817,0.02311795029455813
237.9248046875,0.9983966041851635,-0.0025082237476173495,0.9955529998852777,-9.790807397478532e-05,0.9983997548251072,0.9955530046996828,0.02480156472972665,-4.5819571608006956e-05,0.024755745158118642
237.9345703125,0.9975556995748348,-0.00017982320503619762,0.9954477855272376,0.0006564476475595047,0.9975557157826439,0.9954480019742846,0.018371642952865447,-7.88656620121046e-05,0.01829277729085334
237.9443359375,0.9996871578637262,0.0007296330831020425,0.9969068244292121,0.002768995584332449,0.9996874241292079,0.9969106699850705,0.02415969009377078,-0.0001098199112330512,0.02404987018253773
237.9541015625,0.9973798153303896,-0.0009009176107493568,0.9969911334507066,-0.0018362550843660991,0.9973802222227105,0.9969928244536465,0.0033743880725338525,-0.00017371922027480796,0.0032006688522590444
237.9638671875,1.0004933278767498,0.0006714562899341096,0.9984397122106078,-0.0020634970665272625,1.0004935531923445,0.998441844545462,0.01783041228301569,-0.0002094013955949673,0.017621010887420723
237.9736328125,0.9990995280249306,0.0005415853760718331,0.9989060310778086,-0.0008230164983317943,0.9990996748144595,0.9989063701267384,0.0016806988082495936,-0.00020491224631722483,0.0014757865619323687
237.9833984375,1.0024710603175342,0.0020849317504488835,0.991874931415989,-0.0005846868479459724,1.0024732284278546,0.9918751037455185,0.09231587723153938,-0.0001811805682142547,0.09213469666332512
237.9931640625,1.0005920461400997,0.0012271123028851183,0.9966590047353912,0.001700652377541466,1.0005927985966296,0.9966604556912297,0.03420291398387339,-0.00018070870834758514,0.0340222052755258
238.0029296875,1.0009966451954284,-0.0029226902110603362,0.9950933462305395,0.0009357506332299192,1.0010009119928773,0.9950937862038632,0.05140917663937991,-0.0002279108388566086,0.051181265800523304
238.0126953125,1.0000311534946722,0.0005140431430468986,0.9958629920752788,0.0017896380899062505,1.000031285610724,0.9958646001287624,0.03626584240971651,-0.00020755583635301766,0.03605828657336349
238.0224609375,1.0015477326440754,-0.0008451509693608993,0.9965480842255235,-0.0009392186586531313,1.0015480892321893,0.9965485268190655,0.043467105281277146,-0.0001742557660343431,0.0432928495152428
238.0322265625,0.9984152325479132,-0.000858080270845212,0.9966623596956821,0.0004348770996627491,0.9984156012830804,0.9966624545713845,0.0152652100321795,-0.00026941184468528195,0.014995798187494217
238.0419921875,0.9986723069408812,0.002914684806066087,0.9954478444194529,5.283989557319404e-05,0.9986765602727143,0.9954478458218641,0.028126913058706828,-0.00033633862719045776,0.02779057443151637
238.0517578125,1.0004462197911768,0.0004070610245855696,0.9957497646960518,-0.00035566065387347456,1.0004463026035597,0.9957498282132633,0.04087086722516402,-0.00030908328554134055,0.040561783939622675
238.0615234375,1.000743785188683,0.001458063214623353,0.9978818778255192,4.273850826184105e-05,1.0007448473722513,0.9978818787407477,0.024884533219359652,-0.0002500344587847657,0.024634498760574886
238.0712890625,1.0001594941193304,0.0012448056577499473,0.9989175453942761,-5.549559232932086e-05,1.0001602687660416,0.9989175469358252,0.010799125450485576,-0.00025989359268914605,0.010539231857796429
238.0810546875,0.9981695845169379,0.0021290501234482273,0.9954728607563936,0.000990687071749817,0.9981718550976804,0.9954733537184168,0.0235136115282249,-0.0003056278097069733,0.023207983718517927
238.0908203125,0.9974622150347756,-0.00038477765653697723,0.9962286595563804,-0.0007444438140890683,0.9974622892500379,0.9962289377036259,0.010746655890169831,-0.00028186720343949067,0.01046478868673034
238.1005859375,1.0016657862497966,-0.002549217002904316,0.9967073462273328,0.00040259558318144113,1.0016690300946471,0.9967074275366549,0.04313103333021936,-0.00034092488199418124,0.04279010844822518
238.1103515625,0.9997824916081613,0.0013612295862386286,0.9967041089711424,0.0013958776007315134,0.9997834182822845,0.9967050864293986,0.02678509980819277,-0.0003479732302560973,0.026437126577936673
238.1201171875,1.0019416701083637,0.001561136920167636,0.9939833397569815,-0.0005274867457554709,1.0019428863203834,0.9939834797202164,0.06927599631909168,-0.00038485183694261544,0.06889114448214906
238.1298828125,0.9980327515768338,-0.0012151623431693617,0.9982617502704663,0.0007352332124446966,0.9980334913416213,0.9982620210250069,-0.0019886671139463705,-0.0004567236999920617,-0.0024453908139384323
238.1396484375,0.9967733270074381,0.0009712670096861114,0.9970715896311291,7.156423025443494e-05,0.996773800214011,0.9970715921993695,-0.0025945726273449653,-0.00048344489981623663,-0.003078017527161202
238.1494140625,1.001310576988923,0.001681774014396478,0.995405871485929,0.0009530187513065092,1.0013119893188762,0.99540632770412,0.05138038166535233,-0.0005220963153291637,0.050858285350023166
238.1591796875,1.0000070635235387,-0.0008219181865929713,0.994541523448499,0.00040827902168981346,1.0000074012958486,0.9945416072518136,0.04760515032538464,-0.0005368624976165715,0.04706828782776807
238.1689453125,0.9986521454021228,-0.0009131442493576349,0.9954737979216254,-0.0011089891920778878,0.9986525628809465,0.9954744156458935,0.02768636080572269,-0.0005307508874231049,0.027155609918299586
238.1787109375,1.0021642109878668,0.0022995158559468844,0.9947696056498533,-0.001239319510545732,1.0021668491614086,0.9947703776438127,0.06434376428426396,-0.0005309584045783194,0.06381280587968564
238.1884765625,0.9994881999376553,0.0003515109430517651,0.99411606711741,-0.0020121382328387163,0.99948826174926,0.9941181034470978,0.0467943080274649,-0.0005095506314406754,0.04628475739602422
238.1982421875,0.9995564402172218,0.0011120790025507666,0.9938867913625367,0.0003555704129727775,0.9995570588512854,0.9938868549665183,0.04941287552967183,-0.000538453694304707,0.048874421835367124
238.2080078125,1.0013655181308387,0.003501332060928317,0.9953378392968377,-0.0004728115230421047,1.0013716394164776,0.9953379515957552,0.0524944701792041,-0.000493378615333143,0.052001091563870956
238.2177734375,1.000881968930418,-0.0007280121150422043,0.9969106196063692,-0.00023104527448563345,1.0008822336976861,0.9969106463800423,0.0345349259354528,-0.0004828278189976463,0.034052098116455154
238.2275390625,0.9997414119373674,0.0006854747501594887,0.9955269861766871,0.0013817201941190179,0.9997416469359244,0.9955279450405864,0.03668657527609997,-0.000422684110018817,0.03626389116608115
238.2373046875,1.000335259023678,-0.0008451282643789714,0.9943134567714097,9.369580724265013e-05,1.0003356160248182,0.9943134611859653,0.05244825452832122,-0.00047509264856602146,0.051973161879755196
238.2470703125,1.0016758532571572,0.0035846255065913506,0.9952384816979842,0.0006121205392424216,1.001682267257675,0.9952386699400618,0.05605486765103861,-0.0004648436334140431,0.05559002401762457
238.2568359375,0.9998849342088907,-0.001629041962627783,0.9933984264651724,-0.0017587906090470848,0.9998862612495651,0.993399983414479,0.0565290534123996,-0.00035421918360927055,0.056174834228790334
238.2666015625,1.0004431580643836,-0.00024897087818848715,0.9952956627199767,7.183627816850933e-05,1.0004431890439034,0.9952956653123977,0.04480638545592902,-0.0003258904446541683,0.04448049501127485
238.2763671875,1.000266744557384,0.0011008143371112706,0.9960403253887914,0.001872003533548678,1.0002673502917268,0.9960420845515712,0.03676809423674997,-0.0003484374361125103,0.03641965680063746
238.2861328125,0.9999774346281078,-0.0009497417302887513,0.996878479379377,-0.0015284809250048523,0.9999778856428606,0.9968796511634076,0.026953294223360798,-0.00038968263476537343,0.026563611588595423
238.2958984375,0.999100149170136,0.001164104007869125,0.9952805275910166,0.00023465031986521945,0.9991008273492367,0.9952805552519474,0.03327598492288509,-0.00038986402258053566,0.03288612090030455
238.3056640625,0.9987389125960299,0.00013307212097138298,0.9966581597547238,-0.002555351859243731,0.9987389214613043,0.9966614356082999,0.018086414889025754,-0.0003365695356862684,0.017749845353339486
238.3154296875,1.0006322728773493,-0.0007249679746527843,0.9977102799057934,-0.0005066538860712323,1.0006325355005474,0.9977104085494233,0.025402336843095098,-0.0003530149003637499,0.025049321942731347
238.3251953125,0.9994355930256188,-0.0004720784732450749,0.9927596238873015,-0.0005631968580313851,0.9994357045175817,0.9927597836393037,0.05821369376529959,-0.00034248689000331554,0.057871206875296274
238.3349609375,0.999977773190579,-0.0032236678062437045,0.9955155045954904,-0.002113765328511404,0.9999829693096348,0.9955177486583943,0.03887192639832893,-0.00043280175624447196,0.03843912464208446
238.3447265625,0.998710350778727,-0.0008241795493347219,0.9957887604016832,-0.0008043127540713205,0.9987106908532107,0.9957890852290595,0.025446743561686438,-0.0004289016863905574,0.02501784187529588
238.3544921875,1.0013868909224344,0.00014967676132084817,0.9955631438587482,0.0004104571547006059,1.001386902108487,0.995563228471698,0.0506611848974657,-0.00045253432976921675,0.05020865056769648
238.3642578125,1.002216636214443,0.00033068290292382566,0.9949253567505406,0.0007245389150241432,1.0022166907691048,0.9949256205676029,0.063420330246525,-0.00043364767470355963,0.06298668257182144
238.3740234375,1.0009480473452532,-0.0011029352461563568,0.9947049042219732,0.0029494908595072027,1.0009486550020599,0.9947092771154671,0.05431263889795143,-0.00039694691072052337,0.05391569198723091
238.3837890625,1.0005269003986923,-0.0033902440613118286,0.9996416487889591,-0.0012401925918689312,1.0005326442331655,0.9996424181031802,0.0077317296612180505,-0.0004902268175303418,0.007241502843687709
238.3935546875,0.999607024935225,-0.00038491026751150267,0.9979998372559896,0.001758988593358678,0.9996070990423016,0.9980013873757156,0.013963734560776403,-0.0005134804612890217,0.013450254099487382
238.4033203125,1.002620158333792,0.0014679572108210479,0.9974298042343296,-0.0010952832318659774,1.0026212329666926,0.9974304056024615,0.045085890763524095,-0.0004877595837236557,0.04459813117980044
238.4130859375,0.9980683887211521,-0.00052784895735236,0.9958740828159044,-0.0005228320041894295,0.9980685283030211,0.9958742200588,0.019117426466746492,-0.0005557809775683536,0.018561645489178137
238.4228515625,1.0007808790814612,-0.0016480192709547644,0.9967647278099857,-0.0011067780642902382,1.0007822360047063,0.9967653422766055,0.03493317808198915,-0.0005777554723724465,0.0343554226096167
238.4326171875,0.9988158828281534,-0.0007180434077465937,0.9954467471621153,4.842338855842049e-05,0.9988161409269071,0.9954467483398903,0.029350393233510724,-0.0004770131092390269,0.028873380124271698
238.4423828125,0.9993764331850623,0.000844637275767195,0.9963829718611504,0.000363171053429337,0.9993767901136312,0.9963830380471519,0.0260586661684363,-0.0005978068145201308,0.02546085935391617
238.4521484375,0.997895972014007,0.0018070559404666803,0.9946482753607268,-0.00040516689663492586,0.9978976081807952,0.9946483578824641,0.028328234324264547,-0.0005531088776061562,0.02777512544665839
238.4619140625,1.0003428187567487,0.0011256491977910154,0.9980034432531966,0.000525883845372439,1.0003434520824903,0.9980035818067263,0.020340675494407524,-0.0005568471113190068,0.01978382838308852
238.4716796875,1.0017094743049746,-0.002993695950157125,0.99531058032094,0.0002479606734775787,1.001713947755441,0.9953106112080298,0.05570173378944047,-0.0006052431215815495,0.05509649066785892
238.4814453125,1.0010925501693844,-9.334849842878965e-06,0.9970749038673438,-0.0006473495127664838,1.0010925502129064,0.9970751140127128,0.034927053527100405,-0.0006189601818612406,0.03430809334523916
238.4912109375,1.0012370885748427,0.0008083547319818584,0.9956452501172145,0.0015324820785533359,1.0012374148897953,0.9956464295031101,0.04863859164475606,-0.0004996153458893299,0.04813897629886673
238.5009765625,0.9987073126584616,-0.00040646483731184957,0.9937659175323577,0.0003117035533263655,0.9987073953722132,0.9937659664166578,0.04308292937039672,-0.00048785482989461795,0.0425950745405021
238.5107421875,0.998411007245547,-0.0011188765344582886,0.9969511235445897,-0.0026129351349810314,0.9984116341839008,0.9969545476935443,0.012685485814976432,-0.00041643204816077246,0.01226905376681566
238.5205078125,0.997294479820301,0.002898268832675765,0.9973999636187609,0.0003260146727915084,0.9972986911864826,0.9974000169000763,-0.0008824430105269486,-0.00044122323006840435,-0.001323666240595353
238.5302734375,1.0027275890440621,-0.0020431925246800135,0.9978408147356155,-0.0015595269504350303,1.0027296706818893,0.997842033428411,0.042441430270800704,-0.0005437001876647355,0.04189773008313597
238.5400390625,0.9963085148498165,-0.00132183649911364,0.9936262012685882,-0.00012418716048782284,0.9963093917122218,0.9936262090292786,0.023423715600046857,-0.0005610202822238713,0.022862695317822986
238.5498046875,1.0011132400228602,-0.0006686810343467182,0.9961914453344107,-0.0006220242696181368,1.001113463341391,0.9961916395310966,0.042808186797481565,-0.0006090289109392873,0.04219915788654228
238.5595703125,0.9997169562162793,-0.0023202683966871275,0.9972909077232384,-0.0009102682337992482,0.9997196487974891,0.9972913231426904,0.02112374877746551,-0.0006617319579472377,0.020462016819518272
238.5693359375,0.9998961228377797,-0.0006151697116887532,0.9950580054635855,-0.00016989522145246472,0.9998963120743062,0.9950580199674566,0.042131243806044896,-0.0006830924997039092,0.04144815130634099
238.5791015625,1.0038127575723776,0.0014517021731440872,0.9953113667004191,0.00044036867388577233,1.0038138072891112,0.995311464119461,0.07388317357917411,-0.0007271798950308876,0.07315599368414322
238.5888671875,0.9984824036401164,-6.863252925454098e-05,0.9964937622484992,-0.0002877783323411993,0.998482405998908,0.9964938038023803,0.017316281616849668,-0.0007713133081993012,0.016544968308650366
238.5986328125,1.000673130187572,-0.00012634912233417466,0.9957336676828495,3.569890333561279e-05,1.0006731381642529,0.9957336683227855,0.04298099697955517,-0.0007962896721392144,0.042184707307415956
238.6083984375,0.999372201894905,-0.0008686744323363052,0.9962475228676398,0.0001288576999608815,0.9993725794294841,0.9962475312010641,0.027203420198644315,-0.0008256075399711744,0.02637781265867314
238.6181640625,0.999313951643942,0.001003630404142831,0.996464230389876,0.0013075912456943421,0.9993144556265655,0.9964650883203855,0.02480164389950509,-0.0008448982423334307,0.02395674565717166
238.6279296875,1.0029138109806242,0.0004249772256517217,0.9953541588845135,-0.002863385350851796,1.0029139010210804,0.995358277498291,0.06568437024944218,-0.0009553669736040492,0.06472900327583814
238.6376953125,0.9987366346884602,0.0010733895170488472,0.9953491162206902,-0.0018898640998335056,0.9987372114995445,0.9953509103565561,0.02950026727557162,-0.0009650823811585457,0.028535184894413076
238.6474609375,1.0010949715594315,0.0008433437236191225,0.9924421593193397,0.00044359680260630535,1.0010953267847247,0.992442258457668,0.07540371357416696,-0.0009702625061018751,0.07443345106806509
238.6572265625,1.0006248198584344,0.00020614156827595135,0.9958705545747448,-0.001512954107202636,1.00062484109234,0.995871703834957,0.04135775116445435,-0.0009427884459969957,0.040414962718457355
238.6669921875,0.9974935248511781,0.0028602350049325145,0.9962448027801624,0.0013049824244183445,0.9974976255933201,0.9962456574789236,0.01090858426327053,-0.0008551353330942659,0.010053448930176264
238.6767578125,0.999342329410805,0.001001347694688285,0.9963731877311398,-0.0001756798745273486,0.9993428310892213,0.9963732032190205,0.025849247628849416,-0.00078994082864355,0.025059306800205867
238.6865234375,1.0016618533880677,0.001658069795528252,0.9952523644204776,-0.0004364513953897177,1.001663225704261,0.9952524601197285,0.05576939883249467,-0.0007281042517454111,0.05504129458074926
238.6962890625,1.0004005100810633,-0.0011026250902773148,0.9975824514805443,0.0012291455675273448,1.0004011177285546,0.9975832087103105,0.024500755734303402,-0.0007503383070611825,0.02375041742724222
238.7060546875,1.0006286156810753,-0.0011638633247722646,0.9941700572598552,0.0005880699581210756,1.0006292925442788,0.994170231186963,0.056249151371007805,-0.0007804500965493174,0.055468701274458486
238.7158203125,1.0000126290755869,-0.0006922314239095262,0.9948969740894783,-0.0011947818357222705,1.0000128686647045,0.9948976915020133,0.04454331193839993,-0.000755377135878215,0.043787934802521716
238.7255859375,0.9987251258685129,-0.0003807189628642348,0.9962326947001233,-0.0010061927438007182,0.998725198434487,0.9962332028261791,0.021699911212977603,-0.0008097069210730921,0.02089020429190451
238.7353515625,0.9984964866410175,0.0010598058596625526,0.9964048376699085,0.00046889385529206917,0.998497049080725,0.996404947997271,0.01821820401310546,-0.000823766054008817,0.01739443795909664
238.7451171875,1.0025314962704768,0.001288955549944649,0.9986418503238125,-0.00020790818035352782,1.0025323248757272,0.9986418719661114,0.03377225954682791,-0.0007955826828695247,0.03297667686395838
238.7548828125,1.0005543704697988,-0.0016479893298200735,0.9964196587275571,-0.00047638977581026105,1.0005557276509123,0.9964197726088939,0.03597890951024732,-0.0007681576826799642,0.03521075182756735
238.7646484375,1.0010014867858201,-0.0017978183430717826,0.9944924074734889,0.0003313616166822285,1.0010031012430567,0.9944924626777906,0.056678541146018634,-0.0007591186774922107,0.05591942246852642
238.7744140625,0.9996178281587547,0.0022120327015089716,0.9954683745306219,-0.00011813481041037969,0.9996202756354525,0.9954683815403038,0.0361517227118879,-0.0007264058203096094,0.03542531689157829
238.7841796875,0.9991312121370646,-0.0007081538453796171,0.9960164888873786,-0.0012317222886136896,0.9991314630959975,0.9960172504908426,0.027115501497716715,-0.0006800801460691347,0.02643542135164758
238.7939453125,0.9999226569344777,-0.0008661748323693694,0.9926505294325787,0.0005468751782087747,0.9999230320928434,0.9926506800759466,0.06340255029566079,-0.0005917833783963838,0.06281076691726441
238.8037109375,0.999124036726391,0.0017799283471976986,0.993996141993749,0.0014771627771944114,0.9991256221863997,0.9939972395878811,0.04469836198266717,-0.0005111993256910607,0.04418716265697611
238.8134765625,1.0002458910582488,-0.001090932883183915,0.9972936075862503,0.0020753283149108595,1.0002464859790638,0.9972957669217355,0.025661173063407896,-0.0005172274418938646,0.025143945621514032
238.8232421875,0.9995056147823245,-0.00032012739534477614,0.9951785325469544,-0.0028751571466656104,0.9995056660484432,0.9951826858275459,0.03764897695386454,-0.0005071487450370259,0.03714182820882751
238.8330078125,0.9997016222470487,0.0016129958966972979,0.9929200356875673,0.0014980804244927003,0.9997029235123521,0.9929211658106388,0.05912387259350841,-0.0005304570611284169,0.05859341553237999
238.8427734375,1.0003810720032178,-0.00025297943038141434,0.9956849802138482,0.0009441124531739604,1.0003811039903239,0.9956854278193367,0.04086657391985214,-0.0005313481210603787,0.040335225798791764
238.8525390625,1.0020807655768327,-0.0009838680462182403,0.9965192691306403,0.001280166773615297,1.002081248569887,0.9965200914059051,0.04833752593206303,-0.0005294942540881311,0.0478080316779749
238.8623046875,0.9992652487722525,-0.000734874138383777,0.9959987438836292,-0.0019267595653561789,0.9992655189907589,0.9960006075400707,0.028425968318186938,-0.0005697984449924674,0.02785616987319447
238.8720703125,1.0016960173267155,-0.0024533521980441148,0.9953654172752109,0.00045696981038128974,1.001699021695245,0.9953655221720622,0.055093124040247785,-0.00045404661452392474,0.05463907742572386
238.8818359375,1.000012414521455,-0.0012205121572850816,0.9961313348923656,-0.0011036976982959168,1.0000131593368942,0.9961319463319384,0.03377693356043601,-0.0003213216214320394,0.033455611939003975
238.8916015625,1.0005819331817523,-0.0014970965939366356,0.9962337034175195,-0.0008221336705332257,1.0005830531784676,0.9962340426469868,0.037835298305214704,-0.0003257848680721543,0.03750951343714255
238.9013671875,0.9999643780768803,-8.260780618575234e-05,0.9984931865540388,0.0007358912621696709,0.9999643814890266,0.9984934577305894,0.012786142882975275,-0.0002948003758908237,0.012491342507084452
238.9111328125,0.9983166203195972,-0.000751544273760681,0.9939854732151553,2.4565690217470383e-05,0.9983169032051588,0.9939854735187175,0.037767740426184734,-0.0003298764789014803,0.037437863947283254
238.9208984375,1.0008491155244545,-0.0009497364349512171,0.9929848209456931,0.00019324036520772153,1.0008495661413752,0.9929848397485175,0.06852374457881742,-0.00039376328923568417,0.06812998128958174
238.9306640625,1.0003838254572497,-0.00046129120820154315,0.996796948225503,0.0032187820171690287,1.0003839318112122,0.9968021451368122,0.031154870820139877,-0.00039533161650792903,0.030759539203631947
238.9404296875,1.0019062828413723,-0.0009899231361783529,0.9963199009553372,-0.0018294645421968157,1.001906771882909,0.996321580605461,0.04855549298619922,-0.0004180323967346361,0.04813746058946458
238.9501953125,1.000562029913818,-0.0006542735485061496,0.9979112209816458,0.0005561890703472541,1.0005622438305057,0.997911375978529,0.023042745106155303,-0.00039376448787536853,0.022648980618279933
238.9599609375,1.0001471014701122,-0.0017627541532261514,0.994805796822953,0.0016152703799699845,1.0001486548914975,0.9948071081827627,0.046513508661545674,-0.0003951539587882952,0.04611835470275738
238.9697265625,1.0000172108122418,-0.0004074826859338552,0.9964937422482785,0.002917359414198027,1.0000172938318792,0.9964980127054595,0.030621472351634343,-0.000365592825876953,0.030255879525757392
238.9794921875,0.9972197483135231,0.0007776730745508457,0.9969196913125744,-0.00019016214008395194,0.9972200515442403,0.9969197094492606,0.002616404688792356,-0.0003622055008370726,0.0022541991879552834
238.9892578125,0.9978364558371926,0.002503315528211882,0.9976898477356125,-0.00038277447828730424,0.9978395959202878,0.9976899211633898,0.0013029708769806089,-0.0003302677283998605,0.0009727031485807484
238.9990234375,1.000756458456233,-0.0012805142045942664,0.9938400422551903,-0.001252613538137568,1.0007572776944917,0.99384083163778,0.060238428626681606,-0.00033677509781208345,0.059901653528869524
239.0087890625,1.0012010874407378,-1.8048939916481517e-05,0.9942907366655551,0.003314637081194604,1.0012010876034245,0.9942962616031059,0.0601101234165349,-0.00034950817308131886,0.05976061524345358
239.0185546875,0.9987747192077999,0.0005656188271988839,0.9946942719895328,-0.0038962675765835176,0.9987748793663552,0.9947019028984587,0.03549323838711352,-0.0003323118309506216,0.035160926556162896
239.0283203125,0.9998175410239216,0.0018043804421355133,0.9957511785424553,0.00029662485890280055,0.9998191692140641,0.9957512227233245,0.03541221432962541,-0.0002451788469491636,0.035167035482676245
239.0380859375,0.9995916812605947,0.0009610647869347334,0.9964686830359059,0.0005151410694565152,0.9995921432718983,0.9964688161912714,0.027182432819351583,-0.00024454583803901376,0.026937886981312567
239.0478515625,1.0007897772888794,0.001406280866407113,0.9933129915394338,-0.00029891514206830945,1.0007907653210038,0.993313036515318,0.06514307984949548,-0.00022737047753579068,0.06491570937195969
239.0576171875,0.9990777886351105,0.0010536917526236358,0.9929767397948156,0.0006843466314624064,0.9990783442805333,0.9929769756161786,0.05320733822022872,-0.00020238976662461611,0.0530049484536041
239.0673828125,0.9997635815968666,0.0021705086116325257,0.994458266884723,-0.003855803777075096,0.9997659377049348,0.9944657418926679,0.04617018649739982,-0.0002383574325205301,0.04593182906487929
239.0771484375,0.9989539266223803,0.0022215586735132996,0.9944023598910704,0.0012468016492114095,0.9989563968648542,0.9944031415232368,0.039680891895168956,-0.00022886520883084975,0.039452026686338106
239.0869140625,0.9994455056253072,0.0018598640850162535,0.9932551906715535,-0.0014664658693885615,0.9994472361305727,0.993256273233716,0.053971093279223795,-0.0002318673827201383,0.05373922589650366
239.0966796875,1.0017313124290688,0.0013928993308459719,0.9951703685607405,0.0013656490233790986,1.0017322808362574,0.9951713055844079,0.05707647820952884,-0.00034522629073427847,0.05673125191879456
239.1064453125,0.99887659152172,0.0011107018513528237,0.9931465517874805,-0.0017376219195035967,0.998877209044561,0.9931480718690933,0.0499620069185552,-0.0003691854465977333,0.04959282147195747
239.1162109375,1.0006695598407966,0.0003883096387913377,0.9943260108375233,-0.0012228805406609426,1.000669635182536,0.994326762822403,0.05523185405508288,-0.00035813821024041647,0.05487371584484246
239.1259765625,1.0009510445873113,0.0019877790787397086,0.9955799650684,0.0015624707760352593,1.0009530183410686,0.99558119114441,0.04674020665937469,-0.00041727343238514826,0.04632293322698954
239.1357421875,1.0000820987675403,0.0014526250221552686,0.9976405742360717,-0.0007163219979114678,1.0000831537400994,0.9976408314014034,0.021237921776197273,-0.00042732008103052346,0.02081060169516675
239.1455078125,1.0002556884542115,-0.0025432960900140292,0.9961938805069303,-0.0021220144133027373,1.000258921799756,0.9961961405790661,0.03535157758824991,-0.0004073154774231894,0.03494426211082672
239.1552734375,1.0007498549206952,-0.00011116899140418066,0.9935119762415617,0.0008664593385625447,1.0007498610953374,0.9935123540687347,0.06304533356079688,-0.0003525853610694524,0.06269274819972742
239.1650390625,0.9985716350768479,0.0007377675618831122,0.9954681245144474,-0.0016988818642124182,0.9985719076165847,0.9954695741829079,0.0270270682058624,-0.0003368650305563037,0.0266902031753061
239.1748046875,0.9986949671022614,-0.0022834139307564955,0.9974973474910709,0.0007643736868186213,0.9986975774950924,0.9974976403575374,0.010442388311072553,-0.0003270193461505043,0.01011536896492205
239.1845703125,0.99812314955094,0.0007614484405937023,0.9948743705244735,0.001288910459881775,0.998123439997887,0.9948752054487242,0.02831294628195715,-0.00040593494646433317,0.027907011335492816
239.1943359375,1.0009591487327425,-0.0001032034380418002,0.9965312906864358,-0.0010108368155528464,1.0009591540531142,0.9965318033601545,0.03850384637651594,-0.0003735951331229697,0.03813025124339297
239.2041015625,0.9995937034170498,0.0002293808080339672,0.9972143665754323,-0.0008806917684535767,0.9995937297355201,0.9972147554676635,0.02069654438286456,-0.0003951277943440518,0.02030141658852051
239.2138671875,0.9987496568429292,-0.000930026272496641,0.9955256358804584,-0.00017522634401104015,0.9987500898586875,0.9955256513015939,0.028087532008713962,-0.00042728264263280203,0.02766024936608116
239.2236328125,1.000331405361231,-0.001130969057235284,0.9954720828686887,0.0010971294032188703,1.0003320446946524,0.995472687452475,0.042296647004773334,-0.00042932866161574676,0.041867318343157586
239.2333984375,0.9998870329337853,-0.0003380152451407334,0.9950924411629587,0.0022340747478296896,0.9998870900673908,0.9950949490122213,0.04172878509979984,-0.000467044249395126,0.04126174085040471
239.2431640625,0.9995319002235658,0.0006271507115371441,0.9947902774275905,0.0034965422008540288,0.999532096974653,0.9947964223256056,0.04125060066814097,-0.0004915129073310848,0.04075908776080989
239.2529296875,0.9991527817022913,-0.0005286430874846259,0.9961524566030165,0.0006295042605578473,0.9991529215525221,0.996152655506092,0.026121311647023956,-0.00043711164029961694,0.02568420000672434
239.2626953125,0.9988800210255883,-0.0017262279134993453,0.995623085133311,-0.002137938044200577,0.9988815126264422,0.9956253805671352,0.02836032197926272,-0.0004540131682370649,0.027906308811025654
239.2724609375,0.9984413399630284,0.0005483846157158914,0.9979157395136445,-0.001353950997936692,0.9984414905605908,0.9979166580192801,0.004566953720758374,-0.0004842002946578544,0.00408275342610052
239.2822265625,1.0012121705224346,-0.0006457308004199147,0.9948166951584739,-0.00011676765681528402,1.001212378754134,0.9948167020113372,0.05566284880440181,-0.00048088188118200487,0.055181966923219805
239.2919921875,1.0016143387727252,0.001343452232794063,0.9943644068891784,-0.0030314881977086816,1.001615239749788,0.9943690278808769,0.06306670259979237,-0.0004680702671742439,0.06259863233261813
239.3017578125,0.9982561588189031,0.0004317070759372621,0.9940166916999594,-0.0013025763472631758,0.9982562521671831,0.9940175451586721,0.03695977619643622,-0.0005221301599076859,0.036437646036528534
239.3115234375,1.0002781644966638,0.001127601337692546,0.9956255262035114,-0.0012310496217343638,1.0002788000620586,0.9956262872740906,0.04049419590812135,-0.0005297922294645803,0.03996440367865677
239.3212890625,0.9995925532114897,0.0008260360961557039,0.9937645656531602,0.0001933177350234594,0.9995928945183119,0.9937645844562789,0.05079289868627264,-0.0005626959290284275,0.05023020275724421
239.3310546875,1.0004821504676906,0.0024221791835917846,0.9953189816775074,-0.0013890577325282865,1.000485082525698,0.9953199509549353,0.04495816194373463,-0.0005644131817671889,0.04439374876196744
239.3408203125,0.9987978034127001,-0.0006315885132821762,0.9936439410067829,0.0009086964742638818,0.9987980031047744,0.9936443565123153,0.0449339025051575,-0.0006015540480442087,0.044332348457113285
239.3505859375,0.9989345965980897,-0.0009385452429346348,0.9954444677346043,0.0001842866307804532,0.9989350375013188,0.9954444847930959,0.030404029140586944,-0.000564243848798218,0.029839785291788726
239.3603515625,1.0014602425693264,-0.0025058734776765446,0.9945233678529635,0.00011615664336747298,1.0014633776873223,0.9945233746362963,0.06040154669060073,-0.0005674639736564961,0.05983408271694424
239.3701171875,0.9984531354057062,-0.0026305660061237573,0.9942148580546009,0.00037018399005505075,0.9984566006987976,0.994214926971385,0.03697826261023805,-0.0006587310161774409,0.03631953159406061
239.3798828125,1.0002226294123264,0.0009546849765983884,0.9950429751290848,0.0013516267216912262,1.0002230850224927,0.9950438931265972,0.04509270263216062,-0.0006874399071459557,0.04440526272501467
239.3896484375,0.9999158343340394,0.0006333683512371988,0.9961597392731385,0.0006914072903481133,0.9999160349286367,0.9961599792165756,0.032688859206618466,-0.000668446994256705,0.03202041221236176
239.3994140625,1.0002477700571095,-0.00043721531366829877,0.9958449616504074,0.0016756574863647843,1.0002478656120444,0.9958463714210707,0.0383057613604806,-0.000700189085626018,0.03760557227485458
239.4091796875,1.0008136288869693,0.0004427711090218432,0.9952651907680321,-0.0004343856580470571,1.0008137268304023,0.9952652855623104,0.04828794084985106,-0.0006963660450872476,0.04759157480476381
239.4189453125,0.999790434204223,-0.002177913263155161,0.995491397008004,-0.000202149739661705,0.9997928063516213,0.9954914175328007,0.03744974876370175,-0.0007734765277938401,0.036676272235907914
239.4287109375,0.9994369103325771,0.0012506018567350118,0.9951843028719519,-0.0016894049791285237,0.9994376927753584,0.9951857368209798,0.03703162768443846,-0.0008355814404082061,0.03619604624403026
239.4384765625,1.002108669932947,-0.0006941167936015983,0.9946037643684897,0.0008541594102884823,1.0021089103250718,0.9946041311417665,0.0652932988853594,-0.000811718496297528,0.06448158038906186
239.4482421875,0.9998687361758638,0.002316827944508734,0.9929606456304411,0.002316426784211946,0.9998714203704613,0.9929633475631762,0.06021873897458334,-0.0007934138635186968,0.059425325111064645
239.4580078125,0.9998713366018287,-0.002282149184537181,0.9956215323031582,0.002661697029143193,0.9998739410359827,0.9956250901904611,0.03698834700086113,-0.0008340436816381588,0.036154303319222966
239.4677734375,1.0000965541339495,-0.0003156060854175104,0.9940487723182828,0.0005098920253280494,1.0000966039327404,0.994048903091474,0.05268404229605933,-0.0008865852717542651,0.05179745702430506
239.4775390625,1.0018106002875709,0.0012488669290984778,0.9955764603771536,0.0019366042041111563,1.0018113787121552,0.9955783439252512,0.05421038007241825,-0.0007991176852667063,0.05341126238715154
239.4873046875,1.0003103798552617,-0.001923828350600854,0.9959970343507275,0.0007284222127267256,1.0003122298371145,0.9959973007164047,0.03754834200897739,-0.0008109781720695259,0.03673736383690786
239.4970703125,0.9997766267989456,-0.0013927727684603978,0.9946505852706948,-0.0017539653001815815,0.999777596923167,0.9946521317393384,0.044643661591777295,-0.000779329346200635,0.04386433224557666
239.5068359375,0.9999363083623115,-0.001751262535937488,0.9942143907092849,0.0009236824831029636,0.9999378419190453,0.9942148197863298,0.049855435916277495,-0.0007959592614809869,0.049059476654796506
239.5166015625,0.998718363660804,0.0008429052792959451,0.9953623095487271,-0.0008439036264016145,0.9987187193612743,0.9953626672944423,0.029236846188996163,-0.0007768284331980257,0.028460017755798137
239.5263671875,0.9989745309139273,-7.479074625760433e-05,0.9930559036569547,0.0019716497786737824,0.9989745337136262,0.9930578609480822,0.05159727113715201,-0.0008359528537354208,0.05076131828341659
239.5361328125,0.9989524485019757,-0.002390170737068898,0.9928668706020408,0.0008616519621423296,0.9989553079513843,0.9928672444910214,0.05309751306705176,-0.0008550265144289551,0.052242486552622806
239.5458984375,0.9974501888311025,-0.0006317386004719596,0.99887625103052,0.001409301616979132,0.9974503888880195,0.9988772452127609,-0.0124163173066416,-0.000970942858741086,-0.013387260165382686
239.5556640625,1.0004656092652713,0.00037170974896703923,0.9955351676269216,0.0009597958332172701,1.0004656783171864,0.9955356302965778,0.04290772747911392,-0.0009446364142029082,0.041963091064911015
239.5654296875,1.0005551799488324,-0.0008405802859988986,0.9948283602735282,-0.0014665134720694194,1.0005555330403495,0.994829441193957,0.049851371042527036,-0.00093065242511604,0.048920718617411
239.5751953125,1.001399188087806,0.0006553977883514754,0.9952141018466594,0.001038786421840514,1.0013994025608253,0.9952146439797211,0.053811403748617946,-0.0009146373271775942,0.05289676642144035
239.5849609375,1.0008571306582492,-0.0016771401013490777,0.9968958354737806,2.106026843785929e-06,1.0008585358522868,0.9968958354760052,0.03445831356785596,-0.0009729803451387992,0.03348533322271716
239.5947265625,0.9964118821634209,0.000650615985162844,0.9962919487418055,3.0062300000955543e-05,0.9964120945761402,0.9962919491953581,0.0010473903764311168,-0.0010426516617579363,4.738714673180452e-06
239.6044921875,1.0010784393143664,0.0018548418174016363,0.9960512234620246,-0.00030073975599037296,1.001080157678822,0.9960512688635044,0.043743205871972606,-0.0009201944981139301,0.042823011373858674
239.6142578125,1.0006640696592612,-0.0005967434252254263,0.9964089742242338,-0.0019321917421048452,1.000664247592443,0.9964108476324002,0.03699872737836952,-0.0008470324435534769,0.03615169493481604
239.6240234375,0.9998212530522611,0.0009096570037602216,0.9949089209174186,-0.0006468056225853111,0.9998216668640753,0.994909131166548,0.042782544111323866,-0.0008337797407248927,0.041948764370598975
239.6337890625,0.9989855170389058,0.000811730959572732,0.9934284369875479,0.00034904340661597223,0.9989858468269913,0.993428498306155,0.04845442036816237,-0.0008038669318232435,0.04765055343633912
239.6435546875,1.0005422517004696,-0.000595301997654574,0.9956835471258502,-0.0005959260515832618,1.0005424287966573,0.9956837254595327,0.0422820272313089,-0.0008284913633414433,0.04145353586796746
239.6533203125,1.000254054667358,-0.00039176279647527,0.9959586082080101,-0.000989249202894688,1.0002541313869084,0.9959590995003871,0.037376999559816416,-0.0007843366995519783,0.03659266286026444
239.6630859375,1.0004475730151745,0.0015668665397451458,0.9959569234772541,0.0007736720688731677,1.0004488000006326,0.9959572239763851,0.03908363229157399,-0.0008217132461642612,0.03826191904540972
239.6728515625,1.0008941539200968,0.000282172366325561,0.9963265835978881,-0.0011187544455665158,1.0008941936951532,0.9963272117107657,0.03972355846791061,-0.0007992157176457204,0.03892434275026489
239.6826171875,1.0004989982054535,-0.0011790207837751264,0.9949202952654669,0.0015198585995844654,1.0004996929035632,0.9949214561468089,0.04856325701861092,-0.0007956277288361764,0.04776762928977474
239.6923828125,1.0009863195226492,-0.0002879959988552224,0.9975531966851306,0.000825367806479087,1.0009863609526328,0.9975535381365448,0.029838933378415738,-0.0008144333635035781,0.02902450001491216
239.7021484375,0.9999378649798636,-0.0007052205927039815,0.9971118215508108,0.0013629610417926889,0.9999381136633269,0.9971127530721777,0.024577027119898277,-0.0007627549324060451,0.02381427218749223
239.7119140625,1.0002590780642646,-0.0024761512264327087,0.9954548010095055,0.0016779581076086694,1.000262142927977,0.9954562152080246,0.04183339628594455,-0.0007870967641963423,0.04104629952174821
239.7216796875,1.0019555037226677,-0.0012985599870002982,0.9936541408282804,0.002026577622842168,1.0019563452058102,0.9936562074490601,0.07225299937108637,-0.0008742085621890645,0.07137879080889731
239.7314453125,0.9994239168943477,0.0006977992476889795,0.9938844969454271,0.0003813557873632835,0.9994241604965483,0.9938845701089746,0.04827791488734446,-0.0009327171058208248,0.047345197781523636
239.7412109375,1.0007179482587687,0.0007565945199276338,0.996352822800808,-0.0016930546030775619,1.0007182342710197,0.9963542612630445,0.03796061319580313,-0.0009270873810610728,0.037033525814742056
239.7509765625,0.9990098508351581,-0.001047823543692224,0.9950319844178406,-0.0023309340037252707,0.9990104003461945,0.9950347146043877,0.03463553867195814,-0.0009495876241241145,0.03368595104783403
239.7607421875,0.9986265355178621,-0.0009144350575845039,0.9956312965966299,-0.0022097647546259354,0.998626954188541,0.9956337488368688,0.02607349263004897,-0.0009871021093503596,0.025086390520698613
239.7705078125,0.9997072098282823,0.002959128088616798,0.9936813269455546,0.001206985019645829,0.9997115893204869,0.993682059983532,0.05254555328661378,-0.0009856963812614361,0.05155985690535235
239.7802734375,1.0017057173998756,-0.0010923644552500904,0.9938402043622685,0.001056039865773908,1.0017063130138009,0.993840765428262,0.06847208247882786,-0.0009442937656299699,0.06752778871319788
239.7900390625,1.0014142853605545,-0.003137079590408093,0.9956543232705988,0.001016973093930339,1.0014191990333252,0.9956548426446324,0.050142059260725264,-0.0009017950471007788,0.049240264213624485
239.7998046875,0.9987547246390654,-0.00013703427665195166,0.9958410415731986,0.0018989733006682281,0.9987547340399686,0.9958428521514777,0.025360807478960815,-0.0009679618673305905,0.024392845611630225
239.8095703125,1.000841963596614,0.00021529587285673096,0.9941651476473563,0.002242780866378161,1.000841986753273,0.9941676774381193,0.058117543435068336,-0.0009098022313511623,0.057207741203717175
239.8193359375,1.0002036638093155,0.001451601109568783,0.994445386171628,-0.0013041195236129079,1.0002047171671204,0.9944462412849526,0.05015175686972942,-0.0009050261180278687,0.04924673075170155
239.8291015625,1.0000930341510266,0.0021209719768505125,0.9962925345488738,0.0004745378154780176,1.0000952832003223,0.996292647560925,0.033089073454376984,-0.0008736735327709316,0.032215399921606054
239.8388671875,0.9999179146636106,-0.003988019789960729,0.9941456295570116,-0.0004853914215204797,0.9999258674357159,0.9941457480531408,0.05035488121338596,-0.0008474050374732008,0.04950747617591276
239.8486328125,1.0003220068455707,0.0003155138692749112,0.998729606259231,0.001454371186867153,1.0003220566040476,0.9987306652017188,0.013829203062797958,-0.000834675024758568,0.01299452803803939
239.8583984375,1.0007770732865633,-0.0027396004639327473,0.9956201948068873,0.00015152322582060528,1.0007808230710264,0.995620206337031,0.044905453959824315,-0.0008941819808929131,0.0440112719789314
239.8681640625,0.9980998979888278,-0.0002951012419862076,0.993688080415467,0.0018794735790031115,0.9980999416140908,0.9936898578433362,0.0384634598831781,-0.0008569910240822672,0.03760646885909583
239.8779296875,1.0032873602876156,-0.00024498095749483846,0.995630487174803,-0.0001414291351264286,1.0032873901971264,0.9956304972197948,0.06654325630455603,-0.0008618618886333817,0.06568139441592265
239.8876953125,0.9992671921657951,0.0033878227048783744,0.9971374658238221,0.0009379952128071221,0.99927293502906,0.9971379070041282,0.018577964493120856,-0.0008783162775366586,0.017699648215584198
239.8974609375,1.0010277849144553,-0.0014343198351317566,0.9941074371015344,0.00033203369989215917,1.0010288124944908,0.9941074925514638,0.06026461669790849,-0.0007676586155732088,0.05949695808233528
239.9072265625,0.9995547219242602,-0.001419208222828502,0.9942694510603035,-0.0018858659351379673,0.9995557294483709,0.9942712395529112,0.0460427150594693,-0.0007667574623091412,0.04527595759716016
239.9169921875,0.9994538096148481,-0.0005651359485029389,0.9952807351161879,-0.00224042075049674,0.9994539693914238,0.9952832567558636,0.036321979637152564,-0.0008189511261667548,0.03550302851098581
239.9267578125,1.0011418342819858,0.001278497334658286,0.9969299074414678,-0.0002560034170557749,1.001142650627239,0.9969299403112555,0.036626488214029,-0.0009037403968755151,0.03572274781715349
239.9365234375,0.9999852707757114,0.0008495325047691724,0.9955221355939994,-0.0004991014863130232,0.9999856316336999,0.9955222607053701,0.038855683906064864,-0.00096454650387021,0.03789113740219465
239.9462890625,0.9964794649518618,-0.00015556901590709402,0.9946352747641818,0.002023600886917476,0.9964794770954732,0.9946373332857404,0.016072047918707043,-0.000974689682131361,0.015097358236575683
239.9560546875,1.0000272677484423,0.0006403567910741269,0.9971409112979552,0.00216393181863735,1.0000274727712408,0.9971432593088279,0.025087466825560595,-0.0009819548816341888,0.024105511943926405
239.9658203125,0.9971629395447411,0.0011387556192934626,0.99469935320907,0.0005788723007011493,0.9971635897714426,0.9946995216484638,0.021490065830224152,-0.0010283568065159526,0.0204617090237082
239.9755859375,1.0001196469860278,0.0012917816170568935,0.9946773693190735,0.00017510602266831215,1.0001204812357374,0.994677384732171,0.047401547458004845,-0.001025802053130071,0.046375745404874776
239.9853515625,0.999263870876271,0.0006881476517513109,0.9966491819459928,0.0011237972850472583,0.9992641078242624,0.9966498155289824,0.02275395454549902,-0.0010566438845307053,0.021697310660968316
239.9951171875,0.9995341471761564,-0.0015721174560261281,0.9959009606141589,-0.002079629406794332,0.999535383527998,0.9959031319413922,0.03162149173700291,-0.0010704695760420373,0.030551022160960874
