case,plan,profile,target,control,score_key,total_s,residual_std_db,concentration_ug_m3,surface_equivalent_ppm,maximum_absorption_db,family_false_count,family_false_alarm_pct,trials,null_trials,hits,misses,false_count,recall_pct,recall_ci95_lower_pct,recall_ci95_upper_pct,miss_rate_pct,false_alarm_pct,false_alarm_ci95_lower_pct,false_alarm_ci95_upper_pct,specificity_pct,precision_at_50pct_prevalence_pct,f1_at_50pct_prevalence_pct,balanced_accuracy_pct,concentration_bias_ug_m3,concentration_rmse_ug_m3,relative_bias_pct,relative_rmse_pct,negative_estimate_pct
selected_standard_45_2_0,selected,standard,H2CO,low,H2CO_low_1,2.0,0.0,1.0,0.0007874785198237704,0.0003167770445523256,67,0.67,10000,10000,18,9982,11,0.18,0.10671320583728887,0.28432898414842517,99.82,0.11,0.05492398846932506,0.19673494805418587,99.89,62.06896551724138,0.3589590188453485,50.035,-0.006843537279051395,5.507135983449065,-0.6843537279051395,550.7135983449065,42.6
selected_standard_45_2_0,selected,standard,H2CO,low,H2CO_low_5,2.0,0.0,5.0,0.003937392599118852,0.001583885222761628,67,0.67,10000,10000,181,9819,11,1.81,1.5578185843864603,2.090773082181634,98.19,0.11,0.05492398846932506,0.19673494805418587,99.89,94.27083333333333,3.5518053375196232,50.849999999999994,0.04476280548333345,5.532648039673318,0.895256109666669,110.65296079346635,18.04
selected_standard_45_2_0,selected,standard,H2CO,low,H2CO_low_10,2.0,0.0,10.0,0.007874785198237704,0.003167770445523256,67,0.67,10000,10000,1123,8877,11,11.23,10.617525585446309,11.865153184589763,88.77,0.11,0.05492398846932506,0.19673494805418587,99.89,99.0299823633157,20.1724447637866,55.559999999999995,-0.036457659414496746,5.503477042872979,-0.36457659414496746,55.03477042872979,3.52
selected_standard_45_2_0,selected,standard,H2CO,response95,H2CO_response95_25.7783696794,2.0,0.0,25.778369679369362,0.02029991239857975,0.008165995760407907,67,0.67,10000,10000,9502,498,11,95.02,94.5753509252429,95.43818963912618,4.98,0.11,0.05492398846932506,0.19673494805418587,99.89,99.88436875854094,97.39148260134269,97.455,-0.109035020124459,5.441342041621116,-0.4229709693849282,21.108169792350623,0.0
selected_standard_45_2_0,selected,standard,CH3OH,low,CH3OH_low_1,2.0,0.0,1.0,0.0007379324023540518,0.0001493647462662149,67,0.67,10000,10000,20,9980,6,0.2,0.12220666208422194,0.30871559889160716,99.8,0.06,0.02202202386553933,0.13054864830111396,99.94,76.92307692307692,0.39896269698783166,50.06999999999999,-0.07821311185798865,5.882743513281371,-7.821311185798866,588.2743513281371,43.669999999999995
selected_standard_45_2_0,selected,standard,CH3OH,low,CH3OH_low_5,2.0,0.0,5.0,0.003689662011770259,0.0007468237313310745,67,0.67,10000,10000,134,9866,6,1.34,1.123900888755986,1.5850807512635778,98.66,0.06,0.02202202386553933,0.13054864830111396,99.94,95.71428571428571,2.6429980276134124,50.63999999999999,0.0517240381424362,5.883997388255884,1.034480762848724,117.67994776511769,19.68
selected_standard_45_2_0,selected,standard,CH3OH,low,CH3OH_low_10,2.0,0.0,10.0,0.007379324023540518,0.001493647462662149,67,0.67,10000,10000,905,9095,6,9.05,8.494677496012285,9.629301776873705,90.95,0.06,0.02202202386553933,0.13054864830111396,99.94,99.34138309549945,16.588763633030887,54.49499999999999,0.02568310390316998,5.949148537782792,0.2568310390316998,59.491485377827914,4.64
selected_standard_45_2_0,selected,standard,CH3OH,response95,CH3OH_response95_27.6949894301,2.0,0.0,27.694989430130104,0.02043703008334598,0.004136655069076886,67,0.67,10000,10000,9484,516,6,94.84,94.38818537820829,95.2654676163369,5.16,0.06,0.02202202386553933,0.13054864830111396,99.94,99.9367755532139,97.32170343766033,97.39,0.01752520880566722,5.979652249305251,0.06327934823690919,21.591097784640535,0.0
selected_standard_45_2_0,selected,standard,CH3CN,low,CH3CN_low_1,2.0,0.0,1.0,0.0005759586397152104,0.0018378983060271322,67,0.67,10000,10000,758,9242,11,7.58,7.068650804517006,8.116213324640881,92.42,0.11,0.05492398846932506,0.19673494805418587,99.89,98.56957087126138,14.077444516668214,53.735,0.0005512962792609677,0.6189200607717855,0.05512962792609677,61.89200607717855,5.21
selected_standard_45_2_0,selected,standard,CH3CN,low,CH3CN_low_5,2.0,0.0,5.0,0.0028797931985760517,0.00918949153013566,67,0.67,10000,10000,10000,0,11,100.0,99.9631180085378,100.0,0.0,0.11,0.05492398846932506,0.19673494805418587,99.89,99.89012086704625,99.94503023337164,99.945,0.002807191817692555,0.6342763649957371,0.0561438363538511,12.685527299914742,0.0
selected_standard_45_2_0,selected,standard,CH3CN,low,CH3CN_low_10,2.0,0.0,10.0,0.0057595863971521034,0.01837898306027132,67,0.67,10000,10000,10000,0,11,100.0,99.9631180085378,100.0,0.0,0.11,0.05492398846932506,0.19673494805418587,99.89,99.89012086704625,99.94503023337164,99.945,-0.0039844485079343845,0.6312257983378351,-0.03984448507934384,6.312257983378351,0.0
selected_standard_45_2_0,selected,standard,CH3CN,response95,CH3CN_response95_2.9168128579,2.0,0.0,2.916812857897951,0.0016799635659387393,0.0053608054105288025,67,0.67,10000,10000,9492,508,11,94.92,94.471351564415,95.34225151220951,5.08,0.11,0.05492398846932506,0.19673494805418587,99.89,99.88424707986951,97.33887094293186,97.405,-0.006292610106272598,0.6284646665495099,-0.21573581895163033,21.546280038083186,0.0
selected_standard_45_2_0,selected,standard,CH3Cl,low,CH3Cl_low_1,2.0,0.0,1.0,0.00046835357108504565,0.00044614834256880275,67,0.67,10000,10000,40,9960,10,0.4,0.28591500387492635,0.544292239518683,99.6,0.1,0.047963972376422845,0.18382641342491352,99.9,80.0,0.7960199004975125,50.14999999999999,0.013631306681217061,2.6210536881599835,1.3631306681217061,262.10536881599836,34.92
selected_standard_45_2_0,selected,standard,CH3Cl,low,CH3Cl_low_5,2.0,0.0,5.0,0.0023417678554252283,0.002230741712844014,67,0.67,10000,10000,1426,8574,10,14.26,13.580150678493686,14.960734338645185,85.74,0.1,0.047963972376422845,0.18382641342491352,99.9,99.30362116991644,24.938789786638687,57.08,0.02813503112365072,2.65903314705126,0.5627006224730143,53.1806629410252,2.88
selected_standard_45_2_0,selected,standard,CH3Cl,low,CH3Cl_low_10,2.0,0.0,10.0,0.004683535710850457,0.004461483425688028,67,0.67,10000,10000,7876,2124,10,78.76,77.94504343207274,79.5581735862312,21.24,0.1,0.047963972376422845,0.18382641342491352,99.9,99.87319300025361,88.06888068880689,89.33,-0.015866675122282067,2.602257680164917,-0.15866675122282065,26.022576801649173,0.0
selected_standard_45_2_0,selected,standard,CH3Cl,response95,CH3Cl_response95_12.2058536259,2.0,0.0,12.205853625875319,0.0057166551338200585,0.005445621364821685,67,0.67,10000,10000,9507,493,10,95.07,94.62736832894612,95.48614092968126,4.93,0.1,0.047963972376422845,0.18382641342491352,99.9,99.89492487128297,97.42275964543731,97.485,0.012100887874636755,2.6037680551274947,0.09914003760444869,21.332125838439836,0.0
selected_standard_45_2_0,selected,standard,HCOOH,low,HCOOH_low_1,2.0,0.0,1.0,0.0005137388383754162,0.000206031233464761,67,0.67,10000,10000,7,9993,9,0.07,0.028148114566976398,0.14417323091498155,99.93,0.09,0.04116172723949775,0.1707789751809993,99.91,43.75,0.13977635782747605,49.99,0.22561089891054825,22.355673008703903,22.561089891054824,2235.56730087039,47.68
selected_standard_45_2_0,selected,standard,HCOOH,low,HCOOH_low_5,2.0,0.0,5.0,0.002568694191877081,0.001030156167323805,67,0.67,10000,10000,25,9975,9,0.25,0.16185014553256133,0.36882959910781854,99.75,0.09,0.04116172723949775,0.1707789751809993,99.91,73.52941176470588,0.4983057604145904,50.080000000000005,-0.16475198308374592,22.142251887892293,-3.295039661674918,442.8450377578459,40.47
selected_standard_45_2_0,selected,standard,HCOOH,low,HCOOH_low_10,2.0,0.0,10.0,0.005137388383754162,0.00206031233464761,67,0.67,10000,10000,57,9943,9,0.57,0.43198987810584355,0.7378784190069597,99.43,0.09,0.04116172723949775,0.1707789751809993,99.91,86.36363636363636,1.132525332803497,50.239999999999995,0.025103468882675263,21.98841664626655,0.2510346888267526,219.88416646266552,32.34
selected_standard_45_2_0,selected,standard,HCOOH,response95,HCOOH_response95_102.781389427,2.0,0.0,102.78138942669192,0.05280279161067999,0.02117617644080328,67,0.67,10000,10000,9533,467,9,95.33,94.89805699809364,95.73528889924809,4.67,0.09,0.04116172723949775,0.1707789751809993,99.91,99.90568015091176,97.56422065295261,97.61999999999999,0.1408334944558094,21.929837427818327,0.13702236877840407,21.336389350388796,0.0
selected_standard_45_2_0,selected,standard,PM2.5,low,PM2.5_low_15,2.0,0.0,15.0,,6.1292500665826924e-06,67,0.67,10000,10000,14,9986,6,0.14,0.07655977314058231,0.23478475639479365,99.86,0.06,0.02202202386553933,0.13054864830111396,99.94,70.0,0.27944111776447106,50.03999999999999,-9432007006.319113,958187695177.7135,-62880046708.79408,6387917967851.423,50.949999999999996
selected_standard_45_2_0,selected,standard,PM2.5,low,PM2.5_low_45,2.0,0.0,45.0,,1.838775019974808e-05,67,0.67,10000,10000,15,9985,6,0.15,0.0839774013962634,0.24728169815871814,99.85,0.06,0.02202202386553933,0.13054864830111396,99.94,71.42857142857143,0.2993713202275222,50.044999999999995,-5555762055.543634,961235776367.8859,-12346137901.208076,2136079503039.7466,50.09
selected_standard_45_2_0,selected,standard,PM2.5,low,PM2.5_low_49,2.0,0.0,49.0,,2.0022216884170128e-05,67,0.67,10000,10000,7,9993,6,0.07,0.028148114566976398,0.14417323091498155,99.93,0.06,0.02202202386553933,0.13054864830111396,99.94,53.84615384615385,0.13981823629281934,50.005,-3476839960.095369,940524373928.3508,-7095591755.296671,1919437497812.9607,50.1
selected_standard_45_2_0,selected,standard,PM2.5,low,PM2.5_low_90,2.0,0.0,90.0,,3.677550039949616e-05,67,0.67,10000,10000,10,9990,6,0.1,0.047963972376422845,0.18382641342491352,99.9,0.06,0.02202202386553933,0.13054864830111396,99.94,62.5,0.19968051118210864,50.019999999999996,-45220602.900615625,967234905333.0706,-50245114.33401736,1074705450370.0785,50.07
selected_standard_45_2_0,selected,standard,PMcoarse,low,PMcoarse_low_15,2.0,0.0,15.0,,4.995354072238381e-06,67,0.67,10000,10000,13,9987,20,0.13,0.06923710884623087,0.22220136212669064,99.87,0.2,0.12220666208422194,0.30871559889160716,99.8,39.39393939393939,0.25914482208711254,49.964999999999996,310527380.1514975,33196357341.738583,2070182534.3433166,221309048944.9239,49.559999999999995
selected_standard_45_2_0,selected,standard,PMcoarse,low,PMcoarse_low_45,2.0,0.0,45.0,,1.4986062216715145e-05,67,0.67,10000,10000,14,9986,20,0.14,0.07655977314058231,0.23478475639479365,99.86,0.2,0.12220666208422194,0.30871559889160716,99.8,41.1764705882353,0.2790512258321706,49.97,-177411552.83933935,32994060405.720192,-394247895.19853187,73320134234.93376,50.86000000000001
selected_standard_45_2_0,selected,standard,PMcoarse,low,PMcoarse_low_49,2.0,0.0,49.0,,1.6318156635978712e-05,67,0.67,10000,10000,13,9987,20,0.13,0.06923710884623087,0.22220136212669064,99.87,0.2,0.12220666208422194,0.30871559889160716,99.8,39.39393939393939,0.25914482208711254,49.964999999999996,94546176.5242398,33169969948.06553,192951380.66171384,67693816220.54189,49.84
selected_standard_45_2_0,selected,standard,PMcoarse,low,PMcoarse_low_90,2.0,0.0,90.0,,2.997212443343029e-05,67,0.67,10000,10000,7,9993,20,0.07,0.028148114566976398,0.14417323091498155,99.93,0.2,0.12220666208422194,0.30871559889160716,99.8,25.925925925925927,0.13962301785180015,49.935,-263070510.65020192,32906301915.53167,-292300567.38911325,36562557683.92408,50.470000000000006
selected_standard_45_2_0,selected,standard,PM10,low,PM10_low_15,2.0,0.0,15.0,,5.6126974469369505e-06,67,0.67,10000,10000,12,9988,6,0.12,0.06202063768478915,0.20952192793710278,99.88,0.06,0.02202202386553933,0.13054864830111396,99.94,66.66666666666667,0.2395687762028349,50.029999999999994,7733500872.386254,918464435759.7721,51556672482.575035,6123096238398.48,49.59
selected_standard_45_2_0,selected,standard,PM10,low,PM10_low_45,2.0,0.0,45.0,,1.683809234081085e-05,67,0.67,10000,10000,12,9988,6,0.12,0.06202063768478915,0.20952192793710278,99.88,0.06,0.02202202386553933,0.13054864830111396,99.94,66.66666666666667,0.2395687762028349,50.029999999999994,-4661056473.649078,910916356891.9637,-10357903274.77573,2024258570871.0305,50.57000000000001
selected_standard_45_2_0,selected,standard,PM10,low,PM10_low_49,2.0,0.0,49.0,,1.8334811659994038e-05,67,0.67,10000,10000,10,9990,6,0.1,0.047963972376422845,0.18382641342491352,99.9,0.06,0.02202202386553933,0.13054864830111396,99.94,62.5,0.19968051118210864,50.019999999999996,-7942330794.431844,911299120449.7267,-16208838355.983353,1859794123366.7893,50.339999999999996
selected_standard_45_2_0,selected,standard,PM10,low,PM10_low_90,2.0,0.0,90.0,,3.36761846816217e-05,67,0.67,10000,10000,16,9984,6,0.16,0.09148061231958557,0.2597002766009401,99.84,0.06,0.02202202386553933,0.13054864830111396,99.94,72.72727272727273,0.31929754540011973,50.05,6241545586.743277,923699055194.4309,6935050651.936974,1026332283549.3677,49.53
selected_standard_45_2_0,selected,standard,H2CO,joint mixture,mixture,2.0,0.0,1.0,,,67,0.67,10000,10000,20,9980,11,0.2,0.12220666208422194,0.30871559889160716,99.8,0.11,0.05492398846932506,0.19673494805418587,99.89,64.51612903225806,0.39876383212042665,50.044999999999995,-0.041917834545346144,5.4792502400573095,-4.191783454534614,547.925024005731,42.699999999999996
selected_standard_45_2_0,selected,standard,CH3OH,joint mixture,mixture,2.0,0.0,1.0,,,67,0.67,10000,10000,20,9980,6,0.2,0.12220666208422194,0.30871559889160716,99.8,0.06,0.02202202386553933,0.13054864830111396,99.94,76.92307692307692,0.39896269698783166,50.06999999999999,-0.0040294728797186504,5.870026951277365,-0.402947287971865,587.0026951277365,43.309999999999995
selected_standard_45_2_0,selected,standard,CH3CN,joint mixture,mixture,2.0,0.0,1.0,,,67,0.67,10000,10000,829,9171,11,8.29,7.7567816317417995,8.847654093369455,91.71,0.11,0.05492398846932506,0.19673494805418587,99.89,98.69047619047619,15.29520295202952,54.09,0.007840118394582932,0.6338579813126738,0.7840118394582932,63.38579813126738,5.66
selected_standard_45_2_0,selected,standard,CH3Cl,joint mixture,mixture,2.0,0.0,1.0,,,67,0.67,10000,10000,52,9948,10,0.52,0.3885974859302135,0.6813583823649577,99.48,0.1,0.047963972376422845,0.18382641342491352,99.9,83.87096774193549,1.0335917312661498,50.21,0.014133777195498232,2.650245383721269,1.4133777195498232,265.02453837212687,35.370000000000005
selected_standard_45_2_0,selected,standard,HCOOH,joint mixture,mixture,2.0,0.0,1.0,,,67,0.67,10000,10000,12,9988,9,0.12,0.06202063768478915,0.20952192793710278,99.88,0.09,0.04116172723949775,0.1707789751809993,99.91,57.142857142857146,0.23949705618201778,50.015,-0.32283125977523675,21.89743384259493,-32.283125977523675,2189.743384259493,48.85
selected_standard_45_2_0,selected,standard,PM2.5,joint mixture,mixture,2.0,0.0,49.0,,,67,0.67,10000,10000,15,9985,6,0.15,0.0839774013962634,0.24728169815871814,99.85,0.06,0.02202202386553933,0.13054864830111396,99.94,71.42857142857143,0.2993713202275222,50.044999999999995,-3594595715.701567,943971825454.735,-7335909623.88075,1926473113172.9285,50.39
selected_standard_45_2_0,selected,standard,PMcoarse,joint mixture,mixture,2.0,0.0,41.0,,,67,0.67,10000,10000,12,9988,20,0.12,0.06202063768478915,0.20952192793710278,99.88,0.2,0.12220666208422194,0.30871559889160716,99.8,37.5,0.23923444976076555,49.96,127560735.99333474,33059737014.782608,311123746.32520664,80633504914.10393,49.730000000000004
selected_standard_45_2_0,selected,standard,PM10,joint mixture,mixture,2.0,0.0,90.0,,,67,0.67,10000,10000,15,9985,6,0.15,0.0839774013962634,0.24728169815871814,99.85,0.06,0.02202202386553933,0.13054864830111396,99.94,71.42857142857143,0.2993713202275222,50.044999999999995,-3467034979.708227,910913826127.4763,-3852261088.564697,1012126473474.9736,50.36000000000001
selected_standard_45_2_0.0001,selected,standard,H2CO,low,H2CO_low_1,2.0,0.0001,1.0,0.0007874785198237704,0.0003167770445523256,77,0.77,10000,10000,19,9981,8,0.19,0.11442996352914732,0.29655021482667676,99.81,0.08,0.03454444769961986,0.15757071053789476,99.92,70.37037037037037,0.3789767627406004,50.05499999999999,-0.05516735899028063,5.541278978722658,-5.516735899028062,554.1278978722657,43.34
selected_standard_45_2_0.0001,selected,standard,H2CO,low,H2CO_low_5,2.0,0.0001,5.0,0.003937392599118852,0.001583885222761628,77,0.77,10000,10000,159,9841,8,1.59,1.3540075535097764,1.8547602847600861,98.41,0.08,0.03454444769961986,0.15757071053789476,99.92,95.20958083832335,3.1277663027441722,50.754999999999995,0.05046696367798827,5.504750111442767,1.0093392735597655,110.09500222885534,18.32
selected_standard_45_2_0.0001,selected,standard,H2CO,low,H2CO_low_10,2.0,0.0001,10.0,0.007874785198237704,0.003167770445523256,77,0.77,10000,10000,1029,8971,8,10.29,9.701134237483783,10.902103958898905,89.71,0.08,0.03454444769961986,0.15757071053789476,99.92,99.22854387656702,18.646371296547976,55.105000000000004,-0.05502559498688987,5.461430650843117,-0.5502559498688988,54.61430650843117,3.5999999999999996
selected_standard_45_2_0.0001,selected,standard,H2CO,response95,H2CO_response95_25.8615526178,2.0,0.0001,25.861552617796505,0.020365417175806946,0.008192346205800036,77,0.77,10000,10000,9511,489,8,95.11,94.66899091408156,95.52449327541686,4.89,0.08,0.03454444769961986,0.15757071053789476,99.92,99.91595755856707,97.4537630001537,97.515,-0.01539843608132416,5.493423368340154,-0.05954180829316411,21.241661123469754,0.0
selected_standard_45_2_0.0001,selected,standard,CH3OH,low,CH3OH_low_1,2.0,0.0001,1.0,0.0007379324023540518,0.0001493647462662149,77,0.77,10000,10000,21,9979,7,0.21,0.13003884742172667,0.32082911452309043,99.79,0.07,0.028148114566976398,0.14417323091498155,99.93,75.0,0.4188272836059035,50.07,-0.04198804442701246,5.981812016004646,-4.198804442701246,598.1812016004646,43.62
selected_standard_45_2_0.0001,selected,standard,CH3OH,low,CH3OH_low_5,2.0,0.0001,5.0,0.003689662011770259,0.0007468237313310745,77,0.77,10000,10000,161,9839,7,1.61,1.3724891249460636,1.8762622987854927,98.39,0.07,0.028148114566976398,0.14417323091498155,99.93,95.83333333333333,3.1667977970102283,50.769999999999996,0.011368400976636425,6.018636283747024,0.2273680195327285,120.37272567494048,20.34
selected_standard_45_2_0.0001,selected,standard,CH3OH,low,CH3OH_low_10,2.0,0.0001,10.0,0.007379324023540518,0.001493647462662149,77,0.77,10000,10000,896,9104,7,8.96,8.407229731021088,9.53680349555894,91.04,0.07,0.028148114566976398,0.14417323091498155,99.93,99.2248062015504,16.43584334586811,54.445,0.018061608288619094,5.959603577421544,0.18061608288619094,59.596035774215444,4.7
selected_standard_45_2_0.0001,selected,standard,CH3OH,response95,CH3OH_response95_27.911132482,2.0,0.0001,27.91113248197508,0.02059652904484608,0.004168939221172917,77,0.77,10000,10000,9459,541,7,94.59,94.12847450133116,95.02533399575223,5.41,0.07,0.028148114566976398,0.14417323091498155,99.93,99.92605113036129,97.18483509709236,97.25999999999999,-0.06434245887550716,5.966364494288937,-0.2305261490806914,21.376289543758197,0.0
selected_standard_45_2_0.0001,selected,standard,CH3CN,low,CH3CN_low_1,2.0,0.0001,1.0,0.0005759586397152104,0.0018378983060271322,77,0.77,10000,10000,760,9240,18,7.6,7.088017297169764,8.136834734053053,92.4,0.18,0.10671320583728887,0.28432898414842517,99.82,97.68637532133675,14.10280200408239,53.71,-0.003199538184994385,0.6310768067803664,-0.3199538184994385,63.10768067803664,5.609999999999999
selected_standard_45_2_0.0001,selected,standard,CH3CN,low,CH3CN_low_5,2.0,0.0001,5.0,0.0028797931985760517,0.00918949153013566,77,0.77,10000,10000,10000,0,18,100.0,99.9631180085378,100.0,0.0,0.18,0.10671320583728887,0.28432898414842517,99.82,99.82032341784787,99.91008092716555,99.91,0.0061627631965703415,0.6310572807288856,0.12325526393140682,12.62114561457771,0.0
selected_standard_45_2_0.0001,selected,standard,CH3CN,low,CH3CN_low_10,2.0,0.0001,10.0,0.0057595863971521034,0.01837898306027132,77,0.77,10000,10000,10000,0,18,100.0,99.9631180085378,100.0,0.0,0.18,0.10671320583728887,0.28432898414842517,99.82,99.82032341784787,99.91008092716555,99.91,0.002529544026609638,0.6272537371546928,0.02529544026609638,6.272537371546928,0.0
selected_standard_45_2_0.0001,selected,standard,CH3CN,response95,CH3CN_response95_2.93845386929,2.0,0.0001,2.938453869287774,0.001692427893420883,0.005400579388702872,77,0.77,10000,10000,9514,486,18,95.14,94.70021296458167,95.55325240841638,4.86,0.18,0.10671320583728887,0.28432898414842517,99.82,99.81116240033572,97.41961908662708,97.48,0.003771963121364378,0.6322728305635805,0.12836557213942687,21.51719437123005,0.0
selected_standard_45_2_0.0001,selected,standard,CH3Cl,low,CH3Cl_low_1,2.0,0.0001,1.0,0.00046835357108504565,0.00044614834256880275,77,0.77,10000,10000,50,9950,6,0.5,0.371330617955548,0.6586626429079917,99.5,0.06,0.02202202386553933,0.13054864830111396,99.94,89.28571428571429,0.994431185361973,50.22,0.005580182864488205,2.64544272434737,0.5580182864488206,264.544272434737,34.81
selected_standard_45_2_0.0001,selected,standard,CH3Cl,low,CH3Cl_low_5,2.0,0.0001,5.0,0.0023417678554252283,0.002230741712844014,77,0.77,10000,10000,1306,8694,6,13.06,12.405392758204345,13.736201228014577,86.94,0.06,0.02202202386553933,0.13054864830111396,99.94,99.54268292682927,23.09052333804809,56.49999999999999,-0.006643574965038171,2.614048359272397,-0.13287149930076342,52.28096718544795,2.82
selected_standard_45_2_0.0001,selected,standard,CH3Cl,low,CH3Cl_low_10,2.0,0.0001,10.0,0.004683535710850457,0.004461483425688028,77,0.77,10000,10000,7808,2192,6,78.08,77.25603722412325,78.88757812720685,21.92,0.06,0.02202202386553933,0.13054864830111396,99.94,99.92321474276939,87.66138991804199,89.01,-0.016182497867678662,2.6291191013362263,-0.16182497867678663,26.291191013362265,0.02
selected_standard_45_2_0.0001,selected,standard,CH3Cl,response95,CH3Cl_response95_12.3094456332,2.0,0.0001,12.309445633208435,0.005765172820390392,0.00549183876719673,77,0.77,10000,10000,9529,471,6,95.29,94.85639037052653,95.69698072466133,4.71,0.06,0.02202202386553933,0.13054864830111396,99.94,99.93707393812271,97.55822882006655,97.615,0.014298329200210966,2.6071074657433604,0.11615737723912536,21.179730943446415,0.0
selected_standard_45_2_0.0001,selected,standard,HCOOH,low,HCOOH_low_1,2.0,0.0001,1.0,0.0005137388383754162,0.000206031233464761,77,0.77,10000,10000,11,9989,14,0.11,0.05492398846932506,0.19673494805418587,99.89,0.14,0.07655977314058231,0.23478475639479365,99.86,44.0,0.2194513715710723,49.985,-0.1309003017060012,22.31405965651318,-13.09003017060012,2231.405965651318,48.38
selected_standard_45_2_0.0001,selected,standard,HCOOH,low,HCOOH_low_5,2.0,0.0001,5.0,0.002568694191877081,0.001030156167323805,77,0.77,10000,10000,23,9977,14,0.23,0.14585440792945478,0.3449142627000704,99.77,0.14,0.07655977314058231,0.23478475639479365,99.86,62.16216216216216,0.4583042741855136,50.04500000000001,0.2528178841946299,21.918963219093715,5.056357683892598,438.37926438187435,40.38
selected_standard_45_2_0.0001,selected,standard,HCOOH,low,HCOOH_low_10,2.0,0.0001,10.0,0.005137388383754162,0.00206031233464761,77,0.77,10000,10000,47,9953,14,0.47,0.34553662438795085,0.6245156917585817,99.53,0.14,0.07655977314058231,0.23478475639479365,99.86,77.04918032786885,0.934300765331478,50.165000000000006,-0.0677644229184622,22.200948796594133,-0.6776442291846221,222.00948796594133,32.78
selected_standard_45_2_0.0001,selected,standard,HCOOH,response95,HCOOH_response95_102.893772311,2.0,0.0001,102.89377231123434,0.05286052706323809,0.021199330825125883,77,0.77,10000,10000,9455,545,14,94.55,94.08694571594354,94.98688759636305,5.45,0.14,0.07655977314058231,0.23478475639479365,99.86,99.85214911817509,97.12876881195747,97.20500000000001,-0.23923687843891644,22.132289586882386,-0.23250860869914441,21.509843686104116,0.0
selected_standard_45_2_0.0001,selected,standard,PM2.5,low,PM2.5_low_15,2.0,0.0001,15.0,,6.1292500665826924e-06,77,0.77,10000,10000,10,9990,14,0.1,0.047963972376422845,0.18382641342491352,99.9,0.14,0.07655977314058231,0.23478475639479365,99.86,41.666666666666664,0.19952114924181963,49.980000000000004,2679059856.0319557,949350538811.3486,17860399040.213036,6329003592075.657,50.029999999999994
selected_standard_45_2_0.0001,selected,standard,PM2.5,low,PM2.5_low_45,2.0,0.0001,45.0,,1.838775019974808e-05,77,0.77,10000,10000,9,9991,14,0.09,0.04116172723949775,0.1707789751809993,99.91,0.14,0.07655977314058231,0.23478475639479365,99.86,39.130434782608695,0.17958695001496558,49.975,-4255492573.016467,955314094887.2808,-9456650162.258816,2122920210860.624,49.95
selected_standard_45_2_0.0001,selected,standard,PM2.5,low,PM2.5_low_49,2.0,0.0001,49.0,,2.0022216884170128e-05,77,0.77,10000,10000,15,9985,14,0.15,0.0839774013962634,0.24728169815871814,99.85,0.14,0.07655977314058231,0.23478475639479365,99.86,51.724137931034484,0.2991325157044571,50.005,8702636652.813766,954604504365.3496,17760482964.926056,1948172457888.4688,49.25
selected_standard_45_2_0.0001,selected,standard,PM2.5,low,PM2.5_low_90,2.0,0.0001,90.0,,3.677550039949616e-05,77,0.77,10000,10000,18,9982,14,0.18,0.10671320583728887,0.28432898414842517,99.82,0.14,0.07655977314058231,0.23478475639479365,99.86,56.25,0.3588516746411483,50.019999999999996,7404410138.966963,954403726326.0624,8227122376.629959,1060448584806.736,49.88
selected_standard_45_2_0.0001,selected,standard,PMcoarse,low,PMcoarse_low_15,2.0,0.0001,15.0,,4.995354072238381e-06,77,0.77,10000,10000,12,9988,13,0.12,0.06202063768478915,0.20952192793710278,99.88,0.13,0.06923710884623087,0.22220136212669064,99.87,48.0,0.23940149625935161,49.995,236663171.12391505,33607414393.697186,1577754474.1594338,224049429291.31458,49.61
selected_standard_45_2_0.0001,selected,standard,PMcoarse,low,PMcoarse_low_45,2.0,0.0001,45.0,,1.4986062216715145e-05,77,0.77,10000,10000,10,9990,13,0.1,0.047963972376422845,0.18382641342491352,99.9,0.13,0.06923710884623087,0.22220136212669064,99.87,43.47826086956522,0.199541055572184,49.985,12112583.824050073,33481314290.513206,26916852.942333497,74402920645.5849,49.980000000000004
selected_standard_45_2_0.0001,selected,standard,PMcoarse,low,PMcoarse_low_49,2.0,0.0001,49.0,,1.6318156635978712e-05,77,0.77,10000,10000,11,9989,13,0.11,0.05492398846932506,0.19673494805418587,99.89,0.13,0.06923710884623087,0.22220136212669064,99.87,45.833333333333336,0.2194732641660016,49.99,-128440009.19112559,33584927266.335762,-262122467.736991,68540667890.48115,49.89
selected_standard_45_2_0.0001,selected,standard,PMcoarse,low,PMcoarse_low_90,2.0,0.0001,90.0,,2.997212443343029e-05,77,0.77,10000,10000,16,9984,13,0.16,0.09148061231958557,0.2597002766009401,99.84,0.13,0.06923710884623087,0.22220136212669064,99.87,55.172413793103445,0.31907468341808753,50.015,96230955.73604439,33530265687.578217,106923284.15116043,37255850763.9758,50.480000000000004
selected_standard_45_2_0.0001,selected,standard,PM10,low,PM10_low_15,2.0,0.0001,15.0,,5.6126974469369505e-06,77,0.77,10000,10000,9,9991,14,0.09,0.04116172723949775,0.1707789751809993,99.91,0.14,0.07655977314058231,0.23478475639479365,99.86,39.130434782608695,0.17958695001496558,49.975,4849386298.423912,925677850668.588,32329241989.49275,6171185671123.92,49.220000000000006
selected_standard_45_2_0.0001,selected,standard,PM10,low,PM10_low_45,2.0,0.0001,45.0,,1.683809234081085e-05,77,0.77,10000,10000,6,9994,14,0.06,0.02202202386553933,0.13054864830111396,99.94,0.14,0.07655977314058231,0.23478475639479365,99.86,30.0,0.11976047904191617,49.96000000000001,-4577993874.334726,913506181070.3273,-10173319720.743837,2030013735711.8386,50.080000000000005
selected_standard_45_2_0.0001,selected,standard,PM10,low,PM10_low_49,2.0,0.0001,49.0,,1.8334811659994038e-05,77,0.77,10000,10000,12,9988,14,0.12,0.06202063768478915,0.20952192793710278,99.88,0.14,0.07655977314058231,0.23478475639479365,99.86,46.15384615384615,0.23937761819269898,49.99,-23347450354.304794,918371162739.7524,-47647857865.928154,1874226862734.1887,51.300000000000004
selected_standard_45_2_0.0001,selected,standard,PM10,low,PM10_low_90,2.0,0.0001,90.0,,3.36761846816217e-05,77,0.77,10000,10000,15,9985,14,0.15,0.0839774013962634,0.24728169815871814,99.85,0.14,0.07655977314058231,0.23478475639479365,99.86,51.724137931034484,0.2991325157044571,50.005,7009758059.538552,917504722022.0131,7788620066.153947,1019449691135.5702,49.730000000000004
selected_standard_45_2_0.0001,selected,standard,H2CO,joint mixture,mixture,2.0,0.0001,1.0,,,77,0.77,10000,10000,29,9971,8,0.29,0.19430094045400265,0.41622489970483645,99.71,0.08,0.03454444769961986,0.15757071053789476,99.92,78.37837837837837,0.5778619109295606,50.105,0.03745516785697081,5.51729876162093,3.745516785697081,551.729876162093,42.95
selected_standard_45_2_0.0001,selected,standard,CH3OH,joint mixture,mixture,2.0,0.0001,1.0,,,77,0.77,10000,10000,21,9979,7,0.21,0.13003884742172667,0.32082911452309043,99.79,0.07,0.028148114566976398,0.14417323091498155,99.93,75.0,0.4188272836059035,50.07,-0.011682532906235181,6.038274513368055,-1.1682532906235181,603.8274513368056,43.33
selected_standard_45_2_0.0001,selected,standard,CH3CN,joint mixture,mixture,2.0,0.0001,1.0,,,77,0.77,10000,10000,757,9243,18,7.57,7.058967954420795,8.105902224488014,92.43,0.18,0.10671320583728887,0.28432898414842517,99.82,97.6774193548387,14.051044083526682,53.69500000000001,0.006258950720287909,0.6203309457461074,0.6258950720287909,62.033094574610736,5.4
selected_standard_45_2_0.0001,selected,standard,CH3Cl,joint mixture,mixture,2.0,0.0001,1.0,,,77,0.77,10000,10000,31,9969,6,0.31,0.21072418393729533,0.4397341107567507,99.69,0.06,0.02202202386553933,0.13054864830111396,99.94,83.78378378378379,0.6177144565109096,50.125,0.013417071345503039,2.637594927309139,1.3417071345503038,263.7594927309139,35.0
selected_standard_45_2_0.0001,selected,standard,HCOOH,joint mixture,mixture,2.0,0.0001,1.0,,,77,0.77,10000,10000,7,9993,14,0.07,0.028148114566976398,0.14417323091498155,99.93,0.14,0.07655977314058231,0.23478475639479365,99.86,33.333333333333336,0.13970661610617702,49.965,0.07225053227621882,22.000766009812885,7.225053227621882,2200.0766009812887,48.08
selected_standard_45_2_0.0001,selected,standard,PM2.5,joint mixture,mixture,2.0,0.0001,49.0,,,77,0.77,10000,10000,12,9988,14,0.12,0.06202063768478915,0.20952192793710278,99.88,0.14,0.07655977314058231,0.23478475639479365,99.86,46.15384615384615,0.23937761819269898,49.99,-1262445656.8594189,952260079386.002,-2576419707.876365,1943387917114.2896,50.029999999999994
selected_standard_45_2_0.0001,selected,standard,PMcoarse,joint mixture,mixture,2.0,0.0001,41.0,,,77,0.77,10000,10000,20,9980,13,0.2,0.12220666208422194,0.30871559889160716,99.8,0.13,0.06923710884623087,0.22220136212669064,99.87,60.60606060606061,0.3986843416724808,50.035,42383895.97347715,33354271042.15682,103375356.0328711,81351880590.62639,49.91
selected_standard_45_2_0.0001,selected,standard,PM10,joint mixture,mixture,2.0,0.0001,90.0,,,77,0.77,10000,10000,12,9988,14,0.12,0.06202063768478915,0.20952192793710278,99.88,0.14,0.07655977314058231,0.23478475639479365,99.86,46.15384615384615,0.23937761819269898,49.99,-1220061760.8859656,918907594243.2988,-1355624178.762184,1021008438048.1097,50.03999999999999
selected_standard_45_2_0.001,selected,standard,H2CO,low,H2CO_low_1,2.0,0.001,1.0,0.0007874785198237704,0.0003167770445523256,87,0.87,10000,10000,14,9986,8,0.14,0.07655977314058231,0.23478475639479365,99.86,0.08,0.03454444769961986,0.15757071053789476,99.92,63.63636363636363,0.27938535222510474,50.029999999999994,0.14534903202086616,6.986525047284408,14.534903202086616,698.6525047284408,43.4
selected_standard_45_2_0.001,selected,standard,H2CO,low,H2CO_low_5,2.0,0.001,5.0,0.003937392599118852,0.001583885222761628,87,0.87,10000,10000,96,9904,8,0.96,0.7782754127002334,1.1710777225221782,99.04,0.08,0.03454444769961986,0.15757071053789476,99.92,92.3076923076923,1.9002375296912113,50.44,-0.06323397637732839,7.089462955696113,-1.2646795275465679,141.78925911392224,24.34
selected_standard_45_2_0.001,selected,standard,H2CO,low,H2CO_low_10,2.0,0.001,10.0,0.007874785198237704,0.003167770445523256,87,0.87,10000,10000,535,9465,8,5.35,4.917009129510622,5.8092196289972176,94.65,0.08,0.03454444769961986,0.15757071053789476,99.92,98.52670349907919,10.148913971355402,52.635,-0.005144989313126922,7.0124661414707425,-0.05144989313126922,70.12466141470743,7.68
selected_standard_45_2_0.001,selected,standard,H2CO,response95,H2CO_response95_33.0184597636,2.0,0.001,33.018459763600745,0.026001327821501035,0.010459490099583324,87,0.87,10000,10000,9503,497,8,95.03,94.58575345088335,95.44778085504817,4.97,0.08,0.03454444769961986,0.15757071053789476,99.92,99.91588686783724,97.41171646763364,97.475,-0.025211493238269937,7.036546682875501,-0.0763557519604923,21.310947673678367,0.0
selected_standard_45_2_0.001,selected,standard,CH3OH,low,CH3OH_low_1,2.0,0.001,1.0,0.0007379324023540518,0.0001493647462662149,87,0.87,10000,10000,13,9987,13,0.13,0.06923710884623087,0.22220136212669064,99.87,0.13,0.06923710884623087,0.22220136212669064,99.87,50.0,0.25932575304209055,50.0,0.1371889001488768,9.405746351077545,13.71889001488768,940.5746351077545,45.22
selected_standard_45_2_0.001,selected,standard,CH3OH,low,CH3OH_low_5,2.0,0.001,5.0,0.003689662011770259,0.0007468237313310745,87,0.87,10000,10000,79,9921,13,0.79,0.6259349921540394,0.9836166281321337,99.21,0.13,0.06923710884623087,0.22220136212669064,99.87,85.8695652173913,1.5655965120887831,50.33,0.17427204630643706,9.668303577657845,3.485440926128741,193.3660715531569,29.53
selected_standard_45_2_0.001,selected,standard,CH3OH,low,CH3OH_low_10,2.0,0.001,10.0,0.007379324023540518,0.001493647462662149,87,0.87,10000,10000,225,9775,13,2.25,1.9683034831169919,2.559957760851421,97.75,0.13,0.06923710884623087,0.22220136212669064,99.87,94.53781512605042,4.395389724555577,51.06,-0.02545878796111157,9.451903998458604,-0.25458787961111573,94.51903998458604,14.41
selected_standard_45_2_0.001,selected,standard,CH3OH,response95,CH3OH_response95_44.2616048984,2.0,0.001,44.26160489836838,0.03266207243469885,0.006611123384980248,87,0.87,10000,10000,9489,511,13,94.89,94.44016081736241,95.31346098784712,5.11,0.13,0.06923710884623087,0.22220136212669064,99.87,99.86318669753736,97.31309609270843,97.38,0.030034719814841526,9.50218901778865,0.067857276941959,21.46824327677944,0.0
selected_standard_45_2_0.001,selected,standard,CH3CN,low,CH3CN_low_1,2.0,0.001,1.0,0.0005759586397152104,0.0018378983060271322,87,0.87,10000,10000,224,9776,16,2.24,1.9589383461252021,2.549330162354664,97.76,0.16,0.09148061231958557,0.2597002766009401,99.84,93.33333333333333,4.375,51.04,-0.0032582639411392533,0.9773068313586677,-0.32582639411392533,97.73068313586677,15.28
selected_standard_45_2_0.001,selected,standard,CH3CN,low,CH3CN_low_5,2.0,0.001,5.0,0.0028797931985760517,0.00918949153013566,87,0.87,10000,10000,9833,167,16,98.33,98.0592895052124,98.57200780294775,1.67,0.16,0.09148061231958557,0.2597002766009401,99.84,99.83754695908215,99.07803919592926,99.08500000000001,-0.00900368655806349,0.9684411847790466,-0.1800737311612698,19.368823695580932,0.0
selected_standard_45_2_0.001,selected,standard,CH3CN,low,CH3CN_low_10,2.0,0.001,10.0,0.0057595863971521034,0.01837898306027132,87,0.87,10000,10000,10000,0,16,100.0,99.9631180085378,100.0,0.0,0.16,0.09148061231958557,0.2597002766009401,99.84,99.84025559105432,99.92006394884093,99.92,0.005311901870541072,0.976896900518778,0.05311901870541073,9.768969005187781,0.0
selected_standard_45_2_0.001,selected,standard,CH3CN,response95,CH3CN_response95_4.55018155783,2.0,0.001,4.550181557825821,0.002620716380502597,0.008362770977243974,87,0.87,10000,10000,9504,496,16,95.04,94.59615645269879,95.45737159342933,4.96,0.16,0.09148061231958557,0.2597002766009401,99.84,99.83193277310924,97.37704918032787,97.44,0.009349796451769041,0.9756924171204192,0.20548183260266614,21.442933753760517,0.0
selected_standard_45_2_0.001,selected,standard,CH3Cl,low,CH3Cl_low_1,2.0,0.001,1.0,0.00046835357108504565,0.00044614834256880275,87,0.87,10000,10000,30,9970,12,0.3,0.20249748158945752,0.4279939087202372,99.7,0.12,0.06202063768478915,0.20952192793710278,99.88,71.42857142857143,0.5974905397331209,50.09,0.02782595246257431,4.21948466950792,2.782595246257431,421.94846695079195,40.300000000000004
selected_standard_45_2_0.001,selected,standard,CH3Cl,low,CH3Cl_low_5,2.0,0.001,5.0,0.0023417678554252283,0.002230741712844014,87,0.87,10000,10000,312,9688,12,3.12,2.7879553274125906,3.479701701247498,96.88,0.12,0.06202063768478915,0.20952192793710278,99.88,96.29629629629629,6.044168926772569,51.5,-0.0006967587784149316,4.205042390799676,-0.013935175568298633,84.10084781599352,11.76
selected_standard_45_2_0.001,selected,standard,CH3Cl,low,CH3Cl_low_10,2.0,0.001,10.0,0.004683535710850457,0.004461483425688028,87,0.87,10000,10000,2515,7485,12,25.15,24.301953618143973,26.0125408943192,74.85,0.12,0.06202063768478915,0.20952192793710278,99.88,99.5251286110012,40.15326893909156,62.515,0.011134134763851054,4.151621477771613,0.11134134763851053,41.51621477771613,0.74
selected_standard_45_2_0.001,selected,standard,CH3Cl,response95,CH3Cl_response95_19.6931918166,2.0,0.001,19.693191816605804,0.009223376713370125,0.008786084888868189,87,0.87,10000,10000,9491,509,12,94.91,94.46095418879025,95.33265513191796,5.09,0.12,0.06202063768478915,0.20952192793710278,99.88,99.87372408713038,97.328616110342,97.39500000000001,0.0368027932751731,4.221089757876666,0.18688079422524104,21.434259094136966,0.0
selected_standard_45_2_0.001,selected,standard,HCOOH,low,HCOOH_low_1,2.0,0.001,1.0,0.0005137388383754162,0.000206031233464761,87,0.87,10000,10000,12,9988,16,0.12,0.06202063768478915,0.20952192793710278,99.88,0.16,0.09148061231958557,0.2597002766009401,99.84,42.857142857142854,0.23932987634623054,49.98,-0.04149401040883404,24.456695152059314,-4.149401040883404,2445.6695152059315,48.18
selected_standard_45_2_0.001,selected,standard,HCOOH,low,HCOOH_low_5,2.0,0.001,5.0,0.002568694191877081,0.001030156167323805,87,0.87,10000,10000,28,9972,16,0.28,0.18613613584098537,0.40442562488373923,99.72,0.16,0.09148061231958557,0.2597002766009401,99.84,63.63636363636363,0.5575467941059339,50.059999999999995,-0.11410991799396539,24.599383684103437,-2.282198359879308,491.9876736820687,41.94
selected_standard_45_2_0.001,selected,standard,HCOOH,low,HCOOH_low_10,2.0,0.001,10.0,0.005137388383754162,0.00206031233464761,87,0.87,10000,10000,47,9953,16,0.47,0.34553662438795085,0.6245156917585817,99.53,0.16,0.09148061231958557,0.2597002766009401,99.84,74.60317460317461,0.9341150750273278,50.154999999999994,-0.27299520539044086,24.545980865170137,-2.7299520539044084,245.45980865170137,35.03
selected_standard_45_2_0.001,selected,standard,HCOOH,response95,HCOOH_response95_113.332021006,2.0,0.001,113.3320210060863,0.05822306082240504,0.023349936078938163,87,0.87,10000,10000,9448,552,16,94.48,94.01428639105465,94.91959030698725,5.52,0.16,0.09148061231958557,0.2597002766009401,99.84,99.83093829247676,97.08179202630497,97.16,-0.34864705404748203,24.35196220257074,-0.30763331576762276,21.48727428169922,0.0
selected_standard_45_2_0.001,selected,standard,PM2.5,low,PM2.5_low_15,2.0,0.001,15.0,,6.1292500665826924e-06,87,0.87,10000,10000,9,9991,16,0.09,0.04116172723949775,0.1707789751809993,99.91,0.16,0.09148061231958557,0.2597002766009401,99.84,36.0,0.17955112219451372,49.964999999999996,11873333654.088182,1418534510590.3489,79155557693.92122,9456896737268.992,49.38
selected_standard_45_2_0.001,selected,standard,PM2.5,low,PM2.5_low_45,2.0,0.001,45.0,,1.838775019974808e-05,87,0.87,10000,10000,11,9989,16,0.11,0.05492398846932506,0.19673494805418587,99.89,0.16,0.09148061231958557,0.2597002766009401,99.84,40.74074074074074,0.2194075994814002,49.974999999999994,-19487790160.20939,1442074691028.2917,-43306200356.02087,3204610424507.3154,50.39
selected_standard_45_2_0.001,selected,standard,PM2.5,low,PM2.5_low_49,2.0,0.001,49.0,,2.0022216884170128e-05,87,0.87,10000,10000,12,9988,16,0.12,0.06202063768478915,0.20952192793710278,99.88,0.16,0.09148061231958557,0.2597002766009401,99.84,42.857142857142854,0.23932987634623054,49.98,18176546391.24122,1435822352442.6743,37094992635.18616,2930249698862.6006,49.230000000000004
selected_standard_45_2_0.001,selected,standard,PM2.5,low,PM2.5_low_90,2.0,0.001,90.0,,3.677550039949616e-05,87,0.87,10000,10000,11,9989,16,0.11,0.05492398846932506,0.19673494805418587,99.89,0.16,0.09148061231958557,0.2597002766009401,99.84,40.74074074074074,0.2194075994814002,49.974999999999994,13587788803.617506,1422728582993.8665,15097543115.130562,1580809536659.8518,49.36
selected_standard_45_2_0.001,selected,standard,PMcoarse,low,PMcoarse_low_15,2.0,0.001,15.0,,4.995354072238381e-06,87,0.87,10000,10000,14,9986,11,0.14,0.07655977314058231,0.23478475639479365,99.86,0.11,0.05492398846932506,0.19673494805418587,99.89,56.0,0.2793017456359102,50.015,57184693.878990404,49816918081.26008,381231292.5266027,332112787208.4005,50.12
selected_standard_45_2_0.001,selected,standard,PMcoarse,low,PMcoarse_low_45,2.0,0.001,45.0,,1.4986062216715145e-05,87,0.87,10000,10000,11,9989,11,0.11,0.05492398846932506,0.19673494805418587,99.89,0.11,0.05492398846932506,0.19673494805418587,99.89,50.0,0.21951706246258232,50.0,163377071.58650225,49539341790.731285,363060159.0811161,110087426201.62509,50.160000000000004
selected_standard_45_2_0.001,selected,standard,PMcoarse,low,PMcoarse_low_49,2.0,0.001,49.0,,1.6318156635978712e-05,87,0.87,10000,10000,16,9984,11,0.16,0.09148061231958557,0.2597002766009401,99.84,0.11,0.05492398846932506,0.19673494805418587,99.89,59.25925925925926,0.3191383265184003,50.025,507839206.02006745,50377918048.61947,1036406542.8980968,102812077650.24382,49.61
selected_standard_45_2_0.001,selected,standard,PMcoarse,low,PMcoarse_low_90,2.0,0.001,90.0,,2.997212443343029e-05,87,0.87,10000,10000,10,9990,11,0.1,0.047963972376422845,0.18382641342491352,99.9,0.11,0.05492398846932506,0.19673494805418587,99.89,47.61904761904762,0.19958088015168146,49.995,-667524921.4604293,50093697425.1222,-741694357.1782548,55659663805.69133,50.42
selected_standard_45_2_0.001,selected,standard,PM10,low,PM10_low_15,2.0,0.001,15.0,,5.6126974469369505e-06,87,0.87,10000,10000,12,9988,16,0.12,0.06202063768478915,0.20952192793710278,99.88,0.16,0.09148061231958557,0.2597002766009401,99.84,42.857142857142854,0.23932987634623054,49.98,-13659290814.03832,1373565726937.0298,-91061938760.25546,9157104846246.865,50.239999999999995
selected_standard_45_2_0.001,selected,standard,PM10,low,PM10_low_45,2.0,0.001,45.0,,1.683809234081085e-05,87,0.87,10000,10000,14,9986,16,0.14,0.07655977314058231,0.23478475639479365,99.86,0.16,0.09148061231958557,0.2597002766009401,99.84,46.666666666666664,0.27916251246261214,49.989999999999995,13807203804.858425,1366493312481.0837,30682675121.90761,3036651805513.5195,49.1
selected_standard_45_2_0.001,selected,standard,PM10,low,PM10_low_49,2.0,0.001,49.0,,1.8334811659994038e-05,87,0.87,10000,10000,20,9980,16,0.2,0.12220666208422194,0.30871559889160716,99.8,0.16,0.09148061231958557,0.2597002766009401,99.84,55.55555555555556,0.3985651654045436,50.019999999999996,22573174348.95236,1394170990851.0078,46067702752.964,2845246920104.0977,49.4
selected_standard_45_2_0.001,selected,standard,PM10,low,PM10_low_90,2.0,0.001,90.0,,3.36761846816217e-05,87,0.87,10000,10000,8,9992,16,0.08,0.03454444769961986,0.15757071053789476,99.92,0.16,0.09148061231958557,0.2597002766009401,99.84,33.333333333333336,0.1596169193934557,49.96,-13762045065.921429,1376311470212.787,-15291161184.357143,1529234966903.097,50.470000000000006
selected_standard_45_2_0.001,selected,standard,H2CO,joint mixture,mixture,2.0,0.001,1.0,,,87,0.87,10000,10000,23,9977,8,0.23,0.14585440792945478,0.3449142627000704,99.77,0.08,0.03454444769961986,0.15757071053789476,99.92,74.19354838709677,0.45857840693849067,50.075,-0.02360481012021469,7.077768389988397,-2.3604810120214688,707.7768389988397,45.03
selected_standard_45_2_0.001,selected,standard,CH3OH,joint mixture,mixture,2.0,0.001,1.0,,,87,0.87,10000,10000,17,9983,13,0.17,0.09906147330432367,0.2720473913885041,99.83,0.13,0.06923710884623087,0.22220136212669064,99.87,56.666666666666664,0.3389830508474576,50.019999999999996,-0.004291380600068623,9.500454363456862,-0.42913806000686233,950.0454363456862,45.71
selected_standard_45_2_0.001,selected,standard,CH3CN,joint mixture,mixture,2.0,0.001,1.0,,,87,0.87,10000,10000,261,9739,16,2.61,2.306380496751896,2.941624844715863,97.39,0.16,0.09148061231958557,0.2597002766009401,99.84,94.22382671480145,5.0793032986280044,51.225,0.0041546686907833735,0.9854053095895409,0.41546686907833735,98.5405309589541,15.590000000000002
selected_standard_45_2_0.001,selected,standard,CH3Cl,joint mixture,mixture,2.0,0.001,1.0,,,87,0.87,10000,10000,29,9971,12,0.29,0.19430094045400265,0.41622489970483645,99.71,0.12,0.06202063768478915,0.20952192793710278,99.88,70.73170731707317,0.5776317099890449,50.085,-0.04964886454961171,4.238084918680369,-4.964886454961171,423.80849186803687,41.27
selected_standard_45_2_0.001,selected,standard,HCOOH,joint mixture,mixture,2.0,0.001,1.0,,,87,0.87,10000,10000,15,9985,16,0.15,0.0839774013962634,0.24728169815871814,99.85,0.16,0.09148061231958557,0.2597002766009401,99.84,48.38709677419355,0.29907287409032,49.995,0.09994812034364269,24.28934490527996,9.99481203436427,2428.934490527996,48.26
selected_standard_45_2_0.001,selected,standard,PM2.5,joint mixture,mixture,2.0,0.001,49.0,,,87,0.87,10000,10000,7,9993,16,0.07,0.028148114566976398,0.14417323091498155,99.93,0.16,0.09148061231958557,0.2597002766009401,99.84,30.434782608695652,0.1396787389005288,49.955,1698415635.114814,1413056944077.463,3466154357.3771715,2883789681790.74,49.730000000000004
selected_standard_45_2_0.001,selected,standard,PMcoarse,joint mixture,mixture,2.0,0.001,41.0,,,87,0.87,10000,10000,12,9988,11,0.12,0.06202063768478915,0.20952192793710278,99.88,0.11,0.05492398846932506,0.19673494805418587,99.89,52.17391304347826,0.23944926668662078,50.005,-65882036.329433694,49493440631.9595,-160687893.48642364,120715708858.4378,50.31
selected_standard_45_2_0.001,selected,standard,PM10,joint mixture,mixture,2.0,0.001,90.0,,,87,0.87,10000,10000,7,9993,16,0.07,0.028148114566976398,0.14417323091498155,99.93,0.16,0.09148061231958557,0.2597002766009401,99.84,30.434782608695652,0.1396787389005288,49.955,1632533598.7853687,1363565460584.4197,1813926220.8726318,1515072733982.6885,49.730000000000004
selected_standard_45_20_0,selected,standard,H2CO,low,H2CO_low_1,20.0,0.0,1.0,0.0007874785198237704,0.0003167770445523256,69,0.69,10000,10000,87,9913,9,0.87,0.6974044210227676,1.0720502239303324,99.13,0.09,0.04116172723949775,0.1707789751809993,99.91,90.625,1.7234548335974644,50.39,-0.002978418437347061,1.6054737609177079,-0.29784184373470607,160.5473760917708,26.76
selected_standard_45_20_0,selected,standard,H2CO,low,H2CO_low_5,20.0,0.0,5.0,0.003937392599118852,0.001583885222761628,69,0.69,10000,10000,5255,4745,9,52.55,51.56567010355507,53.53284403271095,47.45,0.09,0.04116172723949775,0.1707789751809993,99.91,99.8290273556231,68.854821802935,76.23,0.0020605158016745373,1.63537883932516,0.04121031603349075,32.707576786503196,0.12
selected_standard_45_20_0,selected,standard,H2CO,low,H2CO_low_10,20.0,0.0,10.0,0.007874785198237704,0.003167770445523256,69,0.69,10000,10000,9991,9,9,99.91,99.829221024819,99.9588382727605,0.09,0.09,0.04116172723949775,0.1707789751809993,99.91,99.91,99.91,99.91,-0.0211444619110015,1.6267540883240854,-0.211444619110015,16.267540883240855,0.0
selected_standard_45_20_0,selected,standard,H2CO,response95,H2CO_response95_7.56826078737,20.0,0.0,7.568260787370206,0.005959842802478573,0.0023974512846243906,69,0.69,10000,10000,9525,475,9,95.25,94.81473196675199,95.65866430175916,4.75,0.09,0.04116172723949775,0.1707789751809993,99.91,99.9056010069226,97.52226886454388,97.58,0.0038935040041353703,1.623552619426761,0.05144516175542984,21.45212308402639,0.0
selected_standard_45_20_0,selected,standard,CH3OH,low,CH3OH_low_1,20.0,0.0,1.0,0.0007379324023540518,0.0001493647462662149,69,0.69,10000,10000,71,9929,12,0.71,0.5549201940482873,0.89473653366308,99.29,0.12,0.06202063768478915,0.20952192793710278,99.88,85.5421686746988,1.4083110185460677,50.295,0.022417799143439866,1.7439397491763753,2.2417799143439865,174.39397491763754,27.689999999999998
selected_standard_45_20_0,selected,standard,CH3OH,low,CH3OH_low_5,20.0,0.0,5.0,0.003689662011770259,0.0007468237313310745,69,0.69,10000,10000,4458,5542,12,44.58,43.60249043435952,45.56066785210673,55.42,0.12,0.06202063768478915,0.20952192793710278,99.88,99.73154362416108,61.61713890808569,72.22999999999999,0.024005303001824973,1.739717439815699,0.48010606003649947,34.794348796313976,0.21
selected_standard_45_20_0,selected,standard,CH3OH,low,CH3OH_low_10,20.0,0.0,10.0,0.007379324023540518,0.001493647462662149,69,0.69,10000,10000,9973,27,12,99.73,99.60740550245639,99.82199521453566,0.27,0.12,0.06202063768478915,0.20952192793710278,99.88,99.87981972959439,99.80485364023018,99.80499999999999,0.003923915718942262,1.7334698246869245,0.03923915718942262,17.334698246869245,0.0
selected_standard_45_20_0,selected,standard,CH3OH,response95,CH3OH_response95_8.13122470155,20.0,0.0,8.131224701548962,0.006000294178094634,0.0012145183143804398,69,0.69,10000,10000,9514,486,12,95.14,94.70021296458167,95.55325240841638,4.86,0.12,0.06202063768478915,0.20952192793710278,99.88,99.87402897333614,97.44955444023354,97.51,-0.0006802361229318095,1.7259194918001413,-0.00836572777040865,21.22582458545711,0.01
selected_standard_45_20_0,selected,standard,CH3CN,low,CH3CN_low_1,20.0,0.0,1.0,0.0005759586397152104,0.0018378983060271322,69,0.69,10000,10000,9928,72,5,99.28,99.09412662414871,99.43623030651693,0.72,0.05,0.01623679341989252,0.11664442090716007,99.95,99.94966274036041,99.61370591481463,99.61500000000001,-0.0006683368026592099,0.184954314934137,-0.06683368026592099,18.4954314934137,0.0
selected_standard_45_20_0,selected,standard,CH3CN,low,CH3CN_low_5,20.0,0.0,5.0,0.0028797931985760517,0.00918949153013566,69,0.69,10000,10000,10000,0,5,100.0,99.9631180085378,100.0,0.0,0.05,0.01623679341989252,0.11664442090716007,99.95,99.95002498750625,99.9750062484379,99.97500000000001,-0.00024595140520870064,0.1822150702642849,-0.004919028104174013,3.644301405285698,0.0
selected_standard_45_20_0,selected,standard,CH3CN,low,CH3CN_low_10,20.0,0.0,10.0,0.0057595863971521034,0.01837898306027132,69,0.69,10000,10000,10000,0,5,100.0,99.9631180085378,100.0,0.0,0.05,0.01623679341989252,0.11664442090716007,99.95,99.95002498750625,99.9750062484379,99.97500000000001,-0.000687384030594614,0.18635352657098367,-0.00687384030594614,1.8635352657098365,0.0
selected_standard_45_20_0,selected,standard,CH3CN,response95,CH3CN_response95_0.856374088417,20.0,0.0,0.8563740884168816,0.0004932360550519404,0.0015739284864269162,69,0.69,10000,10000,9500,500,5,95.0,94.55454729716412,95.41900578012293,5.0,0.05,0.01623679341989252,0.11664442090716007,99.95,99.94739610731195,97.4109202768521,97.475,-0.00045327557390310814,0.18542423735162805,-0.05292962270040734,21.652247523556998,0.0
selected_standard_45_20_0,selected,standard,CH3Cl,low,CH3Cl_low_1,20.0,0.0,1.0,0.00046835357108504565,0.00044614834256880275,69,0.69,10000,10000,435,9565,13,4.35,3.958555234394765,4.768301399045608,95.65,0.13,0.06923710884623087,0.22220136212669064,99.87,97.09821428571429,8.326952526799387,52.11,0.007136033908697328,0.7692190639415856,0.7136033908697328,76.92190639415855,9.4
selected_standard_45_20_0,selected,standard,CH3Cl,low,CH3Cl_low_5,20.0,0.0,5.0,0.0023417678554252283,0.002230741712844014,69,0.69,10000,10000,9996,4,13,99.96,99.89761607134344,99.98910030519794,0.04,0.13,0.06923710884623087,0.22220136212669064,99.87,99.87011689479469,99.91503823279524,99.91499999999999,0.002188207791278265,0.7778264161294425,0.043764155825565296,15.55652832258885,0.0
selected_standard_45_20_0,selected,standard,CH3Cl,low,CH3Cl_low_10,20.0,0.0,10.0,0.004683535710850457,0.004461483425688028,69,0.69,10000,10000,10000,0,13,100.0,99.9631180085378,100.0,0.0,0.13,0.06923710884623087,0.22220136212669064,99.87,99.87016878058525,99.93504222255534,99.935,0.00031493902799397305,0.7621282459670311,0.0031493902799397304,7.6212824596703115,0.0
selected_standard_45_20_0,selected,standard,CH3Cl,response95,CH3Cl_response95_3.58365243801,20.0,0.0,3.5836524380136865,0.0016784164168713402,0.0015988405955624553,69,0.69,10000,10000,9485,515,13,94.85,94.39857955799721,95.27506720113867,5.15,0.13,0.06923710884623087,0.22220136212669064,99.87,99.86312907980627,97.29202995178993,97.36,0.009156700097552765,0.775330575512703,0.2555130626068206,21.635205671408414,0.0
selected_standard_45_20_0,selected,standard,HCOOH,low,HCOOH_low_1,20.0,0.0,1.0,0.0005137388383754162,0.000206031233464761,69,0.69,10000,10000,27,9973,14,0.27,0.17800478546433818,0.3925944975436125,99.73,0.14,0.07655977314058231,0.23478475639479365,99.86,65.85365853658537,0.537795040334628,50.065000000000005,0.0002609660380411128,6.458591416546775,0.02609660380411128,645.8591416546775,43.65
selected_standard_45_20_0,selected,standard,HCOOH,low,HCOOH_low_5,20.0,0.0,5.0,0.002568694191877081,0.001030156167323805,69,0.69,10000,10000,106,9894,14,1.06,0.8686342174170205,1.280613528642672,98.94,0.14,0.07655977314058231,0.23478475639479365,99.86,88.33333333333333,2.0948616600790513,50.46000000000001,0.045154809227749726,6.468224273849892,0.9030961845549946,129.36448547699786,21.59
selected_standard_45_20_0,selected,standard,HCOOH,low,HCOOH_low_10,20.0,0.0,10.0,0.005137388383754162,0.00206031233464761,69,0.69,10000,10000,719,9281,14,7.19,6.691220398649154,7.713880035467387,92.81,0.14,0.07655977314058231,0.23478475639479365,99.86,98.0900409276944,13.397931612783006,53.525,-0.033424630150719094,6.5249169869062476,-0.3342463015071909,65.24916986906247,6.140000000000001
selected_standard_45_20_0,selected,standard,HCOOH,response95,HCOOH_response95_30.1708411196,20.0,0.0,30.170841119601974,0.01549993286959356,0.006216135610540925,69,0.69,10000,10000,9486,514,14,94.86,94.40897419055997,95.28466633196912,5.14,0.14,0.07655977314058231,0.23478475639479365,99.86,99.85263157894737,97.29230769230769,97.36,-0.10831557065580903,6.460873260755817,-0.35900746096679576,21.414296125003265,0.0
selected_standard_45_20_0,selected,standard,PM2.5,low,PM2.5_low_15,20.0,0.0,15.0,,6.1292500665826924e-06,69,0.69,10000,10000,11,9989,10,0.11,0.05492398846932506,0.19673494805418587,99.89,0.1,0.047963972376422845,0.18382641342491352,99.9,52.38095238095238,0.21953896816684962,50.005,994191718.5532637,275561627103.75946,6627944790.355091,1837077514025.063,50.129999999999995
selected_standard_45_20_0,selected,standard,PM2.5,low,PM2.5_low_45,20.0,0.0,45.0,,1.838775019974808e-05,69,0.69,10000,10000,10,9990,10,0.1,0.047963972376422845,0.18382641342491352,99.9,0.1,0.047963972376422845,0.18382641342491352,99.9,50.0,0.1996007984031936,50.0,221054841.8496412,275814564385.39813,491232981.8880915,612921254189.7736,50.01
selected_standard_45_20_0,selected,standard,PM2.5,low,PM2.5_low_49,20.0,0.0,49.0,,2.0022216884170128e-05,69,0.69,10000,10000,13,9987,10,0.13,0.06923710884623087,0.22220136212669064,99.87,0.1,0.047963972376422845,0.18382641342491352,99.9,56.52173913043478,0.2594033722438392,50.015,-4281728776.1635423,280550933695.42914,-8738221992.170494,572552925909.0391,50.78
selected_standard_45_20_0,selected,standard,PM2.5,low,PM2.5_low_90,20.0,0.0,90.0,,3.677550039949616e-05,69,0.69,10000,10000,14,9986,10,0.14,0.07655977314058231,0.23478475639479365,99.86,0.1,0.047963972376422845,0.18382641342491352,99.9,58.333333333333336,0.27932960893854747,50.019999999999996,1998912268.2480042,279023673793.83154,2221013631.386671,310026304215.3684,49.41
selected_standard_45_20_0,selected,standard,PMcoarse,low,PMcoarse_low_15,20.0,0.0,15.0,,4.995354072238381e-06,69,0.69,10000,10000,12,9988,8,0.12,0.06202063768478915,0.20952192793710278,99.88,0.08,0.03454444769961986,0.15757071053789476,99.92,60.0,0.23952095808383234,50.019999999999996,-124994823.98099643,9834776280.110744,-833298826.5399762,65565175200.7383,50.23
selected_standard_45_20_0,selected,standard,PMcoarse,low,PMcoarse_low_45,20.0,0.0,45.0,,1.4986062216715145e-05,69,0.69,10000,10000,15,9985,8,0.15,0.0839774013962634,0.24728169815871814,99.85,0.08,0.03454444769961986,0.15757071053789476,99.92,65.21739130434783,0.29931158335827596,50.035,-83761177.16765168,9800822671.606236,-186135949.26144817,21779605936.902744,50.29
selected_standard_45_20_0,selected,standard,PMcoarse,low,PMcoarse_low_49,20.0,0.0,49.0,,1.6318156635978712e-05,69,0.69,10000,10000,15,9985,8,0.15,0.0839774013962634,0.24728169815871814,99.85,0.08,0.03454444769961986,0.15757071053789476,99.92,65.21739130434783,0.29931158335827596,50.035,-38046590.795992136,9825767116.591043,-77646103.66529007,20052585952.22662,49.69
selected_standard_45_20_0,selected,standard,PMcoarse,low,PMcoarse_low_90,20.0,0.0,90.0,,2.997212443343029e-05,69,0.69,10000,10000,9,9991,8,0.09,0.04116172723949775,0.1707789751809993,99.91,0.08,0.03454444769961986,0.15757071053789476,99.92,52.94117647058823,0.17969451931716082,50.005,138408558.58578333,9730378624.016003,153787287.31753704,10811531804.462225,49.45
selected_standard_45_20_0,selected,standard,PM10,low,PM10_low_15,20.0,0.0,15.0,,5.6126974469369505e-06,69,0.69,10000,10000,10,9990,10,0.1,0.047963972376422845,0.18382641342491352,99.9,0.1,0.047963972376422845,0.18382641342491352,99.9,50.0,0.1996007984031936,50.0,3583575323.604271,266158922364.85455,23890502157.36181,1774392815765.697,49.6
selected_standard_45_20_0,selected,standard,PM10,low,PM10_low_45,20.0,0.0,45.0,,1.683809234081085e-05,69,0.69,10000,10000,16,9984,10,0.16,0.09148061231958557,0.2597002766009401,99.84,0.1,0.047963972376422845,0.18382641342491352,99.9,61.53846153846154,0.3191701575902653,50.029999999999994,-342295918.1118727,267019943461.00333,-760657595.8041615,593377652135.563,50.31
selected_standard_45_20_0,selected,standard,PM10,low,PM10_low_49,20.0,0.0,49.0,,1.8334811659994038e-05,69,0.69,10000,10000,8,9992,10,0.08,0.03454444769961986,0.15757071053789476,99.92,0.1,0.047963972376422845,0.18382641342491352,99.9,44.44444444444444,0.1597125174685566,49.99,1120624171.5303655,270104876342.9171,2286988105.164011,551234441516.1573,50.129999999999995
selected_standard_45_20_0,selected,standard,PM10,low,PM10_low_90,20.0,0.0,90.0,,3.36761846816217e-05,69,0.69,10000,10000,9,9991,10,0.09,0.04116172723949775,0.1707789751809993,99.91,0.1,0.047963972376422845,0.18382641342491352,99.9,47.36842105263158,0.17965864856772132,49.995,-3561042739.5150704,270399590988.6037,-3956714155.0167446,300443989987.33746,50.529999999999994
selected_standard_45_20_0,selected,standard,H2CO,joint mixture,mixture,20.0,0.0,1.0,,,69,0.69,10000,10000,71,9929,9,0.71,0.5549201940482873,0.89473653366308,99.29,0.09,0.04116172723949775,0.1707789751809993,99.91,88.75,1.4087301587301588,50.31,-0.0284116550511343,1.6089554335608802,-2.84116550511343,160.895543356088,27.32
selected_standard_45_20_0,selected,standard,CH3OH,joint mixture,mixture,20.0,0.0,1.0,,,69,0.69,10000,10000,65,9935,12,0.65,0.5020040267365433,0.8277383115731803,99.35,0.12,0.06202063768478915,0.20952192793710278,99.88,84.41558441558442,1.290066488042076,50.265,-0.011932910926851456,1.7359022602874747,-1.1932910926851457,173.59022602874748,27.85
selected_standard_45_20_0,selected,standard,CH3CN,joint mixture,mixture,20.0,0.0,1.0,,,69,0.69,10000,10000,9929,71,5,99.29,99.10526346633692,99.4450798059517,0.71,0.05,0.01623679341989252,0.11664442090716007,99.95,99.94966780752969,99.61874184809872,99.62,0.0019099469999950174,0.18348914958691026,0.19099469999950175,18.348914958691026,0.0
selected_standard_45_20_0,selected,standard,CH3Cl,joint mixture,mixture,20.0,0.0,1.0,,,69,0.69,10000,10000,439,9561,13,4.39,3.9967935960871808,4.81003762329528,95.61,0.13,0.06923710884623087,0.22220136212669064,99.87,97.12389380530973,8.400306161500191,52.129999999999995,0.013649788810563081,0.7706357002132744,1.3649788810563082,77.06357002132745,9.49
selected_standard_45_20_0,selected,standard,HCOOH,joint mixture,mixture,20.0,0.0,1.0,,,69,0.69,10000,10000,18,9982,14,0.18,0.10671320583728887,0.28432898414842517,99.82,0.14,0.07655977314058231,0.23478475639479365,99.86,56.25,0.3588516746411483,50.019999999999996,0.02037292719744988,6.417758153798504,2.037292719744988,641.7758153798504,43.75
selected_standard_45_20_0,selected,standard,PM2.5,joint mixture,mixture,20.0,0.0,49.0,,,69,0.69,10000,10000,12,9988,10,0.12,0.06202063768478915,0.20952192793710278,99.88,0.1,0.047963972376422845,0.18382641342491352,99.9,54.54545454545455,0.2394731590500898,50.01,1367362864.7358456,278653265900.86804,2790536458.6445827,568680134491.5674,49.75
selected_standard_45_20_0,selected,standard,PMcoarse,joint mixture,mixture,20.0,0.0,41.0,,,69,0.69,10000,10000,10,9990,8,0.1,0.047963972376422845,0.18382641342491352,99.9,0.08,0.03454444769961986,0.15757071053789476,99.92,55.55555555555556,0.19964064683569574,50.01,-46702885.21770745,9759606496.217342,-113909476.14074986,23803918283.456932,50.160000000000004
selected_standard_45_20_0,selected,standard,PM10,joint mixture,mixture,20.0,0.0,90.0,,,69,0.69,10000,10000,12,9988,10,0.12,0.06202063768478915,0.20952192793710278,99.88,0.1,0.047963972376422845,0.18382641342491352,99.9,54.54545454545455,0.2394731590500898,50.01,1320659979.518175,268894179531.75888,1467399977.2424166,298771310590.8432,49.769999999999996
selected_standard_45_20_0.0001,selected,standard,H2CO,low,H2CO_low_1,20.0,0.0001,1.0,0.0007874785198237704,0.0003167770445523256,79,0.79,10000,10000,77,9923,12,0.77,0.6081359433550555,0.9614411102987164,99.23,0.12,0.06202063768478915,0.20952192793710278,99.88,86.51685393258427,1.5264149073248092,50.324999999999996,0.009507979090585816,1.6900248745417321,0.9507979090585816,169.0024874541732,27.560000000000002
selected_standard_45_20_0.0001,selected,standard,H2CO,low,H2CO_low_5,20.0,0.0001,5.0,0.003937392599118852,0.001583885222761628,79,0.79,10000,10000,4812,5188,12,48.12,47.136378587826975,49.10471686816367,51.88,0.12,0.06202063768478915,0.20952192793710278,99.88,99.75124378109453,64.92174851592013,74.0,-0.016498419878399395,1.671026286274072,-0.3299683975679879,33.42052572548144,0.15
selected_standard_45_20_0.0001,selected,standard,H2CO,low,H2CO_low_10,20.0,0.0001,10.0,0.007874785198237704,0.003167770445523256,79,0.79,10000,10000,9988,12,12,99.88,99.7904780720629,99.93797936231526,0.12,0.12,0.06202063768478915,0.20952192793710278,99.88,99.88,99.88,99.88,-0.0026413554864750887,1.678933188021124,-0.026413554864750888,16.78933188021124,0.0
selected_standard_45_20_0.0001,selected,standard,H2CO,response95,H2CO_response95_7.846383521,20.0,0.0001,7.846383520999778,0.006178858481086529,0.0024855541822063803,79,0.79,10000,10000,9512,488,12,95.12,94.67939777506527,95.53408014367115,4.88,0.12,0.06202063768478915,0.20952192793710278,99.88,99.8740025199496,97.43904937512805,97.50000000000001,-0.0012712700523880216,1.658347766637415,-0.01620198718282939,21.135186193729538,0.0
selected_standard_45_20_0.0001,selected,standard,CH3OH,low,CH3OH_low_1,20.0,0.0001,1.0,0.0007379324023540518,0.0001493647462662149,79,0.79,10000,10000,75,9925,9,0.75,0.5903663282021753,0.939236696535892,99.25,0.09,0.04116172723949775,0.1707789751809993,99.91,89.28571428571429,1.4875049583498612,50.33,0.030093893644549598,1.8957247188637902,3.0093893644549596,189.57247188637902,29.659999999999997
selected_standard_45_20_0.0001,selected,standard,CH3OH,low,CH3OH_low_5,20.0,0.0001,5.0,0.003689662011770259,0.0007468237313310745,79,0.79,10000,10000,3392,6608,9,33.92,32.99187230554237,34.85750080954765,66.08,0.09,0.04116172723949775,0.1707789751809993,99.91,99.73537194942664,50.623087829266474,66.915,-0.04003103014516479,1.869811843496583,-0.8006206029032958,37.396236869931656,0.4
selected_standard_45_20_0.0001,selected,standard,CH3OH,low,CH3OH_low_10,20.0,0.0001,10.0,0.007379324023540518,0.001493647462662149,79,0.79,10000,10000,9863,137,9,98.63,98.38246196992252,98.84858300913002,1.37,0.09,0.04116172723949775,0.1707789751809993,99.91,99.90883306320907,99.26529790660226,99.27,0.008559190661939211,1.9104964937596423,0.08559190661939212,19.104964937596424,0.0
selected_standard_45_20_0.0001,selected,standard,CH3OH,response95,CH3OH_response95_8.8382159195,20.0,0.0001,8.838215919501623,0.006522005906001658,0.0013201178782623812,79,0.79,10000,10000,9512,488,9,95.12,94.67939777506527,95.53408014367115,4.88,0.09,0.04116172723949775,0.1707789751809993,99.91,99.9054721142737,97.45402387172788,97.515,-0.013233016577855784,1.877533685947997,-0.1497249750219044,21.243356159756154,0.0
selected_standard_45_20_0.0001,selected,standard,CH3CN,low,CH3CN_low_1,20.0,0.0001,1.0,0.0005759586397152104,0.0018378983060271322,79,0.79,10000,10000,9767,233,12,97.67,97.35507444163987,97.95672209660886,2.33,0.12,0.06202063768478915,0.20952192793710278,99.88,99.87728806626444,98.76131250315991,98.775,-0.0013111416503091356,0.19880676066664663,-0.13111416503091355,19.880676066664662,0.0
selected_standard_45_20_0.0001,selected,standard,CH3CN,low,CH3CN_low_5,20.0,0.0001,5.0,0.0028797931985760517,0.00918949153013566,79,0.79,10000,10000,10000,0,12,100.0,99.9631180085378,100.0,0.0,0.12,0.06202063768478915,0.20952192793710278,99.88,99.88014382740711,99.94003597841295,99.94000000000001,0.0030048742093324618,0.19983224455808363,0.06009748418664923,3.9966448911616723,0.0
selected_standard_45_20_0.0001,selected,standard,CH3CN,low,CH3CN_low_10,20.0,0.0001,10.0,0.0057595863971521034,0.01837898306027132,79,0.79,10000,10000,10000,0,12,100.0,99.9631180085378,100.0,0.0,0.12,0.06202063768478915,0.20952192793710278,99.88,99.88014382740711,99.94003597841295,99.94000000000001,0.0005406363637005937,0.1978628979920137,0.005406363637005937,1.978628979920137,0.0
selected_standard_45_20_0.0001,selected,standard,CH3CN,response95,CH3CN_response95_0.926816462202,20.0,0.0001,0.9268164622020143,0.0005338079488355358,0.0017033944058791417,79,0.79,10000,10000,9512,488,12,95.12,94.67939777506527,95.53408014367115,4.88,0.12,0.06202063768478915,0.20952192793710278,99.88,99.8740025199496,97.43904937512805,97.50000000000001,0.0008500830304219038,0.19915665022520332,0.09172075217591623,21.488251271673462,0.0
selected_standard_45_20_0.0001,selected,standard,CH3Cl,low,CH3Cl_low_1,20.0,0.0001,1.0,0.00046835357108504565,0.00044614834256880275,79,0.79,10000,10000,358,9642,12,3.58,3.224430363349712,3.96292225125111,96.42,0.12,0.06202063768478915,0.20952192793710278,99.88,96.75675675675676,6.904532304725168,51.73,0.007309644098592537,0.8431662436260366,0.7309644098592537,84.31662436260366,11.25
selected_standard_45_20_0.0001,selected,standard,CH3Cl,low,CH3Cl_low_5,20.0,0.0001,5.0,0.0023417678554252283,0.002230741712844014,79,0.79,10000,10000,9979,21,12,99.79,99.67917088547689,99.86996115257827,0.21,0.12,0.06202063768478915,0.20952192793710278,99.88,99.87989190271244,99.83492571657246,99.83500000000001,0.00883963145182656,0.8376128892102167,0.1767926290365312,16.752257784204335,0.0
selected_standard_45_20_0.0001,selected,standard,CH3Cl,low,CH3Cl_low_10,20.0,0.0001,10.0,0.004683535710850457,0.004461483425688028,79,0.79,10000,10000,10000,0,12,100.0,99.9631180085378,100.0,0.0,0.12,0.06202063768478915,0.20952192793710278,99.88,99.88014382740711,99.94003597841295,99.94000000000001,0.00013739556645242672,0.840191250228418,0.0013739556645242673,8.40191250228418,0.0
selected_standard_45_20_0.0001,selected,standard,CH3Cl,response95,CH3Cl_response95_3.91766711313,20.0,0.0001,3.917667113131026,0.0018348533827573575,0.0017478606892597135,79,0.79,10000,10000,9472,528,12,94.72,94.2634900904161,95.1502376353152,5.28,0.12,0.06202063768478915,0.20952192793710278,99.88,99.8734711092366,97.22849517552864,97.30000000000001,0.009341396679905594,0.8478902675732727,0.23844283881587597,21.642733879337516,0.0
selected_standard_45_20_0.0001,selected,standard,HCOOH,low,HCOOH_low_1,20.0,0.0001,1.0,0.0005137388383754162,0.000206031233464761,79,0.79,10000,10000,16,9984,17,0.16,0.09148061231958557,0.2597002766009401,99.84,0.17,0.09906147330432367,0.2720473913885041,99.83,48.484848484848484,0.3189474733379847,49.995,0.008468905958000993,6.511235894489654,0.8468905958000993,651.1235894489654,43.28
selected_standard_45_20_0.0001,selected,standard,HCOOH,low,HCOOH_low_5,20.0,0.0001,5.0,0.002568694191877081,0.001030156167323805,79,0.79,10000,10000,121,9879,17,1.21,1.005013448299307,1.4440873430500054,98.79,0.17,0.09906147330432367,0.2720473913885041,99.83,87.68115942028986,2.3870585914381537,50.519999999999996,0.06632804840030479,6.471822351004189,1.326560968006096,129.4364470200838,21.65
selected_standard_45_20_0.0001,selected,standard,HCOOH,low,HCOOH_low_10,20.0,0.0001,10.0,0.005137388383754162,0.00206031233464761,79,0.79,10000,10000,682,9318,17,6.82,6.333544926504662,7.331780451987778,93.18,0.17,0.09906147330432367,0.2720473913885041,99.83,97.56795422031473,12.748855033180671,53.325,-0.0008007142169367526,6.520925732205311,-0.008007142169367525,65.2092573220531,6.36
selected_standard_45_20_0.0001,selected,standard,HCOOH,response95,HCOOH_response95_30.5503638376,20.0,0.0001,30.550363837591583,0.015694908429870622,0.006294329144256223,79,0.79,10000,10000,9485,515,17,94.85,94.39857955799721,95.27506720113867,5.15,0.17,0.09906147330432367,0.2720473913885041,99.83,99.82109029677963,97.27207465900933,97.34,-0.019314674072218593,6.584461523489594,-0.06322240276710646,21.552808858490753,0.0
selected_standard_45_20_0.0001,selected,standard,PM2.5,low,PM2.5_low_15,20.0,0.0001,15.0,,6.1292500665826924e-06,79,0.79,10000,10000,15,9985,9,0.15,0.0839774013962634,0.24728169815871814,99.85,0.09,0.04116172723949775,0.1707789751809993,99.91,62.5,0.29928172386272944,50.029999999999994,-2833023159.3121133,300374304128.746,-18886821062.080753,2002495360858.3064,50.89
selected_standard_45_20_0.0001,selected,standard,PM2.5,low,PM2.5_low_45,20.0,0.0001,45.0,,1.838775019974808e-05,79,0.79,10000,10000,13,9987,9,0.13,0.06923710884623087,0.22220136212669064,99.87,0.09,0.04116172723949775,0.1707789751809993,99.91,59.09090909090909,0.2594292556375973,50.019999999999996,-3547003304.865949,298439052743.6537,-7882229566.368775,663197894985.8971,50.449999999999996
selected_standard_45_20_0.0001,selected,standard,PM2.5,low,PM2.5_low_49,20.0,0.0001,49.0,,2.0022216884170128e-05,79,0.79,10000,10000,5,9995,9,0.05,0.01623679341989252,0.11664442090716007,99.95,0.09,0.04116172723949775,0.1707789751809993,99.91,35.714285714285715,0.09986019572598362,49.98,-1935668669.1568882,300718529319.86536,-3950344222.7691593,613711284326.2559,50.19
selected_standard_45_20_0.0001,selected,standard,PM2.5,low,PM2.5_low_90,20.0,0.0001,90.0,,3.677550039949616e-05,79,0.79,10000,10000,10,9990,9,0.1,0.047963972376422845,0.18382641342491352,99.9,0.09,0.04116172723949775,0.1707789751809993,99.91,52.63157894736842,0.19962072063080147,50.005,-797249411.3152773,298562885740.8164,-885832679.2391971,331736539712.01825,49.980000000000004
selected_standard_45_20_0.0001,selected,standard,PMcoarse,low,PMcoarse_low_15,20.0,0.0001,15.0,,4.995354072238381e-06,79,0.79,10000,10000,10,9990,8,0.1,0.047963972376422845,0.18382641342491352,99.9,0.08,0.03454444769961986,0.15757071053789476,99.92,55.55555555555556,0.19964064683569574,50.01,-88934548.77735254,10452969798.296656,-592896991.8490169,69686465321.9777,50.01
selected_standard_45_20_0.0001,selected,standard,PMcoarse,low,PMcoarse_low_45,20.0,0.0001,45.0,,1.4986062216715145e-05,79,0.79,10000,10000,7,9993,8,0.07,0.028148114566976398,0.14417323091498155,99.93,0.08,0.03454444769961986,0.15757071053789476,99.92,46.666666666666664,0.1397903145282077,49.995,-184647885.82439694,10378540925.566332,-410328635.16532654,23063424279.036293,50.64999999999999
selected_standard_45_20_0.0001,selected,standard,PMcoarse,low,PMcoarse_low_49,20.0,0.0001,49.0,,1.6318156635978712e-05,79,0.79,10000,10000,10,9990,8,0.1,0.047963972376422845,0.18382641342491352,99.9,0.08,0.03454444769961986,0.15757071053789476,99.92,55.55555555555556,0.19964064683569574,50.01,23161310.181533087,10485230458.067188,47267979.96231242,21398429506.259567,50.36000000000001
selected_standard_45_20_0.0001,selected,standard,PMcoarse,low,PMcoarse_low_90,20.0,0.0001,90.0,,2.997212443343029e-05,79,0.79,10000,10000,12,9988,8,0.12,0.06202063768478915,0.20952192793710278,99.88,0.08,0.03454444769961986,0.15757071053789476,99.92,60.0,0.23952095808383234,50.019999999999996,65279404.248708986,10544199021.702581,72532671.38745442,11715776690.780647,49.66
selected_standard_45_20_0.0001,selected,standard,PM10,low,PM10_low_15,20.0,0.0001,15.0,,5.6126974469369505e-06,79,0.79,10000,10000,16,9984,9,0.16,0.09148061231958557,0.2597002766009401,99.84,0.09,0.04116172723949775,0.1707789751809993,99.91,64.0,0.3192019950124688,50.035,6151643773.32588,289706650799.4112,41010958488.8392,1931377671996.0747,49.47
selected_standard_45_20_0.0001,selected,standard,PM10,low,PM10_low_45,20.0,0.0001,45.0,,1.683809234081085e-05,79,0.79,10000,10000,14,9986,9,0.14,0.07655977314058231,0.23478475639479365,99.86,0.09,0.04116172723949775,0.1707789751809993,99.91,60.869565217391305,0.2793574778010576,50.025,5866540641.32332,287004095726.8588,13036756980.718489,637786879393.0197,48.980000000000004
selected_standard_45_20_0.0001,selected,standard,PM10,low,PM10_low_49,20.0,0.0001,49.0,,1.8334811659994038e-05,79,0.79,10000,10000,8,9992,9,0.08,0.03454444769961986,0.15757071053789476,99.92,0.09,0.04116172723949775,0.1707789751809993,99.91,47.05882352941177,0.15972846161525406,49.995,296096912.3641156,290115478724.58453,604279412.987991,592072405560.3766,50.0
selected_standard_45_20_0.0001,selected,standard,PM10,low,PM10_low_90,20.0,0.0001,90.0,,3.36761846816217e-05,79,0.79,10000,10000,15,9985,9,0.15,0.0839774013962634,0.24728169815871814,99.85,0.09,0.04116172723949775,0.1707789751809993,99.91,62.5,0.29928172386272944,50.029999999999994,-1273547978.9742954,287024221508.173,-1415053309.9714394,318915801675.74774,50.27
selected_standard_45_20_0.0001,selected,standard,H2CO,joint mixture,mixture,20.0,0.0001,1.0,,,79,0.79,10000,10000,75,9925,12,0.75,0.5903663282021753,0.939236696535892,99.25,0.12,0.06202063768478915,0.20952192793710278,99.88,86.20689655172414,1.4870625557648458,50.315,-0.02855504391499087,1.6621205070492608,-2.855504391499087,166.21205070492607,27.88
selected_standard_45_20_0.0001,selected,standard,CH3OH,joint mixture,mixture,20.0,0.0001,1.0,,,79,0.79,10000,10000,47,9953,9,0.47,0.34553662438795085,0.6245156917585817,99.53,0.09,0.04116172723949775,0.1707789751809993,99.91,83.92857142857143,0.9347653142402546,50.19,0.01656706743857116,1.8608964948508515,1.656706743857116,186.08964948508515,29.14
selected_standard_45_20_0.0001,selected,standard,CH3CN,joint mixture,mixture,20.0,0.0001,1.0,,,79,0.79,10000,10000,9793,207,12,97.93,97.63157749740856,98.20002893373798,2.07,0.12,0.06202063768478915,0.20952192793710278,99.88,99.87761346251912,98.89421863165867,98.905,-0.000701555029957784,0.197456927222391,-0.0701555029957784,19.7456927222391,0.0
selected_standard_45_20_0.0001,selected,standard,CH3Cl,joint mixture,mixture,20.0,0.0001,1.0,,,79,0.79,10000,10000,340,9660,12,3.4,3.05342494016376,3.774045905324507,96.6,0.12,0.06202063768478915,0.20952192793710278,99.88,96.5909090909091,6.568778979907265,51.64,-0.0022751999091239834,0.8425498896779907,-0.22751999091239836,84.25498896779906,11.91
selected_standard_45_20_0.0001,selected,standard,HCOOH,joint mixture,mixture,20.0,0.0001,1.0,,,79,0.79,10000,10000,26,9974,17,0.26,0.16990876810313427,0.3807297869077721,99.74,0.17,0.09906147330432367,0.2720473913885041,99.83,60.46511627906977,0.5177735736333765,50.044999999999995,-0.01924672650922401,6.61881627268991,-1.9246726509224008,661.881627268991,43.75
selected_standard_45_20_0.0001,selected,standard,PM2.5,joint mixture,mixture,20.0,0.0001,49.0,,,79,0.79,10000,10000,13,9987,9,0.13,0.06923710884623087,0.22220136212669064,99.87,0.09,0.04116172723949775,0.1707789751809993,99.91,59.09090909090909,0.2594292556375973,50.019999999999996,5392018331.077144,296204223654.027,11004119043.014578,604498415620.4633,49.39
selected_standard_45_20_0.0001,selected,standard,PMcoarse,joint mixture,mixture,20.0,0.0001,41.0,,,79,0.79,10000,10000,17,9983,8,0.17,0.09906147330432367,0.2720473913885041,99.83,0.08,0.03454444769961986,0.15757071053789476,99.92,68.0,0.33915211970074816,50.044999999999995,-189447283.85466802,10376366647.520897,-462066545.98699516,25308211335.416824,50.77
selected_standard_45_20_0.0001,selected,standard,PM10,joint mixture,mixture,20.0,0.0001,90.0,,,79,0.79,10000,10000,13,9987,9,0.13,0.06923710884623087,0.22220136212669064,99.87,0.09,0.04116172723949775,0.1707789751809993,99.91,59.09090909090909,0.2594292556375973,50.019999999999996,5202571047.222471,285828377504.5557,5780634496.913857,317587086116.17303,49.39
selected_standard_45_20_0.001,selected,standard,H2CO,low,H2CO_low_1,20.0,0.001,1.0,0.0007874785198237704,0.0003167770445523256,97,0.97,10000,10000,24,9976,16,0.24,0.1538311886356669,0.3568918548243759,99.76,0.16,0.09148061231958557,0.2597002766009401,99.84,60.0,0.47808764940239046,50.03999999999999,0.008807619597624721,4.693142181305707,0.8807619597624722,469.31421813057074,41.46
selected_standard_45_20_0.001,selected,standard,H2CO,low,H2CO_low_5,20.0,0.001,5.0,0.003937392599118852,0.001583885222761628,97,0.97,10000,10000,243,9757,16,2.43,2.137124017004008,2.7510079972181867,97.57,0.16,0.09148061231958557,0.2597002766009401,99.84,93.82239382239382,4.737303830782728,51.135,0.06336823522297327,4.632153759334648,1.2673647044594654,92.64307518669297,13.56
selected_standard_45_20_0.001,selected,standard,H2CO,low,H2CO_low_10,20.0,0.001,10.0,0.007874785198237704,0.003167770445523256,97,0.97,10000,10000,1861,8139,16,18.61,17.851431051404752,19.386894277318163,81.39,0.16,0.09148061231958557,0.2597002766009401,99.84,99.14757591901972,31.337879936010776,59.224999999999994,-0.006510114628857118,4.6437663017763935,-0.0651011462885712,46.43766301776394,1.6099999999999999
selected_standard_45_20_0.001,selected,standard,H2CO,response95,H2CO_response95_21.9125947311,20.0,0.001,21.912594731050536,0.017255697664305826,0.006941406997375051,97,0.97,10000,10000,9475,525,16,94.75,94.2946579316726,95.1790511272356,5.25,0.16,0.09148061231958557,0.2597002766009401,99.84,99.83141923927931,97.22435996100765,97.295,-0.02544748499625734,4.690011830756787,-0.11613177402581996,21.40327007513609,0.0
selected_standard_45_20_0.001,selected,standard,CH3OH,low,CH3OH_low_1,20.0,0.001,1.0,0.0007379324023540518,0.0001493647462662149,97,0.97,10000,10000,19,9981,18,0.19,0.11442996352914732,0.29655021482667676,99.81,0.18,0.10671320583728887,0.28432898414842517,99.82,51.351351351351354,0.3785991830228156,50.005,-0.11399184175033418,7.505140918837078,-11.399184175033419,750.5140918837078,45.69
selected_standard_45_20_0.001,selected,standard,CH3OH,low,CH3OH_low_5,20.0,0.001,5.0,0.003689662011770259,0.0007468237313310745,97,0.97,10000,10000,101,9899,18,1.01,0.8233933708048636,1.225906207968984,98.99,0.18,0.10671320583728887,0.28432898414842517,99.82,84.87394957983193,1.9962446882102975,50.415,-0.06580190037666803,7.626160811750766,-1.3160380075333606,152.52321623501533,25.900000000000002
selected_standard_45_20_0.001,selected,standard,CH3OH,low,CH3OH_low_10,20.0,0.001,10.0,0.007379324023540518,0.001493647462662149,97,0.97,10000,10000,449,9551,18,4.49,4.092429147397734,4.9143386631114465,95.51,0.18,0.10671320583728887,0.28432898414842517,99.82,96.14561027837259,8.579344606859655,52.154999999999994,-0.03612342312132327,7.594059317808838,-0.3612342312132327,75.94059317808838,9.59
selected_standard_45_20_0.001,selected,standard,CH3OH,response95,CH3OH_response95_35.3767262762,20.0,0.001,35.37672627623789,0.026105632608445936,0.00528403574397961,97,0.97,10000,10000,9499,501,18,94.99,94.54414619199912,95.40941313975492,5.01,0.18,0.10671320583728887,0.28432898414842517,99.82,99.81086476830934,97.34077983296613,97.405,0.043870385514395135,7.560812370546806,0.12400917250464277,21.372278236003172,0.0
selected_standard_45_20_0.001,selected,standard,CH3CN,low,CH3CN_low_1,20.0,0.001,1.0,0.0005759586397152104,0.0018378983060271322,97,0.97,10000,10000,436,9564,11,4.36,3.9681139632184177,4.778736313950636,95.64,0.11,0.05492398846932506,0.19673494805418587,99.89,97.53914988814317,8.346893845123002,52.125,-0.002179748601556463,0.7636825652774822,-0.21797486015564632,76.36825652774823,9.54
selected_standard_45_20_0.001,selected,standard,CH3CN,low,CH3CN_low_5,20.0,0.001,5.0,0.0028797931985760517,0.00918949153013566,97,0.97,10000,10000,10000,0,11,100.0,99.9631180085378,100.0,0.0,0.11,0.05492398846932506,0.19673494805418587,99.89,99.89012086704625,99.94503023337164,99.945,0.004623605008681886,0.7619857452996711,0.09247210017363773,15.239714905993424,0.0
selected_standard_45_20_0.001,selected,standard,CH3CN,low,CH3CN_low_10,20.0,0.001,10.0,0.0057595863971521034,0.01837898306027132,97,0.97,10000,10000,10000,0,11,100.0,99.9631180085378,100.0,0.0,0.11,0.05492398846932506,0.19673494805418587,99.89,99.89012086704625,99.94503023337164,99.945,0.007698700407488302,0.763679247749706,0.07698700407488301,7.63679247749706,0.0
selected_standard_45_20_0.001,selected,standard,CH3CN,response95,CH3CN_response95_3.55733180731,20.0,0.001,3.5573318073124587,0.0020488759887553345,0.006538014102636005,97,0.97,10000,10000,9542,458,11,95.42,94.99183750233786,95.82145160755893,4.58,0.11,0.05492398846932506,0.19673494805418587,99.89,99.88485292578248,97.6013910908812,97.655,0.01481178530517817,0.7590868767507342,0.41637345368601925,21.33865823790611,0.0
selected_standard_45_20_0.001,selected,standard,CH3Cl,low,CH3Cl_low_1,20.0,0.001,1.0,0.00046835357108504565,0.00044614834256880275,97,0.97,10000,10000,41,9959,11,0.41,0.2943789095002034,0.5558044736676808,99.59,0.11,0.05492398846932506,0.19673494805418587,99.89,78.84615384615384,0.8157580580978909,50.150000000000006,-0.04162780565218518,3.3406059287144103,-4.162780565218518,334.06059287144103,38.47
selected_standard_45_20_0.001,selected,standard,CH3Cl,low,CH3Cl_low_5,20.0,0.001,5.0,0.0023417678554252283,0.002230741712844014,97,0.97,10000,10000,626,9374,11,6.26,5.793006408874233,6.752661067975074,93.74,0.11,0.05492398846932506,0.19673494805418587,99.89,98.27315541601256,11.770235968788192,53.075,-0.008753715817918485,3.3612286029727034,-0.1750743163583697,67.22457205945406,6.959999999999999
selected_standard_45_20_0.001,selected,standard,CH3Cl,low,CH3Cl_low_10,20.0,0.001,10.0,0.004683535710850457,0.004461483425688028,97,0.97,10000,10000,4909,5091,11,49.09,48.105565459062646,50.074964786342534,50.91,0.11,0.05492398846932506,0.19673494805418587,99.89,99.77642276422765,65.80428954423593,74.49,-0.012280681335571563,3.324579504422368,-0.12280681335571564,33.24579504422368,0.13
selected_standard_45_20_0.001,selected,standard,CH3Cl,response95,CH3Cl_response95_15.5670215962,20.0,0.001,15.567021596212996,0.007290870155744384,0.006945200883883187,97,0.97,10000,10000,9493,507,11,94.93,94.48174940160246,95.35184742957104,5.07,0.11,0.05492398846932506,0.19673494805418587,99.89,99.88425925925925,97.34413453650534,97.41,0.005649584217152179,3.3151001844305115,0.03629200475013511,21.295661240920865,0.0
selected_standard_45_20_0.001,selected,standard,HCOOH,low,HCOOH_low_1,20.0,0.001,1.0,0.0005137388383754162,0.000206031233464761,97,0.97,10000,10000,17,9983,20,0.17,0.09906147330432367,0.2720473913885041,99.83,0.2,0.12220666208422194,0.30871559889160716,99.8,45.945945945945944,0.33874663744146655,49.985,0.08375844868994649,12.141122094909583,8.37584486899465,1214.1122094909583,46.550000000000004
selected_standard_45_20_0.001,selected,standard,HCOOH,low,HCOOH_low_5,20.0,0.001,5.0,0.002568694191877081,0.001030156167323805,97,0.97,10000,10000,35,9965,20,0.35,0.24390524530913377,0.48643228515713427,99.65,0.2,0.12220666208422194,0.30871559889160716,99.8,63.63636363636363,0.69617105917454,50.075,-0.16841341192951315,11.97581847217862,-3.368268238590263,239.51636944357242,34.22
selected_standard_45_20_0.001,selected,standard,HCOOH,low,HCOOH_low_10,20.0,0.001,10.0,0.005137388383754162,0.00206031233464761,97,0.97,10000,10000,133,9867,20,1.33,1.1147352650442106,1.5742553156947687,98.67,0.2,0.12220666208422194,0.30871559889160716,99.8,86.9281045751634,2.619915295971634,50.565000000000005,-0.08835170300371553,12.035701802330363,-0.8835170300371553,120.35701802330364,20.549999999999997
selected_standard_45_20_0.001,selected,standard,HCOOH,response95,HCOOH_response95_56.2670977475,20.0,0.001,56.26709774746522,0.02890659343553878,0.011592779552392535,97,0.97,10000,10000,9547,453,20,95.47,95.04395642722429,95.86930107707119,4.53,0.2,0.12220666208422194,0.30871559889160716,99.8,99.79094805059057,97.58266469055042,97.635,0.011733616270510191,11.885298024042322,0.02085342365297094,21.122998163838552,0.0
selected_standard_45_20_0.001,selected,standard,PM2.5,low,PM2.5_low_15,20.0,0.001,15.0,,6.1292500665826924e-06,97,0.97,10000,10000,15,9985,17,0.15,0.0839774013962634,0.24728169815871814,99.85,0.17,0.09906147330432367,0.2720473913885041,99.83,46.875,0.29904306220095694,49.989999999999995,17049323145.068188,1088729240660.845,113662154300.45459,7258194937738.967,49.33
selected_standard_45_20_0.001,selected,standard,PM2.5,low,PM2.5_low_45,20.0,0.001,45.0,,1.838775019974808e-05,97,0.97,10000,10000,9,9991,17,0.09,0.04116172723949775,0.1707789751809993,99.91,0.17,0.09906147330432367,0.2720473913885041,99.83,34.61538461538461,0.17953321364452424,49.96,-18300440412.391193,1081782461352.8873,-40667645360.869316,2403961025228.6387,50.91
selected_standard_45_20_0.001,selected,standard,PM2.5,low,PM2.5_low_49,20.0,0.001,49.0,,2.0022216884170128e-05,97,0.97,10000,10000,8,9992,17,0.08,0.03454444769961986,0.15757071053789476,99.92,0.17,0.09906147330432367,0.2720473913885041,99.83,32.0,0.1596009975062344,49.955,-3300049837.3315506,1088449735009.9988,-6734795586.390919,2221325989816.324,50.61
selected_standard_45_20_0.001,selected,standard,PM2.5,low,PM2.5_low_90,20.0,0.001,90.0,,3.677550039949616e-05,97,0.97,10000,10000,15,9985,17,0.15,0.0839774013962634,0.24728169815871814,99.85,0.17,0.09906147330432367,0.2720473913885041,99.83,46.875,0.29904306220095694,49.989999999999995,-8956591232.095366,1093917887096.6063,-9951768035.661516,1215464318996.2292,49.8
selected_standard_45_20_0.001,selected,standard,PMcoarse,low,PMcoarse_low_15,20.0,0.001,15.0,,4.995354072238381e-06,97,0.97,10000,10000,14,9986,10,0.14,0.07655977314058231,0.23478475639479365,99.86,0.1,0.047963972376422845,0.18382641342491352,99.9,58.333333333333336,0.27932960893854747,50.019999999999996,56785698.22697481,37916155038.12538,378571321.5131654,252774366920.83588,49.95
selected_standard_45_20_0.001,selected,standard,PMcoarse,low,PMcoarse_low_45,20.0,0.001,45.0,,1.4986062216715145e-05,97,0.97,10000,10000,19,9981,10,0.19,0.11442996352914732,0.29655021482667676,99.81,0.1,0.047963972376422845,0.18382641342491352,99.9,65.51724137931035,0.378901186558979,50.044999999999995,331533464.4645716,37601517706.99741,736741032.1434925,83558928237.77203,50.03999999999999
selected_standard_45_20_0.001,selected,standard,PMcoarse,low,PMcoarse_low_49,20.0,0.001,49.0,,1.6318156635978712e-05,97,0.97,10000,10000,11,9989,10,0.11,0.05492398846932506,0.19673494805418587,99.89,0.1,0.047963972376422845,0.18382641342491352,99.9,52.38095238095238,0.21953896816684962,50.005,-408893208.98624796,38043455467.343834,-834475936.7066284,77639705035.39558,50.31
selected_standard_45_20_0.001,selected,standard,PMcoarse,low,PMcoarse_low_90,20.0,0.001,90.0,,2.997212443343029e-05,97,0.97,10000,10000,15,9985,10,0.15,0.0839774013962634,0.24728169815871814,99.85,0.1,0.047963972376422845,0.18382641342491352,99.9,60.0,0.29925187032418954,50.025,-755504732.7935988,37762826850.73806,-839449703.1039987,41958696500.82007,50.8
selected_standard_45_20_0.001,selected,standard,PM10,low,PM10_low_15,20.0,0.001,15.0,,5.6126974469369505e-06,97,0.97,10000,10000,14,9986,17,0.14,0.07655977314058231,0.23478475639479365,99.86,0.17,0.09906147330432367,0.2720473913885041,99.83,45.16129032258065,0.2791346824842987,49.985,19386966772.768486,1054354665482.2019,129246445151.7899,7029031103214.679,48.89
selected_standard_45_20_0.001,selected,standard,PM10,low,PM10_low_45,20.0,0.001,45.0,,1.683809234081085e-05,97,0.97,10000,10000,9,9991,17,0.09,0.04116172723949775,0.1707789751809993,99.91,0.17,0.09906147330432367,0.2720473913885041,99.83,34.61538461538461,0.17953321364452424,49.96,706428762.2581719,1052992278433.9128,1569841693.9070485,2339982840964.2505,50.23
selected_standard_45_20_0.001,selected,standard,PM10,low,PM10_low_49,20.0,0.001,49.0,,1.8334811659994038e-05,97,0.97,10000,10000,10,9990,17,0.1,0.047963972376422845,0.18382641342491352,99.9,0.17,0.09906147330432367,0.2720473913885041,99.83,37.03703703703704,0.1994614540740002,49.964999999999996,-8109823827.047095,1034459903797.4475,-16550660871.524683,2111142660811.1174,50.839999999999996
selected_standard_45_20_0.001,selected,standard,PM10,low,PM10_low_90,20.0,0.001,90.0,,3.36761846816217e-05,97,0.97,10000,10000,14,9986,17,0.14,0.07655977314058231,0.23478475639479365,99.86,0.17,0.09906147330432367,0.2720473913885041,99.83,45.16129032258065,0.2791346824842987,49.985,-13357231708.130491,1056564468402.0612,-14841368564.589434,1173960520446.7346,50.89
selected_standard_45_20_0.001,selected,standard,H2CO,joint mixture,mixture,20.0,0.001,1.0,,,97,0.97,10000,10000,32,9968,16,0.32,0.2189795984134115,0.4514468509214963,99.68,0.16,0.09148061231958557,0.2597002766009401,99.84,66.66666666666667,0.6369426751592356,50.080000000000005,0.012312469808713655,4.69610907519525,1.2312469808713655,469.61090751952497,41.9
selected_standard_45_20_0.001,selected,standard,CH3OH,joint mixture,mixture,20.0,0.001,1.0,,,97,0.97,10000,10000,19,9981,18,0.19,0.11442996352914732,0.29655021482667676,99.81,0.18,0.10671320583728887,0.28432898414842517,99.82,51.351351351351354,0.3785991830228156,50.005,0.02129631312885561,7.449043208374032,2.1296313128855613,744.9043208374032,45.15
selected_standard_45_20_0.001,selected,standard,CH3CN,joint mixture,mixture,20.0,0.001,1.0,,,97,0.97,10000,10000,382,9618,11,3.82,3.452820166161031,4.214376309997699,96.18,0.11,0.05492398846932506,0.19673494805418587,99.89,97.20101781170483,7.351101703069373,51.855,0.0024552235871810337,0.7533697980492451,0.24552235871810338,75.33697980492451,9.229999999999999
selected_standard_45_20_0.001,selected,standard,CH3Cl,joint mixture,mixture,20.0,0.001,1.0,,,97,0.97,10000,10000,40,9960,11,0.4,0.28591500387492635,0.544292239518683,99.6,0.11,0.05492398846932506,0.19673494805418587,99.89,78.43137254901961,0.7959407024176699,50.144999999999996,0.04323517445904011,3.3506431011693127,4.323517445904011,335.06431011693127,37.44
selected_standard_45_20_0.001,selected,standard,HCOOH,joint mixture,mixture,20.0,0.001,1.0,,,97,0.97,10000,10000,17,9983,20,0.17,0.09906147330432367,0.2720473913885041,99.83,0.2,0.12220666208422194,0.30871559889160716,99.8,45.945945945945944,0.33874663744146655,49.985,-0.2002936330545422,12.04046060712287,-20.029363305454222,1204.046060712287,47.48
selected_standard_45_20_0.001,selected,standard,PM2.5,joint mixture,mixture,20.0,0.001,49.0,,,97,0.97,10000,10000,20,9980,17,0.2,0.12220666208422194,0.30871559889160716,99.8,0.17,0.09906147330432367,0.2720473913885041,99.83,54.054054054054056,0.3985254558134901,50.015,-15733846455.569153,1079637174338.3701,-32109890725.651333,2203341172119.1226,50.57000000000001
selected_standard_45_20_0.001,selected,standard,PMcoarse,joint mixture,mixture,20.0,0.001,41.0,,,97,0.97,10000,10000,10,9990,10,0.1,0.047963972376422845,0.18382641342491352,99.9,0.1,0.047963972376422845,0.18382641342491352,99.9,50.0,0.1996007984031936,50.0,553256299.6543257,37818082928.61753,1349405608.9129896,92239226655.1647,49.27
selected_standard_45_20_0.001,selected,standard,PM10,joint mixture,mixture,20.0,0.001,90.0,,,97,0.97,10000,10000,20,9980,17,0.2,0.12220666208422194,0.30871559889160716,99.8,0.17,0.09906147330432367,0.2720473913885041,99.83,54.054054054054056,0.3985254558134901,50.015,-15180590155.914812,1041820299216.0131,-16867322395.460903,1157578110240.0146,50.57000000000001
selected_standard_45_100_0,selected,standard,H2CO,low,H2CO_low_1,100.0,0.0,1.0,0.0007874785198237704,0.0003167770445523256,93,0.93,10000,10000,506,9494,14,5.06,4.6385571172739235,5.507852298247242,94.94,0.14,0.07655977314058231,0.23478475639479365,99.86,97.3076923076923,9.61977186311787,52.46000000000001,0.006989413578243288,0.714915522975699,0.6989413578243289,71.49155229756991,8.04
selected_standard_45_100_0,selected,standard,H2CO,low,H2CO_low_5,100.0,0.0,5.0,0.003937392599118852,0.001583885222761628,93,0.93,10000,10000,9999,1,14,99.99,99.9442963002013,99.99974682224368,0.01,0.14,0.07655977314058231,0.23478475639479365,99.86,99.86018176370717,99.92504871833309,99.925,-0.007931219702729496,0.7244953728524008,-0.15862439405458992,14.489907457048016,0.0
selected_standard_45_100_0,selected,standard,H2CO,low,H2CO_low_10,100.0,0.0,10.0,0.007874785198237704,0.003167770445523256,93,0.93,10000,10000,10000,0,14,100.0,99.9631180085378,100.0,0.0,0.14,0.07655977314058231,0.23478475639479365,99.86,99.86019572598363,99.930048965724,99.93,-0.009957924372397457,0.7158902790858945,-0.09957924372397456,7.158902790858946,0.0
selected_standard_45_100_0,selected,standard,H2CO,response95,H2CO_response95_3.36147135594,100.0,0.0,3.3614713559430007,0.0026470864878079966,0.0010648369614829224,93,0.93,10000,10000,9479,521,14,94.79,94.3362212275143,95.21746292584649,5.21,0.14,0.07655977314058231,0.23478475639479365,99.86,99.85252291161909,97.25542502436772,97.32499999999999,-0.014589786212909388,0.7147883018969111,-0.4340297645885037,21.26414971923478,0.0
selected_standard_45_100_0,selected,standard,CH3OH,low,CH3OH_low_1,100.0,0.0,1.0,0.0007379324023540518,0.0001493647462662149,93,0.93,10000,10000,401,9599,16,4.01,3.6339151880194662,4.413158741768171,95.99,0.16,0.09148061231958557,0.2597002766009401,99.84,96.1630695443645,7.698953633483729,51.925,-0.015317757442506838,0.7680994958145123,-1.5317757442506839,76.80994958145124,9.969999999999999
selected_standard_45_100_0,selected,standard,CH3OH,low,CH3OH_low_5,100.0,0.0,5.0,0.003689662011770259,0.0007468237313310745,93,0.93,10000,10000,9997,3,16,99.97,99.91235254774354,99.99381285142516,0.03,0.16,0.09148061231958557,0.2597002766009401,99.84,99.84020772995106,99.90506170988857,99.905,-0.0010404488903872633,0.7707748848955172,-0.020808977807745266,15.415497697910343,0.0
selected_standard_45_100_0,selected,standard,CH3OH,low,CH3OH_low_10,100.0,0.0,10.0,0.007379324023540518,0.001493647462662149,93,0.93,10000,10000,10000,0,16,100.0,99.9631180085378,100.0,0.0,0.16,0.09148061231958557,0.2597002766009401,99.84,99.84025559105432,99.92006394884093,99.92,0.005040815742780507,0.7824683787840584,0.050408157427805064,7.824683787840584,0.0
selected_standard_45_100_0,selected,standard,CH3OH,response95,CH3OH_response95_3.61154091465,100.0,0.0,3.6115409146457016,0.002665073063344452,0.0005394368923461089,93,0.93,10000,10000,9529,471,16,95.29,94.85639037052653,95.69698072466133,4.71,0.16,0.09148061231958557,0.2597002766009401,99.84,99.83237297014144,97.50831414684062,97.565,0.007323057634256802,0.764422000674887,0.20276823127103372,21.16609000814485,0.0
selected_standard_45_100_0,selected,standard,CH3CN,low,CH3CN_low_1,100.0,0.0,1.0,0.0005759586397152104,0.0018378983060271322,93,0.93,10000,10000,10000,0,10,100.0,99.9631180085378,100.0,0.0,0.1,0.047963972376422845,0.18382641342491352,99.9,99.9000999000999,99.95002498750625,99.95,-0.00048579200414584813,0.08159711676474028,-0.048579200414584814,8.159711676474029,0.0
selected_standard_45_100_0,selected,standard,CH3CN,low,CH3CN_low_5,100.0,0.0,5.0,0.0028797931985760517,0.00918949153013566,93,0.93,10000,10000,10000,0,10,100.0,99.9631180085378,100.0,0.0,0.1,0.047963972376422845,0.18382641342491352,99.9,99.9000999000999,99.95002498750625,99.95,-7.167553018547608e-05,0.0820130563634832,-0.0014335106037095216,1.6402611272696639,0.0
selected_standard_45_100_0,selected,standard,CH3CN,low,CH3CN_low_10,100.0,0.0,10.0,0.0057595863971521034,0.01837898306027132,93,0.93,10000,10000,10000,0,10,100.0,99.9631180085378,100.0,0.0,0.1,0.047963972376422845,0.18382641342491352,99.9,99.9000999000999,99.95002498750625,99.95,0.0012917952293917383,0.08160046671062203,0.012917952293917383,0.8160046671062202,0.0
selected_standard_45_100_0,selected,standard,CH3CN,response95,CH3CN_response95_0.380364643572,100.0,0.0,0.3803646435721746,0.00021907430270759053,0.0006990715340939136,93,0.93,10000,10000,9462,538,10,94.62,94.15962552079503,95.05416435345977,5.38,0.1,0.047963972376422845,0.18382641342491352,99.9,99.89442567567568,97.18570254724733,97.26,-0.0015312950645233997,0.0816101177884661,-0.40258606850056367,21.455758090980527,0.0
selected_standard_45_100_0,selected,standard,CH3Cl,low,CH3Cl_low_1,100.0,0.0,1.0,0.00046835357108504565,0.00044614834256880275,93,0.93,10000,10000,4644,5356,17,46.44,45.4586617706244,47.42341262890677,53.56,0.17,0.09906147330432367,0.2720473913885041,99.83,99.63527140098691,63.35174953959484,73.13499999999999,-0.0009895942467008129,0.3398856958186355,-0.09895942467008129,33.98856958186355,0.25
selected_standard_45_100_0,selected,standard,CH3Cl,low,CH3Cl_low_5,100.0,0.0,5.0,0.0023417678554252283,0.002230741712844014,93,0.93,10000,10000,10000,0,17,100.0,99.9631180085378,100.0,0.0,0.17,0.09906147330432367,0.2720473913885041,99.83,99.83028850953379,99.91507218863966,99.91499999999999,-0.00421400509641357,0.34355067547921736,-0.08428010192827139,6.871013509584347,0.0
selected_standard_45_100_0,selected,standard,CH3Cl,low,CH3Cl_low_10,100.0,0.0,10.0,0.004683535710850457,0.004461483425688028,93,0.93,10000,10000,10000,0,17,100.0,99.9631180085378,100.0,0.0,0.17,0.09906147330432367,0.2720473913885041,99.83,99.83028850953379,99.91507218863966,99.91499999999999,-0.0007647320073941358,0.34515926226518445,-0.007647320073941357,3.4515926226518445,0.0
selected_standard_45_100_0,selected,standard,CH3Cl,response95,CH3Cl_response95_1.59170708551,100.0,0.0,1.5917070855123958,0.0007454816976211007,0.000710137478056375,93,0.93,10000,10000,9497,503,17,94.97,94.5233453927543,95.3902264439998,5.03,0.17,0.09906147330432367,0.2720473913885041,99.83,99.8213159554341,97.3352464896997,97.39999999999999,-0.0008031454101922076,0.34102842009283946,-0.050458116163606966,21.425325249655277,0.0
selected_standard_45_100_0,selected,standard,HCOOH,low,HCOOH_low_1,100.0,0.0,1.0,0.0005137388383754162,0.000206031233464761,93,0.93,10000,10000,50,9950,16,0.5,0.371330617955548,0.6586626429079917,99.5,0.16,0.09148061231958557,0.2597002766009401,99.84,75.75757575757575,0.9934432743890323,50.169999999999995,-0.008235744032261828,2.9094002126546843,-0.8235744032261828,290.94002126546843,36.36
selected_standard_45_100_0,selected,standard,HCOOH,low,HCOOH_low_5,100.0,0.0,5.0,0.002568694191877081,0.001030156167323805,93,0.93,10000,10000,1047,8953,16,10.47,9.876499371053844,11.08663156137465,89.53,0.16,0.09148061231958557,0.2597002766009401,99.84,98.49482596425212,18.92795805839284,55.155,0.03785119269241035,2.8887357214915883,0.757023853848207,57.77471442983176,4.07
selected_standard_45_100_0,selected,standard,HCOOH,low,HCOOH_low_10,100.0,0.0,10.0,0.005137388383754162,0.00206031233464761,93,0.93,10000,10000,6798,3202,16,67.98,67.0554348226713,68.89408345099454,32.02,0.16,0.09148061231958557,0.2597002766009401,99.84,99.76518931611389,80.8611871059831,83.91,0.03295711917284235,2.8557876516534666,0.32957119172842353,28.55787651653467,0.01
selected_standard_45_100_0,selected,standard,HCOOH,response95,HCOOH_response95_13.4000102569,100.0,0.0,13.40001025686254,0.006884105703579224,0.002760820641661838,93,0.93,10000,10000,9502,498,16,95.02,94.5753509252429,95.43818963912618,4.98,0.16,0.09148061231958557,0.2597002766009401,99.84,99.83189745744905,97.36653345629675,97.42999999999999,0.02472897417316788,2.873714345962154,0.18454444212461288,21.44561303220227,0.0
selected_standard_45_100_0,selected,standard,PM2.5,low,PM2.5_low_15,100.0,0.0,15.0,,6.1292500665826924e-06,93,0.93,10000,10000,15,9985,15,0.15,0.0839774013962634,0.24728169815871814,99.85,0.15,0.0839774013962634,0.24728169815871814,99.85,50.0,0.29910269192422734,50.0,-624495127.6848819,125736318776.06725,-4163300851.232546,838242125173.7816,50.529999999999994
selected_standard_45_100_0,selected,standard,PM2.5,low,PM2.5_low_45,100.0,0.0,45.0,,1.838775019974808e-05,93,0.93,10000,10000,8,9992,15,0.08,0.03454444769961986,0.15757071053789476,99.92,0.15,0.0839774013962634,0.24728169815871814,99.85,34.78260869565217,0.15963284445774717,49.965,675925507.7819004,122804755889.13504,1502056683.9597788,272899457531.4112,49.46
selected_standard_45_100_0,selected,standard,PM2.5,low,PM2.5_low_49,100.0,0.0,49.0,,2.0022216884170128e-05,93,0.93,10000,10000,6,9994,15,0.06,0.02202202386553933,0.13054864830111396,99.94,0.15,0.0839774013962634,0.24728169815871814,99.85,28.571428571428573,0.11974852809100889,49.955000000000005,-189086212.1863265,123406658107.94727,-385890228.9516868,251850322669.28012,49.7
selected_standard_45_100_0,selected,standard,PM2.5,low,PM2.5_low_90,100.0,0.0,90.0,,3.677550039949616e-05,93,0.93,10000,10000,10,9990,15,0.1,0.047963972376422845,0.18382641342491352,99.9,0.15,0.0839774013962634,0.24728169815871814,99.85,40.0,0.19950124688279303,49.975,-555556566.8055125,123624385116.08368,-617285074.2283473,137360427906.75963,50.260000000000005
selected_standard_45_100_0,selected,standard,PMcoarse,low,PMcoarse_low_15,100.0,0.0,15.0,,4.995354072238381e-06,93,0.93,10000,10000,15,9985,8,0.15,0.0839774013962634,0.24728169815871814,99.85,0.08,0.03454444769961986,0.15757071053789476,99.92,65.21739130434783,0.29931158335827596,50.035,60694916.4694978,4352348302.526019,404632776.46331865,29015655350.173462,49.27
selected_standard_45_100_0,selected,standard,PMcoarse,low,PMcoarse_low_45,100.0,0.0,45.0,,1.4986062216715145e-05,93,0.93,10000,10000,12,9988,8,0.12,0.06202063768478915,0.20952192793710278,99.88,0.08,0.03454444769961986,0.15757071053789476,99.92,60.0,0.23952095808383234,50.019999999999996,-58577662.76863863,4350728950.38543,-130172583.93030807,9668286556.412067,50.29
selected_standard_45_100_0,selected,standard,PMcoarse,low,PMcoarse_low_49,100.0,0.0,49.0,,1.6318156635978712e-05,93,0.93,10000,10000,11,9989,8,0.11,0.05492398846932506,0.19673494805418587,99.89,0.08,0.03454444769961986,0.15757071053789476,99.92,57.89473684210526,0.21958279269388162,50.015,86209173.53982806,4419076257.827116,175937088.85679197,9018522975.15738,49.15
selected_standard_45_100_0,selected,standard,PMcoarse,low,PMcoarse_low_90,100.0,0.0,90.0,,2.997212443343029e-05,93,0.93,10000,10000,11,9989,8,0.11,0.05492398846932506,0.19673494805418587,99.89,0.08,0.03454444769961986,0.15757071053789476,99.92,57.89473684210526,0.21958279269388162,50.015,-25436519.639995195,4373932608.098075,-28262799.59999466,4859925120.108973,49.91
selected_standard_45_100_0,selected,standard,PM10,low,PM10_low_15,100.0,0.0,15.0,,5.6126974469369505e-06,93,0.93,10000,10000,13,9987,15,0.13,0.06923710884623087,0.22220136212669064,99.87,0.15,0.0839774013962634,0.24728169815871814,99.85,46.42857142857143,0.2592740327084164,49.99,-833160302.2024989,119518241779.46729,-5554402014.683326,796788278529.7819,50.49
selected_standard_45_100_0,selected,standard,PM10,low,PM10_low_45,100.0,0.0,45.0,,1.683809234081085e-05,93,0.93,10000,10000,10,9990,15,0.1,0.047963972376422845,0.18382641342491352,99.9,0.15,0.0839774013962634,0.24728169815871814,99.85,40.0,0.19950124688279303,49.975,-147042604.52044994,121223461994.14674,-326761343.3787776,269385471098.10385,50.07
selected_standard_45_100_0,selected,standard,PM10,low,PM10_low_49,100.0,0.0,49.0,,1.8334811659994038e-05,93,0.93,10000,10000,13,9987,15,0.13,0.06923710884623087,0.22220136212669064,99.87,0.15,0.0839774013962634,0.24728169815871814,99.85,46.42857142857143,0.2592740327084164,49.99,-891760407.6267769,119193702412.13077,-1819919199.23832,243252453902.30768,49.79
selected_standard_45_100_0,selected,standard,PM10,low,PM10_low_90,100.0,0.0,90.0,,3.36761846816217e-05,93,0.93,10000,10000,13,9987,15,0.13,0.06923710884623087,0.22220136212669064,99.87,0.15,0.0839774013962634,0.24728169815871814,99.85,46.42857142857143,0.2592740327084164,49.99,409820659.8858008,120420157767.41661,455356288.76200086,133800175297.12956,49.76
selected_standard_45_100_0,selected,standard,H2CO,joint mixture,mixture,100.0,0.0,1.0,,,93,0.93,10000,10000,519,9481,14,5.19,4.763333849631037,5.642994456938688,94.81,0.14,0.07655977314058231,0.23478475639479365,99.86,97.37335834896811,9.854742238678439,52.525,0.007989160686270551,0.7159011628175036,0.7989160686270551,71.59011628175035,7.68
selected_standard_45_100_0,selected,standard,CH3OH,joint mixture,mixture,100.0,0.0,1.0,,,93,0.93,10000,10000,432,9568,16,4.32,3.929882520925185,4.73699319255678,95.68,0.16,0.09148061231958557,0.2597002766009401,99.84,96.42857142857143,8.269525267993874,52.07999999999999,0.00979721061295048,0.7741933791392269,0.9797210612950479,77.41933791392269,9.53
selected_standard_45_100_0,selected,standard,CH3CN,joint mixture,mixture,100.0,0.0,1.0,,,93,0.93,10000,10000,10000,0,10,100.0,99.9631180085378,100.0,0.0,0.1,0.047963972376422845,0.18382641342491352,99.9,99.9000999000999,99.95002498750625,99.95,-2.9548304613472798e-05,0.08067115940515936,-0.0029548304613472797,8.067115940515937,0.0
selected_standard_45_100_0,selected,standard,CH3Cl,joint mixture,mixture,100.0,0.0,1.0,,,93,0.93,10000,10000,4709,5291,17,47.09,46.107646585753656,48.07404905145508,52.91,0.17,0.09906147330432367,0.2720473913885041,99.83,99.64028776978417,63.9549096835529,73.46,0.0008017876653394382,0.3459868910286648,0.08017876653394382,34.59868910286648,0.22
selected_standard_45_100_0,selected,standard,HCOOH,joint mixture,mixture,100.0,0.0,1.0,,,93,0.93,10000,10000,40,9960,16,0.4,0.28591500387492635,0.544292239518683,99.6,0.16,0.09148061231958557,0.2597002766009401,99.84,71.42857142857143,0.7955449482895783,50.12,-0.009179954083597244,2.865407898696961,-0.9179954083597244,286.5407898696961,36.54
selected_standard_45_100_0,selected,standard,PM2.5,joint mixture,mixture,100.0,0.0,49.0,,,93,0.93,10000,10000,12,9988,15,0.12,0.06202063768478915,0.20952192793710278,99.88,0.15,0.0839774013962634,0.24728169815871814,99.85,44.44444444444444,0.23935374488880024,49.985,-469976702.05411935,122775937256.4265,-959136126.6410599,250563137258.01328,50.01
selected_standard_45_100_0,selected,standard,PMcoarse,joint mixture,mixture,100.0,0.0,41.0,,,93,0.93,10000,10000,8,9992,8,0.08,0.03454444769961986,0.15757071053789476,99.92,0.08,0.03454444769961986,0.15757071053789476,99.92,50.0,0.1597444089456869,50.0,16226104.182466073,4299964293.553345,39575863.85967335,10487717789.1545,50.029999999999994
selected_standard_45_100_0,selected,standard,PM10,joint mixture,mixture,100.0,0.0,90.0,,,93,0.93,10000,10000,12,9988,15,0.12,0.06202063768478915,0.20952192793710278,99.88,0.15,0.0839774013962634,0.24728169815871814,99.85,44.44444444444444,0.23935374488880024,49.985,-453750597.8716818,118476200401.4048,-504167330.96853536,131640222668.22755,50.01
selected_standard_45_100_0.0001,selected,standard,H2CO,low,H2CO_low_1,100.0,0.0001,1.0,0.0007874785198237704,0.0003167770445523256,74,0.74,10000,10000,323,9677,10,3.23,2.89216469994392,3.5954188267087246,96.77,0.1,0.047963972376422845,0.18382641342491352,99.9,96.996996996997,6.251814574663698,51.565000000000005,-0.006943891098336994,0.8365620735433758,-0.6943891098336994,83.65620735433758,11.51
selected_standard_45_100_0.0001,selected,standard,H2CO,low,H2CO_low_5,100.0,0.0001,5.0,0.003937392599118852,0.001583885222761628,74,0.74,10000,10000,9977,23,10,99.77,99.65508573729991,99.85414559207054,0.23,0.1,0.047963972376422845,0.18382641342491352,99.9,99.89986983078002,99.83489268024216,99.83500000000001,0.008007146054884591,0.8414244298751209,0.16014292109769185,16.828488597502417,0.0
selected_standard_45_100_0.0001,selected,standard,H2CO,low,H2CO_low_10,100.0,0.0001,10.0,0.007874785198237704,0.003167770445523256,74,0.74,10000,10000,10000,0,10,100.0,99.9631180085378,100.0,0.0,0.1,0.047963972376422845,0.18382641342491352,99.9,99.9000999000999,99.95002498750625,99.95,0.008459035772472449,0.8440254770658783,0.08459035772472448,8.440254770658782,0.0
selected_standard_45_100_0.0001,selected,standard,H2CO,response95,H2CO_response95_3.9453173078,100.0,0.0001,3.9453173077989567,0.003106852633780625,0.0012497859565856915,74,0.74,10000,10000,9500,500,10,95.0,94.55454729716412,95.41900578012293,5.0,0.1,0.047963972376422845,0.18382641342491352,99.9,99.89484752891693,97.385955920041,97.44999999999999,-0.008983400954245924,0.8400067426424863,-0.22769780611784687,21.291234065812453,0.0
selected_standard_45_100_0.0001,selected,standard,CH3OH,low,CH3OH_low_1,100.0,0.0001,1.0,0.0007379324023540518,0.0001493647462662149,74,0.74,10000,10000,197,9803,8,1.97,1.7066868613668573,2.261781811637414,98.03,0.08,0.03454444769961986,0.15757071053789476,99.92,96.09756097560975,3.8608525232729054,50.94499999999999,-0.0008814980022240263,1.0713748808939105,-0.08814980022240262,107.13748808939106,17.57
selected_standard_45_100_0.0001,selected,standard,CH3OH,low,CH3OH_low_5,100.0,0.0001,5.0,0.003689662011770259,0.0007468237313310745,74,0.74,10000,10000,9529,471,8,95.29,94.85639037052653,95.69698072466133,4.71,0.08,0.03454444769961986,0.15757071053789476,99.92,99.91611617909196,97.54824179761478,97.605,0.0027466374068579064,1.067138828026747,0.05493274813715813,21.34277656053494,0.0
selected_standard_45_100_0.0001,selected,standard,CH3OH,low,CH3OH_low_10,100.0,0.0001,10.0,0.007379324023540518,0.001493647462662149,74,0.74,10000,10000,10000,0,8,100.0,99.9631180085378,100.0,0.0,0.08,0.03454444769961986,0.15757071053789476,99.92,99.92006394884093,99.96001599360255,99.96000000000001,0.0017524559138432387,1.0635892606145299,0.017524559138432386,10.6358926061453,0.0
selected_standard_45_100_0.0001,selected,standard,CH3OH,response95,CH3OH_response95_4.99868275294,100.0,0.0001,4.998682752939888,0.0036886899724826966,0.0007466269810581709,74,0.74,10000,10000,9471,529,8,94.71,94.25310168571167,95.14063226001143,5.29,0.08,0.03454444769961986,0.15757071053789476,99.92,99.91560291169955,97.24318496842754,97.315,-0.008118421319569667,1.0842608617740268,-0.16241121353010368,21.69093169868277,0.0
selected_standard_45_100_0.0001,selected,standard,CH3CN,low,CH3CN_low_1,100.0,0.0001,1.0,0.0005759586397152104,0.0018378983060271322,74,0.74,10000,10000,10000,0,10,100.0,99.9631180085378,100.0,0.0,0.1,0.047963972376422845,0.18382641342491352,99.9,99.9000999000999,99.95002498750625,99.95,6.546263248750526e-05,0.11186873638581858,0.0065462632487505255,11.186873638581858,0.0
selected_standard_45_100_0.0001,selected,standard,CH3CN,low,CH3CN_low_5,100.0,0.0001,5.0,0.0028797931985760517,0.00918949153013566,74,0.74,10000,10000,10000,0,10,100.0,99.9631180085378,100.0,0.0,0.1,0.047963972376422845,0.18382641342491352,99.9,99.9000999000999,99.95002498750625,99.95,-0.0026148640929848795,0.11140097243821431,-0.052297281859697585,2.2280194487642864,0.0
selected_standard_45_100_0.0001,selected,standard,CH3CN,low,CH3CN_low_10,100.0,0.0001,10.0,0.0057595863971521034,0.01837898306027132,74,0.74,10000,10000,10000,0,10,100.0,99.9631180085378,100.0,0.0,0.1,0.047963972376422845,0.18382641342491352,99.9,99.9000999000999,99.95002498750625,99.95,0.0001882451068670658,0.11092537913924126,0.001882451068670658,1.1092537913924125,0.0
selected_standard_45_100_0.0001,selected,standard,CH3CN,response95,CH3CN_response95_0.517386640837,100.0,0.0001,0.5173866408367378,0.0002979933058631496,0.0009509040307549086,74,0.74,10000,10000,9442,558,10,94.42,93.95202299277062,94.8618908526075,5.58,0.1,0.047963972376422845,0.18382641342491352,99.9,99.89420228523063,97.07999177462472,97.16,-0.00041367855476925604,0.11157773471111633,-0.079955399331579,21.565638906073897,0.0
selected_standard_45_100_0.0001,selected,standard,CH3Cl,low,CH3Cl_low_1,100.0,0.0001,1.0,0.00046835357108504565,0.00044614834256880275,74,0.74,10000,10000,1744,8256,7,17.44,16.700847825789463,18.19816471713302,82.56,0.07,0.028148114566976398,0.14417323091498155,99.93,99.60022844089092,29.68258020593992,58.684999999999995,0.00632300063521063,0.47496433213655637,0.632300063521063,47.496433213655635,1.71
selected_standard_45_100_0.0001,selected,standard,CH3Cl,low,CH3Cl_low_5,100.0,0.0001,5.0,0.0023417678554252283,0.002230741712844014,74,0.74,10000,10000,10000,0,7,100.0,99.9631180085378,100.0,0.0,0.07,0.028148114566976398,0.14417323091498155,99.93,99.930048965724,99.96501224571401,99.96499999999999,0.01539312107638304,0.4795848984910722,0.3078624215276608,9.591697969821444,0.0
selected_standard_45_100_0.0001,selected,standard,CH3Cl,low,CH3Cl_low_10,100.0,0.0001,10.0,0.004683535710850457,0.004461483425688028,74,0.74,10000,10000,10000,0,7,100.0,99.9631180085378,100.0,0.0,0.07,0.028148114566976398,0.14417323091498155,99.93,99.930048965724,99.96501224571401,99.96499999999999,0.0006733461998106222,0.47306741144458975,0.006733461998106221,4.730674114445898,0.0
selected_standard_45_100_0.0001,selected,standard,CH3Cl,response95,CH3Cl_response95_2.22629102018,100.0,0.0001,2.226291020178073,0.0010426913495749698,0.0009932560487282561,74,0.74,10000,10000,9495,505,7,94.95,94.50254646612457,95.37103787041521,5.05,0.07,0.028148114566976398,0.14417323091498155,99.93,99.92633129867396,97.3746282432571,97.44,-0.0010567587265227396,0.47554746496052164,-0.04746723213383906,21.36052567478282,0.0
selected_standard_45_100_0.0001,selected,standard,HCOOH,low,HCOOH_low_1,100.0,0.0001,1.0,0.0005137388383754162,0.000206031233464761,74,0.74,10000,10000,36,9964,16,0.36,0.2522631024415694,0.4980467417154243,99.64,0.16,0.09148061231958557,0.2597002766009401,99.84,69.23076923076923,0.716275368085953,50.1,-0.0467890385783655,3.044345069051417,-4.67890385783655,304.4345069051417,37.79
selected_standard_45_100_0.0001,selected,standard,HCOOH,low,HCOOH_low_5,100.0,0.0001,5.0,0.002568694191877081,0.001030156167323805,74,0.74,10000,10000,808,9192,16,8.08,7.553120682626292,8.631441534580528,91.92,0.16,0.09148061231958557,0.2597002766009401,99.84,98.05825242718447,14.929785661492978,53.959999999999994,-0.04076765658463404,3.057243554656436,-0.8153531316926808,61.14487109312872,5.17
selected_standard_45_100_0.0001,selected,standard,HCOOH,low,HCOOH_low_10,100.0,0.0001,10.0,0.005137388383754162,0.00206031233464761,74,0.74,10000,10000,6021,3979,16,60.21,59.24280682202257,61.17124309171375,39.79,0.16,0.09148061231958557,0.2597002766009401,99.84,99.73496769918835,75.08885701814553,80.02499999999999,0.0341116295276103,3.056712243380333,0.341116295276103,30.56712243380333,0.05
selected_standard_45_100_0.0001,selected,standard,HCOOH,response95,HCOOH_response95_14.2279161988,100.0,0.0001,14.227916198789206,0.007309433140468734,0.0029313951240697938,74,0.74,10000,10000,9473,527,16,94.73,94.27387893219337,95.15984257240632,5.27,0.16,0.09148061231958557,0.2597002766009401,99.84,99.83138370745073,97.21381292010878,97.285,-0.017854450928732835,3.049620001302704,-0.12548886765478873,21.4340593428729,0.0
selected_standard_45_100_0.0001,selected,standard,PM2.5,low,PM2.5_low_15,100.0,0.0001,15.0,,6.1292500665826924e-06,74,0.74,10000,10000,8,9992,10,0.08,0.03454444769961986,0.15757071053789476,99.92,0.1,0.047963972376422845,0.18382641342491352,99.9,44.44444444444444,0.1597125174685566,49.99,-604398116.870946,162686370845.45038,-4029320779.1396403,1084575805636.3358,49.72
selected_standard_45_100_0.0001,selected,standard,PM2.5,low,PM2.5_low_45,100.0,0.0001,45.0,,1.838775019974808e-05,74,0.74,10000,10000,14,9986,10,0.14,0.07655977314058231,0.23478475639479365,99.86,0.1,0.047963972376422845,0.18382641342491352,99.9,58.333333333333336,0.27932960893854747,50.019999999999996,2736828265.2486715,162132297106.29697,6081840589.441492,360293993569.5488,49.54
selected_standard_45_100_0.0001,selected,standard,PM2.5,low,PM2.5_low_49,100.0,0.0001,49.0,,2.0022216884170128e-05,74,0.74,10000,10000,10,9990,10,0.1,0.047963972376422845,0.18382641342491352,99.9,0.1,0.047963972376422845,0.18382641342491352,99.9,50.0,0.1996007984031936,50.0,-1029296920.0076369,162688705375.4877,-2100605959.1992588,332017766072.4239,50.07
selected_standard_45_100_0.0001,selected,standard,PM2.5,low,PM2.5_low_90,100.0,0.0001,90.0,,3.677550039949616e-05,74,0.74,10000,10000,20,9980,10,0.2,0.12220666208422194,0.30871559889160716,99.8,0.1,0.047963972376422845,0.18382641342491352,99.9,66.66666666666667,0.3988035892323031,50.05,2477357983.6441326,162519548194.1871,2752619981.826814,180577275771.319,50.3
selected_standard_45_100_0.0001,selected,standard,PMcoarse,low,PMcoarse_low_15,100.0,0.0001,15.0,,4.995354072238381e-06,74,0.74,10000,10000,18,9982,15,0.18,0.10671320583728887,0.28432898414842517,99.82,0.15,0.0839774013962634,0.24728169815871814,99.85,54.54545454545455,0.35881590750523273,50.015,118010420.19378555,5665609395.842501,786736134.625237,37770729305.61668,49.14
selected_standard_45_100_0.0001,selected,standard,PMcoarse,low,PMcoarse_low_45,100.0,0.0001,45.0,,1.4986062216715145e-05,74,0.74,10000,10000,13,9987,15,0.13,0.06923710884623087,0.22220136212669064,99.87,0.15,0.0839774013962634,0.24728169815871814,99.85,46.42857142857143,0.2592740327084164,49.99,80625694.03972511,5740292911.593469,179168208.97716692,12756206470.20771,49.47
selected_standard_45_100_0.0001,selected,standard,PMcoarse,low,PMcoarse_low_49,100.0,0.0001,49.0,,1.6318156635978712e-05,74,0.74,10000,10000,17,9983,15,0.17,0.09906147330432367,0.2720473913885041,99.83,0.15,0.0839774013962634,0.24728169815871814,99.85,53.125,0.33891547049441784,50.01,128698048.83474475,5720296761.784402,262649079.25458115,11674075024.049799,49.24
selected_standard_45_100_0.0001,selected,standard,PMcoarse,low,PMcoarse_low_90,100.0,0.0001,90.0,,2.997212443343029e-05,74,0.74,10000,10000,14,9986,15,0.14,0.07655977314058231,0.23478475639479365,99.86,0.15,0.0839774013962634,0.24728169815871814,99.85,48.275862068965516,0.2791903479908266,49.995,-96246932.17279753,5716420377.189906,-106941035.74755281,6351578196.877673,51.1
selected_standard_45_100_0.0001,selected,standard,PM10,low,PM10_low_15,100.0,0.0001,15.0,,5.6126974469369505e-06,74,0.74,10000,10000,16,9984,10,0.16,0.09148061231958557,0.2597002766009401,99.84,0.1,0.047963972376422845,0.18382641342491352,99.9,61.53846153846154,0.3191701575902653,50.029999999999994,-182404032.13780138,158133389469.66965,-1216026880.9186757,1054222596464.4644,49.51
selected_standard_45_100_0.0001,selected,standard,PM10,low,PM10_low_45,100.0,0.0001,45.0,,1.683809234081085e-05,74,0.74,10000,10000,7,9993,10,0.07,0.028148114566976398,0.14417323091498155,99.93,0.1,0.047963972376422845,0.18382641342491352,99.9,41.1764705882353,0.13976240391334732,49.985,-1595069420.8227777,158192009469.39896,-3544598712.939506,351537798820.8866,50.83
selected_standard_45_100_0.0001,selected,standard,PM10,low,PM10_low_49,100.0,0.0001,49.0,,1.8334811659994038e-05,74,0.74,10000,10000,14,9986,10,0.14,0.07655977314058231,0.23478475639479365,99.86,0.1,0.047963972376422845,0.18382641342491352,99.9,58.333333333333336,0.27932960893854747,50.019999999999996,-1279431044.6436355,155963488225.69394,-2611083764.578848,318292833113.66113,50.339999999999996
selected_standard_45_100_0.0001,selected,standard,PM10,low,PM10_low_90,100.0,0.0001,90.0,,3.36761846816217e-05,74,0.74,10000,10000,20,9980,10,0.2,0.12220666208422194,0.30871559889160716,99.8,0.1,0.047963972376422845,0.18382641342491352,99.9,66.66666666666667,0.3988035892323031,50.05,804621282.0586361,157380729778.6739,894023646.7318178,174867477531.85986,49.87
selected_standard_45_100_0.0001,selected,standard,H2CO,joint mixture,mixture,100.0,0.0001,1.0,,,74,0.74,10000,10000,328,9672,10,3.28,2.9395684132067457,3.6479818615129354,96.72,0.1,0.047963972376422845,0.18382641342491352,99.9,97.0414201183432,6.345521377442445,51.59,0.002708367595498559,0.8379520355072193,0.2708367595498559,83.79520355072194,11.39
selected_standard_45_100_0.0001,selected,standard,CH3OH,joint mixture,mixture,100.0,0.0001,1.0,,,74,0.74,10000,10000,183,9817,8,1.83,1.5763994738514076,2.1121766078454347,98.17,0.08,0.03454444769961986,0.15757071053789476,99.92,95.81151832460733,3.591404180158964,50.875,-0.0046352085119254404,1.081464122506979,-0.46352085119254405,108.14641225069789,18.34
selected_standard_45_100_0.0001,selected,standard,CH3CN,joint mixture,mixture,100.0,0.0001,1.0,,,74,0.74,10000,10000,10000,0,10,100.0,99.9631180085378,100.0,0.0,0.1,0.047963972376422845,0.18382641342491352,99.9,99.9000999000999,99.95002498750625,99.95,-0.0007995441262493932,0.10976723691798927,-0.07995441262493932,10.976723691798927,0.0
selected_standard_45_100_0.0001,selected,standard,CH3Cl,joint mixture,mixture,100.0,0.0001,1.0,,,74,0.74,10000,10000,1806,8194,7,18.06,17.3104115895322,18.828236693997148,81.94,0.07,0.028148114566976398,0.14417323091498155,99.93,99.61389961389962,30.57648353508846,58.995,0.0031552281805372383,0.47778765203105494,0.31552281805372384,47.77876520310549,1.76
selected_standard_45_100_0.0001,selected,standard,HCOOH,joint mixture,mixture,100.0,0.0001,1.0,,,74,0.74,10000,10000,33,9967,16,0.33,0.22726238879995797,0.4631333724350951,99.67,0.16,0.09148061231958557,0.2597002766009401,99.84,67.34693877551021,0.6567817693302817,50.085,0.08198907990190553,3.0770661950687157,8.198907990190554,307.70661950687156,36.29
selected_standard_45_100_0.0001,selected,standard,PM2.5,joint mixture,mixture,100.0,0.0001,49.0,,,74,0.74,10000,10000,10,9990,10,0.1,0.047963972376422845,0.18382641342491352,99.9,0.1,0.047963972376422845,0.18382641342491352,99.9,50.0,0.1996007984031936,50.0,739024925.4147108,162377903048.69568,1508214133.4994097,331383475609.583,50.18
selected_standard_45_100_0.0001,selected,standard,PMcoarse,joint mixture,mixture,100.0,0.0001,41.0,,,74,0.74,10000,10000,14,9986,15,0.14,0.07655977314058231,0.23478475639479365,99.86,0.15,0.0839774013962634,0.24728169815871814,99.85,48.275862068965516,0.2791903479908266,49.995,-26261543.82874144,5688004830.006449,-64052545.92375961,13873182512.210852,49.88
selected_standard_45_100_0.0001,selected,standard,PM10,joint mixture,mixture,100.0,0.0001,90.0,,,74,0.74,10000,10000,10,9990,10,0.1,0.047963972376422845,0.18382641342491352,99.9,0.1,0.047963972376422845,0.18382641342491352,99.9,50.0,0.1996007984031936,50.0,712763381.5859722,156690142055.12506,791959312.8733023,174100157839.02783,50.19
selected_standard_45_100_0.001,selected,standard,H2CO,low,H2CO_low_1,100.0,0.001,1.0,0.0007874785198237704,0.0003167770445523256,76,0.76,10000,10000,38,9962,11,0.38,0.2690467166652942,0.5212103033731186,99.62,0.11,0.05492398846932506,0.19673494805418587,99.89,77.55102040816327,0.7562941586227485,50.135,-0.025889259829470775,4.522443594988505,-2.5889259829470777,452.2443594988505,41.589999999999996
selected_standard_45_100_0.001,selected,standard,H2CO,low,H2CO_low_5,100.0,0.001,5.0,0.003937392599118852,0.001583885222761628,76,0.76,10000,10000,321,9679,11,3.21,2.873209397548817,3.5743874569228034,96.79,0.11,0.05492398846932506,0.19673494805418587,99.89,96.6867469879518,6.213704994192799,51.55,-0.03753054148399601,4.5149631092586615,-0.7506108296799202,90.29926218517323,13.83
selected_standard_45_100_0.001,selected,standard,H2CO,low,H2CO_low_10,100.0,0.001,10.0,0.007874785198237704,0.003167770445523256,76,0.76,10000,10000,2170,7830,11,21.7,20.89542897717256,22.521084526213563,78.3,0.11,0.05492398846932506,0.19673494805418587,99.89,99.4956441999083,35.62925868155324,60.795,0.07056445652870728,4.418098349669567,0.7056445652870729,44.18098349669567,1.08
selected_standard_45_100_0.001,selected,standard,H2CO,response95,H2CO_response95_20.825724404,100.0,0.001,20.82572440404309,0.016399810627953624,0.006597111427374012,76,0.76,10000,10000,9467,533,11,94.67,94.21155241435945,95.10220639974162,5.33,0.11,0.05492398846932506,0.19673494805418587,99.89,99.88394175986495,97.20710545230517,97.28,0.04431311749426951,4.4799301294555995,0.21278067756272911,21.511521244302404,0.0
selected_standard_45_100_0.001,selected,standard,CH3OH,low,CH3OH_low_1,100.0,0.001,1.0,0.0007379324023540518,0.0001493647462662149,76,0.76,10000,10000,18,9982,13,0.18,0.10671320583728887,0.28432898414842517,99.82,0.13,0.06923710884623087,0.22220136212669064,99.87,58.064516129032256,0.35888744890838403,50.025,-0.01651578636313302,7.512332585004342,-1.651578636313302,751.2332585004342,44.51
selected_standard_45_100_0.001,selected,standard,CH3OH,low,CH3OH_low_5,100.0,0.001,5.0,0.003689662011770259,0.0007468237313310745,76,0.76,10000,10000,73,9927,13,0.73,0.5726273251991668,0.917002244397836,99.27,0.13,0.06923710884623087,0.22220136212669064,99.87,84.88372093023256,1.4475510608764623,50.3,0.0640203176870131,7.401819151447597,1.2804063537402621,148.03638302895195,24.64
selected_standard_45_100_0.001,selected,standard,CH3OH,low,CH3OH_low_10,100.0,0.001,10.0,0.007379324023540518,0.001493647462662149,76,0.76,10000,10000,441,9559,13,4.41,4.015916204712696,4.8309023186325595,95.59,0.13,0.06923710884623087,0.22220136212669064,99.87,97.13656387665198,8.43696192844844,52.14,0.05770372040097843,7.23969685084531,0.5770372040097843,72.3969685084531,8.07
selected_standard_45_100_0.001,selected,standard,CH3OH,response95,CH3OH_response95_34.6032487867,100.0,0.001,34.6032487867077,0.025534858506430145,0.005168505475013304,76,0.76,10000,10000,9497,503,13,94.97,94.5233453927543,95.3902264439998,5.03,0.13,0.06923710884623087,0.22220136212669064,99.87,99.86330178759201,97.35520246027679,97.42,0.029490784966491903,7.421468632533021,0.08522548026710235,21.44731749980615,0.0
selected_standard_45_100_0.001,selected,standard,CH3CN,low,CH3CN_low_1,100.0,0.001,1.0,0.0005759586397152104,0.0018378983060271322,76,0.76,10000,10000,505,9495,14,5.05,4.628962129584787,5.49745353387543,94.95,0.14,0.07655977314058231,0.23478475639479365,99.86,97.30250481695569,9.60167316284818,52.455000000000005,0.01631883356010197,0.7465414297812786,1.631883356010197,74.65414297812785,8.62
selected_standard_45_100_0.001,selected,standard,CH3CN,low,CH3CN_low_5,100.0,0.001,5.0,0.0028797931985760517,0.00918949153013566,76,0.76,10000,10000,9999,1,14,99.99,99.9442963002013,99.99974682224368,0.01,0.14,0.07655977314058231,0.23478475639479365,99.86,99.86018176370717,99.92504871833309,99.925,0.0037920625533118353,0.7462884028915385,0.07584125106623671,14.925768057830771,0.0
selected_standard_45_100_0.001,selected,standard,CH3CN,low,CH3CN_low_10,100.0,0.001,10.0,0.0057595863971521034,0.01837898306027132,76,0.76,10000,10000,10000,0,14,100.0,99.9631180085378,100.0,0.0,0.14,0.07655977314058231,0.23478475639479365,99.86,99.86019572598363,99.930048965724,99.93,0.005444631024531282,0.7507933258872659,0.05444631024531281,7.507933258872659,0.0
selected_standard_45_100_0.001,selected,standard,CH3CN,response95,CH3CN_response95_3.46831124943,100.0,0.001,3.4683112494294392,0.0019976038293303415,0.0063744033701012125,76,0.76,10000,10000,9516,484,14,95.16,94.72103012036047,95.57242270121658,4.84,0.14,0.07655977314058231,0.23478475639479365,99.86,99.85309548793285,97.45007680491551,97.51,0.0023973580605396783,0.7390983597267392,0.069121768149674,21.310035535257278,0.0
selected_standard_45_100_0.001,selected,standard,CH3Cl,low,CH3Cl_low_1,100.0,0.001,1.0,0.00046835357108504565,0.00044614834256880275,76,0.76,10000,10000,32,9968,11,0.32,0.2189795984134115,0.4514468509214963,99.68,0.11,0.05492398846932506,0.19673494805418587,99.89,74.4186046511628,0.6372597829333865,50.105,0.003840986895704907,3.2468612214655224,0.3840986895704907,324.68612214655224,38.14
selected_standard_45_100_0.001,selected,standard,CH3Cl,low,CH3Cl_low_5,100.0,0.001,5.0,0.0023417678554252283,0.002230741712844014,76,0.76,10000,10000,681,9319,11,6.81,6.323883696748486,7.321447772550119,93.19,0.11,0.05492398846932506,0.19673494805418587,99.89,98.41040462427746,12.738496071829406,53.349999999999994,0.014908859675900187,3.2620382728025157,0.2981771935180037,65.24076545605031,6.4399999999999995
selected_standard_45_100_0.001,selected,standard,CH3Cl,low,CH3Cl_low_10,100.0,0.001,10.0,0.004683535710850457,0.004461483425688028,76,0.76,10000,10000,5101,4899,11,51.01,50.02504370804514,51.99436777770296,48.99,0.11,0.05492398846932506,0.19673494805418587,99.89,99.7848200312989,67.5092641609317,75.44999999999999,-0.03361980404518127,3.294984404315106,-0.3361980404518127,32.94984404315106,0.09
selected_standard_45_100_0.001,selected,standard,CH3Cl,response95,CH3Cl_response95_15.1922133874,100.0,0.001,15.192213387412274,0.007115327392680577,0.006777980822745562,76,0.76,10000,10000,9533,467,11,95.33,94.89805699809364,95.73528889924809,4.67,0.11,0.05492398846932506,0.19673494805418587,99.89,99.88474434199497,97.55423659435121,97.61,0.034682030173214785,3.2308695817794892,0.22828819796561756,21.266615333724,0.0
selected_standard_45_100_0.001,selected,standard,HCOOH,low,HCOOH_low_1,100.0,0.001,1.0,0.0005137388383754162,0.000206031233464761,76,0.76,10000,10000,19,9981,13,0.19,0.11442996352914732,0.29655021482667676,99.81,0.13,0.06923710884623087,0.22220136212669064,99.87,59.375,0.3787878787878788,50.029999999999994,-0.026210961030966876,10.708266094686662,-2.6210961030966877,1070.8266094686662,46.760000000000005
selected_standard_45_100_0.001,selected,standard,HCOOH,low,HCOOH_low_5,100.0,0.001,5.0,0.002568694191877081,0.001030156167323805,76,0.76,10000,10000,43,9957,13,0.43,0.3113626824846425,0.5787748393062185,99.57,0.13,0.06923710884623087,0.22220136212669064,99.87,76.78571428571429,0.8552108194112967,50.150000000000006,0.024581225330276523,10.47478615342813,0.4916245066055304,209.49572306856263,31.830000000000002
selected_standard_45_100_0.001,selected,standard,HCOOH,low,HCOOH_low_10,100.0,0.001,10.0,0.005137388383754162,0.00206031233464761,76,0.76,10000,10000,206,9794,13,2.06,1.7906347932788134,2.357766230998395,97.94,0.13,0.06923710884623087,0.22220136212669064,99.87,94.06392694063926,4.031705646345044,50.965,-0.0047664366276428775,10.5413264477387,-0.047664366276428775,105.413264477387,17.130000000000003
selected_standard_45_100_0.001,selected,standard,HCOOH,response95,HCOOH_response95_49.3097086887,100.0,0.001,49.30970868868343,0.025332312462354394,0.01015934010291749,76,0.76,10000,10000,9485,515,13,94.85,94.39857955799721,95.27506720113867,5.15,0.13,0.06923710884623087,0.22220136212669064,99.87,99.86312907980627,97.29202995178993,97.36,-0.0012430364468477137,10.620240373570386,-0.0025208756650655093,21.537828261410375,0.0
selected_standard_45_100_0.001,selected,standard,PM2.5,low,PM2.5_low_15,100.0,0.001,15.0,,6.1292500665826924e-06,76,0.76,10000,10000,7,9993,11,0.07,0.028148114566976398,0.14417323091498155,99.93,0.11,0.05492398846932506,0.19673494805418587,99.89,38.888888888888886,0.13974845278498702,49.980000000000004,1557054870.383768,1051566381174.5244,10380365802.558453,7010442541163.496,49.96
selected_standard_45_100_0.001,selected,standard,PM2.5,low,PM2.5_low_45,100.0,0.001,45.0,,1.838775019974808e-05,76,0.76,10000,10000,15,9985,11,0.15,0.0839774013962634,0.24728169815871814,99.85,0.11,0.05492398846932506,0.19673494805418587,99.89,57.69230769230769,0.2992220227408737,50.019999999999996,-3129033296.852391,1048268234448.4381,-6953407326.338646,2329484965440.9736,49.8
selected_standard_45_100_0.001,selected,standard,PM2.5,low,PM2.5_low_49,100.0,0.001,49.0,,2.0022216884170128e-05,76,0.76,10000,10000,16,9984,11,0.16,0.09148061231958557,0.2597002766009401,99.84,0.11,0.05492398846932506,0.19673494805418587,99.89,59.25925925925926,0.3191383265184003,50.025,-7180973117.2088175,1049838393191.7194,-14655047177.977179,2142527333044.3252,50.59
selected_standard_45_100_0.001,selected,standard,PM2.5,low,PM2.5_low_90,100.0,0.001,90.0,,3.677550039949616e-05,76,0.76,10000,10000,10,9990,11,0.1,0.047963972376422845,0.18382641342491352,99.9,0.11,0.05492398846932506,0.19673494805418587,99.89,47.61904761904762,0.19958088015168146,49.995,-1962607079.9559782,1048385502140.0399,-2180674533.28442,1164872780155.5999,50.11
selected_standard_45_100_0.001,selected,standard,PMcoarse,low,PMcoarse_low_15,100.0,0.001,15.0,,4.995354072238381e-06,76,0.76,10000,10000,16,9984,5,0.16,0.09148061231958557,0.2597002766009401,99.84,0.05,0.01623679341989252,0.11664442090716007,99.95,76.19047619047619,0.31932940824269035,50.05500000000001,189284210.62198338,36707294239.85373,1261894737.4798892,244715294932.35822,49.64
selected_standard_45_100_0.001,selected,standard,PMcoarse,low,PMcoarse_low_45,100.0,0.001,45.0,,1.4986062216715145e-05,76,0.76,10000,10000,10,9990,5,0.1,0.047963972376422845,0.18382641342491352,99.9,0.05,0.01623679341989252,0.11664442090716007,99.95,66.66666666666667,0.19970044932601097,50.025,125116992.21464516,37526683786.996826,278037760.4769892,83392630637.77072,50.2
selected_standard_45_100_0.001,selected,standard,PMcoarse,low,PMcoarse_low_49,100.0,0.001,49.0,,1.6318156635978712e-05,76,0.76,10000,10000,15,9985,5,0.15,0.0839774013962634,0.24728169815871814,99.85,0.05,0.01623679341989252,0.11664442090716007,99.95,75.0,0.2994011976047904,50.050000000000004,177438095.6614786,36781801419.266716,362118562.57444614,75064900855.64636,49.61
selected_standard_45_100_0.001,selected,standard,PMcoarse,low,PMcoarse_low_90,100.0,0.001,90.0,,2.997212443343029e-05,76,0.76,10000,10000,9,9991,5,0.09,0.04116172723949775,0.1707789751809993,99.91,0.05,0.01623679341989252,0.11664442090716007,99.95,64.28571428571429,0.17974835230677053,50.019999999999996,110226642.50494221,36875471810.114395,122474047.22771357,40972746455.68266,49.59
selected_standard_45_100_0.001,selected,standard,PM10,low,PM10_low_15,100.0,0.001,15.0,,5.6126974469369505e-06,76,0.76,10000,10000,21,9979,11,0.21,0.13003884742172667,0.32082911452309043,99.79,0.11,0.05492398846932506,0.19673494805418587,99.89,65.625,0.41866028708133973,50.050000000000004,-18371828186.3664,1019424850980.1648,-122478854575.77602,6796165673201.099,51.11
selected_standard_45_100_0.001,selected,standard,PM10,low,PM10_low_45,100.0,0.001,45.0,,1.683809234081085e-05,76,0.76,10000,10000,13,9987,11,0.13,0.06923710884623087,0.22220136212669064,99.87,0.11,0.05492398846932506,0.19673494805418587,99.89,54.166666666666664,0.2593774940143655,50.01,-5123849342.19318,1018747009602.2794,-11386331871.5404,2263882243560.6206,49.94
selected_standard_45_100_0.001,selected,standard,PM10,low,PM10_low_49,100.0,0.001,49.0,,1.8334811659994038e-05,76,0.76,10000,10000,15,9985,11,0.15,0.0839774013962634,0.24728169815871814,99.85,0.11,0.05492398846932506,0.19673494805418587,99.89,57.69230769230769,0.2992220227408737,50.019999999999996,-5987391672.117954,1014941970233.9246,-12219166677.791742,2071310143334.5398,50.57000000000001
selected_standard_45_100_0.001,selected,standard,PM10,low,PM10_low_90,100.0,0.001,90.0,,3.36761846816217e-05,76,0.76,10000,10000,8,9992,11,0.08,0.03454444769961986,0.15757071053789476,99.92,0.11,0.05492398846932506,0.19673494805418587,99.89,42.10526315789474,0.15969657650464117,49.985,-18353224543.09924,1013286847024.259,-20392471714.55471,1125874274471.399,50.57000000000001
selected_standard_45_100_0.001,selected,standard,H2CO,joint mixture,mixture,100.0,0.001,1.0,,,76,0.76,10000,10000,21,9979,11,0.21,0.13003884742172667,0.32082911452309043,99.79,0.11,0.05492398846932506,0.19673494805418587,99.89,65.625,0.41866028708133973,50.050000000000004,-0.07867979246909121,4.417109641591049,-7.867979246909121,441.7109641591049,41.97
selected_standard_45_100_0.001,selected,standard,CH3OH,joint mixture,mixture,100.0,0.001,1.0,,,76,0.76,10000,10000,27,9973,13,0.27,0.17800478546433818,0.3925944975436125,99.73,0.13,0.06923710884623087,0.22220136212669064,99.87,67.5,0.5378486055776892,50.07,0.08385556098171337,7.413429390461101,8.385556098171337,741.34293904611,44.04
selected_standard_45_100_0.001,selected,standard,CH3CN,joint mixture,mixture,100.0,0.001,1.0,,,76,0.76,10000,10000,442,9558,14,4.42,4.025478359391709,4.841333818629852,95.58,0.14,0.07655977314058231,0.23478475639479365,99.86,96.9298245614035,8.454475899005356,52.14,-0.007517399255980707,0.7467700953833837,-0.7517399255980707,74.67700953833837,8.959999999999999
selected_standard_45_100_0.001,selected,standard,CH3Cl,joint mixture,mixture,100.0,0.001,1.0,,,76,0.76,10000,10000,34,9966,11,0.34,0.2355713194788793,0.47479482725737,99.66,0.11,0.05492398846932506,0.19673494805418587,99.89,75.55555555555556,0.6769537083125934,50.114999999999995,0.042580479802150545,3.2544133488215574,4.258047980215054,325.44133488215573,37.41
selected_standard_45_100_0.001,selected,standard,HCOOH,joint mixture,mixture,100.0,0.001,1.0,,,76,0.76,10000,10000,20,9980,13,0.2,0.12220666208422194,0.30871559889160716,99.8,0.13,0.06923710884623087,0.22220136212669064,99.87,60.60606060606061,0.3986843416724808,50.035,0.1863875753072078,10.601592350019173,18.638757530720778,1060.1592350019173,45.2
selected_standard_45_100_0.001,selected,standard,PM2.5,joint mixture,mixture,100.0,0.001,49.0,,,76,0.76,10000,10000,13,9987,11,0.13,0.06923710884623087,0.22220136212669064,99.87,0.11,0.05492398846932506,0.19673494805418587,99.89,54.166666666666664,0.2593774940143655,50.01,18404823242.444542,1053146562343.1808,37560863760.0909,2149278698659.5527,49.58
selected_standard_45_100_0.001,selected,standard,PMcoarse,joint mixture,mixture,100.0,0.001,41.0,,,76,0.76,10000,10000,13,9987,5,0.13,0.06923710884623087,0.22220136212669064,99.87,0.05,0.01623679341989252,0.11664442090716007,99.95,72.22222222222223,0.2595328408864045,50.040000000000006,-642159003.1402872,36893129770.94078,-1566241471.0738711,89983243343.758,50.51
selected_standard_45_100_0.001,selected,standard,PM10,joint mixture,mixture,100.0,0.001,90.0,,,76,0.76,10000,10000,13,9987,11,0.13,0.06923710884623087,0.22220136212669064,99.87,0.11,0.05492398846932506,0.19673494805418587,99.89,54.166666666666664,0.2593774940143655,50.01,17762664239.30422,1016254521426.1204,19736293599.22691,1129171690473.467,49.58
selected_igra_01_45_20_0.0001,selected,igra_01,H2CO,low,H2CO_low_1,20.0,0.0001,1.0,0.0007100397348087152,0.00035270092443079597,76,0.76,10000,10000,537,9463,10,5.37,4.9362263792815835,5.829989956267954,94.63,0.1,0.047963972376422845,0.18382641342491352,99.9,98.17184643510055,10.182990423817198,52.635,-0.002992653043738162,0.7062533958919308,-0.2992653043738162,70.62533958919308,8.04
selected_igra_01_45_20_0.0001,selected,igra_01,H2CO,low,H2CO_low_5,20.0,0.0001,5.0,0.003550198674043576,0.0017635046221539797,76,0.76,10000,10000,10000,0,10,100.0,99.9631180085378,100.0,0.0,0.1,0.047963972376422845,0.18382641342491352,99.9,99.9000999000999,99.95002498750625,99.95,0.004947728556766876,0.7115032084676882,0.09895457113533752,14.230064169353764,0.0
selected_igra_01_45_20_0.0001,selected,igra_01,H2CO,low,H2CO_low_10,20.0,0.0001,10.0,0.007100397348087152,0.0035270092443079595,76,0.76,10000,10000,10000,0,10,100.0,99.9631180085378,100.0,0.0,0.1,0.047963972376422845,0.18382641342491352,99.9,99.9000999000999,99.95002498750625,99.95,0.008269835519681351,0.7135245154735675,0.08269835519681351,7.135245154735675,0.0
selected_igra_01_45_20_0.0001,selected,igra_01,H2CO,response95,H2CO_response95_3.30640264497,20.0,0.0001,3.306402644965562,0.002347677257202182,0.0011661712694197826,76,0.76,10000,10000,9489,511,10,94.89,94.44016081736241,95.31346098784712,5.11,0.1,0.047963972376422845,0.18382641342491352,99.9,99.89472576060638,97.32806810605672,97.395,-0.006495198416993324,0.7091062595536083,-0.19644305653103464,21.446458150924748,0.0
selected_igra_01_45_20_0.0001,selected,igra_01,CH3OH,low,CH3OH_low_1,20.0,0.0001,1.0,0.0006653658659686187,0.0001648977987169175,76,0.76,10000,10000,260,9740,11,2.6,2.296966692959862,2.931045626347766,97.4,0.11,0.05492398846932506,0.19673494805418587,99.89,95.9409594095941,5.062798169603739,51.245,0.006562966721782729,0.9532996270360211,0.6562966721782729,95.3299627036021,14.760000000000002
selected_igra_01_45_20_0.0001,selected,igra_01,CH3OH,low,CH3OH_low_5,20.0,0.0001,5.0,0.0033268293298430933,0.0008244889935845875,76,0.76,10000,10000,9872,128,11,98.72,98.47992103998543,98.93104313908955,1.28,0.11,0.05492398846932506,0.19673494805418587,99.89,99.88869776383689,99.3009103254036,99.30499999999999,0.0046311004831239,0.952024138158797,0.092622009662478,19.04048276317594,0.0
selected_igra_01_45_20_0.0001,selected,igra_01,CH3OH,low,CH3OH_low_10,20.0,0.0001,10.0,0.0066536586596861865,0.001648977987169175,76,0.76,10000,10000,10000,0,11,100.0,99.9631180085378,100.0,0.0,0.11,0.05492398846932506,0.19673494805418587,99.89,99.89012086704625,99.94503023337164,99.945,-0.0006103774269720745,0.95404589428763,-0.006103774269720745,9.5404589428763,0.0
selected_igra_01_45_20_0.0001,selected,igra_01,CH3OH,response95,CH3OH_response95_4.4690173518,20.0,0.0001,4.469017351802276,0.0029735316003107045,0.0007369311237399034,76,0.76,10000,10000,9475,525,11,94.75,94.2946579316726,95.1790511272356,5.25,0.11,0.05492398846932506,0.19673494805418587,99.89,99.88403963736032,97.24930719490916,97.32000000000001,-0.010710619578855303,0.955255678824206,-0.23966386200169704,21.37507204886927,0.0
selected_igra_01_45_20_0.0001,selected,igra_01,CH3CN,low,CH3CN_low_1,20.0,0.0001,1.0,0.0005193202220877031,0.0019770633886461372,76,0.76,10000,10000,10000,0,14,100.0,99.9631180085378,100.0,0.0,0.14,0.07655977314058231,0.23478475639479365,99.86,99.86019572598363,99.930048965724,99.93,-0.0008985944360795965,0.1064967335223106,-0.08985944360795965,10.649673352231058,0.0
selected_igra_01_45_20_0.0001,selected,igra_01,CH3CN,low,CH3CN_low_5,20.0,0.0001,5.0,0.0025966011104385156,0.009885316943230686,76,0.76,10000,10000,10000,0,14,100.0,99.9631180085378,100.0,0.0,0.14,0.07655977314058231,0.23478475639479365,99.86,99.86019572598363,99.930048965724,99.93,-0.0005588250288429094,0.10748794533651226,-0.011176500576858189,2.1497589067302454,0.0
selected_igra_01_45_20_0.0001,selected,igra_01,CH3CN,low,CH3CN_low_10,20.0,0.0001,10.0,0.005193202220877031,0.019770633886461372,76,0.76,10000,10000,10000,0,14,100.0,99.9631180085378,100.0,0.0,0.14,0.07655977314058231,0.23478475639479365,99.86,99.86019572598363,99.930048965724,99.93,0.00024999299895746264,0.10743219849521515,0.0024999299895746264,1.0743219849521517,0.0
selected_igra_01_45_20_0.0001,selected,igra_01,CH3CN,response95,CH3CN_response95_0.499912512011,20.0,0.0001,0.4999125120106095,0.00025961467676177127,0.0009883587250222984,76,0.76,10000,10000,9501,499,14,95.01,94.56494887447035,95.42859794702888,4.99,0.14,0.07655977314058231,0.23478475639479365,99.86,99.85286389910668,97.37125288239815,97.435,-0.0011270750872130143,0.1071382121783255,-0.2254544665585595,21.431392414529473,0.0
selected_igra_01_45_20_0.0001,selected,igra_01,CH3Cl,low,CH3Cl_low_1,20.0,0.0001,1.0,0.00042229678275460984,0.00047998359683067783,76,0.76,10000,10000,2566,7434,13,25.66,24.806158499933336,26.5280378191895,74.34,0.13,0.06923710884623087,0.22220136212669064,99.87,99.49592865451726,40.79815565625248,62.765,-1.2271273595622034e-05,0.42241345284306764,-0.0012271273595622033,42.24134528430676,0.88
selected_igra_01_45_20_0.0001,selected,igra_01,CH3Cl,low,CH3Cl_low_5,20.0,0.0001,5.0,0.0021114839137730494,0.002399917984153389,76,0.76,10000,10000,10000,0,13,100.0,99.9631180085378,100.0,0.0,0.13,0.06923710884623087,0.22220136212669064,99.87,99.87016878058525,99.93504222255534,99.935,-0.002532347476058723,0.4179065630717839,-0.05064694952117447,8.358131261435679,0.0
selected_igra_01_45_20_0.0001,selected,igra_01,CH3Cl,low,CH3Cl_low_10,20.0,0.0001,10.0,0.004222967827546099,0.004799835968306778,76,0.76,10000,10000,10000,0,13,100.0,99.9631180085378,100.0,0.0,0.13,0.06923710884623087,0.22220136212669064,99.87,99.87016878058525,99.93504222255534,99.935,-0.002056893603078967,0.4240521928972149,-0.020568936030789672,4.240521928972149,0.0
selected_igra_01_45_20_0.0001,selected,igra_01,CH3Cl,response95,CH3Cl_response95_1.97141776111,20.0,0.0001,1.9714177611067496,0.0008325233779806763,0.0009462481878318997,76,0.76,10000,10000,9483,517,13,94.83,94.37779164994309,95.25586757879165,5.17,0.13,0.06923710884623087,0.22220136212669064,99.87,99.863100252738,97.28149363972096,97.35000000000001,0.002711327659477633,0.4232966218375708,0.1375318673174325,21.47168551428354,0.0
selected_igra_01_45_20_0.0001,selected,igra_01,HCOOH,low,HCOOH_low_1,20.0,0.0001,1.0,0.00046321896963316634,0.00022285140888492192,76,0.76,10000,10000,58,9942,11,0.58,0.4407042199779724,0.7491474603117053,99.42,0.11,0.05492398846932506,0.19673494805418587,99.89,84.05797101449275,1.1520508491409276,50.235,-0.03260026162449154,1.6564192504572763,-3.260026162449154,165.64192504572765,27.800000000000004
selected_igra_01_45_20_0.0001,selected,igra_01,HCOOH,low,HCOOH_low_5,20.0,0.0001,5.0,0.0023160948481658317,0.0011142570444246096,76,0.76,10000,10000,4981,5019,11,49.81,48.825200487946844,50.79491022250133,50.19,0.11,0.05492398846932506,0.19673494805418587,99.89,99.77964743589743,66.44877267876201,74.85,0.016957333721829674,1.6570644926371305,0.3391466744365935,33.14128985274261,0.12
selected_igra_01_45_20_0.0001,selected,igra_01,HCOOH,low,HCOOH_low_10,20.0,0.0001,10.0,0.0046321896963316634,0.0022285140888492192,76,0.76,10000,10000,9989,11,11,99.89,99.8032650519458,99.94507601153067,0.11,0.11,0.05492398846932506,0.19673494805418587,99.89,99.89,99.89,99.89,0.02244588512680318,1.6621440607756623,0.2244588512680318,16.62144060775662,0.0
selected_igra_01_45_20_0.0001,selected,igra_01,HCOOH,response95,HCOOH_response95_7.73199985541,20.0,0.0001,7.731999855411127,0.0035816090062273332,0.0017230870612763823,76,0.76,10000,10000,9526,474,11,95.26,94.82514580212421,95.66824417534446,4.74,0.11,0.05492398846932506,0.19673494805418587,99.89,99.88465974625144,97.51753083892102,97.575,0.010775949437054757,1.6489308736001522,0.13936820536168745,21.326059291713154,0.0
selected_igra_01_45_20_0.0001,selected,igra_01,PM2.5,low,PM2.5_low_15,20.0,0.0001,15.0,,6.129293130520548e-06,76,0.76,10000,10000,12,9988,8,0.12,0.06202063768478915,0.20952192793710278,99.88,0.08,0.03454444769961986,0.15757071053789476,99.92,60.0,0.23952095808383234,50.019999999999996,-109287898.04541387,160255296073.90662,-728585986.9694258,1068368640492.7108,49.89
selected_igra_01_45_20_0.0001,selected,igra_01,PM2.5,low,PM2.5_low_45,20.0,0.0001,45.0,,1.8387879391561644e-05,76,0.76,10000,10000,19,9981,8,0.19,0.11442996352914732,0.29655021482667676,99.81,0.08,0.03454444769961986,0.15757071053789476,99.92,70.37037037037037,0.3789767627406004,50.05499999999999,1009144038.1904955,161858014305.5481,2242542307.0899897,359684476234.55133,49.9
selected_igra_01_45_20_0.0001,selected,igra_01,PM2.5,low,PM2.5_low_49,20.0,0.0001,49.0,,2.0022357559700458e-05,76,0.76,10000,10000,16,9984,8,0.16,0.09148061231958557,0.2597002766009401,99.84,0.08,0.03454444769961986,0.15757071053789476,99.92,66.66666666666667,0.3192338387869114,50.03999999999999,1513203338.5446773,160860459811.80237,3088170078.6626062,328286652677.1477,49.43
selected_igra_01_45_20_0.0001,selected,igra_01,PM2.5,low,PM2.5_low_90,20.0,0.0001,90.0,,3.677575878312329e-05,76,0.76,10000,10000,16,9984,8,0.16,0.09148061231958557,0.2597002766009401,99.84,0.08,0.03454444769961986,0.15757071053789476,99.92,66.66666666666667,0.3192338387869114,50.03999999999999,-814842683.362736,162449906770.53653,-905380759.291929,180499896411.70724,50.339999999999996
selected_igra_01_45_20_0.0001,selected,igra_01,PMcoarse,low,PMcoarse_low_15,20.0,0.0001,15.0,,4.995389169455005e-06,76,0.76,10000,10000,12,9988,14,0.12,0.06202063768478915,0.20952192793710278,99.88,0.14,0.07655977314058231,0.23478475639479365,99.86,46.15384615384615,0.23937761819269898,49.99,-13323461.541042238,5601161716.456911,-88823076.94028158,37341078109.712746,50.21
selected_igra_01_45_20_0.0001,selected,igra_01,PMcoarse,low,PMcoarse_low_45,20.0,0.0001,45.0,,1.4986167508365018e-05,76,0.76,10000,10000,11,9989,14,0.11,0.05492398846932506,0.19673494805418587,99.89,0.14,0.07655977314058231,0.23478475639479365,99.86,44.0,0.2194513715710723,49.985,-70861595.71265617,5640247448.334331,-157470212.6947915,12533883218.520735,50.56
selected_igra_01_45_20_0.0001,selected,igra_01,PMcoarse,low,PMcoarse_low_49,20.0,0.0001,49.0,,1.6318271286886353e-05,76,0.76,10000,10000,13,9987,14,0.13,0.06923710884623087,0.22220136212669064,99.87,0.14,0.07655977314058231,0.23478475639479365,99.86,48.148148148148145,0.25929989029620026,49.995,721954.9719709214,5637989574.16155,1473377.493818207,11506101171.758263,49.980000000000004
selected_igra_01_45_20_0.0001,selected,igra_01,PMcoarse,low,PMcoarse_low_90,20.0,0.0001,90.0,,2.9972335016730036e-05,76,0.76,10000,10000,15,9985,14,0.15,0.0839774013962634,0.24728169815871814,99.85,0.14,0.07655977314058231,0.23478475639479365,99.86,51.724137931034484,0.2991325157044571,50.005,8845851.24111885,5587710854.840597,9828723.601243168,6208567616.4895525,50.07
selected_igra_01_45_20_0.0001,selected,igra_01,PM10,low,PM10_low_15,20.0,0.0001,15.0,,5.612736881590689e-06,76,0.76,10000,10000,13,9987,8,0.13,0.06923710884623087,0.22220136212669064,99.87,0.08,0.03454444769961986,0.15757071053789476,99.92,61.904761904761905,0.2594551441971859,50.025,-1714973584.9848094,154373195598.9532,-11433157233.232061,1029154637326.3546,50.2
selected_igra_01_45_20_0.0001,selected,igra_01,PM10,low,PM10_low_45,20.0,0.0001,45.0,,1.683821064477207e-05,76,0.76,10000,10000,14,9986,8,0.14,0.07655977314058231,0.23478475639479365,99.86,0.08,0.03454444769961986,0.15757071053789476,99.92,63.63636363636363,0.27938535222510474,50.029999999999994,-3240846938.8023095,157743480224.94324,-7201882086.227355,350541067166.5405,51.29
selected_igra_01_45_20_0.0001,selected,igra_01,PM10,low,PM10_low_49,20.0,0.0001,49.0,,1.833494047986292e-05,76,0.76,10000,10000,15,9985,8,0.15,0.0839774013962634,0.24728169815871814,99.85,0.08,0.03454444769961986,0.15757071053789476,99.92,65.21739130434783,0.29931158335827596,50.035,-1519102578.8588867,155723300995.47147,-3100209344.609973,317802655092.7989,50.28
selected_igra_01_45_20_0.0001,selected,igra_01,PM10,low,PM10_low_90,20.0,0.0001,90.0,,3.367642128954414e-05,76,0.76,10000,10000,12,9988,8,0.12,0.06202063768478915,0.20952192793710278,99.88,0.08,0.03454444769961986,0.15757071053789476,99.92,60.0,0.23952095808383234,50.019999999999996,-169943155.62744072,156160009000.77005,-188825728.47493413,173511121111.96674,50.129999999999995
selected_igra_01_45_20_0.0001,selected,igra_01,H2CO,joint mixture,mixture,20.0,0.0001,1.0,,,76,0.76,10000,10000,509,9491,10,5.09,4.667344868082045,5.539045811209756,94.91,0.1,0.047963972376422845,0.18382641342491352,99.9,98.07321772639692,9.677726019583611,52.495000000000005,-0.006469455082598611,0.7122847575877514,-0.6469455082598611,71.22847575877515,8.3
selected_igra_01_45_20_0.0001,selected,igra_01,CH3OH,joint mixture,mixture,20.0,0.0001,1.0,,,76,0.76,10000,10000,257,9743,11,2.57,2.268732610019633,2.899300682898814,97.43,0.11,0.05492398846932506,0.19673494805418587,99.89,95.8955223880597,5.005843396961434,51.23,0.01589042312686792,0.9594212840150843,1.589042312686792,95.94212840150843,14.790000000000001
selected_igra_01_45_20_0.0001,selected,igra_01,CH3CN,joint mixture,mixture,20.0,0.0001,1.0,,,76,0.76,10000,10000,10000,0,14,100.0,99.9631180085378,100.0,0.0,0.14,0.07655977314058231,0.23478475639479365,99.86,99.86019572598363,99.930048965724,99.93,0.001228767076817583,0.10815595093330985,0.1228767076817583,10.815595093330984,0.0
selected_igra_01_45_20_0.0001,selected,igra_01,CH3Cl,joint mixture,mixture,20.0,0.0001,1.0,,,76,0.76,10000,10000,2544,7456,13,25.44,24.588639418514635,26.305685525716545,74.56,0.13,0.06923710884623087,0.22220136212669064,99.87,99.49159170903403,40.519232300708765,62.65500000000001,-0.001307847883908606,0.4196991258726352,-0.1307847883908606,41.96991258726352,0.8699999999999999
selected_igra_01_45_20_0.0001,selected,igra_01,HCOOH,joint mixture,mixture,20.0,0.0001,1.0,,,76,0.76,10000,10000,79,9921,11,0.79,0.6259349921540394,0.9836166281321337,99.21,0.11,0.05492398846932506,0.19673494805418587,99.89,87.77777777777777,1.5659068384539148,50.339999999999996,-0.01843962743385535,1.6452931003584286,-1.843962743385535,164.52931003584285,27.32
selected_igra_01_45_20_0.0001,selected,igra_01,PM2.5,joint mixture,mixture,20.0,0.0001,49.0,,,76,0.76,10000,10000,11,9989,8,0.11,0.05492398846932506,0.19673494805418587,99.89,0.08,0.03454444769961986,0.15757071053789476,99.92,57.89473684210526,0.21958279269388162,50.015,1358803623.5906289,161891430630.88156,2773068619.572712,330390674756.9011,49.65
selected_igra_01_45_20_0.0001,selected,igra_01,PMcoarse,joint mixture,mixture,20.0,0.0001,41.0,,,76,0.76,10000,10000,18,9982,14,0.18,0.10671320583728887,0.28432898414842517,99.82,0.14,0.07655977314058231,0.23478475639479365,99.86,56.25,0.3588516746411483,50.019999999999996,-47454104.457669355,5665786766.973612,-115741718.18943745,13818992114.569786,50.41
selected_igra_01_45_20_0.0001,selected,igra_01,PM10,joint mixture,mixture,20.0,0.0001,90.0,,,76,0.76,10000,10000,11,9989,8,0.11,0.05492398846932506,0.19673494805418587,99.89,0.08,0.03454444769961986,0.15757071053789476,99.92,57.89473684210526,0.21958279269388162,50.015,1311349519.1329405,156225783709.75348,1457055021.258823,173584204121.9483,49.65
uniform_standard_45_20_0.0001,uniform,standard,H2CO,low,H2CO_low_1,20.0,0.0001,1.0,0.0007874785198237704,0.00037034885314185485,67,0.67,10000,10000,28,9972,11,0.28,0.18613613584098537,0.40442562488373923,99.72,0.11,0.05492398846932506,0.19673494805418587,99.89,71.7948717948718,0.5578244845104094,50.085,-0.017799708657412514,4.363839054081617,-1.7799708657412514,436.3839054081617,41.15
uniform_standard_45_20_0.0001,uniform,standard,H2CO,low,H2CO_low_5,20.0,0.0001,5.0,0.003937392599118852,0.0018517442657092742,67,0.67,10000,10000,308,9692,11,3.08,2.7500887031765413,3.4375951783375767,96.92,0.11,0.05492398846932506,0.19673494805418587,99.89,96.55172413793103,5.969570694834771,51.485,0.004827600933448005,4.368880765838571,0.0965520186689601,87.37761531677143,12.65
uniform_standard_45_20_0.0001,uniform,standard,H2CO,low,H2CO_low_10,20.0,0.0001,10.0,0.007874785198237704,0.0037034885314185485,67,0.67,10000,10000,2308,7692,11,23.08,22.257111820937283,23.918593672876373,76.92,0.11,0.05492398846932506,0.19673494805418587,99.89,99.52565761103924,37.47057391021998,61.485,-0.0617038126444056,4.379834275492803,-0.617038126444056,43.79834275492802,1.1400000000000001
uniform_standard_45_20_0.0001,uniform,standard,H2CO,response95,H2CO_response95_20.3263397188,20.0,0.0001,20.326339718764913,0.016006555915168107,0.007527836603416318,67,0.67,10000,10000,9500,500,11,95.0,94.55454729716412,95.41900578012293,5.0,0.11,0.05492398846932506,0.19673494805418587,99.89,99.8843444432762,97.38096458408077,97.44500000000001,0.0511098678361117,4.3345978419161755,0.2514464903335645,21.325029011074495,0.0
uniform_standard_45_20_0.0001,uniform,standard,CH3OH,low,CH3OH_low_1,20.0,0.0001,1.0,0.0007379324023540518,0.0001513322303550929,67,0.67,10000,10000,30,9970,17,0.3,0.20249748158945752,0.4279939087202372,99.7,0.17,0.09906147330432367,0.2720473913885041,99.83,63.829787234042556,0.5971931919976112,50.06499999999999,-0.006419775203301251,3.9132053453516797,-0.6419775203301251,391.32053453516795,39.989999999999995
uniform_standard_45_20_0.0001,uniform,standard,CH3OH,low,CH3OH_low_5,20.0,0.0001,5.0,0.003689662011770259,0.0007566611517754644,67,0.67,10000,10000,376,9624,17,3.76,3.395683647481054,4.151551715073676,96.24,0.17,0.09906147330432367,0.2720473913885041,99.83,95.67430025445293,7.2356393726546715,51.795,0.011314202763399802,3.9017850479093084,0.22628405526799605,78.03570095818617,10.02
uniform_standard_45_20_0.0001,uniform,standard,CH3OH,low,CH3OH_low_10,20.0,0.0001,10.0,0.007379324023540518,0.0015133223035509289,67,0.67,10000,10000,3147,6853,17,31.47,30.5603035668027,32.39049914999876,68.53,0.17,0.09906147330432367,0.2720473913885041,99.83,99.46270543615677,47.81221513217867,65.64999999999999,0.012819987073780873,3.9173546284054246,0.12819987073780875,39.17354628405425,0.59
uniform_standard_45_20_0.0001,uniform,standard,CH3OH,response95,CH3OH_response95_18.4460044499,20.0,0.0001,18.44600444990239,0.013611904377550001,0.002791474994543697,67,0.67,10000,10000,9527,473,17,95.27,94.83556014685063,95.67782353801937,4.73,0.17,0.09906147330432367,0.2720473913885041,99.83,99.82187761944677,97.49283667621776,97.55,0.025728364553306106,3.913980391588945,0.13947933615207522,21.218580978980825,0.0
uniform_standard_45_20_0.0001,uniform,standard,CH3CN,low,CH3CN_low_1,20.0,0.0001,1.0,0.0005759586397152104,0.0015355133647484147,67,0.67,10000,10000,5740,4260,10,57.4,56.42377143159338,58.37191636659698,42.6,0.1,0.047963972376422845,0.18382641342491352,99.9,99.82608695652173,72.88888888888889,78.64999999999999,3.6224263873163667e-05,0.31339334802653157,0.0036224263873163667,31.339334802653156,0.04
uniform_standard_45_20_0.0001,uniform,standard,CH3CN,low,CH3CN_low_5,20.0,0.0001,5.0,0.0028797931985760517,0.007677566823742073,67,0.67,10000,10000,10000,0,10,100.0,99.9631180085378,100.0,0.0,0.1,0.047963972376422845,0.18382641342491352,99.9,99.9000999000999,99.95002498750625,99.95,0.0012051223761116775,0.30969619852027064,0.02410244752223355,6.193923970405413,0.0
uniform_standard_45_20_0.0001,uniform,standard,CH3CN,low,CH3CN_low_10,20.0,0.0001,10.0,0.0057595863971521034,0.015355133647484146,67,0.67,10000,10000,10000,0,10,100.0,99.9631180085378,100.0,0.0,0.1,0.047963972376422845,0.18382641342491352,99.9,99.9000999000999,99.95002498750625,99.95,0.004130786601938657,0.3116534344509488,0.04130786601938657,3.116534344509488,0.0
uniform_standard_45_20_0.0001,uniform,standard,CH3CN,response95,CH3CN_response95_1.45407128924,20.0,0.0001,1.4540712892442538,0.0008374849218020626,0.0022327458979315095,67,0.67,10000,10000,9529,471,10,95.29,94.85639037052653,95.69698072466133,4.71,0.1,0.047963972376422845,0.18382641342491352,99.9,99.89516720830275,97.53825681969394,97.595,0.004441252890310049,0.31228250847741207,0.3054357047802222,21.47642352801831,0.0
uniform_standard_45_20_0.0001,uniform,standard,CH3Cl,low,CH3Cl_low_1,20.0,0.0001,1.0,0.00046835357108504565,0.00037104057583685297,67,0.67,10000,10000,52,9948,12,0.52,0.3885974859302135,0.6813583823649577,99.48,0.12,0.06202063768478915,0.20952192793710278,99.88,81.25,1.0333863275039745,50.2,0.01693506681323943,2.61216813438791,1.693506681323943,261.216813438791,35.089999999999996
uniform_standard_45_20_0.0001,uniform,standard,CH3Cl,low,CH3Cl_low_5,20.0,0.0001,5.0,0.0023417678554252283,0.001855202879184265,67,0.67,10000,10000,1356,8644,12,13.56,12.894662759275551,14.246635628102153,86.44,0.12,0.06202063768478915,0.20952192793710278,99.88,99.12280701754386,23.856439127375086,56.720000000000006,-0.011606021591700872,2.6033191141215752,-0.23212043183401745,52.066382282431505,2.85
uniform_standard_45_20_0.0001,uniform,standard,CH3Cl,low,CH3Cl_low_10,20.0,0.0001,10.0,0.004683535710850457,0.00371040575836853,67,0.67,10000,10000,7997,2003,12,79.97,79.17189549665784,80.75061229464914,20.03,0.12,0.06202063768478915,0.20952192793710278,99.88,99.85016856036958,88.81114998056528,89.925,-0.004965894618978864,2.5517913415749476,-0.04965894618978864,25.517913415749476,0.0
uniform_standard_45_20_0.0001,uniform,standard,CH3Cl,response95,CH3Cl_response95_12.1135461341,20.0,0.0001,12.113546134117495,0.005673422590417378,0.00449461713302924,67,0.67,10000,10000,9489,511,12,94.89,94.44016081736241,95.31346098784712,5.11,0.12,0.06202063768478915,0.20952192793710278,99.88,99.87369750552574,97.31808625198708,97.385,0.026365038218158703,2.617628287300637,0.21764921622663608,21.609099914418564,0.0
uniform_standard_45_20_0.0001,uniform,standard,HCOOH,low,HCOOH_low_1,20.0,0.0001,1.0,0.0005137388383754162,0.0002037177999108972,67,0.67,10000,10000,8,9992,20,0.08,0.03454444769961986,0.15757071053789476,99.92,0.2,0.12220666208422194,0.30871559889160716,99.8,28.571428571428573,0.15955325089748704,49.94,-0.4674340042010173,43.061683937516875,-46.74340042010173,4306.168393751687,49.54
uniform_standard_45_20_0.0001,uniform,standard,HCOOH,low,HCOOH_low_5,20.0,0.0001,5.0,0.002568694191877081,0.001018588999554486,67,0.67,10000,10000,22,9978,20,0.22,0.13792259112543423,0.3328942879997325,99.78,0.2,0.12220666208422194,0.30871559889160716,99.8,52.38095238095238,0.43815972913762197,50.01,-0.42726800711141516,43.01231045785383,-8.545360142228303,860.2462091570766,45.86
uniform_standard_45_20_0.0001,uniform,standard,HCOOH,low,HCOOH_low_10,20.0,0.0001,10.0,0.005137388383754162,0.002037177999108972,67,0.67,10000,10000,31,9969,20,0.31,0.21072418393729533,0.4397341107567507,99.69,0.2,0.12220666208422194,0.30871559889160716,99.8,60.78431372549019,0.6168540443736942,50.05500000000001,-0.9054891076091398,43.00040414585255,-9.054891076091398,430.00404145852553,41.980000000000004
uniform_standard_45_20_0.0001,uniform,standard,HCOOH,response95,HCOOH_response95_200.87866891,20.0,0.0001,200.8786689103344,0.10319917402039502,0.040922560479442864,67,0.67,10000,10000,9492,508,20,94.92,94.471351564415,95.34225151220951,5.08,0.2,0.12220666208422194,0.30871559889160716,99.8,99.78973927670312,97.2939729397294,97.36,-0.3652009088083663,42.99544387135244,-0.18180173673461564,21.403688158917557,0.0
uniform_standard_45_20_0.0001,uniform,standard,PM2.5,low,PM2.5_low_15,20.0,0.0001,15.0,,6.0779594806098905e-06,67,0.67,10000,10000,19,9981,18,0.19,0.11442996352914732,0.29655021482667676,99.81,0.18,0.10671320583728887,0.28432898414842517,99.82,51.351351351351354,0.3785991830228156,50.005,5009131711.453193,838301422465.4066,33394211409.68795,5588676149769.377,50.05
uniform_standard_45_20_0.0001,uniform,standard,PM2.5,low,PM2.5_low_45,20.0,0.0001,45.0,,1.823387844182967e-05,67,0.67,10000,10000,10,9990,18,0.1,0.047963972376422845,0.18382641342491352,99.9,0.18,0.10671320583728887,0.28432898414842517,99.82,35.714285714285715,0.1994415636218588,49.96,-5130542862.967728,833884615938.4543,-11401206362.150505,1853076924307.6763,50.14999999999999
uniform_standard_45_20_0.0001,uniform,standard,PM2.5,low,PM2.5_low_49,20.0,0.0001,49.0,,1.9854667636658977e-05,67,0.67,10000,10000,13,9987,18,0.13,0.06923710884623087,0.22220136212669064,99.87,0.18,0.10671320583728887,0.28432898414842517,99.82,41.935483870967744,0.25919649087827734,49.974999999999994,-6508539962.222447,853278137417.7026,-13282734616.780504,1741383953913.679,50.019999999999996
uniform_standard_45_20_0.0001,uniform,standard,PM2.5,low,PM2.5_low_90,20.0,0.0001,90.0,,3.646775688365934e-05,67,0.67,10000,10000,16,9984,18,0.16,0.09148061231958557,0.2597002766009401,99.84,0.18,0.10671320583728887,0.28432898414842517,99.82,47.05882352941177,0.31891568666533787,49.99,2026366565.611464,833406049504.4316,2251518406.23496,926006721671.5906,49.74
uniform_standard_45_20_0.0001,uniform,standard,PMcoarse,low,PMcoarse_low_15,20.0,0.0001,15.0,,4.9535253449027725e-06,67,0.67,10000,10000,5,9995,13,0.05,0.01623679341989252,0.11664442090716007,99.95,0.13,0.06923710884623087,0.22220136212669064,99.87,27.77777777777778,0.09982032341784787,49.96,-313439484.105751,28753983479.9747,-2089596560.7050064,191693223199.83136,50.370000000000005
uniform_standard_45_20_0.0001,uniform,standard,PMcoarse,low,PMcoarse_low_45,20.0,0.0001,45.0,,1.4860576034708317e-05,67,0.67,10000,10000,9,9991,13,0.09,0.04116172723949775,0.1707789751809993,99.91,0.13,0.06923710884623087,0.22220136212669064,99.87,40.90909090909091,0.17960486928756736,49.980000000000004,6719568.055006006,28864771960.14167,14932373.455568902,64143937689.20371,49.78
uniform_standard_45_20_0.0001,uniform,standard,PMcoarse,low,PMcoarse_low_49,20.0,0.0001,49.0,,1.618151612668239e-05,67,0.67,10000,10000,11,9989,13,0.11,0.05492398846932506,0.19673494805418587,99.89,0.13,0.06923710884623087,0.22220136212669064,99.87,45.833333333333336,0.2194732641660016,49.99,-632853544.884833,29019147339.472633,-1291537846.7037408,59222749672.39313,51.25999999999999
uniform_standard_45_20_0.0001,uniform,standard,PMcoarse,low,PMcoarse_low_90,20.0,0.0001,90.0,,2.9721152069416635e-05,67,0.67,10000,10000,13,9987,13,0.13,0.06923710884623087,0.22220136212669064,99.87,0.13,0.06923710884623087,0.22220136212669064,99.87,50.0,0.25932575304209055,50.0,-341299559.4090472,29459535399.16578,-379221732.6767191,32732817110.1842,49.85
uniform_standard_45_20_0.0001,uniform,standard,PM10,low,PM10_low_15,20.0,0.0001,15.0,,5.5657172632322035e-06,67,0.67,10000,10000,4,9996,18,0.04,0.010899694802059715,0.1023839286565521,99.96,0.18,0.10671320583728887,0.28432898414842517,99.82,18.181818181818183,0.07982438635002993,49.93,-11395229695.835484,802650409393.4076,-75968197972.23656,5351002729289.385,50.54
uniform_standard_45_20_0.0001,uniform,standard,PM10,low,PM10_low_45,20.0,0.0001,45.0,,1.669715178969661e-05,67,0.67,10000,10000,11,9989,18,0.11,0.05492398846932506,0.19673494805418587,99.89,0.18,0.10671320583728887,0.28432898414842517,99.82,37.93103448275862,0.21936384484993518,49.964999999999996,10385518630.02749,811272190510.0687,23078930288.949978,1802827090022.375,49.21
uniform_standard_45_20_0.0001,uniform,standard,PM10,low,PM10_low_49,20.0,0.0001,49.0,,1.8181343059891866e-05,67,0.67,10000,10000,15,9985,18,0.15,0.0839774013962634,0.24728169815871814,99.85,0.18,0.10671320583728887,0.28432898414842517,99.82,45.45454545454545,0.2990132562543606,49.985,9864389005.160425,795105701398.7605,20131406132.980457,1622664696732.1643,49.44
uniform_standard_45_20_0.0001,uniform,standard,PM10,low,PM10_low_90,20.0,0.0001,90.0,,3.339430357939322e-05,67,0.67,10000,10000,14,9986,18,0.14,0.07655977314058231,0.23478475639479365,99.86,0.18,0.10671320583728887,0.28432898414842517,99.82,43.75,0.27910685805422647,49.98,10346155913.038328,809664494247.1289,11495728792.264809,899627215830.1432,49.6
uniform_standard_45_20_0.0001,uniform,standard,H2CO,joint mixture,mixture,20.0,0.0001,1.0,,,67,0.67,10000,10000,27,9973,11,0.27,0.17800478546433818,0.3925944975436125,99.73,0.11,0.05492398846932506,0.19673494805418587,99.89,71.05263157894737,0.5379557680812911,50.080000000000005,-0.03317091941891154,4.397664805811244,-3.317091941891154,439.7664805811244,41.23
uniform_standard_45_20_0.0001,uniform,standard,CH3OH,joint mixture,mixture,20.0,0.0001,1.0,,,67,0.67,10000,10000,34,9966,17,0.34,0.2355713194788793,0.47479482725737,99.66,0.17,0.09906147330432367,0.2720473913885041,99.83,66.66666666666667,0.6765495970550194,50.085,0.03255196271195569,3.998814438145358,3.2551962711955693,399.8814438145358,40.57
uniform_standard_45_20_0.0001,uniform,standard,CH3CN,joint mixture,mixture,20.0,0.0001,1.0,,,67,0.67,10000,10000,5699,4301,10,56.99,56.01272267141005,57.96320407925267,43.01,0.1,0.047963972376422845,0.18382641342491352,99.9,99.824837975127,72.55713285377809,78.445,-0.00018836465568466282,0.3153603387714,-0.01883646556846628,31.536033877140003,0.12
uniform_standard_45_20_0.0001,uniform,standard,CH3Cl,joint mixture,mixture,20.0,0.0001,1.0,,,67,0.67,10000,10000,46,9954,12,0.46,0.3369687674692374,0.613104108261863,99.54,0.12,0.06202063768478915,0.20952192793710278,99.88,79.3103448275862,0.914694770332074,50.17,0.0025239483539037876,2.628647445245077,0.25239483539037877,262.8647445245077,34.97
uniform_standard_45_20_0.0001,uniform,standard,HCOOH,joint mixture,mixture,20.0,0.0001,1.0,,,67,0.67,10000,10000,23,9977,20,0.23,0.14585440792945478,0.3449142627000704,99.77,0.2,0.12220666208422194,0.30871559889160716,99.8,53.48837209302326,0.4580304689833715,50.015,0.4641817293369759,43.4568562832089,46.41817293369759,4345.68562832089,48.84
uniform_standard_45_20_0.0001,uniform,standard,PM2.5,joint mixture,mixture,20.0,0.0001,49.0,,,67,0.67,10000,10000,10,9990,18,0.1,0.047963972376422845,0.18382641342491352,99.9,0.18,0.10671320583728887,0.28432898414842517,99.82,35.714285714285715,0.1994415636218588,49.96,1835340201.8757246,843761552375.8229,3745592248.7259684,1721962351787.3936,50.01
uniform_standard_45_20_0.0001,uniform,standard,PMcoarse,joint mixture,mixture,20.0,0.0001,41.0,,,67,0.67,10000,10000,10,9990,13,0.1,0.047963972376422845,0.18382641342491352,99.9,0.13,0.06923710884623087,0.22220136212669064,99.87,43.47826086956522,0.199541055572184,49.985,-62713630.347562894,29241330448.802883,-152960074.0184461,71320318167.8119,49.9
uniform_standard_45_20_0.0001,uniform,standard,PM10,joint mixture,mixture,20.0,0.0001,90.0,,,67,0.67,10000,10000,10,9990,18,0.1,0.047963972376422845,0.18382641342491352,99.9,0.18,0.10671320583728887,0.28432898414842517,99.82,35.714285714285715,0.1994415636218588,49.96,1772626571.5282094,814520800772.2039,1969585079.4757884,905023111969.1155,50.01
uniform_igra_01_45_20_0.0001,uniform,igra_01,H2CO,low,H2CO_low_1,20.0,0.0001,1.0,0.0007100397348087152,0.00040730878445130285,60,0.6,10000,10000,57,9943,11,0.57,0.43198987810584355,0.7378784190069597,99.43,0.11,0.05492398846932506,0.19673494805418587,99.89,83.82352941176471,1.132300357568534,50.23,-0.005875590975131007,1.9592608510838518,-0.5875590975131008,195.9260851083852,30.630000000000003
uniform_igra_01_45_20_0.0001,uniform,igra_01,H2CO,low,H2CO_low_5,20.0,0.0001,5.0,0.003550198674043576,0.0020365439222565142,60,0.6,10000,10000,3022,6978,11,30.22,29.320827820463762,31.13070456441822,69.78,0.11,0.05492398846932506,0.19673494805418587,99.89,99.63732278272337,46.37458758536024,65.05499999999999,-0.025335217193712675,2.0182046574361254,-0.5067043438742534,40.36409314872251,0.73
uniform_igra_01_45_20_0.0001,uniform,igra_01,H2CO,low,H2CO_low_10,20.0,0.0001,10.0,0.007100397348087152,0.0040730878445130285,60,0.6,10000,10000,9764,236,11,97.64,97.32323519537243,97.92858286465277,2.36,0.11,0.05492398846932506,0.19673494805418587,99.89,99.88746803069054,98.75094816687736,98.765,-0.004645825516459333,2.0164236222891927,-0.04645825516459333,20.164236222891926,0.0
uniform_igra_01_45_20_0.0001,uniform,igra_01,H2CO,response95,H2CO_response95_9.27006341372,20.0,0.0001,9.270063413715791,0.006582113367934733,0.003775778260827074,60,0.6,10000,10000,9514,486,11,95.14,94.70021296458167,95.55325240841638,4.86,0.11,0.05492398846932506,0.19673494805418587,99.89,99.88451443569554,97.45454545454545,97.515,0.012294111902256044,1.9714303376884041,0.13262165913628957,21.26663270470747,0.0
uniform_igra_01_45_20_0.0001,uniform,igra_01,CH3OH,low,CH3OH_low_1,20.0,0.0001,1.0,0.0006653658659686187,0.00016696945413188143,60,0.6,10000,10000,76,9924,10,0.76,0.5992473847335035,0.9503425850715324,99.24,0.1,0.047963972376422845,0.18382641342491352,99.9,88.37209302325581,1.507039460638509,50.33,-0.03101301422193519,1.993448365853194,-3.101301422193519,199.3448365853194,31.1
uniform_igra_01_45_20_0.0001,uniform,igra_01,CH3OH,low,CH3OH_low_5,20.0,0.0001,5.0,0.0033268293298430933,0.0008348472706594071,60,0.6,10000,10000,3203,6797,10,32.03,31.11583814190143,32.954637748580566,67.97,0.1,0.047963972376422845,0.18382641342491352,99.9,99.68876439464675,48.48255505941118,65.96499999999999,0.014775999362641193,1.9776402975596048,0.29551998725282386,39.5528059511921,0.6
uniform_igra_01_45_20_0.0001,uniform,igra_01,CH3OH,low,CH3OH_low_10,20.0,0.0001,10.0,0.0066536586596861865,0.0016696945413188142,60,0.6,10000,10000,9784,216,10,97.84,97.53574560618918,98.11592741395631,2.16,0.1,0.047963972376422845,0.18382641342491352,99.9,99.89789667143148,98.85823987066787,98.87,-0.002094904211782179,1.979434232694758,-0.020949042117821788,19.79434232694758,0.0
uniform_igra_01_45_20_0.0001,uniform,igra_01,CH3OH,response95,CH3OH_response95_9.21025097119,20.0,0.0001,9.210250971186019,0.006128186613231497,0.0015378305770765604,60,0.6,10000,10000,9443,557,10,94.43,93.9623992091435,94.87150844756047,5.57,0.1,0.047963972376422845,0.18382641342491352,99.9,99.89421347720301,97.08528247571068,97.165,-0.04460179476831698,1.991101269822359,-0.484262534298493,21.618317199514507,0.0
uniform_igra_01_45_20_0.0001,uniform,igra_01,CH3CN,low,CH3CN_low_1,20.0,0.0001,1.0,0.0005193202220877031,0.0016701305467364072,60,0.6,10000,10000,9974,26,11,99.74,99.61927021309224,99.83009123189687,0.26,0.11,0.05492398846932506,0.19673494805418587,99.89,99.8898347521282,99.8148611458594,99.815,-0.002374040507901766,0.17123229920179314,-0.23740405079017657,17.123229920179313,0.0
uniform_igra_01_45_20_0.0001,uniform,igra_01,CH3CN,low,CH3CN_low_5,20.0,0.0001,5.0,0.0025966011104385156,0.008350652733682035,60,0.6,10000,10000,10000,0,11,100.0,99.9631180085378,100.0,0.0,0.11,0.05492398846932506,0.19673494805418587,99.89,99.89012086704625,99.94503023337164,99.945,-0.0024155537664781674,0.17320305440597755,-0.048311075329563344,3.4640610881195513,0.0
uniform_igra_01_45_20_0.0001,uniform,igra_01,CH3CN,low,CH3CN_low_10,20.0,0.0001,10.0,0.005193202220877031,0.01670130546736407,60,0.6,10000,10000,10000,0,11,100.0,99.9631180085378,100.0,0.0,0.11,0.05492398846932506,0.19673494805418587,99.89,99.89012086704625,99.94503023337164,99.945,-0.0017391220072600995,0.17296711331669956,-0.017391220072600994,1.7296711331669958,0.0
uniform_igra_01_45_20_0.0001,uniform,igra_01,CH3CN,response95,CH3CN_response95_0.804421639199,20.0,0.0001,0.8044216391993276,0.00041775242432114904,0.0013434891520825699,60,0.6,10000,10000,9486,514,11,94.86,94.40897419055997,95.28466633196912,5.14,0.11,0.05492398846932506,0.19673494805418587,99.89,99.88417394966832,97.3072780427758,97.375,-0.002108461435723858,0.17211172736027658,-0.26210899023334233,21.39571077819166,0.0
uniform_igra_01_45_20_0.0001,uniform,igra_01,CH3Cl,low,CH3Cl_low_1,20.0,0.0001,1.0,0.00042229678275460984,0.0004005725785851452,60,0.6,10000,10000,142,9858,13,1.42,1.1973392181548514,1.6715720786543038,98.58,0.13,0.06923710884623087,0.22220136212669064,99.87,91.61290322580645,2.7966518956179223,50.64500000000001,-0.008106152112403673,1.2046425268216994,-0.8106152112403673,120.46425268216994,20.7
uniform_igra_01_45_20_0.0001,uniform,igra_01,CH3Cl,low,CH3Cl_low_5,20.0,0.0001,5.0,0.0021114839137730494,0.002002862892925726,60,0.6,10000,10000,8662,1338,13,86.62,85.93708486181025,87.28151036909122,13.38,0.13,0.06923710884623087,0.22220136212669064,99.87,99.85014409221903,92.7657295850067,93.245,-0.01312695232655113,1.2068873382830312,-0.2625390465310226,24.137746765660623,0.0
uniform_igra_01_45_20_0.0001,uniform,igra_01,CH3Cl,low,CH3Cl_low_10,20.0,0.0001,10.0,0.004222967827546099,0.004005725785851452,60,0.6,10000,10000,10000,0,13,100.0,99.9631180085378,100.0,0.0,0.13,0.06923710884623087,0.22220136212669064,99.87,99.87016878058525,99.93504222255534,99.935,-0.0025898189889535695,1.2183294865690182,-0.025898189889535694,12.183294865690183,0.0
uniform_igra_01_45_20_0.0001,uniform,igra_01,CH3Cl,response95,CH3Cl_response95_5.64165751179,20.0,0.0001,5.64165751178667,0.002382453816630888,0.0022598932969906406,60,0.6,10000,10000,9459,541,13,94.59,94.12847450133116,95.02533399575223,5.41,0.13,0.06923710884623087,0.22220136212669064,99.87,99.86275337837837,97.15488907148726,97.22999999999999,-0.019193840962189138,1.2146405030980265,-0.3402163446130673,21.529851830962333,0.0
uniform_igra_01_45_20_0.0001,uniform,igra_01,HCOOH,low,HCOOH_low_1,20.0,0.0001,1.0,0.00046321896963316634,0.0002213756094042693,60,0.6,10000,10000,9,9991,11,0.09,0.04116172723949775,0.1707789751809993,99.91,0.11,0.05492398846932506,0.19673494805418587,99.89,45.0,0.17964071856287425,49.99,-0.12175068111423357,21.5957464621322,-12.175068111423357,2159.57464621322,48.92
uniform_igra_01_45_20_0.0001,uniform,igra_01,HCOOH,low,HCOOH_low_5,20.0,0.0001,5.0,0.0023160948481658317,0.0011068780470213464,60,0.6,10000,10000,27,9973,11,0.27,0.17800478546433818,0.3925944975436125,99.73,0.11,0.05492398846932506,0.19673494805418587,99.89,71.05263157894737,0.5379557680812911,50.080000000000005,0.008943262919632662,21.753796801212864,0.17886525839265324,435.0759360242573,40.760000000000005
uniform_igra_01_45_20_0.0001,uniform,igra_01,HCOOH,low,HCOOH_low_10,20.0,0.0001,10.0,0.0046321896963316634,0.002213756094042693,60,0.6,10000,10000,57,9943,11,0.57,0.43198987810584355,0.7378784190069597,99.43,0.11,0.05492398846932506,0.19673494805418587,99.89,83.82352941176471,1.132300357568534,50.23,-0.1418870645611667,21.595973829227336,-1.4188706456116669,215.95973829227336,32.72
uniform_igra_01_45_20_0.0001,uniform,igra_01,HCOOH,response95,HCOOH_response95_100.462942359,20.0,0.0001,100.46294235900214,0.04653634064585315,0.022240045087270077,60,0.6,10000,10000,9484,516,11,94.84,94.38818537820829,95.2654676163369,5.16,0.11,0.05492398846932506,0.19673494805418587,99.89,99.884149552396,97.29674275455245,97.365,-0.09488284808511141,21.66320075576723,-0.09444561930711685,21.563374759972938,0.0
uniform_igra_01_45_20_0.0001,uniform,igra_01,PM2.5,low,PM2.5_low_15,20.0,0.0001,15.0,,6.078002184181538e-06,60,0.6,10000,10000,10,9990,17,0.1,0.047963972376422845,0.18382641342491352,99.9,0.17,0.09906147330432367,0.2720473913885041,99.83,37.03703703703704,0.1994614540740002,49.964999999999996,-1084609944.2270103,456786534306.32605,-7230732961.513401,3045243562042.1733,49.84
uniform_igra_01_45_20_0.0001,uniform,igra_01,PM2.5,low,PM2.5_low_45,20.0,0.0001,45.0,,1.8234006552544615e-05,60,0.6,10000,10000,15,9985,17,0.15,0.0839774013962634,0.24728169815871814,99.85,0.17,0.09906147330432367,0.2720473913885041,99.83,46.875,0.29904306220095694,49.989999999999995,-2253535513.331189,456484378967.2608,-5007856696.291532,1014409731038.3573,49.89
uniform_igra_01_45_20_0.0001,uniform,igra_01,PM2.5,low,PM2.5_low_49,20.0,0.0001,49.0,,1.9854807134993024e-05,60,0.6,10000,10000,13,9987,17,0.13,0.06923710884623087,0.22220136212669064,99.87,0.17,0.09906147330432367,0.2720473913885041,99.83,43.333333333333336,0.259222333000997,49.98,-4694750937.32509,462019030416.6533,-9581124361.88794,942895980442.1495,50.31
uniform_igra_01_45_20_0.0001,uniform,igra_01,PM2.5,low,PM2.5_low_90,20.0,0.0001,90.0,,3.646801310508923e-05,60,0.6,10000,10000,8,9992,17,0.08,0.03454444769961986,0.15757071053789476,99.92,0.17,0.09906147330432367,0.2720473913885041,99.83,32.0,0.1596009975062344,49.955,-3694519132.7144704,458165775613.27234,-4105021258.5716333,509073084014.7471,50.13999999999999
uniform_igra_01_45_20_0.0001,uniform,igra_01,PMcoarse,low,PMcoarse_low_15,20.0,0.0001,15.0,,4.95356014823194e-06,60,0.6,10000,10000,15,9985,9,0.15,0.0839774013962634,0.24728169815871814,99.85,0.09,0.04116172723949775,0.1707789751809993,99.91,62.5,0.29928172386272944,50.029999999999994,18716751.462008618,15945915946.538942,124778343.08005744,106306106310.25961,49.82
uniform_igra_01_45_20_0.0001,uniform,igra_01,PMcoarse,low,PMcoarse_low_45,20.0,0.0001,45.0,,1.486068044469582e-05,60,0.6,10000,10000,15,9985,9,0.15,0.0839774013962634,0.24728169815871814,99.85,0.09,0.04116172723949775,0.1707789751809993,99.91,62.5,0.29928172386272944,50.029999999999994,99633445.34572881,15958485971.218384,221407656.3238418,35463302158.26308,49.53
uniform_igra_01_45_20_0.0001,uniform,igra_01,PMcoarse,low,PMcoarse_low_49,20.0,0.0001,49.0,,1.618162981755767e-05,60,0.6,10000,10000,9,9991,9,0.09,0.04116172723949775,0.1707789751809993,99.91,0.09,0.04116172723949775,0.1707789751809993,99.91,50.0,0.17967658215212617,50.0,54835175.5682957,15815478697.694283,111908521.5679504,32276487138.151596,49.47
uniform_igra_01_45_20_0.0001,uniform,igra_01,PMcoarse,low,PMcoarse_low_90,20.0,0.0001,90.0,,2.972136088939164e-05,60,0.6,10000,10000,16,9984,9,0.16,0.09148061231958557,0.2597002766009401,99.84,0.09,0.04116172723949775,0.1707789751809993,99.91,64.0,0.3192019950124688,50.035,247411344.6413184,15926583230.718416,274901494.04590935,17696203589.68713,49.220000000000006
uniform_igra_01_45_20_0.0001,uniform,igra_01,PM10,low,PM10_low_15,20.0,0.0001,15.0,,5.565756367804499e-06,60,0.6,10000,10000,10,9990,17,0.1,0.047963972376422845,0.18382641342491352,99.9,0.17,0.09906147330432367,0.2720473913885041,99.83,37.03703703703704,0.1994614540740002,49.964999999999996,281837049.28428906,441365560846.0496,1878913661.8952603,2942437072306.9976,50.11
uniform_igra_01_45_20_0.0001,uniform,igra_01,PM10,low,PM10_low_45,20.0,0.0001,45.0,,1.6697269103413496e-05,60,0.6,10000,10000,14,9986,17,0.14,0.07655977314058231,0.23478475639479365,99.86,0.17,0.09906147330432367,0.2720473913885041,99.83,45.16129032258065,0.2791346824842987,49.985,2680241464.6962624,443341977256.37305,5956092143.769471,985204393903.0513,50.17
uniform_igra_01_45_20_0.0001,uniform,igra_01,PM10,low,PM10_low_49,20.0,0.0001,49.0,,1.8181470801494697e-05,60,0.6,10000,10000,13,9987,17,0.13,0.06923710884623087,0.22220136212669064,99.87,0.17,0.09906147330432367,0.2720473913885041,99.83,43.333333333333336,0.259222333000997,49.98,-4006154103.489613,444524472114.2294,-8175824700.99921,907192800233.1212,49.76
uniform_igra_01_45_20_0.0001,uniform,igra_01,PM10,low,PM10_low_90,20.0,0.0001,90.0,,3.339453820682699e-05,60,0.6,10000,10000,9,9991,17,0.09,0.04116172723949775,0.1707789751809993,99.91,0.17,0.09906147330432367,0.2720473913885041,99.83,34.61538461538461,0.17953321364452424,49.96,6952769569.374478,435645197726.1477,7725299521.527199,484050219695.7197,49.47
uniform_igra_01_45_20_0.0001,uniform,igra_01,H2CO,joint mixture,mixture,20.0,0.0001,1.0,,,60,0.6,10000,10000,66,9934,11,0.66,0.5108009046329748,0.838926697154722,99.34,0.11,0.05492398846932506,0.19673494805418587,99.89,85.71428571428571,1.3099136647811849,50.275000000000006,-0.0037283389052903773,2.0021365923670134,-0.3728338905290377,200.21365923670135,31.04
uniform_igra_01_45_20_0.0001,uniform,igra_01,CH3OH,joint mixture,mixture,20.0,0.0001,1.0,,,60,0.6,10000,10000,70,9930,10,0.7,0.5460789983079332,0.8835915517580857,99.3,0.1,0.047963972376422845,0.18382641342491352,99.9,87.5,1.3888888888888888,50.3,-0.006083812244695926,1.971835983086703,-0.6083812244695926,197.1835983086703,30.75
uniform_igra_01_45_20_0.0001,uniform,igra_01,CH3CN,joint mixture,mixture,20.0,0.0001,1.0,,,60,0.6,10000,10000,9981,19,11,99.81,99.70344978517333,99.88557003647085,0.19,0.11,0.05492398846932506,0.19673494805418587,99.89,99.88991192954363,99.8499399759904,99.85,0.0006315091527898577,0.17312197524511483,0.06315091527898578,17.312197524511483,0.0
uniform_igra_01_45_20_0.0001,uniform,igra_01,CH3Cl,joint mixture,mixture,20.0,0.0001,1.0,,,60,0.6,10000,10000,156,9844,13,1.56,1.3263040567910909,1.8224885725064501,98.44,0.13,0.06923710884623087,0.22220136212669064,99.87,92.3076923076923,3.068148293834202,50.714999999999996,0.0038721620640905898,1.2176383329013274,0.38721620640905896,121.76383329013274,20.200000000000003
uniform_igra_01_45_20_0.0001,uniform,igra_01,HCOOH,joint mixture,mixture,20.0,0.0001,1.0,,,60,0.6,10000,10000,14,9986,11,0.14,0.07655977314058231,0.23478475639479365,99.86,0.11,0.05492398846932506,0.19673494805418587,99.89,56.0,0.2793017456359102,50.015,-0.08014718312132381,21.517694492157524,-8.01471831213238,2151.7694492157525,48.5
uniform_igra_01_45_20_0.0001,uniform,igra_01,PM2.5,joint mixture,mixture,20.0,0.0001,49.0,,,60,0.6,10000,10000,17,9983,17,0.17,0.09906147330432367,0.2720473913885041,99.83,0.17,0.09906147330432367,0.2720473913885041,99.83,50.0,0.33884791708192147,50.0,457161247.5265492,464665391756.37866,932982137.8092841,948296717870.1605,49.64
uniform_igra_01_45_20_0.0001,uniform,igra_01,PMcoarse,joint mixture,mixture,20.0,0.0001,41.0,,,60,0.6,10000,10000,12,9988,9,0.12,0.06202063768478915,0.20952192793710278,99.88,0.09,0.04116172723949775,0.1707789751809993,99.91,57.142857142857146,0.23949705618201778,50.015,-15849181.784642164,16118754295.678146,-38656540.93815162,39314034867.507675,50.22
uniform_igra_01_45_20_0.0001,uniform,igra_01,PM10,joint mixture,mixture,20.0,0.0001,90.0,,,60,0.6,10000,10000,17,9983,17,0.17,0.09906147330432367,0.2720473913885041,99.83,0.17,0.09906147330432367,0.2720473913885041,99.83,50.0,0.33884791708192147,50.0,441312065.7419299,448546925115.4921,490346739.7132554,498385472350.5468,49.669999999999995
