case,plan,profile,elevation_deg,total_s,residual_std_db,target,sd_ug_m3,local_lod95_ug_m3,response_lod95_ug_m3,surface_equivalent_response_lod95_ppm,surface_equivalent_local_lod95_ppm,predicted_recall_at_1_ug_pct,predicted_recall_at_5_ug_pct,predicted_recall_at_10_ug_pct
selected_standard_30_2_0,selected,standard,30.0,2.0,0.0,H2CO,52.76537212889479,246.3190498642014,246.43754773094938,0.19406427531616777,0.1939709607914588,0.13305715118200345,0.1702558237223613,0.22997384916981092
selected_standard_30_2_0,selected,standard,30.0,2.0,0.0,CH3OH,32.92415250397033,153.69636629400392,153.73750203469686,0.11344788420837479,0.11341752881242263,0.13813908616631518,0.20427909944033326,0.3267917522512882
selected_standard_30_2_0,selected,standard,30.0,2.0,0.0,CH3CN,1.1264644139031559,5.258555619785253,5.259173690931249,0.0030290665250547843,0.0030287105416382893,1.6355684735647402,92.15134132349408,99.99999976004386
selected_standard_30_2_0,selected,standard,30.0,2.0,0.0,CH3Cl,10.868498180603787,50.73626958903058,50.74578697382027,0.023766970546709718,0.023762513045556072,0.16875571110055118,0.5184176424133187,1.7721912034049232
selected_standard_30_2_0,selected,standard,30.0,2.0,0.0,HCOOH,1085.6112118695219,5067.844903593327,5071.236114696744,2.605290950691764,2.603548753838809,0.12538105346218636,0.12691591729076807,0.12885865832246662
selected_standard_30_2_0,selected,standard,30.0,2.0,0.0,PM2.5,21616289615851.793,100909056544875.02,,,,0.1250000000000188,0.12500000000009537,0.1250000000001911
selected_standard_30_2_0,selected,standard,30.0,2.0,0.0,PMcoarse,775525971969.8645,3620306516440.1694,,,,0.1250000000005325,0.12500000000266331,0.12500000000532654
selected_standard_30_2_0,selected,standard,30.0,2.0,0.0,PM10,20840765809980.895,97288760140207.36,,,,0.12500000000001954,0.12500000000009903,0.12500000000019804
selected_standard_30_2_0.0001,selected,standard,30.0,2.0,0.0001,H2CO,52.86094045307634,246.7651814436776,246.8836808048575,0.19441559552885337,0.19432227982731137,0.13304216574953207,0.17016202057957627,0.22972740606430397
selected_standard_30_2_0.0001,selected,standard,30.0,2.0,0.0001,CH3OH,32.98016767986763,153.95785606178748,153.99899247766626,0.11364084647914782,0.11361049058495416,0.13811573868863003,0.20411245315772358,0.32628235265515576
selected_standard_30_2_0.0001,selected,standard,30.0,2.0,0.0001,CH3CN,1.128861483602564,5.269745608730544,5.270363687269653,0.00303551150012427,0.0030351555124496473,1.6278950611624494,92.01230810616836,99.99999973127504
selected_standard_30_2_0.0001,selected,standard,30.0,2.0,0.0001,CH3Cl,10.892206709427555,50.846945626324185,50.85646303753199,0.023818806076382735,0.023814348562856077,0.16864693873232253,0.5169242338311308,1.7634609286016314
selected_standard_30_2_0.0001,selected,standard,30.0,2.0,0.0001,HCOOH,1087.5590125001359,5076.937616888056,5080.329829245554,2.6099627450405873,2.608220033804524,0.1253803700527448,0.12691246203551765,0.12885165122270037
selected_standard_30_2_0.0001,selected,standard,30.0,2.0,0.0001,PM2.5,21656222176145.484,101095469525838.36,,,,0.1250000000000188,0.12500000000009537,0.12500000000019054
selected_standard_30_2_0.0001,selected,standard,30.0,2.0,0.0001,PMcoarse,776958619471.1489,3626994394437.972,,,,0.12500000000053144,0.12500000000265835,0.12500000000531655
selected_standard_30_2_0.0001,selected,standard,30.0,2.0,0.0001,PM10,20879265723637.242,97468485247205.94,,,,0.12500000000001954,0.12500000000009867,0.12500000000019754
selected_standard_30_2_0.001,selected,standard,30.0,2.0,0.001,H2CO,61.58063209146351,287.47040293306003,287.5890613274231,0.22647020833162668,0.22637676739486898,0.13187537757709505,0.16297253852565016,0.21118501771287937
selected_standard_30_2_0.001,selected,standard,30.0,2.0,0.001,CH3OH,38.111365898843275,177.9112902738213,177.95250098307733,0.13131691655535402,0.13128650583767001,0.1362795052763443,0.19130945058810875,0.28816526897719175
selected_standard_30_2_0.001,selected,standard,30.0,2.0,0.001,CH3CN,1.3450113204333087,6.278775210689808,6.279394146161094,0.003616671310658599,0.0036163148294264856,1.1308196075457044,75.61900596669004,99.99948681058495
selected_standard_30_2_0.001,selected,standard,30.0,2.0,0.001,CH3Cl,13.025515842854121,60.80564879871212,60.81517165027824,0.02848300281855784,0.02847854275701994,0.16066033576678582,0.41516724555782664,1.2047297323773545
selected_standard_30_2_0.001,selected,standard,30.0,2.0,0.001,HCOOH,1265.3585561164589,5906.940569257619,5910.450529045433,3.036427989067165,3.034624786403029,0.1253268591902387,0.12664212959924803,0.12830396870826816
selected_standard_30_2_0.001,selected,standard,30.0,2.0,0.001,PM2.5,25293786861565.473,118076331045083.95,,,,0.12500000000001624,0.12500000000008155,0.12500000000016312
selected_standard_30_2_0.001,selected,standard,30.0,2.0,0.001,PMcoarse,907462575632.5586,4236212318774.2734,,,,0.12500000000045491,0.12500000000227593,0.125000000004552
selected_standard_30_2_0.001,selected,standard,30.0,2.0,0.001,PM10,24386326553039.914,113840129309607.4,,,,0.12500000000001676,0.1250000000000847,0.12500000000016928
selected_standard_30_20_0,selected,standard,30.0,20.0,0.0,H2CO,15.492441750448315,72.32174015043462,72.3319080963632,0.05695982392375308,0.0569518168847436,0.15442282317226622,0.34606907417938665,0.8706590515554996
selected_standard_30_20_0,selected,standard,30.0,20.0,0.0,CH3OH,9.666864370002918,45.12680856241495,45.130349472047406,0.03330314720498586,0.03330053425303426,0.17507451268456364,0.6103370851623622,2.335723384732614
selected_standard_30_20_0,selected,standard,30.0,20.0,0.0,CH3CN,0.3307414760862631,1.543965727015867,1.5440189784453044,0.0008892910705198263,0.0008892603998989646,50.006705238547234,100.0,100.0
selected_standard_30_20_0,selected,standard,30.0,20.0,0.0,CH3Cl,3.1910999238007767,14.8966769216036,14.897496700087123,0.006977295779713487,0.006976911833533231,0.3364466046946062,7.262949290091781,54.394372565186075
selected_standard_30_20_0,selected,standard,30.0,20.0,0.0,HCOOH,318.74636314677014,1487.970199967329,1488.2610046951552,0.7645774797515189,0.7644280820684514,0.12630217920070366,0.13163592052715503,0.13859241631569652
selected_standard_30_20_0,selected,standard,30.0,20.0,0.0,PM2.5,6346759931081.008,29627913399742.06,,,,0.12500000000006503,0.1250000000003252,0.12500000000065084
selected_standard_30_20_0,selected,standard,30.0,20.0,0.0,PMcoarse,227702221068.789,1062958385067.8177,,,,0.1250000000018139,0.12500000000907077,0.1250000000181419
selected_standard_30_20_0,selected,standard,30.0,20.0,0.0,PM10,6119058346000.896,28564957983593.45,,,,0.12500000000006736,0.12500000000033737,0.12500000000067496
selected_standard_30_20_0.0001,selected,standard,30.0,20.0,0.0001,H2CO,15.814738323784312,73.826283424093,73.83645173008121,0.05814461971744362,0.05813661239489491,0.15376496570376655,0.3392865967914038,0.8400821537348481
selected_standard_30_20_0.0001,selected,standard,30.0,20.0,0.0001,CH3OH,9.855787846935481,46.00874020541358,46.0122815997629,0.03395395349870417,0.033951340189064295,0.17396377723446355,0.5934332713566424,2.228399071422459
selected_standard_30_20_0.0001,selected,standard,30.0,20.0,0.0001,CH3CN,0.33881198972556104,1.581640458972497,1.5816937162893034,0.0009109901612800831,0.0009109594872683404,47.135983342531425,100.0,100.0
selected_standard_30_20_0.0001,selected,standard,30.0,20.0,0.0001,CH3Cl,3.270924571114905,15.269313946395732,15.27013373248848,0.007151821664557197,0.007151437714813132,0.32876903480193453,6.749354959520995,51.35208043444642
selected_standard_30_20_0.0001,selected,standard,30.0,20.0,0.0001,HCOOH,325.31439291393025,1518.631044124263,1518.922773058173,0.7803296210128717,0.7801797485292443,0.12627576620504094,0.13149881707656688,0.13830513322709703
selected_standard_30_20_0.0001,selected,standard,30.0,20.0,0.0001,PM2.5,6481379002136.956,30256341483127.91,,,,0.12500000000006348,0.1250000000003184,0.12500000000063705
selected_standard_30_20_0.0001,selected,standard,30.0,20.0,0.0001,PMcoarse,232531913020.22302,1085504329209.1375,,,,0.12500000000177633,0.12500000000888242,0.12500000001776523
selected_standard_30_20_0.0001,selected,standard,30.0,20.0,0.0001,PM10,6248847728128.105,29170840136948.51,,,,0.12500000000006578,0.12500000000033046,0.1250000000006609
selected_standard_30_20_0.001,selected,standard,30.0,20.0,0.001,H2CO,35.164984071519825,164.15700516292307,164.1675994197413,0.12927845819407954,0.1292701154444017,0.13726558821193194,0.19811065692256288,0.3081621935598401
selected_standard_30_20_0.001,selected,standard,30.0,20.0,0.001,CH3OH,21.401783971573053,99.90770235447572,99.9115025887715,0.07372793512813522,0.07372513081211182,0.1457242287813649,0.26377142462443187,0.5292776580217818
selected_standard_30_20_0.001,selected,standard,30.0,20.0,0.001,CH3CN,0.8042734921341785,3.7545055482508096,3.7545619401978962,0.0021624723878028813,0.0021624399083737464,3.7539347602712985,99.92970798965577,100.0
selected_standard_30_20_0.001,selected,standard,30.0,20.0,0.001,CH3Cl,7.825003531850608,36.52864288422168,36.529502307596935,0.01710872285572244,0.017108320341715565,0.18924979363725525,0.8554333077715711,4.045878569344546
selected_standard_30_20_0.001,selected,standard,30.0,20.0,0.001,HCOOH,720.6308246175438,3364.045260384811,3364.6288318160973,1.7285405076216354,1.7282407043124175,0.12557445204619197,0.12789649079315765,0.13085424053179923
selected_standard_30_20_0.001,selected,standard,30.0,20.0,0.001,PM2.5,14518941223475.445,67777249792999.15,,,,0.12500000000002812,0.1250000000001421,0.12500000000028447
selected_standard_30_20_0.001,selected,standard,30.0,20.0,0.001,PMcoarse,520893443591.42554,2431632203644.9814,,,,0.12500000000079295,0.12500000000396513,0.1250000000079305
selected_standard_30_20_0.001,selected,standard,30.0,20.0,0.001,PM10,13998048782482.494,65345622269679.42,,,,0.12500000000002945,0.12500000000014722,0.12500000000029513
selected_standard_30_100_0,selected,standard,30.0,100.0,0.0,H2CO,6.881140133407288,32.12250442397874,32.124508199879145,0.025297360167307402,0.025295782236827293,0.20009198609555406,1.0817440456188625,5.819663427423228
selected_standard_30_100_0,selected,standard,30.0,100.0,0.0,CH3OH,4.293645681183511,20.043575587018353,20.044273894563307,0.014791319188457708,0.014790803884693478,0.26318298392533607,3.1525627371338425,24.374129792659126
selected_standard_30_100_0,selected,standard,30.0,100.0,0.0,CH3CN,0.1469024532925285,0.6857693077449307,0.6857798117375028,0.00039498080751248517,0.00039497475764721176,99.99228040740724,100.0,100.0
selected_standard_30_100_0,selected,standard,30.0,100.0,0.0,CH3Cl,1.4173621404867318,6.616522951934219,6.6166846458075135,0.0030989478826075395,0.0030988721527045594,1.022994838027218,69.2988238806983,99.99723500781315
selected_standard_30_100_0,selected,standard,30.0,100.0,0.0,HCOOH,141.57476169830716,660.8986041279376,660.9559056064498,0.3395587191636288,0.3395292811686207,0.12794924869446828,0.140393563502599,0.15750020272826787
selected_standard_30_100_0,selected,standard,30.0,100.0,0.0,PM2.5,2818984287132.485,13159568542270.24,,,,0.12500000000014647,0.12500000000073253,0.12500000000146516
selected_standard_30_100_0,selected,standard,30.0,100.0,0.0,PMcoarse,101136483805.5996,472124834763.7358,,,,0.12500000000408454,0.12500000002042286,0.12500000004084572
selected_standard_30_100_0,selected,standard,30.0,100.0,0.0,PM10,2717848085808.03,12687445026183.59,,,,0.12500000000015196,0.1250000000007598,0.12500000000151965
selected_standard_30_100_0.0001,selected,standard,30.0,100.0,0.0001,H2CO,7.578555316153852,35.378174539511384,35.38017857947715,0.027861130658867337,0.027859552520441425,0.19177081302183033,0.9049534944093506,4.4206543697436835
selected_standard_30_100_0.0001,selected,standard,30.0,100.0,0.0001,CH3OH,4.703369438309728,21.956246008740905,21.956944855635626,0.01620274106567464,0.01620222536390674,0.24714783957193168,2.4981900203122303,18.48044766157914
selected_standard_30_100_0.0001,selected,standard,30.0,100.0,0.0001,CH3CN,0.1642640777704144,0.7668167574823329,0.7668272682117289,0.00044166079029575817,0.00044165473655035286,99.8909526018364,100.0,100.0
selected_standard_30_100_0.0001,selected,standard,30.0,100.0,0.0001,CH3Cl,1.5888701239690122,7.417155674324256,7.417317386741105,0.003473927085951395,0.0034738513473634752,0.8333706459550119,54.91637618484112,99.94630968567489
selected_standard_30_100_0.0001,selected,standard,30.0,100.0,0.0001,HCOOH,155.79197034773534,727.2673074073094,727.3255927178609,0.3736554051235849,0.37362546169584787,0.12767749199899145,0.13892016667475526,0.15424281049610455
selected_standard_30_100_0.0001,selected,standard,30.0,100.0,0.0001,PM2.5,3110076256842.3486,14518442639223.082,,,,0.12500000000013275,0.1250000000006641,0.12500000000132805
selected_standard_30_100_0.0001,selected,standard,30.0,100.0,0.0001,PMcoarse,111579913177.6153,520876800237.5114,,,,0.12500000000370215,0.12500000001851114,0.1250000000370228
selected_standard_30_100_0.0001,selected,standard,30.0,100.0,0.0001,PM10,2998496633534.5073,13997567192154.219,,,,0.1250000000001376,0.1250000000006887,0.12500000000137754
selected_standard_30_100_0.001,selected,standard,30.0,100.0,0.001,H2CO,31.565585840066475,147.3543120957976,147.35819328262326,0.11604141193010523,0.1160383555788486,0.13873192615897573,0.20854341652352168,0.3399412091573313
selected_standard_30_100_0.001,selected,standard,30.0,100.0,0.001,CH3OH,19.153624936288303,89.4128574368235,89.41457631433855,0.06598191310510955,0.06598064468969551,0.148352111153493,0.2869836255923494,0.6187840590811201
selected_standard_30_100_0.001,selected,standard,30.0,100.0,0.001,CH3CN,0.7402374520866287,3.4555728220104345,3.4555957078286856,0.0019902802032867296,0.0019902670220019805,4.7220413513670785,99.99047331900034,100.0
selected_standard_30_100_0.001,selected,standard,30.0,100.0,0.001,CH3Cl,7.142091407840518,33.34067587593457,33.341018024964086,0.015615384855602805,0.01561522460888299,0.19674971811064682,1.0082423106017138,5.227425430311191
selected_standard_30_100_0.001,selected,standard,30.0,100.0,0.001,HCOOH,646.1432104998831,3016.322547631193,3017.381763478049,1.5501462021043777,1.549602041785625,0.12564083009174573,0.12823431564406795,0.1315449924801859
selected_standard_30_100_0.001,selected,standard,30.0,100.0,0.001,PM2.5,13045206447259.736,60897568381058.57,,,,0.12500000000003153,0.12500000000015812,0.12500000000031636
selected_standard_30_100_0.001,selected,standard,30.0,100.0,0.001,PMcoarse,468018760084.34674,2184802866944.4082,,,,0.1250000000008825,0.12500000000441333,0.12500000000882638
selected_standard_30_100_0.001,selected,standard,30.0,100.0,0.001,PM10,12577188554495.748,58712769562934.78,,,,0.12500000000003253,0.12500000000016406,0.12500000000032824
selected_standard_45_2_0,selected,standard,45.0,2.0,0.0,H2CO,5.521581241081962,25.775818309950285,25.778369679369362,0.02029991239857975,0.02029790324996609,0.22399305727367788,1.7095846420443903,11.270528114110018
selected_standard_45_2_0,selected,standard,45.0,2.0,0.0,CH3OH,5.932383363192453,27.693522749772516,27.694989430130104,0.02043703008334598,0.02043594777238622,0.21533655614096808,1.4609844119678668,9.050066480318103
selected_standard_45_2_0,selected,standard,45.0,2.0,0.0,CH3CN,0.6247939919852267,2.916660231083374,2.916812857897951,0.0016799635659387393,0.0016798756592062312,7.739505753056547,99.99996809206556,100.0
selected_standard_45_2_0,selected,standard,45.0,2.0,0.0,CH3Cl,2.614570572739133,12.20532544917529,12.205853625875319,0.0057166551338200585,0.005716407760376435,0.4134678814361071,13.328815435755182,78.85436984678613
selected_standard_45_2_0,selected,standard,45.0,2.0,0.0,HCOOH,22.010339145192543,102.74855661377526,102.78138942669192,0.05280279161067999,0.05278592411951159,0.14511142606097996,0.2585565796425906,0.509948302069882
selected_standard_45_2_0,selected,standard,45.0,2.0,0.0,PM2.5,950468574301.3812,4436972709598.175,,,,0.12500000000043443,0.12500000000217293,0.12500000000434605
selected_standard_45_2_0,selected,standard,45.0,2.0,0.0,PMcoarse,33288114399.399624,155395411418.71033,,,,0.1250000000124098,0.12500000006204912,0.1250000001240984
selected_standard_45_2_0,selected,standard,45.0,2.0,0.0,PM10,917182204996.6714,4281585444621.886,,,,0.12500000000045022,0.12500000000225175,0.12500000000450381
selected_standard_45_2_0.0001,selected,standard,45.0,2.0,0.0001,H2CO,5.539400233059926,25.859000840395215,25.861552617796505,0.020365417175806946,0.02036340770591606,0.22358405257330288,1.697282747647265,11.159453537746266
selected_standard_45_2_0.0001,selected,standard,45.0,2.0,0.0001,CH3OH,5.97868439721047,27.9096650083581,27.91113248197508,0.02059652904484608,0.02059544614851451,0.2144531446941311,1.436990966261924,8.839054271552998
selected_standard_45_2_0.0001,selected,standard,45.0,2.0,0.0001,CH3CN,0.6294298209149023,2.9383011848229073,2.938453869287774,0.001692427893420883,0.0016923399534841926,7.570027647722383,99.99995680651084,100.0
selected_standard_45_2_0.0001,selected,standard,45.0,2.0,0.0001,CH3Cl,2.6367616014390483,12.308917499877024,12.309445633208435,0.005765172820390392,0.005764925467258616,0.40955637100166004,12.985518298359283,77.91095937652005
selected_standard_45_2_0.0001,selected,standard,45.0,2.0,0.0001,HCOOH,22.034411898733048,102.86093292309471,102.89377231123434,0.05286052706323809,0.05284365619412228,0.14508792825169103,0.25835808895767326,0.5092183400620904
selected_standard_45_2_0.0001,selected,standard,45.0,2.0,0.0001,PM2.5,956590379570.037,4465550490752.555,,,,0.12500000000043157,0.12500000000215922,0.1250000000043183
selected_standard_45_2_0.0001,selected,standard,45.0,2.0,0.0001,PMcoarse,33502800552.960556,156397608261.65024,,,,0.1250000000123301,0.1250000000616514,0.12500000012330312
selected_standard_45_2_0.0001,selected,standard,45.0,2.0,0.0001,PM10,923089325692.6575,4309161036313.2344,,,,0.12500000000044723,0.12500000000223735,0.1250000000044749
selected_standard_45_2_0.001,selected,standard,45.0,2.0,0.001,H2CO,7.0725155644299145,33.015882266964354,33.018459763600745,0.026001327821501035,0.02599929809826496,0.19761182815316403,1.026878114010477,5.376255497524145
selected_standard_45_2_0.001,selected,standard,45.0,2.0,0.001,CH3OH,9.481201177286428,44.2600965621098,44.26160489836838,0.03266207243469885,0.0326609593845,0.1762158662130372,0.6280447004762061,2.4498213557649766
selected_standard_45_2_0.001,selected,standard,45.0,2.0,0.001,CH3CN,0.9746858213046778,4.550023542587792,4.550181557825821,0.002620716380502597,0.002620625370261047,2.289251241227081,98.24202532460686,99.99999999997696
selected_standard_45_2_0.001,selected,standard,45.0,2.0,0.001,CH3Cl,4.218472160724929,19.69265092966783,19.693191816605804,0.009223376713370125,0.009223123387041173,0.2665767477543454,3.302544185389078,25.693779195227716
selected_standard_45_2_0.001,selected,standard,45.0,2.0,0.001,HCOOH,24.270379587470664,113.29886625693928,113.3320210060863,0.05822306082240504,0.05820602794009162,0.14312102486102754,0.2421244629602802,0.4509717950422407
selected_standard_45_2_0.001,selected,standard,45.0,2.0,0.001,PM2.5,1423589498192.2646,6645593472453.705,,,,0.12500000000029016,0.12500000000145067,0.12500000000290182
selected_standard_45_2_0.001,selected,standard,45.0,2.0,0.001,PMcoarse,49868251994.18376,232794727943.7333,,,,0.12500000000828362,0.125000000041419,0.12500000008283826
selected_standard_45_2_0.001,selected,standard,45.0,2.0,0.001,PM10,1373723229255.9382,6412808001810.879,,,,0.12500000000030054,0.12500000000150338,0.12500000000300715
selected_standard_45_20_0,selected,standard,45.0,20.0,0.0,H2CO,1.6211920965360804,7.568040947207554,7.568260787370206,0.005959842802478573,0.0059596696830726895,0.8052850874652939,52.42442607182164,99.91694495975
selected_standard_45_20_0,selected,standard,45.0,20.0,0.0,CH3OH,1.741807739406041,8.131098296218822,8.131224701548962,0.006000294178094634,0.006000200899505693,0.715819406156139,43.929355218764975,99.6714324415467
selected_standard_45_20_0,selected,standard,45.0,20.0,0.0,CH3CN,0.18344583334631193,0.8563609342322029,0.8563740884168816,0.0004932360550519404,0.0004932284787856263,99.24058757602731,100.0,100.0
selected_standard_45_20_0,selected,standard,45.0,20.0,0.0,CH3Cl,0.7676643468740607,3.583606916951767,3.5836524380136865,0.0016784164168713402,0.0016783950969194307,4.26536563466318,99.97584190799151,100.0
selected_standard_45_20_0,selected,standard,45.0,20.0,0.0,HCOOH,6.46245812007973,30.168015114850935,30.170841119601974,0.01549993286959356,0.015498481041195517,0.2061454060616961,1.2235838912739818,6.99796469543226
selected_standard_45_20_0,selected,standard,45.0,20.0,0.0,PM2.5,279067197817.98517,1302740116129.0938,,,,0.1250000000014802,0.12500000000740127,0.12500000001480263
selected_standard_45_20_0,selected,standard,45.0,20.0,0.0,PMcoarse,9773727462.441816,45625666323.34952,,,,0.12500000004226605,0.12500000021133184,0.1250000004226637
selected_standard_45_20_0,selected,standard,45.0,20.0,0.0,PM10,269293982732.95844,1257116841683.4656,,,,0.125000000001534,0.12500000000766978,0.12500000001533987
selected_standard_45_20_0.0001,selected,standard,45.0,20.0,0.0001,H2CO,1.6807702293254028,7.846163292777307,7.846383520999778,0.006178858481086529,0.006178685056091874,0.7583302753944967,48.065297213983236,99.82849650184129
selected_standard_45_20_0.0001,selected,standard,45.0,20.0,0.0001,CH3OH,1.8932561013992195,8.838088792533753,8.838215919501623,0.006522005906001658,0.0065219120948928535,0.6295179110813048,35.10865573328253,98.80447452742844
selected_standard_45_20_0.0001,selected,standard,45.0,20.0,0.0001,CH3CN,0.19853567173226722,0.9268032433426782,0.9268164622020143,0.0005338079488355358,0.000533800335319294,97.79709049468511,100.0,100.0
selected_standard_45_20_0.0001,selected,standard,45.0,20.0,0.0001,CH3Cl,0.8392154798442532,3.917621562899344,3.917667113131026,0.0018348533827573575,0.0018348320491436856,3.349416181095862,99.83301316750249,100.0
selected_standard_45_20_0.0001,selected,standard,45.0,20.0,0.0001,HCOOH,6.543756540319053,30.54753199914188,30.550363837591583,0.015694908429870622,0.015693453604475004,0.20489603172105736,1.193378440260946,6.7435402193385245
selected_standard_45_20_0.0001,selected,standard,45.0,20.0,0.0001,PM2.5,299089767738.79425,1396209378255.8826,,,,0.1250000000013812,0.12500000000690575,0.12500000001381173
selected_standard_45_20_0.0001,selected,standard,45.0,20.0,0.0001,PMcoarse,10475785516.575914,48903010268.18873,,,,0.1250000000394338,0.12500000019716892,0.125000000394338
selected_standard_45_20_0.0001,selected,standard,45.0,20.0,0.0001,PM10,288614500642.75916,1347308788075.905,,,,0.1250000000014312,0.12500000000715658,0.12500000001431308
selected_standard_45_20_0.001,selected,standard,45.0,20.0,0.001,H2CO,4.693970563249197,21.91237022655089,21.912594731050536,0.017255697664305826,0.01725552087183475,0.24747502321242032,2.510649120208858,18.594227663064927
selected_standard_45_20_0.001,selected,standard,45.0,20.0,0.001,CH3OH,7.578216552747989,35.37659312585136,35.37672627623789,0.026105632608445936,0.026105534352461327,0.1917744128031216,0.9050255284396534,4.4212055446972816
selected_standard_45_20_0.001,selected,standard,45.0,20.0,0.001,CH3CN,0.7620327818931403,3.5573176730900866,3.5573318073124587,0.0020488759887553345,0.002048867848027844,4.353483985081507,99.97984577758704,100.0
selected_standard_45_20_0.001,selected,standard,45.0,20.0,0.001,CH3Cl,3.3346877808715405,15.566973047618017,15.567021596212996,0.007290870155744384,0.007290847417836555,0.3230069727906175,6.376051429468778,49.02029834988147
selected_standard_45_20_0.001,selected,standard,45.0,20.0,0.001,HCOOH,12.052671557443617,56.264221904900644,56.26709774746522,0.02890659343553878,0.028905116003520304,0.16390905760139868,0.45470583232610784,1.4130295191832478
selected_standard_45_20_0.001,selected,standard,45.0,20.0,0.001,PM2.5,1083090507821.7169,5056077765392.777,,,,0.1250000000003813,0.12500000000190678,0.12500000000381387
selected_standard_45_20_0.001,selected,standard,45.0,20.0,0.001,PMcoarse,37938824681.84328,177105834215.8211,,,,0.12500000001088835,0.1250000000544428,0.12500000010888568
selected_standard_45_20_0.001,selected,standard,45.0,20.0,0.001,PM10,1045152860226.4982,4878977426046.93,,,,0.12500000000039527,0.1250000000019763,0.12500000000395226
selected_standard_45_100_0,selected,standard,45.0,100.0,0.0,H2CO,0.7200701647844292,3.361427990917774,3.3614713559430007,0.0026470864878079966,0.002647052338782119,5.106773437111226,99.99558037718693,100.0
selected_standard_45_100_0,selected,standard,45.0,100.0,0.0,CH3OH,0.7736429021136852,3.61151597902732,3.6115409146457016,0.002665073063344452,0.0026650546625436758,4.174769809952086,99.97087005397442,100.0
selected_standard_45_100_0,selected,standard,45.0,100.0,0.0,CH3CN,0.08147946759836755,0.38036204867927764,0.3803646435721746,0.00021907430270759053,0.0002190728081566074,100.0,100.0,100.0
selected_standard_45_100_0,selected,standard,45.0,100.0,0.0,CH3Cl,0.34096649410478225,1.5916981056867407,1.5917070855123958,0.0007454816976211007,0.0007454774918876874,46.394417386391936,100.0,100.0
selected_standard_45_100_0,selected,standard,45.0,100.0,0.0,HCOOH,2.8703712580445258,13.399452946374003,13.40001025686254,0.006884105703579224,0.006883819391536228,0.3736970193878939,10.002546208098522,67.74315224813428
selected_standard_45_100_0,selected,standard,45.0,100.0,0.0,PM2.5,123950741233.08005,578626238736.9099,,,,0.1250000000033326,0.12500000001666353,0.12500000003332756
selected_standard_45_100_0,selected,standard,45.0,100.0,0.0,PMcoarse,4341107707.267161,20265137583.03719,,,,0.12500000009515977,0.12500000047580032,0.12500000095160066
selected_standard_45_100_0,selected,standard,45.0,100.0,0.0,PM10,119609861103.82782,558362163532.4393,,,,0.1250000000034536,0.1250000000172686,0.125000000034537
selected_standard_45_100_0.0001,selected,standard,45.0,100.0,0.0001,H2CO,0.8451389836305564,3.945273634052088,3.9453173077989567,0.003106852633780625,0.0031068182416430857,3.2876477507251165,99.8091153239356,100.0
selected_standard_45_100_0.0001,selected,standard,45.0,100.0,0.0001,CH3OH,1.0707901510329527,4.998657300512934,4.998682752939888,0.0036886899724826966,0.003688671190312129,1.8333543446090765,95.01291919083954,99.99999998654046
selected_standard_45_100_0.0001,selected,standard,45.0,100.0,0.0001,CH3CN,0.11083169752376025,0.5173839836133646,0.5173866408367378,0.0002979933058631496,0.00029799177541239017,99.99999990094437,100.0,100.0
selected_standard_45_100_0.0001,selected,standard,45.0,100.0,0.0001,CH3Cl,0.4769042180304366,2.226281917893632,2.226291020178073,0.0010426913495749698,0.001042687086487547,17.709716831107315,99.99999999999571,100.0
selected_standard_45_100_0.0001,selected,standard,45.0,100.0,0.0001,HCOOH,3.0477207337232524,14.227354893817603,14.227916198789206,0.007309433140468734,0.007309144776304648,0.3517030521381137,8.336751946495296,60.17190137041026
selected_standard_45_100_0.0001,selected,standard,45.0,100.0,0.0001,PM2.5,163395334969.1052,762761296623.0382,,,,0.1250000000025281,0.12500000001264092,0.12500000002528203
selected_standard_45_100_0.0001,selected,standard,45.0,100.0,0.0001,PMcoarse,5723628133.854604,26719012618.0317,,,,0.12500000007217438,0.12500000036087258,0.12500000072174525
selected_standard_45_100_0.0001,selected,standard,45.0,100.0,0.0001,PM10,157671951482.3516,736043426065.3965,,,,0.12500000000262,0.12500000001309988,0.12500000002619963
selected_standard_45_100_0.001,selected,standard,45.0,100.0,0.001,H2CO,4.461184539432461,20.82567965857508,20.82572440404309,0.016399810627953624,0.016399775391858707,0.2561583021206587,2.854880356600755,21.71706709617337
selected_standard_45_100_0.001,selected,standard,45.0,100.0,0.001,CH3OH,7.412548464721128,34.6032221746163,34.6032487867077,0.025534858506430145,0.0255348388685056,0.19358197573257138,0.9416767485281939,4.703801285727875
selected_standard_45_100_0.001,selected,standard,45.0,100.0,0.001,CH3CN,0.7429656051883978,3.46830837286129,3.4683112494294392,0.0019976038293303415,0.001997602172546063,4.673369701922728,99.98949056532437,100.0
selected_standard_45_100_0.001,selected,standard,45.0,100.0,0.001,CH3Cl,3.2544063500448073,15.192203668285796,15.192213387412274,0.007115327392680577,0.0071153228406929826,0.3303139973021905,6.851230184048706,51.97059490993655
selected_standard_45_100_0.001,selected,standard,45.0,100.0,0.001,HCOOH,10.562784844996406,49.309140103926666,49.30970868868343,0.025332312462354394,0.025332020358281936,0.17020812009579395,0.538643294723895,1.8918257704185575
selected_standard_45_100_0.001,selected,standard,45.0,100.0,0.001,PM2.5,1052012112081.9303,4910997751719.646,,,,0.12500000000039246,0.12500000000196307,0.12500000000392653
selected_standard_45_100_0.001,selected,standard,45.0,100.0,0.001,PMcoarse,36849578995.34133,172021022875.6787,,,,0.1250000000112103,0.12500000005605214,0.12500000011210433
selected_standard_45_100_0.001,selected,standard,45.0,100.0,0.001,PM10,1015163631814.3369,4738981857919.421,,,,0.12500000000040665,0.12500000000203446,0.12500000000406924
selected_standard_60_2_0,selected,standard,60.0,2.0,0.0,H2CO,4.418955098924378,20.628544392726145,20.6299059875567,0.01624560783118469,0.016244535604502924,0.2578628674819507,2.9255335826109654,22.35188089419405
selected_standard_60_2_0,selected,standard,60.0,2.0,0.0,CH3OH,4.890393624251935,22.829311390908146,22.830118269333123,0.01684708402051612,0.01684648859878157,0.24097347645549988,2.27000288861059,16.390952557889005
selected_standard_60_2_0,selected,standard,60.0,2.0,0.0,CH3CN,0.5263105320429594,2.4569202292302585,2.457007420428932,0.0014151346516404258,0.0014150844331162426,13.065028407260659,99.99999999531414,100.0
selected_standard_60_2_0,selected,standard,60.0,2.0,0.0,CH3Cl,2.1568287452902473,10.068497308460453,10.068775985758968,0.004715747189385564,0.004715616669877624,0.5238161431213794,24.03668228415048,94.66380957775279
selected_standard_60_2_0,selected,standard,60.0,2.0,0.0,HCOOH,14.639498511480188,68.34003473011649,68.35063375586712,0.03511437518796268,0.03510893005678564,0.1563177591966054,0.36613646413133905,0.9635213042843654
selected_standard_60_2_0,selected,standard,60.0,2.0,0.0,PM2.5,772826968851.4846,3607707043397.966,,,,0.12500000000053432,0.12500000000267264,0.1250000000053452
selected_standard_60_2_0,selected,standard,60.0,2.0,0.0,PMcoarse,27051985813.16031,126283946717.1796,,,,0.12500000001527034,0.125000000076353,0.12500000015270574
selected_standard_60_2_0,selected,standard,60.0,2.0,0.0,PM10,745776051214.0133,3481428083133.268,,,,0.12500000000055372,0.12500000000276934,0.12500000000553899
selected_standard_60_2_0.0001,selected,standard,60.0,2.0,0.0001,H2CO,4.451742147913412,20.781600733068093,20.78296242797957,0.016366136490338384,0.016365064184845044,0.25653574961960485,2.870438086187375,21.857058095417454
selected_standard_60_2_0.0001,selected,standard,60.0,2.0,0.0001,CH3OH,4.975393459282922,23.226107201469315,23.226915592049874,0.017139893622116147,0.017139297084512995,0.23836387050422217,2.1775028618780143,15.542259888691456
selected_standard_60_2_0.0001,selected,standard,60.0,2.0,0.0001,CH3CN,0.5345378214575823,2.495326821087837,2.4954140807284637,0.0014372552994625482,0.001437205041518631,12.454419508142495,99.99999998778426,100.0
selected_standard_60_2_0.0001,selected,standard,60.0,2.0,0.0001,CH3Cl,2.195634078016645,10.249648171255108,10.249926511336074,0.004800589684943534,0.004800459323372638,0.5115949352661042,22.78050302814124,93.71340281479172
selected_standard_60_2_0.0001,selected,standard,60.0,2.0,0.0001,HCOOH,14.692557587627698,68.58772484763146,68.59832459997534,0.03524162359449107,0.03523617809003486,0.15619281667621662,0.36478885403925676,0.9571750253611134
selected_standard_60_2_0.0001,selected,standard,60.0,2.0,0.0001,PM2.5,784171939089.9901,3660667577497.1094,,,,0.1250000000005268,0.12500000000263398,0.12500000000526795
selected_standard_60_2_0.0001,selected,standard,60.0,2.0,0.0001,PMcoarse,27449867986.397827,128141338315.41112,,,,0.12500000001504907,0.1250000000752462,0.1250000001504924
selected_standard_60_2_0.0001,selected,standard,60.0,2.0,0.0001,PM10,756723146306.5482,3532531258438.8325,,,,0.12500000000054576,0.12500000000272946,0.12500000000545877
selected_standard_60_2_0.001,selected,standard,60.0,2.0,0.001,H2CO,6.970590962167042,32.54007834150641,32.54144376638152,0.025625687970078578,0.025624612727318995,0.19891228232349908,1.0554138840934304,5.605923085938559
selected_standard_60_2_0.001,selected,standard,60.0,2.0,0.001,CH3OH,10.298944209974346,48.07748055312417,48.07834504101329,0.035478568657321956,0.03547793072369713,0.17154080928896315,0.5576712713904801,2.006694993811741
selected_standard_60_2_0.001,selected,standard,60.0,2.0,0.001,CH3CN,1.0522808752339046,4.912252390539801,4.9123441352454575,0.002829307045948965,0.002829254204793094,1.9084984681267643,95.80275442378303,99.99999999540854
selected_standard_60_2_0.001,selected,standard,60.0,2.0,0.001,CH3Cl,4.54115319499393,21.198988941957012,21.19926750490194,0.00992875264030799,0.00992862217435796,0.25304392687151817,2.728403974619627,20.57497726780636
selected_standard_60_2_0.001,selected,standard,60.0,2.0,0.001,HCOOH,19.219291454553566,89.71940155343614,89.73002618760675,0.04609779942101677,0.04609234113379979,0.14826596098617828,0.28620054079431023,0.6156739731111343
selected_standard_60_2_0.001,selected,standard,60.0,2.0,0.001,PM2.5,1505072207780.457,7025970655373.89,,,,0.12500000000027434,0.1250000000013723,0.1250000000027445
selected_standard_60_2_0.001,selected,standard,60.0,2.0,0.001,PMcoarse,52712470413.29332,246072094336.41113,,,,0.12500000000783684,0.12500000003918418,0.12500000007836828
selected_standard_60_2_0.001,selected,standard,60.0,2.0,0.001,PM10,1452361418349.8071,6779906408192.361,,,,0.1250000000002842,0.12500000000142183,0.1250000000028441
selected_standard_60_20_0,selected,standard,60.0,20.0,0.0,H2CO,1.2974498676690598,6.056749071531103,6.056866413795986,0.004769652198306371,0.0047695597937933085,1.2142229986283926,79.6835755933716,99.9998593936595
selected_standard_60_20_0,selected,standard,60.0,20.0,0.0,CH3OH,1.4358689484270792,6.70291634146154,6.702985887983012,0.004946350479264612,0.0049462991586329465,0.9985319361375067,67.68364188976858,99.99594426308637
selected_standard_60_20_0,selected,standard,60.0,20.0,0.0,CH3CN,0.15453009160557318,0.7213766112883864,0.7213841265062381,0.00041548742021467813,0.0004154830917600271,99.97175080447734,100.0,100.0
selected_standard_60_20_0,selected,standard,60.0,20.0,0.0,CH3Cl,0.6332667219448861,2.956212587282458,2.9562366076860886,0.0013845639721821207,0.0013845527221403014,7.433742744903437,99.9999448260336,100.0
selected_standard_60_20_0,selected,standard,60.0,20.0,0.0,HCOOH,4.298304760574229,20.065325078445422,20.06623808489893,0.010308805844300512,0.010308336797425658,0.262977817713643,3.143624547327732,24.29505758782601
selected_standard_60_20_0,selected,standard,60.0,20.0,0.0,PM2.5,226909809669.4787,1059259254082.7681,,,,0.12500000000182035,0.1250000000091027,0.1250000000182054
selected_standard_60_20_0,selected,standard,60.0,20.0,0.0,PMcoarse,7942736472.1899605,37078243215.50083,,,,0.1250000000520094,0.12500000026004898,0.1250000005200979
selected_standard_60_20_0,selected,standard,60.0,20.0,0.0,PM10,218967386824.4722,1022182474940.1378,,,,0.12500000000188655,0.12500000000943293,0.1250000000188657
selected_standard_60_20_0.0001,selected,standard,60.0,20.0,0.0001,H2CO,1.4050447044969068,6.55902275801224,6.559140183227978,0.005165182002804982,0.005165089532969903,1.0399308110084338,70.3766408640707,99.99787883726825
selected_standard_60_20_0.0001,selected,standard,60.0,20.0,0.0001,CH3OH,1.70156014410992,7.943214670411309,7.943285521019845,0.005861607767110331,0.005861555484150565,0.7432622574962209,46.61856682408413,99.78387765969921
selected_standard_60_20_0.0001,selected,standard,60.0,20.0,0.0001,CH3CN,0.1801801526021151,0.8411160994927568,0.8411236960070216,0.00048445245978443434,0.00048444808450641175,99.42423442006996,100.0,100.0
selected_standard_60_20_0.0001,selected,standard,60.0,20.0,0.0001,CH3Cl,0.7528932793945607,3.514652692614211,3.5146765447153556,0.0016461113109262858,0.001646100139709537,4.50251964334533,99.98513871390247,100.0
selected_standard_60_20_0.0001,selected,standard,60.0,20.0,0.0001,HCOOH,4.475490945288578,20.89246475181468,20.893378325777945,0.01073373991082326,0.0107332705723966,0.25559040469920064,2.831566089645211,21.50707029859353
selected_standard_60_20_0.0001,selected,standard,60.0,20.0,0.0001,PM2.5,262358571678.41,1224740990013.151,,,,0.1250000000015744,0.12500000000787265,0.12500000001574543
selected_standard_60_20_0.0001,selected,standard,60.0,20.0,0.0001,PMcoarse,9185658597.919323,42880446151.11126,,,,0.1250000000449721,0.12500000022486135,0.12500000044972295
selected_standard_60_20_0.0001,selected,standard,60.0,20.0,0.0001,PM10,253173250715.67673,1181862120008.9495,,,,0.12500000000163153,0.12500000000815825,0.12500000001631667
selected_standard_60_20_0.001,selected,standard,60.0,20.0,0.001,H2CO,5.54394682648758,25.880225225404438,25.88034327211469,0.02038021441245595,0.020380121453207292,0.22348022214437363,1.6941686156490303,11.1313519435978
selected_standard_60_20_0.001,selected,standard,60.0,20.0,0.001,CH3OH,9.143014833499953,42.68137674042364,42.6814537000538,0.03149602766484393,0.031495970873839166,0.1784330561780782,0.6634329659880239,2.6827570583856497
selected_standard_60_20_0.001,selected,standard,60.0,20.0,0.001,CH3CN,0.9177438628041577,4.284207372827962,4.284215526366391,0.0024675309468127704,0.002467526250711868,2.6574224803020425,99.23416263076545,99.99999999999983
selected_standard_60_20_0.001,selected,standard,60.0,20.0,0.001,CH3Cl,4.014111724913891,18.738656551388004,18.738680852935232,0.008776328094895185,0.008776316713178758,0.2766709474563678,3.7723624338976567,29.731788980624696
selected_standard_60_20_0.001,selected,standard,60.0,20.0,0.001,HCOOH,13.165760363539034,61.46033757830382,61.461254422154674,0.03157503345193365,0.03157456243363874,0.160236008346711,0.41018586528381096,1.1793348117839912
selected_standard_60_20_0.001,selected,standard,60.0,20.0,0.001,PM2.5,1300005986036.9487,6068681530685.959,,,,0.12500000000031772,0.12500000000158867,0.1250000000031775
selected_standard_60_20_0.001,selected,standard,60.0,20.0,0.001,PMcoarse,45535428003.60104,212568260366.0563,,,,0.12500000000907197,0.12500000004536022,0.1250000000907203
selected_standard_60_20_0.001,selected,standard,60.0,20.0,0.001,PM10,1254471913199.985,5856119596502.114,,,,0.1250000000003291,0.12500000000164635,0.12500000000329267
selected_standard_60_100_0,selected,standard,60.0,100.0,0.0,H2CO,0.5762765159138197,2.6901711886385518,2.6901943361256544,0.002118470253850521,0.00211845202570164,9.886195241757761,99.99999921186784,100.0
selected_standard_60_100_0,selected,standard,60.0,100.0,0.0,CH3OH,0.6377568784462927,2.977173513710993,2.9771872332286993,0.0021969629272742667,0.002196952803197607,7.27867755918704,99.99992700093017,100.0
selected_standard_60_100_0,selected,standard,60.0,100.0,0.0,CH3CN,0.06863622651675323,0.3204072940217674,0.32040877655814193,0.00018454220309924223,0.0001845413492196086,100.0,100.0,100.0
selected_standard_60_100_0,selected,standard,60.0,100.0,0.0,CH3Cl,0.28127232258966106,1.3130340687096684,1.3130388072692165,0.0006149664143577866,0.0006149641950365004,70.26134314774,100.0,100.0
selected_standard_60_100_0,selected,standard,60.0,100.0,0.0,HCOOH,1.909138953841104,8.912233045947934,8.912413130869334,0.004578652768974618,0.004578560252356289,0.6217643521190366,34.29741039559916,98.66069889103461
selected_standard_60_100_0,selected,standard,60.0,100.0,0.0,PM2.5,100784469815.84038,470481564793.33575,,,,0.12500000000409872,0.12500000002049422,0.12500000004098838
selected_standard_60_100_0,selected,standard,60.0,100.0,0.0,PMcoarse,3527853138.865631,16468706618.861557,,,,0.12500000011709658,0.12500000058548358,0.12500000117096738
selected_standard_60_100_0,selected,standard,60.0,100.0,0.0,PM10,97256755977.90517,454013508458.3904,,,,0.12500000000424744,0.12500000002123754,0.12500000004247494
selected_standard_60_100_0.0001,selected,standard,60.0,100.0,0.0001,H2CO,0.7891452608129692,3.6838840134293855,3.6839072088235016,0.0029009977959724483,0.002900979530097823,3.9531603197881857,99.95378803511242,100.0
selected_standard_60_100_0.0001,selected,standard,60.0,100.0,0.0001,CH3OH,1.1095830804938067,5.1797502624445695,5.1797647628084205,0.003822316255048083,0.003822305554759752,1.6914585469080978,93.09436108279397,99.99999989446658
selected_standard_60_100_0.0001,selected,standard,60.0,100.0,0.0001,CH3CN,0.1143479055786183,0.5337983287085108,0.5337998713848428,0.0003074466478029683,0.00030744575928520664,99.99999947330231,100.0,100.0
selected_standard_60_100_0.0001,selected,standard,60.0,100.0,0.0001,CH3Cl,0.4900544979429807,2.287669989706971,2.2876747091576646,0.0010714406195149353,0.0010714384091433495,16.286473878097347,99.99999999996504,100.0
selected_standard_60_100_0.0001,selected,standard,60.0,100.0,0.0001,HCOOH,2.2795612402172942,10.641436535801525,10.641616927902282,0.005467011918976684,0.005466919244548388,0.4873745835863767,20.328723367717117,91.36324155498454
selected_standard_60_100_0.0001,selected,standard,60.0,100.0,0.0001,PM2.5,164274525418.90973,766865529143.4973,,,,0.12500000000251466,0.12500000001257353,0.12500000002514683
selected_standard_60_100_0.0001,selected,standard,60.0,100.0,0.0001,PMcoarse,5753057426.11032,26856394294.95603,,,,0.12500000007180523,0.1250000003590264,0.1250000007180531
selected_standard_60_100_0.0001,selected,standard,60.0,100.0,0.0001,PM10,158521657676.54803,740010020329.2808,,,,0.12500000000260564,0.12500000001302958,0.1250000000260593
selected_standard_60_100_0.001,selected,standard,60.0,100.0,0.001,H2CO,5.419508386303757,25.29932231283164,25.299346550181756,0.01992269197384574,0.019922672887453148,0.2264014311558426,1.7831523294325267,11.936728492404248
selected_standard_60_100_0.001,selected,standard,60.0,100.0,0.001,CH3OH,9.047264368526937,42.23439489220328,42.234410710165946,0.031166140157360453,0.03116612848477326,0.179095781666683,0.6742667081764337,2.7553289692063014
selected_standard_60_100_0.001,selected,standard,60.0,100.0,0.001,CH3CN,0.9063544775714204,4.231039500871859,4.23104134799814,0.002436904819371819,0.0024369037555034786,2.742766380420624,99.36712643752037,99.99999999999994
selected_standard_60_100_0.001,selected,standard,60.0,100.0,0.001,CH3Cl,3.9701926607613847,18.533633792777604,18.53363884989625,0.008680295940549447,0.00868029357202987,0.2790237896504982,3.886963369451822,30.69297450426154
selected_standard_60_100_0.001,selected,standard,60.0,100.0,0.001,HCOOH,12.58654461636345,58.75644548478923,58.75662892641776,0.03018556229151324,0.03018546805042409,0.16205679310584623,0.43185756757923743,1.2912202667468506
selected_standard_60_100_0.001,selected,standard,60.0,100.0,0.001,PM2.5,1282625783761.2046,5987547356164.245,,,,0.12500000000032213,0.12500000000161018,0.1250000000032206
selected_standard_60_100_0.001,selected,standard,60.0,100.0,0.001,PMcoarse,44927129939.66949,209728606344.93356,,,,0.1250000000091948,0.12500000004597425,0.1250000000919488
selected_standard_60_100_0.001,selected,standard,60.0,100.0,0.001,PM10,1237699981640.568,5777824948337.571,,,,0.12500000000033348,0.12500000000166864,0.12500000000333736
selected_standard_90_2_0,selected,standard,90.0,2.0,0.0,H2CO,3.86905972562396,18.061525523889134,18.06243575152119,0.014223780170019858,0.014223063385311464,0.28471807791867504,4.17225121971319,33.04270923527783
selected_standard_90_2_0,selected,standard,90.0,2.0,0.0,CH3OH,4.352223595953043,20.317028719762504,20.31758121971621,0.01499300151948875,0.014992593811870611,0.2606456370008124,3.043053654936003,23.402196762226268
selected_standard_90_2_0,selected,standard,90.0,2.0,0.0,CH3CN,0.4743714567221077,2.214458494048986,2.2145194788235982,0.0012754716266460762,0.0012754365019382475,18.002001776727667,99.99999999999719,100.0
selected_standard_90_2_0,selected,standard,90.0,2.0,0.0,CH3Cl,1.9214123167655992,8.969527498203766,8.969716537219309,0.004200998771827253,0.004200910234729249,0.6159174803090045,33.68450679111724,98.54143393094948
selected_standard_90_2_0,selected,standard,90.0,2.0,0.0,HCOOH,11.74776310030437,54.840849749490964,54.846468659480706,0.02817676109811529,0.028173874445824223,0.1650519546563251,0.46921330141843465,1.4923473868536767
selected_standard_90_2_0,selected,standard,90.0,2.0,0.0,PM2.5,682800946717.567,3187448010998.6313,,,,0.12500000000060485,0.12500000000302472,0.12500000000605005
selected_standard_90_2_0,selected,standard,90.0,2.0,0.0,PMcoarse,23894445186.067146,111543931138.90808,,,,0.1250000000172883,0.12500000008644235,0.1250000001728854
selected_standard_90_2_0,selected,standard,90.0,2.0,0.0,PM10,658907335707.6809,3075907973956.8564,,,,0.12500000000062672,0.12500000000313446,0.12500000000626937
selected_standard_90_2_0.0001,selected,standard,90.0,2.0,0.0001,H2CO,3.9187967425702164,18.293707621029554,18.294617709607454,0.014406618474703415,0.01440590179949718,0.28186793535371035,4.028055730010345,31.862838539847203
selected_standard_90_2_0.0001,selected,standard,90.0,2.0,0.0001,CH3OH,4.480144739362636,20.91418957035259,20.914744155752977,0.01543366739947516,0.015433258152938343,0.25540669678523187,2.8240482452460904,21.439302237555257
selected_standard_90_2_0.0001,selected,standard,90.0,2.0,0.0001,CH3CN,0.4864944025631723,2.271050770018001,2.27111183525282,0.0013080664832733292,0.001308031312223749,16.656730372773172,99.9999999999798,100.0
selected_standard_90_2_0.0001,selected,standard,90.0,2.0,0.0001,CH3Cl,1.9783478145642843,9.235313508147161,9.235502170269797,0.004325480422209549,0.004325392061630684,0.5903358716552439,30.99542642563741,97.88918431157431
selected_standard_90_2_0.0001,selected,standard,90.0,2.0,0.0001,HCOOH,11.835667573948344,55.2512049796958,55.25682429117012,0.028387576723660216,0.028384689865110932,0.164715668177682,0.46491191047002106,1.4686733495618072
selected_standard_90_2_0.0001,selected,standard,90.0,2.0,0.0001,PM2.5,699915106160.2073,3267340245679.3213,,,,0.12500000000059014,0.1250000000029508,0.12500000000590183
selected_standard_90_2_0.0001,selected,standard,90.0,2.0,0.0001,PMcoarse,24494698656.30257,114346031427.42502,,,,0.12500000001686465,0.12500000008432405,0.12500000016864865
selected_standard_90_2_0.0001,selected,standard,90.0,2.0,0.0001,PM10,675421254788.0283,3152998169539.462,,,,0.1250000000006114,0.12500000000305803,0.12500000000611594
selected_standard_90_2_0.001,selected,standard,90.0,2.0,0.001,H2CO,7.32772359320387,34.20724312786677,34.208150852393125,0.026938183999150787,0.026937469185584362,0.19454537097669894,0.9616050281927724,4.85920466493884
selected_standard_90_2_0.001,selected,standard,90.0,2.0,0.001,CH3OH,11.331129013305272,52.895920559946624,52.89653213846319,0.039034065037134455,0.039033613733530495,0.16672602573959147,0.4910353024878579,1.6144405355473204
selected_standard_90_2_0.001,selected,standard,90.0,2.0,0.001,CH3CN,1.1515669318698423,5.375739070318851,5.375803854545338,0.0030962406754397177,0.0030962033624047547,1.558250432173353,90.63433081906854,99.99999924524293
selected_standard_90_2_0.001,selected,standard,90.0,2.0,0.001,CH3Cl,4.979908188757743,23.247182839331117,23.247371474563202,0.010887989448452299,0.01088790110046772,0.23822845838311685,2.172766739742089,15.498802461743239
selected_standard_90_2_0.001,selected,standard,90.0,2.0,0.001,HCOOH,18.562532740191514,86.65352376304514,86.65915381810458,0.04452017301710956,0.04451728063916333,0.14915722156235642,0.2943753493073489,0.6484455778090459
selected_standard_90_2_0.001,selected,standard,90.0,2.0,0.001,PM2.5,1636175002680.1309,7637984075753.898,,,,0.12500000000025224,0.12500000000126202,0.12500000000252473
selected_standard_90_2_0.001,selected,standard,90.0,2.0,0.001,PMcoarse,57303371222.09398,267503314843.72037,,,,0.12500000000720876,0.12500000003604492,0.1250000000720898
selected_standard_90_2_0.001,selected,standard,90.0,2.0,0.001,PM10,1578873363696.6191,7370488847337.782,,,,0.1250000000002614,0.125000000001308,0.12500000000261635
selected_standard_90_20_0,selected,standard,90.0,20.0,0.0,H2CO,1.1359950283769085,5.303046387254155,5.303124836652359,0.004176096896807674,0.004176035119591695,1.6054305118666703,91.5911673475931,99.99999962541636
selected_standard_90_20_0,selected,standard,90.0,20.0,0.0,CH3OH,1.2778568570659357,5.965285076091981,5.965332699101357,0.004402012289489045,0.0044019771469273284,1.2520126453711242,81.31220127763203,99.9999215580714
selected_standard_90_20_0,selected,standard,90.0,20.0,0.0,CH3CN,0.13928025517256315,0.65018740008397,0.6501926567082792,0.00037448407811051926,0.0003744810505123326,99.99838368401038,100.0,100.0
selected_standard_90_20_0,selected,standard,90.0,20.0,0.0,CH3Cl,0.5641460774283226,2.6335439355437598,2.633560230205602,0.0012334373384843486,0.0012334297068212852,10.551268686684189,99.99999973838618,100.0
selected_standard_90_20_0,selected,standard,90.0,20.0,0.0,HCOOH,3.4492619903032695,16.10182780685719,16.10231193858979,0.008272383030489714,0.008272134313215789,0.31339760111845644,5.777193629705252,45.05901250746753
selected_standard_90_20_0,selected,standard,90.0,20.0,0.0,PM2.5,200477256314.11053,935866938909.2018,,,,0.12500000000206038,0.12500000001030281,0.12500000002060588
selected_standard_90_20_0,selected,standard,90.0,20.0,0.0,PMcoarse,7015650512.621215,32750425112.643875,,,,0.12500000005888265,0.12500000029441305,0.12500000058882652
selected_standard_90_20_0,selected,standard,90.0,20.0,0.0,PM10,193461850724.05493,903117657142.8704,,,,0.12500000000213526,0.12500000001067643,0.12500000002135303
selected_standard_90_20_0.0001,selected,standard,90.0,20.0,0.0001,H2CO,1.2952989382704005,6.046708113523482,6.046786464063984,0.0047617144544115165,0.004761652755043855,1.2182673876617298,79.86394481719732,99.99986791990712
selected_standard_90_20_0.0001,selected,standard,90.0,20.0,0.0001,CH3OH,1.6581716334907046,7.740668639187634,7.740717946346482,0.005712126590092582,0.0057120902047424,0.775454547348242,49.68196491137672,99.86825245386727
selected_standard_90_20_0.0001,selected,standard,90.0,20.0,0.0001,CH3CN,0.17542531890912094,0.8189196083041871,0.8189249589637286,0.00047166690539358365,0.0004716638236349925,99.62867656361733,100.0,100.0
selected_standard_90_20_0.0001,selected,standard,90.0,20.0,0.0001,CH3Cl,0.7318346551210588,3.416346926669358,3.416363076602456,0.0016000658470498536,0.0016000582831710143,4.876857623055562,99.99301793956937,100.0
selected_standard_90_20_0.0001,selected,standard,90.0,20.0,0.0001,HCOOH,3.7373140208496505,17.446510874804023,17.44699528694204,0.008963199091854966,0.008962950230525886,0.2927711365022074,4.594778566558214,36.40616613307006
selected_standard_90_20_0.0001,selected,standard,90.0,20.0,0.0001,PM2.5,251406961625.96194,1173616737993.9937,,,,0.12500000000164294,0.12500000000821554,0.12500000001643138
selected_standard_90_20_0.0001,selected,standard,90.0,20.0,0.0001,PMcoarse,8801341296.079721,41086378018.61978,,,,0.1250000000469358,0.12500000023468016,0.12500000046936013
selected_standard_90_20_0.0001,selected,standard,90.0,20.0,0.0001,PM10,242605907444.34122,1132531700281.6748,,,,0.12500000000170267,0.12500000000851375,0.12500000001702732
selected_standard_90_20_0.001,selected,standard,90.0,20.0,0.001,H2CO,6.325183776806149,29.52719170279801,29.527270332757244,0.023252091136076004,0.02325202921667209,0.20834450029841942,1.2779399949156873,7.460046209700863
selected_standard_90_20_0.001,selected,standard,90.0,20.0,0.001,CH3OH,10.501543241318341,49.023252351760505,49.023306818955966,0.036175886572251945,0.03617584637914355,0.17051065924413905,0.5429233027771805,1.9174705222519093
selected_standard_90_20_0.001,selected,standard,90.0,20.0,0.001,CH3CN,1.0532326848759979,4.91669562361545,4.916701419165791,0.0028318166612685733,0.0028318133232712824,1.9045059942109996,95.76413500291838,99.9999999951398
selected_standard_90_20_0.001,selected,standard,90.0,20.0,0.001,CH3Cl,4.608429309594812,21.51304696824296,21.513063449789726,0.01007572009168819,0.010075712372496905,0.25053291097461006,2.6288861287415553,19.671745371024375
selected_standard_90_20_0.001,selected,standard,90.0,20.0,0.001,HCOOH,14.773812081494398,68.96703667504643,68.96752345011502,0.035431295382891366,0.03543104530763308,0.1560033935148627,0.3627523904439773,0.9476145054587094
selected_standard_90_20_0.001,selected,standard,90.0,20.0,0.001,PM2.5,1490764115165.3438,6959177688014.265,,,,0.12500000000027692,0.12500000000138556,0.12500000000277095
selected_standard_90_20_0.001,selected,standard,90.0,20.0,0.001,PMcoarse,52217073621.92439,243759485478.88837,,,,0.1250000000079111,0.12500000003955603,0.1250000000791118
selected_standard_90_20_0.001,selected,standard,90.0,20.0,0.001,PM10,1438548585444.8484,6715425409768.411,,,,0.1250000000002868,0.12500000000143563,0.12500000000287134
selected_standard_90_100_0,selected,standard,90.0,100.0,0.0,H2CO,0.5045645743210156,2.355405856672218,2.3554213322405353,0.00185484370427411,0.001854831517596478,14.88369544062405,99.99999999971348,100.0
selected_standard_90_100_0,selected,standard,90.0,100.0,0.0,CH3OH,0.5675740571737712,2.6495464136801785,2.6495558084086737,0.0019551930828701444,0.0019551861501955767,10.357215331460212,99.99999963976396,100.0
selected_standard_90_100_0,selected,standard,90.0,100.0,0.0,CH3CN,0.06186284497660012,0.2887878277312113,0.2887888647211759,0.00016633044168970837,0.00016632984442637897,100.0,100.0,100.0
selected_standard_90_100_0,selected,standard,90.0,100.0,0.0,CH3Cl,0.2505716330158497,1.1697172610972022,1.1697204756080892,0.0005478427619223466,0.0005478412563946934,83.33612479480415,100.0,100.0
selected_standard_90_100_0,selected,standard,90.0,100.0,0.0,HCOOH,1.5320273266772741,7.15180240843007,7.151897905700824,0.003674207722254313,0.0036741586615973683,0.8879341661377084,59.49542212292431,99.97708005513766
selected_standard_90_100_0,selected,standard,90.0,100.0,0.0,PM2.5,89044156791.60788,415675493452.20996,,,,0.12500000000463926,0.1250000000231964,0.1250000000463925
selected_standard_90_100_0,selected,standard,90.0,100.0,0.0,PMcoarse,3116077582.7126646,14546457999.044493,,,,0.1250000001325704,0.1250000006628527,0.12500000132570577
selected_standard_90_100_0,selected,standard,90.0,100.0,0.0,PM10,85928187993.92818,401129543282.9197,,,,0.12500000000480732,0.1250000000240375,0.12500000004807477
selected_standard_90_100_0.0001,selected,standard,90.0,100.0,0.0001,H2CO,0.8011598590886401,3.7399705018281417,3.739985935418319,0.002945158588584937,0.002945146434964189,3.793647105294983,99.93536833803348,100.0
selected_standard_90_100_0.0001,selected,standard,90.0,100.0,0.0001,CH3OH,1.1920902587467959,5.564909864931737,5.5649201098938015,0.004106534865602307,0.0041065273055128386,1.4463542291638158,87.91949512953667,99.99999595892754
selected_standard_90_100_0.0001,selected,standard,90.0,100.0,0.0001,CH3CN,0.12207812404581712,0.569884496421529,0.5698855875284411,0.0003282305277861844,0.00032822989935373155,99.99998817788497,100.0,100.0
selected_standard_90_100_0.0001,selected,standard,90.0,100.0,0.0001,CH3Cl,0.5243832886987502,2.447923481358509,2.4479266802567303,0.0011464952024526005,0.0011464937042371948,13.213844080073306,99.99999999628398,100.0
selected_standard_90_100_0.0001,selected,standard,90.0,100.0,0.0001,HCOOH,2.1008473722805516,9.807165339150023,9.80726096390157,0.005038370855239357,0.005038321729090578,0.5427333667679071,25.99987007799208,95.87748639741635
selected_standard_90_100_0.0001,selected,standard,90.0,100.0,0.0001,PM2.5,173792277898.37286,811296254314.1095,,,,0.12500000000237688,0.12500000001188472,0.1250000000237694
selected_standard_90_100_0.0001,selected,standard,90.0,100.0,0.0001,PMcoarse,6086243856.471353,28411773545.45566,,,,0.12500000006787432,0.12500000033937184,0.12500000067874403
selected_standard_90_100_0.0001,selected,standard,90.0,100.0,0.0001,PM10,167706220513.25906,782885351253.3252,,,,0.12500000000246297,0.12500000001231587,0.12500000002463243
selected_standard_90_100_0.001,selected,standard,90.0,100.0,0.001,H2CO,6.240714969731824,29.132874834324404,29.132891995598158,0.022941526666879406,0.022941513152744952,0.20975682500662782,1.313654497823314,7.766405819788261
selected_standard_90_100_0.001,selected,standard,90.0,100.0,0.001,CH3OH,10.433216280010518,48.70428876806136,48.7043005366306,0.035940481499969555,0.03594047281556098,0.17085298133177182,0.5477941222119078,1.9467924084254424
selected_standard_90_100_0.001,selected,standard,90.0,100.0,0.001,CH3CN,1.0448417844399545,4.877525263594819,4.877526901096052,0.0028092537591296275,0.002809252815996645,1.9402027726592628,96.09714399680918,99.99999999707431
selected_standard_90_100_0.001,selected,standard,90.0,100.0,0.001,CH3Cl,4.577911089073743,21.370581961762333,21.370585789504524,0.010008990170693774,0.01000898837795705,0.2516600266791319,2.673285614975974,20.075176126536864
selected_standard_90_100_0.001,selected,standard,90.0,100.0,0.001,HCOOH,14.440992095524079,67.41336805844374,67.41346984685036,0.034632917689977054,0.034632865397319273,0.15679417523482542,0.3713069691110267,0.9880154216085707
selected_standard_90_100_0.001,selected,standard,90.0,100.0,0.001,PM2.5,1478600520762.0132,6902395656627.411,,,,0.12500000000027928,0.12500000000139672,0.12500000000279352
selected_standard_90_100_0.001,selected,standard,90.0,100.0,0.001,PMcoarse,51791631543.6161,241773438867.76697,,,,0.12500000000797587,0.12500000003988074,0.1250000000797617
selected_standard_90_100_0.001,selected,standard,90.0,100.0,0.001,PM10,1426810418154.176,6660629355130.105,,,,0.12500000000028944,0.1250000000014476,0.125000000002895
selected_igra_01_30_2_0,selected,igra_01,30.0,2.0,0.0,H2CO,2.124537286100414,9.917754477974231,9.918382624953692,0.0070424457687534876,0.007041999759438771,0.5345332314182023,25.146465743588998,95.38671966125415
selected_igra_01_30_2_0,selected,igra_01,30.0,2.0,0.0,CH3OH,2.4192753034847754,11.293649036694081,11.294026218467277,0.007514659535122763,0.007514408571245613,0.45271836831836154,16.938287006351967,86.65280159570584
selected_igra_01_30_2_0,selected,igra_01,30.0,2.0,0.0,CH3CN,0.28611393340339086,1.3356356524251578,1.3356834800463584,0.000693647441496551,0.0006936226036456872,68.14544148559276,100.0,100.0
selected_igra_01_30_2_0,selected,igra_01,30.0,2.0,0.0,CH3Cl,1.0810333454720202,5.046474530260541,5.046601773811369,0.002131163692924248,0.0021311099583821076,1.7939300040577515,94.54070225923321,99.9999999762376
selected_igra_01_30_2_0,selected,igra_01,30.0,2.0,0.0,HCOOH,5.210965445211033,24.325803184029436,24.3277292345227,0.011269065669530263,0.011268173486405313,0.231695777331514,1.9517092097073905,13.47290718930909
selected_igra_01_30_2_0,selected,igra_01,30.0,2.0,0.0,PM2.5,427602475599.8349,1996131767099.8455,,,,0.12500000000096578,0.1250000000048304,0.1250000000096607
selected_igra_01_30_2_0,selected,igra_01,30.0,2.0,0.0,PMcoarse,14955052365.143328,69813101673.06197,,,,0.12500000002762268,0.12500000013811366,0.1250000002762277
selected_igra_01_30_2_0,selected,igra_01,30.0,2.0,0.0,PM10,412647793557.80646,1926320394167.3215,,,,0.12500000000100103,0.12500000000500527,0.12500000001001096
selected_igra_01_30_2_0.0001,selected,igra_01,30.0,2.0,0.0001,H2CO,2.1452993220274976,10.014675711663497,10.015303557983758,0.007111263482339569,0.00711081768650483,0.5275835212299546,24.42601111283469,94.92904837784921
selected_igra_01_30_2_0.0001,selected,igra_01,30.0,2.0,0.0001,CH3OH,2.4697112284111253,11.529093772619246,11.529472334756337,0.007671317344176381,0.007671065461852213,0.4416695556208682,15.89425828428499,84.74870144208184
selected_igra_01_30_2_0.0001,selected,igra_01,30.0,2.0,0.0001,CH3CN,0.29080772741822664,1.3575471984892762,1.3575950693771912,0.0007050265729341337,0.0007050017126139901,66.10596111856034,100.0,100.0
selected_igra_01_30_2_0.0001,selected,igra_01,30.0,2.0,0.0001,CH3Cl,1.1023633495153577,5.14604714990814,5.14617429037779,0.002173212846321028,0.002173159155309737,1.7163920819582166,93.47798818138321,99.99999992670787
selected_igra_01_30_2_0.0001,selected,igra_01,30.0,2.0,0.0001,HCOOH,5.2574819183672785,24.542951154537267,24.544877266502777,0.011369652757161945,0.011368760545561882,0.2304686256168356,1.9117999016589549,13.108217780015869
selected_igra_01_30_2_0.0001,selected,igra_01,30.0,2.0,0.0001,PM2.5,435120984939.6625,2031229635308.896,,,,0.12500000000094913,0.12500000000474687,0.1250000000094936
selected_igra_01_30_2_0.0001,selected,igra_01,30.0,2.0,0.0001,PMcoarse,15218812975.99326,71044387655.41893,,,,0.12500000002714404,0.1250000001357201,0.12500000027144026
selected_igra_01_30_2_0.0001,selected,igra_01,30.0,2.0,0.0001,PM10,419902550314.0062,1960187013866.6538,,,,0.12500000000098374,0.12500000000491893,0.12500000000983788
selected_igra_01_30_2_0.001,selected,igra_01,30.0,2.0,0.001,H2CO,3.6417795061444913,17.00053712455872,17.001158320985212,0.012071497945673321,0.012071056871527389,0.299114604177393,4.943197874740185,39.072455195795186
selected_igra_01_30_2_0.001,selected,igra_01,30.0,2.0,0.001,CH3OH,5.39841528961009,25.200855622905035,25.20129205395323,0.01676807951100666,0.01676778912468434,0.22691346361411432,1.7990427947717214,12.081024679221086
selected_igra_01_30_2_0.001,selected,igra_01,30.0,2.0,0.001,CH3CN,0.5800348572353855,2.7077158590548245,2.707766514357257,0.0014061979075976566,0.0014061716012747473,9.691927578501753,99.99999890846809,100.0
selected_igra_01_30_2_0.001,selected,igra_01,30.0,2.0,0.001,CH3Cl,2.386527539381892,11.140776085863854,11.140904113852201,0.004704767964257382,0.0047047138984498,0.46028031613586423,17.663966693328483,87.83639096660559
selected_igra_01_30_2_0.001,selected,igra_01,30.0,2.0,0.001,HCOOH,8.698075871179935,40.60431487154289,40.60624346291333,0.01880958225756421,0.018808688897456752,0.18165707438945583,0.7172588407200623,3.0488521291690525
selected_igra_01_30_2_0.001,selected,igra_01,30.0,2.0,0.001,PM2.5,883747305660.0829,4125504812483.5264,,,,0.12500000000046738,0.12500000000233694,0.12500000000467423
selected_igra_01_30_2_0.001,selected,igra_01,30.0,2.0,0.001,PMcoarse,30945013482.002647,144457359275.3595,,,,0.12500000001334952,0.12500000006674739,0.12500000013349477
selected_igra_01_30_2_0.001,selected,igra_01,30.0,2.0,0.001,PM10,852803151348.2861,3981051463982.2837,,,,0.1250000000004842,0.1250000000024218,0.12500000000484385
selected_igra_01_30_20_0,selected,igra_01,30.0,20.0,0.0,H2CO,0.6237856119261551,2.9119529162662667,2.9120070512978504,0.0020676407144646345,0.0020676022764411646,7.777086769761728,99.99997015740286,100.0
selected_igra_01_30_20_0,selected,igra_01,30.0,20.0,0.0,CH3OH,0.7103236836390824,3.315929515717473,3.3159620261679246,0.0022063279450602762,0.0022063063137162586,5.3097709195443175,99.99703655757096,100.0
selected_igra_01_30_20_0,selected,igra_01,30.0,20.0,0.0,CH3CN,0.08400594257581138,0.3921561267050982,0.39216024909956926,0.0002036567476563573,0.00020365460681354505,100.0,100.0,100.0
selected_igra_01_30_20_0,selected,igra_01,30.0,20.0,0.0,CH3Cl,0.31740232150365355,1.4816959513995056,1.4817069192183598,0.000625720064971158,0.000625715433296542,55.062245358748484,100.0,100.0
selected_igra_01_30_20_0,selected,igra_01,30.0,20.0,0.0,HCOOH,1.5299921586841039,7.142301847244466,7.142467803191576,0.0033085265764324673,0.003308449702489642,0.8900219122931395,59.663595382215426,99.97781607133956
selected_igra_01_30_20_0,selected,igra_01,30.0,20.0,0.0,PM2.5,125548410701.30467,586084471466.6783,,,,0.12500000000329037,0.12500000001645165,0.12500000003290343
selected_igra_01_30_20_0,selected,igra_01,30.0,20.0,0.0,PMcoarse,4390954599.695127,20497832600.359276,,,,0.12500000009407966,0.12500000047039891,0.1250000009407981
selected_igra_01_30_20_0,selected,igra_01,30.0,20.0,0.0,PM10,121157564832.2192,565587146442.0146,,,,0.12500000000340944,0.12500000001704814,0.12500000003409603
selected_igra_01_30_20_0.0001,selected,igra_01,30.0,20.0,0.0001,H2CO,0.6909215718298709,3.225356673086332,3.2254105850517085,0.002290169676459338,0.002290131396821739,5.751299791677901,99.99874205756434,100.0
selected_igra_01_30_20_0.0001,selected,igra_01,30.0,20.0,0.0001,CH3OH,0.8642509631028156,4.034492082339181,4.034525852313168,0.00268443578749713,0.0026844133181091446,3.1001791319504037,99.71277093145065,100.0
selected_igra_01_30_20_0.0001,selected,igra_01,30.0,20.0,0.0001,CH3CN,0.09852470850145038,0.45993255817360207,0.45993673387728695,0.00023885444678344549,0.00023885227825608046,99.99999999994849,100.0,100.0
selected_igra_01_30_20_0.0001,selected,igra_01,30.0,20.0,0.0001,CH3Cl,0.38323342106200137,1.789008365592604,1.7890192907650497,0.0007554970907760144,0.0007554924771108394,33.94496214497755,100.0,100.0
selected_igra_01_30_20_0.0001,selected,igra_01,30.0,20.0,0.0001,HCOOH,1.6814424831162091,7.849301504607114,7.849467502578505,0.0036360222487134383,0.0036359453553041696,0.7578329874216109,48.01790584678918,99.82718046556211
selected_igra_01_30_20_0.0001,selected,igra_01,30.0,20.0,0.0001,PM2.5,148570319780.1083,693555233854.1494,,,,0.12500000000278028,0.12500000001390227,0.12500000002780504
selected_igra_01_30_20_0.0001,selected,igra_01,30.0,20.0,0.0001,PMcoarse,5198420611.640019,24267241453.840775,,,,0.12500000007946618,0.1250000003973323,0.1250000007946646
selected_igra_01_30_20_0.0001,selected,igra_01,30.0,20.0,0.0001,PM10,143372032663.5115,669288615581.2108,,,,0.1250000000028813,0.12500000001440645,0.12500000002881304
selected_igra_01_30_20_0.001,selected,igra_01,30.0,20.0,0.001,H2CO,3.0172044967592746,14.0848991469684,14.08495268204606,0.010000876067153285,0.01000083805512094,0.35522183134694085,8.594149938651869,61.4468523357801
selected_igra_01_30_20_0.001,selected,igra_01,30.0,20.0,0.001,CH3OH,4.831144039185339,22.552722770196794,22.552762944538873,0.015005838646578082,0.015005811915942174,0.24286274002873914,2.33842929121673,17.018401058207473
selected_igra_01_30_20_0.001,selected,igra_01,30.0,20.0,0.001,CH3CN,0.5075218104171187,2.369210811627086,2.369215349683603,0.0012303814415712839,0.0012303790848667655,14.617444481409025,99.99999999957082,100.0
selected_igra_01_30_20_0.001,selected,igra_01,30.0,20.0,0.001,CH3Cl,2.142936265752432,10.003644504017922,10.00365575110982,0.004224511639478327,0.0042245068898676035,0.5283636762309422,24.506745654087258,94.98243511419669
selected_igra_01_30_20_0.001,selected,igra_01,30.0,20.0,0.001,HCOOH,7.12518750817009,33.26176517488525,33.26193235543783,0.015407558033693989,0.01540748059249068,0.19695731181781748,1.0127093164032186,5.263014537559569
selected_igra_01_30_20_0.001,selected,igra_01,30.0,20.0,0.001,PM2.5,775013804755.2418,3617915619975.5474,,,,0.12500000000053277,0.1250000000026649,0.12500000000533015
selected_igra_01_30_20_0.001,selected,igra_01,30.0,20.0,0.001,PMcoarse,27146577677.75379,126725519992.82396,,,,0.12500000001521716,0.1250000000760868,0.12500000015217383
selected_igra_01_30_20_0.001,selected,igra_01,30.0,20.0,0.001,PM10,747868010622.6713,3491193757724.4824,,,,0.12500000000055217,0.1250000000027616,0.12500000000552358
selected_igra_01_30_100_0,selected,igra_01,30.0,100.0,0.0,H2CO,0.27706118682821085,1.293375665522902,1.293386344513942,0.0009183556970638929,0.0009183481145559268,72.10520276437416,100.0,100.0
selected_igra_01_30_100_0,selected,igra_01,30.0,100.0,0.0,CH3OH,0.31549800597504996,1.4728062350434559,1.4728126484317359,0.0009799592632333167,0.00097995499598367,55.81382587041988,100.0,100.0
selected_igra_01_30_100_0,selected,igra_01,30.0,100.0,0.0,CH3CN,0.03731215620668004,0.17418042353161356,0.1741812367623027,9.045583855890985e-05,9.045541623176775e-05,100.0,100.0,100.0
selected_igra_01_30_100_0,selected,igra_01,30.0,100.0,0.0,CH3Cl,0.14097770307326687,0.6581114179999995,0.6581135816531555,0.0002779192482192408,0.000277918334515474,99.99764912958688,100.0,100.0
selected_igra_01_30_100_0,selected,igra_01,30.0,100.0,0.0,HCOOH,0.679562699859142,3.172331242989405,3.172363978821545,0.001469499173571088,0.001469484009712654,6.0354219914100415,99.99926898096216,100.0
selected_igra_01_30_100_0,selected,igra_01,30.0,100.0,0.0,PM2.5,55763695200.40442,260315806834.96732,,,,0.12500000000740794,0.12500000003704015,0.1250000000740802
selected_igra_01_30_100_0,selected,igra_01,30.0,100.0,0.0,PMcoarse,1950290350.087873,9104335790.894531,,,,0.12500000021181448,0.12500000105907338,0.1250000021181471
selected_igra_01_30_100_0,selected,igra_01,30.0,100.0,0.0,PM10,53813453144.20347,251211696489.35745,,,,0.1250000000076765,0.1250000000383825,0.12500000007676523
selected_igra_01_30_100_0.0001,selected,igra_01,30.0,100.0,0.0001,H2CO,0.4054915891868224,1.8929138362264637,1.8929244109349996,0.0013440515467532306,0.001344044038289986,28.869572207943804,100.0,100.0
selected_igra_01_30_100_0.0001,selected,igra_01,30.0,100.0,0.0001,CH3OH,0.5784927329241146,2.7005169219527265,2.700524132208421,0.0017968365777960083,0.0017968317803379844,9.770992799835104,99.99999904415928,100.0
selected_igra_01_30_100_0.0001,selected,igra_01,30.0,100.0,0.0001,CH3CN,0.0629258686277786,0.2937502294954181,0.2937510807040891,0.00015255087646975037,0.0001525504344198743,100.0,100.0,100.0
selected_igra_01_30_100_0.0001,selected,igra_01,30.0,100.0,0.0001,CH3Cl,0.2555919230291286,1.1931529541705468,1.193155122077434,0.0005038655693804841,0.0005038646538803803,81.30374919278871,100.0,100.0
selected_igra_01_30_100_0.0001,selected,igra_01,30.0,100.0,0.0001,HCOOH,0.9732163754135468,4.543163882528045,4.543196640733881,0.002104494866761611,0.0021044796925392567,2.2976720843420426,98.27535608446158,99.99999999997945
selected_igra_01_30_100_0.0001,selected,igra_01,30.0,100.0,0.0001,PM2.5,95714249929.13591,446812789331.1853,,,,0.12500000000431574,0.12500000002157974,0.12500000004315964
selected_igra_01_30_100_0.0001,selected,igra_01,30.0,100.0,0.0001,PMcoarse,3350947566.5320354,15642876898.823786,,,,0.1250000001232785,0.1250000006163931,0.12500000123278615
selected_igra_01_30_100_0.0001,selected,igra_01,30.0,100.0,0.0001,PM10,92363393673.43672,431170338689.1409,,,,0.12500000000447237,0.12500000002236253,0.12500000004472542
selected_igra_01_30_100_0.001,selected,igra_01,30.0,100.0,0.001,H2CO,2.963719218904114,13.835219436744364,13.835230639915556,0.009823563494583052,0.00982355553988635,0.36164384133938277,9.073018574574904,63.71298100235363
selected_igra_01_30_100_0.001,selected,igra_01,30.0,100.0,0.001,CH3OH,4.783429639724935,22.32998264602563,22.32999100197724,0.01485761380010205,0.014857608240337071,0.24442825547256747,2.3960612856443912,17.54638939146973
selected_igra_01_30_100_0.001,selected,igra_01,30.0,100.0,0.001,CH3CN,0.5012846791761335,2.3400946663376168,2.340095837076274,0.00121525908981696,0.0012152584818287007,15.18651061082361,99.99999999981868,100.0
selected_igra_01_30_100_0.001,selected,igra_01,30.0,100.0,0.001,CH3Cl,2.122711446447795,9.909231102315307,9.90923374320711,0.004184637529319782,0.00418463641407967,0.5351548225504144,25.211036642794372,95.42573686289447
selected_igra_01_30_100_0.001,selected,igra_01,30.0,100.0,0.001,HCOOH,6.988809655677935,32.625126756675506,32.625163476003095,0.015112594609467766,0.015112577600378674,0.19867647208192582,1.050201504494481,5.563815364184734
selected_igra_01_30_100_0.001,selected,igra_01,30.0,100.0,0.001,PM2.5,765761719579.759,3574725081602.757,,,,0.1250000000005393,0.12500000000269704,0.12500000000539446
selected_igra_01_30_100_0.001,selected,igra_01,30.0,100.0,0.001,PMcoarse,26823398792.805496,125216857916.44975,,,,0.12500000001540057,0.1250000000770033,0.1250000001540073
selected_igra_01_30_100_0.001,selected,igra_01,30.0,100.0,0.001,PM10,738939098356.5366,3449511853532.7993,,,,0.12500000000055875,0.12500000000279513,0.12500000000559036
selected_igra_01_45_2_0,selected,igra_01,45.0,2.0,0.0,H2CO,1.9426947236256213,9.068877924915023,9.069248836480078,0.0064395270387685635,0.006439263676819274,0.6060660937747918,32.65005735201697,98.31711027185018
selected_igra_01_45_2_0,selected,igra_01,45.0,2.0,0.0,CH3OH,2.2475703767008812,10.492096944555032,10.49232714040516,0.00698123633380172,0.006981083169340556,0.4962713492126167,21.222726483679928,92.30524704618546
selected_igra_01_45_2_0,selected,igra_01,45.0,2.0,0.0,CH3CN,0.2693001460821126,1.2571456133995813,1.257175469020349,0.00065287664377486,0.0006528611391472523,75.48989456457417,100.0,100.0
selected_igra_01_45_2_0,selected,igra_01,45.0,2.0,0.0,CH3Cl,1.0048443248168506,4.690809319902089,4.690886521750371,0.0019809462864021437,0.0019809136843099914,2.1271837482476053,97.45637494878173,99.99999999978726
selected_igra_01_45_2_0,selected,igra_01,45.0,2.0,0.0,HCOOH,4.5345908986170596,21.168354862384344,21.16929691897239,0.009806019906664952,0.009805583528182903,0.2532940819075478,2.7384382625741206,20.665836974036623
selected_igra_01_45_2_0,selected,igra_01,45.0,2.0,0.0,PM2.5,395698557138.51715,1847198052330.622,,,,0.1250000000010439,0.12500000000521963,0.12500000001043954
selected_igra_01_45_2_0,selected,igra_01,45.0,2.0,0.0,PMcoarse,13837546906.55033,64596368204.25829,,,,0.12500000002985331,0.12500000014926788,0.12500000029853559
selected_igra_01_45_2_0,selected,igra_01,45.0,2.0,0.0,PM10,381861328617.47327,1782603170412.0144,,,,0.12500000000108175,0.12500000000540892,0.12500000001081787
selected_igra_01_45_2_0.0001,selected,igra_01,45.0,2.0,0.0001,H2CO,1.9880094270792097,9.280415800025613,9.28078626103013,0.006589727015598201,0.006589463973564797,0.5862314218234295,30.563451924109806,97.76153597325326
selected_igra_01_45_2_0.0001,selected,igra_01,45.0,2.0,0.0001,CH3OH,2.355718874950584,10.996955230554294,10.997187565856278,0.007317153227975288,0.007316998639995888,0.4676933036204279,18.383481293020722,88.9079475433982
selected_igra_01_45_2_0.0001,selected,igra_01,45.0,2.0,0.0001,CH3CN,0.27916058523051984,1.3031760667875791,1.3032059891307972,0.0006767812237014304,0.000676765684423505,71.1859812122086,100.0,100.0
selected_igra_01_45_2_0.0001,selected,igra_01,45.0,2.0,0.0001,CH3Cl,1.0499049887600471,4.9011612890235225,4.901238404840519,0.002069777209877487,0.00206974464411607,1.9185272151201698,95.89821129294091,99.99999999601935
selected_igra_01_45_2_0.0001,selected,igra_01,45.0,2.0,0.0001,HCOOH,4.6406646555224755,21.663527851075546,21.664469914558943,0.010035393431470726,0.010034957049794617,0.24936333415927375,2.583280163286381,19.256643783633375
selected_igra_01_45_2_0.0001,selected,igra_01,45.0,2.0,0.0001,PM2.5,411776737710.5193,1922254135558.2036,,,,0.12500000000100292,0.125000000005016,0.12500000001003192
selected_igra_01_45_2_0.0001,selected,igra_01,45.0,2.0,0.0001,PMcoarse,14401590264.08989,67229432623.32409,,,,0.1250000000286843,0.1250000001434216,0.12500000028684335
selected_igra_01_45_2_0.0001,selected,igra_01,45.0,2.0,0.0001,PM10,397375483939.121,1855026273748.4023,,,,0.12500000000103942,0.12500000000519748,0.12500000001039543
selected_igra_01_45_2_0.001,selected,igra_01,45.0,2.0,0.001,H2CO,4.605678401944303,21.500205194719932,21.500570908782258,0.01526625966630773,0.0152659999947919,0.2506337100063509,2.632838858366516,19.70768978177636
selected_igra_01_45_2_0.001,selected,igra_01,45.0,2.0,0.001,CH3OH,7.150849889992369,33.38156217910754,33.381844990771526,0.02221114019991489,0.022210952026687176,0.19664262059200444,1.00594284684263,5.209126631022147
selected_igra_01_45_2_0.001,selected,igra_01,45.0,2.0,0.001,CH3CN,0.7590993219543509,3.5436237098754955,3.5436558094372517,0.001840292121959333,0.001840275452007793,4.400489902950559,99.9816967210654,100.0
selected_igra_01_45_2_0.001,selected,igra_01,45.0,2.0,0.001,CH3Cl,3.162960507288311,14.765316636260554,14.76539540465139,0.006235378975483982,0.00623534571184595,0.33928528477403647,7.457448984739175,55.49799711243928
selected_igra_01_45_2_0.001,selected,igra_01,45.0,2.0,0.001,HCOOH,10.830583660441684,50.55927721305391,50.560220467150316,0.0234204532292191,0.023420016296028457,0.1689307828467714,0.5208275337904236,1.7863093816554467
selected_igra_01_45_2_0.001,selected,igra_01,45.0,2.0,0.001,PM2.5,1156259642144.426,5397645557272.071,,,,0.1250000000003571,0.12500000000178615,0.12500000000357267
selected_igra_01_45_2_0.001,selected,igra_01,45.0,2.0,0.001,PMcoarse,40493886156.549866,189033359587.13766,,,,0.12500000001020134,0.12500000005100748,0.1250000001020154
selected_igra_01_45_2_0.001,selected,igra_01,45.0,2.0,0.001,PM10,1115766896634.7148,5208617522446.879,,,,0.1250000000003701,0.12500000000185096,0.12500000000370237
selected_igra_01_45_20_0,selected,igra_01,45.0,20.0,0.0,H2CO,0.5703948110691445,2.6627142430989084,2.662746212303621,0.001890655614446974,0.0018906329150413376,10.201207436163939,99.99999953360164,100.0
selected_igra_01_45_20_0,selected,igra_01,45.0,20.0,0.0,CH3OH,0.6599093952678678,3.080585783452251,3.0806056258317427,0.0020497298299393357,0.002049716627497323,6.57795802592743,99.99973614178353,100.0
selected_igra_01_45_20_0,selected,igra_01,45.0,20.0,0.0,CH3CN,0.0790692454356227,0.3691106614695237,0.3691132349510136,0.00019168796715027093,0.00019168663068929205,100.0,100.0,100.0
selected_igra_01_45_20_0,selected,igra_01,45.0,20.0,0.0,CH3Cl,0.29503245178706605,1.37726903594602,1.377275690700045,0.000581619093148762,0.0005816162828675474,64.28608181097812,100.0,100.0
selected_igra_01_45_20_0,selected,igra_01,45.0,20.0,0.0,HCOOH,1.3314017175777175,6.215242929779719,6.215324116863007,0.0028790560333494517,0.0028790184259523833,1.1535606946636183,76.79459619121845,99.99963974799194
selected_igra_01_45_20_0,selected,igra_01,45.0,20.0,0.0,PM2.5,116181097153.76566,542356024575.9125,,,,0.12500000000355554,0.1250000000177781,0.12500000003555645
selected_igra_01_45_20_0,selected,igra_01,45.0,20.0,0.0,PMcoarse,4062843677.8766923,18966146813.79915,,,,0.1250000001016774,0.12500000050838775,0.125000001016776
selected_igra_01_45_20_0,selected,igra_01,45.0,20.0,0.0,PM10,112118346957.09216,523390314150.6049,,,,0.12500000000368422,0.12500000001842235,0.12500000003684478
selected_igra_01_45_20_0.0001,selected,igra_01,45.0,20.0,0.0001,H2CO,0.7082760848450107,3.306370925128426,3.306402644965562,0.002347677257202182,0.002347654734857434,5.353946367116579,99.99728209874885,100.0
selected_igra_01_45_20_0.0001,selected,igra_01,45.0,20.0,0.0001,CH3OH,0.9573284168357868,4.468995792675561,4.469017351802276,0.0029735316003107045,0.002973517255603688,2.392107601658802,98.60797503699229,99.99999999999424
selected_igra_01_45_20_0.0001,selected,igra_01,45.0,20.0,0.0001,CH3CN,0.10708846967107472,0.49990986581795904,0.4999125120106095,0.00025961467676177127,0.00025961330254041634,99.9999999864685,100.0,100.0
selected_igra_01_45_20_0.0001,selected,igra_01,45.0,20.0,0.0001,CH3Cl,0.42230692404225856,1.9714110994433618,1.9714177611067496,0.0008325233779806763,0.0008325205647816599,25.610659984033102,100.0,100.0
selected_igra_01_45_20_0.0001,selected,igra_01,45.0,20.0,0.0001,HCOOH,1.6562972524586324,7.731918662900616,7.731999855411127,0.0035816090062273332,0.0035815713963162723,0.7769112689442753,49.818097295981275,99.8711804640648
selected_igra_01_45_20_0.0001,selected,igra_01,45.0,20.0,0.0001,PM2.5,160885841448.884,751046491352.0496,,,,0.12500000000256753,0.12500000001283812,0.12500000002567657
selected_igra_01_45_20_0.0001,selected,igra_01,45.0,20.0,0.0001,PMcoarse,5630577271.610233,26284633041.95122,,,,0.12500000007336698,0.1250000003668364,0.12500000073367262
selected_igra_01_45_20_0.0001,selected,igra_01,45.0,20.0,0.0001,PM10,155255407845.07895,724762528979.4377,,,,0.12500000000266073,0.12500000001330383,0.1250000000266075
selected_igra_01_45_20_0.001,selected,igra_01,45.0,20.0,0.001,H2CO,4.2081896650699,19.64465023417776,19.64468220590847,0.013948504943884736,0.013948482242685542,0.26705351516018805,3.3239358793340674,25.88086290038827
selected_igra_01_45_20_0.001,selected,igra_01,45.0,20.0,0.001,CH3OH,6.778232917730476,31.642113467429375,31.642139135731867,0.021053599307145753,0.021053582228333437,0.20149587249140435,1.1136315779957902,6.080745583258658
selected_igra_01_45_20_0.001,selected,igra_01,45.0,20.0,0.001,CH3CN,0.710938909219322,3.3188015087360494,3.3188045487890596,0.0017235223153428138,0.0017235207365818093,5.29660394459547,99.99695906549168,100.0
selected_igra_01_45_20_0.001,selected,igra_01,45.0,20.0,0.001,CH3Cl,3.007330939506323,14.038807455709485,14.038814705791044,0.005928546283943662,0.005928543222257545,0.356382488522817,8.679831558302642,61.86229919294877
selected_igra_01_45_20_0.001,selected,igra_01,45.0,20.0,0.001,HCOOH,9.91800739456947,46.299193190730286,46.2992778869789,0.021446703797566007,0.021446664564656995,0.17360859562207798,0.5880958993483377,2.1948427291856145
selected_igra_01_45_20_0.001,selected,igra_01,45.0,20.0,0.001,PM2.5,1085894346250.8821,5069166630115.604,,,,0.1250000000003802,0.1250000000019018,0.12500000000380407
selected_igra_01_45_20_0.001,selected,igra_01,45.0,20.0,0.001,PMcoarse,38036671884.71561,177562604045.5592,,,,0.12500000001086037,0.1250000000543027,0.12500000010860574
selected_igra_01_45_20_0.001,selected,igra_01,45.0,20.0,0.001,PM10,1047858774821.8175,4891609163211.686,,,,0.12500000000039393,0.1250000000019711,0.12500000000394232
selected_igra_01_45_100_0,selected,igra_01,45.0,100.0,0.0,H2CO,0.253347073567002,1.1826735589859843,1.1826798655654067,0.0008397496981096683,0.0008397452201876876,82.22081302708311,100.0,100.0
selected_igra_01_45_100_0,selected,igra_01,45.0,100.0,0.0,CH3OH,0.2931059473152158,1.368275737274571,1.3682796516622324,0.0009104065753154811,0.0009104039708155451,65.11378237037151,100.0,100.0
selected_igra_01_45_100_0,selected,igra_01,45.0,100.0,0.0,CH3CN,0.035119467739503904,0.1639445260463525,0.16394503372726818,8.513997132542089e-05,8.513970767645502e-05,100.0,100.0,100.0
selected_igra_01_45_100_0,selected,igra_01,45.0,100.0,0.0,CH3Cl,0.13104188295045444,0.6117290715191611,0.6117303843354851,0.0002583317732181163,0.0002583312188200064,99.99979653049091,100.0,100.0
selected_igra_01_45_100_0,selected,igra_01,45.0,100.0,0.0,HCOOH,0.5913566042677826,2.76056798269778,2.7605839980725313,0.001278754875172965,0.0012787474565475743,9.137844639348124,99.99999721047992,100.0
selected_igra_01_45_100_0,selected,igra_01,45.0,100.0,0.0,PM2.5,51603101080.68682,240893341890.79962,,,,0.12500000000800526,0.12500000004002665,0.12500000008005308
selected_igra_01_45_100_0,selected,igra_01,45.0,100.0,0.0,PMcoarse,1804556319.387615,8424020907.730647,,,,0.12500000022892052,0.12500000114460308,0.12500000228920646
selected_igra_01_45_100_0,selected,igra_01,45.0,100.0,0.0,PM10,49798586281.99558,232469514809.77896,,,,0.1250000000082953,0.12500000004147688,0.12500000008295392
selected_igra_01_45_100_0.0001,selected,igra_01,45.0,100.0,0.0001,H2CO,0.48875482346458266,2.2816028557186097,2.2816090779392146,0.001620033104637117,0.0016200286866132488,16.42039356110362,99.99999999997135,100.0
selected_igra_01_45_100_0.0001,selected,igra_01,45.0,100.0,0.0001,CH3OH,0.7417547362008713,3.4626558002273096,3.4626604972794093,0.002303936100327642,0.002303932975069504,4.694878152018705,99.98993705979899,100.0
selected_igra_01_45_100_0.0001,selected,igra_01,45.0,100.0,0.0001,CH3CN,0.0793592907133106,0.3704646494039433,0.37046519058075134,0.00019239006504815904,0.00019238978400409892,100.0,100.0,100.0
selected_igra_01_45_100_0.0001,selected,igra_01,45.0,100.0,0.0001,CH3Cl,0.32762501193381965,1.5294174644339125,1.529418797593526,0.0006458686377081699,0.0006458680747191541,51.15392221948024,100.0,100.0
selected_igra_01_45_100_0.0001,selected,igra_01,45.0,100.0,0.0001,HCOOH,1.1479040628950723,5.358640083440895,5.358656104933439,0.002482231159545744,0.002482223738086476,1.56912555447867,90.86394290979712,99.99999935802772
selected_igra_01_45_100_0.0001,selected,igra_01,45.0,100.0,0.0001,PM2.5,120656141005.26471,563246402206.7046,,,,0.12500000000342376,0.12500000001711892,0.12500000003423764
selected_igra_01_45_100_0.0001,selected,igra_01,45.0,100.0,0.0001,PMcoarse,4225068607.236795,19723444428.732216,,,,0.1250000000977735,0.1250000004888679,0.12500000097773584
selected_igra_01_45_100_0.0001,selected,igra_01,45.0,100.0,0.0001,PM10,116431189464.92749,543523504269.0954,,,,0.12500000000354777,0.12500000001774,0.12500000003548012
selected_igra_01_45_100_0.001,selected,igra_01,45.0,100.0,0.001,H2CO,4.1744597252769235,19.487192295636415,19.487200256359973,0.013836686502190162,0.013836680849760117,0.26863946914714454,3.3956650919073432,26.506032155426652
selected_igra_01_45_100_0.001,selected,igra_01,45.0,100.0,0.001,CH3OH,6.7463446187160665,31.493252667285155,31.493258846616737,0.020954539444653007,0.020954535333136695,0.2019414490107143,1.1238786956088664,6.165142714929525
selected_igra_01_45_100_0.001,selected,igra_01,45.0,100.0,0.001,CH3CN,0.7063324558032946,3.2972976856244105,3.2972991163638987,0.0017123541093996871,0.0017123533663877385,5.396386847949194,99.99749840714412,100.0
selected_igra_01_45_100_0.001,selected,igra_01,45.0,100.0,0.001,CH3Cl,2.99346772191898,13.974091251759791,13.974094248911406,0.005901215043224983,0.005901213777537499,0.35803087938983674,8.802177571136893,62.447904437278765
selected_igra_01_45_100_0.001,selected,igra_01,45.0,100.0,0.001,HCOOH,9.836198046471361,45.91729119552952,45.91731982474481,0.021269773577534852,0.021269760315939246,0.1740766743483279,0.5951366775911434,2.2391422484300474
selected_igra_01_45_100_0.001,selected,igra_01,45.0,100.0,0.001,PM2.5,1079610283806.6709,5039831400814.762,,,,0.12500000000038244,0.12500000000191297,0.12500000000382644
selected_igra_01_45_100_0.001,selected,igra_01,45.0,100.0,0.001,PMcoarse,37817108140.43982,176537637657.70685,,,,0.12500000001092337,0.1250000000546179,0.12500000010923618
selected_igra_01_45_100_0.001,selected,igra_01,45.0,100.0,0.001,PM10,1041794273112.2782,4863298886249.277,,,,0.12500000000039632,0.1250000000019825,0.12500000000396513
selected_igra_01_60_2_0,selected,igra_01,60.0,2.0,0.0,H2CO,1.8567261537625999,8.667559871190019,8.66783619144119,0.006154508110736286,0.006154311912378422,0.6481957293537294,37.053772141636095,99.09234985389965
selected_igra_01_60_2_0,selected,igra_01,60.0,2.0,0.0,CH3OH,2.163765812736376,10.100880892489771,10.101055088951089,0.006720897266456663,0.00672078136207733,0.5215801328478835,23.806048307764556,94.50041885573175
selected_igra_01_60_2_0,selected,igra_01,60.0,2.0,0.0,CH3CN,0.26079802960163984,1.2174560751890093,1.2174789018735197,0.0006322614137080492,0.0006322495593491797,79.13296140684388,100.0,100.0
selected_igra_01_60_2_0,selected,igra_01,60.0,2.0,0.0,CH3Cl,0.9675867299095947,4.5168835991592795,4.516941864423089,0.0019074900172354795,0.0019074654120020264,2.33041520391063,98.39897246691999,99.99999999998681
selected_igra_01_60_2_0,selected,igra_01,60.0,2.0,0.0,HCOOH,4.247548914315811,19.828386887336166,19.829032265943663,0.009185183895053234,0.009184884943439645,0.2652451325725014,3.243216906627379,25.17341908720122
selected_igra_01_60_2_0,selected,igra_01,60.0,2.0,0.0,PM2.5,380336165042.08356,1775483409333.484,,,,0.12500000000108616,0.12500000000543057,0.1250000000108614
selected_igra_01_60_2_0,selected,igra_01,60.0,2.0,0.0,PMcoarse,13299662031.813765,62085416685.56557,,,,0.12500000003106085,0.12500000015530463,0.1250000003106095
selected_igra_01_60_2_0,selected,igra_01,60.0,2.0,0.0,PM10,367036799737.5559,1713399377828.7715,,,,0.12500000000112535,0.1250000000056271,0.125000000011255
selected_igra_01_60_2_0.0001,selected,igra_01,60.0,2.0,0.0001,H2CO,1.927451785500362,8.997720916356817,8.997996698889713,0.0063889351898893465,0.006388739373332824,0.6130853865371105,33.387325897878796,98.48006343375364
selected_igra_01_60_2_0.0001,selected,igra_01,60.0,2.0,0.0001,CH3OH,2.330345834978597,10.878508930530119,10.878685839332306,0.007238306224087889,0.007238188515009524,0.4740281985123303,19.0043187115857,89.75772965827102
selected_igra_01_60_2_0.0001,selected,igra_01,60.0,2.0,0.0001,CH3CN,0.2758765872971323,1.2878457238359173,1.2878686375556239,0.0006688162268751743,0.0006688043273171674,72.6235770623393,100.0,100.0
selected_igra_01_60_2_0.0001,selected,igra_01,60.0,2.0,0.0001,CH3Cl,1.036699763852295,4.839516723254614,4.839574922642687,0.0020437369197318965,0.002043712342317555,1.9759479714790207,96.40424902412414,99.99999999823595
selected_igra_01_60_2_0.0001,selected,igra_01,60.0,2.0,0.0001,HCOOH,4.4160592619073,20.61502606064908,20.615671405413888,0.009549570066711751,0.009549271130774738,0.25798132936229057,2.9304813783617654,22.396244872346337
selected_igra_01_60_2_0.0001,selected,igra_01,60.0,2.0,0.0001,PM2.5,405076390976.5263,1890975609989.461,,,,0.12500000000101982,0.12500000000509895,0.12500000001019806
selected_igra_01_60_2_0.0001,selected,igra_01,60.0,2.0,0.0001,PMcoarse,14167561670.08797,66136941495.33978,,,,0.12500000002915806,0.12500000014579077,0.1250000002915815
selected_igra_01_60_2_0.0001,selected,igra_01,60.0,2.0,0.0001,PM10,390909154445.28644,1824840186305.6877,,,,0.1250000000010565,0.1250000000052837,0.1250000000105675
selected_igra_01_60_2_0.001,selected,igra_01,60.0,2.0,0.001,H2CO,5.437260305582506,25.38219173483299,25.38246397721055,0.018022557991170342,0.018022364688264778,0.22597438696189948,1.7699664453747839,11.817092717841376
selected_igra_01_60_2_0.001,selected,igra_01,60.0,2.0,0.001,CH3OH,8.571903505998188,40.01531765884877,40.01553770823714,0.02662497289944112,0.02662482648608927,0.18264261214488778,0.7342809190569529,3.1674118594106857
selected_igra_01_60_2_0.001,selected,igra_01,60.0,2.0,0.001,CH3CN,0.9058767109552626,4.228809193111282,4.228833902773612,0.0021961189615604007,0.0021961061293330713,2.7464433727849293,99.37229401826848,99.99999999999994
selected_igra_01_60_2_0.001,selected,igra_01,60.0,2.0,0.001,CH3Cl,3.794515786730967,17.713539876097176,17.713599814264914,0.0074803962125667275,0.007480370900871327,0.2891809505462507,4.403660825179301,34.90231610642166
selected_igra_01_60_2_0.001,selected,igra_01,60.0,2.0,0.001,HCOOH,12.767025293914728,59.59896449336709,59.599610973435546,0.02760767038565237,0.02760737092382117,0.16146968145289017,0.4247848114333834,1.254307173912696
selected_igra_01_60_2_0.001,selected,igra_01,60.0,2.0,0.001,PM2.5,1380654924296.6738,6445166506403.844,,,,0.12500000000029904,0.12500000000149586,0.1250000000029921
selected_igra_01_60_2_0.001,selected,igra_01,60.0,2.0,0.001,PMcoarse,48355767801.952545,225734156699.112,,,,0.12500000000854275,0.1250000000427145,0.125000000085429
selected_igra_01_60_2_0.001,selected,igra_01,60.0,2.0,0.001,PM10,1332300530280.2332,6219438762803.481,,,,0.12500000000030995,0.12500000000155037,0.1250000000031005
selected_igra_01_60_20_0,selected,igra_01,60.0,20.0,0.0,H2CO,0.5451535747383058,2.5448832281821154,2.544907045449502,0.0018069851236637955,0.0018069682124575762,11.722062994846667,99.99999996086231,100.0
selected_igra_01_60_20_0,selected,igra_01,60.0,20.0,0.0,CH3OH,0.6353035227693623,2.965720770843109,2.9657357865365452,0.001973299359843011,0.0019732893689131444,7.362821297681887,99.99993730112341,100.0
selected_igra_01_60_20_0,selected,igra_01,60.0,20.0,0.0,CH3CN,0.07657293940202994,0.35745741795855596,0.3574593856081391,0.0001856358875213527,0.0001856348656811342,100.0,100.0,100.0
selected_igra_01_60_20_0,selected,igra_01,60.0,20.0,0.0,CH3Cl,0.28409324529167873,1.3262026861507428,1.3262077086758708,0.0005600532486381831,0.0005600511276419802,69.02748671044209,100.0,100.0
selected_igra_01_60_20_0,selected,igra_01,60.0,20.0,0.0,HCOOH,1.2471232973061475,5.821814824039497,5.8218704472545895,0.002696800829915052,0.002696775064186669,1.3158689174733977,83.79052853751075,99.99997059917273
selected_igra_01_60_20_0,selected,igra_01,60.0,20.0,0.0,PM2.5,111670540624.0885,521299866836.04443,,,,0.1250000000036992,0.12500000001849604,0.12500000003699271
selected_igra_01_60_20_0,selected,igra_01,60.0,20.0,0.0,PMcoarse,3904915138.8533716,18228905587.04083,,,,0.12500000010578974,0.1250000005289488,0.12500000105789777
selected_igra_01_60_20_0,selected,igra_01,60.0,20.0,0.0,PM10,107765712607.36813,503071367952.11505,,,,0.1250000000038331,0.12500000001916642,0.125000000038333
selected_igra_01_60_20_0.0001,selected,igra_01,60.0,20.0,0.0001,H2CO,0.7490491110107551,3.4967073647294016,3.4967309440932435,0.002482817912241395,0.0024828011699561457,4.567534154768171,99.98697897385506,100.0
selected_igra_01_60_20_0.0001,selected,igra_01,60.0,20.0,0.0001,CH3OH,1.0577475201578204,4.937771755404974,4.937788667042298,0.00328543603241663,0.0032854247799904168,1.8857615811054151,95.57799803471158,99.99999999364955
selected_igra_01_60_20_0.0001,selected,igra_01,60.0,20.0,0.0001,CH3CN,0.1166558298080139,0.544572169210471,0.5445742156027362,0.0002828084025900497,0.00028280733985716405,99.9999985625007,100.0,100.0
selected_igra_01_60_20_0.0001,selected,igra_01,60.0,20.0,0.0001,CH3Cl,0.4658143252472955,2.1745121351132446,2.17451719214796,0.0009182916142886713,0.0009182894787191807,19.036193400473188,99.99999999999937,100.0
selected_igra_01_60_20_0.0001,selected,igra_01,60.0,20.0,0.0001,HCOOH,1.734862957433499,8.098678699275359,8.098734311521946,0.003751487363115967,0.0037514616024684035,0.7204000198857397,44.38285561072167,99.69355342798538
selected_igra_01_60_20_0.0001,selected,igra_01,60.0,20.0,0.0001,PM2.5,175529128682.83884,819404212577.7313,,,,0.12500000000235326,0.12500000001176712,0.12500000002353434
selected_igra_01_60_20_0.0001,selected,igra_01,60.0,20.0,0.0001,PMcoarse,6144095590.700948,28681836725.785755,,,,0.12500000006723513,0.1250000003361765,0.12500000067235295
selected_igra_01_60_20_0.0001,selected,igra_01,60.0,20.0,0.0001,PM10,169385192532.2875,790723120149.6654,,,,0.1250000000024387,0.12500000001219394,0.12500000002438824
selected_igra_01_60_20_0.001,selected,igra_01,60.0,20.0,0.001,H2CO,5.132804899649075,23.960934510827258,23.960958893939463,0.0170132328988153,0.017013215585836777,0.2338216788194675,2.022053880466721,14.116745636776045
selected_igra_01_60_20_0.001,selected,igra_01,60.0,20.0,0.001,CH3OH,8.281073290813117,38.65766548307725,38.65768560060823,0.025721504455991296,0.025721491070472877,0.1850488598291969,0.7769755904162257,3.4702945451203977
selected_igra_01_60_20_0.001,selected,igra_01,60.0,20.0,0.001,CH3CN,0.8680234434105703,4.052102756301029,4.0521053832735,0.0021043402675643714,0.002104338903324444,3.0651836869446725,99.6898675588199,100.0
selected_igra_01_60_20_0.001,selected,igra_01,60.0,20.0,0.001,CH3Cl,3.674378314245131,17.15271471971412,17.152720810849534,0.0072435388139098006,0.0072435362416429115,0.29689907941562915,4.819956818904595,38.140508224828906
selected_igra_01_60_20_0.001,selected,igra_01,60.0,20.0,0.001,HCOOH,12.094375706952645,56.45890500989922,56.458967648307805,0.026152864820601415,0.02615283580530233,0.16375776049185517,0.4528088714316781,1.4027700311571942
selected_igra_01_60_20_0.001,selected,igra_01,60.0,20.0,0.001,PM2.5,1326120315744.5332,6190588315796.837,,,,0.12500000000031153,0.12500000000155725,0.12500000000311504
selected_igra_01_60_20_0.001,selected,igra_01,60.0,20.0,0.001,PMcoarse,46451610366.94136,216845178354.79053,,,,0.12500000000889294,0.12500000004446543,0.12500000008893092
selected_igra_01_60_20_0.001,selected,igra_01,60.0,20.0,0.001,PM10,1279670050774.2415,5973749418016.049,,,,0.12500000000032258,0.12500000000161385,0.12500000000322814
selected_igra_01_60_100_0,selected,igra_01,60.0,100.0,0.0,H2CO,0.24213590315289107,1.130337628567004,1.1303423270545605,0.0008025879661448861,0.0008025846300320275,86.57602042172905,100.0,100.0
selected_igra_01_60_100_0,selected,igra_01,60.0,100.0,0.0,CH3OH,0.28217698463863433,1.3172572076237077,1.3172601698466286,0.0008764599536159718,0.0008764579826539528,69.86541760212775,100.0,100.0
selected_igra_01_60_100_0,selected,igra_01,60.0,100.0,0.0,CH3CN,0.034010706131763525,0.1587686105789629,0.1587689987470694,8.245195168997035e-05,8.245175010642307e-05,100.0,100.0,100.0
selected_igra_01_60_100_0,selected,igra_01,60.0,100.0,0.0,CH3Cl,0.12618311360229661,0.5890473884179032,0.5890483792405908,0.00024875323544011884,0.0002487528170188855,99.99995248229583,100.0,100.0
selected_igra_01_60_100_0,selected,igra_01,60.0,100.0,0.0,HCOOH,0.5539234180886761,2.5858225676459634,2.585833540346839,0.0011978071482023453,0.0011978020654391517,11.160481707304887,99.99999990325331,100.0
selected_igra_01_60_100_0,selected,igra_01,60.0,100.0,0.0,PM2.5,49599688394.494835,231541020672.57278,,,,0.1250000000083284,0.1250000000416432,0.1250000000832868
selected_igra_01_60_100_0,selected,igra_01,60.0,100.0,0.0,PMcoarse,1734410642.6888976,8096567205.816019,,,,0.1250000002381787,0.12500000119089485,0.12500000238178982
selected_igra_01_60_100_0,selected,igra_01,60.0,100.0,0.0,PM10,47865316448.05179,223444634108.38074,,,,0.1250000000086302,0.1250000000431521,0.12500000008630457
selected_igra_01_60_100_0.0001,selected,igra_01,60.0,100.0,0.0001,H2CO,0.5658417982400455,2.6414598910715297,2.6414645208809637,0.0018755447679129494,0.0018755414805642866,10.45465614764115,99.99999969327759,100.0
selected_igra_01_60_100_0.0001,selected,igra_01,60.0,100.0,0.0001,CH3OH,0.8783872798910434,4.100483166631162,4.100486839899251,0.0027283239771224896,0.0027283215330552867,2.972224813032224,99.6195091859408,100.0
selected_igra_01_60_100_0.0001,selected,igra_01,60.0,100.0,0.0001,CH3CN,0.09333760620100148,0.43571815280422693,0.43571856996468883,0.00022627746452179862,0.0002262772478819349,99.99999999999926,100.0,100.0
selected_igra_01_60_100_0.0001,selected,igra_01,60.0,100.0,0.0001,CH3Cl,0.38830137667691744,1.8126665709923622,1.812667585439047,0.0007654836895344765,0.0007654832611369051,32.70685817173733,100.0,100.0
selected_igra_01_60_100_0.0001,selected,igra_01,60.0,100.0,0.0001,HCOOH,1.325574234419697,6.188039101650225,6.188050077427598,0.0028664221809044472,0.0028664170967161616,1.1635640756379964,77.29534750556475,99.99969161718371
selected_igra_01_60_100_0.0001,selected,igra_01,60.0,100.0,0.0001,PM2.5,142035072776.829,663047426033.8364,,,,0.12500000000290817,0.12500000001454206,0.12500000002908415
selected_igra_01_60_100_0.0001,selected,igra_01,60.0,100.0,0.0001,PMcoarse,4974188755.906287,23220483411.109684,,,,0.1250000000830487,0.12500000041524365,0.12500000083048732
selected_igra_01_60_100_0.0001,selected,igra_01,60.0,100.0,0.0001,PM10,137061023547.5508,639827593960.2435,,,,0.1250000000030138,0.1250000000150699,0.12500000003013975
selected_igra_01_60_100_0.001,selected,igra_01,60.0,100.0,0.001,H2CO,5.105450680651772,23.83323968065087,23.833247050620976,0.01692255241545351,0.01692254718248189,0.2345853377273365,2.047697268462526,14.351705938145876
selected_igra_01_60_100_0.001,selected,igra_01,60.0,100.0,0.001,CH3OH,8.254081165254647,38.531660975705705,38.53166681176225,0.02563765585542247,0.025637651972309657,0.18528230040108967,0.7812038913465705,3.5007041550969813
selected_igra_01_60_100_0.001,selected,igra_01,60.0,100.0,0.001,CH3CN,0.8636089100794616,4.0314948535830055,4.031496747388507,0.0020936377861996524,0.0020936368027081585,3.1061985779089114,99.71653240804372,100.0
selected_igra_01_60_100_0.001,selected,igra_01,60.0,100.0,0.001,CH3Cl,3.6618031940015845,17.09401160543015,17.094015722060572,0.007218747843782899,0.007218746105343116,0.2977472990473679,4.8669437337813095,38.49726492734144
selected_igra_01_60_100_0.001,selected,igra_01,60.0,100.0,0.001,HCOOH,12.024942825024802,56.134778773017544,56.134811321014844,0.026002709460672697,0.026002694383822925,0.16401030564477478,0.45597834353803807,1.419926372052171
selected_igra_01_60_100_0.001,selected,igra_01,60.0,100.0,0.001,PM2.5,1320513884574.3096,6164416401466.259,,,,0.12500000000031247,0.125000000001564,0.125000000003128
selected_igra_01_60_100_0.001,selected,igra_01,60.0,100.0,0.001,PMcoarse,46255550972.47087,215929934856.74503,,,,0.1250000000089306,0.12500000004465403,0.12500000008930795
selected_igra_01_60_100_0.001,selected,igra_01,60.0,100.0,0.001,PM10,1274259676969.6262,5948492737712.393,,,,0.12500000000032388,0.12500000000162084,0.1250000000032416
selected_igra_01_90_2_0,selected,igra_01,90.0,2.0,0.0,H2CO,1.8033330217858143,8.418310315900827,8.418535855037462,0.005977494965988459,0.005977334824239695,0.6778107772383674,40.10239166222566,99.41646192792284
selected_igra_01_90_2_0,selected,igra_01,90.0,2.0,0.0,CH3OH,2.1108574558480613,9.853894361877034,9.854037930245306,0.006556540480745283,0.006556444955253602,0.5392324081703137,25.635114046247097,95.67420533847
selected_igra_01_90_2_0,selected,igra_01,90.0,2.0,0.0,CH3CN,0.25533365397816116,1.1919473038609416,1.1919662350894369,0.0006190121699276897,0.0006190023385579032,81.40989189392526,100.0,100.0
selected_igra_01_90_2_0,selected,igra_01,90.0,2.0,0.0,CH3Cl,0.9440425280621131,4.406974672245697,4.407022614896057,0.001861071471797413,0.0018610512257704092,2.4761153906063837,98.84878176444884,99.99999999999812
selected_igra_01_90_2_0,selected,igra_01,90.0,2.0,0.0,HCOOH,4.0782002513023095,19.03783429410589,19.03833516765258,0.008818917999890903,0.008818685985762688,0.273359293008728,3.6143176205707803,28.39051294671162
selected_igra_01_90_2_0,selected,igra_01,90.0,2.0,0.0,PM2.5,370696275202.5454,1730482523141.1108,,,,0.12500000000111441,0.1250000000055719,0.1250000000111437
selected_igra_01_90_2_0,selected,igra_01,90.0,2.0,0.0,PMcoarse,12962200630.718523,60510081037.774254,,,,0.1250000000318692,0.1250000001593477,0.1250000003186958
selected_igra_01_90_2_0,selected,igra_01,90.0,2.0,0.0,PM10,357734358629.66296,1669973768140.7256,,,,0.12500000000115463,0.12500000000577371,0.12500000001154735
selected_igra_01_90_2_0.0001,selected,igra_01,90.0,2.0,0.0001,H2CO,1.8997553948820953,8.868428762307488,8.86865370589455,0.006297096525443695,0.006296936806558791,0.6263191652297508,34.77420530425841,98.74705689160395
selected_igra_01_90_2_0.0001,selected,igra_01,90.0,2.0,0.0001,CH3OH,2.3353837724415967,10.902027005341191,10.90217375703012,0.007253934282786694,0.007253836639222108,0.47275332797545877,18.878953903452185,89.59143905772096
selected_igra_01_90_2_0.0001,selected,igra_01,90.0,2.0,0.0001,CH3CN,0.275599256321752,1.2865510887448062,1.2865701252096102,0.0006681418831552588,0.000668131997134129,72.74488307738734,100.0,100.0
selected_igra_01_90_2_0.0001,selected,igra_01,90.0,2.0,0.0001,CH3Cl,1.0371040897608799,4.8414041954664055,4.841452093113209,0.00204452964278228,0.0020445094157601333,1.9741464590860898,96.38936970332172,99.9999999981905
selected_igra_01_90_2_0.0001,selected,igra_01,90.0,2.0,0.0001,HCOOH,4.310255145369568,20.121111805792076,20.121612614450783,0.009320712662623614,0.009320480678552744,0.26245425706230646,3.120881850582301,24.093653368444873
selected_igra_01_90_2_0.0001,selected,igra_01,90.0,2.0,0.0001,PM2.5,404034709844.2965,1886112839266.9211,,,,0.12500000000102232,0.125000000005112,0.12500000001022432
selected_igra_01_90_2_0.0001,selected,igra_01,90.0,2.0,0.0001,PMcoarse,14131699838.39114,65969531469.53015,,,,0.12500000002923203,0.12500000014616053,0.12500000029232147
selected_igra_01_90_2_0.0001,selected,igra_01,90.0,2.0,0.0001,PM10,389903332743.25024,1820144814398.272,,,,0.12500000000105924,0.12500000000529718,0.12500000001059464
selected_igra_01_90_2_0.001,selected,igra_01,90.0,2.0,0.001,H2CO,6.16788486812694,28.792889713305907,28.79311190634864,0.020444253542301446,0.02044409577641231,0.21101283373011104,1.3459486091726913,8.04516362431616
selected_igra_01_90_2_0.001,selected,igra_01,90.0,2.0,0.001,CH3OH,9.794987040307355,45.724910179861354,45.72509453822909,0.03042391712392575,0.030423794458160756,0.17431586990866046,0.5987566801032738,2.262027085645079
selected_igra_01_90_2_0.001,selected,igra_01,90.0,2.0,0.001,CH3CN,1.0327768371072554,4.8212037359764315,4.8212243299334405,0.002503759289755672,0.0025037485948973446,1.9935733269906275,96.54660615215533,99.99999999862426
selected_igra_01_90_2_0.001,selected,igra_01,90.0,2.0,0.001,CH3Cl,4.338277483729998,20.251925547483374,20.251975174438165,0.008552343960591466,0.008552323003288119,0.26124151017832675,3.0685691440085145,23.62926037541294
selected_igra_01_90_2_0.001,selected,igra_01,90.0,2.0,0.001,HCOOH,14.484212342214168,67.61512860082357,67.61563087216786,0.031320842863702104,0.031320610202087526,0.1566892209709555,0.3701635527565077,0.9825790358999167
selected_igra_01_90_2_0.001,selected,igra_01,90.0,2.0,0.001,PM2.5,1574791666566.1748,7351434688929.717,,,,0.12500000000026212,0.12500000000131165,0.12500000000262312
selected_igra_01_90_2_0.001,selected,igra_01,90.0,2.0,0.001,PMcoarse,55157112728.617744,257484161532.63174,,,,0.12500000000748923,0.12500000003744752,0.1250000000748951
selected_igra_01_90_2_0.001,selected,igra_01,90.0,2.0,0.001,PM10,1519636128570.4023,7093957878557.185,,,,0.1250000000002717,0.12500000000135902,0.12500000000271833
selected_igra_01_90_20_0,selected,igra_01,90.0,20.0,0.0,H2CO,0.5294768078146231,2.4717010221673212,2.471720462833225,0.0017550197419513777,0.001755005938306115,12.825374817996254,99.99999999318372,100.0
selected_igra_01_90_20_0,selected,igra_01,90.0,20.0,0.0,CH3OH,0.6197690817306317,2.8932029698223105,2.893215345540184,0.0019250467338190408,0.0019250384994388009,7.9293869984011724,99.99997722641265,100.0
selected_igra_01_90_20_0,selected,igra_01,90.0,20.0,0.0,CH3CN,0.07496854221511134,0.34996777892557024,0.3499694108100576,0.00018174619214578173,0.00018174534467516732,100.0,100.0,100.0
selected_igra_01_90_20_0,selected,igra_01,90.0,20.0,0.0,CH3Cl,0.2771804325118503,1.2939323276349919,1.2939364603842285,0.0005464252043091473,0.0005464234590624408,72.05300497215387,100.0,100.0
selected_igra_01_90_20_0,selected,igra_01,90.0,20.0,0.0,HCOOH,1.1974008139582284,5.589700572571135,5.589743743045359,0.0025892753371669097,0.0025892553397843213,1.4327547754390215,87.54154208758573,99.99999503720635
selected_igra_01_90_20_0,selected,igra_01,90.0,20.0,0.0,PM2.5,108840170263.2523,508087145880.6815,,,,0.12500000000379521,0.12500000001897726,0.12500000003795472
selected_igra_01_90_20_0,selected,igra_01,90.0,20.0,0.0,PMcoarse,3805833017.8851466,17766370918.739716,,,,0.1250000001085437,0.12500000054271956,0.12500000108543965
selected_igra_01_90_20_0,selected,igra_01,90.0,20.0,0.0,PM10,105034420647.62248,490321164299.93866,,,,0.12500000000393297,0.12500000001966483,0.1250000000393297
selected_igra_01_90_20_0.0001,selected,igra_01,90.0,20.0,0.0001,H2CO,0.7946842865822124,3.7097412661996385,3.7097604856543014,0.0026340773514378305,0.0026340637048613384,3.878355687501722,99.94593379402342,100.0
selected_igra_01_90_20_0.0001,selected,igra_01,90.0,20.0,0.0001,CH3OH,1.1537010173863296,5.385701397798813,5.385715726857449,0.003583471408461315,0.003583461874394807,1.5519757961364236,90.49928871747701,99.9999991712832
selected_igra_01_90_20_0.0001,selected,igra_01,90.0,20.0,0.0001,CH3CN,0.12600700152945707,0.5882252629082889,0.588226974199735,0.000305478162879384,0.00030547727417113015,99.99995509050848,100.0,100.0
selected_igra_01_90_20_0.0001,selected,igra_01,90.0,20.0,0.0001,CH3Cl,0.5079108956594955,2.371027137436071,2.3710313201795308,0.001001278898322231,0.001001277131963125,14.58288235898148,99.99999999954765,100.0
selected_igra_01_90_20_0.0001,selected,igra_01,90.0,20.0,0.0001,HCOOH,1.8361624494389337,8.571564488113395,8.57160764008897,0.00397053125914179,0.003970511270328126,0.6592603188639994,38.19852905855778,99.22992936967819
selected_igra_01_90_20_0.0001,selected,igra_01,90.0,20.0,0.0001,PM2.5,189953870815.0112,886741722637.4226,,,,0.12500000000217448,0.1250000000108733,0.12500000002174735
selected_igra_01_90_20_0.0001,selected,igra_01,90.0,20.0,0.0001,PMcoarse,6649813408.6967325,31042626148.891224,,,,0.12500000006212209,0.12500000031061034,0.1250000006212205
selected_igra_01_90_20_0.0001,selected,igra_01,90.0,20.0,0.0001,PM10,183304232733.82022,855699914951.5288,,,,0.12500000000225336,0.12500000001126793,0.12500000002253606
selected_igra_01_90_20_0.001,selected,igra_01,90.0,20.0,0.001,H2CO,5.915267814068267,27.613624027787292,27.613644603235723,0.0196067848911836,0.019606770281797654,0.21566746308208265,1.4700369163098193,9.129857396035929
selected_igra_01_90_20_0.001,selected,igra_01,90.0,20.0,0.001,CH3OH,9.55053700251162,44.58376971937096,44.583786930406006,0.029664529999109974,0.02966451854747474,0.17578364313911884,0.6212984765805593,2.4061542531061226
selected_igra_01_90_20_0.001,selected,igra_01,90.0,20.0,0.001,CH3CN,1.0006940960521131,4.671435242456904,4.6714377910621465,0.002425972111123283,0.002425970787581043,2.148327253813845,97.576306805901,99.99999999984122
selected_igra_01_90_20_0.001,selected,igra_01,90.0,20.0,0.001,CH3Cl,4.237682391138782,19.782328032515775,19.78233383426477,0.008354015933587677,0.008354013483527743,0.2656942635749542,3.263157866325913,25.348566148266144
selected_igra_01_90_20_0.001,selected,igra_01,90.0,20.0,0.001,HCOOH,13.936808473387973,65.05974056088176,65.05979495496454,0.03013693118358375,0.030136905987212772,0.15807171132726447,0.38542351131252145,1.056042856980384
selected_igra_01_90_20_0.001,selected,igra_01,90.0,20.0,0.001,PM2.5,1529074103227.1902,7138016185289.553,,,,0.1250000000002699,0.12500000000135048,0.1250000000027014
selected_igra_01_90_20_0.001,selected,igra_01,90.0,20.0,0.001,PMcoarse,53560870804.86961,250032592858.94598,,,,0.12500000000771253,0.12500000003856332,0.12500000007712714
selected_igra_01_90_20_0.001,selected,igra_01,90.0,20.0,0.001,PM10,1475514784757.371,6887990839033.432,,,,0.12500000000027986,0.12500000000139982,0.12500000000279948
selected_igra_01_90_100_0,selected,igra_01,90.0,100.0,0.0,H2CO,0.23517289875993705,1.0978329658104709,1.09783680093614,0.000779507750999945,0.000779505027908332,89.0435825468131,100.0,100.0
selected_igra_01_90_100_0,selected,igra_01,90.0,100.0,0.0,CH3OH,0.27527719554390656,1.2850476462104938,1.2850500876392041,0.0008550284643751083,0.0008550268399317803,72.88572404546099,100.0,100.0
selected_igra_01_90_100_0,selected,igra_01,90.0,100.0,0.0,CH3CN,0.03329809584142889,0.1554420067371498,0.15544232866817,8.072434464578379e-05,8.072417746049489e-05,100.0,100.0,100.0
selected_igra_01_90_100_0,selected,igra_01,90.0,100.0,0.0,CH3Cl,0.12311271239914534,0.5747141566685914,0.5747149719620179,0.00024270028366046596,0.00024269993936467494,99.99998295409982,100.0,100.0
selected_igra_01_90_100_0,selected,igra_01,90.0,100.0,0.0,HCOOH,0.531838633059691,2.4827264831247327,2.4827349993716394,0.0011500499482811307,0.0011500460033940134,12.650437711884049,99.9999999910296,100.0
selected_igra_01_90_100_0,selected,igra_01,90.0,100.0,0.0,PM2.5,48342549995.9819,225672453402.48737,,,,0.12500000000854522,0.12500000004272616,0.1250000000854527
selected_igra_01_90_100_0,selected,igra_01,90.0,100.0,0.0,PMcoarse,1690402288.2841735,7891127622.890714,,,,0.12500000024437963,0.12500000122189903,0.12500000244379808
selected_igra_01_90_100_0,selected,igra_01,90.0,100.0,0.0,PM10,46652184751.71819,217781498708.31024,,,,0.1250000000088546,0.12500000004427417,0.12500000008854878
selected_igra_01_90_100_0.0001,selected,igra_01,90.0,100.0,0.0001,H2CO,0.6353254566746532,2.9658231625915814,2.965826939710214,0.0021058549737603834,0.0021058522918560715,7.362062849510512,99.99993721522998,100.0
selected_igra_01_90_100_0.0001,selected,igra_01,90.0,100.0,0.0001,CH3OH,0.9974437660028477,4.656262067755807,4.656265155595486,0.0030981198974322955,0.0030981178428891734,2.165134169871696,97.66754620835222,99.99999999987409
selected_igra_01_90_100_0.0001,selected,igra_01,90.0,100.0,0.0001,CH3CN,0.10560845227795743,0.49300085592479265,0.4930012035947377,0.0002560254945403241,0.00025602531398829104,99.99999999424271,100.0,100.0
selected_igra_01_90_100_0.0001,selected,igra_01,90.0,100.0,0.0001,CH3Cl,0.441241516121884,2.0598014687792685,2.059802308262565,0.0008698478878898004,0.000869847533378705,22.452226122790357,100.0,100.0
selected_igra_01_90_100_0.0001,selected,igra_01,90.0,100.0,0.0001,HCOOH,1.4884079172271327,6.948178496422962,6.948187016702544,0.0032185320306954966,0.0032185280839403673,0.9349381797293305,63.15467338682272,99.98901633703451
selected_igra_01_90_100_0.0001,selected,igra_01,90.0,100.0,0.0001,PM2.5,160822247981.5235,750749624641.4435,,,,0.12500000000256864,0.1250000000128433,0.12500000002568676
selected_igra_01_90_100_0.0001,selected,igra_01,90.0,100.0,0.0001,PMcoarse,5632434239.684109,26293301731.15269,,,,0.1250000000733428,0.12500000036671546,0.12500000073343073
selected_igra_01_90_100_0.0001,selected,igra_01,90.0,100.0,0.0001,PM10,155189972920.57367,724457065987.673,,,,0.12500000000266173,0.1250000000133092,0.12500000002661893
selected_igra_01_90_100_0.001,selected,igra_01,90.0,100.0,0.001,H2CO,5.890665973302332,27.49877783609225,27.49878517029717,0.019525230129879632,0.019525224922302714,0.21614729306054792,1.4832265721350235,9.246283114674531
selected_igra_01_90_100_0.001,selected,igra_01,90.0,100.0,0.001,CH3OH,9.525292249850782,44.46592228953982,44.46592821792267,0.02958611083481655,0.029586106890272964,0.17594017291858569,0.6237359149505648,2.421903428845679
selected_igra_01_90_100_0.001,selected,igra_01,90.0,100.0,0.001,CH3CN,0.9960770078597349,4.649881774134768,4.649884090754539,0.002414778838692725,0.002414777635625231,2.1722675147660873,97.70521224759172,99.99999999988589
selected_igra_01_90_100_0.001,selected,igra_01,90.0,100.0,0.001,CH3Cl,4.224964486102598,19.72295837096722,19.722963663588192,0.008328944101519367,0.008328941866462557,0.2662773078457658,3.2891493828017584,25.576485736559697
selected_igra_01_90_100_0.001,selected,igra_01,90.0,100.0,0.001,HCOOH,13.869755577372052,64.74672456249293,64.74676226490169,0.029991928503431336,0.029991911038960397,0.1582493582195388,0.38741568667879583,1.0657771819085688
selected_igra_01_90_100_0.001,selected,igra_01,90.0,100.0,0.001,PM2.5,1523491870249.0393,7111957232839.831,,,,0.12500000000027098,0.12500000000135542,0.12500000000271164
selected_igra_01_90_100_0.001,selected,igra_01,90.0,100.0,0.001,PMcoarse,53365461225.18469,249120382823.07675,,,,0.1250000000077408,0.1250000000387047,0.12500000007740938
selected_igra_01_90_100_0.001,selected,igra_01,90.0,100.0,0.001,PM10,1470127959850.123,6862844089576.29,,,,0.12500000000028078,0.12500000000140496,0.12500000000280992
uniform_standard_30_2_0,uniform,standard,30.0,2.0,0.0,H2CO,25.686778105625905,119.91089083185948,119.97054245109447,0.09447422519184269,0.09442725082302242,0.14206246609723708,0.23369564049963973,0.4218825877556124
uniform_standard_30_2_0,uniform,standard,30.0,2.0,0.0,CH3OH,18.64334264764535,87.03076017436086,87.05109775767278,0.06423782569587688,0.06422281793416545,0.1490438998234714,0.2933268919572691,0.6442049609834294
uniform_standard_30_2_0,uniform,standard,30.0,2.0,0.0,CH3CN,1.472079494631089,6.87195423461327,6.873330120420701,0.00395875386647109,0.003957961413153039,0.9538310790424214,64.55055086400772,99.9918300959231
uniform_standard_30_2_0,uniform,standard,30.0,2.0,0.0,CH3Cl,13.049198057070797,60.916201994286716,60.925622334057884,0.028534732790734825,0.028530320740962165,0.1605879699151889,0.4143147508684687,1.2003699258140716
uniform_standard_30_2_0,uniform,standard,30.0,2.0,0.0,HCOOH,373.4250178333619,1743.2208260285568,1744.1793335245106,0.8960526647232897,0.8955602421957443,0.1261107357456118,0.13064454504964,0.1365212190558432
uniform_standard_30_2_0,uniform,standard,30.0,2.0,0.0,PM2.5,4364741967700.1064,20375466920995.145,,,,0.12500000000009454,0.125000000000473,0.12500000000094635
uniform_standard_30_2_0,uniform,standard,30.0,2.0,0.0,PMcoarse,152308880286.05646,711007563564.541,,,,0.12500000000271208,0.12500000001356115,0.1250000000271222
uniform_standard_30_2_0,uniform,standard,30.0,2.0,0.0,PM10,4212460486617.766,19664587262258.223,,,,0.1250000000000979,0.12500000000049016,0.12500000000098052
uniform_standard_30_2_0.0001,uniform,standard,30.0,2.0,0.0001,H2CO,25.712774409823112,120.03224665086508,120.09196289285039,0.09456984118159298,0.09452281592374495,0.14204419054837047,0.2335519880981477,0.42139377932366984
uniform_standard_30_2_0.0001,uniform,standard,30.0,2.0,0.0001,CH3OH,18.66713338161631,87.14181996131705,87.16215464318684,0.06431977817020224,0.06430477254955896,0.1490107392987183,0.29302058947339593,0.6429681553218971
uniform_standard_30_2_0.0001,uniform,standard,30.0,2.0,0.0001,CH3CN,1.474725832482884,6.884307855917817,6.885683881441558,0.00396586912186403,0.003965076588075163,0.9507180610798657,64.3234974864553,99.99142177334517
uniform_standard_30_2_0.0001,uniform,standard,30.0,2.0,0.0001,CH3Cl,13.06395218485932,60.98507714084242,60.99449934822274,0.028566991586284608,0.02856257866181053,0.1605430332614585,0.41378599431161633,1.1976686324650225
uniform_standard_30_2_0.0001,uniform,standard,30.0,2.0,0.0001,HCOOH,373.87699192613843,1745.3307292587283,1746.2893268993719,0.8971366502686707,0.8966441814302971,0.12610938756126155,0.1306375829845461,0.13650672394377067
uniform_standard_30_2_0.0001,uniform,standard,30.0,2.0,0.0001,PM2.5,4371747116189.2827,20408168320613.754,,,,0.12500000000009426,0.1250000000004723,0.12500000000094477
uniform_standard_30_2_0.0001,uniform,standard,30.0,2.0,0.0001,PMcoarse,152554724737.412,712155213419.5321,,,,0.1250000000027076,0.12500000001353917,0.1250000000270786
uniform_standard_30_2_0.0001,uniform,standard,30.0,2.0,0.0001,PM10,4219219815095.613,19696141126112.65,,,,0.12500000000009767,0.12500000000048944,0.12500000000097897
uniform_standard_30_2_0.001,uniform,standard,30.0,2.0,0.001,H2CO,28.012949070170276,130.76991065282448,130.83463840520207,0.10302946739300675,0.10297849567837292,0.14056856452584562,0.2221599245245775,0.38338348749198875
uniform_standard_30_2_0.001,uniform,standard,30.0,2.0,0.001,CH3OH,20.867448913713154,97.41332207341428,97.43346729366291,0.07189931258969762,0.07188444677892358,0.14629386830944324,0.26868558083840877,0.5477575165883926
uniform_standard_30_2_0.001,uniform,standard,30.0,2.0,0.001,CH3CN,1.711876800917467,7.99137483682504,7.992765870463438,0.004603502558314281,0.004602701380472111,0.7360169151519194,45.9151925549012,99.75853173170185
uniform_standard_30_2_0.001,uniform,standard,30.0,2.0,0.001,CH3Cl,14.401183602567304,67.22753424801054,67.23715919534494,0.03149076361875352,0.031486255740297946,0.1568914590546174,0.37236902301555086,0.9930749509984481
uniform_standard_30_2_0.001,uniform,standard,30.0,2.0,0.001,HCOOH,416.18792582061167,1942.8464221319812,1943.8119511560985,0.9986116938071853,0.9981156640479175,0.12599619397732192,0.13005401421299143,0.13529421536223088
uniform_standard_30_2_0.001,uniform,standard,30.0,2.0,0.001,PM2.5,5008379954322.599,23380094594880.95,,,,0.12500000000008238,0.12500000000041214,0.12500000000082465
uniform_standard_30_2_0.001,uniform,standard,30.0,2.0,0.001,PMcoarse,174906673235.17633,816498469127.7185,,,,0.12500000000236164,0.12500000001180883,0.1250000000236182
uniform_standard_30_2_0.001,uniform,standard,30.0,2.0,0.001,PM10,4833502848165.316,22563734150640.39,,,,0.12500000000008518,0.12500000000042716,0.12500000000085448
uniform_standard_30_20_0,uniform,standard,30.0,20.0,0.0,H2CO,7.54189770016026,35.20704963737346,35.212177713792336,0.027728833585828744,0.027724795335800863,0.19216258126027397,0.9128153096163126,4.480909470386467
uniform_standard_30_20_0,uniform,standard,30.0,20.0,0.0,CH3OH,5.473873224620786,25.55310798286463,25.55485927900129,0.018857758699573155,0.0188564663614078,0.22510463146237972,1.7432992201823265,11.57543672269914
uniform_standard_30_20_0,uniform,standard,30.0,20.0,0.0,CH3CN,0.4322174331911804,2.017675289360751,2.017793797238822,0.0011621657706834608,0.0011620975150472117,23.8947848218037,100.0,100.0
uniform_standard_30_20_0,uniform,standard,30.0,20.0,0.0,CH3Cl,3.8313762190269647,17.885611564297438,17.886423043472117,0.008377170106348017,0.008376790047178695,0.28694462319669806,4.286846293136589,33.968856769494096
uniform_standard_30_20_0,uniform,standard,30.0,20.0,0.0,HCOOH,109.64134944176104,511.8272065693312,511.909221890628,0.2629876490077544,0.26294551455186244,0.1288201158837907,0.14519194930374013,0.16832020221225835
uniform_standard_30_20_0,uniform,standard,30.0,20.0,0.0,PM2.5,1281532203416.8962,5982442309795.915,,,,0.12500000000032213,0.12500000000161177,0.12500000000322314
uniform_standard_30_20_0,uniform,standard,30.0,20.0,0.0,PMcoarse,44719421275.621826,208758981784.11737,,,,0.1250000000092375,0.12500000004618791,0.12500000009237577
uniform_standard_30_20_0,uniform,standard,30.0,20.0,0.0,PM10,1236820826825.5251,5773720882167.13,,,,0.125000000000334,0.12500000000166986,0.12500000000333963
uniform_standard_30_20_0.0001,uniform,standard,30.0,20.0,0.0001,H2CO,7.629165438890206,35.61443246479384,35.61962299547187,0.028049687993154923,0.02804560056173949,0.19123728926053934,0.8943192239743337,4.339472611599093
uniform_standard_30_20_0.0001,uniform,standard,30.0,20.0,0.0001,CH3OH,5.5542526609778795,25.928334871130186,25.930083386088636,0.019134648726337276,0.019133358440493433,0.2232456584468887,1.6871466404755158,11.068010742689328
uniform_standard_30_20_0.0001,uniform,standard,30.0,20.0,0.0001,CH3CN,0.4411201208955424,2.059234772182541,2.059353420918145,0.0011861023950048798,0.0011860340582405175,22.470913226629097,100.0,100.0
uniform_standard_30_20_0.0001,uniform,standard,30.0,20.0,0.0001,CH3Cl,3.881074918885978,18.11761478980022,18.118428181388946,0.008485830541201443,0.008485449586346172,0.2840204774952326,4.136698788982178,32.753295930712845
uniform_standard_30_20_0.0001,uniform,standard,30.0,20.0,0.0001,HCOOH,111.17098527689363,518.9678450287304,519.0499377648989,0.26665611208617124,0.26661393785925297,0.12876683725586802,0.144895009553404,0.1676412669927932
uniform_standard_30_20_0.0001,uniform,standard,30.0,20.0,0.0001,PM2.5,1305146439052.6802,6092678168094.552,,,,0.12500000000031636,0.12500000000158248,0.12500000000316502
uniform_standard_30_20_0.0001,uniform,standard,30.0,20.0,0.0001,PMcoarse,45548214971.59844,212627952426.97968,,,,0.12500000000906944,0.12500000004534748,0.12500000009069498
uniform_standard_30_20_0.0001,uniform,standard,30.0,20.0,0.0001,PM10,1259606350705.2869,5880088152334.595,,,,0.12500000000032777,0.12500000000163977,0.1250000000032795
uniform_standard_30_20_0.001,uniform,standard,30.0,20.0,0.001,H2CO,12.81642960935646,59.829593474985415,59.836202535963245,0.04711972420489567,0.047114519711339425,0.16131218060320024,0.4229012106477086,1.2445410989774004
uniform_standard_30_20_0.001,uniform,standard,30.0,20.0,0.001,CH3OH,10.771808237513397,50.284902073697424,50.28661373985748,0.037108121683303304,0.037106858589381786,0.16920494837352543,0.5246168934588953,1.8085842981831763
uniform_standard_30_20_0.001,uniform,standard,30.0,20.0,0.001,CH3CN,0.9577693776930841,4.4710542839742,4.47117929277954,0.0025752143433921204,0.0025751423434906442,2.3894002994646684,98.59941321079772,99.99999999999403
uniform_standard_30_20_0.001,uniform,standard,30.0,20.0,0.001,CH3Cl,6.995499127036027,32.656354513868116,32.65725411694821,0.015295141587504503,0.015294720255189381,0.19859025989969256,1.0483000695854658,5.5484719801694675
uniform_standard_30_20_0.001,uniform,standard,30.0,20.0,0.001,HCOOH,213.8935360838652,998.4967499437116,998.581166628451,0.5130099285672683,0.5129665604377108,0.12694504258524364,0.13500517172523147,0.14573713461460405
uniform_standard_30_20_0.001,uniform,standard,30.0,20.0,0.001,PM2.5,2738057381709.0034,12781785961609.805,,,,0.1250000000001506,0.1250000000007541,0.12500000000150846
uniform_standard_30_20_0.001,uniform,standard,30.0,20.0,0.001,PMcoarse,95855487747.1636,447472115016.5323,,,,0.12500000000430944,0.12500000002154785,0.12500000004309608
uniform_standard_30_20_0.001,uniform,standard,30.0,20.0,0.001,PM10,2642214831093.2285,12334374239646.2,,,,0.12500000000015601,0.1250000000007815,0.12500000000156336
uniform_standard_30_100_0,uniform,standard,30.0,100.0,0.0,H2CO,3.3498163372292824,15.63759609977338,15.638607111261553,0.012315067180081737,0.012314271030251506,0.32168508471085955,6.291902074048106,48.48027206740914
uniform_standard_30_100_0,uniform,standard,30.0,100.0,0.0,CH3OH,2.4312809585907464,11.349693776632163,11.35003918207089,0.00837556168043819,0.008375306794573004,0.4500243757612781,16.681892302278573,86.20810270255238
uniform_standard_30_100_0,uniform,standard,30.0,100.0,0.0,CH3CN,0.1919740877794307,0.8961724895043705,0.896195863920792,0.0005161717507022171,0.0005161582880051309,98.5581032953951,100.0,100.0
uniform_standard_30_100_0,uniform,standard,30.0,100.0,0.0,CH3Cl,1.7017477047802407,7.944090240207205,7.944250299783989,0.003720717997497276,0.0037206430330229026,0.7431291882943037,46.6056929396913,99.7834366468061
uniform_standard_30_100_0,uniform,standard,30.0,100.0,0.0,HCOOH,48.69840330713646,227.33364607408458,227.34979827362363,0.11679842126997661,0.11679012325774821,0.1337510584929305,0.1746405358724986,0.24162213591632578
uniform_standard_30_100_0,uniform,standard,30.0,100.0,0.0,PM2.5,569206620170.8872,2657167536209.3774,,,,0.12500000000072548,0.1250000000036285,0.1250000000072572
uniform_standard_30_100_0,uniform,standard,30.0,100.0,0.0,PMcoarse,19862622688.009426,92722597243.70279,,,,0.12500000002079786,0.12500000010398926,0.1250000002079786
uniform_standard_30_100_0,uniform,standard,30.0,100.0,0.0,PM10,549347570616.421,2564461619050.0537,,,,0.12500000000075173,0.12500000000375966,0.12500000000751954
uniform_standard_30_100_0.0001,uniform,standard,30.0,100.0,0.0001,H2CO,3.5355656530668846,16.50471013960763,16.505776522708956,0.012997944464644789,0.012997104710858593,0.30672772733510967,5.379280328179926,42.27200722384373
uniform_standard_30_100_0.0001,uniform,standard,30.0,100.0,0.0001,CH3OH,2.6063274666182585,12.166845021847616,12.167188151358763,0.008978562382425927,0.008978309176041447,0.4149464413779075,13.459426035651306,79.20271051078133
uniform_standard_30_100_0.0001,uniform,standard,30.0,100.0,0.0001,CH3CN,0.21105664097861782,0.985253570208677,0.9852770930845561,0.0005674788542755376,0.0005674653060719441,95.68020027220446,100.0,100.0
uniform_standard_30_100_0.0001,uniform,standard,30.0,100.0,0.0001,CH3Cl,1.8088451887165584,8.444042186373702,8.444204273527738,0.00395487322647832,0.0039547973123809,0.6746168206401779,39.77609510377053,99.38782550588728
uniform_standard_30_100_0.0001,uniform,standard,30.0,100.0,0.0001,HCOOH,52.05032511416898,242.9810709176065,242.99728839519466,0.1248371446685233,0.12482881312042579,0.13317106949874796,0.17097013313759865,0.23185430078970093
uniform_standard_30_100_0.0001,uniform,standard,30.0,100.0,0.0001,PM2.5,620181663415.6766,2895128981609.0444,,,,0.12500000000066588,0.12500000000333034,0.1250000000066609
uniform_standard_30_100_0.0001,uniform,standard,30.0,100.0,0.0001,PMcoarse,21652106978.867092,101076258982.20491,,,,0.12500000001907866,0.12500000009539491,0.1250000001907898
uniform_standard_30_100_0.0001,uniform,standard,30.0,100.0,0.0001,PM10,598533303224.5299,2794070213362.7915,,,,0.12500000000069003,0.12500000000345068,0.12500000000690187
uniform_standard_30_100_0.001,uniform,standard,30.0,100.0,0.001,H2CO,10.667874509786602,49.79971915866043,49.801088566006065,0.03921728750957095,0.039216209130701375,0.1696981718549712,0.5314814760738265,1.8491685576702752
uniform_standard_30_100_0.001,uniform,standard,30.0,100.0,0.001,CH3OH,9.562026799247894,44.63740633181252,44.637745885454684,0.032939639056923264,0.03293938848928838,0.175712716246187,0.62019615450885,2.399042173490179
uniform_standard_30_100_0.001,uniform,standard,30.0,100.0,0.001,CH3CN,0.8703326806877126,4.062882726366003,4.062908345710593,0.0023400671640830487,0.0023400524084001883,3.044072028529642,99.67515475754463,100.0
uniform_standard_30_100_0.001,uniform,standard,30.0,100.0,0.001,CH3Cl,6.030236349024585,28.150319575495022,28.150504893464166,0.013184389494700995,0.013184302700368359,0.21348928034399464,1.411100081755655,8.61215520312036
uniform_standard_30_100_0.001,uniform,standard,30.0,100.0,0.001,HCOOH,189.7916326428356,885.9843632024435,886.0035678058541,0.4551744437210538,0.4551645775704062,0.12719401725286644,0.1363268060849367,0.14858411608490474
uniform_standard_30_100_0.001,uniform,standard,30.0,100.0,0.001,PM2.5,2474088442628.1494,11549527462433.006,,,,0.12500000000016673,0.12500000000083472,0.12500000000166966
uniform_standard_30_100_0.001,uniform,standard,30.0,100.0,0.001,PMcoarse,86694171462.59175,404705303532.5015,,,,0.12500000000476474,0.125000000023825,0.12500000004765013
uniform_standard_30_100_0.001,uniform,standard,30.0,100.0,0.001,PM10,2387404785055.5957,11144871239790.111,,,,0.12500000000017294,0.12500000000086514,0.12500000000173006
uniform_standard_45_2_0,uniform,standard,45.0,2.0,0.0,H2CO,14.046133828713712,65.57009264527758,65.57936007155165,0.05164233740013556,0.051635039501010685,0.1577860886241848,0.3822354697354861,1.0405336878020297
uniform_standard_45_2_0,uniform,standard,45.0,2.0,0.0,CH3OH,12.723003845128005,59.39346378331234,59.40016931529797,0.04383330964307527,0.043828361413748046,0.16161117158109886,0.4264818932114371,1.2631295139893721
uniform_standard_45_2_0,uniform,standard,45.0,2.0,0.0,CH3CN,0.981059682080513,4.579777968017319,4.580234176485149,0.0026380254458655034,0.0026377626886569454,2.2533131005855367,98.09226278808192,99.99999999996241
uniform_standard_45_2_0,uniform,standard,45.0,2.0,0.0,CH3Cl,8.371760384861037,39.08101052812426,39.083871663756526,0.018305070865549992,0.018303730842459263,0.1842774886126543,0.7631127004090804,3.371107590639002
uniform_standard_45_2_0,uniform,standard,45.0,2.0,0.0,HCOOH,138.66915118036113,647.3346474423375,647.5100468447255,0.3326510593024206,0.3325609498171861,0.12801172101256478,0.14073387644160298,0.15825692557060733
uniform_standard_45_2_0,uniform,standard,45.0,2.0,0.0,PM2.5,2672053130614.1206,12473665242268.064,,,,0.12500000000015446,0.12500000000077305,0.12500000000154585
uniform_standard_45_2_0,uniform,standard,45.0,2.0,0.0,PMcoarse,92585628971.90092,432207776413.07605,,,,0.1250000000044615,0.12500000002230874,0.12500000004461798
uniform_standard_45_2_0,uniform,standard,45.0,2.0,0.0,PM10,2579469253867.9043,12041465645586.285,,,,0.12500000000015998,0.1250000000008005,0.1250000000016014
uniform_standard_45_2_0.0001,uniform,standard,45.0,2.0,0.0001,H2CO,14.116242664236475,65.89737436539637,65.90667263384209,0.051900089012207766,0.05189276682553521,0.15760549429636267,0.3802292504130396,1.0308172649563474
uniform_standard_45_2_0.0001,uniform,standard,45.0,2.0,0.0001,CH3OH,12.788086149241606,59.69728067430431,59.70398407301476,0.04405750439710783,0.044052557741993494,0.16140237354239795,0.4239791445408922,1.2501266209332724
uniform_standard_45_2_0.0001,uniform,standard,45.0,2.0,0.0001,CH3CN,0.988233138573439,4.613265062228716,4.613721346289643,0.002657312670634012,0.0026570498698869566,2.2139792707607664,97.91345309103676,99.99999999993567
uniform_standard_45_2_0.0001,uniform,standard,45.0,2.0,0.0001,CH3Cl,8.413236173500474,39.27462760003798,39.277489243968574,0.018395752350667153,0.018394412089513083,0.18393119868463134,0.7569435047949267,3.327224667347107
uniform_standard_45_2_0.0001,uniform,standard,45.0,2.0,0.0001,HCOOH,139.36969518216154,650.6049234955419,650.780526075125,0.33433123150317695,0.33424101763792624,0.12799641802160375,0.14065045909108156,0.15807128693794642
uniform_standard_45_2_0.0001,uniform,standard,45.0,2.0,0.0001,PM2.5,2688061550747.1978,12548395670158.807,,,,0.12500000000015352,0.1250000000007683,0.12500000000153652
uniform_standard_45_2_0.0001,uniform,standard,45.0,2.0,0.0001,PMcoarse,93142216852.80754,434806037212.9041,,,,0.125000000004435,0.12500000002217576,0.12500000004435124
uniform_standard_45_2_0.0001,uniform,standard,45.0,2.0,0.0001,PM10,2594921107742.3687,12113597913614.285,,,,0.12500000000015915,0.12500000000079586,0.12500000000159184
uniform_standard_45_2_0.001,uniform,standard,45.0,2.0,0.001,H2CO,19.574832329617223,91.37913571241518,91.39011551445209,0.07196775289184412,0.07195910653358814,0.14781031261329095,0.2820839443918813,0.5994271561416614
uniform_standard_45_2_0.001,uniform,standard,45.0,2.0,0.001,CH3OH,18.079404401814116,84.39818643725334,84.40481245092629,0.06228504602215522,0.06228015647196752,0.14985759523183562,0.300914093384943,0.6751388177874016
uniform_standard_45_2_0.001,uniform,standard,45.0,2.0,0.001,CH3CN,1.5297462365868457,7.141153834923255,7.141616678873792,0.004113275827731608,0.004113009248759456,0.8902748554499603,59.68393506314433,99.9779036294751
uniform_standard_45_2_0.001,uniform,standard,45.0,2.0,0.001,CH3Cl,11.7244575119483,54.732054716900834,54.73495717426572,0.025635312655754392,0.025633953279482622,0.16514206399338255,0.47037052667622686,1.4987388599482803
uniform_standard_45_2_0.001,uniform,standard,45.0,2.0,0.001,HCOOH,195.56673910843014,912.9436867147451,913.1308791242958,0.4691107971260383,0.469014629115003,0.12712872621395865,0.1359793119165985,0.14783315183386989
uniform_standard_45_2_0.001,uniform,standard,45.0,2.0,0.001,PM2.5,3901374599293.957,18212377657736.145,,,,0.1250000000001057,0.12500000000052938,0.1250000000010586
uniform_standard_45_2_0.001,uniform,standard,45.0,2.0,0.001,PMcoarse,135305122048.42842,631630703244.4458,,,,0.125000000003053,0.12500000001526548,0.12500000003053077
uniform_standard_45_2_0.001,uniform,standard,45.0,2.0,0.001,PM10,3766072794277.2827,17580762439042.969,,,,0.1250000000001096,0.12500000000054828,0.12500000000109682
uniform_standard_45_20_0,uniform,standard,45.0,20.0,0.0,H2CO,4.124086667588144,19.252041036239532,19.252839107558547,0.015161197242825405,0.015160568778804394,0.2710726286791795,3.50741575173559,27.473245611243293
uniform_standard_45_20_0,uniform,standard,45.0,20.0,0.0,CH3OH,3.7356023463274353,17.43852044424364,17.439098195751864,0.012868875626479384,0.012868449284920955,0.292880888002493,4.6006904051678585,36.45221967214343
uniform_standard_45_20_0,uniform,standard,45.0,20.0,0.0,CH3CN,0.288049058637372,1.344669194495857,1.3447085063918078,0.0007744964821548979,0.0007744738401287816,67.30278310227281,100.0,100.0
uniform_standard_45_20_0,uniform,standard,45.0,20.0,0.0,CH3Cl,2.4580334264221113,11.474579514984342,11.474826073769233,0.005374275769229614,0.005374160292542228,0.4441660175038552,16.128387779672536,85.19773038931324
uniform_standard_45_20_0,uniform,standard,45.0,20.0,0.0,HCOOH,40.71466438747958,190.06399543559644,190.07906428620606,0.09765099768588156,0.09764325623207372,0.13553136147085892,0.18626278105839353,0.27370067943944626
uniform_standard_45_20_0,uniform,standard,45.0,20.0,0.0,PM2.5,784541736466.5996,3662393863786.273,,,,0.12500000000052633,0.12500000000263273,0.12500000000526523
uniform_standard_45_20_0,uniform,standard,45.0,20.0,0.0,PMcoarse,27184074020.124645,126900560233.29852,,,,0.12500000001519623,0.1250000000759819,0.12500000015196402
uniform_standard_45_20_0,uniform,standard,45.0,20.0,0.0,PM10,757358176917.701,3535495705205.0137,,,,0.12500000000054526,0.12500000000272712,0.12500000000545441
uniform_standard_45_20_0.0001,uniform,standard,45.0,20.0,0.0001,H2CO,4.354041102455984,20.32551319465321,20.326339718764913,0.016006555915168107,0.016005905045184024,0.26056835200725037,3.039753356817006,23.37280108245743
uniform_standard_45_20_0.0001,uniform,standard,45.0,20.0,0.0001,CH3OH,3.9512977220333205,18.445428533021833,18.44600444990239,0.013611904377550001,0.013611479389822776,0.2800577832938198,3.9379336910211706,31.11733008189078
uniform_standard_45_20_0.0001,uniform,standard,45.0,20.0,0.0001,CH3CN,0.31147625056294437,1.4540318962692282,1.4540712892442538,0.0008374849218020626,0.0008374622330777526,57.42387616894781,100.0,100.0
uniform_standard_45_20_0.0001,uniform,standard,45.0,20.0,0.0001,CH3Cl,2.594857089745641,12.113299065117781,12.113546134117495,0.005673422590417378,0.005673306874769058,0.4170274709892475,13.644027954679922,79.68536542390558
uniform_standard_45_20_0.0001,uniform,standard,45.0,20.0,0.0001,HCOOH,43.02806862101213,200.8634176658343,200.8786689103344,0.10319917402039502,0.10319133886376176,0.13494513851709475,0.1823759929669475,0.2627801230864434
uniform_standard_45_20_0.0001,uniform,standard,45.0,20.0,0.0001,PM2.5,836791091958.2948,3906304047330.3687,,,,0.12500000000049352,0.1250000000024682,0.12500000000493658
uniform_standard_45_20_0.0001,uniform,standard,45.0,20.0,0.0001,PMcoarse,29000545451.608955,135380203208.53802,,,,0.12500000001424452,0.12500000007122267,0.12500000014244556
uniform_standard_45_20_0.0001,uniform,standard,45.0,20.0,0.0001,PM10,807791130929.1937,3770926572320.0986,,,,0.12500000000051126,0.12500000000255684,0.12500000000511374
uniform_standard_45_20_0.001,uniform,standard,45.0,20.0,0.001,H2CO,13.936231755563279,65.05704832957765,65.0581447077022,0.051231891496901986,0.0512310281226793,0.15807323119732825,0.38544052512811655,1.0561258521552987
uniform_standard_45_20_0.001,uniform,standard,45.0,20.0,0.001,CH3OH,13.334267105866488,62.24695992154095,62.24754630620495,0.045934481386382904,0.0459340486741391,0.1597392781550651,0.4044075001219981,1.150122487876539
uniform_standard_45_20_0.001,uniform,standard,45.0,20.0,0.001,CH3CN,1.1990088021539709,5.597206975133797,5.597249219419477,0.003223784046563865,0.003223759715602549,1.4286823700789293,87.42615989019748,99.9999947219444
uniform_standard_45_20_0.001,uniform,standard,45.0,20.0,0.001,CH3Cl,8.463103589003119,39.50741842307604,39.50771263717492,0.01850357829902266,0.018503440502798785,0.18352010945743197,0.7496633949620986,3.2756462095982473
uniform_standard_45_20_0.001,uniform,standard,45.0,20.0,0.001,HCOOH,142.48075510263916,665.1279580684945,665.15537576646,0.3417161500854246,0.34170206454912094,0.1279302959307196,0.14029043853164452,0.15727121562325458
uniform_standard_45_20_0.001,uniform,standard,45.0,20.0,0.001,PM2.5,2887943974459.743,13481485814451.875,,,,0.1250000000001428,0.12500000000071512,0.1250000000014302
uniform_standard_45_20_0.001,uniform,standard,45.0,20.0,0.001,PMcoarse,100225397236.77875,467871704937.83826,,,,0.12500000000412131,0.1250000000206084,0.12500000004121692
uniform_standard_45_20_0.001,uniform,standard,45.0,20.0,0.001,PM10,2787721482618.71,13013627672468.123,,,,0.12500000000014805,0.12500000000074085,0.12500000000148176
uniform_standard_45_100_0,uniform,standard,45.0,100.0,0.0,H2CO,1.8317581837644143,8.551004516819209,8.55116192104271,0.006733856332356102,0.006733732379911165,0.6616843445505001,38.4484597864915,99.25724905699538
uniform_standard_45_100_0,uniform,standard,45.0,100.0,0.0,CH3OH,1.659208540815997,7.745509124848179,7.7456230888444635,0.0057157462536800065,0.005715662155954446,0.7746511337795947,49.606790119024446,99.86660956893621
uniform_standard_45_100_0,uniform,standard,45.0,100.0,0.0,CH3CN,0.1279401321412691,0.5972494936936183,0.5972572483534129,0.00034399547232168127,0.00034399100595837456,99.99991777108647,100.0,100.0
uniform_standard_45_100_0,uniform,standard,45.0,100.0,0.0,CH3Cl,1.091762399600918,5.0965598478153185,5.096608484527568,0.002387014784150829,0.0023869920049729614,1.7541840633028605,94.0194639743338,99.99999995773017
uniform_standard_45_100_0,uniform,standard,45.0,100.0,0.0,HCOOH,18.083862044487955,84.41899558279242,84.42196600493227,0.04337084274874278,0.04336931672752317,0.14985094805166757,0.3008515570519362,0.6748815230103478
uniform_standard_45_100_0,uniform,standard,45.0,100.0,0.0,PM2.5,348462808216.1496,1626692362239.7893,,,,0.12500000000118525,0.1250000000059271,0.12500000001185485
uniform_standard_45_100_0,uniform,standard,45.0,100.0,0.0,PMcoarse,12074104327.88005,56364274258.117516,,,,0.12500000003421358,0.12500000017106855,0.1250000003421372
uniform_standard_45_100_0,uniform,standard,45.0,100.0,0.0,PM10,336388932396.25055,1570329154701.5012,,,,0.12500000000122777,0.12500000000614012,0.12500000001228034
uniform_standard_45_100_0.0001,uniform,standard,45.0,100.0,0.0001,H2CO,2.289508240708718,10.687871074423958,10.688049504319004,0.008416609403464313,0.008416468893754669,0.4846874232521981,20.06038304715626,91.05918733336063
uniform_standard_45_100_0.0001,uniform,standard,45.0,100.0,0.0001,CH3OH,2.09888705037234,9.798014174088985,9.798127031350747,0.007230355418814831,0.007230272137784536,0.5434252627457791,26.07202354461691,95.91659539344643
uniform_standard_45_100_0.0001,uniform,standard,45.0,100.0,0.0001,CH3CN,0.17384616236162875,0.8115477974996519,0.811555627598784,0.00046742247532501947,0.0004674179655117745,99.68224188501327,100.0,100.0
uniform_standard_45_100_0.0001,uniform,standard,45.0,100.0,0.0001,CH3Cl,1.3678776257397378,6.385519584314722,6.385568675951336,0.002990703892790615,0.0029906809005472964,1.0944691056776377,73.62922850368666,99.99909552314938
uniform_standard_45_100_0.0001,uniform,standard,45.0,100.0,0.0001,HCOOH,22.764990241970377,106.27141514082622,106.27452043123498,0.05459734867524709,0.05459575336695968,0.1443999829190768,0.2525947875518959,0.4882092495856801
uniform_standard_45_100_0.0001,uniform,standard,45.0,100.0,0.0001,PM2.5,451010888277.2885,2105406803679.7927,,,,0.12500000000091568,0.12500000000457956,0.12500000000915923
uniform_standard_45_100_0.0001,uniform,standard,45.0,100.0,0.0001,PMcoarse,15638249646.155222,73002399849.85814,,,,0.12500000002641576,0.12500000013207985,0.12500000026416008
uniform_standard_45_100_0.0001,uniform,standard,45.0,100.0,0.0001,PM10,435373000234.2434,2032406091863.7893,,,,0.1250000000009486,0.12500000000474398,0.12500000000948822
uniform_standard_45_100_0.001,uniform,standard,45.0,100.0,0.001,H2CO,13.269629491069422,61.94521892702264,61.945511663344334,0.0487807598343765,0.04878052931081119,0.1599281620976254,0.40659803182466436,1.1611654262087812
uniform_standard_45_100_0.001,uniform,standard,45.0,100.0,0.001,CH3OH,12.814638824010359,59.82123373966725,59.82143670927935,0.04414417650314938,0.044144026725295916,0.16131786597349493,0.4229691026621049,1.2448926305493206
uniform_standard_45_100_0.001,uniform,standard,45.0,100.0,0.001,CH3CN,1.163628350048394,5.432044123157258,5.4320605137290885,0.0031286421843381125,0.0031286327440466573,1.523368969879554,89.85908608677174,99.99999872971824
uniform_standard_45_100_0.001,uniform,standard,45.0,100.0,0.001,CH3Cl,8.08410750415512,37.738190769493556,37.73842104097211,0.017674924261650314,0.017674816413181013,0.18679457311784844,0.8089685935589317,3.7021585379510316
uniform_standard_45_100_0.001,uniform,standard,45.0,100.0,0.001,HCOOH,135.8962327283658,634.3901232043976,634.4396497637509,0.3259362886889353,0.3259108449718644,0.12807385926690815,0.1410729655743042,0.15901255076904988
uniform_standard_45_100_0.001,uniform,standard,45.0,100.0,0.001,PM2.5,2771529076898.649,12938038363967.88,,,,0.1250000000001488,0.12500000000074504,0.1250000000014904
uniform_standard_45_100_0.001,uniform,standard,45.0,100.0,0.001,PMcoarse,96200223233.93794,449081407515.20544,,,,0.12500000000429384,0.12500000002147077,0.12500000004294143
uniform_standard_45_100_0.001,uniform,standard,45.0,100.0,0.001,PM10,2675331719010.3843,12488970332445.21,,,,0.1250000000001543,0.12500000000077172,0.12500000000154401
uniform_standard_60_2_0,uniform,standard,60.0,2.0,0.0,H2CO,11.532667020750674,53.836739292053906,53.84184130869562,0.042399293498357964,0.04239527576984483,0.16589920239695335,0.48017194957251297,1.55324912887064
uniform_standard_60_2_0,uniform,standard,60.0,2.0,0.0,CH3OH,10.67499784559601,49.83297227974429,49.83684843595293,0.036776225292097516,0.036773364950834574,0.16966401900160086,0.5310041709318415,1.8463370463108566
uniform_standard_60_2_0,uniform,standard,60.0,2.0,0.0,CH3CN,0.8311962771395043,3.8801863603942435,3.8804542656101257,0.002234981160297894,0.0022348268579741814,3.4360001618292344,99.86146041413907,100.0
uniform_standard_60_2_0,uniform,standard,60.0,2.0,0.0,CH3Cl,6.869490169158513,32.06812011834548,32.06967752779413,0.015019947993688217,0.015019218575411305,0.200248364765633,1.0852661462698967,5.848383107253985
uniform_standard_60_2_0,uniform,standard,60.0,2.0,0.0,HCOOH,112.95466155696563,527.2943938399355,527.3807700829457,0.27093598420394494,0.2708916093731977,0.1287065568572897,0.14455957993327956,0.16687580712533445
uniform_standard_60_2_0,uniform,standard,60.0,2.0,0.0,PM2.5,2209441562074.6797,10314104200218.236,,,,0.12500000000018663,0.12500000000093467,0.12500000000186964
uniform_standard_60_2_0,uniform,standard,60.0,2.0,0.0,PMcoarse,76567626800.68805,357432617699.1805,,,,0.125000000005395,0.12500000002697592,0.12500000005395215
uniform_standard_60_2_0,uniform,standard,60.0,2.0,0.0,PM10,2132875343299.552,9956678155457.031,,,,0.12500000000019368,0.1250000000009683,0.12500000000193662
uniform_standard_60_2_0.0001,uniform,standard,60.0,2.0,0.0001,H2CO,11.654617759882283,54.40602913084736,54.41116016220418,0.04284761986642665,0.04284357928944861,0.16541452453090186,0.4738815693992994,1.5181883106858907
uniform_standard_60_2_0.0001,uniform,standard,60.0,2.0,0.0001,CH3OH,10.790128280393814,50.37042360749334,50.37429915226038,0.03717282759032918,0.037169967700268806,0.16911912825821532,0.5234287102251873,1.801589958357859
uniform_standard_60_2_0.0001,uniform,standard,60.0,2.0,0.0001,CH3CN,0.8437735010274556,3.938899294900641,3.939167287364312,0.0022687974324410044,0.0022686430798661743,3.3017260569557636,99.81485380481678,100.0
uniform_standard_60_2_0.0001,uniform,standard,60.0,2.0,0.0001,CH3Cl,6.942540972866018,32.40913551983064,32.410693754693966,0.015179664161354706,0.015178934356491878,0.19927826392227727,1.063537024461454,5.671681491462728
uniform_standard_60_2_0.0001,uniform,standard,60.0,2.0,0.0001,HCOOH,114.21731703388015,533.1887159081979,533.275230620729,0.2739641975134755,0.27391975154555737,0.12866503780800137,0.14432887667887506,0.16635024781271784
uniform_standard_60_2_0.0001,uniform,standard,60.0,2.0,0.0001,PM2.5,2237384002487.9487,10444544962706.756,,,,0.12500000000018432,0.12500000000092293,0.12500000000184608
uniform_standard_60_2_0.0001,uniform,standard,60.0,2.0,0.0001,PMcoarse,77539038783.98932,361967358327.35156,,,,0.12500000000532752,0.12500000002663808,0.12500000005327627
uniform_standard_60_2_0.0001,uniform,standard,60.0,2.0,0.0001,PM10,2159846411136.0374,10082584361274.69,,,,0.1250000000001911,0.12500000000095615,0.12500000000191247
uniform_standard_60_2_0.001,uniform,standard,60.0,2.0,0.001,H2CO,20.056545568562488,93.62786707801902,93.63393407446303,0.07373471181023464,0.07372993418085515,0.14722064360579043,0.2768190192122763,0.5789013045197945
uniform_standard_60_2_0.001,uniform,standard,60.0,2.0,0.001,CH3OH,18.977830800681268,88.5922161202296,88.59609028878468,0.06537792574597937,0.06537506687147038,0.14858590573817784,0.2891164041191379,0.6272860380365157
uniform_standard_60_2_0.001,uniform,standard,60.0,2.0,0.001,CH3CN,1.6550531328657847,7.726110869954911,7.726384465269533,0.004450077886533373,0.004449920306948131,0.7778813217458475,49.90862663242883,99.87309451894605
uniform_standard_60_2_0.001,uniform,standard,60.0,2.0,0.001,CH3Cl,12.086147618308454,56.42049468708211,56.42209887399718,0.02642549149575011,0.026424740169079752,0.1637875181671452,0.4531815395124525,1.4047834985067529
uniform_standard_60_2_0.001,uniform,standard,60.0,2.0,0.001,HCOOH,202.25230871954489,944.1532297913677,944.2491798597936,0.4850974767981098,0.48504818352141466,0.12705783330131537,0.1356027356338679,0.14702128238888662
uniform_standard_60_2_0.001,uniform,standard,60.0,2.0,0.001,PM2.5,4079268917945.198,19042823038456.156,,,,0.12500000000010109,0.12500000000050604,0.1250000000010125
uniform_standard_60_2_0.001,uniform,standard,60.0,2.0,0.001,PMcoarse,141523372346.01608,660658708607.092,,,,0.1250000000029189,0.1250000000145945,0.1250000000291895
uniform_standard_60_2_0.001,uniform,standard,60.0,2.0,0.001,PM10,3937749289314.438,18382181806242.156,,,,0.12500000000010475,0.12500000000052425,0.1250000000010488
uniform_standard_60_20_0,uniform,standard,60.0,20.0,0.0,H2CO,3.3861078861802563,15.807012129548875,15.807451650715162,0.012448028628090992,0.012447682514613532,0.3185815030892789,6.096540685958764,47.20577233726545
uniform_standard_60_20_0,uniform,standard,60.0,20.0,0.0,CH3OH,3.134287463857408,14.631465276369408,14.631799303458306,0.01079727881076333,0.010797032321351168,0.34225295690083074,7.663405252272199,56.63843648477337
uniform_standard_60_20_0,uniform,standard,60.0,20.0,0.0,CH3CN,0.24404765599592218,1.1392620637575734,1.1392851523607077,0.0006561811266014094,0.0006561678285209553,85.86377117541848,100.0,100.0
uniform_standard_60_20_0,uniform,standard,60.0,20.0,0.0,CH3Cl,2.0169519305892383,9.415525052128803,9.415659278790342,0.004409857647341502,0.004409794781805236,0.5743174725383934,29.309920234356245,97.34824444303808
uniform_standard_60_20_0,uniform,standard,60.0,20.0,0.0,HCOOH,33.16463251650382,154.81897390215047,154.826406080879,0.07954033800983125,0.07953651981096466,0.13803943524531256,0.20356850651945937,0.32462198145945687
uniform_standard_60_20_0,uniform,standard,60.0,20.0,0.0,PM2.5,648714404810.136,3028325384225.819,,,,0.12500000000063652,0.12500000000318368,0.12500000000636788
uniform_standard_60_20_0,uniform,standard,60.0,20.0,0.0,PMcoarse,22481030184.66977,104945834202.19833,,,,0.1250000000183754,0.12500000009187726,0.12500000018375473
uniform_standard_60_20_0,uniform,standard,60.0,20.0,0.0,PM10,626233788035.9895,2923381479904.5854,,,,0.1250000000006596,0.12500000000329814,0.12500000000659642
uniform_standard_60_20_0.0001,uniform,standard,60.0,20.0,0.0001,H2CO,3.7751923632804005,17.623334366073667,17.62379780500602,0.013878362209159554,0.013877997260955077,0.2903771463002046,4.4668484161601265,35.402741190346276
uniform_standard_60_20_0.0001,uniform,standard,60.0,20.0,0.0001,CH3OH,3.5060787024824602,16.36705930235767,16.36739291100052,0.01207802957108729,0.012077783390460027,0.30895526022512076,5.510535077522666,43.2052051575679
uniform_standard_60_20_0.0001,uniform,standard,60.0,20.0,0.0001,CH3CN,0.2836138464855894,1.3239647590091792,1.323987941781822,0.0007625622939479995,0.0007625489416298031,69.23700272319957,100.0,100.0
uniform_standard_60_20_0.0001,uniform,standard,60.0,20.0,0.0001,CH3Cl,2.251891720919313,10.512269822316986,10.512404767306679,0.004923522313459541,0.0049234591114917185,0.4950463243559573,21.099140910804305,92.18125244547163
uniform_standard_60_20_0.0001,uniform,standard,60.0,20.0,0.0001,HCOOH,37.2166862665545,173.73475122810225,173.74229988744958,0.08925816732085155,0.08925428928136717,0.13656176181048849,0.19323877705857015,0.293779456899541
uniform_standard_60_20_0.0001,uniform,standard,60.0,20.0,0.0001,PM2.5,736869583516.6261,3439850954566.6855,,,,0.12500000000056055,0.12500000000280287,0.12500000000560588
uniform_standard_60_20_0.0001,uniform,standard,60.0,20.0,0.0001,PMcoarse,25545178617.74491,119249876801.08751,,,,0.1250000000161712,0.12500000008085657,0.12500000016171328
uniform_standard_60_20_0.0001,uniform,standard,60.0,20.0,0.0001,PM10,711324939508.1691,3320603573426.0386,,,,0.1250000000005808,0.1250000000029036,0.12500000000580722
uniform_standard_60_20_0.001,uniform,standard,60.0,20.0,0.001,H2CO,16.511280912504166,77.07788010049495,77.07849119968381,0.06069765616017652,0.06069717493269181,0.15243878346189968,0.3258984439334602,0.7809583253778334
uniform_standard_60_20_0.001,uniform,standard,60.0,20.0,0.001,CH3OH,15.911427095066795,74.27764546919828,74.27805440436103,0.05481218312879509,0.05481188136228804,0.15357328859990238,0.3373281074866885,0.8313304048618865
uniform_standard_60_20_0.001,uniform,standard,60.0,20.0,0.001,CH3CN,1.4411686916466244,6.7276565766137475,6.727686884706061,0.0038748693865451643,0.003874851930337543,0.9917351047466251,67.22248681301974,99.99548861528514
uniform_standard_60_20_0.001,uniform,standard,60.0,20.0,0.001,CH3Cl,10.047724981320687,46.90474018926533,46.90503544325971,0.021968140851721323,0.02196800256845868,0.17288429946279443,0.5773133090746778,2.1275466908497696
uniform_standard_60_20_0.001,uniform,standard,60.0,20.0,0.001,HCOOH,169.00762378488287,788.9605555856945,789.0102609641334,0.4053452149339979,0.40531967935061763,0.12746624867815043,0.1377826711983375,0.1517490465244118
uniform_standard_60_20_0.001,uniform,standard,60.0,20.0,0.001,PM2.5,3444070771223.225,16077594183557.62,,,,0.12500000000011977,0.12500000000059944,0.1250000000011993
uniform_standard_60_20_0.001,uniform,standard,60.0,20.0,0.001,PMcoarse,119538686163.0605,558029905025.0773,,,,0.12500000000345562,0.12500000001727868,0.12500000003455755
uniform_standard_60_20_0.001,uniform,standard,60.0,20.0,0.001,PM10,3324535604553.006,15519580708211.66,,,,0.12500000000012418,0.1250000000006212,0.1250000000012423
uniform_standard_60_100_0,uniform,standard,60.0,100.0,0.0,H2CO,1.503976737015162,7.020856784151635,7.0209434784070766,0.0055288421781423585,0.005528773908278406,0.9176023970931113,61.83606431262956,99.98559087681409
uniform_standard_60_100_0,uniform,standard,60.0,100.0,0.0,CH3OH,1.3921279211086062,6.4987246935214635,6.498790584348876,0.0047956681483044585,0.004795619525327892,1.05828205459329,71.50784276877373,99.99840811037953
uniform_standard_60_100_0,uniform,standard,60.0,100.0,0.0,CH3CN,0.10839641673447267,0.5060156178468059,0.506020172435792,0.00029144669018457497,0.0002914440669296981,99.99999997213483,100.0,100.0
uniform_standard_60_100_0,uniform,standard,60.0,100.0,0.0,CH3Cl,0.8958511471234063,4.182007905490618,4.182034384083993,0.0019586707381861876,0.001958658336842423,2.8254818706666183,99.47353313762477,99.99999999999997
uniform_standard_60_100_0,uniform,standard,60.0,100.0,0.0,HCOOH,14.73043226765658,68.76453124209478,68.76599681625889,0.03532776332411241,0.03532701040174378,0.1561042358653376,0.36383554035935245,0.9526950676392439
uniform_standard_60_100_0,uniform,standard,60.0,100.0,0.0,PM2.5,288133620679.3399,1345063946603.001,,,,0.12500000000143358,0.12500000000716854,0.12500000001433684
uniform_standard_60_100_0,uniform,standard,60.0,100.0,0.0,PMcoarse,9985196232.859198,46612843794.17107,,,,0.12500000004137107,0.12500000020685628,0.12500000041371237
uniform_standard_60_100_0,uniform,standard,60.0,100.0,0.0,PM10,278148608067.2468,1298451959986.3845,,,,0.1250000000014852,0.12500000000742564,0.12500000001485165
uniform_standard_60_100_0.0001,uniform,standard,60.0,100.0,0.0001,H2CO,2.2309375829552587,10.414451818846434,10.414551839078147,0.008201235866865185,0.008201157103081162,0.5010564061998697,21.70687157875202,92.772830362138
uniform_standard_60_100_0.0001,uniform,standard,60.0,100.0,0.0001,CH3OH,2.098123494507414,9.794449746367194,9.794515513425193,0.007227690362715882,0.007227641831072777,0.5436953222353145,26.100192095948096,95.93176650830766
uniform_standard_60_100_0.0001,uniform,standard,60.0,100.0,0.0001,CH3CN,0.17978653137913198,0.8392785988414823,0.8392832232178572,0.0004833924235803543,0.0004833897601308279,99.44384969846308,100.0,100.0
uniform_standard_60_100_0.0001,uniform,standard,60.0,100.0,0.0001,CH3Cl,1.3397466679380747,6.254198785883717,6.254225770116493,0.0029291889738061795,0.0029291763356443954,1.139515312170822,76.07469646830177,99.99955178354499
uniform_standard_60_100_0.0001,uniform,standard,60.0,100.0,0.0001,HCOOH,22.347123798468466,104.32073307073505,104.32228995027032,0.053594412055715225,0.05359361222623129,0.14478759156912105,0.25583062090953,0.4999605889014835
uniform_standard_60_100_0.0001,uniform,standard,60.0,100.0,0.0001,PM2.5,449074350248.66254,2096366666408.102,,,,0.12500000000091968,0.1250000000045992,0.12500000000919873
uniform_standard_60_100_0.0001,uniform,standard,60.0,100.0,0.0001,PMcoarse,15577023755.887981,72716585450.95886,,,,0.12500000002651973,0.12500000013259893,0.1250000002651983
uniform_standard_60_100_0.0001,uniform,standard,60.0,100.0,0.0001,PM10,433497717347.9138,2023651905545.176,,,,0.12500000000095277,0.1250000000047645,0.1250000000095294
uniform_standard_60_100_0.001,uniform,standard,60.0,100.0,0.001,H2CO,15.746210458713861,73.50638198244029,73.50675023408283,0.05788498687139113,0.05788469688113274,0.15390237570476134,0.34069550788643677,0.8463996158261681
uniform_standard_60_100_0.001,uniform,standard,60.0,100.0,0.001,CH3OH,15.325160537593545,71.54083881783596,71.5412188810052,0.052792583516197214,0.0527923030552697,0.154776232500849,0.3497517028658223,0.8874342767913885
uniform_standard_60_100_0.001,uniform,standard,60.0,100.0,0.001,CH3CN,1.4039614853282985,6.553966079633198,6.553997676529466,0.0037748315864705607,0.0037748133879651666,1.0414461549589813,70.47148643784132,99.99792853866853
uniform_standard_60_100_0.001,uniform,standard,60.0,100.0,0.001,CH3Cl,9.59907588952761,44.81035871228166,44.81101983359712,0.02098740116302802,0.020987091524499003,0.17548534321857404,0.616671351608684,2.376344226909742
uniform_standard_60_100_0.001,uniform,standard,60.0,100.0,0.001,HCOOH,159.77850281029353,745.8772185822256,746.045458466492,0.38327252720783045,0.383186095845119,0.12761005449662094,0.13855629038673564,0.1534430791274424
uniform_standard_60_100_0.001,uniform,standard,60.0,100.0,0.001,PM2.5,3324525588399.5073,15519533950853.31,,,,0.12500000000012418,0.1250000000006212,0.1250000000012423
uniform_standard_60_100_0.001,uniform,standard,60.0,100.0,0.001,PMcoarse,115419172515.89311,538799211740.2058,,,,0.12500000000357905,0.12500000001789546,0.12500000003579126
uniform_standard_60_100_0.001,uniform,standard,60.0,100.0,0.001,PM10,3209109862933.313,14980750830613.504,,,,0.1250000000001285,0.1250000000006433,0.12500000000128722
uniform_standard_90_2_0,uniform,standard,90.0,2.0,0.0,H2CO,10.223838460042707,47.72687226181319,47.73035099730366,0.03758662615402571,0.03758388672455082,0.17193455764111626,0.5633798873871071,2.0415836945341277
uniform_standard_90_2_0,uniform,standard,90.0,2.0,0.0,CH3OH,9.583958127613569,44.73978605069513,44.7425023617976,0.03301694225517314,0.03301493780119576,0.175577877410409,0.6181041974875133,2.3855629725979832
uniform_standard_90_2_0,uniform,standard,90.0,2.0,0.0,CH3CN,0.7513160067937906,3.50728967644047,3.5074794699376244,0.0020201631043343013,0.0020200537911298534,4.529024191087912,99.98591913959694,100.0
uniform_standard_90_2_0,uniform,standard,90.0,2.0,0.0,CH3Cl,6.085007646005748,28.406002673858733,28.407055842758595,0.013304546047968298,0.013304052792553093,0.21248730991962625,1.3845028160141726,8.379976828745095
uniform_standard_90_2_0,uniform,standard,90.0,2.0,0.0,HCOOH,99.81478125971998,465.95486945942815,466.01068931277285,0.2394077901980709,0.23937911337145532,0.12920191363889735,0.14733281387341288,0.17325150142580356
uniform_standard_90_2_0,uniform,standard,90.0,2.0,0.0,PM2.5,1966428648281.7341,9179672514907.896,,,,0.12500000000021008,0.12500000000105033,0.12500000000210057
uniform_standard_90_2_0,uniform,standard,90.0,2.0,0.0,PMcoarse,68152679040.944046,318150000080.6842,,,,0.1250000000060612,0.12500000003030687,0.12500000006061357
uniform_standard_90_2_0,uniform,standard,90.0,2.0,0.0,PM10,1898277212683.3325,8861528319459.555,,,,0.12500000000021724,0.12500000000108796,0.1250000000021761
uniform_standard_90_2_0.0001,uniform,standard,90.0,2.0,0.0001,H2CO,10.402656196661994,48.561628337736124,48.56513379984347,0.0382439996797441,0.0382412392036325,0.1710077494966741,0.5500060622029463,1.9601559559124238
uniform_standard_90_2_0.0001,uniform,standard,90.0,2.0,0.0001,CH3OH,9.75437929016163,45.53534528096167,45.53806233897656,0.03360401174034954,0.033602006735201286,0.17455383726722776,0.6023729330693095,2.2849610485086425
uniform_standard_90_2_0.0001,uniform,standard,90.0,2.0,0.0001,CH3CN,0.7697212375333148,3.593208883780019,3.5933987760083963,0.0020696490709840977,0.0020695397009145495,4.233859687954033,99.97421985758385,100.0
uniform_standard_90_2_0.0001,uniform,standard,90.0,2.0,0.0001,CH3Cl,6.193114039295421,28.9106644056913,28.91171870185244,0.01354090670021889,0.01354041291684684,0.21057362096126553,1.3345985485950622,7.94701021328425
uniform_standard_90_2_0.0001,uniform,standard,90.0,2.0,0.0001,HCOOH,101.69845872353689,474.7482433032545,474.8041595560155,0.24392533738612318,0.24389661103538343,0.1291229250997009,0.146888027232754,0.17222172894418777
uniform_standard_90_2_0.0001,uniform,standard,90.0,2.0,0.0001,PM2.5,2007450979116.9407,9371172757336.957,,,,0.12500000000020556,0.12500000000102887,0.1250000000020575
uniform_standard_90_2_0.0001,uniform,standard,90.0,2.0,0.0001,PMcoarse,69578669362.8563,324806801066.58356,,,,0.12500000000593695,0.12500000002968575,0.12500000005937165
uniform_standard_90_2_0.0001,uniform,standard,90.0,2.0,0.0001,PM10,1937873611889.433,9046372034892.186,,,,0.1250000000002131,0.12500000000106565,0.1250000000021314
uniform_standard_90_2_0.001,uniform,standard,90.0,2.0,0.001,H2CO,21.42874007064083,100.03353868316114,100.03760849187947,0.07877746786189509,0.0787742629749496,0.14569629660628286,0.2635321147214867,0.5283842678712665
uniform_standard_90_2_0.001,uniform,standard,90.0,2.0,0.001,CH3OH,20.48137860169947,95.61107054747629,95.61382635320052,0.07055654057908041,0.07055450698074191,0.1467252882913221,0.27245034475012236,0.5620872937338582
uniform_standard_90_2_0.001,uniform,standard,90.0,2.0,0.001,CH3CN,1.8120261345091222,8.458891461829959,8.459086825321664,0.004872084141145123,0.004871971619854191,0.6727885219136703,39.58902139196995,99.37082244057123
uniform_standard_90_2_0.001,uniform,standard,90.0,2.0,0.001,CH3Cl,12.960262960498401,60.501035615211805,60.50215665171942,0.028336401126179637,0.02833587608472798,0.16086125317290503,0.41754051079413806,1.216896930472082
uniform_standard_90_2_0.001,uniform,standard,90.0,2.0,0.001,HCOOH,217.41746926975773,1014.9471574574425,1015.017363078301,0.5214538410387244,0.5214177736846172,0.12691329759259826,0.13483733428619477,0.14537737430396755
uniform_standard_90_2_0.001,uniform,standard,90.0,2.0,0.001,PM2.5,4402185013049.131,20550258360575.336,,,,0.1250000000000938,0.1250000000004692,0.1250000000009382
uniform_standard_90_2_0.001,uniform,standard,90.0,2.0,0.001,PMcoarse,152751833611.4158,713075356092.7577,,,,0.12500000000270434,0.12500000001352168,0.1250000000270439
uniform_standard_90_2_0.001,uniform,standard,90.0,2.0,0.001,PM10,4249437386515.773,19837202643943.613,,,,0.1250000000000972,0.125000000000486,0.12500000000097194
uniform_standard_90_20_0,uniform,standard,90.0,20.0,0.0,H2CO,3.0018221177544038,14.013091201183897,14.013390931696025,0.011035244348603831,0.011035008317263796,0.35703486928516215,8.728159967523785,62.09468672100754
uniform_standard_90_20_0,uniform,standard,90.0,20.0,0.0,CH3OH,2.813946872988689,13.136052910415295,13.136287007066596,0.00969369182913697,0.009693519081632693,0.3815568308376157,10.629452486730923,70.20778079878359
uniform_standard_90_20_0,uniform,standard,90.0,20.0,0.0,CH3CN,0.2205939659718689,1.029775663691597,1.0297920214903764,0.000593117611887174,0.0005931081904716402,93.44622268628446,100.0,100.0
uniform_standard_90_20_0,uniform,standard,90.0,20.0,0.0,CH3Cl,1.7866196820440228,8.34028918577027,8.340379959251125,0.003906246738121412,0.0039062042240374938,0.6876991988393563,41.10828441426915,99.49708805194294
uniform_standard_90_20_0,uniform,standard,90.0,20.0,0.0,HCOOH,29.306629659023304,136.8090639955816,136.81386962835927,0.07028659845651893,0.07028412961631807,0.13984557689227878,0.21672608584358768,0.36578418325719214
uniform_standard_90_20_0,uniform,standard,90.0,20.0,0.0,PM2.5,577363277866.0521,2695244405422.6304,,,,0.1250000000007154,0.12500000000357725,0.12500000000715475
uniform_standard_90_20_0,uniform,standard,90.0,20.0,0.0,PMcoarse,20010313717.499683,93412047778.96367,,,,0.1250000000206442,0.1250000001032218,0.12500000020644345
uniform_standard_90_20_0,uniform,standard,90.0,20.0,0.0,PM10,557353329235.8878,2601834061942.5645,,,,0.12500000000074113,0.12500000000370573,0.12500000000741157
uniform_standard_90_20_0.0001,uniform,standard,90.0,20.0,0.0001,H2CO,3.55607099217128,16.600433062455586,16.600752152440027,0.013072735732964743,0.013072484456456104,0.3052088380053704,5.29072799740473,41.63464498084774
uniform_standard_90_20_0.0001,uniform,standard,90.0,20.0,0.0001,CH3OH,3.34793634005735,15.628819906249971,15.629054621468697,0.011533185823343091,0.011533012619377869,0.3218484388422774,6.302270614437398,48.547101454086935
uniform_standard_90_20_0.0001,uniform,standard,90.0,20.0,0.0001,CH3CN,0.27628860329087024,1.2897690948652822,1.289785555445874,0.0007428631340389326,0.0007428536534253261,72.44331910306263,100.0,100.0
uniform_standard_90_20_0.0001,uniform,standard,90.0,20.0,0.0001,CH3Cl,2.1244342179371283,9.917273335682848,9.91736498911847,0.00464483330840744,0.004644790382193564,0.5345682745265194,25.150105470644952,95.38892747613104
uniform_standard_90_20_0.0001,uniform,standard,90.0,20.0,0.0001,HCOOH,35.16024105563297,164.13486383955885,164.13975552284344,0.0843249673335304,0.08432245428584206,0.13726731450083599,0.19812271377516905,0.30819815183107085
uniform_standard_90_20_0.0001,uniform,standard,90.0,20.0,0.0001,PM2.5,702297654501.4056,3278462446091.8555,,,,0.12500000000058797,0.12500000000294087,0.125000000005882
uniform_standard_90_20_0.0001,uniform,standard,90.0,20.0,0.0001,PMcoarse,24352084797.650482,113680282116.02362,,,,0.12500000001696357,0.12500000008481796,0.1250000001696364
uniform_standard_90_20_0.0001,uniform,standard,90.0,20.0,0.0001,PM10,677946105935.2874,3164784667209.225,,,,0.1250000000006093,0.12500000000304642,0.12500000000609315
uniform_standard_90_20_0.001,uniform,standard,90.0,20.0,0.001,H2CO,18.719357594748224,87.38561277542125,87.38611169368497,0.0688146858896977,0.06881429300228188,0.1489382660318392,0.29235194414775967,0.6402715223079336
uniform_standard_90_20_0.001,uniform,standard,90.0,20.0,0.001,CH3OH,18.10642050860638,84.52430289370217,84.52471939041214,0.062373529238068944,0.062373221891651176,0.14981736346152258,0.30053573526938415,0.6735827176625248
uniform_standard_90_20_0.001,uniform,standard,90.0,20.0,0.001,CH3CN,1.6478625332882153,7.692543748480355,7.692575664958863,0.004430605415896037,0.0044305870333244905,0.7835377108263663,50.43452896065943,99.88370854560735
uniform_standard_90_20_0.001,uniform,standard,90.0,20.0,0.001,CH3Cl,11.399159719422725,53.213501166627594,53.21396736896083,0.024922951648855895,0.024922733301328277,0.16644323528595606,0.4873009670751344,1.593314692913463
uniform_standard_90_20_0.001,uniform,standard,90.0,20.0,0.001,HCOOH,191.15350859446798,892.3418658012985,892.4462172147154,0.45848428294442223,0.4584306735705106,0.1271782621507644,0.13624289450734078,0.1484026184927105
uniform_standard_90_20_0.001,uniform,standard,90.0,20.0,0.001,PM2.5,3924764612262.266,18321566800884.633,,,,0.1250000000001052,0.12500000000052633,0.12500000000105244
uniform_standard_90_20_0.001,uniform,standard,90.0,20.0,0.001,PMcoarse,136235503771.25266,635973906613.073,,,,0.12500000000303224,0.12500000001516112,0.12500000003032213
uniform_standard_90_20_0.001,uniform,standard,90.0,20.0,0.001,PM10,3788533138824.3647,17685611708653.83,,,,0.1250000000001088,0.125000000000545,0.12500000000109027
uniform_standard_90_100_0,uniform,standard,90.0,100.0,0.0,H2CO,1.333292266849549,6.224068382563819,6.224127505793694,0.004901366715456834,0.004901320157183284,1.150350158508184,76.63178129175799,99.99962130799331
uniform_standard_90_100_0,uniform,standard,90.0,100.0,0.0,CH3OH,1.24984542478481,5.834522246106292,5.834568425348182,0.004305517094816282,0.004305483017657374,1.3099726246815047,83.5753358725857,99.99996781921115
uniform_standard_90_100_0,uniform,standard,90.0,100.0,0.0,CH3CN,0.09797922233689273,0.457386122351266,0.4573893492315087,0.00026343734740360506,0.00026343548885405,99.99999999996587,100.0,100.0
uniform_standard_90_100_0,uniform,standard,90.0,100.0,0.0,CH3Cl,0.7935467304496844,3.704430932273688,3.7044488392000905,0.0017349918427412145,0.0017349834559682866,3.8935387656104847,99.94763180084483,100.0
uniform_standard_90_100_0,uniform,standard,90.0,100.0,0.0,HCOOH,13.016860525259922,60.76524408781824,60.76619184603132,0.03121795281147782,0.031217465911274368,0.16068685700287483,0.41547997985710944,1.2063305355477194
uniform_standard_90_100_0,uniform,standard,90.0,100.0,0.0,PM2.5,256442241739.5185,1197122407779.5037,,,,0.12500000000161077,0.12500000000805428,0.12500000001610867
uniform_standard_90_100_0,uniform,standard,90.0,100.0,0.0,PMcoarse,8887800632.353254,41489987065.68124,,,,0.12500000004647926,0.12500000023239705,0.12500000046479448
uniform_standard_90_100_0,uniform,standard,90.0,100.0,0.0,PM10,247554603264.6593,1155633177696.6362,,,,0.12500000000166864,0.12500000000834346,0.12500000001668723
uniform_standard_90_100_0.0001,uniform,standard,90.0,100.0,0.0001,H2CO,2.3116269756800096,10.79112564389838,10.791193427012908,0.008497833027036125,0.008497779649289426,0.47884116379431135,19.479456979474296,90.36470601170616
uniform_standard_90_100_0.0001,uniform,standard,90.0,100.0,0.0001,CH3OH,2.200682653503721,10.273215906437693,10.273262490939608,0.007580973269952836,0.007580938893739425,0.5100550269862602,22.62302978335797,93.58328200489258
uniform_standard_90_100_0.0001,uniform,standard,90.0,100.0,0.0001,CH3CN,0.19206315657918505,0.8965882800359797,0.8965915728375913,0.00051639966267166,0.0005163977661541229,98.5492373247695,100.0,100.0
uniform_standard_90_100_0.0001,uniform,standard,90.0,100.0,0.0001,CH3Cl,1.3936634678132143,6.5058929250725885,6.5059114688165725,0.0030470668695833964,0.00304705818455468,1.0560678664478347,71.37335997954479,99.99835203063313
uniform_standard_90_100_0.0001,uniform,standard,90.0,100.0,0.0001,HCOOH,23.31704257931619,108.84850313857898,108.84955918436964,0.055920246093054175,0.05591970356131641,0.14391056468325084,0.2485507840099507,0.47368359974360635
uniform_standard_90_100_0.0001,uniform,standard,90.0,100.0,0.0001,PM2.5,471002893794.49585,2198733385208.4717,,,,0.12500000000087705,0.12500000000438524,0.12500000000877057
uniform_standard_90_100_0.0001,uniform,standard,90.0,100.0,0.0001,PMcoarse,16341048067.432768,76283199972.94394,,,,0.12500000002527972,0.1250000001263993,0.12500000025279875
uniform_standard_90_100_0.0001,uniform,standard,90.0,100.0,0.0001,PM10,454662277577.4104,2122452201197.1885,,,,0.1250000000009085,0.12500000000454264,0.12500000000908582
uniform_standard_90_100_0.001,uniform,standard,90.0,100.0,0.001,H2CO,17.489513882657878,81.64446242584062,81.64503890127243,0.06429371438492816,0.06429326042290841,0.15076966593101443,0.30958215230848846,0.7111720802044776
uniform_standard_90_100_0.001,uniform,standard,90.0,100.0,0.001,CH3OH,17.193002817358767,80.26029093359213,80.2609556870339,0.05922715984536502,0.05922666930226077,0.15125380138172392,0.31425407055145393,0.7308952520606238
uniform_standard_90_100_0.001,uniform,standard,90.0,100.0,0.001,CH3CN,1.5947460075277746,7.44458544496572,7.4446403037047935,0.0042878049024908434,0.0042877733061261105,0.828116356539833,54.457008866446344,99.94173692213897
uniform_standard_90_100_0.001,uniform,standard,90.0,100.0,0.001,CH3Cl,10.663516067995133,49.77937310219104,49.78064952868746,0.023314944977693867,0.02331434715878604,0.1697190940072802,0.5317740199940784,1.8509047202167963
uniform_standard_90_100_0.001,uniform,standard,90.0,100.0,0.001,HCOOH,174.6644933226905,815.3679260550006,815.7027981930037,0.4190582080032503,0.41888617118006827,0.1273856818074953,0.1373506323394914,0.15080668551195353
uniform_standard_90_100_0.001,uniform,standard,90.0,100.0,0.001,PM2.5,3752847418970.7246,17519023807281.764,,,,0.1250000000001098,0.12500000000055012,0.12500000000110073
uniform_standard_90_100_0.001,uniform,standard,90.0,100.0,0.001,PMcoarse,130328404163.74188,608398413366.8411,,,,0.12500000000316952,0.1250000000158481,0.12500000003169667
uniform_standard_90_100_0.001,uniform,standard,90.0,100.0,0.001,PM10,3622522886338.866,16910643466980.96,,,,0.12500000000011405,0.12500000000057013,0.12500000000114014
uniform_igra_01_30_2_0,uniform,igra_01,30.0,2.0,0.0,H2CO,5.717620704302422,26.690968765032714,26.693339263024356,0.018953331531476877,0.01895164838371153,0.21966825758888087,1.5823074352415138,10.126754378151615
uniform_igra_01_30_2_0,uniform,igra_01,30.0,2.0,0.0,CH3OH,5.637563793079256,26.31724748700624,26.31935661706257,0.017512001507248732,0.017510598164102362,0.22138888286318253,1.6322047325555735,10.573644958695644
uniform_igra_01_30_2_0,uniform,igra_01,30.0,2.0,0.0,CH3CN,0.46651182226740256,2.17776818726154,2.177928508762733,0.0011310423168618025,0.0011309590586641976,18.949113601853483,99.99999999999929,100.0
uniform_igra_01_30_2_0,uniform,igra_01,30.0,2.0,0.0,CH3Cl,3.448613717256002,16.09880154181607,16.09957319970945,0.00679879796595964,0.006798472097313878,0.3134494680357798,5.780345367877828,45.08058815926947
uniform_igra_01_30_2_0,uniform,igra_01,30.0,2.0,0.0,HCOOH,60.5770123920931,282.7853104036256,282.82590553330033,0.1310103245467026,0.13099152011256257,0.13199214266076448,0.16368192105382987,0.21298404635721238
uniform_igra_01_30_2_0,uniform,igra_01,30.0,2.0,0.0,PM2.5,1275674584241.5376,5955097800858.953,,,,0.1250000000003236,0.12500000000161907,0.1250000000032382
uniform_igra_01_30_2_0,uniform,igra_01,30.0,2.0,0.0,PMcoarse,44229132697.981415,206470219064.72162,,,,0.1250000000093398,0.1250000000467,0.12500000009339982
uniform_igra_01_30_2_0,uniform,igra_01,30.0,2.0,0.0,PM10,1231446094105.5793,5748630581399.099,,,,0.1250000000003353,0.12500000000167713,0.12500000000335448
uniform_igra_01_30_2_0.0001,uniform,igra_01,30.0,2.0,0.0001,H2CO,5.785080898627695,27.005886111379944,27.00825864683924,0.019176936807246924,0.019175252212798578,0.21826441237500546,1.5423171541274396,9.770201036304671
uniform_igra_01_30_2_0.0001,uniform,igra_01,30.0,2.0,0.0001,CH3OH,5.703941477245355,26.627111464768774,26.62922307357722,0.017718176070422226,0.017716771077998808,0.2199579840789159,1.5906411486375183,10.201243741357308
uniform_igra_01_30_2_0.0001,uniform,igra_01,30.0,2.0,0.0001,CH3CN,0.47353675609094037,2.2105619486804073,2.210722302116909,0.0011480727969095915,0.001147989522127335,18.099678352467468,99.99999999999757,100.0
uniform_igra_01_30_2_0.0001,uniform,igra_01,30.0,2.0,0.0001,CH3Cl,3.4911049915944172,16.297159099060057,16.29793184755003,0.006882564184774271,0.006882237855573078,0.31010648771625476,5.579014481926114,43.686640451658135
uniform_igra_01_30_2_0.0001,uniform,igra_01,30.0,2.0,0.0001,HCOOH,61.37599575748917,286.5151206083354,286.5556940832755,0.1327380333557717,0.1327192389525155,0.13189886825407526,0.16311507195784644,0.21154594970291765
uniform_igra_01_30_2_0.0001,uniform,igra_01,30.0,2.0,0.0001,PM2.5,1293266530773.096,6037220438871.06,,,,0.12500000000031927,0.125000000001597,0.12500000000319414
uniform_igra_01_30_2_0.0001,uniform,igra_01,30.0,2.0,0.0001,PMcoarse,44840372578.96806,209323606061.70807,,,,0.12500000000921238,0.12500000004606332,0.1250000000921265
uniform_igra_01_30_2_0.0001,uniform,igra_01,30.0,2.0,0.0001,PM10,1248426822766.7002,5827899935163.755,,,,0.12500000000033065,0.1250000000016544,0.12500000000330885
uniform_igra_01_30_2_0.001,uniform,igra_01,30.0,2.0,0.001,H2CO,10.452385973019316,48.79377663439501,48.79619911007355,0.03464724027578989,0.034645520221801514,0.17075642509784725,0.546417231754187,1.9384889222410324
uniform_igra_01_30_2_0.001,uniform,igra_01,30.0,2.0,0.001,CH3OH,10.260009008226165,47.895723436402704,47.89793116881006,0.031869648450240595,0.03186817950045555,0.1717441082175066,0.5606137666120313,2.0246540452754083
uniform_igra_01_30_2_0.001,uniform,igra_01,30.0,2.0,0.001,CH3CN,0.9285280333527366,4.334549984581188,4.334714199062549,0.002251104740543883,0.002251019460642953,2.580527337650082,99.09000422930733,99.99999999999952
uniform_igra_01_30_2_0.001,uniform,igra_01,30.0,2.0,0.001,CH3Cl,6.407715963987064,29.91246805183914,29.913319383846595,0.012632298537309525,0.012631939022541722,0.20700853780360098,1.2447369213333268,7.177160162893561
uniform_igra_01_30_2_0.001,uniform,igra_01,30.0,2.0,0.001,HCOOH,115.0765159784277,537.1996241824405,537.2544318682301,0.2488664443608537,0.24884105640111429,0.12863731310747342,0.14417497195562168,0.16600005488960173
uniform_igra_01_30_2_0.001,uniform,igra_01,30.0,2.0,0.001,PM2.5,2451632824836.3433,11444700258237.807,,,,0.12500000000016817,0.12500000000084224,0.12500000000168493
uniform_igra_01_30_2_0.001,uniform,igra_01,30.0,2.0,0.001,PMcoarse,85068676071.59,397117173967.2988,,,,0.1250000000048559,0.12500000002428038,0.12500000004856066
uniform_igra_01_30_2_0.001,uniform,igra_01,30.0,2.0,0.001,PM10,2366566042219.153,11047591923284.994,,,,0.12500000000017453,0.1250000000008727,0.12500000000174538
uniform_igra_01_30_20_0,uniform,igra_01,30.0,20.0,0.0,H2CO,1.6787510398753838,7.836737322548015,7.836941541028161,0.005564539893503039,0.0055643948902675535,0.7598280632054427,48.20788691829893,99.83240088382904
uniform_igra_01_30_20_0,uniform,igra_01,30.0,20.0,0.0,CH3OH,1.655245626701959,7.727009468731309,7.727191220973533,0.005141409278248163,0.0051412883465101235,0.7777310672770403,49.89461072613925,99.87279989461555
uniform_igra_01_30_20_0,uniform,igra_01,30.0,20.0,0.0,CH3CN,0.13697257911987915,0.6394147181193105,0.6394285347292813,0.000332068168664825,0.0003320609934198664,99.99905451281215,100.0,100.0
uniform_igra_01_30_20_0,uniform,igra_01,30.0,20.0,0.0,CH3Cl,1.0125477001586949,4.726770178669753,4.7268366850005155,0.0019961279246821827,0.001996099839272669,2.0888554277659153,97.2234455479965,99.99999999963775
uniform_igra_01_30_20_0,uniform,igra_01,30.0,20.0,0.0,HCOOH,17.786021474944647,83.02861770539003,83.03211200695816,0.038462049370328814,0.038460430743556845,0.15030302197738285,0.3051255982893506,0.6925546078783525
uniform_igra_01_30_20_0,uniform,igra_01,30.0,20.0,0.0,PM2.5,374550937142.52155,1748476836993.0676,,,,0.1250000000011028,0.12500000000551428,0.125000000011029
uniform_igra_01_30_20_0,uniform,igra_01,30.0,20.0,0.0,PMcoarse,12986119911.064436,60621740904.28384,,,,0.12500000003181086,0.1250000001590546,0.12500000031810893
uniform_igra_01_30_20_0,uniform,igra_01,30.0,20.0,0.0,PM10,361565005894.1717,1687855976803.1372,,,,0.12500000000114245,0.12500000000571254,0.12500000001142522
uniform_igra_01_30_20_0.0001,uniform,igra_01,30.0,20.0,0.0001,H2CO,1.8951862024321173,8.847098880653741,8.847304591316506,0.0062819378057903,0.006281791743045863,0.6285641778418214,35.008972176642786,98.78762548568793
uniform_igra_01_30_20_0.0001,uniform,igra_01,30.0,20.0,0.0001,CH3OH,1.8675618673728611,8.718143096009513,8.718326905100891,0.005800877131009962,0.005800754830714704,0.6425283014323052,36.46510803467977,99.01294750790574
uniform_igra_01_30_20_0.0001,uniform,igra_01,30.0,20.0,0.0001,CH3CN,0.15911563257713754,0.7427828110299508,0.7427966678151378,0.0003857493304957632,0.00038574213438700246,99.94456748645099,100.0,100.0
uniform_igra_01_30_20_0.0001,uniform,igra_01,30.0,20.0,0.0001,CH3Cl,1.1486839000435964,5.3622805153704585,5.362347978976562,0.0022645022995324863,0.002264473809868676,1.5667989431928389,90.81528870685958,99.99999933542153
uniform_igra_01_30_20_0.0001,uniform,igra_01,30.0,20.0,0.0001,HCOOH,20.332323089917217,94.91525034271133,94.91875318907215,0.04396816705110682,0.043966544466224784,0.14689655731993617,0.27395524036511587,0.5678568628427885
uniform_igra_01_30_20_0.0001,uniform,igra_01,30.0,20.0,0.0001,PM2.5,430209493940.7682,2008301837257.7622,,,,0.12500000000096004,0.12500000000480113,0.1250000000096021
uniform_igra_01_30_20_0.0001,uniform,igra_01,30.0,20.0,0.0001,PMcoarse,14919753969.863169,69648321878.35304,,,,0.12500000002768782,0.1250000001384406,0.12500000027688127
uniform_igra_01_30_20_0.0001,uniform,igra_01,30.0,20.0,0.0001,PM10,415289995593.6876,1938654708676.4219,,,,0.12500000000099454,0.12500000000497338,0.12500000000994713
uniform_igra_01_30_20_0.001,uniform,igra_01,30.0,20.0,0.001,H2CO,8.671030696369304,40.478062719914114,40.47838451318293,0.02874126140522561,0.028741032919218357,0.18186550566129392,0.7208364821103025,3.0736632140249904
uniform_igra_01_30_20_0.001,uniform,igra_01,30.0,20.0,0.001,CH3OH,8.52617305366228,39.80183898685675,39.80219485260686,0.02648302184555646,0.02648278506463347,0.1830082460092745,0.7406644578497669,3.2122033468696647
uniform_igra_01_30_20_0.001,uniform,igra_01,30.0,20.0,0.001,CH3CN,0.8027945774738571,3.7476016861294403,3.747629255378759,0.0019462196572056706,0.0019462053399369916,3.772716414603995,99.93244574544946,100.0
uniform_igra_01_30_20_0.001,uniform,igra_01,30.0,20.0,0.001,CH3Cl,5.344647986802476,24.949859365189273,24.950264621890984,0.010536416478700725,0.010536245340099401,0.2282418034002353,1.8406760650587641,12.459668481944226
uniform_igra_01_30_20_0.001,uniform,igra_01,30.0,20.0,0.001,HCOOH,95.7442906136888,446.9530251066151,447.0563307961729,0.20708497291938718,0.20703711976431297,0.12938338409191405,0.1483583896876712,0.1756363768361384
uniform_igra_01_30_20_0.001,uniform,igra_01,30.0,20.0,0.001,PM2.5,2083986378591.701,9728454931592.229,,,,0.12500000000019804,0.1250000000009909,0.12500000000198197
uniform_igra_01_30_20_0.001,uniform,igra_01,30.0,20.0,0.001,PMcoarse,72344933025.9167,337720259451.64764,,,,0.12500000000570988,0.12500000002855044,0.12500000005710124
uniform_igra_01_30_20_0.001,uniform,igra_01,30.0,20.0,0.001,PM10,2011643239663.7266,9390743047339.744,,,,0.12500000000020506,0.1250000000010267,0.12500000000205336
uniform_igra_01_30_100_0,uniform,igra_01,30.0,100.0,0.0,H2CO,0.7456356376364527,3.480772605163203,3.480812887030911,0.0024715154592261862,0.002471486857499521,4.626466126935527,99.98844515507372,100.0
uniform_igra_01_30_100_0,uniform,igra_01,30.0,100.0,0.0,CH3OH,0.7351954346890398,3.4320357012688416,3.432071553999406,0.0022835832615930775,0.0022835594064099583,4.814031702043735,99.99208174134253,100.0
uniform_igra_01_30_100_0,uniform,igra_01,30.0,100.0,0.0,CH3CN,0.06083786719661129,0.2840030315151999,0.28400575704950404,0.0001474899328251347,0.00014748851740005456,100.0,100.0,100.0
uniform_igra_01_30_100_0,uniform,igra_01,30.0,100.0,0.0,CH3Cl,0.4497341413954336,2.099446700184505,2.0994598197585534,0.0008865951274066102,0.0008865895870526984,21.191173075953028,99.99999999999997,100.0
uniform_igra_01_30_100_0,uniform,igra_01,30.0,100.0,0.0,HCOOH,7.899856235416365,36.878069905735806,36.87875901806776,0.01708294075369919,0.01708262154379482,0.18852092438935655,0.8414591243145149,3.941668396669519
uniform_igra_01_30_100_0,uniform,igra_01,30.0,100.0,0.0,PM2.5,166360897218.7021,776605119686.5703,,,,0.12500000000248293,0.1250000000124155,0.12500000002483133
uniform_igra_01_30_100_0,uniform,igra_01,30.0,100.0,0.0,PMcoarse,5767927253.111651,26925809548.00619,,,,0.12500000007161988,0.1250000003581009,0.12500000071620204
uniform_igra_01_30_100_0,uniform,igra_01,30.0,100.0,0.0,PM10,160593053762.18643,749679701317.4202,,,,0.1250000000025723,0.1250000000128615,0.1250000000257233
uniform_igra_01_30_100_0.0001,uniform,igra_01,30.0,100.0,0.0001,H2CO,1.1507585497146335,5.371965384729905,5.372006358281065,0.0038143379700246193,0.0038143088771752194,1.5606390110939135,90.68524192010396,99.99999927161569
uniform_igra_01_30_100_0.0001,uniform,igra_01,30.0,100.0,0.0001,CH3OH,1.1309633506551122,5.279557534136089,5.279594613442961,0.00351286204193673,0.0035128373706316035,1.6212186516666192,91.88936526246694,99.99999970342574
uniform_igra_01_30_100_0.0001,uniform,igra_01,30.0,100.0,0.0001,CH3CN,0.1008703964663799,0.47088268715948156,0.47088545209363786,0.0002445403375591365,0.0002445389016729164,99.99999999972177,100.0,100.0
uniform_igra_01_30_100_0.0001,uniform,igra_01,30.0,100.0,0.0001,CH3Cl,0.7034589294641629,3.28388350414407,3.2838973997400256,0.0013867793068064417,0.0013867734387409752,5.460054739217897,99.99779040082072,100.0
uniform_igra_01_30_100_0.0001,uniform,igra_01,30.0,100.0,0.0001,HCOOH,12.593512245728647,58.78897173781838,58.78975017264099,0.027232527499962023,0.027232166914185566,0.16203377828232726,0.4315787878317883,1.2897580947554999
uniform_igra_01_30_100_0.0001,uniform,igra_01,30.0,100.0,0.0001,PM2.5,267875439228.7611,1250494803895.2856,,,,0.125000000001542,0.1250000000077105,0.1250000000154211
uniform_igra_01_30_100_0.0001,uniform,igra_01,30.0,100.0,0.0001,PMcoarse,9293737692.77469,43384980448.52747,,,,0.12500000004444903,0.12500000022224628,0.1250000004444929
uniform_igra_01_30_100_0.0001,uniform,igra_01,30.0,100.0,0.0001,PM10,258581897289.18515,1207110737260.8748,,,,0.1250000000015973,0.12500000000798753,0.12500000001597558
uniform_igra_01_30_100_0.001,uniform,igra_01,30.0,100.0,0.001,H2CO,7.804608725090828,36.43343594791958,36.43380854248297,0.02586945175557611,0.025869187198631127,0.18945125928705214,0.8593229066802658,4.075009045592953
uniform_igra_01_30_100_0.001,uniform,igra_01,30.0,100.0,0.001,CH3OH,7.834041807027676,36.57083531581467,36.57131981212417,0.0243333078764093,0.02433298550910277,0.1891609084202486,0.853720968788407,4.033071361646119
uniform_igra_01_30_100_0.001,uniform,igra_01,30.0,100.0,0.001,CH3CN,0.764961788624519,3.5709908478638126,3.5710302574203823,0.0018545082263654606,0.0018544877601857906,4.307309666546411,99.97784051875736,100.0
uniform_igra_01_30_100_0.001,uniform,igra_01,30.0,100.0,0.001,CH3Cl,4.79992973244363,22.40700829745498,22.407900847031637,0.009462784435985756,0.009462407515171085,0.24388233205466023,2.375868013680981,17.361452333301365
uniform_igra_01_30_100_0.001,uniform,igra_01,30.0,100.0,0.001,HCOOH,82.78374325328788,386.4506618571814,386.7100663476665,0.17913143848033947,0.17901127739953873,0.13008222931204225,0.15235644133893333,0.18507212124599842
uniform_igra_01_30_100_0.001,uniform,igra_01,30.0,100.0,0.001,PM2.5,1947316709834.3706,9090454258133.018,,,,0.12500000000021186,0.1250000000010604,0.12500000000212133
uniform_igra_01_30_100_0.001,uniform,igra_01,30.0,100.0,0.001,PMcoarse,67649347553.13481,315800350512.3831,,,,0.12500000000610634,0.12500000003053233,0.12500000006106482
uniform_igra_01_30_100_0.001,uniform,igra_01,30.0,100.0,0.001,PM10,1879669063619.3972,8774661849799.047,,,,0.12500000000021966,0.12500000000109865,0.12500000000219752
uniform_igra_01_45_2_0,uniform,igra_01,45.0,2.0,0.0,H2CO,5.284994749706554,24.671386418065964,24.67281965715752,0.017518682326351377,0.017517664669646896,0.22975569619658973,1.8888475081698317,12.89871499670081
uniform_igra_01_45_2_0,uniform,igra_01,45.0,2.0,0.0,CH3OH,5.275620039793964,24.627623443500354,24.62893723525176,0.016387254151420044,0.016386379999233668,0.22999755998542493,1.8966149821836296,12.969593509800687
uniform_igra_01_45_2_0,uniform,igra_01,45.0,2.0,0.0,CH3CN,0.4401756453020004,2.054825775876158,2.0549268570098094,0.00106716507175632,0.0010671125782795434,22.616956448528974,100.0,100.0
uniform_igra_01_45_2_0,uniform,igra_01,45.0,2.0,0.0,CH3Cl,3.182490587593757,14.856486860794508,14.856950581663785,0.0062740424321808454,0.006273846604349654,0.3373075102689194,7.321676326433735,54.73035644713771
uniform_igra_01_45_2_0,uniform,igra_01,45.0,2.0,0.0,HCOOH,55.98804557576958,261.3631181504572,261.387134751063,0.12107947923475301,0.1210683542897663,0.13258080578367604,0.16729234292667725,0.2222440994542438
uniform_igra_01_45_2_0,uniform,igra_01,45.0,2.0,0.0,PM2.5,1183840090227.8933,5526396468952.43,,,,0.12500000000034875,0.12500000000174458,0.12500000000348943
uniform_igra_01_45_2_0,uniform,igra_01,45.0,2.0,0.0,PMcoarse,41049596323.604744,191627523047.49307,,,,0.12500000001006334,0.12500000005031706,0.12500000010063445
uniform_igra_01_45_2_0,uniform,igra_01,45.0,2.0,0.0,PM10,1142791092817.1619,5334771741747.058,,,,0.12500000000036127,0.12500000000180714,0.12500000000361464
uniform_igra_01_45_2_0.0001,uniform,igra_01,45.0,2.0,0.0001,H2CO,5.429050951613688,25.343868869135033,25.34530053345341,0.017996170469420446,0.01799515393086749,0.2261714351621864,1.7760431487787463,11.872215112904772
uniform_igra_01_45_2_0.0001,uniform,igra_01,45.0,2.0,0.0001,CH3OH,5.4176040627418764,25.290432558974686,25.291750791664462,0.016828267667358322,0.01682739056032314,0.22644745177202402,1.7845769508300733,11.949659673376607
uniform_igra_01_45_2_0.0001,uniform,igra_01,45.0,2.0,0.0001,CH3CN,0.4548598619462333,2.1233745635729826,2.1234756926877307,0.0011027638683244315,0.001102711349930101,20.472493717595675,99.99999999999993,100.0
uniform_igra_01_45_2_0.0001,uniform,igra_01,45.0,2.0,0.0001,CH3Cl,3.2741388959662743,15.284319041809635,15.284784500520153,0.006454715319667187,0.00645451875795123,0.3284709594047332,6.729786067448594,51.232405244812874
uniform_igra_01_45_2_0.0001,uniform,igra_01,45.0,2.0,0.0001,HCOOH,57.70008428042709,269.35524878552275,269.37923647411054,0.12478157236010655,0.12477046080771503,0.13234995363311078,0.16586966438638043,0.2185745195248772
uniform_igra_01_45_2_0.0001,uniform,igra_01,45.0,2.0,0.0001,PM2.5,1221355811572.9539,5701527174258.781,,,,0.12500000000033817,0.12500000000169087,0.1250000000033822
uniform_igra_01_45_2_0.0001,uniform,igra_01,45.0,2.0,0.0001,PMcoarse,42352874115.88749,197711478007.95483,,,,0.12500000000975367,0.1250000000487688,0.12500000009753773
uniform_igra_01_45_2_0.0001,uniform,igra_01,45.0,2.0,0.0001,PM10,1179003582767.646,5503818708686.491,,,,0.1250000000003501,0.12500000000175193,0.12500000000350361
uniform_igra_01_45_2_0.001,uniform,igra_01,45.0,2.0,0.001,H2CO,13.366418972714973,62.39705110774794,62.398490715584025,0.044305407800157355,0.0443043856213912,0.15964607936833772,0.4033296834866527,1.1447030390007267
uniform_igra_01_45_2_0.001,uniform,igra_01,45.0,2.0,0.001,CH3OH,13.143887076078801,61.358228805689656,61.35969323689366,0.040826645426134546,0.04082567104359834,0.1603015259204248,0.4109522796339511,1.1832292612723116
uniform_igra_01_45_2_0.001,uniform,igra_01,45.0,2.0,0.001,CH3CN,1.2118398785502507,5.657104942667241,5.657213831500935,0.0029379055433726917,0.0029378489951993945,1.3969212319325832,86.49030630528513,99.99999145886918
uniform_igra_01_45_2_0.001,uniform,igra_01,45.0,2.0,0.001,CH3Cl,8.22282581187472,38.38575488924986,38.386413181062345,0.016210458787851777,0.01621018079333725,0.18555486426938758,0.7861602657120033,3.536442057070064
uniform_igra_01_45_2_0.001,uniform,igra_01,45.0,2.0,0.001,HCOOH,147.9552100236625,690.6837815236358,690.7582998984668,0.3199723479445255,0.31993782961971756,0.12782076306045614,0.13969553419011155,0.15595317231764724
uniform_igra_01_45_2_0.001,uniform,igra_01,45.0,2.0,0.001,PM2.5,3170389542582.7407,14799996822172.281,,,,0.12500000000013012,0.1250000000006513,0.12500000000130276
uniform_igra_01_45_2_0.001,uniform,igra_01,45.0,2.0,0.001,PMcoarse,110030060158.76337,513641784020.8113,,,,0.1250000000037542,0.125000000018772,0.12500000003754402
uniform_igra_01_45_2_0.001,uniform,igra_01,45.0,2.0,0.001,PM10,3060362082415.004,14286367175416.754,,,,0.12500000000013478,0.12500000000067463,0.12500000000134973
uniform_igra_01_45_20_0,uniform,igra_01,45.0,20.0,0.0,H2CO,1.5517277598978911,7.243767873602223,7.243891375529121,0.005143450711263836,0.005143363019988413,0.868222829846547,57.88190569592378,99.96881442211063
uniform_igra_01_45_20_0,uniform,igra_01,45.0,20.0,0.0,CH3OH,1.548975259463586,7.230918664653735,7.231031893819766,0.00481128179787809,0.00481120645905598,0.8709236675498807,58.10573118416229,99.97010217180812
uniform_igra_01_45_20_0,uniform,igra_01,45.0,20.0,0.0,CH3CN,0.1292400195326619,0.6033176216013716,0.6033263337199558,0.00031331956561880716,0.00031331504123944913,99.99987866885341,100.0,100.0
uniform_igra_01_45_20_0,uniform,igra_01,45.0,20.0,0.0,CH3Cl,0.9344113599275732,4.36201450067357,4.362054470378013,0.0018420815690409983,0.0018420646899634046,2.5400972814062897,99.00338787602055,99.9999999999992
uniform_igra_01_45_20_0,uniform,igra_01,45.0,20.0,0.0,HCOOH,16.438655890735145,76.73885233215451,76.74092067624427,0.035547850204350424,0.03554689210813231,0.15257133747746943,0.3272196039196069,0.7867190169492331
uniform_igra_01_45_20_0,uniform,igra_01,45.0,20.0,0.0,PM2.5,347587383018.23566,1622605706649.6306,,,,0.12500000000118833,0.12500000000594216,0.12500000001188472
uniform_igra_01_45_20_0,uniform,igra_01,45.0,20.0,0.0,PMcoarse,12052575242.7572,56263772289.15666,,,,0.12500000003427453,0.12500000017137414,0.1250000003427481
uniform_igra_01_45_20_0,uniform,igra_01,45.0,20.0,0.0,PM10,335534983622.37103,1566342755248.0706,,,,0.12500000000123096,0.1250000000061556,0.12500000001231165
uniform_igra_01_45_20_0.0001,uniform,igra_01,45.0,20.0,0.0001,H2CO,1.9857655596738746,9.269940989273719,9.270063413715791,0.006582113367934733,0.0065820264417163505,0.5871788441072269,30.66316407339035,97.79163585341767
uniform_igra_01_45_20_0.0001,uniform,igra_01,45.0,20.0,0.0001,CH3OH,1.972954104850651,9.210134619070818,9.210250971186019,0.006128186613231497,0.006128109196505608,0.5926558976261441,31.239584741577197,97.95824367624239
uniform_igra_01_45_20_0.0001,uniform,igra_01,45.0,20.0,0.0001,CH3CN,0.17231774910692857,0.804412866284196,0.8044216391993276,0.00041775242432114904,0.0004177478683689145,99.72811449964428,100.0,100.0
uniform_igra_01_45_20_0.0001,uniform,igra_01,45.0,20.0,0.0001,CH3Cl,1.2085219221646102,5.641616075036299,5.64165751178667,0.002382453816630888,0.0023824363180245185,1.4050110118332162,86.73483671791051,99.99999244562274
uniform_igra_01_45_20_0.0001,uniform,igra_01,45.0,20.0,0.0001,HCOOH,21.52026487848963,100.46079433964071,100.46294235900214,0.04653634064585315,0.0465353456425378,0.14560201594378772,0.26272550097242003,0.5253775180302022
uniform_igra_01_45_20_0.0001,uniform,igra_01,45.0,20.0,0.0001,PM2.5,457872945820.56885,2137440226850.6812,,,,0.12500000000090192,0.12500000000451097,0.12500000000902198
uniform_igra_01_45_20_0.0001,uniform,igra_01,45.0,20.0,0.0001,PMcoarse,15883164196.608341,74145708746.04414,,,,0.12500000002600867,0.12500000013004325,0.1250000002600866
uniform_igra_01_45_20_0.0001,uniform,igra_01,45.0,20.0,0.0001,PM10,441990084631.94275,2063295932605.005,,,,0.12500000000093467,0.1250000000046729,0.1250000000093463
uniform_igra_01_45_20_0.001,uniform,igra_01,45.0,20.0,0.001,H2CO,11.529244133720614,53.82076058770634,53.82124374503628,0.03821522163580078,0.03821487857489836,0.16591297301517147,0.4803515075899671,1.5542539647706763
uniform_igra_01_45_20_0.001,uniform,igra_01,45.0,20.0,0.001,CH3OH,11.461595059968307,53.50496151534963,53.50558451715704,0.035600789576415305,0.03560037505227822,0.16618703595124232,0.48393470627245955,1.5743526040332652
uniform_igra_01_45_20_0.001,uniform,igra_01,45.0,20.0,0.001,CH3CN,1.1025660521719016,5.1469934054494235,5.147042968731493,0.00267296349761659,0.0026729377584019383,1.7156832995911955,93.4673806988011,99.99999992594553
uniform_igra_01_45_20_0.001,uniform,igra_01,45.0,20.0,0.001,CH3Cl,7.097466460736597,33.132357918012715,33.133403121007774,0.01399212953971313,0.013991688153850993,0.19730032444300163,1.0201186720685083,5.322164978533555
uniform_igra_01_45_20_0.001,uniform,igra_01,45.0,20.0,0.001,HCOOH,124.62489156262195,581.7733039794853,582.0723843854207,0.26962697014693493,0.26948843042946,0.12835524681566768,0.14261595708009445,0.16247137877829682
uniform_igra_01_45_20_0.001,uniform,igra_01,45.0,20.0,0.001,PM2.5,2831861114167.721,13219680082710.758,,,,0.12500000000014566,0.12500000000072914,0.12500000000145872
uniform_igra_01_45_20_0.001,uniform,igra_01,45.0,20.0,0.001,PMcoarse,98347312341.0271,459104438292.66425,,,,0.1250000000042002,0.12500000002100192,0.12500000004200407
uniform_igra_01_45_20_0.001,uniform,igra_01,45.0,20.0,0.001,PM10,2733516264496.548,12760587140641.357,,,,0.12500000000015107,0.1250000000007553,0.12500000000151115
uniform_igra_01_45_100_0,uniform,igra_01,45.0,100.0,0.0,H2CO,0.6892169375769587,3.2173991078763753,3.217423469785134,0.0022844985072535727,0.0022844812093303383,5.79266514657371,99.99883811425393,100.0
uniform_igra_01_45_100_0,uniform,igra_01,45.0,100.0,0.0,CH3OH,0.6879943442742237,3.211691803851979,3.2117141402752334,0.0021369649601878883,0.0021369500982942866,5.822603937153506,99.99890293198268,100.0
uniform_igra_01_45_100_0,uniform,igra_01,45.0,100.0,0.0,CH3CN,0.0574033683404394,0.2679701208982637,0.2679718395350715,0.00013916319522060366,0.00013916230269775498,100.0,100.0,100.0
uniform_igra_01_45_100_0,uniform,igra_01,45.0,100.0,0.0,CH3Cl,0.4150290597444593,1.9374366092323316,1.9374444941300948,0.0008181765766367716,0.0008181732468698138,26.96500876108741,100.0,100.0
uniform_igra_01_45_100_0,uniform,igra_01,45.0,100.0,0.0,HCOOH,7.301408640292018,34.08439979450347,34.084807741764976,0.015788729522284942,0.015788540553374805,0.19484969195837473,0.9679572843852683,4.908990037602552
uniform_igra_01_45_100_0,uniform,igra_01,45.0,100.0,0.0,PM2.5,154384757483.58456,720698163257.0973,,,,0.12500000000267583,0.12500000001337874,0.12500000002675773
uniform_igra_01_45_100_0,uniform,igra_01,45.0,100.0,0.0,PMcoarse,5353283798.856147,24990173020.415085,,,,0.12500000007716755,0.1250000003858379,0.12500000077167622
uniform_igra_01_45_100_0,uniform,igra_01,45.0,100.0,0.0,PM10,149031551789.02853,695708354842.7906,,,,0.1250000000027718,0.1250000000138593,0.12500000002771888
uniform_igra_01_45_100_0.0001,uniform,igra_01,45.0,100.0,0.0001,H2CO,1.411873796979816,6.590902293850931,6.590926373165744,0.004679819614146372,0.004679802516876067,1.030474672616789,69.77888566892068,99.99754052104034
uniform_igra_01_45_100_0.0001,uniform,igra_01,45.0,100.0,0.0001,CH3OH,1.3910000362117765,6.4934595068102885,6.493483488619965,0.00432054226455855,0.004320526307880987,1.059914109319947,71.60661889870032,99.99844821746096
uniform_igra_01_45_100_0.0001,uniform,igra_01,45.0,100.0,0.0001,CH3CN,0.12691049021543824,0.592442924334997,0.5924447067817044,0.0003076685167005589,0.00030766759103993896,99.99994017848438,100.0,100.0
uniform_igra_01_45_100_0.0001,uniform,igra_01,45.0,100.0,0.0001,CH3Cl,0.867021117035412,4.047423701261301,4.047433128275724,0.0017092179884852644,0.0017092140074874023,3.074420069165647,99.69608825862272,100.0
uniform_igra_01_45_100_0.0001,uniform,igra_01,45.0,100.0,0.0001,HCOOH,15.584167339931453,72.7499330947491,72.750669485161,0.033699490159039315,0.033699149049031464,0.15423256383578568,0.34409782137241657,0.8617294433480148
uniform_igra_01_45_100_0.0001,uniform,igra_01,45.0,100.0,0.0001,PM2.5,333093815746.00415,1554946907410.651,,,,0.12500000000124004,0.12500000000620085,0.1250000000124017
uniform_igra_01_45_100_0.0001,uniform,igra_01,45.0,100.0,0.0001,PMcoarse,11559054290.125051,53959920212.77081,,,,0.12500000003573797,0.12500000017869115,0.12500000035738235
uniform_igra_01_45_100_0.0001,uniform,igra_01,45.0,100.0,0.0001,PM10,321535025501.9281,1500988219816.3435,,,,0.12500000000128456,0.1250000000064237,0.12500000001284767
uniform_igra_01_45_100_0.001,uniform,igra_01,45.0,100.0,0.001,H2CO,9.717344678020284,45.36246048726664,45.36299600700529,0.032209529654942844,0.03220914941464963,0.1747728603538,0.6057144033181494,2.3062166622966545
uniform_igra_01_45_100_0.001,uniform,igra_01,45.0,100.0,0.001,CH3OH,10.089725650396757,47.100807505443946,47.10151070025134,0.03133973745550289,0.031339269573680925,0.17265435179930924,0.5739184775675913,2.1064975390336405
uniform_igra_01_45_100_0.001,uniform,igra_01,45.0,100.0,0.001,CH3CN,1.032856963395618,4.821577781120478,4.821636822105072,0.002503973505281853,0.0025039428441046216,1.9932106524974347,96.54373485941898,99.99999999861721
uniform_igra_01_45_100_0.001,uniform,igra_01,45.0,100.0,0.001,CH3Cl,5.947189879484817,27.762642456083405,27.76398628795329,0.011724642085845777,0.011724074589970561,0.21505219645864265,1.453233637158617,8.981825922199887
uniform_igra_01_45_100_0.001,uniform,igra_01,45.0,100.0,0.001,HCOOH,95.18276930325165,444.33173409539074,444.7241651957961,0.20600466957296673,0.20582288804298496,0.1294096553509042,0.14850729018256234,0.17598384135585352
uniform_igra_01_45_100_0.001,uniform,igra_01,45.0,100.0,0.001,PM2.5,2564521409620.7593,11971686192814.104,,,,0.125000000000161,0.12500000000080522,0.12500000000161077
uniform_igra_01_45_100_0.001,uniform,igra_01,45.0,100.0,0.001,PMcoarse,89178754340.41063,416303821065.5196,,,,0.12500000000463202,0.1250000000231613,0.12500000004632245
uniform_igra_01_45_100_0.001,uniform,igra_01,45.0,100.0,0.001,PM10,2475344837401.7993,11555392558317.174,,,,0.12500000000016673,0.1250000000008342,0.12500000000166864
uniform_igra_01_60_2_0,uniform,igra_01,60.0,2.0,0.0,H2CO,5.075301793114229,23.6924987925819,23.69357795386064,0.016823381807028828,0.016822615559640656,0.2354392132673346,2.0766049957505275,14.616699942836291
uniform_igra_01_60_2_0,uniform,igra_01,60.0,2.0,0.0,CH3OH,5.095080588145897,23.784830065973818,23.78583340070685,0.015826281638446606,0.015825614053763107,0.2348775826854233,2.057563211081363,14.442132529355224
uniform_igra_01_60_2_0,uniform,igra_01,60.0,2.0,0.0,CH3CN,0.42675800800409375,1.9921896276354265,1.9922672548668479,0.0010346246732555102,0.0010345843598644482,24.822276124100544,100.0,100.0
uniform_igra_01_60_2_0,uniform,igra_01,60.0,2.0,0.0,CH3Cl,3.0538568151467755,14.255999318847707,14.256347734429687,0.006020409782080628,0.006020262647301296,0.3510077404563845,8.28631376348173,59.91727016605349
uniform_igra_01_60_2_0,uniform,igra_01,60.0,2.0,0.0,HCOOH,53.776339828286645,251.03844429108602,251.056381294186,0.11629407826292418,0.1162857695028299,0.13290140186075722,0.16928271652503574,0.2274228931686926
uniform_igra_01_60_2_0,uniform,igra_01,60.0,2.0,0.0,PM2.5,1138913858958.275,5316672057774.596,,,,0.1250000000003626,0.1250000000018133,0.12500000000362688
uniform_igra_01_60_2_0,uniform,igra_01,60.0,2.0,0.0,PMcoarse,39493789107.94553,184364711478.63107,,,,0.1250000000104598,0.12500000005229922,0.12500000010459872
uniform_igra_01_60_2_0,uniform,igra_01,60.0,2.0,0.0,PM10,1099420647627.2009,5132310043471.105,,,,0.12500000000037556,0.1250000000018785,0.12500000000375736
uniform_igra_01_60_2_0.0001,uniform,igra_01,60.0,2.0,0.0001,H2CO,5.298172353137793,24.73290204139448,24.733977072521082,0.01756210652133771,0.017561343206521664,0.2294175532518969,1.8780210572034324,12.799960202443582
uniform_igra_01_60_2_0.0001,uniform,igra_01,60.0,2.0,0.0001,CH3OH,5.314609983055187,24.809636104282944,24.810645306364236,0.016508156499509284,0.01650748501089253,0.22899873339434174,1.8646649055122322,12.678192301447055
uniform_igra_01_60_2_0.0001,uniform,igra_01,60.0,2.0,0.0001,CH3CN,0.44920679493721377,2.0969849440498063,2.097062632882122,0.001089047032240167,0.0010890066868585152,21.266882539990632,99.99999999999997,100.0
uniform_igra_01_60_2_0.0001,uniform,igra_01,60.0,2.0,0.0001,CH3Cl,3.1961828133469536,14.920404841507596,14.920755492849255,0.006300987040898413,0.006300838961964962,0.33594143197911874,7.228594574897837,54.1967115684833
uniform_igra_01_60_2_0.0001,uniform,igra_01,60.0,2.0,0.0001,HCOOH,56.42448888929384,263.4005206735412,263.4184385437894,0.12202041768463169,0.12201211778723729,0.1325205896754006,0.16692039902704753,0.2212821378035194
uniform_igra_01_60_2_0.0001,uniform,igra_01,60.0,2.0,0.0001,PM2.5,1196840974674.204,5587087133587.3125,,,,0.1250000000003449,0.12500000000172573,0.12500000000345152
uniform_igra_01_60_2_0.0001,uniform,igra_01,60.0,2.0,0.0001,PMcoarse,41505977817.857635,193758000887.49332,,,,0.12500000000995257,0.12500000004976372,0.12500000009952764
uniform_igra_01_60_2_0.0001,uniform,igra_01,60.0,2.0,0.0001,PM10,1155335645574.5037,5393332161042.721,,,,0.1250000000003574,0.1250000000017877,0.12500000000357517
uniform_igra_01_60_2_0.001,uniform,igra_01,60.0,2.0,0.001,H2CO,15.764735568388975,73.59286080803557,73.59398343139966,0.052254652479148,0.05225385537195226,0.1538651008339762,0.340312910856941,0.8446822949429365
uniform_igra_01_60_2_0.001,uniform,igra_01,60.0,2.0,0.001,CH3OH,15.508644782208211,72.3973790633616,72.39860474381715,0.04817156034028964,0.048170744814351935,0.1543890351900546,0.345718424156314,0.8690680852601095
uniform_igra_01_60_2_0.001,uniform,igra_01,60.0,2.0,0.001,CH3CN,1.4420485708110806,6.7317640241885455,6.731855614524061,0.003495988752796987,0.003495941188083606,0.9906154095848043,67.1459964936446,99.99540878358417
uniform_igra_01_60_2_0.001,uniform,igra_01,60.0,2.0,0.001,CH3Cl,9.70846030193517,45.32098648665549,45.32169374756122,0.01913920545858482,0.019138906784579763,0.17482568855163666,0.6065222457260379,2.31136470171004
uniform_igra_01_60_2_0.001,uniform,igra_01,60.0,2.0,0.001,HCOOH,174.50614792260046,814.628738839467,814.7479315474093,0.3774066973621445,0.3773514850387837,0.1273878653375763,0.13736232844803953,0.15083216208758776
uniform_igra_01_60_2_0.001,uniform,igra_01,60.0,2.0,0.001,PM2.5,3759801303106.4893,17551485894898.678,,,,0.1250000000001096,0.12500000000054934,0.12500000000109865
uniform_igra_01_60_2_0.001,uniform,igra_01,60.0,2.0,0.001,PMcoarse,130499130848.52263,609195398834.487,,,,0.1250000000031654,0.1250000000158274,0.12500000003165515
uniform_igra_01_60_2_0.001,uniform,igra_01,60.0,2.0,0.001,PM10,3629305322610.713,16942305202525.34,,,,0.12500000000011346,0.12500000000056882,0.12500000000113812
uniform_igra_01_60_20_0,uniform,igra_01,60.0,20.0,0.0,H2CO,1.4901598814009482,6.9563570069361855,6.956450006697362,0.00493935591796548,0.004939289884439716,0.9329549735193123,63.005658615431656,99.98866982629102
uniform_igra_01_60_20_0,uniform,igra_01,60.0,20.0,0.0,CH3OH,1.4959670726441376,6.9834661084489715,6.983552585473854,0.0046466175135711964,0.00464655997471065,0.9264405678219875,62.51284458096762,99.98745295021862
uniform_igra_01_60_20_0,uniform,igra_01,60.0,20.0,0.0,CH3CN,0.12530046393489055,0.584927007594902,0.5849336985193357,0.00030376789822164304,0.00030376442348928014,99.99996429238224,100.0,100.0
uniform_igra_01_60_20_0,uniform,igra_01,60.0,20.0,0.0,CH3Cl,0.8966432585579787,4.185705636181758,4.185735668336005,0.0017676227061995118,0.001767610023717394,2.8191040237231175,99.46602139671118,99.99999999999997
uniform_igra_01_60_20_0,uniform,igra_01,60.0,20.0,0.0,HCOOH,15.789277135647652,73.70742563124136,73.70897071052177,0.03414339346524913,0.03414267775521686,0.15381586740080896,0.33980803110909824,0.8424181295179604
uniform_igra_01_60_20_0,uniform,igra_01,60.0,20.0,0.0,PM2.5,334396598377.9566,1561028550866.1016,,,,0.12500000000123535,0.12500000000617664,0.1250000000123535
uniform_igra_01_60_20_0,uniform,igra_01,60.0,20.0,0.0,PMcoarse,11595774892.270685,54131339146.55297,,,,0.12500000003562492,0.12500000017812515,0.1250000003562503
uniform_igra_01_60_20_0,uniform,igra_01,60.0,20.0,0.0,PM10,322800993126.82916,1506898003637.4966,,,,0.1250000000012797,0.1250000000063985,0.12500000001279707
uniform_igra_01_60_20_0.0001,uniform,igra_01,60.0,20.0,0.0001,H2CO,2.1248227915282616,9.919087273004022,9.919178129591469,0.007043010608655534,0.007042946096868278,0.5344361881731424,25.136386763040147,95.38060055846441
uniform_igra_01_60_20_0.0001,uniform,igra_01,60.0,20.0,0.0001,CH3OH,2.1137018520322473,9.867172558111763,9.867262632116164,0.006565339745957763,0.006565279813789823,0.538247292434106,25.532582919225177,95.61535035159957
uniform_igra_01_60_20_0.0001,uniform,igra_01,60.0,20.0,0.0001,CH3CN,0.18730275058992665,0.8743657762814793,0.8743725431856867,0.0004540793433145806,0.0004540758291243848,98.97101715265558,100.0,100.0
uniform_igra_01_60_20_0.0001,uniform,igra_01,60.0,20.0,0.0001,CH3Cl,1.2971607445666684,6.055399388490853,6.055431305839272,0.0025571891586474702,0.002557175680053919,1.2147651789278244,79.70784150986294,99.99986056804065
uniform_igra_01_60_20_0.0001,uniform,igra_01,60.0,20.0,0.0001,HCOOH,23.176877613683285,108.19418573748858,108.19591542301872,0.050118400460767945,0.05011759923761888,0.14403247671978783,0.2495537835671401,0.477269550592986
uniform_igra_01_60_20_0.0001,uniform,igra_01,60.0,20.0,0.0001,PM2.5,494307017054.6067,2307521578444.871,,,,0.1250000000008356,0.12500000000417844,0.12500000000835707
uniform_igra_01_60_20_0.0001,uniform,igra_01,60.0,20.0,0.0001,PMcoarse,17149415520.608871,80056816929.93388,,,,0.12500000002408834,0.12500000012044124,0.12500000024088292
uniform_igra_01_60_20_0.0001,uniform,igra_01,60.0,20.0,0.0001,PM10,477157950027.60156,2227466388351.059,,,,0.12500000000086564,0.12500000000432868,0.12500000000865744
uniform_igra_01_60_20_0.001,uniform,igra_01,60.0,20.0,0.001,H2CO,13.404171170991974,62.573285733501365,62.57395490855456,0.044429994349202584,0.04442951920832527,0.159537280322894,0.4020739856177415,1.138400897935696
uniform_igra_01_60_20_0.001,uniform,igra_01,60.0,20.0,0.001,CH3OH,13.479712628184718,62.925927991299154,62.92681256452816,0.04186935313464223,0.0418687645698097,0.15932160521662,0.3995928329268735,1.1259856187681316
uniform_igra_01_60_20_0.001,uniform,igra_01,60.0,20.0,0.001,CH3CN,1.322131054980524,6.171965668378547,6.172036815695339,0.0032052635298603837,0.0032052265816200263,1.1695517022965294,77.59037721340182,99.99971900257215
uniform_igra_01_60_20_0.001,uniform,igra_01,60.0,20.0,0.001,CH3Cl,8.237400398896519,38.45379190448407,38.45539646250646,0.01623959020566948,0.016238912605978883,0.18542746314552502,0.7838409614887348,3.5197064126378548
uniform_igra_01_60_20_0.001,uniform,igra_01,60.0,20.0,0.001,HCOOH,141.38850666612635,660.0291293055649,660.4953306117542,0.3059539664934943,0.30573801320479965,0.12795317544345866,0.14041493646944933,0.15754767977833165
uniform_igra_01_60_20_0.001,uniform,igra_01,60.0,20.0,0.001,PM2.5,3363075599488.3926,15699492922439.314,,,,0.12500000000012282,0.12500000000061395,0.12500000000122835
uniform_igra_01_60_20_0.001,uniform,igra_01,60.0,20.0,0.001,PMcoarse,116840978723.97304,545436480466.5546,,,,0.12500000000353526,0.12500000001767772,0.12500000003535558
uniform_igra_01_60_20_0.001,uniform,igra_01,60.0,20.0,0.001,PM10,3246237542371.3,15154070080603.584,,,,0.12500000000012731,0.12500000000063605,0.12500000000127245
uniform_igra_01_60_100_0,uniform,igra_01,60.0,100.0,0.0,H2CO,0.6618707917630876,3.0897419648950604,3.0897603103613958,0.0021938525913914987,0.0021938395653814473,6.520684758335116,99.99970647861112,100.0
uniform_igra_01_60_100_0,uniform,igra_01,60.0,100.0,0.0,CH3OH,0.6644501257660788,3.101782799163171,3.1017998584669377,0.002063831748890193,0.002063820398211769,6.446465855621843,99.99966290438722,100.0
uniform_igra_01_60_100_0,uniform,igra_01,60.0,100.0,0.0,CH3CN,0.055653568960793584,0.2598017160665028,0.2598030359957249,0.00013492097035235938,0.00013492028488642263,100.0,100.0,100.0
uniform_igra_01_60_100_0,uniform,igra_01,60.0,100.0,0.0,CH3Cl,0.39825387183439415,1.8591267597877572,1.8591326843310654,0.0007851057513069506,0.0007851032493913722,30.419244139597335,100.0,100.0
uniform_igra_01_60_100_0,uniform,igra_01,60.0,100.0,0.0,HCOOH,7.012979659408963,32.73795704885458,32.73826180523565,0.015164983901002103,0.015164842732065274,0.19836591113022864,1.0433625486797162,5.508672481834418
uniform_igra_01_60_100_0,uniform,igra_01,60.0,100.0,0.0,PM2.5,148525911262.48355,693347926231.2545,,,,0.12500000000278108,0.12500000001390651,0.12500000002781306
uniform_igra_01_60_100_0,uniform,igra_01,60.0,100.0,0.0,PMcoarse,5150390409.1321335,24043027099.44131,,,,0.12500000008020742,0.12500000040103762,0.12500000080207532
uniform_igra_01_60_100_0,uniform,igra_01,60.0,100.0,0.0,PM10,143375596201.308,669305250870.7725,,,,0.1250000000028813,0.12500000001440612,0.12500000002881217
uniform_igra_01_60_100_0.0001,uniform,igra_01,60.0,100.0,0.0001,H2CO,1.6411641730426045,7.661274496226878,7.661292591512688,0.005439822159969643,0.005439809311597705,0.7888844095279682,50.92850901062612,99.89293268740992
uniform_igra_01_60_100_0.0001,uniform,igra_01,60.0,100.0,0.0001,CH3OH,1.6164593989927252,7.545947791883524,7.5459669139697345,0.005020828810284018,0.005020816087100566,0.8092753291423791,52.783895089368635,99.92192885031417
uniform_igra_01_60_100_0.0001,uniform,igra_01,60.0,100.0,0.0001,CH3CN,0.1489745059632969,0.6954420538005349,0.6954434748353248,0.0003611578598009248,0.0003611571218288222,99.98875271230932,100.0,100.0
uniform_igra_01_60_100_0.0001,uniform,igra_01,60.0,100.0,0.0001,CH3Cl,1.0095698953764538,4.7128692050757275,4.7128777249817775,0.0019902331007756696,0.001990229502846755,2.1035324534055677,97.31508684350901,99.99999999970464
uniform_igra_01_60_100_0.0001,uniform,igra_01,60.0,100.0,0.0001,HCOOH,18.15688948378087,84.75990191463265,84.76086635906428,0.039262841180060265,0.03926239443110438,0.14974255316070875,0.2998330782057392,0.6706965907527023
uniform_igra_01_60_100_0.0001,uniform,igra_01,60.0,100.0,0.0001,PM2.5,389459674220.02386,1818073729868.8516,,,,0.1250000000010604,0.12500000000530337,0.1250000000106069
uniform_igra_01_60_100_0.0001,uniform,igra_01,60.0,100.0,0.0001,PMcoarse,13516478895.572002,63097560099.337105,,,,0.12500000003056264,0.1250000001528134,0.1250000003056269
uniform_igra_01_60_100_0.0001,uniform,igra_01,60.0,100.0,0.0001,PM10,375943513903.17194,1754977656957.1238,,,,0.12500000000109865,0.12500000000549408,0.125000000010988
uniform_igra_01_60_100_0.001,uniform,igra_01,60.0,100.0,0.001,H2CO,11.027050262680767,51.47642163639586,51.47695772912081,0.036550685414744384,0.03655030476760813,0.1680383662713799,0.5086231930208269,1.7151976494049856
uniform_igra_01_60_100_0.001,uniform,igra_01,60.0,100.0,0.001,CH3OH,11.72793954345634,54.74830951920873,54.74900534292586,0.036428119350916395,0.036427656373566285,0.16512857536859898,0.47019717436587355,1.497780816663703
uniform_igra_01_60_100_0.001,uniform,igra_01,60.0,100.0,0.001,CH3CN,1.2336650737480515,5.758989211219173,5.759050142050333,0.002990791198783797,0.0029907595561710276,1.3457489256398147,84.84063645736263,99.99998138350192
uniform_igra_01_60_100_0.001,uniform,igra_01,60.0,100.0,0.001,CH3Cl,6.727122249241792,31.403518896935243,31.404856600620054,0.013262169905311722,0.013261604997349347,0.2022125211041128,1.130142550950196,6.2168488697096755
uniform_igra_01_60_100_0.001,uniform,igra_01,60.0,100.0,0.001,HCOOH,101.01866726700598,471.57484417949854,471.9649965990916,0.21862313942755207,0.21844241342574827,0.12915108611670034,0.14704649046289214,0.172588288940727
uniform_igra_01_60_100_0.001,uniform,igra_01,60.0,100.0,0.001,PM2.5,3016505028011.2993,14081633890409.799,,,,0.12500000000013667,0.12500000000068456,0.12500000000136913
uniform_igra_01_60_100_0.001,uniform,igra_01,60.0,100.0,0.001,PMcoarse,104958750277.79886,489967920252.8334,,,,0.12500000000393563,0.12500000001967906,0.12500000003935802
uniform_igra_01_60_100_0.001,uniform,igra_01,60.0,100.0,0.001,PM10,2911548759756.7256,13591677556725.54,,,,0.12500000000014147,0.1250000000007092,0.12500000000141878
uniform_igra_01_90_2_0,uniform,igra_01,90.0,2.0,0.0,H2CO,4.9434452695266495,23.076966819659386,23.077853310001412,0.01638619284418783,0.01638556340082047,0.2393311935564712,2.2115182113143184,15.85437927535463
uniform_igra_01_90_2_0,uniform,igra_01,90.0,2.0,0.0,CH3OH,4.9798885155187556,23.24709100081393,23.247922494844868,0.015468374082753785,0.015467820835007843,0.23822904776704712,2.172787340209971,15.498991485402186
uniform_igra_01_90_2_0,uniform,igra_01,90.0,2.0,0.0,CH3CN,0.41810113719161024,1.951777666015613,1.9518422173697925,0.0010136311338046356,0.001013597610981047,26.383210366925514,100.0,100.0
uniform_igra_01_90_2_0,uniform,igra_01,90.0,2.0,0.0,CH3Cl,2.973098593973562,13.879004189172202,13.87929009651957,0.005861179554678133,0.005861058816925173,0.3604933808261386,8.98637845971168,63.312927005199924
uniform_igra_01_90_2_0,uniform,igra_01,90.0,2.0,0.0,HCOOH,52.388499856005396,244.55973657912665,244.57440739950923,0.11329150499424291,0.11328470919194163,0.13311679421489378,0.17062953741669096,0.23095683154542773
uniform_igra_01_90_2_0,uniform,igra_01,90.0,2.0,0.0,PM2.5,1110534197008.8933,5184190259868.145,,,,0.12500000000037195,0.12500000000185982,0.12500000000371975
uniform_igra_01_90_2_0,uniform,igra_01,90.0,2.0,0.0,PMcoarse,38510877235.73725,179776287125.79675,,,,0.12500000001072675,0.12500000005363404,0.12500000010726833
uniform_igra_01_90_2_0,uniform,igra_01,90.0,2.0,0.0,PM10,1072023884211.7236,5004416607651.685,,,,0.12500000000038514,0.12500000000192674,0.12500000000385333
uniform_igra_01_90_2_0.0001,uniform,igra_01,90.0,2.0,0.0001,H2CO,5.245773251323389,24.488292812805458,24.48917321098616,0.017388286052413306,0.017387660934722552,0.2307749094268743,1.9217132002216541,13.19875884377329
uniform_igra_01_90_2_0.0001,uniform,igra_01,90.0,2.0,0.0001,CH3OH,5.277355911968063,24.635726833419888,24.636565327223913,0.016392329623440782,0.016391771718284757,0.2299526929414462,1.8951725842869656,12.956429931201146
uniform_igra_01_90_2_0.0001,uniform,igra_01,90.0,2.0,0.0001,CH3CN,0.4483075922814711,2.0927872906483134,2.0928519160080645,0.0010868603218179831,0.0010868267605618047,21.3967545335436,99.99999999999997,100.0
uniform_igra_01_90_2_0.0001,uniform,igra_01,90.0,2.0,0.0001,CH3Cl,3.1665011940229157,14.781845252607733,14.782133814852681,0.006242447552260414,0.0062423256933527484,0.33892414091584566,7.432567776079795,55.358270601297335
uniform_igra_01_90_2_0.0001,uniform,igra_01,90.0,2.0,0.0001,HCOOH,55.977229275735155,261.3126255519966,261.3272953586194,0.1210517604930418,0.12104496516033326,0.13258231035304316,0.16730164405454367,0.2222681785109267
uniform_igra_01_90_2_0.0001,uniform,igra_01,90.0,2.0,0.0001,PM2.5,1188952268015.6536,5550261112081.298,,,,0.1250000000003473,0.12500000000173714,0.12500000000347436
uniform_igra_01_90_2_0.0001,uniform,igra_01,90.0,2.0,0.0001,PMcoarse,41234702883.86945,192491636578.93286,,,,0.12500000001001804,0.12500000005009115,0.12500000010018253
uniform_igra_01_90_2_0.0001,uniform,igra_01,90.0,2.0,0.0001,PM10,1147718224800.0452,5357772554962.487,,,,0.12500000000035974,0.12500000000179962,0.1250000000035991
uniform_igra_01_90_2_0.001,uniform,igra_01,90.0,2.0,0.001,H2CO,17.803901982414683,83.11208740215157,83.11308230311242,0.05901359091763686,0.05901288449842246,0.15027541991023768,0.30486341909287196,0.6914653564562285
uniform_igra_01_90_2_0.001,uniform,igra_01,90.0,2.0,0.001,CH3OH,17.527237238809676,81.82056241092745,81.82170819272521,0.05444137172668423,0.05444060936258615,0.15070934610229822,0.30900351706471907,0.7087439247520231
uniform_igra_01_90_2_0.001,uniform,igra_01,90.0,2.0,0.001,CH3CN,1.6391733387247944,7.651980893285878,7.652067173473887,0.003973873223958482,0.003973828416912083,0.7904881515788155,51.07607998266681,99.89555564001495
uniform_igra_01_90_2_0.001,uniform,igra_01,90.0,2.0,0.001,CH3Cl,10.968290970258101,51.20212179738614,51.202967319712485,0.02162284836660401,0.021622491305245847,0.16830147177418395,0.5122006766177221,1.735942598019224
uniform_igra_01_90_2_0.001,uniform,igra_01,90.0,2.0,0.001,HCOOH,196.76469095477864,918.5359596140021,918.7129408808942,0.42556526186350385,0.42548328078340975,0.12711566629570326,0.13590988162614628,0.14768331341069665
uniform_igra_01_90_2_0.001,uniform,igra_01,90.0,2.0,0.001,PM2.5,4264023699273.5327,19905294397200.594,,,,0.12500000000009662,0.1250000000004842,0.12500000000096867
uniform_igra_01_90_2_0.001,uniform,igra_01,90.0,2.0,0.001,PMcoarse,148011989750.00656,690948840362.0432,,,,0.125000000002791,0.1250000000139547,0.12500000002790967
uniform_igra_01_90_2_0.001,uniform,igra_01,90.0,2.0,0.001,PM10,4116015322077.6797,19214362420946.027,,,,0.12500000000010023,0.12500000000050165,0.12500000000100342
uniform_igra_01_90_20_0,uniform,igra_01,90.0,20.0,0.0,H2CO,1.45144544579429,6.7756304696274725,6.7757068694866405,0.004811021108751884,0.004810966861816141,0.9788097773001303,66.33051404754107,99.99447600632199
uniform_igra_01_90_20_0,uniform,igra_01,90.0,20.0,0.0,CH3OH,1.4621455498399392,6.8255806425464485,6.8256523108742,0.0045415560606255154,0.004541508374966558,0.9656982977911762,65.40547278023972,99.99321625817656
uniform_igra_01_90_20_0,uniform,igra_01,90.0,20.0,0.0,CH3CN,0.12275871754746141,0.5730616396483266,0.5730672036588854,0.0002976053874753114,0.0002976024979721123,99.99998494199417,100.0,100.0
uniform_igra_01_90_20_0,uniform,igra_01,90.0,20.0,0.0,CH3Cl,0.8729317972118606,4.075015909301785,4.075040553942533,0.001720876515524495,0.0017208661081719945,3.0205868347293423,99.65794605254388,100.0
uniform_igra_01_90_20_0,uniform,igra_01,90.0,20.0,0.0,HCOOH,15.381793026652817,71.80521032387686,71.80647420537763,0.033262120994405564,0.03326153554051904,0.15465564352292782,0.3484920573261139,0.8816826743569915
uniform_igra_01_90_20_0,uniform,igra_01,90.0,20.0,0.0,PM2.5,326064028273.5054,1522130488211.6487,,,,0.12500000000126676,0.1250000000063344,0.12500000001266917
uniform_igra_01_90_20_0,uniform,igra_01,90.0,20.0,0.0,PMcoarse,11307181531.156834,52784129041.92162,,,,0.1250000000365342,0.1250000001826716,0.12500000036534303
uniform_igra_01_90_20_0,uniform,igra_01,90.0,20.0,0.0,PM10,314757012467.2382,1469347132805.8394,,,,0.1250000000013123,0.1250000000065619,0.12500000001312428
uniform_igra_01_90_20_0.0001,uniform,igra_01,90.0,20.0,0.0001,H2CO,2.2707171067328313,10.6001503955002,10.60022419487288,0.007526580376240466,0.00752652797575346,0.48979485748045565,20.571097520502203,91.62918841520151
uniform_igra_01_90_20_0.0001,uniform,igra_01,90.0,20.0,0.0001,CH3OH,2.257758160607485,10.53965550712835,10.53973102756236,0.007012777262230348,0.007012727013511375,0.49339507710690517,20.93279652172994,92.01128282982516
uniform_igra_01_90_20_0.0001,uniform,igra_01,90.0,20.0,0.0001,CH3CN,0.20203154872889487,0.9431226790920926,0.9431283330137149,0.0004897856153578877,0.0004897826791620551,97.29715630845817,100.0,100.0
uniform_igra_01_90_20_0.0001,uniform,igra_01,90.0,20.0,0.0001,CH3Cl,1.3892050156037083,6.485080000463097,6.485106938469265,0.002738639795935168,0.0027386284201018295,1.062521514225505,71.7638112094543,99.99851020148809
uniform_igra_01_90_20_0.0001,uniform,igra_01,90.0,20.0,0.0001,HCOOH,24.872679934056794,116.1105217635387,116.11209401364042,0.05378532455094785,0.053784596254875736,0.14265527316721444,0.2383896246801198,0.4379835590159454
uniform_igra_01_90_20_0.0001,uniform,igra_01,90.0,20.0,0.0001,PM2.5,531266326483.8755,2480054844390.876,,,,0.1250000000007774,0.1250000000038878,0.12500000000777564
uniform_igra_01_90_20_0.0001,uniform,igra_01,90.0,20.0,0.0001,PMcoarse,18433348854.65471,86050468185.8863,,,,0.1250000000224102,0.12500000011205212,0.1250000002241045
uniform_igra_01_90_20_0.0001,uniform,igra_01,90.0,20.0,0.0001,PM10,512833367729.9595,2394006197271.3335,,,,0.12500000000080547,0.12500000000402756,0.12500000000805497
uniform_igra_01_90_20_0.001,uniform,igra_01,90.0,20.0,0.001,H2CO,14.808201307355082,69.12757228955658,69.12837549314267,0.04908389340290831,0.04908332309644704,0.15592391275062564,0.3619002775386038,0.9436247797997349
uniform_igra_01_90_20_0.001,uniform,igra_01,90.0,20.0,0.001,CH3OH,15.054802529858227,70.27875489988564,70.27982181845772,0.04676179450435834,0.04676108461315871,0.15536564621790908,0.3559545451641289,0.9159620358929282
uniform_igra_01_90_20_0.001,uniform,igra_01,90.0,20.0,0.001,CH3CN,1.5015276193771692,7.009423825276212,7.0095104682008476,0.003640180533072144,0.0036401355376492798,0.920286989327788,62.042631585321,99.98618390803026
uniform_igra_01_90_20_0.001,uniform,igra_01,90.0,20.0,0.001,CH3Cl,9.084861130917693,42.40990391291934,42.41189138043933,0.017910405280497498,0.017909565979357975,0.17883362729848934,0.6699670278296929,2.726457704752014
uniform_igra_01_90_20_0.001,uniform,igra_01,90.0,20.0,0.001,HCOOH,152.3873543901899,711.3738959903196,711.9536560135876,0.3297904389651798,0.3295218831245671,0.12773790669401405,0.13924674086713124,0.15496215498780394
uniform_igra_01_90_20_0.001,uniform,igra_01,90.0,20.0,0.001,PM2.5,3787396233909.537,17680304414739.133,,,,0.12500000000010908,0.12500000000054526,0.12500000000109052
uniform_igra_01_90_20_0.001,uniform,igra_01,90.0,20.0,0.001,PMcoarse,131627466646.60341,614462690440.6582,,,,0.12500000000313807,0.12500000001569198,0.1250000000313838
uniform_igra_01_90_20_0.001,uniform,igra_01,90.0,20.0,0.001,PM10,3655772036437.9663,17065856985445.236,,,,0.12500000000011277,0.1250000000005649,0.12500000000112996
uniform_igra_01_90_100_0,uniform,igra_01,90.0,100.0,0.0,H2CO,0.6446752712008437,3.009469920637216,3.0094849917238773,0.0021368539254344302,0.002136843224364054,7.048709695996257,99.99988911503976,100.0
uniform_igra_01_90_100_0,uniform,igra_01,90.0,100.0,0.0,CH3OH,0.6494278371325805,3.0316558254738717,3.0316699635665203,0.0020171697106394883,0.00201716030363523,6.896755914508115,99.99985355465645,100.0
uniform_igra_01_90_100_0,uniform,igra_01,90.0,100.0,0.0,CH3CN,0.05452462130480419,0.2545315681882612,0.25453266581545064,0.00013218396053985495,0.00013218339051985917,100.0,100.0,100.0
uniform_igra_01_90_100_0,uniform,igra_01,90.0,100.0,0.0,CH3Cl,0.3877221417958036,1.8099625895778915,1.809967451329705,0.0007643434315870953,0.0007643413784849458,32.84580923619389,100.0,100.0
uniform_igra_01_90_100_0,uniform,igra_01,90.0,100.0,0.0,HCOOH,6.831990684346335,31.893065208341834,31.893314507027473,0.014773588284131783,0.014773472804251491,0.20075610867043076,1.09675354113164,5.942258259391324
uniform_igra_01_90_100_0,uniform,igra_01,90.0,100.0,0.0,PM2.5,144824884527.12073,676070811483.5437,,,,0.12500000000285216,0.12500000001426198,0.125000000028524
uniform_igra_01_90_100_0,uniform,igra_01,90.0,100.0,0.0,PMcoarse,5022207658.92805,23444645017.303772,,,,0.12500000008225476,0.1250000004112734,0.12500000082254684
uniform_igra_01_90_100_0,uniform,igra_01,90.0,100.0,0.0,PM10,139802750476.71512,652626510085.1813,,,,0.12500000000295472,0.12500000001477438,0.12500000002954875
uniform_igra_01_90_100_0.0001,uniform,igra_01,90.0,100.0,0.0001,H2CO,1.8421650401308514,8.599585752368768,8.59960091312109,0.0061060583518132835,0.006106047587076725,0.6559878003826092,37.86060703389778,99.19149582549541
uniform_igra_01_90_100_0.0001,uniform,igra_01,90.0,100.0,0.0001,CH3OH,1.814146487333888,8.468789682426173,8.468806426775892,0.005634854721872344,0.005634843580753594,0.671575800491433,39.46481854455984,99.35929163389918
uniform_igra_01_90_100_0.0001,uniform,igra_01,90.0,100.0,0.0001,CH3CN,0.16823518329243362,0.7853546526895309,0.7853559001774186,0.00040785120049802507,0.00040785055265233814,99.8253873476822,100.0,100.0
uniform_igra_01_90_100_0.0001,uniform,igra_01,90.0,100.0,0.0001,CH3Cl,1.134121807007656,5.294301824499391,5.294310589222261,0.0022357703287322235,0.002235766627417954,1.6112763935376746,91.7028193496678,99.99999965646244
uniform_igra_01_90_100_0.0001,uniform,igra_01,90.0,100.0,0.0001,HCOOH,20.385910747110618,95.16540797965708,95.16671941928163,0.04408302971276828,0.04408242222905666,0.14683467418729693,0.27341081106761583,0.5657668661692259
uniform_igra_01_90_100_0.0001,uniform,igra_01,90.0,100.0,0.0001,PM2.5,438830473268.80115,2048546250426.9275,,,,0.12500000000094114,0.12500000000470662,0.12500000000941344
uniform_igra_01_90_100_0.0001,uniform,igra_01,90.0,100.0,0.0001,PMcoarse,15231006554.24057,71101309657.23833,,,,0.1250000000271222,0.12500000013561163,0.12500000027122288
uniform_igra_01_90_100_0.0001,uniform,igra_01,90.0,100.0,0.0001,PM10,423599831629.6804,1977446644264.6514,,,,0.12500000000097514,0.12500000000487577,0.1250000000097521
uniform_igra_01_90_100_0.001,uniform,igra_01,90.0,100.0,0.001,H2CO,12.143762894600227,56.68945403563338,56.68995641390292,0.04025212161844525,0.040251764909911975,0.16358009695927103,0.45058832470281257,1.390793739360462
uniform_igra_01_90_100_0.001,uniform,igra_01,90.0,100.0,0.001,CH3OH,13.130383383254227,61.29519093346387,61.29583286352501,0.04078415491350703,0.04078372779515601,0.16034209506062158,0.41142734992648194,1.185645603821819
uniform_igra_01_90_100_0.001,uniform,igra_01,90.0,100.0,0.001,CH3CN,1.403228955860607,6.5505464891859155,6.550605239052131,0.0034018617675534244,0.0034018312575598538,1.0424733283407186,70.5356295087542,99.99796156324317
uniform_igra_01_90_100_0.001,uniform,igra_01,90.0,100.0,0.001,CH3Cl,7.394167229686942,34.51741498391003,34.51865092688267,0.014577115231451982,0.014576593296710969,0.1937884977943394,0.9459256067372489,4.736833563420004
uniform_igra_01_90_100_0.001,uniform,igra_01,90.0,100.0,0.001,HCOOH,105.61178215289128,493.0164004305315,493.37626900429115,0.22854124696962366,0.22837454901968335,0.12896796284408504,0.1460182703628346,0.17021600596552897
uniform_igra_01_90_100_0.001,uniform,igra_01,90.0,100.0,0.001,PM2.5,3397651856002.5513,15860901632523.338,,,,0.1250000000001216,0.12500000000060774,0.12500000000121586
uniform_igra_01_90_100_0.001,uniform,igra_01,90.0,100.0,0.001,PMcoarse,118264461165.19211,552081574176.1742,,,,0.12500000000349282,0.125000000017465,0.1250000000349301
uniform_igra_01_90_100_0.001,uniform,igra_01,90.0,100.0,0.001,PM10,3279390117133.1016,15308832766554.719,,,,0.12500000000012595,0.12500000000062944,0.1250000000012597
